{
"type": "FeatureCollection",
"name": "10104",
"crs": { "type": "name", "properties": { "name": "urn:ogc:def:crs:OGC:1.3:CRS84" } },
"features": [
{ "type": "Feature", "properties": { "capa": "comuna", "popup": "", "etiqueta": "" }, "geometry": { "type": "MultiPolygon", "coordinates": [ [ [ [ -73.899833634498449, -41.174404691199513 ], [ -73.899837249319148, -41.174378461880856 ], [ -73.899875937063499, -41.17435897194391 ], [ -73.899901054857168, -41.17435248408718 ], [ -73.899957308258578, -41.174347253231105 ], [ -73.90001577241388, -41.17434924928687 ], [ -73.900068022922397, -41.174355351050522 ], [ -73.900121672107801, -41.174366590357025 ], [ -73.90014486840505, -41.174373695555907 ], [ -73.900174371773929, -41.174409369620086 ], [ -73.90018676493159, -41.174428864951423 ], [ -73.900203062167478, -41.17444295294824 ], [ -73.900210379843784, -41.174461757900524 ], [ -73.900226449805899, -41.174476804022234 ], [ -73.900247921337822, -41.174485656430512 ], [ -73.90030189661168, -41.174490011636429 ], [ -73.900355969801865, -41.174488444276236 ], [ -73.900380762405391, -41.174488839159039 ], [ -73.900434934410299, -41.174481345851476 ], [ -73.900459139515618, -41.174478693915489 ], [ -73.900481590211214, -41.174466895436098 ], [ -73.900494803530719, -41.174449885039458 ], [ -73.900520475584926, -41.17443555565152 ], [ -73.90054490976064, -41.17443194490491 ], [ -73.900597030911754, -41.174433080193978 ], [ -73.9006530875821, -41.174439697191154 ], [ -73.900678464988871, -41.174443140923401 ], [ -73.900703255795776, -41.174443536482698 ], [ -73.900729907013627, -41.174408557539898 ], [ -73.900733978178494, -41.174380409251413 ], [ -73.900727115049719, -41.174359685979994 ], [ -73.900693023086362, -41.174332297010388 ], [ -73.900675456531005, -41.174318038594691 ], [ -73.900625941392533, -41.174300432452576 ], [ -73.900600434628345, -41.174292022911423 ], [ -73.900577047888248, -41.174258170389621 ], [ -73.900558994445987, -41.17423493848208 ], [ -73.900546539304571, -41.174193661559826 ], [ -73.900541401839462, -41.174171193704318 ], [ -73.900533271187825, -41.174150297266507 ], [ -73.900516487065062, -41.174127236392451 ], [ -73.900497880260588, -41.174111846018363 ], [ -73.900451457123324, -41.174086742411113 ], [ -73.900429855335673, -41.174072926159432 ], [ -73.900420813792365, -41.174055864271295 ], [ -73.900420751808596, -41.174034084037359 ], [ -73.900427261899452, -41.174012205750969 ], [ -73.900435397940981, -41.173994506890828 ], [ -73.900460972078818, -41.173986102043614 ], [ -73.90048553471361, -41.173987456420889 ], [ -73.900511953267809, -41.173992030740436 ], [ -73.900540809849687, -41.174002873871167 ], [ -73.900558376405058, -41.174017134383995 ], [ -73.900584694347941, -41.174027632661868 ], [ -73.900614334260737, -41.174029675383395 ], [ -73.900639094524919, -41.17401918116289 ], [ -73.900652175792089, -41.173997205502417 ], [ -73.900653968829388, -41.173978644515756 ], [ -73.900632497297465, -41.173969793391301 ], [ -73.90061142102428, -41.173937243015857 ], [ -73.900609404306465, -41.173918168119137 ], [ -73.90060358412174, -41.173898573914222 ], [ -73.900562236465831, -41.173874160600462 ], [ -73.900538226294941, -41.173864963936147 ], [ -73.900527330628847, -41.173844681368315 ], [ -73.900529351838244, -41.173825162873122 ], [ -73.900535166633063, -41.173806872984422 ], [ -73.900548272154765, -41.173787937342084 ], [ -73.90056402231663, -41.173771271619174 ], [ -73.900586799100665, -41.173752591561374 ], [ -73.90063368307365, -41.173737181490139 ], [ -73.900689383112848, -41.173739792209361 ], [ -73.900739907059361, -41.173747638566084 ], [ -73.900789064668345, -41.173761236481283 ], [ -73.900844012817629, -41.173783537461787 ], [ -73.900872641227437, -41.173795340121345 ], [ -73.900930681377929, -41.173810142972634 ], [ -73.900983288517608, -41.17382025113006 ], [ -73.901035896555598, -41.17383035928593 ], [ -73.901085737782509, -41.173841082084145 ], [ -73.901110202500945, -41.173848360441021 ], [ -73.901126501533454, -41.173862447210354 ], [ -73.901150965353594, -41.173869726917239 ], [ -73.901206664494481, -41.173872336278798 ], [ -73.901238028274292, -41.173872633119871 ], [ -73.90126164857638, -41.173866932959591 ], [ -73.90130492401687, -41.173839157687496 ], [ -73.901341140495873, -41.173802506914242 ], [ -73.901356076784111, -41.173783751809751 ], [ -73.901376672458625, -41.173768733252125 ], [ -73.901405369140377, -41.17376372007832 ], [ -73.901435919046548, -41.17376192821007 ], [ -73.901463802752957, -41.173754826325705 ], [ -73.901489019361307, -41.173742413071125 ], [ -73.90153047122179, -41.173722308299915 ], [ -73.901553506720603, -41.173713557891233 ], [ -73.901580477738705, -41.173710290602877 ], [ -73.901605367360276, -41.173704761501327 ], [ -73.901629574262245, -41.173702108181544 ], [ -73.901659766638929, -41.173696309284537 ], [ -73.901706262539733, -41.173666002330812 ], [ -73.901724094098128, -41.173651597715704 ], [ -73.901748495934484, -41.173637095051603 ], [ -73.901800554203518, -41.17361645065786 ], [ -73.901847081545355, -41.173597032845265 ], [ -73.901874377753572, -41.173586882730319 ], [ -73.901899040999709, -41.17358231176339 ], [ -73.901926370445594, -41.173583050826565 ], [ -73.901984477071437, -41.173581039195319 ], [ -73.90204027412868, -41.17357772524403 ], [ -73.902092491399515, -41.173572935870745 ], [ -73.902146694845442, -41.1735763316399 ], [ -73.902170119314789, -41.17358247877948 ], [ -73.902196764244437, -41.173586094306181 ], [ -73.902231934186119, -41.17358690774892 ], [ -73.902255654201198, -41.173575282210663 ], [ -73.902270132348633, -41.173558444008087 ], [ -73.902283738231915, -41.173517736002488 ], [ -73.902288295385361, -41.173498561585248 ], [ -73.902298740097166, -41.173482164908208 ], [ -73.90232375997445, -41.173481601650629 ], [ -73.90235200031205, -41.173478506776497 ], [ -73.902407796470982, -41.173475190791486 ], [ -73.90243698003961, -41.173479151175705 ], [ -73.902469550256868, -41.173457839342667 ], [ -73.902477167072149, -41.173420277541275 ], [ -73.902482180569763, -41.173399186123937 ], [ -73.902491227502992, -41.173377651801481 ], [ -73.902512994580633, -41.173368730949193 ], [ -73.902539281082468, -41.173368338088174 ], [ -73.902570288231132, -41.173364629236538 ], [ -73.902591012364738, -41.17335457577947 ], [ -73.902601102242016, -41.173334172693366 ], [ -73.902603805272705, -41.173311778246841 ], [ -73.902601562179441, -41.173293659288682 ], [ -73.902594994596399, -41.173255163585907 ], [ -73.902596201033816, -41.173233554836081 ], [ -73.902619272465259, -41.173197099816932 ], [ -73.902633621255305, -41.173175295631076 ], [ -73.902648915971341, -41.173160547407107 ], [ -73.902672275761986, -41.173144914056223 ], [ -73.902703381725331, -41.173135279122818 ], [ -73.902724105858937, -41.173125225630557 ], [ -73.902739855122476, -41.173108559739056 ], [ -73.902736799053883, -41.17308835334579 ], [ -73.902730749798778, -41.17306971907378 ], [ -73.902710189158554, -41.173057032511053 ], [ -73.90268653741542, -41.173051843474923 ], [ -73.902662202054387, -41.173049531601656 ], [ -73.902638322139182, -41.173045301394005 ], [ -73.902621211927951, -41.173029125039619 ], [ -73.902601919708928, -41.173016610896084 ], [ -73.902551038232914, -41.173004758058596 ], [ -73.902521171046359, -41.173003674810985 ], [ -73.902465441362764, -41.172990175461479 ], [ -73.902433592492685, -41.172980904968909 ], [ -73.90241176343126, -41.172968047314228 ], [ -73.902392799097299, -41.172948648918791 ], [ -73.90237562420738, -41.172910692609335 ], [ -73.902370782288017, -41.172870449417147 ], [ -73.90237257352868, -41.17285188946358 ], [ -73.902378399103299, -41.172832887955131 ], [ -73.902388943528109, -41.172810567041601 ], [ -73.902417902517925, -41.172776890239007 ], [ -73.902433879055252, -41.172759265425661 ], [ -73.902456690873578, -41.172712878976967 ], [ -73.902465966877202, -41.172690386947032 ], [ -73.90248008839346, -41.17266954075091 ], [ -73.902496293102871, -41.172650957073841 ], [ -73.90250846168172, -41.172632816294914 ], [ -73.902519886455494, -41.172595769952508 ], [ -73.902522885031914, -41.17255560297626 ], [ -73.902523406953108, -41.172536870505233 ], [ -73.902520351782826, -41.17251666393561 ], [ -73.902539678137842, -41.17250147198294 ], [ -73.902562486362896, -41.172493680248301 ], [ -73.902575468815371, -41.172477629529055 ], [ -73.902585329622255, -41.17245818433129 ], [ -73.902599518512176, -41.172420524585277 ], [ -73.902608338171632, -41.172399948779642 ], [ -73.902631243414746, -41.172386234277013 ], [ -73.90265750027217, -41.172374951354549 ], [ -73.902681348746356, -41.172368291548786 ], [ -73.90270568770066, -41.172332008476964 ], [ -73.902713759961799, -41.172292529026102 ], [ -73.902725866556878, -41.172252607321731 ], [ -73.902730197334876, -41.172234392051315 ], [ -73.902744448208537, -41.172218512345246 ], [ -73.902762278868607, -41.172204107411829 ], [ -73.902769601934793, -41.17218431862684 ], [ -73.902772889768741, -41.172164972742465 ], [ -73.902770873949265, -41.172145895301099 ], [ -73.902763783546717, -41.172126130841527 ], [ -73.902715864714523, -41.172101814915329 ], [ -73.902663584561608, -41.172084824866559 ], [ -73.902641885755912, -41.172076931653294 ], [ -73.902607564722175, -41.17205050327766 ], [ -73.902588958816011, -41.172035113091866 ], [ -73.902568170003704, -41.172023385172821 ], [ -73.902515891647425, -41.172006395103722 ], [ -73.902489115563768, -41.171997814190767 ], [ -73.902449851100997, -41.171975662041469 ], [ -73.902404568824167, -41.171945766094801 ], [ -73.902379388148432, -41.171930474608963 ], [ -73.902362863638785, -41.171917345593585 ], [ -73.902346890694702, -41.171896375407663 ], [ -73.902339899106863, -41.171870685365491 ], [ -73.90234439427654, -41.171829730851762 ], [ -73.902350903469085, -41.171807851829186 ], [ -73.902364571336122, -41.171788925075759 ], [ -73.9023809036063, -41.171775306465278 ], [ -73.90243448811303, -41.171764764549835 ], [ -73.90249145387844, -41.171767546425549 ], [ -73.902545198285253, -41.171772859307502 ], [ -73.9026114041217, -41.171780853986974 ], [ -73.902666874192178, -41.171784422279309 ], [ -73.902721887020164, -41.171789906913908 ], [ -73.902749801269309, -41.17179369564596 ], [ -73.902781162354202, -41.171793992496461 ], [ -73.902836342268841, -41.171776739327143 ], [ -73.902881599392856, -41.171757149215125 ], [ -73.902938016287635, -41.171729178303579 ], [ -73.902959652211266, -41.171715289877682 ], [ -73.902971594414637, -41.171698106336073 ], [ -73.902980252377361, -41.171661674805627 ], [ -73.902980774298527, -41.171642943431408 ], [ -73.902987511663156, -41.171620106172696 ], [ -73.902999909312399, -41.171601006934324 ], [ -73.903020634344315, -41.171590953206604 ], [ -73.903073209144651, -41.171590170168031 ], [ -73.903127735984057, -41.171586682332837 ], [ -73.903151712917321, -41.171584987777706 ], [ -73.903207865707415, -41.171585679529493 ], [ -73.903256048644309, -41.171581332244841 ], [ -73.903308363831513, -41.171570616514963 ], [ -73.903334163446473, -41.171561253182205 ], [ -73.903387421864736, -41.171557592914638 ], [ -73.903418199044665, -41.17155484145897 ], [ -73.903471130476149, -41.171558064901824 ], [ -73.903528909216917, -41.171562935566342 ], [ -73.903583695669454, -41.171569379746373 ], [ -73.903611152676135, -41.171575084839972 ], [ -73.903636170756783, -41.171574520213582 ], [ -73.903678890140114, -41.171554586531734 ], [ -73.903714420306244, -41.1715208117107 ], [ -73.903743249040332, -41.171482168906934 ], [ -73.903755191243718, -41.171464985304134 ], [ -73.903771916077687, -41.171427670525816 ], [ -73.903779109786484, -41.171402916162116 ], [ -73.903779274178177, -41.171380176868965 ], [ -73.90377416725579, -41.171361286506908 ], [ -73.903761861234713, -41.171343338088306 ], [ -73.903760195758167, -41.171322450891481 ], [ -73.903772464948318, -41.171302202698953 ], [ -73.903787369795523, -41.171284815512081 ], [ -73.903802788479055, -41.171244333973981 ], [ -73.903814833988704, -41.171197132980225 ], [ -73.903821854322658, -41.171178049847391 ], [ -73.903834061529039, -41.171161549130446 ], [ -73.903845013788981, -41.171139869364808 ], [ -73.903858455280584, -41.171121659194654 ], [ -73.90387467615966, -41.171105702807829 ], [ -73.903896083012896, -41.171092329517428 ], [ -73.903931527839049, -41.171065207634953 ], [ -73.903944394408867, -41.171049422314162 ], [ -73.903966088722981, -41.171034835900784 ], [ -73.904020222998639, -41.17101275442743 ], [ -73.904059762345852, -41.170989319183576 ], [ -73.90407949294277, -41.170978366008754 ], [ -73.90410186817985, -41.170944843791645 ], [ -73.904110493803216, -41.170925979676056 ], [ -73.904126487408533, -41.170907487468462 ], [ -73.904149355820721, -41.170894938433122 ], [ -73.904162879957326, -41.170879869173966 ], [ -73.904174202323162, -41.170860118532758 ], [ -73.904208763207095, -41.170829745351085 ], [ -73.904231692704712, -41.170813448084758 ], [ -73.904283395240896, -41.170808567221414 ], [ -73.904311408304721, -41.170809238018947 ], [ -73.904366361843898, -41.170818572382274 ], [ -73.904391472451039, -41.170824483108198 ], [ -73.904417075334948, -41.170824827297572 ], [ -73.904446204106364, -41.170782447360914 ], [ -73.904466479082316, -41.170756398491868 ], [ -73.904515734607656, -41.170737411928393 ], [ -73.904536933950055, -41.170728392666433 ], [ -73.904554390012649, -41.170710726053301 ], [ -73.904564764655873, -41.170691471698056 ], [ -73.904568431578866, -41.170672560174985 ], [ -73.904549849028882, -41.170628717499675 ], [ -73.90453805684416, -41.170612091545635 ], [ -73.904530772405508, -41.170590440675213 ], [ -73.904531740789395, -41.170572415633771 ], [ -73.904540451752695, -41.170532275141568 ], [ -73.904544693597472, -41.170510937330114 ], [ -73.904561715773795, -41.170495091693034 ], [ -73.904585675639041, -41.170481437650615 ], [ -73.90461475769807, -41.170474113613537 ], [ -73.90466728309103, -41.170476231505255 ], [ -73.9046935462367, -41.170477290451068 ], [ -73.904737181901623, -41.170457540364751 ], [ -73.904756695106215, -41.170445162324555 ], [ -73.904783431664001, -41.170433762759473 ], [ -73.904836224754945, -41.170427777615103 ], [ -73.904891241176202, -41.170433363794942 ], [ -73.9049189649825, -41.170435247042739 ], [ -73.904943108104078, -41.170434766256683 ], [ -73.904968423527095, -41.170436322894517 ], [ -73.904988367024728, -41.170446541118672 ], [ -73.904997832572874, -41.170465982180033 ], [ -73.905010282324398, -41.170507740884112 ], [ -73.905018288110213, -41.170526358303405 ], [ -73.905029791037421, -41.170544197399799 ], [ -73.905050969718573, -41.170552705472474 ], [ -73.905076511517038, -41.170556796541845 ], [ -73.90510246564223, -41.170552179381225 ], [ -73.9051233577608, -41.170537483311129 ], [ -73.90513461724457, -41.17052148012354 ], [ -73.905143387496679, -41.170502008649159 ], [ -73.905158145918477, -41.170485227810758 ], [ -73.905207830838535, -41.170488838098684 ], [ -73.905258545227895, -41.170495092369244 ], [ -73.905307529462021, -41.170508626043393 ], [ -73.905357892610112, -41.170519840990082 ], [ -73.905383353560197, -41.170520791065378 ], [ -73.905403152429059, -41.170531616512989 ], [ -73.905450881716746, -41.170539969735223 ], [ -73.905499331453285, -41.170545290155033 ], [ -73.905528599463551, -41.17055114004669 ], [ -73.90557459859599, -41.170566772664166 ], [ -73.905622636904127, -41.170580803337515 ], [ -73.905646512327749, -41.170588424218607 ], [ -73.905665734478205, -41.170601675217988 ], [ -73.905678328858485, -41.170618411396745 ], [ -73.90569537079773, -41.170633870212448 ], [ -73.905723609338679, -41.170637075442997 ], [ -73.905745386297809, -41.17062562992907 ], [ -73.905756131046928, -41.170608304097691 ], [ -73.905762492017459, -41.170588506716172 ], [ -73.905772578301466, -41.170570466121383 ], [ -73.905797731129411, -41.170565739415736 ], [ -73.905825598666169, -41.170567015423437 ], [ -73.905852438530218, -41.170565648127457 ], [ -73.905865447932158, -41.170549256126037 ], [ -73.905868227319644, -41.170527094696212 ], [ -73.905855404767294, -41.170507824057957 ], [ -73.905835668780483, -41.170493251724466 ], [ -73.905789791818933, -41.170470121941968 ], [ -73.905740870466886, -41.170452841375578 ], [ -73.905715389753851, -41.170445002062564 ], [ -73.905658172460136, -41.170434734474753 ], [ -73.905605626405901, -41.170425728019133 ], [ -73.9055808059546, -41.170418604810543 ], [ -73.905556191217499, -41.170407125447909 ], [ -73.905517065095296, -41.170373016662957 ], [ -73.905502289605508, -41.170358490958051 ], [ -73.905477303864188, -41.170345083704539 ], [ -73.905429183809375, -41.170327911299147 ], [ -73.905382155207619, -41.170309635310694 ], [ -73.905333745895277, -41.170293676697455 ], [ -73.905285359040818, -41.170284606658456 ], [ -73.905255515210442, -41.170281183670163 ], [ -73.905232072774794, -41.17027174238865 ], [ -73.905221228312669, -41.170254619327551 ], [ -73.905177327644751, -41.17023363643758 ], [ -73.905126449762008, -41.170221099444973 ], [ -73.905073390769743, -41.170210770286658 ], [ -73.905047766326263, -41.170203536831927 ], [ -73.905012450857498, -41.170174327785936 ], [ -73.904997817301506, -41.170159195473104 ], [ -73.904973941877884, -41.170151573189635 ], [ -73.904947742512647, -41.170146765308097 ], [ -73.904921747064932, -41.170137604636082 ], [ -73.904909441942181, -41.170119655882253 ], [ -73.904909836302579, -41.170079639536183 ], [ -73.904917001265304, -41.170035533416396 ], [ -73.90491774507035, -41.170014972414663 ], [ -73.904914185945202, -41.169995081536101 ], [ -73.904918653267089, -41.169976278682711 ], [ -73.904936562080607, -41.16993926397268 ], [ -73.904956366339349, -41.169901254527169 ], [ -73.904969809627588, -41.169858627173916 ], [ -73.904983911380924, -41.169816713202309 ], [ -73.905004290561465, -41.16977627809235 ], [ -73.905022920722132, -41.16973623043048 ], [ -73.905030516876181, -41.169714721952708 ], [ -73.905047764529627, -41.169701409914289 ], [ -73.905095578258937, -41.169688488051378 ], [ -73.905148968729534, -41.169686967235393 ], [ -73.905200916505791, -41.169691510072944 ], [ -73.905241976700793, -41.169713984874555 ], [ -73.905256752190581, -41.169728511398567 ], [ -73.905276407329012, -41.169739943544847 ], [ -73.905302319233357, -41.169745964591648 ], [ -73.905327119921736, -41.16974619788688 ], [ -73.905378657167915, -41.169735033524148 ], [ -73.905404159440508, -41.169725345344212 ], [ -73.905419144237754, -41.16971110080263 ], [ -73.9054264520326, -41.169690804776799 ], [ -73.905428511869545, -41.169671674546137 ], [ -73.90544415872516, -41.16963372851 ], [ -73.905450888903275, -41.169615858735831 ], [ -73.905464701399083, -41.169599576044384 ], [ -73.905486045370225, -41.169589949380445 ], [ -73.905498909245097, -41.169574164380407 ], [ -73.905514841764969, -41.169559421431735 ], [ -73.905559073012938, -41.169544134798691 ], [ -73.905609992218174, -41.16954603497755 ], [ -73.90563946594267, -41.169547528748005 ], [ -73.905662496051605, -41.169541262215027 ], [ -73.905676163918642, -41.169525586074769 ], [ -73.905683101607593, -41.169503362086409 ], [ -73.905686684088934, -41.169481308498121 ], [ -73.905687284163548, -41.16943693757301 ], [ -73.905686648156333, -41.169418693794668 ], [ -73.905669238806112, -41.169376889089591 ], [ -73.905658311699, -41.169356623390229 ], [ -73.905644769596094, -41.169340385265038 ], [ -73.905618920573801, -41.169330617908706 ], [ -73.905592574783142, -41.16932641721472 ], [ -73.9055695033517, -41.169318905058653 ], [ -73.905545033243357, -41.169306818931574 ], [ -73.905518380228884, -41.169296942698395 ], [ -73.905489545206564, -41.16928927433144 ], [ -73.905441406287125, -41.169265212288465 ], [ -73.90540434000188, -41.169236391652632 ], [ -73.905389996601741, -41.169220045978079 ], [ -73.905393023924248, -41.169182890186242 ], [ -73.905401362985032, -41.169165239385713 ], [ -73.905413423766021, -41.16914934541127 ], [ -73.905430013852694, -41.169135317136259 ], [ -73.905447098012772, -41.169115721500859 ], [ -73.905443456242608, -41.169092688608437 ], [ -73.90543333222935, -41.16907253236964 ], [ -73.905415715368321, -41.169059498129315 ], [ -73.905363829575833, -41.169051206931059 ], [ -73.905316821635324, -41.169039820647967 ], [ -73.905289655682822, -41.169028621001097 ], [ -73.905259873836187, -41.169021450981035 ], [ -73.905203398550924, -41.169015039685441 ], [ -73.905178082229583, -41.169013484366339 ], [ -73.905124261465957, -41.169016825597502 ], [ -73.905098513054966, -41.169017088649326 ], [ -73.905077623631357, -41.169007366551931 ], [ -73.905063938696316, -41.168991736267301 ], [ -73.90505739446948, -41.168973944084016 ], [ -73.90505136857054, -41.168933056734595 ], [ -73.905039000565722, -41.16889443877735 ], [ -73.905030852846082, -41.168876428822529 ], [ -73.905010168238348, -41.16886235315318 ], [ -73.904967442566829, -41.168843408643177 ], [ -73.904948138669667, -41.168827014858408 ], [ -73.904927455858569, -41.16881293917848 ], [ -73.904904240696681, -41.168806032863699 ], [ -73.904887055026975, -41.168791180193246 ], [ -73.904873946810369, -41.16877312219782 ], [ -73.90487425672913, -41.16875438255925 ], [ -73.90487864230434, -41.168732438267902 ], [ -73.904886753193054, -41.16871225081178 ], [ -73.904903858912675, -41.168699545147028 ], [ -73.904924975610072, -41.168687383844286 ], [ -73.904947780241869, -41.168678582045906 ], [ -73.904968095642019, -41.168666313218786 ], [ -73.905001274917041, -41.168638257811402 ], [ -73.905039477571137, -41.16860650138576 ], [ -73.905059484849133, -41.168588553564959 ], [ -73.905082641620538, -41.168550374278261 ], [ -73.905105159689768, -41.168518368280857 ], [ -73.9051461040021, -41.168476465624011 ], [ -73.905160573166384, -41.168460897426023 ], [ -73.905201246187488, -41.168425720534145 ], [ -73.905240620244712, -41.16839600149283 ], [ -73.905288886724932, -41.168363732365563 ], [ -73.905311898867566, -41.168350574909915 ], [ -73.905361829027683, -41.16833919391491 ], [ -73.905416205848482, -41.168326535514147 ], [ -73.905464965503768, -41.16831311634887 ], [ -73.905488427702366, -41.168305029954766 ], [ -73.905506911437655, -41.168290007436227 ], [ -73.905535193097748, -41.168258156169117 ], [ -73.90556479168805, -41.168227737149749 ], [ -73.905581585692275, -41.168209355082979 ], [ -73.905603508178473, -41.168197302562916 ], [ -73.905625509716401, -41.168188392501229 ], [ -73.905651029056997, -41.16818559424388 ], [ -73.905673547126227, -41.168178004866306 ], [ -73.905693860729741, -41.168165734592975 ], [ -73.905701683259238, -41.168146761479683 ], [ -73.905702797170179, -41.168128129859539 ], [ -73.905712595094982, -41.16811130175293 ], [ -73.905759192505414, -41.16808256243398 ], [ -73.905773147833358, -41.168065674130695 ], [ -73.905773800010252, -41.168062933348153 ], [ -73.905780328067422, -41.168074261644797 ], [ -73.905801230965764, -41.168057830474616 ], [ -73.905813899906207, -41.168040281482618 ], [ -73.905822205729336, -41.168023211937232 ], [ -73.905846485394832, -41.168010448658819 ], [ -73.905885192902119, -41.167984658362407 ], [ -73.905906236835946, -41.16797359783989 ], [ -73.905926892697579, -41.16795820331523 ], [ -73.905932700305911, -41.167939724470969 ], [ -73.905914578591677, -41.16792656084403 ], [ -73.905869997899075, -41.167905527166909 ], [ -73.905846388376773, -41.167891619672091 ], [ -73.905848817421315, -41.167869470868069 ], [ -73.905854624131308, -41.167850991322517 ], [ -73.905862930852749, -41.167833921051582 ], [ -73.905887737829303, -41.167830863779983 ], [ -73.905933197972558, -41.16785415814369 ], [ -73.905959939021955, -41.167872771583369 ], [ -73.906000157495527, -41.167894284723232 ], [ -73.906052585870469, -41.167912101544218 ], [ -73.906116589936147, -41.167922926070361 ], [ -73.906142664435578, -41.167926463465925 ], [ -73.906191539973548, -41.167923460297601 ], [ -73.906215853775052, -41.167922478401486 ], [ -73.906220288757595, -41.167903811553245 ], [ -73.906220466624021, -41.167879216126394 ], [ -73.906212549771425, -41.167858874901398 ], [ -73.906173950960294, -41.16783651171891 ], [ -73.906153719103472, -41.167826274153015 ], [ -73.906143445969875, -41.167809894314772 ], [ -73.906127682333278, -41.167792769934024 ], [ -73.906119027963811, -41.167775540055629 ], [ -73.906107382204482, -41.167758973562826 ], [ -73.906082434192399, -41.167756660150296 ], [ -73.906061392055193, -41.16776772003319 ], [ -73.906032114163452, -41.167777664120706 ], [ -73.906011072026232, -41.167788724000033 ], [ -73.905988728230184, -41.167781410481766 ], [ -73.905979512413666, -41.167742695143566 ], [ -73.905979267173606, -41.167701987581694 ], [ -73.90598032538901, -41.167679652071463 ], [ -73.905975154686232, -41.167659683392621 ], [ -73.905953901444917, -41.167641813756312 ], [ -73.905931559445492, -41.16763450089784 ], [ -73.905883529222208, -41.167627984649336 ], [ -73.90585073442611, -41.167628886753526 ], [ -73.905828318764847, -41.167639761368243 ], [ -73.905815650722715, -41.167657309791245 ], [ -73.905806852622803, -41.16767645413487 ], [ -73.90580540813184, -41.167694455628428 ], [ -73.90580072701087, -41.167714159210938 ], [ -73.90578731875695, -41.167734818313136 ], [ -73.90574685504329, -41.167714342471747 ], [ -73.905717088468037, -41.167684613640404 ], [ -73.905706814436144, -41.167668233766747 ], [ -73.905688379209877, -41.167632550621811 ], [ -73.905659351948117, -41.167599710371732 ], [ -73.905639226092461, -41.167583064714336 ], [ -73.905581555149553, -41.167563466585939 ], [ -73.90553064043587, -41.167551205664914 ], [ -73.905503933522482, -41.167544370898675 ], [ -73.905451752184248, -41.167525516623876 ], [ -73.905426664933316, -41.167517830467347 ], [ -73.905404814312348, -41.167508444915661 ], [ -73.9053798321643, -41.167494350017698 ], [ -73.905362451560165, -41.167478076266377 ], [ -73.905346300749684, -41.167456619117942 ], [ -73.905349049594449, -41.167415245279734 ], [ -73.905358165697947, -41.167376876637654 ], [ -73.905368021114938, -41.167335396578942 ], [ -73.905377630393531, -41.167294953851474 ], [ -73.905385867046377, -41.167254325808202 ], [ -73.905389846583091, -41.16720776775324 ], [ -73.905390025347842, -41.167183171388864 ], [ -73.905398261102349, -41.167142543276277 ], [ -73.905406252515107, -41.167102951146504 ], [ -73.905407697006098, -41.167084950842963 ], [ -73.905399218706435, -41.167043125037701 ], [ -73.905396159942896, -41.167020230047214 ], [ -73.905375927187748, -41.167009992353783 ], [ -73.905326279996956, -41.167004326084964 ], [ -73.905276210597961, -41.166982547564224 ], [ -73.905234867433649, -41.166959811470583 ], [ -73.90521175018813, -41.166943829725277 ], [ -73.905198732701336, -41.166927078406673 ], [ -73.905189572580383, -41.166909051681138 ], [ -73.905161525380578, -41.166872427462053 ], [ -73.905136713912441, -41.166836242107557 ], [ -73.905118593096518, -41.166794399913584 ], [ -73.905095957347996, -41.166757499044586 ], [ -73.905057918187282, -41.166723558098269 ], [ -73.905021654097567, -41.166693391960123 ], [ -73.904980611868879, -41.166658033560552 ], [ -73.904945229026453, -41.16662697677053 ], [ -73.904925761635951, -41.166607673201398 ], [ -73.904911473033039, -41.166589072251114 ], [ -73.904903655893435, -41.16657134974551 ], [ -73.904899593711718, -41.166529395800922 ], [ -73.904904360172608, -41.166489648439011 ], [ -73.904914704273111, -41.166446115393221 ], [ -73.904920647527035, -41.166426725210513 ], [ -73.904928947960272, -41.166408664534721 ], [ -73.904942077736465, -41.166392774625329 ], [ -73.904981299080077, -41.166368305090586 ], [ -73.905026478948969, -41.166349695281056 ], [ -73.905049633025428, -41.166342233502682 ], [ -73.905106678740893, -41.166338360599973 ], [ -73.905166096907067, -41.16634137398475 ], [ -73.905221168125564, -41.16634581561626 ], [ -73.905275008652112, -41.166352615342362 ], [ -73.905307722599815, -41.166355539461051 ], [ -73.905332236725599, -41.166350787429977 ], [ -73.905342777557152, -41.166334545178564 ], [ -73.905366413130579, -41.166330683095467 ], [ -73.905391540805724, -41.166334597926358 ], [ -73.905442162668606, -41.166346514862127 ], [ -73.905493248960482, -41.166356476071684 ], [ -73.905515738283611, -41.166363060748189 ], [ -73.905569977662168, -41.166365371504902 ], [ -73.905624334720017, -41.166367191978097 ], [ -73.90568488296681, -41.166373892292803 ], [ -73.905710359188248, -41.166376339652253 ], [ -73.905735353912718, -41.166375185964718 ], [ -73.905750542627544, -41.166359069502413 ], [ -73.905761315224424, -41.16634185006707 ], [ -73.905793815373087, -41.166311925175727 ], [ -73.905809417312952, -41.166296874473808 ], [ -73.90583086189541, -41.166288171087395 ], [ -73.905858347648149, -41.166293414083242 ], [ -73.905880553103671, -41.166304001511783 ], [ -73.905902645371455, -41.166295385363021 ], [ -73.905900240581417, -41.166277386866383 ], [ -73.905882316496573, -41.16626283793709 ], [ -73.905878616335912, -41.166244663605376 ], [ -73.905898583189739, -41.166233740745049 ], [ -73.905922733497832, -41.166224898718056 ], [ -73.90597765559599, -41.166218717751647 ], [ -73.906043829093079, -41.166218607522119 ], [ -73.906095479526968, -41.166220565279069 ], [ -73.90615001894281, -41.166224430073704 ], [ -73.906204092133024, -41.166230252624729 ], [ -73.906256822341888, -41.166238920177364 ], [ -73.906311145263743, -41.166249320292302 ], [ -73.906361002660333, -41.16626163826227 ], [ -73.906413268440204, -41.166272263566157 ], [ -73.906436753096656, -41.166277469369362 ], [ -73.906484933338604, -41.166299657934232 ], [ -73.906523537539641, -41.166325596993403 ], [ -73.906568498219599, -41.166352902749978 ], [ -73.906610206998252, -41.166374214189212 ], [ -73.906632298367711, -41.166385288506753 ], [ -73.906656911308175, -41.166394183259818 ], [ -73.906703947994785, -41.166407127412484 ], [ -73.906727731790227, -41.166413889262124 ], [ -73.906768445235542, -41.16643657888374 ], [ -73.906788659126065, -41.166449925398126 ], [ -73.906834252219994, -41.166471762929802 ], [ -73.906879827347609, -41.166488043017324 ], [ -73.906934150269478, -41.166498443092692 ], [ -73.906960805978912, -41.166501553850331 ], [ -73.906985686617332, -41.1665008897712 ], [ -73.907011080193783, -41.166495246450943 ], [ -73.907032341519923, -41.166484498781635 ], [ -73.907055612377363, -41.166476546735971 ], [ -73.907080623271511, -41.166480949811927 ], [ -73.907100607193314, -41.166495274177237 ], [ -73.907119992837139, -41.166506488458403 ], [ -73.90714321249061, -41.166501559260325 ], [ -73.907149453985213, -41.166483724473281 ], [ -73.907142931317921, -41.16646617776469 ], [ -73.907171946003288, -41.166431234461477 ], [ -73.90718978923978, -41.166418003582493 ], [ -73.90721199649191, -41.166408897841841 ], [ -73.907229009685082, -41.166393534733423 ], [ -73.907242187970297, -41.166374621293492 ], [ -73.907248015341551, -41.166355720696899 ], [ -73.907276447918605, -41.166323223343717 ], [ -73.90731361212022, -41.166295885114543 ], [ -73.907323097431316, -41.166279321628913 ], [ -73.907338958984269, -41.166230021345704 ], [ -73.907354056969254, -41.166172217118749 ], [ -73.907370744073972, -41.16611357834136 ], [ -73.907384634723215, -41.166060861487203 ], [ -73.907400876263551, -41.166015811989126 ], [ -73.907413461660681, -41.165974467672747 ], [ -73.907420356230489, -41.165951253115416 ], [ -73.907439749060856, -41.165933929429201 ], [ -73.907463218445955, -41.165928708044817 ], [ -73.907525486068181, -41.165929791409425 ], [ -73.90758226767899, -41.165936431581926 ], [ -73.90761592126448, -41.165940988880926 ], [ -73.907687791877095, -41.165960172272669 ], [ -73.907713750493855, -41.165967887690968 ], [ -73.907757769739405, -41.165999048936918 ], [ -73.907791502376654, -41.166026715950586 ], [ -73.907826097396551, -41.166056600396807 ], [ -73.907863868859309, -41.16608481447723 ], [ -73.907911544248066, -41.166112271139163 ], [ -73.907940957785414, -41.166128854278426 ], [ -73.907994019472611, -41.166157039925025 ], [ -73.908036070509382, -41.166184783288799 ], [ -73.908096525331374, -41.166228669513053 ], [ -73.908137127385586, -41.166262518068883 ], [ -73.908157640415084, -41.166287344705168 ], [ -73.908172525499339, -41.166312459416069 ], [ -73.908181404447618, -41.166333611948914 ], [ -73.90818330977433, -41.166354869970426 ], [ -73.908197790616711, -41.16640512840975 ], [ -73.908201181756908, -41.166431837678608 ], [ -73.908213235351397, -41.166451319153822 ], [ -73.908252771105367, -41.166495521685384 ], [ -73.908308044444794, -41.166526106514247 ], [ -73.908357613482167, -41.16653386852726 ], [ -73.908419157960594, -41.166538003803879 ], [ -73.908451327529235, -41.166537111828461 ], [ -73.90846374673805, -41.16651989379239 ], [ -73.908450105820449, -41.166501246832077 ], [ -73.908426178294548, -41.166479107025594 ], [ -73.908413159011133, -41.166463693890996 ], [ -73.908414186683828, -41.166441783997627 ], [ -73.908438036954607, -41.166440813575612 ], [ -73.908502172174309, -41.166451599798492 ], [ -73.908566549939167, -41.166461367583963 ], [ -73.908633861601714, -41.1664704821086 ], [ -73.908689537386394, -41.166475921879211 ], [ -73.908738966286592, -41.166478415896201 ], [ -73.908810899781272, -41.166479758256173 ], [ -73.908882451491976, -41.166476847668044 ], [ -73.908913756881319, -41.166473736909232 ], [ -73.908923243090712, -41.16645717211604 ], [ -73.908897930362642, -41.166423294581897 ], [ -73.908860017864384, -41.166389811961878 ], [ -73.908810333842652, -41.166347385200019 ], [ -73.908758718443067, -41.166313095770711 ], [ -73.908725849985132, -41.166287646314366 ], [ -73.908663745856288, -41.166262436242143 ], [ -73.908617555382662, -41.166240430929591 ], [ -73.908556173499321, -41.166212168902078 ], [ -73.908525274148502, -41.16619013516997 ], [ -73.908504038873488, -41.166168360436124 ], [ -73.908496024104522, -41.166149425967262 ], [ -73.908510893917423, -41.166133589419232 ], [ -73.90856838519727, -41.166096227647834 ], [ -73.908592921780965, -41.166080650092965 ], [ -73.908643136707028, -41.166062250517442 ], [ -73.908704360486908, -41.166044292532121 ], [ -73.908738459636766, -41.166035261127746 ], [ -73.908805349989464, -41.166028569569768 ], [ -73.908839347629694, -41.166025823291939 ], [ -73.908877243958273, -41.166018355390356 ], [ -73.908907545031127, -41.166007759800593 ], [ -73.908924245610578, -41.165990071626858 ], [ -73.908935583247768, -41.165942258892365 ], [ -73.908937714949943, -41.165921547829413 ], [ -73.908927731073859, -41.165899196834609 ], [ -73.908902520753742, -41.165859033867889 ], [ -73.908892677014862, -41.165841951581584 ], [ -73.908858563491933, -41.165810031498566 ], [ -73.908821033675991, -41.165780801558697 ], [ -73.908797727784261, -41.165761896057028 ], [ -73.908774803676536, -41.165747241516804 ], [ -73.90872529841954, -41.165721636977231 ], [ -73.908707518065128, -41.16570872988342 ], [ -73.908685177862324, -41.16568575598054 ], [ -73.90866400546939, -41.165646138625156 ], [ -73.908654021593321, -41.165623788212699 ], [ -73.908636748787046, -41.165579450517129 ], [ -73.908616679525267, -41.165541032785526 ], [ -73.908605591619718, -41.165517481972493 ], [ -73.908595048991543, -41.165474056482786 ], [ -73.908582917243635, -41.165431464119933 ], [ -73.908580529521615, -41.165412241350168 ], [ -73.908574965356749, -41.165394688268307 ], [ -73.908540955140097, -41.165356483451355 ], [ -73.908510637897564, -41.16532612935876 ], [ -73.908490890232684, -41.165309805025444 ], [ -73.908443936191091, -41.165279296722971 ], [ -73.908416975054479, -41.165264095653185 ], [ -73.908362605420209, -41.165247283717662 ], [ -73.908307754288955, -41.165232505982168 ], [ -73.908254008085521, -41.165218926584743 ], [ -73.908197568732831, -41.165204983353895 ], [ -73.908144205211698, -41.165195656982235 ], [ -73.908086421081052, -41.165181531154836 ], [ -73.90806132574528, -41.1651760324417 ], [ -73.90800326044193, -41.165151370393168 ], [ -73.907948129934638, -41.165126054386285 ], [ -73.907893138666196, -41.165106007158613 ], [ -73.907866697654143, -41.165100326523579 ], [ -73.907816726171518, -41.165117707236497 ], [ -73.907772416770115, -41.165146356559951 ], [ -73.907728693070283, -41.165166684425451 ], [ -73.90769362912981, -41.165179785037871 ], [ -73.90763606149315, -41.165194037327232 ], [ -73.907601340709093, -41.165199833595501 ], [ -73.907545867943668, -41.165181821948899 ], [ -73.907498254538666, -41.165136524333207 ], [ -73.907462756711894, -41.165092868660544 ], [ -73.907429368129428, -41.165057896898055 ], [ -73.907415004068028, -41.165042301513424 ], [ -73.907375265294803, -41.165010670483163 ], [ -73.907360659586601, -41.164996093545653 ], [ -73.907352645715946, -41.164977158061809 ], [ -73.907329745862739, -41.164933108695102 ], [ -73.907320869609393, -41.164911956386398 ], [ -73.907315789636485, -41.164892368279396 ], [ -73.907289715137054, -41.164849988563084 ], [ -73.907276176627391, -41.164825055207999 ], [ -73.907276481156273, -41.164806196769426 ], [ -73.907264833600308, -41.164761571106077 ], [ -73.907249287355981, -41.16472166712974 ], [ -73.90723418667605, -41.164668172797214 ], [ -73.907217496876399, -41.164615514292116 ], [ -73.907202676470845, -41.164572558213401 ], [ -73.907189720069496, -41.164539303227613 ], [ -73.907204374286721, -41.164495089232368 ], [ -73.907219510899253, -41.164448840302413 ], [ -73.907229021363179, -41.164402880108469 ], [ -73.907239839774149, -41.164345546985196 ], [ -73.907256843984158, -41.164309001133653 ], [ -73.907293175447521, -41.164272971935581 ], [ -73.907314396349463, -41.164253797517759 ], [ -73.90732991384769, -41.164211799483986 ], [ -73.907334497950586, -41.164192471533738 ], [ -73.907312844060655, -41.164154889542239 ], [ -73.907290606265803, -41.164125629107922 ], [ -73.907258703496794, -41.164096108294068 ], [ -73.907208538876375, -41.164055716316881 ], [ -73.907187826420866, -41.164043460826001 ], [ -73.90713884398339, -41.164027376251532 ], [ -73.907103945332906, -41.164016350227477 ], [ -73.907042262513912, -41.16400694659103 ], [ -73.90701827390258, -41.164002646819235 ], [ -73.906982268527685, -41.163990421074637 ], [ -73.906946150863376, -41.163943530676903 ], [ -73.906934720699681, -41.16392728309485 ], [ -73.906934567087788, -41.163881062167818 ], [ -73.906953538608263, -41.163847933295301 ], [ -73.906986594814086, -41.163819860946681 ], [ -73.907006850925427, -41.163804754217487 ], [ -73.907055095846076, -41.163782940143037 ], [ -73.907083567949002, -41.163774196522198 ], [ -73.907094399834705, -41.163757814318437 ], [ -73.907104469050722, -41.163732929239998 ], [ -73.907106361801027, -41.163713234604515 ], [ -73.907098105385245, -41.163695317228587 ], [ -73.907085330443593, -41.163678887665483 ], [ -73.907084770793176, -41.163657812724253 ], [ -73.907099259720397, -41.163637725146813 ], [ -73.907115501260719, -41.163592676011724 ], [ -73.90712055338588, -41.163530362713153 ], [ -73.907130445633797, -41.163488653664785 ], [ -73.907138991307093, -41.163446761317104 ], [ -73.907146913549582, -41.16340163563067 ], [ -73.907154493533938, -41.163363813781068 ], [ -73.907160588603148, -41.163320540380703 ], [ -73.907166683672358, -41.163277266951809 ], [ -73.907172979964173, -41.163221422024414 ], [ -73.907184280770451, -41.163162053598903 ], [ -73.907194616786114, -41.163106755012947 ], [ -73.907196531994302, -41.16305766604961 ], [ -73.907184885336633, -41.163013039195519 ], [ -73.907158571885333, -41.162971676077383 ], [ -73.907126390638595, -41.162931618846244 ], [ -73.907093002056129, -41.162896647282913 ], [ -73.907055335696271, -41.162862147074527 ], [ -73.907012904672129, -41.162830150471869 ], [ -73.90699084654031, -41.162817713506151 ], [ -73.906974655305646, -41.162803969946175 ], [ -73.906999494621559, -41.162769535289122 ], [ -73.9070312410837, -41.162752836330363 ], [ -73.907052943482654, -41.162731626509526 ], [ -73.907042059494671, -41.162695502439782 ], [ -73.907017548962145, -41.162681683785848 ], [ -73.906965152028249, -41.162668287134728 ], [ -73.906920070075714, -41.162647481032529 ], [ -73.906894313579883, -41.1626271929631 ], [ -73.906877983106341, -41.162608181726327 ], [ -73.906863160904138, -41.162565225008109 ], [ -73.906859349352402, -41.162522709880854 ], [ -73.906856721780201, -41.162504504754928 ], [ -73.906861545733264, -41.162484158479998 ], [ -73.906870892703793, -41.162462324353498 ], [ -73.90689014360035, -41.162439732770878 ], [ -73.90690905223876, -41.162424444476791 ], [ -73.90694652635915, -41.162401171176832 ], [ -73.90697085902525, -41.16239816707899 ], [ -73.907029909780448, -41.162389365788357 ], [ -73.907058140236558, -41.162381639804309 ], [ -73.907084985490528, -41.162362176055417 ], [ -73.907116134573002, -41.162312846449638 ], [ -73.907148631128393, -41.162263699406495 ], [ -73.907167081626014, -41.162221049500744 ], [ -73.907175462907617, -41.162203284559745 ], [ -73.907187182328812, -41.162159723643363 ], [ -73.907194000541821, -41.162113397996258 ], [ -73.907200336359523, -41.162069107295274 ], [ -73.907211815032227, -41.162026562765369 ], [ -73.907217744811419, -41.162007416094752 ], [ -73.907240551239838, -41.161987407138334 ], [ -73.907254075376457, -41.161971389012798 ], [ -73.907299449281453, -41.161932384843723 ], [ -73.907332604301956, -41.161898027503128 ], [ -73.907365137688288, -41.161860434727586 ], [ -73.907392769866433, -41.161820077892607 ], [ -73.907403704160075, -41.161797410342992 ], [ -73.907416123368876, -41.161780192414142 ], [ -73.907434789462158, -41.161765920445873 ], [ -73.907462258146921, -41.16174969193667 ], [ -73.907487172023011, -41.161738367280719 ], [ -73.907536038577817, -41.161719785913597 ], [ -73.907584281701858, -41.161697970468808 ], [ -73.907634695155593, -41.161666999923497 ], [ -73.907677172892122, -41.161640203498486 ], [ -73.907718786449337, -41.161611190820551 ], [ -73.907757708653975, -41.161581812250134 ], [ -73.907778444465677, -41.161564672039432 ], [ -73.90781363237366, -41.161515888962583 ], [ -73.90783025300307, -41.16147509096556 ], [ -73.907840385999478, -41.161432364800561 ], [ -73.907850136313542, -41.161385386005492 ], [ -73.907853297485033, -41.161342765285575 ], [ -73.90785456590622, -41.161319838546049 ], [ -73.907847960593941, -41.161283245018346 ], [ -73.907846155878531, -41.161255700442247 ], [ -73.907849875802114, -41.161234155365392 ], [ -73.907860326802137, -41.161213521265964 ], [ -73.907881061715528, -41.161196380958934 ], [ -73.907909635328082, -41.161181350723936 ], [ -73.907929188956871, -41.161139900558702 ], [ -73.90793536128119, -41.16111973713938 ], [ -73.907931625187913, -41.161100331854456 ], [ -73.907917465942404, -41.161072164998394 ], [ -73.907878873419492, -41.161053287895818 ], [ -73.907816749527711, -41.161057474241403 ], [ -73.907786691898295, -41.161067052112173 ], [ -73.907761917261084, -41.161083646672814 ], [ -73.907753676116656, -41.161106679675257 ], [ -73.907726792235152, -41.16111458841258 ], [ -73.907692199011876, -41.161084703741508 ], [ -73.907676489274181, -41.161068926160866 ], [ -73.907648729535282, -41.161033667525274 ], [ -73.907628662968463, -41.160995250510183 ], [ -73.907623582097216, -41.160975662585059 ], [ -73.907624369021406, -41.160954770730527 ], [ -73.907643161777145, -41.160904816508129 ], [ -73.90765543995046, -41.16088233056923 ], [ -73.907678449398134, -41.160849747991868 ], [ -73.907694767295283, -41.160827809169014 ], [ -73.90771008087593, -41.160798383582026 ], [ -73.907713419913833, -41.160772585712891 ], [ -73.907707157757997, -41.160728689747799 ], [ -73.907699142989017, -41.160709755059827 ], [ -73.907677187265165, -41.160691031375606 ], [ -73.907650848661035, -41.160679064716909 ], [ -73.907625995870376, -41.160672548453036 ], [ -73.907599176667574, -41.160662616137188 ], [ -73.90754390871804, -41.160632030600588 ], [ -73.907511323229414, -41.16061711791447 ], [ -73.907500376359366, -41.160598835159576 ], [ -73.907500782397875, -41.160573691206373 ], [ -73.90750608874626, -41.160551309982409 ], [ -73.907520336026664, -41.160532240656849 ], [ -73.907538622132577, -41.160513718463314 ], [ -73.907585517783673, -41.160491721365034 ], [ -73.907619613340287, -41.160482688519082 ], [ -73.907648490583412, -41.1604488011331 ], [ -73.90765452007561, -41.160423368336097 ], [ -73.907650165043108, -41.160400730061276 ], [ -73.90762467624522, -41.160350028088338 ], [ -73.907618007152564, -41.16033127589612 ], [ -73.907609676176619, -41.160290247890615 ], [ -73.907598107672399, -41.160268731577958 ], [ -73.907579323001485, -41.160248337943116 ], [ -73.907551919893734, -41.160246726957951 ], [ -73.907527106628962, -41.160251765513415 ], [ -73.907493391059717, -41.160265048361111 ], [ -73.907439041188411, -41.160289186751186 ], [ -73.907408742810503, -41.160299781912954 ], [ -73.907384981472916, -41.160253515819576 ], [ -73.907372308040891, -41.16023079903335 ], [ -73.907351618941576, -41.16018914807718 ], [ -73.907337358186439, -41.160167266520162 ], [ -73.907326435570909, -41.160119588858599 ], [ -73.907317302399406, -41.160058503156684 ], [ -73.907315079069093, -41.160015153178762 ], [ -73.907306506446318, -41.159975142835492 ], [ -73.907298250928861, -41.159957225790187 ], [ -73.907285958382502, -41.159938760921293 ], [ -73.907245078748886, -41.159894375418503 ], [ -73.907200684007535, -41.159858963302646 ], [ -73.907179272662745, -41.159820363668757 ], [ -73.907179196305933, -41.159797254466326 ], [ -73.907175321872131, -41.159772579572454 ], [ -73.907153389504458, -41.159724459309459 ], [ -73.907138506216825, -41.159699344778964 ], [ -73.907098250014002, -41.159658193963537 ], [ -73.907061066947762, -41.159621657671849 ], [ -73.907018981775025, -41.159582358580195 ], [ -73.907002891151649, -41.159562329946326 ], [ -73.906986585830936, -41.159513922091392 ], [ -73.90697166301743, -41.15947725180709 ], [ -73.906953846730403, -41.159452789158571 ], [ -73.906934340712326, -41.159435447522711 ], [ -73.906884981880737, -41.159415111792491 ], [ -73.90682388655992, -41.159397386670378 ], [ -73.906767695142264, -41.159382426360615 ], [ -73.906743829600131, -41.159375676635662 ], [ -73.906721632229463, -41.15936693648473 ], [ -73.906698087385877, -41.159349048355146 ], [ -73.906672296754053, -41.159317205592231 ], [ -73.906660002411073, -41.15929873986672 ], [ -73.906644320521153, -41.159253566010221 ], [ -73.906646858261851, -41.159207712414023 ], [ -73.906658820228159, -41.159163132986556 ], [ -73.906663885828053, -41.159141769830256 ], [ -73.906665776781722, -41.159122077196663 ], [ -73.906661179204093, -41.159100454993371 ], [ -73.906654271159553, -41.159082719641226 ], [ -73.906621368565666, -41.159045713656724 ], [ -73.90659081506621, -41.159016375192365 ], [ -73.906559017400099, -41.158980568978485 ], [ -73.906540717819439, -41.158958141220097 ], [ -73.906530012596193, -41.158938840802563 ], [ -73.906521540584762, -41.158892545342596 ], [ -73.906520117653344, -41.158869252527481 ], [ -73.906515038578732, -41.158849665319586 ], [ -73.906488866162931, -41.158813570897657 ], [ -73.906466046259766, -41.158792629658095 ], [ -73.90644401328079, -41.158750797207432 ], [ -73.906439681604482, -41.158698760907455 ], [ -73.906440773955879, -41.158659010148618 ], [ -73.906442284922193, -41.15863506458934 ], [ -73.906436962404115, -41.158616495192653 ], [ -73.906436886047317, -41.158593385565737 ], [ -73.906475362687587, -41.158577597916683 ], [ -73.906524582280312, -41.158592664594501 ], [ -73.906547121909099, -41.158603067951923 ], [ -73.906577356506631, -41.158610312155929 ], [ -73.906609281733509, -41.158610437277552 ], [ -73.906625737971183, -41.158593767017699 ], [ -73.906631908498881, -41.158573602815075 ], [ -73.906625001352666, -41.158555867320359 ], [ -73.906609050866464, -41.158541107013313 ], [ -73.906585406309887, -41.158529505858716 ], [ -73.906535463573334, -41.158517490109304 ], [ -73.906508782711086, -41.158512825433256 ], [ -73.906477607577472, -41.158480253851934 ], [ -73.906454305278999, -41.158461348273107 ], [ -73.906404082268082, -41.158438795215069 ], [ -73.906382165171792, -41.158431626741596 ], [ -73.906352474953351, -41.158404505705555 ], [ -73.906334099914204, -41.158358967364137 ], [ -73.906322289763153, -41.158338468302993 ], [ -73.906318719858234, -41.158294935252947 ], [ -73.906318745909374, -41.158265539640283 ], [ -73.906304890294422, -41.158218513936987 ], [ -73.906294045832311, -41.158193946662728 ], [ -73.906277956107246, -41.158173916928256 ], [ -73.906223733796722, -41.158162373197378 ], [ -73.906198159658885, -41.158158907642907 ], [ -73.906141283724978, -41.158158552565581 ], [ -73.906117193604018, -41.158160540322186 ], [ -73.906092343508305, -41.158154023807917 ], [ -73.906063797743514, -41.158139657715353 ], [ -73.90604431687828, -41.158092919365586 ], [ -73.906024253904718, -41.158054501979464 ], [ -73.906008468708549, -41.158015615191381 ], [ -73.90599824588061, -41.157994281420052 ], [ -73.905971831818007, -41.157959203742088 ], [ -73.905957952846876, -41.157941574266538 ], [ -73.905916772277607, -41.157916045808982 ], [ -73.905897165648199, -41.157904990350424 ], [ -73.905890599861806, -41.157879951549234 ], [ -73.905888796044721, -41.157852408924541 ], [ -73.905893482555541, -41.15782679318427 ], [ -73.905890053686093, -41.15778853052435 ], [ -73.90587302432327, -41.157743173690996 ], [ -73.905845327466409, -41.157690074056887 ], [ -73.905826229283491, -41.157647587555211 ], [ -73.905802609879728, -41.157606587628862 ], [ -73.905778990475966, -41.157565590382241 ], [ -73.905752400343545, -41.157513689086556 ], [ -73.905731573802001, -41.157466768353657 ], [ -73.905705987087757, -41.157422354123028 ], [ -73.905681401995068, -41.157385423628128 ], [ -73.9056425956731, -41.157338168688369 ], [ -73.905619078677276, -41.157290883278947 ], [ -73.905615102733833, -41.157272495438782 ], [ -73.905603294379418, -41.157251996037878 ], [ -73.905589414509976, -41.157234365695736 ], [ -73.905604067828889, -41.157190152859286 ], [ -73.905619179288593, -41.157173299624255 ], [ -73.9056418078506, -41.157136465706849 ], [ -73.905661360581092, -41.157095015012544 ], [ -73.905672778168338, -41.157070312723739 ], [ -73.90564094187468, -41.157022950693609 ], [ -73.9056165750726, -41.157014400959532 ], [ -73.90559148243176, -41.157008900884769 ], [ -73.905547889885966, -41.156993546394261 ], [ -73.905513479020684, -41.156980484726354 ], [ -73.905498734971928, -41.156960637911915 ], [ -73.905482709027254, -41.156922768382422 ], [ -73.905458747365373, -41.156889072592193 ], [ -73.905428918806365, -41.156856682142411 ], [ -73.90541044405424, -41.156817430766587 ], [ -73.905410366799117, -41.156794320505362 ], [ -73.90542050069385, -41.156751594670688 ], [ -73.905441058639113, -41.156717630956841 ], [ -73.905479113969491, -41.156686035813415 ], [ -73.905507507020687, -41.156654182964168 ], [ -73.905526158740912, -41.156598962078625 ], [ -73.905530502993628, -41.15658064979597 ], [ -73.905524000987612, -41.15653777028961 ], [ -73.905506870115147, -41.156498700662233 ], [ -73.905482286819066, -41.156461771676007 ], [ -73.905464129172245, -41.156444611188356 ], [ -73.905425259968226, -41.156415196484247 ], [ -73.905378314011472, -41.156384688099223 ], [ -73.905358467531897, -41.156374648945643 ], [ -73.905328715329688, -41.156365368662279 ], [ -73.905277670360292, -41.156352154012644 ], [ -73.905252819366282, -41.156345637318587 ], [ -73.905207360121324, -41.156320579660097 ], [ -73.905173837689873, -41.156280338452753 ], [ -73.905144492424469, -41.156245913895283 ], [ -73.905128542836607, -41.156231153744393 ], [ -73.905092366781801, -41.156202103501414 ], [ -73.90507420733833, -41.156184944974868 ], [ -73.905045803507363, -41.156175846605009 ], [ -73.905002173232333, -41.156148936335775 ], [ -73.904979010172724, -41.156135298241978 ], [ -73.904964408956104, -41.156120720006705 ], [ -73.904955596483163, -41.156081727235723 ], [ -73.904961449905542, -41.156039471006508 ], [ -73.904972929476571, -41.155996927297032 ], [ -73.904985994574062, -41.155953547578406 ], [ -73.904995340646281, -41.155931715334383 ], [ -73.905028978960416, -41.155895323059433 ], [ -73.905066792643979, -41.155864746119924 ], [ -73.905120999683163, -41.155835341301028 ], [ -73.905173036392625, -41.155815090351823 ], [ -73.905198089507593, -41.155809034883255 ], [ -73.905217377235061, -41.155797998683823 ], [ -73.90523345348538, -41.15577707677167 ], [ -73.905240487294051, -41.155759129495202 ], [ -73.905219078644208, -41.155720530152315 ], [ -73.905177416577956, -41.155697036682859 ], [ -73.905124060243338, -41.155687708281746 ], [ -73.905090650999611, -41.155682133019354 ], [ -73.905054615081994, -41.155658351405258 ], [ -73.90504208178713, -41.155640903252689 ], [ -73.905036520317225, -41.155623350935436 ], [ -73.905037066492909, -41.155603474626467 ], [ -73.905025802517571, -41.155563099058732 ], [ -73.905021206736563, -41.155541477710472 ], [ -73.905034489226352, -41.155526477291417 ], [ -73.905055362480311, -41.15551460640998 ], [ -73.905084797577217, -41.155501792673363 ], [ -73.905106320313109, -41.15546376064966 ], [ -73.905126598882333, -41.155419258486972 ], [ -73.905137290630847, -41.155397607331167 ], [ -73.905156820005132, -41.155385553807449 ], [ -73.905175486098415, -41.155371281799461 ], [ -73.905195015472685, -41.155359228270932 ], [ -73.90522786326936, -41.155343729327846 ], [ -73.905253741936079, -41.155328334541615 ], [ -73.905270985996253, -41.15529077249257 ], [ -73.905276673230333, -41.15527264314008 ], [ -73.905275391334413, -41.155254620648705 ], [ -73.905244536001035, -41.155244140330254 ], [ -73.905207573022039, -41.15523598265753 ], [ -73.905181477861362, -41.155222997745369 ], [ -73.905138089233134, -41.155195069826981 ], [ -73.905118965897358, -41.155181980069592 ], [ -73.905088517500815, -41.155146354380634 ], [ -73.905061482702337, -41.155108042810248 ], [ -73.905048327773301, -41.155087361465384 ], [ -73.905026615492901, -41.155067620267822 ], [ -73.904995656853259, -41.155063426775968 ], [ -73.904972636625786, -41.155055058053392 ], [ -73.904953754936827, -41.155040949654968 ], [ -73.904945742862807, -41.155022015352962 ], [ -73.904939420519838, -41.154995958865833 ], [ -73.904949170833945, -41.154948981544649 ], [ -73.90496537374672, -41.154892376719367 ], [ -73.904980547190178, -41.154857684266119 ], [ -73.904992102219666, -41.15483825007226 ], [ -73.905007377172765, -41.154797270032653 ], [ -73.905022653024176, -41.154756289967388 ], [ -73.905039999492317, -41.154712441377399 ], [ -73.90505613772639, -41.154673678412124 ], [ -73.9050811764683, -41.154626671775901 ], [ -73.905108565203008, -41.154587333841505 ], [ -73.905120845172945, -41.154564847088011 ], [ -73.905149097188627, -41.154527725598079 ], [ -73.905162237744605, -41.154507456659175 ], [ -73.905183760480497, -41.154469423382203 ], [ -73.905213701328918, -41.154425180272973 ], [ -73.905234740771192, -41.154389182165566 ], [ -73.905252949621996, -41.154347549141335 ], [ -73.905258879401174, -41.154328402932947 ], [ -73.905267260682777, -41.154310638558158 ], [ -73.905281023771238, -41.154293603313576 ], [ -73.905304591072735, -41.154282096776491 ], [ -73.905359495204578, -41.154279034814387 ], [ -73.905414540371936, -41.154281241835015 ], [ -73.905467134036869, -41.154282067692222 ], [ -73.905527181023714, -41.154280752137531 ], [ -73.905555306376954, -41.154279312129262 ], [ -73.905581535386617, -41.154272513179578 ], [ -73.905629393133381, -41.154246447601629 ], [ -73.905651373111766, -41.15423577435422 ], [ -73.905683559748368, -41.154205486130628 ], [ -73.905718060445182, -41.154171310743692 ], [ -73.905754386518637, -41.154135282059833 ], [ -73.905789368712433, -41.154099072762783 ], [ -73.905807894668541, -41.154079532828817 ], [ -73.905822445579503, -41.154041605495259 ], [ -73.905832336030798, -41.153999895819254 ], [ -73.905835331912272, -41.153981402216836 ], [ -73.905832080909249, -41.153959962969786 ], [ -73.905821236447139, -41.153935393423033 ], [ -73.905784401028924, -41.15389155510605 ], [ -73.905771627883894, -41.153875125114432 ], [ -73.905758713703364, -41.153853425425474 ], [ -73.905749036152812, -41.153812215476471 ], [ -73.905744059486125, -41.153786341808228 ], [ -73.905746941281564, -41.153733183505324 ], [ -73.905758762212386, -41.153683335382283 ], [ -73.905767003356814, -41.153660302476709 ], [ -73.905793183857455, -41.153626051050466 ], [ -73.905813436375524, -41.153610944677112 ], [ -73.905840658921903, -41.153595733460641 ], [ -73.905896973408744, -41.153575012408332 ], [ -73.905954630876934, -41.1535544739735 ], [ -73.906042003716422, -41.153531660847918 ], [ -73.906117641863347, -41.1535114578868 ], [ -73.906147455150972, -41.153502897548933 ], [ -73.906198423763584, -41.153493002024234 ], [ -73.906252806872558, -41.153480419892865 ], [ -73.906320890187942, -41.153468643334975 ], [ -73.906386281252423, -41.153456502202751 ], [ -73.906446150372844, -41.153438362197186 ], [ -73.906500354717096, -41.153408956966231 ], [ -73.906544935409698, -41.153390845355766 ], [ -73.906579168408541, -41.153387083967907 ], [ -73.906634452527769, -41.153388273056215 ], [ -73.906688290359369, -41.153395565183651 ], [ -73.906737848616956, -41.153403328751857 ], [ -73.906794377801162, -41.153410987479234 ], [ -73.906857878810285, -41.153418537983839 ], [ -73.906927727315193, -41.153422749843379 ], [ -73.906957821775535, -41.153424727597773 ], [ -73.907011099058408, -41.153410944866877 ], [ -73.907040912346048, -41.153402382486711 ], [ -73.907056986799745, -41.153381460486351 ], [ -73.907065226147537, -41.153358428151087 ], [ -73.907061734396024, -41.153338005987031 ], [ -73.907050648287097, -41.153314454170747 ], [ -73.907019958243737, -41.153279847460091 ], [ -73.907003767009044, -41.153266105282007 ], [ -73.906978397687126, -41.153250069468058 ], [ -73.90691423641627, -41.153227728355795 ], [ -73.906867433291652, -41.153202488233234 ], [ -73.90684451367548, -41.153187834266504 ], [ -73.906817861559318, -41.153153773335262 ], [ -73.906809366191681, -41.153136873744394 ], [ -73.906777431083341, -41.153095799299351 ], [ -73.90674818822589, -41.153055088050202 ], [ -73.906704862479728, -41.153009320077793 ], [ -73.906662781798559, -41.152970021079952 ], [ -73.906617286621, -41.15293340936266 ], [ -73.906599510758156, -41.152920499750259 ], [ -73.906577657442242, -41.152895491511856 ], [ -73.906553557439793, -41.15285652726007 ], [ -73.906536287328464, -41.152812188367264 ], [ -73.906530444685856, -41.152784097087448 ], [ -73.906526253146737, -41.152737330568833 ], [ -73.906523650727351, -41.152689729346413 ], [ -73.906518672264056, -41.15266385591152 ], [ -73.906498850038986, -41.152624421427625 ], [ -73.906459804765163, -41.152578183059831 ], [ -73.906439439059369, -41.152558624409799 ], [ -73.906416278694707, -41.152544987598255 ], [ -73.906395187150153, -41.152528480160029 ], [ -73.906375823065886, -41.1525164078461 ], [ -73.906343304950923, -41.152483654040033 ], [ -73.906330531805892, -41.152467223019165 ], [ -73.906297148613305, -41.152432252636174 ], [ -73.906282547396685, -41.152417674253776 ], [ -73.90625368452659, -41.152381215093797 ], [ -73.906157927710581, -41.152054876909197 ], [ -73.906154462908518, -41.152038080524342 ], [ -73.906125701548063, -41.151995336032407 ], [ -73.906112686756231, -41.15197992287338 ], [ -73.906096421859687, -41.151943069804076 ], [ -73.906090478605776, -41.151921265309682 ], [ -73.906088980215884, -41.151874864109296 ], [ -73.906092279727929, -41.151837511119155 ], [ -73.906095922396403, -41.151792855656787 ], [ -73.906102156704478, -41.151754851243041 ], [ -73.906111145247209, -41.151699369873 ], [ -73.906119791531808, -41.151651192952805 ], [ -73.906127815283938, -41.151599781426583 ], [ -73.906138187232216, -41.151556037597366 ], [ -73.906147113791192, -41.151518396952952 ], [ -73.906158349918769, -41.151476871006977 ], [ -73.906168862004222, -41.15143839563072 ], [ -73.906185925503024, -41.151384008420493 ], [ -73.906199814355631, -41.151331291216934 ], [ -73.906211635286454, -41.151281443973204 ], [ -73.906223975443524, -41.151241117150548 ], [ -73.906240936534402, -41.151193014975064 ], [ -73.906264629600017, -41.151145825917922 ], [ -73.906288461904509, -41.151103906065067 ], [ -73.906297945418956, -41.151087342121869 ], [ -73.90633157924151, -41.151050948510374 ], [ -73.906352795651884, -41.151031773606334 ], [ -73.906402579386636, -41.150997568155596 ], [ -73.906465682442075, -41.150959918397163 ], [ -73.906535274028812, -41.15092419639241 ], [ -73.906591686432023, -41.150897189945951 ], [ -73.906650408403834, -41.150866296143072 ], [ -73.906669935981498, -41.150854241786199 ], [ -73.90670119645506, -41.150839576471995 ], [ -73.906725383594093, -41.150831303937302 ], [ -73.906779041762618, -41.150821773272611 ], [ -73.906850334758531, -41.150819879991381 ], [ -73.906882012948714, -41.15082102245367 ], [ -73.90691710922853, -41.150819476172536 ], [ -73.906948786520402, -41.150820617958438 ], [ -73.907004411999424, -41.150814503856957 ], [ -73.907063835555476, -41.150809952946624 ], [ -73.907130849875671, -41.150808531801744 ], [ -73.907196379280705, -41.150801659439438 ], [ -73.907260801961286, -41.150793587118429 ], [ -73.907319360439729, -41.150786819598679 ], [ -73.907370808752674, -41.150774888334539 ], [ -73.9073979288911, -41.150765963052166 ], [ -73.907439193003668, -41.15074425286425 ], [ -73.907458962228134, -41.150731181157752 ], [ -73.907514446671669, -41.150719797779196 ], [ -73.907544399198173, -41.150716505669763 ], [ -73.907599884540019, -41.150705121612297 ], [ -73.90762469510986, -41.150700083675794 ], [ -73.907650126415547, -41.15069827764853 ], [ -73.907672484584651, -41.150691857796154 ], [ -73.907724033508913, -41.150673640590711 ], [ -73.907768612404894, -41.150655530253786 ], [ -73.907824402275622, -41.150625287725127 ], [ -73.907862593251608, -41.150598962306219 ], [ -73.907910165334101, -41.150562357381745 ], [ -73.907958361745727, -41.150528987060504 ], [ -73.908001796188017, -41.150498121493619 ], [ -73.908021324663977, -41.150486067069018 ], [ -73.90805210184395, -41.150473435658533 ], [ -73.908115318087113, -41.15047044927725 ], [ -73.90816780844581, -41.150477559773059 ], [ -73.908222748510255, -41.15048605151145 ], [ -73.908291147134292, -41.150496366868445 ], [ -73.908347814659038, -41.150509291839391 ], [ -73.908399479465999, -41.150525740261379 ], [ -73.908452350710348, -41.150537100675443 ], [ -73.908479026182704, -41.150541765242636 ], [ -73.908503975991408, -41.150541993871343 ], [ -73.90856436164313, -41.150533374297531 ], [ -73.908596383888067, -41.150527211467249 ], [ -73.908624848804479, -41.150518468107215 ], [ -73.908680233535009, -41.150513370631742 ], [ -73.908705183343699, -41.150513599260577 ], [ -73.908766229257139, -41.150519768179855 ], [ -73.908830209966638, -41.150525284356654 ], [ -73.908915242694803, -41.150535751224766 ], [ -73.908962347653343, -41.150542131860263 ], [ -73.909037718102326, -41.150552341011114 ], [ -73.909067086723894, -41.15055736881272 ], [ -73.90910221893634, -41.150567377065585 ], [ -73.90916517287144, -41.150594803025676 ], [ -73.909195926695205, -41.150611567988733 ], [ -73.909230413018975, -41.150647738627107 ], [ -73.909248711701309, -41.150670167199735 ], [ -73.909269319053919, -41.150688707732428 ], [ -73.909323957284442, -41.150716057206949 ], [ -73.909389080650968, -41.15073432648451 ], [ -73.909424315271352, -41.150738049468977 ], [ -73.909455131078872, -41.150736973293796 ], [ -73.909484460174582, -41.150730445895313 ], [ -73.909545531240852, -41.150707218497651 ], [ -73.909575443343172, -41.150692370518563 ], [ -73.909624020640493, -41.150663250855956 ], [ -73.909651723785529, -41.150646003622036 ], [ -73.909669064863778, -41.150602153635575 ], [ -73.909676338522644, -41.150583189642077 ], [ -73.90970910726756, -41.150544579134504 ], [ -73.909747055698418, -41.150519270337277 ], [ -73.90980053420391, -41.150492914437024 ], [ -73.909847320260553, -41.15047720194849 ], [ -73.909898526028371, -41.150466286606466 ], [ -73.909936655918926, -41.150457802306121 ], [ -73.909988443795058, -41.150438567027493 ], [ -73.910049272316201, -41.150416356858514 ], [ -73.910080049496159, -41.150403724758164 ], [ -73.910130532120164, -41.150395862077715 ], [ -73.910217366868807, -41.150386235298363 ], [ -73.910252307740095, -41.150386106778939 ], [ -73.910305138560275, -41.150385911294187 ], [ -73.910363595529063, -41.150385429684597 ], [ -73.910415082469569, -41.150385053596217 ], [ -73.910466809260257, -41.150383658822385 ], [ -73.910520605769378, -41.150379394683412 ], [ -73.910570845848255, -41.150372550009259 ], [ -73.910596519699084, -41.150369725963735 ], [ -73.910621850393468, -41.150374207233533 ], [ -73.910659231089056, -41.150398168662477 ], [ -73.910691750102359, -41.150430922157611 ], [ -73.910707840725721, -41.150450950875992 ], [ -73.910720514157745, -41.150473667669566 ], [ -73.910735257308204, -41.150493513065911 ], [ -73.910743511029025, -41.150511429992413 ], [ -73.910754940294396, -41.15052767684179 ], [ -73.910774039375639, -41.150570163223321 ], [ -73.910809593796273, -41.150595977959902 ], [ -73.910857703969626, -41.150609842452504 ], [ -73.910912785069584, -41.150623602774175 ], [ -73.910972284982435, -41.150642159554003 ], [ -73.911030579356165, -41.15066580364639 ], [ -73.911080073833375, -41.150691406627473 ], [ -73.911128604418295, -41.150721078231832 ], [ -73.911180691433401, -41.150753331019189 ], [ -73.911222491840192, -41.150782091466034 ], [ -73.911270881389612, -41.150806495120399 ], [ -73.91132061931026, -41.150831080044526 ], [ -73.911374874858481, -41.150854176850551 ], [ -73.911422261888035, -41.150871093263781 ], [ -73.911477966418801, -41.150888087460096 ], [ -73.911529632124044, -41.150904533081416 ], [ -73.911583506786585, -41.150923379286233 ], [ -73.911611428222244, -41.150934510327644 ], [ -73.911659338071289, -41.150960947219836 ], [ -73.911708731937182, -41.150992835979679 ], [ -73.911736793510045, -41.151009235578726 ], [ -73.91175981553414, -41.151017602788585 ], [ -73.911824317266479, -41.151032637383537 ], [ -73.911874738805068, -41.151042615801757 ], [ -73.911935305018162, -41.151050817286617 ], [ -73.911984620730621, -41.151059595748983 ], [ -73.912035042269196, -41.151069574163131 ], [ -73.912090363219349, -41.151082314360927 ], [ -73.912154104976963, -41.151088846459245 ], [ -73.912178812240526, -41.151090092407728 ], [ -73.91221684062144, -41.151087892043769 ], [ -73.912250690039684, -41.151079877252961 ], [ -73.912271320748488, -41.151069020859033 ], [ -73.912289603261144, -41.151050497344166 ], [ -73.912299085877294, -41.151033932034679 ], [ -73.912315078584285, -41.150989899000116 ], [ -73.912328280225708, -41.150951789277038 ], [ -73.912339270214886, -41.15091127894383 ], [ -73.912344193880969, -41.150884646548313 ], [ -73.912355745317214, -41.15086521185308 ], [ -73.912376618571145, -41.15085333809828 ], [ -73.912426198388317, -41.150831703021197 ], [ -73.912467942201246, -41.15080795685018 ], [ -73.912487228132079, -41.150796919132397 ], [ -73.912512681895663, -41.150765716837469 ], [ -73.9125255799065, -41.150746464738788 ], [ -73.912546816978121, -41.150697892092147 ], [ -73.912558089038328, -41.150667918796223 ], [ -73.912559977297036, -41.150648226998939 ], [ -73.912556342713401, -41.150622535390532 ], [ -73.91255823276876, -41.150602841550366 ], [ -73.912559751819913, -41.150554001612939 ], [ -73.912562757582862, -41.150531006839998 ], [ -73.912570916980584, -41.150484863046941 ], [ -73.912576155955321, -41.150440308125823 ], [ -73.912584455490219, -41.1503994342402 ], [ -73.912592030983021, -41.150361610975231 ], [ -73.912602879936699, -41.150315832329007 ], [ -73.912614214878957, -41.150268018305617 ], [ -73.912623477407848, -41.150223074972288 ], [ -73.912634809655174, -41.150175261557663 ], [ -73.912647589088394, -41.150121343411925 ], [ -73.912661232700927, -41.15006964320704 ], [ -73.912672805696744, -41.150020810989446 ], [ -73.912681526541505, -41.149995744149074 ], [ -73.91269307797775, -41.149976308513899 ], [ -73.912701072983779, -41.149954291645166 ], [ -73.912696232861038, -41.149933687815867 ], [ -73.91268586989591, -41.149907085462267 ], [ -73.912682135599269, -41.149887680239857 ], [ -73.912670946184093, -41.149870415214927 ], [ -73.912648268214753, -41.14985474451543 ], [ -73.912599856207464, -41.149859738549338 ], [ -73.912545999511224, -41.149881844737685 ], [ -73.912491659521379, -41.149905984922235 ], [ -73.912469059705458, -41.149913423544334 ], [ -73.91241785393764, -41.14992433965481 ], [ -73.912365163254634, -41.149929803797164 ], [ -73.912303152550592, -41.149927705534076 ], [ -73.912245037839909, -41.149920886516817 ], [ -73.912183127747141, -41.149912501580054 ], [ -73.912129533358993, -41.149904194430832 ], [ -73.912069450439517, -41.149893958122171 ], [ -73.912012542166281, -41.149882051046731 ], [ -73.911960876461038, -41.149865605168962 ], [ -73.911937615485058, -41.149858255829301 ], [ -73.91188060570218, -41.14985263542718 ], [ -73.911815038567909, -41.149847955929644 ], [ -73.911745776662883, -41.149835425859756 ], [ -73.911709539522633, -41.14982421887229 ], [ -73.911680131375164, -41.149807637018753 ], [ -73.911646124751783, -41.149769432585501 ], [ -73.91161908905498, -41.149731122607704 ], [ -73.91159460637023, -41.149687907849021 ], [ -73.911574058306442, -41.149651526989189 ], [ -73.911564458010972, -41.14963342651631 ], [ -73.911548913563308, -41.149593522799151 ], [ -73.911536963275097, -41.149567755017678 ], [ -73.911523829905619, -41.14951767847726 ], [ -73.911521541896605, -41.149492169061176 ], [ -73.911525040834633, -41.149442245335642 ], [ -73.911530127095787, -41.149391485506882 ], [ -73.911533664661363, -41.149353116458961 ], [ -73.911534473145124, -41.149302827355832 ], [ -73.911538352968833, -41.149257154169781 ], [ -73.911550931179434, -41.149215808751279 ], [ -73.911573373790176, -41.149162149565846 ], [ -73.911591195467096, -41.149116265235335 ], [ -73.911610502957515, -41.149075831557568 ], [ -73.911623640818533, -41.149055560933022 ], [ -73.911662413902832, -41.149020912741207 ], [ -73.911701084579178, -41.148992550616803 ], [ -73.911741584225439, -41.148962337084122 ], [ -73.911786602397598, -41.148930635385007 ], [ -73.911825032325439, -41.148903291253617 ], [ -73.911859425224421, -41.148875399199675 ], [ -73.911901028001864, -41.148846384253751 ], [ -73.911922623501283, -41.148831459416208 ], [ -73.911935903296111, -41.148816458138199 ], [ -73.911971018440582, -41.14878551600443 ], [ -73.911988576911128, -41.148770043240994 ], [ -73.912032249406991, -41.148738159487927 ], [ -73.912068087695232, -41.148704164564847 ], [ -73.912108447204332, -41.148668680112856 ], [ -73.912159672735086, -41.148628370623328 ], [ -73.912186510802513, -41.148608904819589 ], [ -73.912208970481245, -41.148596196610114 ], [ -73.912234501499938, -41.148588105077359 ], [ -73.912262243272536, -41.14858241218765 ], [ -73.912315415452525, -41.148574913211668 ], [ -73.912373971235994, -41.148568144110037 ], [ -73.912399402541695, -41.14856633734761 ], [ -73.912460369403405, -41.148549394635104 ], [ -73.91248272757251, -41.148542973219449 ], [ -73.912534374413127, -41.148518467933414 ], [ -73.912561974251915, -41.148507506267578 ], [ -73.912608719884375, -41.14848023772074 ], [ -73.912654983121513, -41.148455003887662 ], [ -73.912706248178125, -41.148426247155044 ], [ -73.912728949503673, -41.148412520870551 ], [ -73.912753857091559, -41.14840119458669 ], [ -73.912805122148185, -41.14837243918339 ], [ -73.912861289311337, -41.148346445667855 ], [ -73.91291673243235, -41.148323504912312 ], [ -73.912945678845759, -41.148312725176062 ], [ -73.912976734503445, -41.148310630243415 ], [ -73.912994510366289, -41.148323538057788 ], [ -73.913015120413846, -41.148342077224804 ], [ -73.913050191540862, -41.148369926889991 ], [ -73.913096029874865, -41.148399232238852 ], [ -73.913138894785263, -41.148417636096774 ], [ -73.913188108988095, -41.148432699698333 ], [ -73.913247466967135, -41.148445988323239 ], [ -73.913273661840819, -41.148452685058651 ], [ -73.913307588514158, -41.148467778415423 ], [ -73.913339788625507, -41.148478439073131 ], [ -73.913384521133409, -41.148506545726576 ], [ -73.913409027174353, -41.148520363310418 ], [ -73.91342766721651, -41.148535487767695 ], [ -73.913444379474058, -41.148558749756589 ], [ -73.913478868492746, -41.148594918821736 ], [ -73.913517152893533, -41.148632652463512 ], [ -73.913529929631821, -41.148649081063219 ], [ -73.913546197223297, -41.148685931925527 ], [ -73.913554694387571, -41.1487028319873 ], [ -73.913569194992903, -41.148723695954473 ], [ -73.913591734621676, -41.148734096143144 ], [ -73.913615960388256, -41.148737377529145 ], [ -73.913641491406949, -41.148729284660938 ], [ -73.913653766885318, -41.148706797927389 ], [ -73.91367349299064, -41.148682170267726 ], [ -73.913725542276495, -41.148632519882064 ], [ -73.913770240648404, -41.148578724931959 ], [ -73.913787416436648, -41.148559001391085 ], [ -73.913801519088295, -41.148534661838077 ], [ -73.913808509777837, -41.148505159706467 ], [ -73.913807467732113, -41.148486119345407 ], [ -73.913789290322327, -41.148428009952873 ], [ -73.913774124963709, -41.148392358271103 ], [ -73.913765869446252, -41.148374440765508 ], [ -73.913763099041901, -41.148350965632964 ], [ -73.913779332497398, -41.148305916137431 ], [ -73.913805467183977, -41.148260106968948 ], [ -73.913812739944518, -41.148241142298019 ], [ -73.913825036084106, -41.14818925932444 ], [ -73.913836086260417, -41.148130907502853 ], [ -73.913845007429515, -41.148093266921286 ], [ -73.913861099849512, -41.14804294844128 ], [ -73.91387616639345, -41.14801453854291 ], [ -73.91388944349336, -41.147999538430895 ], [ -73.913906480042726, -41.147974545902912 ], [ -73.913915882708793, -41.147934870490396 ], [ -73.913919840685935, -41.147912307722734 ], [ -73.913910120914579, -41.147859543758841 ], [ -73.913906143174501, -41.147841155302487 ], [ -73.913905100230451, -41.147822114748585 ], [ -73.913888068172668, -41.147776760489499 ], [ -73.913872141042674, -41.147732605536568 ], [ -73.913868163302595, -41.147714217721081 ], [ -73.91387139993256, -41.147694706324124 ], [ -73.913871319982505, -41.147671595552595 ], [ -73.913856497780316, -41.147628640544752 ], [ -73.913844686730954, -41.147608141510297 ], [ -73.913813753244142, -41.147574554575264 ], [ -73.913792040065431, -41.147554814497617 ], [ -73.913771089556363, -41.147543578033108 ], [ -73.913711490828831, -41.147531308631528 ], [ -73.913652134646441, -41.14751802049765 ], [ -73.913583697394827, -41.147496154327698 ], [ -73.913555053713679, -41.14748807551171 ], [ -73.913510801804478, -41.147457934342142 ], [ -73.913494854013223, -41.147443174918372 ], [ -73.913445499673216, -41.147422842908711 ], [ -73.913415510315758, -41.147414581442582 ], [ -73.913357397401725, -41.147407762163937 ], [ -73.913295248357102, -41.147400396990484 ], [ -73.913267227208451, -41.147395551587991 ], [ -73.913219179917164, -41.147363846425534 ], [ -73.913164706078319, -41.147312371333342 ], [ -73.913138574086716, -41.147287833794238 ], [ -73.913123932445899, -41.147261701176454 ], [ -73.913128775263601, -41.147211959070745 ], [ -73.91314317974917, -41.147168760915861 ], [ -73.913163973053059, -41.147133778236359 ], [ -73.913189906517005, -41.147100541460397 ], [ -73.913199870630137, -41.147081941738193 ], [ -73.913230325314885, -41.14704721741716 ], [ -73.913266784339015, -41.147016455737806 ], [ -73.913306317398025, -41.146990309482824 ], [ -73.913342916559344, -41.146964816671222 ], [ -73.913382692163495, -41.146937654362446 ], [ -73.913431644058264, -41.146912784544305 ], [ -73.91348353074909, -41.14688726261506 ], [ -73.913536763116184, -41.146861920612686 ], [ -73.913589373849121, -41.146833346500628 ], [ -73.91362914586, -41.146806184137404 ], [ -73.913662672783033, -41.146776075800666 ], [ -73.913683504714484, -41.146752647447776 ], [ -73.913716509716323, -41.146713017971344 ], [ -73.913749311698936, -41.146685961085439 ], [ -73.913765522696536, -41.146670306536258 ], [ -73.913815681927076, -41.146640351016352 ], [ -73.913847419406054, -41.146623649301247 ], [ -73.913900853894091, -41.146585735918642 ], [ -73.913954908219679, -41.146551056657522 ], [ -73.914006653875006, -41.146520264981262 ], [ -73.914049359783618, -41.146492449029829 ], [ -73.914069127211434, -41.146479377152062 ], [ -73.91409086105142, -41.146469720033529 ], [ -73.914152487276539, -41.146467565513674 ], [ -73.914231267730329, -41.146475082995011 ], [ -73.914277990006568, -41.146477209103381 ], [ -73.914325776786427, -41.146468981341002 ], [ -73.914394615584968, -41.146465701870838 ], [ -73.914467390801065, -41.146469256659557 ], [ -73.91453319509057, -41.146472917652012 ], [ -73.914593896949285, -41.146486386612004 ], [ -73.914620714355451, -41.146496317693618 ], [ -73.914641423217702, -41.146508571053907 ], [ -73.914664482072737, -41.146528492737204 ], [ -73.914677497762867, -41.146543905148413 ], [ -73.914711925696139, -41.146597914851938 ], [ -73.914736611400158, -41.146628556318333 ], [ -73.914764190577699, -41.146646989760889 ], [ -73.914828067082595, -41.146658788514316 ], [ -73.914889353744556, -41.146663937700161 ], [ -73.91495208489745, -41.146662981190886 ], [ -73.915019295948696, -41.146648982601747 ], [ -73.915050452217699, -41.146640601305293 ], [ -73.915112700975314, -41.146641680253509 ], [ -73.915173544767825, -41.146660418097738 ], [ -73.915206365615049, -41.146674312510171 ], [ -73.915258511020653, -41.146688722379224 ], [ -73.915315176748791, -41.146701644042011 ], [ -73.915377325793386, -41.146709009293964 ], [ -73.915434092132827, -41.146715644649277 ], [ -73.915487061293561, -41.146720716714711 ], [ -73.915547623913383, -41.146728916710821 ], [ -73.915599388433321, -41.146739075044771 ], [ -73.91564773755853, -41.146751921611099 ], [ -73.915712619278239, -41.146771205323191 ], [ -73.915786638661032, -41.146781228359558 ], [ -73.915811345924595, -41.146782473037014 ], [ -73.915842943266412, -41.146760501771197 ], [ -73.915856964171368, -41.146713052470595 ], [ -73.915865462233938, -41.146659605673619 ], [ -73.915866486313362, -41.146637694571282 ], [ -73.915852847192426, -41.146619048718691 ], [ -73.915835553724875, -41.146604107815655 ], [ -73.915812874857224, -41.146588437688422 ], [ -73.915759483488301, -41.146567560189112 ], [ -73.915709648549608, -41.14654926269219 ], [ -73.915660194496581, -41.146535216726733 ], [ -73.915598487423082, -41.146514262770751 ], [ -73.915577054518721, -41.146505061589998 ], [ -73.915555482375481, -41.146490590799381 ], [ -73.915518683788179, -41.146458308856772 ], [ -73.91548567968465, -41.146427591547429 ], [ -73.915454848605776, -41.146387718349239 ], [ -73.915443418442109, -41.146371471826924 ], [ -73.915425642579251, -41.146358565657643 ], [ -73.915371186706736, -41.146348041976552 ], [ -73.915344751982872, -41.146342363774437 ], [ -73.915331354508723, -41.146322700442234 ], [ -73.915348771045458, -41.146301959503262 ], [ -73.915366325922733, -41.146286486830206 ], [ -73.915389024553335, -41.146272761450696 ], [ -73.915472829284511, -41.146247359005876 ], [ -73.915524130273738, -41.146230156609661 ], [ -73.915573362442885, -41.146215823079928 ], [ -73.915595720611989, -41.146209400082817 ], [ -73.915634527832282, -41.146186306375775 ], [ -73.915668294605496, -41.146155180356203 ], [ -73.915692881494806, -41.146121759763055 ], [ -73.915711562859471, -41.146078090748553 ], [ -73.915724962130241, -41.146027406785059 ], [ -73.915732394790908, -41.145984315407475 ], [ -73.91573761849429, -41.145938825260892 ], [ -73.91573101048705, -41.145902231263996 ], [ -73.915722634595355, -41.145849648328095 ], [ -73.915713676595345, -41.145805388578275 ], [ -73.915705682487612, -41.145757057151748 ], [ -73.915708213940093, -41.14571120155577 ], [ -73.915709118543589, -41.145654627313014 ], [ -73.915708556198226, -41.145633551311541 ], [ -73.915702470112166, -41.145606479097935 ], [ -73.915692869816709, -41.145588378861305 ], [ -73.915660309480941, -41.145544072935387 ], [ -73.915635202467058, -41.145497623927724 ], [ -73.91562700713672, -41.145461867152889 ], [ -73.915623773201688, -41.14541103186049 ], [ -73.915630683941174, -41.145358418766001 ], [ -73.915644563810631, -41.145305700099925 ], [ -73.915659168620522, -41.145249929831223 ], [ -73.915683192266172, -41.145195435340298 ], [ -73.915708602910598, -41.145152678269596 ], [ -73.915729975627855, -41.145109373228358 ], [ -73.915760768977492, -41.145067344662735 ], [ -73.915799255499195, -41.145022157616559 ], [ -73.915855679580503, -41.144965749868334 ], [ -73.915902722555302, -41.144919621099831 ], [ -73.915960150054772, -41.144870698457908 ], [ -73.916012716770268, -41.144830567252413 ], [ -73.916065906018233, -41.144793671605399 ], [ -73.916096296922603, -41.144776786771459 ], [ -73.916126347365491, -41.144767205843927 ], [ -73.916195905714574, -41.144760874705646 ], [ -73.916261950752585, -41.144763517020728 ], [ -73.916324097102262, -41.144770881137397 ], [ -73.916383313147463, -41.144778898052408 ], [ -73.916434212589778, -41.144786840554119 ], [ -73.916504092535732, -41.144802600406628 ], [ -73.916563588855311, -41.144821155451588 ], [ -73.916588676106244, -41.144826652490011 ], [ -73.916609867363803, -41.144836870648497 ], [ -73.916653194008276, -41.144882635531772 ], [ -73.91666938434463, -41.144896376084723 ], [ -73.916686899696046, -41.14493969682551 ], [ -73.916701863832046, -41.144987920618711 ], [ -73.91670939800234, -41.145008888591931 ], [ -73.916732155023439, -41.145047669448182 ], [ -73.916743343540304, -41.145064933037126 ], [ -73.916771202992194, -41.145093903656267 ], [ -73.916782230710638, -41.145135295644629 ], [ -73.91678514304877, -41.145164038261662 ], [ -73.916786789660705, -41.145215709864104 ], [ -73.916788979753363, -41.145247504006441 ], [ -73.916807700643886, -41.145285737456888 ], [ -73.916830118101785, -41.145331820644302 ], [ -73.91684072361204, -41.145357405414231 ], [ -73.916861272574167, -41.145393785950802 ], [ -73.916880475859998, -41.145429984497063 ], [ -73.916903134066402, -41.145475050174326 ], [ -73.916925831798693, -41.145531670571913 ], [ -73.916939108898589, -41.145587016455899 ], [ -73.916935715063445, -41.145630655356378 ], [ -73.916928624660898, -41.145666443156657 ], [ -73.916919946935266, -41.14570306772611 ], [ -73.916916754322742, -41.145734133078314 ], [ -73.916919465438269, -41.145775448898448 ], [ -73.916919787035141, -41.145797541581572 ], [ -73.916928122502668, -41.145838568511216 ], [ -73.916933666904598, -41.145885517184553 ], [ -73.916937202673552, -41.145917494323868 ], [ -73.916936177695817, -41.145939403637463 ], [ -73.916924327120597, -41.145977698242667 ], [ -73.916916894459931, -41.146020790301094 ], [ -73.916914223768586, -41.146061377390375 ], [ -73.916912718192165, -41.146085321454542 ], [ -73.916902594178936, -41.14612804882929 ], [ -73.916894679122962, -41.146173175584828 ], [ -73.916891586223429, -41.146197956390644 ], [ -73.916895221705374, -41.146223647026943 ], [ -73.916906552156064, -41.14624617993497 ], [ -73.916922017551983, -41.146262973068382 ], [ -73.916977236992523, -41.146281999192915 ], [ -73.917032416008837, -41.14628946934333 ], [ -73.917092978628659, -41.14629766871689 ], [ -73.91715685513357, -41.146309464827326 ], [ -73.917192228094507, -41.146318454303589 ], [ -73.917216353249771, -41.14632802079884 ], [ -73.917257090051294, -41.14636713301649 ], [ -73.917272696482726, -41.146389196412542 ], [ -73.91729503488888, -41.146412168285536 ], [ -73.917345009964777, -41.146435734081194 ], [ -73.917371825574307, -41.146445664494024 ], [ -73.917402057476906, -41.146452906659299 ], [ -73.917460409342809, -41.146458706614339 ], [ -73.917511170444556, -41.146461377948711 ], [ -73.917537224282739, -41.146462805952446 ], [ -73.917561448252698, -41.14646608542273 ], [ -73.917590956113145, -41.146476379765552 ], [ -73.917643001805772, -41.146497074650192 ], [ -73.917671163989922, -41.146507187020958 ], [ -73.917701635742674, -41.146513411786735 ], [ -73.917729778163888, -41.146482572740716 ], [ -73.91773507912238, -41.14646019211709 ], [ -73.917754362358281, -41.146449152990904 ], [ -73.917785417117656, -41.146447057998721 ], [ -73.917837222960074, -41.146468770285985 ], [ -73.91784999700343, -41.146485198751442 ], [ -73.917853251599695, -41.14650663841352 ], [ -73.917842265203774, -41.146547149438888 ], [ -73.917840618591853, -41.146565826428954 ], [ -73.917851083964905, -41.146586141792916 ], [ -73.91788384731997, -41.146617875742592 ], [ -73.917923922063096, -41.146642199095687 ], [ -73.917954392917537, -41.146648424525111 ], [ -73.917978035677507, -41.146660025076571 ], [ -73.91801104067936, -41.146690741600601 ], [ -73.91803371775039, -41.146706411703349 ], [ -73.918088556305207, -41.146721184822077 ], [ -73.918116578352198, -41.146726027568604 ], [ -73.918148014895564, -41.146728183432892 ], [ -73.918184552073114, -41.146720530012914 ], [ -73.918238265038894, -41.146693152489924 ], [ -73.918277271685156, -41.146657485659297 ], [ -73.918298725250779, -41.146637290726687 ], [ -73.918314612854886, -41.146599543083958 ], [ -73.918325940610615, -41.146551728379833 ], [ -73.918329416192449, -41.146531199921 ], [ -73.918318226777274, -41.146513936041607 ], [ -73.918302277189412, -41.146499177081793 ], [ -73.918271906047977, -41.146486666665666 ], [ -73.918247921928213, -41.146482370479731 ], [ -73.918228074550314, -41.146472333868502 ], [ -73.918199450632102, -41.146434860096569 ], [ -73.918173517168157, -41.146397751591117 ], [ -73.918150134919628, -41.146355736703995 ], [ -73.918142119252337, -41.146336803275851 ], [ -73.918138301412398, -41.14629428844561 ], [ -73.918134825830563, -41.146244469842422 ], [ -73.918130848988795, -41.1462260829625 ], [ -73.918129803349814, -41.146207041939633 ], [ -73.918123616652451, -41.146186254964704 ], [ -73.918086433586211, -41.146149723340372 ], [ -73.918067170113247, -41.14613136552174 ], [ -73.918057105388812, -41.146085905241534 ], [ -73.918060340222155, -41.146066394036481 ], [ -73.918068897573548, -41.146065453077135 ], [ -73.918092598724002, -41.146059211357247 ], [ -73.918143941934062, -41.146053562218029 ], [ -73.918168265617012, -41.146050555341581 ], [ -73.918194519779505, -41.146039409941714 ], [ -73.91820914255571, -41.146024589993466 ], [ -73.918265926861451, -41.146001829717683 ], [ -73.918292321161118, -41.145995953281904 ], [ -73.918317509921692, -41.145995162496369 ], [ -73.918373593541503, -41.146016404791489 ], [ -73.918405791856216, -41.146027063141901 ], [ -73.918425780269629, -41.146042368113413 ], [ -73.918484413308207, -41.146058705363238 ], [ -73.918511329529082, -41.146062348790608 ], [ -73.918533927548367, -41.146054907702194 ], [ -73.918554314813733, -41.146045068552652 ], [ -73.918580728876336, -41.14600979574746 ], [ -73.918604067107438, -41.145969908089477 ], [ -73.918611580616471, -41.145949925354749 ], [ -73.918621301286151, -41.145932342031337 ], [ -73.918649925204363, -41.145899468584155 ], [ -73.918667720830143, -41.145882978413717 ], [ -73.918689232786249, -41.145844942162725 ], [ -73.918715505813353, -41.145804400262641 ], [ -73.918746297366354, -41.145762370789541 ], [ -73.91877901580564, -41.145712202725704 ], [ -73.918790082151631, -41.145694801984455 ], [ -73.918826257308112, -41.145653501672321 ], [ -73.918855845118628, -41.145616558459125 ], [ -73.918868257140915, -41.145599338985768 ], [ -73.918888283283536, -41.14555585159323 ], [ -73.918912204521234, -41.14550764174701 ], [ -73.918928192736672, -41.145463609059867 ], [ -73.91894062362357, -41.145416994260252 ], [ -73.918950985690373, -41.145373249011847 ], [ -73.918964383164507, -41.145322565180052 ], [ -73.918978882871514, -41.145273080015116 ], [ -73.918986796130852, -41.145227952640134 ], [ -73.918981633512928, -41.145185256473063 ], [ -73.918976086416038, -41.145138308651326 ], [ -73.918980303107986, -41.145085331395748 ], [ -73.918997112383579, -41.145031959713549 ], [ -73.919004142598993, -41.145014012201337 ], [ -73.919022662266897, -41.144994470236064 ], [ -73.919067052516667, -41.144959531720346 ], [ -73.919102303306701, -41.144933853441778 ], [ -73.919120339681001, -41.144916346287509 ], [ -73.919137130990279, -41.144892370678676 ], [ -73.919162338615465, -41.144862185021516 ], [ -73.919180999318868, -41.144847911399083 ], [ -73.91918274474547, -41.144822948787699 ], [ -73.919197769068589, -41.144782984642497 ], [ -73.91920654471059, -41.144740074419232 ], [ -73.91921656631591, -41.144703632637039 ], [ -73.919224559525304, -41.144681615350763 ], [ -73.919241632007285, -41.144668177814481 ], [ -73.919269271371959, -41.144668768378828 ], [ -73.91929528298931, -41.144658641518575 ], [ -73.919317838787777, -41.144639645364528 ], [ -73.919333725493587, -41.144601897924765 ], [ -73.919342883817905, -41.144563239923883 ], [ -73.919352041243926, -41.144524579870804 ], [ -73.919361058532729, -41.144480654083658 ], [ -73.919365395598916, -41.144462342474817 ], [ -73.919369411068246, -41.144421937045259 ], [ -73.919373287298697, -41.144376263841757 ], [ -73.919376056804708, -41.144329390530132 ], [ -73.919381759310141, -41.14428186505743 ], [ -73.919389430922678, -41.144237755104818 ], [ -73.919390453205452, -41.144215845222675 ], [ -73.919386477262023, -41.144197457773942 ], [ -73.919359678720468, -41.144158131846702 ], [ -73.919333023011035, -41.144124075018659 ], [ -73.919302571021205, -41.144088454144395 ], [ -73.919283548296761, -41.144069080347599 ], [ -73.919271173105415, -41.14402750638866 ], [ -73.919265608940535, -41.144009954344526 ], [ -73.919259481531981, -41.143971326436443 ], [ -73.919251766800315, -41.143933533964052 ], [ -73.919233767256983, -41.143892249454723 ], [ -73.919225511739512, -41.143874331395921 ], [ -73.919225429992821, -41.143851223336789 ], [ -73.919257365101174, -41.143821947073619 ], [ -73.919286086935756, -41.14378278801329 ], [ -73.919295105122885, -41.143738859699845 ], [ -73.919301811944806, -41.143698819803923 ], [ -73.919303458556712, -41.143680144026696 ], [ -73.919301068139745, -41.143660920965949 ], [ -73.919290600970058, -41.143640605372198 ], [ -73.919271578245599, -41.14362123076657 ], [ -73.919253561634264, -41.143609341493722 ], [ -73.91920065355896, -41.143586430875743 ], [ -73.919175184524036, -41.143576683358184 ], [ -73.91913203754261, -41.143547743863721 ], [ -73.919091683423432, -41.143512882373429 ], [ -73.919075112201384, -41.143494889797175 ], [ -73.919055526233237, -41.143454439799704 ], [ -73.919042128759088, -41.143434777630993 ], [ -73.919025314991913, -41.14341780179754 ], [ -73.919006193452788, -41.1434047137476 ], [ -73.918982269520143, -41.1433825769629 ], [ -73.918947157968958, -41.143343175456572 ], [ -73.918920844517643, -41.143301814808581 ], [ -73.918901881081993, -41.14326459899749 ], [ -73.918883781825656, -41.14322960070534 ], [ -73.91886419675582, -41.143189150544231 ], [ -73.918849372757009, -41.143146196658968 ], [ -73.918843185161336, -41.143125409390265 ], [ -73.918839548781065, -41.143099718216625 ], [ -73.918856540414666, -41.143063169313457 ], [ -73.918894583168637, -41.143031570971736 ], [ -73.918918000451455, -41.143014792570149 ], [ -73.918947345716845, -41.142978867347395 ], [ -73.918966163625413, -41.142940466134263 ], [ -73.918980322870922, -41.142898285320122 ], [ -73.918992273159148, -41.14285370494887 ], [ -73.91900143148348, -41.142815046593952 ], [ -73.919011551903452, -41.142772318413527 ], [ -73.919022538299373, -41.142731807762111 ], [ -73.919034387077971, -41.142693513290865 ], [ -73.91904513182709, -41.142654019366823 ], [ -73.91905218090713, -41.142606676010978 ], [ -73.919053745772359, -41.142564890057358 ], [ -73.919057219557544, -41.142544361026943 ], [ -73.91905541035058, -41.142516817371117 ], [ -73.919037993813845, -41.142467211701479 ], [ -73.91902658431141, -41.142421569608558 ], [ -73.919029212781936, -41.142369428342541 ], [ -73.919019529841506, -41.142328219293169 ], [ -73.919002495987087, -41.142282864616639 ], [ -73.918996068541219, -41.142263095209401 ], [ -73.918967686269824, -41.142224605631831 ], [ -73.918945971294448, -41.142204866649649 ], [ -73.918922831591047, -41.142161835674898 ], [ -73.918903145909908, -41.14212767227562 ], [ -73.918880147242007, -41.142089909859855 ], [ -73.91886871797665, -41.142073662949237 ], [ -73.918850720229926, -41.14203237997507 ], [ -73.918841357988043, -41.142013262642479 ], [ -73.918839208319554, -41.141993022983328 ], [ -73.918829526277435, -41.141951813697453 ], [ -73.918822776336398, -41.14190995155797 ], [ -73.918827514949513, -41.141866496220587 ], [ -73.918836854733527, -41.141844660638384 ], [ -73.91887989661204, -41.141809539140773 ], [ -73.918901628655405, -41.141799882010993 ], [ -73.918908898721, -41.141780916824629 ], [ -73.918913959829297, -41.141759552739281 ], [ -73.918903734306426, -41.141738219766268 ], [ -73.918910201278166, -41.141699197469229 ], [ -73.918943441638604, -41.14165854882382 ], [ -73.918981340662143, -41.14162168115849 ], [ -73.918992167157938, -41.141605297477199 ], [ -73.919032075712764, -41.141583402275266 ], [ -73.919061159568386, -41.141577890081749 ], [ -73.919081545037145, -41.14156804958396 ], [ -73.919120067491463, -41.141534416258573 ], [ -73.919165418938576, -41.141495408723486 ], [ -73.919202838261739, -41.141460575232102 ], [ -73.919247948062051, -41.141422584448229 ], [ -73.919289161868974, -41.141389315011075 ], [ -73.919304746740835, -41.141370426151717 ], [ -73.91931677697913, -41.141348955720368 ], [ -73.919334673216198, -41.141326178938499 ], [ -73.919383661043597, -41.141312861810228 ], [ -73.919431884404688, -41.141291040926923 ], [ -73.919481795700179, -41.141262099070829 ], [ -73.919505355815133, -41.141250589570127 ], [ -73.91954060480856, -41.141224912545297 ], [ -73.919579126364582, -41.141191279043966 ], [ -73.919600636524066, -41.141153242777705 ], [ -73.919605695835742, -41.141131878487883 ], [ -73.919606960663671, -41.141108952121094 ], [ -73.919603706067392, -41.141087511370763 ], [ -73.919594103975328, -41.141069413269406 ], [ -73.919574118256875, -41.141054107137272 ], [ -73.919568172308004, -41.141032303080749 ], [ -73.91957299266781, -41.14101195690607 ], [ -73.919584780360978, -41.1409915038357 ], [ -73.919609686152242, -41.140980176270048 ], [ -73.919638146577071, -41.140971428930911 ], [ -73.919686652009148, -41.140960146688293 ], [ -73.919710112411096, -41.140954923314403 ], [ -73.919736362980345, -41.140943776372026 ], [ -73.919794187535175, -41.140940054860991 ], [ -73.91982244763571, -41.140943880555369 ], [ -73.91984815831745, -41.140952610985302 ], [ -73.919887164963711, -41.140987289824579 ], [ -73.919908254711629, -41.141003794079886 ], [ -73.919968090594409, -41.14101504316578 ], [ -73.919998177868223, -41.141017015882355 ], [ -73.920022501551159, -41.141014008774945 ], [ -73.920052842149872, -41.140688530018252 ], [ -73.919884380186332, -41.140686934788839 ], [ -73.919867211584616, -41.140686773101038 ], [ -73.919487399390931, -41.140683203791994 ], [ -73.919035326715772, -41.140548330312221 ], [ -73.918981585902216, -41.140376638252441 ], [ -73.919044471565357, -41.139994392515526 ], [ -73.918990281594176, -41.139015861962669 ], [ -73.918964613133241, -41.139018686497202 ], [ -73.918896123779334, -41.139014663818763 ], [ -73.918840228805735, -41.139010246720019 ], [ -73.918778950228628, -41.13900509963932 ], [ -73.918741270394037, -41.138999999915704 ], [ -73.918708893314559, -41.138972517689155 ], [ -73.918702223323578, -41.138953764793982 ], [ -73.918700798595538, -41.138930472336341 ], [ -73.918709813189409, -41.138886545508392 ], [ -73.918717625837445, -41.13884770485614 ], [ -73.918725678335647, -41.138807847345234 ], [ -73.91872891047403, -41.138788336004382 ], [ -73.918725817574511, -41.138742769153076 ], [ -73.918710651317582, -41.138707116941326 ], [ -73.918668913792828, -41.138660518988289 ], [ -73.918625247585197, -41.138622059093819 ], [ -73.918578993331209, -41.138576948114782 ], [ -73.91854868417353, -41.138546595828025 ], [ -73.918527312354598, -41.138519553839252 ], [ -73.918504415196338, -41.138475504958762 ], [ -73.918479509405074, -41.138416484865466 ], [ -73.91846054776606, -41.138379270341389 ], [ -73.918439677207061, -41.138320796807761 ], [ -73.918423228155888, -41.138267123294433 ], [ -73.918414083306303, -41.13824961706662 ], [ -73.918403161589083, -41.138228707821177 ], [ -73.918371527416369, -41.138168776877649 ], [ -73.918365099970487, -41.138149008259894 ], [ -73.918366624411533, -41.138095666789454 ], [ -73.918386988320705, -41.138044876527808 ], [ -73.918404942948285, -41.138004258768284 ], [ -73.918425207144466, -41.137959753549644 ], [ -73.918433681850857, -41.137935702330502 ], [ -73.918426149477199, -41.137914733448866 ], [ -73.918407510333381, -41.137899611277774 ], [ -73.918372000828498, -41.137885353730113 ], [ -73.918348502697299, -41.137879022603997 ], [ -73.918321529882576, -41.137893219940366 ], [ -73.918298453061254, -41.137902694977775 ], [ -73.918253864283813, -41.137879858816042 ], [ -73.918243498623738, -41.137853256984613 ], [ -73.91822630756414, -41.137832030312047 ], [ -73.918196862585759, -41.137803894727561 ], [ -73.918159385770423, -41.137786221268755 ], [ -73.91813309567533, -41.137785811957272 ], [ -73.918085072638561, -41.137795059690127 ], [ -73.918057096405647, -41.137801771044181 ], [ -73.918010702014485, -41.137821738671555 ], [ -73.917958924019828, -41.137840977651358 ], [ -73.917905320648515, -41.13786206833506 ], [ -73.917851233085273, -41.137885194741614 ], [ -73.917817672026231, -41.137903749714077 ], [ -73.917771941490088, -41.137938505262078 ], [ -73.917734143077851, -41.137969086502764 ], [ -73.91771707239252, -41.137982524735158 ], [ -73.917664953038056, -41.138009067654671 ], [ -73.916896050850383, -41.138217878390869 ], [ -73.916861175556122, -41.138212925415985 ], [ -73.916181986319245, -41.138080456032689 ], [ -73.915899090666599, -41.138032667591141 ], [ -73.915730720331212, -41.137945608321722 ], [ -73.915411013514856, -41.137737665406945 ], [ -73.915362042755476, -41.137732837557294 ], [ -73.915310907954549, -41.137725912406836 ], [ -73.915257564196352, -41.13771659024389 ], [ -73.915191486818998, -41.137702391516214 ], [ -73.915126756914574, -41.137688376806757 ], [ -73.915087732301998, -41.13768309160632 ], [ -73.915037601817559, -41.137683653141977 ], [ -73.914980402490158, -41.137690606711963 ], [ -73.914946559360146, -41.137698623139407 ], [ -73.914912094595948, -41.137703405662791 ], [ -73.914860719944869, -41.137697498038698 ], [ -73.914795023453181, -41.137687552770153 ], [ -73.914737642666083, -41.137677681920479 ], [ -73.914679639346517, -41.137664577164351 ], [ -73.914625050523327, -41.137648785151775 ], [ -73.914549033287344, -41.137623791385032 ], [ -73.914489162370302, -41.137600984217826 ], [ -73.914434292374438, -41.137574654246471 ], [ -73.914409550076556, -41.13756185391739 ], [ -73.914361749821964, -41.137529131204303 ], [ -73.914335038417008, -41.137512914285217 ], [ -73.914311499861611, -41.137495028311037 ], [ -73.914268741850719, -41.137470338257188 ], [ -73.914220460997441, -41.137439649888805 ], [ -73.914176456124963, -41.137408491302587 ], [ -73.914129481422108, -41.137366432092684 ], [ -73.91410777183664, -41.137346692324876 ], [ -73.914094757044793, -41.137331279781762 ], [ -73.914067343157285, -41.137288718519997 ], [ -73.914053465982761, -41.137271090251453 ], [ -73.914020468167436, -41.137240372021502 ], [ -73.913996307977868, -41.137219251369551 ], [ -73.913942061412811, -41.137196154496579 ], [ -73.913878577471678, -41.137188606859716 ], [ -73.913823406540189, -41.137181134996034 ], [ -73.913768095471525, -41.13716839480351 ], [ -73.913712261583356, -41.137146134134014 ], [ -73.913668399542971, -41.137120244417225 ], [ -73.913643516209603, -41.137102174989565 ], [ -73.913608931969478, -41.137072291549757 ], [ -73.91357224118002, -41.137033723828175 ], [ -73.913545449824994, -41.136994396988037 ], [ -73.913533881320745, -41.136972881148019 ], [ -73.913518900116742, -41.136954053259942 ], [ -73.913503839861022, -41.136912114862334 ], [ -73.913500747859814, -41.136866547384159 ], [ -73.913502256131181, -41.13684260198368 ], [ -73.913499866612511, -41.136823378948428 ], [ -73.91349012617988, -41.136800010636286 ], [ -73.913475525861585, -41.136785434190692 ], [ -73.913451024312195, -41.136771616163813 ], [ -73.913422867517951, -41.136761502291826 ], [ -73.913355445362612, -41.13674712271623 ], [ -73.913292683666953, -41.13673652171817 ], [ -73.913236028718615, -41.136723598768356 ], [ -73.913202870104868, -41.136717007731477 ], [ -73.913168505951987, -41.136715504417495 ], [ -73.913142938102368, -41.136712040435526 ], [ -73.913119200120988, -41.136706726064389 ], [ -73.913075478217792, -41.136686105217898 ], [ -73.913032097674417, -41.136658180905016 ], [ -73.912993479100336, -41.136627750602543 ], [ -73.91294981828257, -41.136589288839588 ], [ -73.912905332811405, -41.136560164943589 ], [ -73.912878622304731, -41.1365439471084 ], [ -73.912859985855846, -41.136528823268158 ], [ -73.912828676873261, -41.136490984560112 ], [ -73.912796403998357, -41.136457213995428 ], [ -73.912764130225156, -41.136423444766464 ], [ -73.91273248078106, -41.136392908811381 ], [ -73.912715911355633, -41.13637491495836 ], [ -73.912705208827347, -41.136355616011024 ], [ -73.912689503581234, -41.136339839244222 ], [ -73.912675626406724, -41.136322209367563 ], [ -73.912652010596219, -41.136281213018862 ], [ -73.912639718948185, -41.136262748923471 ], [ -73.912627350943353, -41.136221174751945 ], [ -73.912621328637698, -41.136176261031615 ], [ -73.912617594341057, -41.136156855128618 ], [ -73.91261799768462, -41.136131710595997 ], [ -73.912627739913873, -41.136084732613213 ], [ -73.912642866644958, -41.136038482581789 ], [ -73.912650137608864, -41.136019518435702 ], [ -73.91266986191755, -41.135994890070563 ], [ -73.912692937840575, -41.135985416110707 ], [ -73.912716979452526, -41.135971873277938 ], [ -73.912737706281064, -41.135954730430456 ], [ -73.912757390165567, -41.135918548304296 ], [ -73.912776792877395, -41.135871827941173 ], [ -73.91279109585335, -41.135834916428948 ], [ -73.912809293924383, -41.135793282448212 ], [ -73.912820221031495, -41.135770613341116 ], [ -73.91282962190094, -41.135730937987198 ], [ -73.91283301843103, -41.135687299264859 ], [ -73.912835932565798, -41.135645696312643 ], [ -73.91283609516087, -41.135621567792541 ], [ -73.912841397915997, -41.135599187521748 ], [ -73.912838688597091, -41.13555787205626 ], [ -73.912836541623562, -41.135537631758154 ], [ -73.912853874616985, -41.13549378114034 ], [ -73.912877797651319, -41.135445572692724 ], [ -73.912897341398647, -41.135404121139423 ], [ -73.912927127736836, -41.135354607516639 ], [ -73.91295460450641, -41.135308980094599 ], [ -73.912971456002836, -41.13526716378167 ], [ -73.91298720526639, -41.135224149905504 ], [ -73.912997188244162, -41.135176152351107 ], [ -73.912998696515515, -41.135152207686708 ], [ -73.912996546847026, -41.135131967940033 ], [ -73.91296891377057, -41.135131374583459 ], [ -73.912919105781327, -41.135154027673657 ], [ -73.912885864522565, -41.135194673584579 ], [ -73.912873209955151, -41.135212909298431 ], [ -73.91286116175057, -41.135193428687231 ], [ -73.912854354317346, -41.135169407576221 ], [ -73.912857830797478, -41.135148878937237 ], [ -73.912858132631413, -41.135130020079721 ], [ -73.912835116895522, -41.135121652872286 ], [ -73.912801959180086, -41.135115062351019 ], [ -73.912778300250437, -41.135132857636492 ], [ -73.91277078853804, -41.135152838931248 ], [ -73.912759962940555, -41.135169221518098 ], [ -73.912751103755213, -41.135189022156325 ], [ -73.912729351050615, -41.135228072683404 ], [ -73.912718907237107, -41.135248708196301 ], [ -73.912695628294841, -41.135270754359212 ], [ -73.912653915922931, -41.135265105643818 ], [ -73.912603327297717, -41.135238303162595 ], [ -73.912574750091892, -41.135212382923498 ], [ -73.912556515189948, -41.135172115905497 ], [ -73.912551498099091, -41.13513468709602 ], [ -73.912563450183939, -41.13509010686024 ], [ -73.912581165859663, -41.135050508224374 ], [ -73.912590988038971, -41.135026638614121 ], [ -73.912606433671968, -41.135002482126716 ], [ -73.912609287619645, -41.134978719398113 ], [ -73.912608725274254, -41.134957644025192 ], [ -73.912560626778983, -41.134943779606004 ], [ -73.912530160416139, -41.134937553065448 ], [ -73.912525623923955, -41.134898091006193 ], [ -73.912533881238033, -41.134845660272703 ], [ -73.912532036098469, -41.134806561480907 ], [ -73.912527297485326, -41.13477967085705 ], [ -73.912527459182073, -41.134755543371597 ], [ -73.912535756920349, -41.134714668504657 ], [ -73.912541300423982, -41.134691271024948 ], [ -73.912548975629761, -41.134647162064262 ], [ -73.912559480528699, -41.134608685608399 ], [ -73.912565648361436, -41.134588521471031 ], [ -73.912584468964965, -41.134550122111051 ], [ -73.912595534412631, -41.134532721791054 ], [ -73.912610156290512, -41.134517902625426 ], [ -73.912653437120895, -41.134481766390877 ], [ -73.912681857121541, -41.134461466221495 ], [ -73.912695133323126, -41.134446465039112 ], [ -73.91270399161013, -41.134426665529901 ], [ -73.912705879868867, -41.134406972238217 ], [ -73.912678127316468, -41.13437171414752 ], [ -73.912640993657575, -41.134346735370087 ], [ -73.912619565244782, -41.13433753383535 ], [ -73.912565742684549, -41.134330242971309 ], [ -73.912528067341526, -41.1343251401779 ], [ -73.912506398180255, -41.134316954868851 ], [ -73.912490211437145, -41.134303212775933 ], [ -73.912456694395573, -41.134262974969545 ], [ -73.91243743631253, -41.134244617206406 ], [ -73.91238429826852, -41.134222720223825 ], [ -73.912323706902583, -41.134202962595367 ], [ -73.912271532750907, -41.134176997292549 ], [ -73.912243678688895, -41.134148024557291 ], [ -73.912232734513779, -41.134129743216143 ], [ -73.912275193385668, -41.134102945007143 ], [ -73.912302687223246, -41.1340982691218 ], [ -73.912353116846688, -41.134078851102089 ], [ -73.912401920519443, -41.134048712564969 ], [ -73.912444860888328, -41.134019879826482 ], [ -73.912467174141682, -41.134001902237188 ], [ -73.912489628430507, -41.133989193903368 ], [ -73.912524253094844, -41.133960285360914 ], [ -73.912563396285023, -41.133929888312871 ], [ -73.912613886993881, -41.133892629294834 ], [ -73.912654377656992, -41.133862414217674 ], [ -73.91269558966728, -41.133829147711538 ], [ -73.912717903818944, -41.133811170746597 ], [ -73.912755420160153, -41.133770054425433 ], [ -73.91278058646283, -41.133728313586147 ], [ -73.91279267868488, -41.133689003032259 ], [ -73.912797358907497, -41.133663386646688 ], [ -73.912797660741447, -41.133644529391894 ], [ -73.912791477637342, -41.133623742494599 ], [ -73.912776013139734, -41.133606948831059 ], [ -73.912732395441111, -41.133580040800659 ], [ -73.912708377185353, -41.133564188264671 ], [ -73.912676447466893, -41.133523115090583 ], [ -73.91265590389466, -41.133486732705101 ], [ -73.912646064647362, -41.133469651454682 ], [ -73.912639879746621, -41.133448864501972 ], [ -73.912622449735167, -41.133428653999808 ], [ -73.912604917315775, -41.133414729717281 ], [ -73.912554269401738, -41.133405768918955 ], [ -73.912522840044886, -41.133403611940153 ], [ -73.912462849651916, -41.133416486152726 ], [ -73.912435636986999, -41.133431699344172 ], [ -73.912400911711387, -41.133466895017044 ], [ -73.912382736098223, -41.133479132543791 ], [ -73.912349135513338, -41.133486131214553 ], [ -73.91230292617513, -41.133452572906187 ], [ -73.912284292421191, -41.133437449029785 ], [ -73.912275718001794, -41.133397438704243 ], [ -73.912276121345357, -41.133372294467058 ], [ -73.912273491976521, -41.133354088011664 ], [ -73.912278553983143, -41.133332725917569 ], [ -73.912291369348992, -41.133290362333284 ], [ -73.912295870806872, -41.133247924296242 ], [ -73.91229627504876, -41.133222778648545 ], [ -73.912274846635981, -41.133213576279559 ], [ -73.912244139524617, -41.133208367850457 ], [ -73.912181840461358, -41.133225128462875 ], [ -73.912176859303102, -41.1332252847563 ], [ -73.912173798742927, -41.133408078807761 ], [ -73.911946052462213, -41.133446505223375 ], [ -73.911777684821757, -41.133318800261499 ], [ -73.91172678807439, -41.132976013168992 ], [ -73.911709985985325, -41.1329072843562 ], [ -73.911673806337248, -41.132759292533763 ], [ -73.911675214895624, -41.132673747940252 ], [ -73.911506171722081, -41.132586563153119 ], [ -73.911110744113785, -41.132497253041763 ], [ -73.910878090336695, -41.132387127102376 ], [ -73.910829193239138, -41.132363982518932 ], [ -73.910829593887755, -41.13233971814757 ], [ -73.910821801002669, -41.132336370987034 ], [ -73.91075745647548, -41.132326604882394 ], [ -73.910703775849072, -41.132324582512346 ], [ -73.910637120854986, -41.132318703497795 ], [ -73.91057609111121, -41.132312535572652 ], [ -73.910516366619532, -41.132294995278635 ], [ -73.910489317448011, -41.132286081013042 ], [ -73.910468612179045, -41.13227382634863 ], [ -73.910430338558044, -41.132236092089805 ], [ -73.910395377025495, -41.132201957350688 ], [ -73.910355898763711, -41.132169309773523 ], [ -73.910310554503113, -41.13213796735338 ], [ -73.910265592026519, -41.132110877389934 ], [ -73.91022245672319, -41.132081934189465 ], [ -73.910178078151532, -41.132046523289141 ], [ -73.910141391853642, -41.132007953965939 ], [ -73.910112294523273, -41.131972513254958 ], [ -73.910098901540707, -41.13195284967388 ], [ -73.910089786335504, -41.131932714490965 ], [ -73.910083524179683, -41.131888818160462 ], [ -73.910086058327096, -41.131842962340293 ], [ -73.910086602706144, -41.131823086265058 ], [ -73.910101489587035, -41.131777854909906 ], [ -73.910107175024478, -41.131759725822164 ], [ -73.910128445333768, -41.131722709151362 ], [ -73.910147506685774, -41.131683291844361 ], [ -73.91016056369844, -41.131639911601376 ], [ -73.910179727458384, -41.131594209198141 ], [ -73.910199411342901, -41.131558027373345 ], [ -73.910219437485537, -41.131514542172589 ], [ -73.910239221981342, -41.131472073215789 ], [ -73.910250290123955, -41.131454672756 ], [ -73.910280597485013, -41.131414680166408 ], [ -73.910303936614426, -41.131374793104207 ], [ -73.910311208476642, -41.131355828963109 ], [ -73.910322297280516, -41.131309032275986 ], [ -73.910332524600008, -41.131260019640642 ], [ -73.910339336524814, -41.131213693133112 ], [ -73.910350184580182, -41.131167914651954 ], [ -73.910364969053134, -41.13112896929001 ], [ -73.910385135332945, -41.131090750591589 ], [ -73.910385499150635, -41.131054052230056 ], [ -73.910378593801056, -41.131036317410363 ], [ -73.910390686023092, -41.130997006596608 ], [ -73.910400889986406, -41.130977389409821 ], [ -73.910421375168141, -41.130961265597556 ], [ -73.91044248288236, -41.130948375340964 ], [ -73.910492125581598, -41.130949851045749 ], [ -73.910517208340963, -41.130955347893625 ], [ -73.910545463949902, -41.130959175523607 ], [ -73.910569541494482, -41.130957187618918 ], [ -73.910577919182813, -41.13093942300177 ], [ -73.910590329408464, -41.130922205087785 ], [ -73.910610433704505, -41.130901828712211 ], [ -73.910634474418146, -41.130888286859758 ], [ -73.910687391476586, -41.130881805525483 ], [ -73.910712573948956, -41.130881016587594 ], [ -73.910768283869629, -41.130868614834306 ], [ -73.910792704570611, -41.130859323497958 ], [ -73.910792726130168, -41.130829926410193 ], [ -73.910772022657824, -41.130817672150371 ], [ -73.910748044826263, -41.130813374937979 ], [ -73.910701536349052, -41.130798674017257 ], [ -73.910679627337586, -41.130791506581382 ], [ -73.910661614319508, -41.130779616336042 ], [ -73.910636352795422, -41.130757294632545 ], [ -73.910627860122716, -41.130740394682419 ], [ -73.910635372733438, -41.130720412720308 ], [ -73.91065133938929, -41.130705776734352 ], [ -73.910677828012069, -41.130693614471845 ], [ -73.910734781201086, -41.130687681181435 ], [ -73.910787496138596, -41.13069377280118 ], [ -73.910815028603736, -41.130700652007178 ], [ -73.91084462899066, -41.130704662339696 ], [ -73.910871639534633, -41.130702021488048 ], [ -73.910884052455231, -41.130684802835098 ], [ -73.91088276876269, -41.130666779674861 ], [ -73.910857063470829, -41.130658047875841 ], [ -73.910827945479213, -41.130652002939719 ], [ -73.910800895409366, -41.130643089127524 ], [ -73.910781056116306, -41.130633052122135 ], [ -73.910762179817254, -41.130618945234986 ], [ -73.910753064612067, -41.13059880964267 ], [ -73.910746880609665, -41.130578023133609 ], [ -73.91075280589726, -41.130558877427383 ], [ -73.910792089224628, -41.130533749017808 ], [ -73.910815887393142, -41.130521224053552 ], [ -73.910844102577911, -41.130513495666982 ], [ -73.910895192463059, -41.130508868242636 ], [ -73.910919893438432, -41.13051011390553 ], [ -73.9109449357736, -41.130504056776509 ], [ -73.910991085822999, -41.130485109299322 ], [ -73.911034405280958, -41.130460528926498 ], [ -73.911077584601713, -41.130430678998735 ], [ -73.911096862447707, -41.130419641234113 ], [ -73.911115280605998, -41.130406386170748 ], [ -73.911124378743182, -41.13038556982923 ], [ -73.911141550938154, -41.130365845552959 ], [ -73.91116693553144, -41.130352485601904 ], [ -73.911199108693353, -41.130322195818799 ], [ -73.911231484874506, -41.130279332294222 ], [ -73.911241447191017, -41.130260732537664 ], [ -73.911287175930539, -41.130225977658093 ], [ -73.911331358669486, -41.130203613815404 ], [ -73.911355638334982, -41.130189053496316 ], [ -73.911378190540191, -41.13017005924096 ], [ -73.911382771948141, -41.130150730726477 ], [ -73.911379279298316, -41.130130308777296 ], [ -73.911362231070839, -41.130114349177248 ], [ -73.911334558468525, -41.130102201690889 ], [ -73.91128569999853, -41.13007983306963 ], [ -73.911263029215718, -41.130064162377273 ], [ -73.911248671442522, -41.13004856814009 ], [ -73.91123772816573, -41.130030285656588 ], [ -73.91122471606883, -41.130014874100944 ], [ -73.911207427991201, -41.129999932121656 ], [ -73.911164333112083, -41.12998254412738 ], [ -73.911117101491058, -41.129970895968434 ], [ -73.911057760580022, -41.129957606982977 ], [ -73.910997936375367, -41.129946353294208 ], [ -73.91096612792947, -41.129939944266148 ], [ -73.910937733979978, -41.129930848344046 ], [ -73.910915303047332, -41.129914159965949 ], [ -73.910898737215177, -41.129896165689068 ], [ -73.910896207559333, -41.12987167441073 ], [ -73.910908861228435, -41.129853438565377 ], [ -73.910943484994419, -41.129824529553758 ], [ -73.910958105075679, -41.129809712031076 ], [ -73.911000459743008, -41.129789199983961 ], [ -73.91102132581041, -41.129777327149355 ], [ -73.911060468102292, -41.129746930193008 ], [ -73.911099610394174, -41.129716533899241 ], [ -73.911137546248611, -41.129691223829866 ], [ -73.91118182959886, -41.129662573896717 ], [ -73.911214242610939, -41.129631266140549 ], [ -73.91123362466152, -41.129613942328589 ], [ -73.911256790416061, -41.12959845353906 ], [ -73.911312319775348, -41.129569227751034 ], [ -73.911350014881307, -41.129544935280691 ], [ -73.911367808710452, -41.129528445734536 ], [ -73.91138805134706, -41.129513338545998 ], [ -73.911395865791718, -41.129474498433368 ], [ -73.911402031827834, -41.129454334071205 ], [ -73.911410407719544, -41.129436569723772 ], [ -73.911432377816439, -41.129425895821115 ], [ -73.91148553562337, -41.129418397361121 ], [ -73.911509372419431, -41.129417426391036 ], [ -73.911564497536844, -41.129413344256605 ], [ -73.911595061816087, -41.129413285389425 ], [ -73.91163703469941, -41.129388521247122 ], [ -73.911661073616429, -41.129374979082314 ], [ -73.911706699948013, -41.129346511025872 ], [ -73.911759437343392, -41.129323205683882 ], [ -73.911783856247766, -41.129313914128687 ], [ -73.911837053580584, -41.12931797055716 ], [ -73.911876553401939, -41.129321220436175 ], [ -73.911902942311727, -41.129315345212319 ], [ -73.911926981228717, -41.129301801679134 ], [ -73.911957746730579, -41.129289171601179 ], [ -73.912012208891298, -41.129270298203082 ], [ -73.912039179909385, -41.12925610306025 ], [ -73.912056732091727, -41.129240631102157 ], [ -73.912081174352295, -41.12920194374793 ], [ -73.912098266597212, -41.129159110616783 ], [ -73.912114736309618, -41.129113043131163 ], [ -73.912120140574373, -41.12908437535296 ], [ -73.912117992702534, -41.129064135087468 ], [ -73.912097530876977, -41.129050863510926 ], [ -73.912072690662754, -41.129044348163255 ], [ -73.912052850471383, -41.129034310913276 ], [ -73.912027729084471, -41.129017258952359 ], [ -73.912016785807694, -41.128998976858107 ], [ -73.912018353367856, -41.128957191031603 ], [ -73.912018897746918, -41.128937314758744 ], [ -73.912024442148848, -41.128913917248425 ], [ -73.912058340974411, -41.128888060144561 ], [ -73.912086316308987, -41.128881349908433 ], [ -73.912138809362602, -41.128859061391097 ], [ -73.912182749556422, -41.12883771474938 ], [ -73.912241249644353, -41.128819389976762 ], [ -73.912263599728618, -41.128812968659119 ], [ -73.912328764417637, -41.128813395619247 ], [ -73.912361778402655, -41.128814717774681 ], [ -73.912405096063964, -41.128790136776075 ], [ -73.912425962131394, -41.128778263084044 ], [ -73.912437269225876, -41.128759844241742 ], [ -73.912452852301115, -41.128740957158563 ], [ -73.912467875725909, -41.12870099268698 ], [ -73.912472377183818, -41.128658553711134 ], [ -73.91247380460679, -41.128611499329267 ], [ -73.91247593541064, -41.128590788651159 ], [ -73.912473910608, -41.128534865457162 ], [ -73.912477546988256, -41.128490209012206 ], [ -73.912475881511739, -41.128467935248167 ], [ -73.912464315702451, -41.128446419318117 ], [ -73.912472993428082, -41.128409795938396 ], [ -73.912481049519556, -41.128369937498391 ], [ -73.912486693634477, -41.128340253750849 ], [ -73.912484305014146, -41.128321030930707 ], [ -73.912466393505696, -41.128302855552484 ], [ -73.91244372272287, -41.128287184435713 ], [ -73.912403240144599, -41.128247051879477 ], [ -73.912388500587397, -41.128227206517231 ], [ -73.91239173452243, -41.128207694735806 ], [ -73.912402801766731, -41.128190294086913 ], [ -73.912421940373861, -41.128173988248328 ], [ -73.912445395385944, -41.128168764532901 ], [ -73.912469613067671, -41.12817204559461 ], [ -73.912523974617088, -41.128159459281264 ], [ -73.912554498472133, -41.12814784598433 ], [ -73.912554800306069, -41.128128986467523 ], [ -73.912530121788578, -41.128098344477685 ], [ -73.912508937717561, -41.128088125064714 ], [ -73.91249443980719, -41.128067262652216 ], [ -73.912533581200748, -41.128036864903635 ], [ -73.912552478161047, -41.128021575353181 ], [ -73.912568404392729, -41.127995383633085 ], [ -73.912569670118955, -41.127972456058011 ], [ -73.912541897803649, -41.127966593569703 ], [ -73.912514747122486, -41.127963966140861 ], [ -73.912488219872145, -41.127964572418549 ], [ -73.912429823090491, -41.127976611360189 ], [ -73.912407473006212, -41.12798303411298 ], [ -73.912383916484515, -41.127994542558504 ], [ -73.912360881884013, -41.128015572126316 ], [ -73.912301581397145, -41.128013837875727 ], [ -73.912276018039108, -41.128010374787586 ], [ -73.912238026489106, -41.127983179592512 ], [ -73.912225015290545, -41.127967767556022 ], [ -73.912235138405478, -41.127925039853189 ], [ -73.912250743040275, -41.127876756825309 ], [ -73.912268318578796, -41.127831888140825 ], [ -73.912277096915759, -41.127788979007036 ], [ -73.91228105399459, -41.127766415398206 ], [ -73.912266857918169, -41.127726694604313 ], [ -73.912254569863379, -41.127708230131155 ], [ -73.912205714088344, -41.127685862047024 ], [ -73.912156896042546, -41.127675048469165 ], [ -73.912081693578529, -41.127670111614556 ], [ -73.912055406178382, -41.127669701563299 ], [ -73.912027875509864, -41.127662821362854 ], [ -73.911981570051907, -41.127635548885344 ], [ -73.911956831347311, -41.127622749323493 ], [ -73.911911770056022, -41.127601944955202 ], [ -73.91188164954454, -41.127588415278098 ], [ -73.911833554642556, -41.127574550654813 ], [ -73.911776285246546, -41.12755839217364 ], [ -73.911723292729619, -41.127541764090921 ], [ -73.91165857180836, -41.127527745857407 ], [ -73.911579431130136, -41.127515975464981 ], [ -73.911521819476022, -41.1275071207723 ], [ -73.911466135606503, -41.127490127960009 ], [ -73.911394508437326, -41.127458374605283 ], [ -73.911366455847627, -41.127441975206459 ], [ -73.91131197841554, -41.127419895963179 ], [ -73.911290070302385, -41.127412728158184 ], [ -73.911243283347446, -41.12738749095552 ], [ -73.911200873882891, -41.127355495308429 ], [ -73.91118161849478, -41.127337136965743 ], [ -73.91116846626069, -41.127316456334924 ], [ -73.911160455084982, -41.127297522146989 ], [ -73.911156480039864, -41.127279134015183 ], [ -73.911157849072353, -41.127249920050524 ], [ -73.911166968769109, -41.127199707376512 ], [ -73.91117068599776, -41.127178161257682 ], [ -73.911170987831682, -41.127159302815471 ], [ -73.911153379953817, -41.127122268662603 ], [ -73.911141092797351, -41.12710380401932 ], [ -73.911128095971833, -41.127092769078338 ], [ -73.910859818603811, -41.127090214693581 ], [ -73.910688301469989, -41.127106057290739 ], [ -73.910461559505748, -41.12712699917779 ], [ -73.91000824266392, -41.127122766006167 ], [ -73.909850780571034, -41.127093017411902 ], [ -73.909781862720749, -41.127079996476901 ], [ -73.909613570538781, -41.126947784748893 ], [ -73.909615903463575, -41.126806373546735 ], [ -73.909612633595941, -41.126803282558534 ], [ -73.909566810533306, -41.126773975002727 ], [ -73.909526371972476, -41.126745395521887 ], [ -73.90950639164393, -41.126730090107259 ], [ -73.909484585938714, -41.126716635359848 ], [ -73.909456433636024, -41.12670652129097 ], [ -73.909436455104114, -41.12669121451394 ], [ -73.909426716468118, -41.126667845975831 ], [ -73.909403106945803, -41.126626848330474 ], [ -73.909396223155781, -41.126579716705272 ], [ -73.90940383727613, -41.126553448623312 ], [ -73.909458742306313, -41.12652098905464 ], [ -73.909483260923679, -41.126505411568594 ], [ -73.909528405758266, -41.126478979027404 ], [ -73.909557344985146, -41.126468200437223 ], [ -73.909578931501429, -41.126453275243556 ], [ -73.909595862947896, -41.126434570195983 ], [ -73.909588956699992, -41.126416834127575 ], [ -73.909573255047135, -41.126401057677228 ], [ -73.909550484551332, -41.126391672328388 ], [ -73.909523817163802, -41.126387010103379 ], [ -73.909497531560277, -41.126386598014122 ], [ -73.909474075649896, -41.126391820518087 ], [ -73.909451624056004, -41.126404527616963 ], [ -73.909432625586049, -41.126426102409766 ], [ -73.909385155911494, -41.126415472000559 ], [ -73.909366762906046, -41.126399329473934 ], [ -73.909310699947483, -41.126378084208454 ], [ -73.909288791834342, -41.126370915613002 ], [ -73.909265399704339, -41.126358296474194 ], [ -73.909246284453403, -41.12634520705015 ], [ -73.90923034115373, -41.126330446935036 ], [ -73.909217813248787, -41.12631299977496 ], [ -73.909212251778868, -41.126295447727003 ], [ -73.909210588098958, -41.12627317186459 ], [ -73.909203923497856, -41.12625441939899 ], [ -73.909193463514697, -41.126234102473816 ], [ -73.909158748120547, -41.126198949610874 ], [ -73.90912720557597, -41.126162127389691 ], [ -73.909095420486281, -41.126126321503428 ], [ -73.909078614803946, -41.126109344573607 ], [ -73.90905839552353, -41.126095055366704 ], [ -73.909034038602911, -41.126086504983107 ], [ -73.90902420025391, -41.126069422482658 ], [ -73.909011430702151, -41.126052992286596 ], [ -73.908966955112447, -41.126023867096393 ], [ -73.908926034156295, -41.125997322710745 ], [ -73.908895533657457, -41.125979540510627 ], [ -73.908841678757852, -41.125960694580641 ], [ -73.908788586527933, -41.125950350327464 ], [ -73.908729630994159, -41.125941312045917 ], [ -73.908698928374378, -41.125936101686122 ], [ -73.908656077836994, -41.125917696256067 ], [ -73.908635134514469, -41.125906459467821 ], [ -73.908612947923586, -41.125888752353504 ], [ -73.908584173986711, -41.125875404347589 ], [ -73.908538532383758, -41.125862920447652 ], [ -73.908514556348848, -41.125858621557398 ], [ -73.908489196010052, -41.125842585131153 ], [ -73.908456930321663, -41.125808814498221 ], [ -73.908438919998545, -41.125796924026609 ], [ -73.908384684213274, -41.125773825838749 ], [ -73.908347698776382, -41.125754114386226 ], [ -73.90835679691358, -41.125733297922004 ], [ -73.908371761049594, -41.125711176150112 ], [ -73.908369131680743, -41.125692970275352 ], [ -73.908360879756557, -41.125675052658217 ], [ -73.908324921094035, -41.125633431176546 ], [ -73.908271751609007, -41.125599977119258 ], [ -73.908222416133611, -41.125579642397938 ], [ -73.908163081510764, -41.125566353199744 ], [ -73.90809715684702, -41.125557419749761 ], [ -73.908064386305455, -41.125555079134251 ], [ -73.908035168600833, -41.125555319353559 ], [ -73.907978599890754, -41.125565504650631 ], [ -73.907925725053133, -41.125583538685589 ], [ -73.907878232022384, -41.12560230284636 ], [ -73.907856745219092, -41.125610941937254 ], [ -73.907799935760522, -41.125622142912427 ], [ -73.90776634056553, -41.125629140391318 ], [ -73.907712562921063, -41.125633402756257 ], [ -73.907651437955863, -41.125633519144074 ], [ -73.907594830618223, -41.125632149557411 ], [ -73.907537602544735, -41.125627544119013 ], [ -73.907477441471855, -41.125623592346763 ], [ -73.907415212477162, -41.125622508992741 ], [ -73.907352499290567, -41.125623461072145 ], [ -73.907324146663555, -41.125625918749719 ], [ -73.907292237606356, -41.125625794241792 ], [ -73.907231937294597, -41.12561657321374 ], [ -73.907205270805392, -41.125611910257 ], [ -73.907180431489465, -41.125605393891149 ], [ -73.907155212186169, -41.12559462598427 ], [ -73.907116602595266, -41.125564194609851 ], [ -73.907065743577121, -41.125526852346574 ], [ -73.90704379773473, -41.125508130118028 ], [ -73.907014807303895, -41.12546640229251 ], [ -73.906988507327313, -41.125425039168469 ], [ -73.906970279611883, -41.125384768849862 ], [ -73.906961166203331, -41.125364635711257 ], [ -73.906946910838101, -41.125342754035131 ], [ -73.906925829175009, -41.125326246516018 ], [ -73.90687384187288, -41.125317103263647 ], [ -73.906812475260878, -41.125318236696799 ], [ -73.90677373990583, -41.125323486352855 ], [ -73.906722655410562, -41.125328112789553 ], [ -73.906654498433326, -41.125346175986813 ], [ -73.906593653742505, -41.125356830929576 ], [ -73.906570439478926, -41.125361034441404 ], [ -73.906537426392248, -41.125359710863009 ], [ -73.906504160878939, -41.125318453909934 ], [ -73.906460953710422, -41.125266398519727 ], [ -73.906433070003999, -41.125225870966283 ], [ -73.906410805259696, -41.125185055123062 ], [ -73.906387057396827, -41.1251387872572 ], [ -73.906374390253006, -41.125116071161081 ], [ -73.906342265600131, -41.125087568099559 ], [ -73.906319114218633, -41.125073930988705 ], [ -73.90626584681722, -41.125046762320501 ], [ -73.906241349759426, -41.125032943174396 ], [ -73.906182597244907, -41.125011330706144 ], [ -73.906147960902501, -41.124999287837078 ], [ -73.906084347603979, -41.124986466107188 ], [ -73.906028705955265, -41.124981025600427 ], [ -73.905975031617032, -41.12497900232723 ], [ -73.905912903233684, -41.124971631928304 ], [ -73.905855535023008, -41.124961757135253 ], [ -73.905786441102919, -41.124954492973188 ], [ -73.905734593937979, -41.124950616271903 ], [ -73.905710378052873, -41.124947333695715 ], [ -73.905685297988455, -41.124941834991183 ], [ -73.905610250034684, -41.124805985173992 ], [ -73.905610524919155, -41.124771054851131 ], [ -73.905607883872207, -41.124711898594953 ], [ -73.905608455200721, -41.124662626598557 ], [ -73.905621997303641, -41.124617213015895 ], [ -73.905633266668886, -41.124587239979981 ], [ -73.905659258523315, -41.124536164525651 ], [ -73.905693945171393, -41.124489415755903 ], [ -73.905705011517355, -41.124472016827717 ], [ -73.905733388398872, -41.124440163216356 ], [ -73.905762871106489, -41.124409508676912 ], [ -73.905795768310526, -41.124376169032296 ], [ -73.90585184025224, -41.124327068662268 ], [ -73.905867565261289, -41.124313450340608 ], [ -73.905912251955101, -41.124259657773294 ], [ -73.905936593604338, -41.124227256618461 ], [ -73.905962281828209, -41.12419503883013 ], [ -73.905992689800584, -41.1241487607926 ], [ -73.906013237864371, -41.124114796431648 ], [ -73.906028263085844, -41.124074832525899 ], [ -73.906043111339159, -41.124018046086867 ], [ -73.906056855563008, -41.123960061179851 ], [ -73.906066359738716, -41.123914099667992 ], [ -73.90607875828627, -41.123855930609018 ], [ -73.906091257445127, -41.123791475704508 ], [ -73.906098833836239, -41.123753653334091 ], [ -73.906105546048053, -41.12371361477215 ], [ -73.906115674552865, -41.123670887682657 ], [ -73.90612676515336, -41.123624091604569 ], [ -73.906142131734612, -41.12357682519054 ], [ -73.90616715969675, -41.123529817916605 ], [ -73.906194775705217, -41.123489462524674 ], [ -73.906212671043974, -41.123466687661775 ], [ -73.906249222594582, -41.123429641951127 ], [ -73.906295976311853, -41.123372979465998 ], [ -73.906327588925024, -41.123321614793625 ], [ -73.906363176583312, -41.123288637982846 ], [ -73.906403382480491, -41.12324788860446 ], [ -73.906418001663425, -41.123233070273308 ], [ -73.906435897002197, -41.123210295998149 ], [ -73.906444754390904, -41.123190495804792 ], [ -73.906471989513676, -41.123145888505157 ], [ -73.906496051786874, -41.123102950592518 ], [ -73.906517664354297, -41.123058629477384 ], [ -73.90654345229116, -41.123020125924185 ], [ -73.90656741215642, -41.122983473124506 ], [ -73.90658781918475, -41.122944239366838 ], [ -73.906615917588496, -41.122901849450415 ], [ -73.906632909222097, -41.122865302150117 ], [ -73.906644521743772, -41.122828026697981 ], [ -73.906651893319008, -41.122802776904777 ], [ -73.906668746612056, -41.122760961417697 ], [ -73.906687566317245, -41.122722562578865 ], [ -73.906706387819071, -41.122684164394258 ], [ -73.906732136230062, -41.122634104545156 ], [ -73.906752403121203, -41.122589601756538 ], [ -73.906776706142892, -41.12254564706889 ], [ -73.906788736381188, -41.122524177919715 ], [ -73.906825045386654, -41.122488148765662 ], [ -73.906868945156276, -41.122455249357266 ], [ -73.906916016877148, -41.122420678467641 ], [ -73.906956982749051, -41.12238843204743 ], [ -73.90700001744105, -41.122353314343279 ], [ -73.907039017799107, -41.122317650517466 ], [ -73.907093499722791, -41.122269385018235 ], [ -73.90714067295329, -41.12222852876377 ], [ -73.907196258906453, -41.122181463003812 ], [ -73.907230639229013, -41.12215357311954 ], [ -73.907291747126209, -41.122112504982894 ], [ -73.907351166190665, -41.122078558515973 ], [ -73.907402412382694, -41.122049802398934 ], [ -73.907459764423692, -41.122018725828966 ], [ -73.907515147357586, -41.121984232531162 ], [ -73.907555873379309, -41.121953002316666 ], [ -73.907576597512914, -41.12193586121974 ], [ -73.907602460908265, -41.121920466710847 ], [ -73.907659711439621, -41.12189567605575 ], [ -73.907736238020362, -41.121859846186759 ], [ -73.907795696610719, -41.121837454454244 ], [ -73.907851358920666, -41.121813498831202 ], [ -73.907899572400268, -41.121791682965537 ], [ -73.907949474712623, -41.121762745363682 ], [ -73.907976442137439, -41.121748550626869 ], [ -73.908018753685639, -41.12171648455891 ], [ -73.908069377345171, -41.121684496297398 ], [ -73.908120763674347, -41.12166100890478 ], [ -73.908144318399437, -41.121649502055305 ], [ -73.908173875667231, -41.12164195804354 ], [ -73.908201987545738, -41.121640517318525 ], [ -73.908230821669719, -41.121636024611327 ], [ -73.908278592279899, -41.121627798469738 ], [ -73.90834605935099, -41.121624340458276 ], [ -73.908373447187373, -41.121625953069142 ], [ -73.908426737944978, -41.121623723971311 ], [ -73.908451916824063, -41.121622936275493 ], [ -73.908476715715807, -41.121617896104937 ], [ -73.908498201620759, -41.121609257841783 ], [ -73.908518825143062, -41.121598403336385 ], [ -73.908557862332046, -41.12157429333503 ], [ -73.908614387922995, -41.121552553181957 ], [ -73.908658463762407, -41.121536477130633 ], [ -73.908714025461038, -41.121518806733249 ], [ -73.908783281077859, -41.121501941622974 ], [ -73.908855227148976, -41.121485440581587 ], [ -73.908903479256139, -41.121475178859043 ], [ -73.908932794877131, -41.121468652608385 ], [ -73.90898811492896, -41.121451999297435 ], [ -73.909040885561993, -41.12144025014684 ], [ -73.90909975934909, -41.121426178502681 ], [ -73.909156564316078, -41.12141497478116 ], [ -73.909210921373926, -41.121402391908745 ], [ -73.90927027665802, -41.121386285368395 ], [ -73.909295316298241, -41.121380228750553 ], [ -73.909319632794677, -41.121377222773084 ], [ -73.909383344009569, -41.121383755800025 ], [ -73.909410008702139, -41.121388418380448 ], [ -73.909466549564442, -41.12140762969716 ], [ -73.909489800658946, -41.121414980194928 ], [ -73.909516466249826, -41.121419642773127 ], [ -73.909542508409928, -41.121421071322089 ], [ -73.909592145719259, -41.121422547917859 ], [ -73.909641919572522, -41.121429291399124 ], [ -73.909705149290431, -41.121437859307449 ], [ -73.909777553502323, -41.121448719929838 ], [ -73.90985279010232, -41.121465213536595 ], [ -73.909903810817184, -41.121478426419664 ], [ -73.909955794526056, -41.121487570883602 ], [ -73.910009707816144, -41.121488575130101 ], [ -73.910085867884249, -41.121489444033443 ], [ -73.910131849948698, -41.121494624970794 ], [ -73.91019162564433, -41.12149432450893 ], [ -73.910245298185913, -41.121496346536084 ], [ -73.910295898489252, -41.121493752683975 ], [ -73.910352983730618, -41.121493086795468 ], [ -73.910380130818496, -41.12149571516013 ], [ -73.91042886442267, -41.121483419230792 ], [ -73.91045107257311, -41.121471728283439 ], [ -73.910493662599052, -41.121450199231873 ], [ -73.910540189042564, -41.121435502980511 ], [ -73.910567435843447, -41.121431846004263 ], [ -73.910618619153382, -41.121420930564987 ], [ -73.910669220355018, -41.121418337386594 ], [ -73.910703815374944, -41.121418824622637 ], [ -73.910763250609079, -41.12142582661005 ], [ -73.910823688363067, -41.121440315111627 ], [ -73.91087018965375, -41.121455015422221 ], [ -73.910891855221792, -41.121463200305783 ], [ -73.910915588711603, -41.121468516588429 ], [ -73.910937315365047, -41.121458859847593 ], [ -73.910955729031755, -41.121445605004197 ], [ -73.910973138381948, -41.121424864318989 ], [ -73.910986272649737, -41.121404593945449 ], [ -73.910984670055257, -41.121364478834735 ], [ -73.910983929843454, -41.121326579273166 ], [ -73.910983850791709, -41.121303469361045 ], [ -73.910980359040195, -41.121283046688426 ], [ -73.910967829338617, -41.121265600216546 ], [ -73.91094030226337, -41.121258720698066 ], [ -73.910888116433568, -41.121262148953178 ], [ -73.910866630528602, -41.121270787938727 ], [ -73.910855206653139, -41.121254541285353 ], [ -73.910867056330048, -41.121216246456534 ], [ -73.910888182908906, -41.121173961668866 ], [ -73.910913245007009, -41.121138506985233 ], [ -73.910929208967914, -41.121123870892127 ], [ -73.910971177359684, -41.121099107681651 ], [ -73.910989590128054, -41.121085852765589 ], [ -73.910995274667172, -41.121067723430478 ], [ -73.91100816638982, -41.121048470734316 ], [ -73.91102792573281, -41.121035398522594 ], [ -73.911055654929015, -41.121029705948139 ], [ -73.911090632631229, -41.12103444366975 ], [ -73.911119264634266, -41.12104252371406 ], [ -73.911144825297356, -41.121045986493229 ], [ -73.911175146133147, -41.1210469440528 ], [ -73.911198356803467, -41.121042739587928 ], [ -73.911219842708419, -41.121034101249066 ], [ -73.91124363638535, -41.121021575148177 ], [ -73.911268676923896, -41.121015517819984 ], [ -73.911271670110423, -41.120997023712803 ], [ -73.911260486983451, -41.120979759202925 ], [ -73.911246131006891, -41.120964164836934 ], [ -73.911223120660893, -41.120955797176336 ], [ -73.911203524811299, -41.120944742253251 ], [ -73.911196860210197, -41.120925989618428 ], [ -73.911201461381083, -41.120877264954729 ], [ -73.911203209502631, -41.120852302018065 ], [ -73.911219274973163, -41.120831379106946 ], [ -73.911260720545414, -41.120797095645955 ], [ -73.911306063009405, -41.120758090667238 ], [ -73.911322026970311, -41.120743453135866 ], [ -73.911350720058806, -41.120733691396161 ], [ -73.911409874120253, -41.120730156191058 ], [ -73.911436398675662, -41.12072954916983 ], [ -73.911491415096918, -41.120731753935964 ], [ -73.911517458155316, -41.120733181823162 ], [ -73.911579100550114, -41.120742583545926 ], [ -73.911637187413021, -41.12074940356684 ], [ -73.911661402399801, -41.120752683646089 ], [ -73.911688650099009, -41.120749025278336 ], [ -73.911732685514238, -41.120721391940428 ], [ -73.911781099318162, -41.120687002853018 ], [ -73.911825476093199, -41.120652066277387 ], [ -73.911862643888085, -41.120618253046601 ], [ -73.911910093799705, -41.120587932377639 ], [ -73.911936819577718, -41.120574753828294 ], [ -73.911986033780565, -41.12056042078251 ], [ -73.912047598021928, -41.120546712351434 ], [ -73.912107232682061, -41.120541142221953 ], [ -73.912134861266949, -41.120541735710454 ], [ -73.912159077152054, -41.120545015800083 ], [ -73.912201924096166, -41.120563420030109 ], [ -73.912219934419284, -41.120575309419849 ], [ -73.912239429657575, -41.12059265050609 ], [ -73.91226209954209, -41.120608321430289 ], [ -73.912284626594484, -41.120618722693713 ], [ -73.912305086623391, -41.120631994622258 ], [ -73.912355523433348, -41.120653525972372 ], [ -73.912412066092259, -41.120672736150752 ], [ -73.912465534716276, -41.120687330387554 ], [ -73.912491717911863, -41.120694027250416 ], [ -73.912542395470311, -41.120714541464054 ], [ -73.912563820289833, -41.12072374423267 ], [ -73.912588075700825, -41.120738579371782 ], [ -73.912624376621437, -41.120772896022771 ], [ -73.912644815090786, -41.120815564093995 ], [ -73.912651379080586, -41.120840602160854 ], [ -73.912652160614869, -41.12089005703497 ], [ -73.912651516522828, -41.120916218431766 ], [ -73.912670468280368, -41.120953434741587 ], [ -73.912681893054156, -41.120969682146239 ], [ -73.912714399491023, -41.121002434774169 ], [ -73.912749456244981, -41.121030283190905 ], [ -73.9127690529929, -41.121041337422866 ], [ -73.912794273194507, -41.121052104046733 ], [ -73.912819592210781, -41.121056583936216 ], [ -73.912870774622419, -41.121045667757834 ], [ -73.912918743760272, -41.12102486807153 ], [ -73.912942057736842, -41.121014375515166 ], [ -73.912966855730261, -41.12100933597457 ], [ -73.912992657141871, -41.121011780290509 ], [ -73.913042332180439, -41.121024809873532 ], [ -73.913093112146811, -41.121039038602923 ], [ -73.913115016666708, -41.121046206427387 ], [ -73.913149833570486, -41.121075071936119 ], [ -73.913164430295524, -41.121089649165476 ], [ -73.913211214555531, -41.121114884729927 ], [ -73.913260789881107, -41.121134201018272 ], [ -73.913282694401005, -41.121141368155634 ], [ -73.913309018632091, -41.121153333909966 ], [ -73.91336042113096, -41.121170795976234 ], [ -73.913390538947496, -41.121184325623112 ], [ -73.913414030790491, -41.121190658360376 ], [ -73.913474329305615, -41.121199875950047 ], [ -73.913524104955513, -41.121206620130913 ], [ -73.913594060359955, -41.121216095548228 ], [ -73.913668293541761, -41.121225101998071 ], [ -73.91376280619113, -41.121230554997219 ], [ -73.913824550993866, -41.12123366857962 ], [ -73.913849247477643, -41.121234914418615 ], [ -73.913874668901883, -41.121233107579897 ], [ -73.913936372382125, -41.12122466686796 ], [ -73.913993215976674, -41.121225016054822 ], [ -73.914063173177738, -41.121234492822907 ], [ -73.914120779441944, -41.121243346331887 ], [ -73.914194048731474, -41.121256420532319 ], [ -73.914268662798975, -41.121269677444118 ], [ -73.914301813327896, -41.121276267326046 ], [ -73.91435687017335, -41.121290025681908 ], [ -73.914408131636719, -41.121302218786333 ], [ -73.914477607340814, -41.121313729756984 ], [ -73.914552944552099, -41.121323933307082 ], [ -73.914631453714676, -41.121332468746672 ], [ -73.914692714325469, -41.121337616537275 ], [ -73.914759117791277, -41.121344510258531 ], [ -73.914831142015814, -41.121351116374193 ], [ -73.914895335626014, -41.121355611807758 ], [ -73.914957942811427, -41.121360942310211 ], [ -73.915022860463765, -41.121362384394772 ], [ -73.915095466796586, -41.121360669593116 ], [ -73.915130543313481, -41.121359120587186 ], [ -73.915177421896573, -41.121347621805405 ], [ -73.915202627725137, -41.121347717899305 ], [ -73.915229694862973, -41.121345525334746 ], [ -73.915253773305849, -41.121340533189809 ], [ -73.915276720769782, -41.121330349267119 ], [ -73.915286981326943, -41.12129289022927 ], [ -73.915290314076657, -41.121267093057057 ], [ -73.915289511881113, -41.121247035124398 ], [ -73.915259936647004, -41.121213630261593 ], [ -73.915228091370182, -41.121195666757949 ], [ -73.915207067199276, -41.121161320552382 ], [ -73.915190363026568, -41.121138058996856 ], [ -73.91521224868184, -41.121104273761944 ], [ -73.915268431116331, -41.121089835263497 ], [ -73.915309372733716, -41.121086980181339 ], [ -73.915371838883644, -41.121087042439576 ], [ -73.915406194951672, -41.121088545434965 ], [ -73.915443984380744, -41.121057965122645 ], [ -73.915451975793502, -41.121035948019745 ], [ -73.915450691202636, -41.121017924916053 ], [ -73.915434766767603, -41.120973769543006 ], [ -73.915427882079271, -41.120926637917883 ], [ -73.915423164127404, -41.120870351559425 ], [ -73.915417320586485, -41.120842262161531 ], [ -73.915407583747111, -41.120818892894 ], [ -73.91539190095888, -41.120773720948556 ], [ -73.915355699751245, -41.120733118211099 ], [ -73.915317529436493, -41.120689100021458 ], [ -73.915304758986423, -41.120672671185226 ], [ -73.915255103710791, -41.120630246642023 ], [ -73.915207416643923, -41.120591238180502 ], [ -73.915159868815934, -41.120557500034927 ], [ -73.915139168038536, -41.120545245886831 ], [ -73.915092525712353, -41.120525278414789 ], [ -73.915045640841029, -41.120506328732823 ], [ -73.91501162703112, -41.120497521141814 ], [ -73.914986406829527, -41.120486756457147 ], [ -73.91496287635897, -41.120468869224631 ], [ -73.914942998438363, -41.120447277585278 ], [ -73.914933640688048, -41.120428160729226 ], [ -73.914931492816194, -41.120407919823833 ], [ -73.914939866012958, -41.120390154380793 ], [ -73.914955829973863, -41.120375518120746 ], [ -73.914991791331332, -41.120346790356827 ], [ -73.91501502356121, -41.120313188107957 ], [ -73.915023396757974, -41.12029542399268 ], [ -73.915036910114793, -41.120279403801895 ], [ -73.915060221396416, -41.120268912479766 ], [ -73.915120137229223, -41.120273877637089 ], [ -73.91516660079067, -41.120277021040962 ], [ -73.915196397010334, -41.120268458394904 ], [ -73.915211416841871, -41.120228493500335 ], [ -73.915215373022392, -41.120205930675496 ], [ -73.915213465899058, -41.120184673253966 ], [ -73.915205073837669, -41.120161487146007 ], [ -73.915194130560877, -41.120143205968084 ], [ -73.915188830500682, -41.120095239337992 ], [ -73.915190638809364, -41.120052435452322 ], [ -73.91518316841946, -41.120013625606369 ], [ -73.915166664571061, -41.119977791326228 ], [ -73.91515112371664, -41.119937887837274 ], [ -73.915140281949476, -41.119913319754929 ], [ -73.915108215687098, -41.119866977792114 ], [ -73.915070287917487, -41.119821941214845 ], [ -73.915049929398208, -41.119802384976694 ], [ -73.914992102148432, -41.119765153125996 ], [ -73.914955980890852, -41.119747660909496 ], [ -73.914903232715687, -41.119730017099847 ], [ -73.914824445075368, -41.119710944022607 ], [ -73.914734552461525, -41.119697718602474 ], [ -73.914673914383201, -41.119695804797409 ], [ -73.914637732040191, -41.119696153315665 ], [ -73.914588137849975, -41.119706235305038 ], [ -73.914537297696498, -41.11970984771299 ], [ -73.914509429261415, -41.119710272702143 ], [ -73.914460696555579, -41.119722570993893 ], [ -73.914433589891885, -41.11973149847082 ], [ -73.914402969018795, -41.119749400792422 ], [ -73.914413912295572, -41.119767682756752 ], [ -73.914421581213162, -41.119793920395082 ], [ -73.914424250107871, -41.119823680419088 ], [ -73.914422362747459, -41.119843374027688 ], [ -73.914413025658391, -41.119865208136048 ], [ -73.91436130156265, -41.119896000821377 ], [ -73.914300021188922, -41.119920248815916 ], [ -73.914231150051023, -41.119941368269743 ], [ -73.914166032972716, -41.119952497125581 ], [ -73.914101258152513, -41.119956323367241 ], [ -73.914027168701153, -41.119952586454183 ], [ -73.913995986380996, -41.119949412581846 ], [ -73.913966007803324, -41.119941151038773 ], [ -73.913937718058406, -41.119925768919877 ], [ -73.913916635497003, -41.119909264098538 ], [ -73.91390507058604, -41.119887748745853 ], [ -73.913890735270726, -41.119842758200697 ], [ -73.913873048341117, -41.119782613531406 ], [ -73.913860119787529, -41.119719964890415 ], [ -73.913846227341665, -41.119661384719585 ], [ -73.913831470716502, -41.119600588187822 ], [ -73.913823782934301, -41.119533399150448 ], [ -73.913822541462565, -41.119456582108498 ], [ -73.913825011829601, -41.119428568576858 ], [ -73.913836438400025, -41.119374468826969 ], [ -73.913846558819998, -41.119331740942641 ], [ -73.91384941186935, -41.11930797795219 ], [ -73.913842364585946, -41.119284974253979 ], [ -73.913824314736942, -41.119261529990673 ], [ -73.913804576953524, -41.119245207045132 ], [ -73.913750727443812, -41.119226361888146 ], [ -73.913694467754212, -41.119217690826723 ], [ -73.913640515836548, -41.119205132572411 ], [ -73.913611643983316, -41.119198072148485 ], [ -73.913588874385795, -41.119188687122971 ], [ -73.913563336180616, -41.119155829371927 ], [ -73.91355580650189, -41.119134859224914 ], [ -73.913558036120435, -41.119107862020229 ], [ -73.913603035427954, -41.119076160102146 ], [ -73.913659136115768, -41.11903861044788 ], [ -73.913701824058066, -41.119010795023115 ], [ -73.913751579945014, -41.118976586406276 ], [ -73.913797540449892, -41.118940813820203 ], [ -73.913821434738153, -41.118922001059481 ], [ -73.913875305807423, -41.118911449290302 ], [ -73.913907070235865, -41.118906302662921 ], [ -73.913932489863456, -41.118904496436855 ], [ -73.913991018697487, -41.118897724949733 ], [ -73.914028163136166, -41.118893307173224 ], [ -73.914086693766819, -41.118886537038399 ], [ -73.914144600068354, -41.118876530041597 ], [ -73.914171606120718, -41.118873888713907 ], [ -73.91419640321584, -41.118868849008983 ], [ -73.914260695640706, -41.118867057670236 ], [ -73.914285632873003, -41.118867286409369 ], [ -73.914341230504249, -41.11886116797546 ], [ -73.914400622619269, -41.118856613494387 ], [ -73.914435700034474, -41.118855065782839 ], [ -73.914507721564078, -41.118861670795582 ], [ -73.914583436966097, -41.118876126702787 ], [ -73.914644737102776, -41.118892830746312 ], [ -73.914679854043868, -41.11890283638715 ], [ -73.914701036318263, -41.118913055200402 ], [ -73.914727498889903, -41.118930289800495 ], [ -73.914754143819565, -41.118964348204798 ], [ -73.914765085299692, -41.118982629711056 ], [ -73.914773237510914, -41.119006832701324 ], [ -73.914789801546448, -41.119024826580663 ], [ -73.914810020826835, -41.119039114620122 ], [ -73.914825962329886, -41.11905387434502 ], [ -73.914826766322051, -41.119073932271199 ], [ -73.914850859137971, -41.119112894939427 ], [ -73.914863628689744, -41.119129322812611 ], [ -73.91488043437208, -41.119146298841251 ], [ -73.914914588319164, -41.119160375034618 ], [ -73.914968640848144, -41.119166646383867 ], [ -73.915030762943303, -41.119174010667358 ], [ -73.915089954734, -41.119182028680697 ], [ -73.915150351165508, -41.119184960317313 ], [ -73.915205466401446, -41.119180876192814 ], [ -73.915229541251065, -41.119178886577828 ], [ -73.91526154822462, -41.119172722831429 ], [ -73.915292929970761, -41.119163324267461 ], [ -73.915342242988288, -41.11914270467426 ], [ -73.915371899969074, -41.119128871426817 ], [ -73.915393002293413, -41.119115980875961 ], [ -73.915432075415012, -41.119103423278929 ], [ -73.915508133973475, -41.119110575749737 ], [ -73.915560599179344, -41.119117682201427 ], [ -73.915626276806393, -41.119127626901367 ], [ -73.915679363646419, -41.119137968169582 ], [ -73.915743835734361, -41.119153000598502 ], [ -73.915771364606243, -41.11915987898422 ], [ -73.91579682375972, -41.119169628099918 ], [ -73.915816079147845, -41.119187984667114 ], [ -73.915833848722471, -41.119200890768894 ], [ -73.915863244293504, -41.119217471563154 ], [ -73.915886976885005, -41.119222786674236 ], [ -73.915913259793584, -41.119223196778293 ], [ -73.915943197048747, -41.119219901057583 ], [ -73.915959399961508, -41.119204246720351 ], [ -73.915977731881512, -41.119167880757473 ], [ -73.915989277029539, -41.119148446137679 ], [ -73.916007308912242, -41.11913093886848 ], [ -73.916048650279947, -41.119102939409395 ], [ -73.916069511855781, -41.119091065317988 ], [ -73.916087924624165, -41.119077809319649 ], [ -73.916112339036957, -41.119068516990403 ], [ -73.916134305540595, -41.119057842754678 ], [ -73.916160067426318, -41.119048732466005 ], [ -73.916180686457039, -41.119037876183626 ], [ -73.916222551542532, -41.119019397084237 ], [ -73.916280898018556, -41.118995801135931 ], [ -73.916324209391661, -41.118971217812614 ], [ -73.916366654788831, -41.11894441814939 ], [ -73.916408960048827, -41.118912349357913 ], [ -73.916437130317817, -41.118893064899304 ], [ -73.916472469142789, -41.1188611036849 ], [ -73.916510739170519, -41.118828487367267 ], [ -73.916557319512947, -41.118795948858981 ], [ -73.916580972154364, -41.118778152526112 ], [ -73.916626790725445, -41.118737110700557 ], [ -73.916672268835015, -41.11870337160186 ], [ -73.916692989375363, -41.118686228302714 ], [ -73.9167405758309, -41.118661174525592 ], [ -73.916764367711195, -41.118648647295096 ], [ -73.916785952430857, -41.11863372167641 ], [ -73.916822254249794, -41.118597689709887 ], [ -73.916856587859968, -41.118558242185557 ], [ -73.916883190568782, -41.118510396888311 ], [ -73.916891421831735, -41.118487363133681 ], [ -73.916901622201792, -41.118467744237158 ], [ -73.91693340639317, -41.118433201023954 ], [ -73.91699018710564, -41.118381043397264 ], [ -73.91705152586988, -41.118338953040038 ], [ -73.917075077001684, -41.118327443577876 ], [ -73.917104392622662, -41.118320914307247 ], [ -73.917149428761121, -41.118300764113108 ], [ -73.917190286835179, -41.118274799284521 ], [ -73.917219318588522, -41.118257732346116 ], [ -73.917254175916497, -41.118227803778176 ], [ -73.917290616076002, -41.118197040763931 ], [ -73.917308165563398, -41.118181568228529 ], [ -73.917327440714431, -41.11817052908016 ], [ -73.91734840200327, -41.118152369839535 ], [ -73.917355428625442, -41.118134421063289 ], [ -73.917358519728339, -41.118109640482892 ], [ -73.917332075122999, -41.118063011657483 ], [ -73.917294187777557, -41.118029532084918 ], [ -73.917273486101863, -41.118017278818321 ], [ -73.917248027846696, -41.118007530208203 ], [ -73.917224635716693, -41.117994913521656 ], [ -73.917217586636667, -41.117971909363256 ], [ -73.917249331302173, -41.117925809660676 ], [ -73.917296534177098, -41.117896504907677 ], [ -73.917323880690986, -41.117886558667685 ], [ -73.917368534147101, -41.11786215765234 ], [ -73.917395559064119, -41.117830119462759 ], [ -73.917400377627303, -41.117809772859289 ], [ -73.917391260625493, -41.117789638073589 ], [ -73.917379213319208, -41.117770158379869 ], [ -73.917360840975022, -41.117724621595563 ], [ -73.917353552943126, -41.117702635181992 ], [ -73.917363670668166, -41.117659906886075 ], [ -73.917372042966619, -41.117642142052709 ], [ -73.917378686906446, -41.117635098379566 ], [ -73.917388728274688, -41.117624452334447 ], [ -73.917411898520825, -41.117608691365994 ], [ -73.917422719626728, -41.11759230710134 ], [ -73.917437837374649, -41.117546056215417 ], [ -73.917445888076244, -41.1175061992978 ], [ -73.917454279239294, -41.117459036758781 ], [ -73.917454440037744, -41.117434910348202 ], [ -73.917438898284999, -41.117395007343511 ], [ -73.917425505302432, -41.117375342777656 ], [ -73.917402897401686, -41.117341831723451 ], [ -73.917393540549682, -41.117322715993168 ], [ -73.917361033214505, -41.117289964912743 ], [ -73.917338986760797, -41.11727752945982 ], [ -73.917325112281233, -41.117259901228401 ], [ -73.917306237778789, -41.117245794849964 ], [ -73.917234801052459, -41.117230870265843 ], [ -73.91718330153553, -41.117219694928863 ], [ -73.917136798448226, -41.117204997053413 ], [ -73.91711403064734, -41.117195614449976 ], [ -73.917061907699619, -41.117181204192335 ], [ -73.917036830330147, -41.117175708220891 ], [ -73.917008181259092, -41.117148753523075 ], [ -73.917001633438986, -41.117142592293057 ], [ -73.916980791626074, -41.117125070953641 ], [ -73.916966435649542, -41.117109477025295 ], [ -73.916920857826966, -41.117079154735372 ], [ -73.916898189739072, -41.117063484998816 ], [ -73.916850444281735, -41.117042319275932 ], [ -73.916824122745595, -41.117030354125632 ], [ -73.91678368418475, -41.1170017778458 ], [ -73.91674310638507, -41.116967933633688 ], [ -73.916723369499948, -41.116951610117731 ], [ -73.916691586206881, -41.116915806650475 ], [ -73.916678575008305, -41.116900394721739 ], [ -73.916660725483609, -41.116864378722795 ], [ -73.916644320449905, -41.116822258968867 ], [ -73.916632433942056, -41.116778650982724 ], [ -73.916629181142426, -41.116757210401488 ], [ -73.916629965371655, -41.116736317316111 ], [ -73.916624422766361, -41.116689369435342 ], [ -73.916621330765153, -41.116643801446777 ], [ -73.916622755493179, -41.11659674657075 ], [ -73.916624642853606, -41.11657705266478 ], [ -73.916635143260962, -41.116538576440306 ], [ -73.916646746799486, -41.116501300101895 ], [ -73.916660279919242, -41.116455884255537 ], [ -73.916672847350057, -41.116414538462465 ], [ -73.916685033895206, -41.11636893982849 ], [ -73.916691438883177, -41.116347758992731 ], [ -73.916718082016189, -41.116311469275708 ], [ -73.916747273669671, -41.116270274311361 ], [ -73.916758578069206, -41.116251856695634 ], [ -73.916797951228105, -41.116220440348741 ], [ -73.916851155747437, -41.116195098002947 ], [ -73.916874465232425, -41.116184606704763 ], [ -73.916906707564607, -41.116165711941555 ], [ -73.916918010167521, -41.116145719450209 ], [ -73.91693279553877, -41.116129508750582 ], [ -73.916951823653108, -41.116113873979444 ], [ -73.916999124444416, -41.11608054230252 ], [ -73.917042942467333, -41.116043429482858 ], [ -73.917059849659296, -41.116027505709447 ], [ -73.91708410147703, -41.116017544974035 ], [ -73.91713729252163, -41.116014814874113 ], [ -73.917193364463344, -41.116009163147346 ], [ -73.917219959985658, -41.116007798773992 ], [ -73.917246712713123, -41.115996520359339 ], [ -73.917275365377435, -41.115977220831823 ], [ -73.917307437029706, -41.115943483698373 ], [ -73.917330865990621, -41.115918510087184 ], [ -73.917353692182004, -41.115886832346099 ], [ -73.917371137464812, -41.115859391872043 ], [ -73.917381079120062, -41.115835903071641 ], [ -73.917384368750632, -41.115785021808641 ], [ -73.917386078244618, -41.115722336190039 ], [ -73.917392093363759, -41.115678447287941 ], [ -73.917408492109274, -41.115627685015575 ], [ -73.917423370905325, -41.11558334057937 ], [ -73.917445597022081, -41.11554495852122 ], [ -73.917461836765796, -41.115504110262776 ], [ -73.91747209462801, -41.115460795122665 ], [ -73.917488113386156, -41.115411638677706 ], [ -73.917508217682212, -41.115372968888103 ], [ -73.91751989937417, -41.115351370158145 ], [ -73.91755371196146, -41.115319524978794 ], [ -73.917570238267743, -41.115305205674559 ], [ -73.917613138212445, -41.115281213828311 ], [ -73.917638150903244, -41.11526804436518 ], [ -73.917659900014584, -41.115259399175251 ], [ -73.917685134589235, -41.115254539216352 ], [ -73.917707264586227, -41.115244290731994 ], [ -73.917735379159694, -41.115236508434087 ], [ -73.917810256433569, -41.115206912818266 ], [ -73.917857239221249, -41.115193406980126 ], [ -73.917883232872299, -41.115185337721023 ], [ -73.917948927567352, -41.115176022506972 ], [ -73.918014624059026, -41.115166707291607 ], [ -73.918039476849671, -41.11516345062055 ], [ -73.918110397044728, -41.115159808860781 ], [ -73.918178815431702, -41.115157484793933 ], [ -73.918237608370433, -41.115158824820831 ], [ -73.91831261320506, -41.115165671139636 ], [ -73.918374129835726, -41.115174002992227 ], [ -73.918443371079505, -41.115186691959728 ], [ -73.918493903110885, -41.115195190297769 ], [ -73.918557540663912, -41.115203809778457 ], [ -73.918631785523843, -41.115213864033059 ], [ -73.918701786742361, -41.115223344376219 ], [ -73.918779894357982, -41.115235577184166 ], [ -73.918850878333416, -41.11525015841756 ], [ -73.918907012258899, -41.115262726903516 ], [ -73.91892958602368, -41.115269094727921 ], [ -73.918989963590548, -41.115282239149984 ], [ -73.919050342954051, -41.115295382892633 ], [ -73.919108978687589, -41.115306635710134 ], [ -73.919171856265919, -41.115318461081245 ], [ -73.919234735640842, -41.115330288480578 ], [ -73.919292611399655, -41.115344748549447 ], [ -73.919348747121759, -41.115357317017285 ], [ -73.91940064010079, -41.115369312250827 ], [ -73.919458895846958, -41.11538216766823 ], [ -73.919521014348859, -41.115397202310838 ], [ -73.919580632839313, -41.115413554638046 ], [ -73.919634265855038, -41.115427440780422 ], [ -73.919688281553078, -41.115439722278389 ], [ -73.919741312697553, -41.115446904249907 ], [ -73.91980070840583, -41.115454947082497 ], [ -73.919853741346941, -41.11546212837559 ], [ -73.919925864386158, -41.115471895636759 ], [ -73.919993745580612, -41.115481087635231 ], [ -73.920052761301505, -41.11549073375037 ], [ -73.920102912447206, -41.115500837365779 ], [ -73.920137835352165, -41.115510532882773 ], [ -73.920189191138661, -41.115534044810062 ], [ -73.920231522449782, -41.115567923600345 ], [ -73.920248938088207, -41.115586838162173 ], [ -73.920268159340324, -41.115625866517306 ], [ -73.920278357015434, -41.115675263057277 ], [ -73.920276586436017, -41.11571972722065 ], [ -73.920273011141177, -41.11574407827429 ], [ -73.920274816754898, -41.115764191353904 ], [ -73.920271684329506, -41.115805159239599 ], [ -73.920273870828908, -41.115823667668437 ], [ -73.920280300071397, -41.11584274999656 ], [ -73.920292395886705, -41.115884125927828 ], [ -73.920305855344608, -41.115928996013693 ], [ -73.920316211123179, -41.115968479633572 ], [ -73.920320137659303, -41.11598887959606 ], [ -73.920328687824181, -41.116008250181267 ], [ -73.920330494336227, -41.116028362503144 ], [ -73.920327361910807, -41.116069332254291 ], [ -73.920319830435474, -41.116119637364491 ], [ -73.920311696190581, -41.116163239697521 ], [ -73.92031226931573, -41.116216299191102 ], [ -73.920317242389146, -41.116260021924973 ], [ -73.920322152580496, -41.116285521256252 ], [ -73.920331081834405, -41.116303287810304 ], [ -73.920352711469818, -41.116369132707604 ], [ -73.920359138915686, -41.116388216230725 ], [ -73.920386085679255, -41.116431601142772 ], [ -73.920425381583044, -41.116478315046287 ], [ -73.920457710153499, -41.11651746198244 ], [ -73.920473003072885, -41.116536089998178 ], [ -73.920484053249197, -41.116554143433603 ], [ -73.920492604312386, -41.11657351317519 ], [ -73.920516067409295, -41.116613115518255 ], [ -73.920528860317248, -41.116633059816877 ], [ -73.920537410482126, -41.116652430888728 ], [ -73.920550962466507, -41.116669166629386 ], [ -73.92057730646053, -41.116705848672531 ], [ -73.92059472209894, -41.116724763583228 ], [ -73.920615017736139, -41.116740757571051 ], [ -73.920630311553865, -41.116759384846681 ], [ -73.920678250148995, -41.116797334419033 ], [ -73.920716721399373, -41.116829034053964 ], [ -73.920739137958961, -41.116845315641001 ], [ -73.920776090158171, -41.11688343300105 ], [ -73.920801610397078, -41.116905100933543 ], [ -73.92082478782973, -41.116918173967882 ], [ -73.920844704377885, -41.116935771159987 ], [ -73.920881812883962, -41.116963975925863 ], [ -73.920904231240186, -41.116980256802698 ], [ -73.920961414397922, -41.11701614618358 ], [ -73.921026544950962, -41.117064702492961 ], [ -73.921073724469679, -41.117105859736895 ], [ -73.921129388576261, -41.117148166771528 ], [ -73.921175363454182, -41.117175915309581 ], [ -73.921218836524048, -41.117204982164701 ], [ -73.921256548697997, -41.117239890121034 ], [ -73.921287136333419, -41.117277145060449 ], [ -73.921311583085554, -41.117321847711409 ], [ -73.921334445209538, -41.117354745632532 ], [ -73.921376242023058, -41.117400141907758 ], [ -73.921402587813731, -41.117436822865628 ], [ -73.92140939704359, -41.117454300809378 ], [ -73.921421717437696, -41.117503984948691 ], [ -73.921420707731329, -41.117545240046894 ], [ -73.921404088898569, -41.117587693654436 ], [ -73.921388387245713, -41.117617025615559 ], [ -73.921361318311256, -41.117648130663163 ], [ -73.921327728506157, -41.11768828594365 ], [ -73.921309303161351, -41.117710626981612 ], [ -73.921266466997054, -41.117752842264593 ], [ -73.921226892615522, -41.117790531389041 ], [ -73.921183835465641, -41.117824437438358 ], [ -73.921163067314581, -41.117838182982744 ], [ -73.921143057341638, -41.11784871868236 ], [ -73.921116906485395, -41.11786670205116 ], [ -73.921095153780783, -41.117875346897634 ], [ -73.921044557070729, -41.117848627320626 ], [ -73.921018656844453, -41.117828564282711 ], [ -73.92098844739975, -41.117789703718735 ], [ -73.920974515428028, -41.11777457217147 ], [ -73.920947854328702, -41.117757716927123 ], [ -73.920923158743236, -41.117751061046704 ], [ -73.920866261249756, -41.117741701530939 ], [ -73.920797997373015, -41.117734113757685 ], [ -73.92074496443189, -41.117726933389903 ], [ -73.920674198747079, -41.117720662579899 ], [ -73.920604036730111, -41.117721095702976 ], [ -73.920577441207811, -41.117722461394223 ], [ -73.92055356847915, -41.117730819992488 ], [ -73.920496041266645, -41.117761110850637 ], [ -73.920438512257547, -41.117791402371573 ], [ -73.920379623199096, -41.117818197768322 ], [ -73.920357493202076, -41.117828447204332 ], [ -73.920299299439648, -41.117833812507648 ], [ -73.920276261245874, -41.117836135126225 ], [ -73.920085270433333, -41.118079171123256 ], [ -73.919513100191196, -41.118375607080132 ], [ -73.919169433509595, -41.118588502885032 ], [ -73.918994825272875, -41.11884357874375 ], [ -73.918986786249391, -41.118897590954667 ], [ -73.919001432381791, -41.118923016849898 ], [ -73.919015968021384, -41.118944853294636 ], [ -73.919020495530418, -41.118971958168295 ], [ -73.919015464964829, -41.119020947498875 ], [ -73.91900542898648, -41.119072571345285 ], [ -73.91899897279454, -41.119099843321131 ], [ -73.918972187727718, -41.119157477233919 ], [ -73.918958890864872, -41.119213625653025 ], [ -73.918944836722247, -41.119272983796435 ], [ -73.918940341552585, -41.119310456168442 ], [ -73.918932047407537, -41.119363970592836 ], [ -73.918929453073019, -41.119393422896174 ], [ -73.918932241443656, -41.119418634750325 ], [ -73.918941170697579, -41.119436401133107 ], [ -73.918964095703629, -41.119487520483929 ], [ -73.918980753163936, -41.119509644353847 ], [ -73.919003077197075, -41.119554059901809 ], [ -73.919027141266909, -41.119600366895334 ], [ -73.91903395049674, -41.119617845616411 ], [ -73.919037877931174, -41.119638247151698 ], [ -73.919055579233856, -41.119683691249215 ], [ -73.9190629885383, -41.119707875032368 ], [ -73.919081070726662, -41.119751715899113 ], [ -73.919102635683373, -41.119799339676426 ], [ -73.919130183419881, -41.119849429433863 ], [ -73.919145320032428, -41.119877970637333 ], [ -73.919160613850124, -41.119896599052829 ], [ -73.919178790361599, -41.119912305333294 ], [ -73.919191581472916, -41.119932250659637 ], [ -73.919208998009637, -41.119951165317318 ], [ -73.919225431789457, -41.119964981473146 ], [ -73.919257381270839, -41.120005732213208 ], [ -73.919284866125281, -41.120037601511569 ], [ -73.919308378629538, -41.120065499062328 ], [ -73.919318480184884, -41.120082374015936 ], [ -73.919332308850372, -41.120099753129317 ], [ -73.919370657929875, -41.120127237848351 ], [ -73.919422981201905, -41.12014983047635 ], [ -73.919450431022042, -41.120158393137856 ], [ -73.91948001164603, -41.120163367777735 ], [ -73.919535633531794, -41.120161208333393 ], [ -73.919560784563103, -41.12015782942202 ], [ -73.919607898504822, -41.120142886551591 ], [ -73.919630881901355, -41.120132431074367 ], [ -73.919669707986259, -41.120103766139913 ], [ -73.919690521951395, -41.120086232056344 ], [ -73.919712483963451, -41.120074667408687 ], [ -73.919740342517045, -41.120070685525924 ], [ -73.919770237551376, -41.120068919935726 ], [ -73.91979698309234, -41.120069633209795 ], [ -73.919820095846291, -41.120064040031004 ], [ -73.919839665644758, -41.120046338107556 ], [ -73.919866687866801, -41.120029643831849 ], [ -73.919912207298907, -41.120010608061904 ], [ -73.919973740099223, -41.119988895136828 ], [ -73.919998891130547, -41.119985516216595 ], [ -73.920058867150487, -41.119970377054756 ], [ -73.920084685630073, -41.119964181576258 ], [ -73.920130779983936, -41.119948131528417 ], [ -73.920158062717434, -41.119941164573405 ], [ -73.920177762771615, -41.119928324937 ], [ -73.920225859470236, -41.119903823170844 ], [ -73.920268855534687, -41.119873785046053 ], [ -73.920298769433643, -41.119844883818878 ], [ -73.920312576539544, -41.119824462045877 ], [ -73.920333979799508, -41.119782777977683 ], [ -73.920347916262827, -41.119767219870916 ], [ -73.920368193035429, -41.119757365273465 ], [ -73.920385854812224, -41.119742311327485 ], [ -73.920411580765347, -41.119741917468282 ], [ -73.920465553344229, -41.119752133443939 ], [ -73.920518283553108, -41.119762180911287 ], [ -73.920553499308866, -41.1197650103352 ], [ -73.920561450297441, -41.119747673090693 ], [ -73.920555961591063, -41.119727545666777 ], [ -73.920557128502608, -41.119706382156416 ], [ -73.920561352381085, -41.119688539375687 ], [ -73.920528729163223, -41.119653108928794 ], [ -73.920508471255232, -41.119635827823771 ], [ -73.920479795234741, -41.119599961530795 ], [ -73.920467431721491, -41.119581811483194 ], [ -73.920449656756958, -41.119564866020355 ], [ -73.920429527308087, -41.119552449270238 ], [ -73.920404561329704, -41.119544222867489 ], [ -73.920379686979487, -41.119530193451219 ], [ -73.920348085146102, -41.119495870059843 ], [ -73.92032943701912, -41.119455546024241 ], [ -73.92031575567735, -41.119415895317559 ], [ -73.920311656664708, -41.119373665539207 ], [ -73.920320198744733, -41.119332178115535 ], [ -73.920332594597355, -41.119296057879659 ], [ -73.920358169633488, -41.11925300037236 ], [ -73.920384763359152, -41.119211049305896 ], [ -73.920420717530078, -41.119167458471793 ], [ -73.920436117349013, -41.119151129412181 ], [ -73.920457281657093, -41.119137518814071 ], [ -73.920519074968865, -41.11912553306675 ], [ -73.92057199023067, -41.119123975210435 ], [ -73.920628629009343, -41.119122921525673 ], [ -73.920698040034708, -41.119127473958059 ], [ -73.920763856002324, -41.119136385274182 ], [ -73.920827984933808, -41.119147006711401 ], [ -73.920858807927843, -41.119152149259477 ], [ -73.920921955899061, -41.119172329645558 ], [ -73.92098182142621, -41.119190127901746 ], [ -73.921044931668206, -41.119199642861062 ], [ -73.921105426914366, -41.11920395639909 ], [ -73.921163883883168, -41.119206055645158 ], [ -73.921188941489703, -41.119208479726076 ], [ -73.921218837422359, -41.119206712082459 ], [ -73.92129225044232, -41.11919436158513 ], [ -73.921318198279323, -41.119193028408006 ], [ -73.921338918819643, -41.119181295094741 ], [ -73.92135533912473, -41.119166073861891 ], [ -73.921375484743294, -41.119151356120106 ], [ -73.921429287540619, -41.119146041679969 ], [ -73.921459628139317, -41.11914239608074 ], [ -73.92148322239025, -41.119145590294295 ], [ -73.921506371975141, -41.119150663138257 ], [ -73.921523351032306, -41.119165561569773 ], [ -73.921520889648434, -41.1192030258822 ], [ -73.921517016112929, -41.119224792529671 ], [ -73.921516518446268, -41.119243139607057 ], [ -73.921524434400538, -41.119280071958592 ], [ -73.921528980774212, -41.119320423848272 ], [ -73.921533004328353, -41.119341321525049 ], [ -73.921553820988436, -41.119388722276703 ], [ -73.92157951370389, -41.119442598691606 ], [ -73.921602462964444, -41.11948641198935 ], [ -73.921612696572168, -41.119508149443149 ], [ -73.921621187448224, -41.119548066728072 ], [ -73.921623524864586, -41.119570674443658 ], [ -73.921622473835725, -41.119623836753583 ], [ -73.921633839320691, -41.119678681382787 ], [ -73.921643850146211, -41.119701358756998 ], [ -73.921648096482571, -41.119721317005407 ], [ -73.921658773858042, -41.119741177798026 ], [ -73.92167805080571, -41.119768016386509 ], [ -73.921725169238997, -41.119818009394983 ], [ -73.921763335960478, -41.119857098170549 ], [ -73.921779869453275, -41.119873875051525 ], [ -73.921822871805929, -41.119908772114179 ], [ -73.92184064856707, -41.11992571613478 ], [ -73.921852215274683, -41.119941821003408 ], [ -73.921874069488908, -41.119963194224709 ], [ -73.921894772062942, -41.119978596636791 ], [ -73.921923356455281, -41.120020265015789 ], [ -73.921970437159345, -41.120059591203351 ], [ -73.922016683328479, -41.120086204987125 ], [ -73.922070027985001, -41.120109902729723 ], [ -73.922117033230549, -41.120127897660119 ], [ -73.922175214416569, -41.120147405076722 ], [ -73.922236415738539, -41.12015956726389 ], [ -73.922309906013624, -41.120168547466299 ], [ -73.922361041712861, -41.120174502009782 ], [ -73.922410715853133, -41.120181226670844 ], [ -73.922465800546348, -41.120186746076158 ], [ -73.922529448879189, -41.120188578659402 ], [ -73.922582939062764, -41.12019000520494 ], [ -73.922609684603728, -41.120190718477708 ], [ -73.922660728674799, -41.120202475296033 ], [ -73.922713499307847, -41.120223187268159 ], [ -73.922736779148437, -41.120233123003132 ], [ -73.922783284930688, -41.120269464690296 ], [ -73.922814186078156, -41.120295938306207 ], [ -73.922877111267169, -41.120317056962406 ], [ -73.922923987155329, -41.120330186839112 ], [ -73.922976497276963, -41.120341172839446 ], [ -73.923023685778816, -41.120347560473029 ], [ -73.923078326704299, -41.120354958460418 ], [ -73.923132966731458, -41.120362355093526 ], [ -73.923197097459592, -41.12037297497892 ], [ -73.923259541151609, -41.120385305629377 ], [ -73.923308103177547, -41.120396725402671 ], [ -73.923332274146901, -41.120402905275604 ], [ -73.923389787884645, -41.120425229148111 ], [ -73.923411827151838, -41.120434997024226 ], [ -73.923430937012881, -41.120446306482414 ], [ -73.923458739870924, -41.120458792089529 ], [ -73.923509954621906, -41.12048607837739 ], [ -73.923538999849981, -41.120498733158463 ], [ -73.92360157379774, -41.120515926738634 ], [ -73.923655326289378, -41.120527080535901 ], [ -73.923709966316537, -41.120534475796156 ], [ -73.92376673804587, -41.120538285762457 ], [ -73.923792241216773, -41.120538829849998 ], [ -73.923841914458734, -41.120545555150478 ], [ -73.923896777268084, -41.120552012466888 ], [ -73.923957718976965, -41.120554447325716 ], [ -73.924006910721914, -41.120552383312543 ], [ -73.924034321914505, -41.120550279372495 ], [ -73.924064570885065, -41.120552434743715 ], [ -73.924091630836358, -41.120546406471384 ], [ -73.924149291897805, -41.120546458579277 ], [ -73.924177279808802, -41.120547338999408 ], [ -73.924195960275142, -41.12053339303484 ], [ -73.924229688420795, -41.120499190625353 ], [ -73.924253429995446, -41.120480113711267 ], [ -73.924266567856463, -41.120462507995221 ], [ -73.924262151738546, -41.120427020444346 ], [ -73.924251696246941, -41.120406221915459 ], [ -73.924227320461696, -41.120373845927176 ], [ -73.92420874599658, -41.120354855597824 ], [ -73.924169597416494, -41.120325326578893 ], [ -73.92415261746099, -41.120310428410654 ], [ -73.924137769207661, -41.120291942225549 ], [ -73.924128110521721, -41.120273190080908 ], [ -73.924116543814122, -41.120257086647051 ], [ -73.92409809960472, -41.12024295925746 ], [ -73.924052428357356, -41.120219331942749 ], [ -73.923996245922865, -41.120191374228469 ], [ -73.923971501828362, -41.120182209282042 ], [ -73.923945163224232, -41.120168952150586 ], [ -73.923927033425159, -41.120148083160018 ], [ -73.923921100052709, -41.12012983446138 ], [ -73.92392648904611, -41.120090827732653 ], [ -73.923932638014207, -41.120043201459929 ], [ -73.923942862638782, -41.120000003682662 ], [ -73.923952291356002, -41.119954758086593 ], [ -73.923961274508855, -41.119911393098256 ], [ -73.923973947042555, -41.119857864232081 ], [ -73.923983558117783, -41.119801015268308 ], [ -73.923988005676748, -41.119782233883861 ], [ -73.924005015276649, -41.119742861512201 ], [ -73.924012165866316, -41.119723476464252 ], [ -73.924048156868182, -41.119690551307457 ], [ -73.924103794025314, -41.119661254109722 ], [ -73.924127885942909, -41.119646100661669 ], [ -73.924143938837034, -41.119638665373955 ], [ -73.924146334643893, -41.119490869653376 ], [ -73.924261668444913, -41.119120307277527 ], [ -73.924237130962922, -41.11908713548457 ], [ -73.924221485903928, -41.119066602490271 ], [ -73.924208767556138, -41.119044527873122 ], [ -73.924193047038671, -41.119002663296321 ], [ -73.924186094078365, -41.11898330780636 ], [ -73.92418004572157, -41.11893306106046 ], [ -73.924186545930965, -41.11888935837915 ], [ -73.924191712142147, -41.118851291586232 ], [ -73.92419815845264, -41.118824058081451 ], [ -73.924197061609675, -41.118801617264396 ], [ -73.924188645293782, -41.118783033879964 ], [ -73.924170647547058, -41.118767027531618 ], [ -73.924150073432102, -41.118756489272414 ], [ -73.924126570809321, -41.118747492634938 ], [ -73.924103643108339, -41.118741481792227 ], [ -73.924056155467468, -41.118714700307265 ], [ -73.924012615023969, -41.118687484341187 ], [ -73.923964553359625, -41.118657717711315 ], [ -73.923922033402292, -41.118631608877187 ], [ -73.923895565440773, -41.118613487661854 ], [ -73.923874768543612, -41.118603888701081 ], [ -73.923815384513446, -41.118594879861291 ], [ -73.923749569444169, -41.118585969825126 ], [ -73.923702380942288, -41.118579582020097 ], [ -73.923646892905481, -41.118569002449313 ], [ -73.923623650794156, -41.118564320719663 ], [ -73.923572675893354, -41.118548212806047 ], [ -73.923519735478706, -41.118531838250384 ], [ -73.923458929415446, -41.118514399168127 ], [ -73.923397419072998, -41.118499933706765 ], [ -73.923347355063896, -41.118488552854792 ], [ -73.923296380163094, -41.118472444922581 ], [ -73.923258464969891, -41.118461174375625 ], [ -73.923200475125057, -41.118431838731269 ], [ -73.923177377642475, -41.118417970819905 ], [ -73.9231697446575, -41.118381643672741 ], [ -73.923183326286278, -41.118332842001124 ], [ -73.923200839841058, -41.11828457424815 ], [ -73.923217796440369, -41.118230089838313 ], [ -73.923222724598006, -41.118209274371239 ], [ -73.923223657947588, -41.118171037996341 ], [ -73.923222336525797, -41.1181509100889 ], [ -73.923202904169571, -41.118112984308624 ], [ -73.923174554237534, -41.118078455797296 ], [ -73.923120083991961, -41.118034252427549 ], [ -73.92308014130117, -41.118005827500447 ], [ -73.923035357589299, -41.117972142166046 ], [ -73.923006654619343, -41.117939100406069 ], [ -73.922982586956252, -41.117903616904854 ], [ -73.92297037795322, -41.117886618221966 ], [ -73.922964153526621, -41.117844342793958 ], [ -73.922970137204729, -41.117819066043495 ], [ -73.923005200246919, -41.117782379885163 ], [ -73.923020868662078, -41.117767621904605 ], [ -73.923065617339645, -41.117741454515496 ], [ -73.92312019628136, -41.117716618292846 ], [ -73.923159606271213, -41.117695866277913 ], [ -73.923208492588969, -41.117677932265423 ], [ -73.923257731944631, -41.117658511416288 ], [ -73.92329461407526, -41.117631279446904 ], [ -73.923313657460952, -41.117610839389499 ], [ -73.923361075033228, -41.11758196491288 ], [ -73.923389948683095, -41.117562855343301 ], [ -73.923411310620551, -41.117541194395514 ], [ -73.923477685340259, -41.117517955243457 ], [ -73.9235324708945, -41.117500819755804 ], [ -73.923586552169539, -41.117486657258311 ], [ -73.923646471595632, -41.11745640620218 ], [ -73.923662491252088, -41.117440159958129 ], [ -73.923710260963958, -41.117409798569007 ], [ -73.923752133235979, -41.117378637914207 ], [ -73.92379077606455, -41.117343971634561 ], [ -73.923806797517656, -41.11732772603942 ], [ -73.923836313462942, -41.117288754867147 ], [ -73.923846786920834, -41.117270223841594 ], [ -73.923880090163351, -41.117240971583186 ], [ -73.923902009056306, -41.117225525216021 ], [ -73.923922664917939, -41.117206838517802 ], [ -73.923957728858426, -41.117170152017302 ], [ -73.923980909884321, -41.11715794528677 ], [ -73.924017149719518, -41.11715057536297 ], [ -73.924063924996361, -41.117141561586344 ], [ -73.924137107149306, -41.117123847369776 ], [ -73.924189574151782, -41.117107931302847 ], [ -73.924217392281193, -41.117093283482731 ], [ -73.924243096674715, -41.117087555374766 ], [ -73.924272031410027, -41.117085334243917 ], [ -73.924302372008754, -41.117077165056671 ], [ -73.924339255936005, -41.117049932846101 ], [ -73.924377546624982, -41.117016753915927 ], [ -73.924397498207441, -41.117001040174948 ], [ -73.924404040637668, -41.116981976456124 ], [ -73.924403772939712, -41.116957388994756 ], [ -73.924387278972773, -41.116941344302504 ], [ -73.924359752795837, -41.116937618046009 ], [ -73.924332434129738, -41.116941592674486 ], [ -73.924310308624285, -41.116949339578596 ], [ -73.924289300623045, -41.116969513874317 ], [ -73.924266119597135, -41.116981720639913 ], [ -73.924205168905118, -41.116973469551496 ], [ -73.92417602935393, -41.116967989804955 ], [ -73.924149559595776, -41.116959803684033 ], [ -73.924127518531947, -41.116941474917731 ], [ -73.924122263387545, -41.116920813343981 ], [ -73.924114981643839, -41.116882999195653 ], [ -73.924109374359844, -41.116863825806853 ], [ -73.924107844528919, -41.116835997278713 ], [ -73.924100976010266, -41.116813584206042 ], [ -73.924077260486769, -41.116776613244646 ], [ -73.924067102337531, -41.116733805164436 ], [ -73.924060232022228, -41.116711392056885 ], [ -73.924048022120886, -41.116694394418772 ], [ -73.924035607403667, -41.116669695183347 ], [ -73.924030849925913, -41.116638360925151 ], [ -73.924017668945751, -41.116599746676229 ], [ -73.924007158656934, -41.116558426014173 ], [ -73.924006539717695, -41.116535323897892 ], [ -73.923988516818156, -41.11649145245854 ], [ -73.92397765349142, -41.116451618587455 ], [ -73.923960687908973, -41.116403285158114 ], [ -73.923948623534699, -41.116377099629133 ], [ -73.923928841733826, -41.116340661715924 ], [ -73.923916425219971, -41.116315963024142 ], [ -73.923899374297562, -41.116293704754163 ], [ -73.923889712916676, -41.116240223018593 ], [ -73.923898802969049, -41.116184676412139 ], [ -73.923904991463033, -41.1161670993218 ], [ -73.923923330569551, -41.116149633217219 ], [ -73.923978878793477, -41.116146411787014 ], [ -73.924049100099225, -41.116149780076555 ], [ -73.924112719685965, -41.116155323507854 ], [ -73.924174725000128, -41.116159113425233 ], [ -73.924250141263187, -41.116166254035015 ], [ -73.924305896099611, -41.116170732904436 ], [ -73.924394164559416, -41.116175010095894 ], [ -73.924423657148509, -41.116179002366557 ], [ -73.92445581863231, -41.116180287554172 ], [ -73.924514449874295, -41.116189758959713 ], [ -73.924575047528407, -41.116199496334715 ], [ -73.924627428292624, -41.116209656013027 ], [ -73.924687673807156, -41.116220880249422 ], [ -73.924750237873425, -41.116230884267267 ], [ -73.924813505320586, -41.116237914555718 ], [ -73.924841383637101, -41.116240153988038 ], [ -73.92484660105228, -41.116200962896414 ], [ -73.924830604752017, -41.116174243991367 ], [ -73.924815725955952, -41.116159954651494 ], [ -73.92477325989752, -41.116125048827961 ], [ -73.924756765930596, -41.116109005962542 ], [ -73.924718086271113, -41.116083819908013 ], [ -73.924692672033402, -41.116071173073749 ], [ -73.924675475583925, -41.116058103254595 ], [ -73.924648385988206, -41.116026815401675 ], [ -73.924621297290813, -41.115995525503585 ], [ -73.924605859742655, -41.115975021996917 ], [ -73.924590980048279, -41.115960731260145 ], [ -73.924575190360528, -41.115941713936529 ], [ -73.924556256569289, -41.115893114159704 ], [ -73.924544545232934, -41.115865442231573 ], [ -73.924527845551808, -41.115841698289465 ], [ -73.924518098830958, -41.11581429163526 ], [ -73.92450588892963, -41.115797293764871 ], [ -73.924463921436185, -41.115751713651846 ], [ -73.924436273986686, -41.115714212177132 ], [ -73.92441663681457, -41.115668585985659 ], [ -73.924395944121997, -41.115627421749537 ], [ -73.924362751372257, -41.115587634051714 ], [ -73.924344290094865, -41.115571323728055 ], [ -73.924286861697055, -41.115548204344954 ], [ -73.924264675106173, -41.115539062437371 ], [ -73.924218193578426, -41.115529700575884 ], [ -73.924166723705895, -41.115524267406478 ], [ -73.924106188035552, -41.115531418236962 ], [ -73.924071914612497, -41.115539054992837 ], [ -73.924008150397015, -41.115542698085108 ], [ -73.923984204904798, -41.11554099057598 ], [ -73.923955418391515, -41.115534023829952 ], [ -73.923932879661024, -41.115526369477308 ], [ -73.923898340336663, -41.115509417553234 ], [ -73.923860656908829, -41.11546288365998 ], [ -73.923830133053784, -41.115420387394686 ], [ -73.923816043876855, -41.115377048512059 ], [ -73.923814163702971, -41.115350706237663 ], [ -73.92382703925594, -41.11530487946672 ], [ -73.923835899339593, -41.115284593667496 ], [ -73.923862391555645, -41.115249817997068 ], [ -73.923884250261452, -41.115217482779279 ], [ -73.923892757307172, -41.11519868519413 ], [ -73.923885184509345, -41.115179246015146 ], [ -73.923865668609778, -41.115167396931604 ], [ -73.923832244993008, -41.115162871295794 ], [ -73.923761320306397, -41.115162477409164 ], [ -73.923707180640847, -41.115159750657575 ], [ -73.923652130083596, -41.115152297942124 ], [ -73.923591388699037, -41.11515174704212 ], [ -73.923560841487799, -41.115152216051598 ], [ -73.923529238756103, -41.115157143696187 ], [ -73.923476070169386, -41.115176033335466 ], [ -73.923419174472542, -41.115202090078419 ], [ -73.923380471456838, -41.115219868431005 ], [ -73.923356733475472, -41.115225861999946 ], [ -73.923308139110162, -41.115225421415772 ], [ -73.923247543252685, -41.115215683219532 ], [ -73.92321678942892, -41.115208450464145 ], [ -73.923192638222517, -41.115199042534407 ], [ -73.923142661349985, -41.115161584734714 ], [ -73.923119652800622, -41.115121641094774 ], [ -73.923120234908922, -41.115084891164898 ], [ -73.923121230242259, -41.115063543426402 ], [ -73.923127917301244, -41.115035291822707 ], [ -73.923147165502812, -41.115022552067245 ], [ -73.923197458582322, -41.114998669756474 ], [ -73.923252739108293, -41.114970860741117 ], [ -73.923308723913408, -41.114940075896946 ], [ -73.923382258205947, -41.11492087622284 ], [ -73.923450159163323, -41.114925465492973 ], [ -73.923529506454045, -41.114933137512075 ], [ -73.923604920920468, -41.114940278932032 ], [ -73.923633150478267, -41.114941031515237 ], [ -73.92364523731041, -41.114924254050209 ], [ -73.923641597336896, -41.114905346065306 ], [ -73.923640771785159, -41.11487454427084 ], [ -73.923634047895234, -41.11484294250257 ], [ -73.923592493626842, -41.114812764674433 ], [ -73.923567784566629, -41.114797143125365 ], [ -73.923496448451615, -41.114781346962012 ], [ -73.923463023936492, -41.114776821976385 ], [ -73.923434238321548, -41.114769855826083 ], [ -73.923407149624154, -41.114738566682377 ], [ -73.923363216616877, -41.114692720534066 ], [ -73.923321456634255, -41.114654840807539 ], [ -73.92328509642482, -41.11462843530218 ], [ -73.923251964760496, -41.114605535542744 ], [ -73.923223883424725, -41.114595595571934 ], [ -73.923157035292846, -41.114586544898003 ], [ -73.923109499142953, -41.114581643605248 ], [ -73.923030917216863, -41.114587884936526 ], [ -73.922989132081412, -41.114592968961333 ], [ -73.922961607701112, -41.114589241894734 ], [ -73.922914360808747, -41.114565965827843 ], [ -73.922852031202737, -41.114520698212615 ], [ -73.922802904136503, -41.114471079494052 ], [ -73.922776314902393, -41.11442911589625 ], [ -73.92275239456302, -41.11438444511478 ], [ -73.922733317041335, -41.114345032958603 ], [ -73.922719434476932, -41.114309393206383 ], [ -73.922713828091247, -41.114290219742642 ], [ -73.922718135513037, -41.114246302134639 ], [ -73.922723063670674, -41.114225484727427 ], [ -73.922735503540736, -41.114207220169575 ], [ -73.922751874438461, -41.114189488241337 ], [ -73.922777228489053, -41.114185248144047 ], [ -73.92284386731346, -41.114186598342641 ], [ -73.922904256558439, -41.114188636161145 ], [ -73.922954112158379, -41.114192316551879 ], [ -73.923013444086266, -41.11419881577762 ], [ -73.92304490218919, -41.114203073470598 ], [ -73.923071165334846, -41.114203561436973 ], [ -73.923100096476887, -41.114201339531753 ], [ -73.923144344792831, -41.114185847781123 ], [ -73.923190001667152, -41.114164406352977 ], [ -73.923198803360307, -41.114159327709338 ], [ -73.922989212929792, -41.114104558329814 ], [ -73.922916599410442, -41.114085583106366 ], [ -73.922873261087872, -41.114074258339578 ], [ -73.92275396930971, -41.113824369854562 ], [ -73.922746182712814, -41.113822850449722 ], [ -73.922690086516596, -41.113811702281147 ], [ -73.922636350194608, -41.113795542441594 ], [ -73.922583956853984, -41.113778676023578 ], [ -73.922519449731752, -41.113758391783101 ], [ -73.922489941871305, -41.113749066891444 ], [ -73.922428884279753, -41.113739022564367 ], [ -73.922365144318761, -41.113730393416247 ], [ -73.922305548286189, -41.113724101243726 ], [ -73.922273067002138, -41.113722367292233 ], [ -73.92221444025175, -41.113726867985882 ], [ -73.922181551132567, -41.113726857157161 ], [ -73.92215488015178, -41.113730352808474 ], [ -73.922125847500112, -41.113738860133388 ], [ -73.922089458544576, -41.113743704638203 ], [ -73.922055431259935, -41.113743539500014 ], [ -73.922026772307433, -41.11374054806231 ], [ -73.922003888623877, -41.113733007879063 ], [ -73.921981088483648, -41.113720148077938 ], [ -73.921930684013063, -41.113709770085919 ], [ -73.92190295930844, -41.113707792487453 ], [ -73.921877834328285, -41.113709721356621 ], [ -73.921852385056269, -41.113708051700392 ], [ -73.921837230477422, -41.113692674211954 ], [ -73.921803302905772, -41.113662315150286 ], [ -73.921777629953283, -41.113626856408999 ], [ -73.921748543402686, -41.113590935395976 ], [ -73.921731603871379, -41.113568207181203 ], [ -73.921721746657767, -41.113530447952634 ], [ -73.921705111655328, -41.113476666174392 ], [ -73.921695492495274, -41.113447824395962 ], [ -73.921690407132431, -41.113384945687997 ], [ -73.921693564710679, -41.113341840311165 ], [ -73.921694631909219, -41.113322439836764 ], [ -73.921692300781061, -41.113277703329331 ], [ -73.921694199819569, -41.113229985482484 ], [ -73.921694348041612, -41.113184696641987 ], [ -73.921689502528963, -41.113130735227884 ], [ -73.921691470737727, -41.11310257213033 ], [ -73.921702389760028, -41.113061406961947 ], [ -73.921718474993497, -41.113018274300536 ], [ -73.921730074938765, -41.112994081961411 ], [ -73.921762944295011, -41.112959441792007 ], [ -73.921781288791422, -41.112941492272604 ], [ -73.921806056242133, -41.112926189053042 ], [ -73.921828665939515, -41.112915035994554 ], [ -73.921879900453419, -41.112897097291885 ], [ -73.921906655875858, -41.112888281234959 ], [ -73.921952487921644, -41.112863393092496 ], [ -73.922006201785734, -41.112844902102772 ], [ -73.922034826602271, -41.112838116454419 ], [ -73.922061988063206, -41.112827580627354 ], [ -73.922119237696265, -41.112814009326371 ], [ -73.922170386870235, -41.112801390287999 ], [ -73.922228570751173, -41.112788834190127 ], [ -73.922292324186884, -41.112772590851677 ], [ -73.922344527084675, -41.112765444458276 ], [ -73.922398719750817, -41.112764785926103 ], [ -73.922450753765332, -41.11276827756781 ], [ -73.922505437809946, -41.112760578900271 ], [ -73.922531054168587, -41.112751609866855 ], [ -73.922553663865969, -41.112740455425083 ], [ -73.922576358004989, -41.112723983990939 ], [ -73.922630444669934, -41.112693994017739 ], [ -73.922658099305963, -41.112676415992716 ], [ -73.922684341790358, -41.112639990238257 ], [ -73.92270863223564, -41.112606853748417 ], [ -73.922735078637601, -41.112569567055644 ], [ -73.92274618720441, -41.112552414032827 ], [ -73.922780312405408, -41.112522385403189 ], [ -73.922803736874755, -41.112507789350879 ], [ -73.922855174407943, -41.112488990313032 ], [ -73.922886277676326, -41.112481651675047 ], [ -73.922912542618619, -41.112479877082194 ], [ -73.922991247613908, -41.112479871667745 ], [ -73.923066586621843, -41.112464308445929 ], [ -73.923135995850572, -41.112439058049716 ], [ -73.923207597866949, -41.112419435315026 ], [ -73.923246873109477, -41.112412314601954 ], [ -73.923272117565588, -41.11241484451606 ], [ -73.923339834368335, -41.11243645030347 ], [ -73.923363040547073, -41.112447587199874 ], [ -73.923386943818471, -41.11245082370138 ], [ -73.92345399317297, -41.112430583720055 ], [ -73.923476805889607, -41.112418568998848 ], [ -73.923487710538836, -41.112402277515301 ], [ -73.923505457655594, -41.11236203643039 ], [ -73.923514169517219, -41.11234011657848 ], [ -73.923514928593619, -41.112292245090892 ], [ -73.923517675641762, -41.112250861481201 ], [ -73.92352350121638, -41.112231216355454 ], [ -73.923539773299439, -41.112212097106465 ], [ -73.923559783272395, -41.112197038722769 ], [ -73.92361592797765, -41.112193090879501 ], [ -73.923667469715397, -41.112203622070666 ], [ -73.923718196681165, -41.112217597554398 ], [ -73.923767702836486, -41.112236737782915 ], [ -73.923798996547731, -41.112253411705872 ], [ -73.9238522387963, -41.112276612113071 ], [ -73.923910561017792, -41.112303164078718 ], [ -73.923944131059969, -41.112320147964034 ], [ -73.92399005383561, -41.112349463328236 ], [ -73.924036705144957, -41.112380655473196 ], [ -73.924059097450041, -41.112395236663893 ], [ -73.924076732277371, -41.112410060826051 ], [ -73.924119851411007, -41.11243633253865 ], [ -73.924162443233584, -41.112459867224892 ], [ -73.924214787166875, -41.112491829525773 ], [ -73.924272413194018, -41.112526283142827 ], [ -73.92431357939023, -41.112555843419479 ], [ -73.924366977945667, -41.112593279694558 ], [ -73.924387212497436, -41.112612009668211 ], [ -73.92444349913653, -41.112647170485637 ], [ -73.92450019181409, -41.112680609487811 ], [ -73.924563510465219, -41.112715834565115 ], [ -73.924623702080822, -41.112744416094763 ], [ -73.924681905724711, -41.112766510427583 ], [ -73.924714219922109, -41.11277888040815 ], [ -73.924781086020289, -41.112794151852164 ], [ -73.924842873043829, -41.112806070398236 ], [ -73.92490693639833, -41.112818296211813 ], [ -73.924955472373142, -41.112826643252014 ], [ -73.925018278984538, -41.112834257311142 ], [ -73.925072181494855, -41.112839778011093 ], [ -73.925133406173032, -41.112839181745741 ], [ -73.925158735070781, -41.112836392631593 ], [ -73.92521358799867, -41.112818053915476 ], [ -73.925239084881369, -41.112804626095276 ], [ -73.925267565967459, -41.112758729866336 ], [ -73.925270912191877, -41.112739637843219 ], [ -73.925269905180457, -41.112719066992582 ], [ -73.925229878048015, -41.112689661778127 ], [ -73.925168175466098, -41.112672425539458 ], [ -73.925115901601401, -41.112660018314472 ], [ -73.925051920891931, -41.112642473443884 ], [ -73.924992495539257, -41.112625544463363 ], [ -73.924956768642076, -41.112612711517599 ], [ -73.924884667162445, -41.112579851828372 ], [ -73.924826666537811, -41.112556897886485 ], [ -73.924777773033512, -41.112535175050873 ], [ -73.92472782490708, -41.11250797885728 ], [ -73.924685436103786, -41.112483585317896 ], [ -73.92462731600321, -41.112456171170436 ], [ -73.924576673479066, -41.112436877370129 ], [ -73.924518266815923, -41.112415643151301 ], [ -73.924486888663054, -41.112404288316803 ], [ -73.924417134481232, -41.112391291539794 ], [ -73.924390954878916, -41.112387747086863 ], [ -73.924340586340946, -41.112387147433353 ], [ -73.924314526214545, -41.112388061126609 ], [ -73.924287006325812, -41.112385224616602 ], [ -73.924257292751165, -41.112376759078529 ], [ -73.924233356242098, -41.112363745375809 ], [ -73.924212305121742, -41.112348458265068 ], [ -73.924181144361157, -41.112311367700606 ], [ -73.924163066664377, -41.112288486760413 ], [ -73.924140162319588, -41.112246295712467 ], [ -73.924123953118595, -41.11222544518413 ], [ -73.924086932647427, -41.112198222466567 ], [ -73.924065882425367, -41.112182935317257 ], [ -73.924032565708103, -41.112149994872276 ], [ -73.92401802198367, -41.112132034979382 ], [ -73.923994098949336, -41.112094147683941 ], [ -73.923982442410207, -41.112073912330324 ], [ -73.923976069761579, -41.112056169673664 ], [ -73.923961540410176, -41.112013335503441 ], [ -73.923950221637583, -41.111971824476889 ], [ -73.923948077359015, -41.11195110110242 ], [ -73.923949145455879, -41.111931700217042 ], [ -73.923953831966728, -41.111911901358852 ], [ -73.923964208406559, -41.111892872710072 ], [ -73.923983403607551, -41.111881255857703 ], [ -73.923993169193011, -41.111864811280597 ], [ -73.923997737126228, -41.111840552188504 ], [ -73.923989101621416, -41.11179762786108 ], [ -73.923985208322947, -41.111779332847817 ], [ -73.923984696283242, -41.11175172280636 ], [ -73.923992269081083, -41.111729649790128 ], [ -73.924030013594376, -41.111699222138988 ], [ -73.924052298999968, -41.111684472266191 ], [ -73.924073565715986, -41.111674024240273 ], [ -73.924118089814741, -41.111659618861879 ], [ -73.924146915853896, -41.11165197217926 ], [ -73.924205337788393, -41.111648332255157 ], [ -73.924257659263802, -41.111645643259401 ], [ -73.92428237640884, -41.111645435476433 ], [ -73.924347590505207, -41.111632942778314 ], [ -73.924406825415033, -41.111625859204942 ], [ -73.924455697359761, -41.11161293063244 ], [ -73.924509648379086, -41.11160335433658 ], [ -73.924539002627625, -41.111598444699297 ], [ -73.92458795811568, -41.111580197007832 ], [ -73.924610364793807, -41.111569903956649 ], [ -73.924633789263169, -41.111555305662151 ], [ -73.924681606585722, -41.111536904997678 ], [ -73.924740602543707, -41.111520904327413 ], [ -73.924834475592561, -41.11151140246821 ], [ -73.924887885826095, -41.111523963548102 ], [ -73.924917802420012, -41.111531566929251 ], [ -73.924973371305171, -41.11153997843082 ], [ -73.924999549110879, -41.111543522252731 ], [ -73.925067194048381, -41.111545572335999 ], [ -73.925095732626644, -41.111544104993456 ], [ -73.925117934488895, -41.111534672849928 ], [ -73.925127700074341, -41.111518226155539 ], [ -73.925137683052114, -41.111476045441698 ], [ -73.925142368664609, -41.11145624644611 ], [ -73.925141855726594, -41.111428636945547 ], [ -73.925130128220573, -41.111388846702873 ], [ -73.925127983941977, -41.111368123144416 ], [ -73.925079906107968, -41.111342957606013 ], [ -73.925040274234263, -41.111336704460271 ], [ -73.925013484675858, -41.111335742698117 ], [ -73.92495238037192, -41.111340797194678 ], [ -73.92491660406742, -41.111343060482731 ], [ -73.924883188535475, -41.111340313944737 ], [ -73.924855345253249, -41.111333879410793 ], [ -73.924823440687632, -41.11131978732579 ], [ -73.924804056840429, -41.11130739135114 ], [ -73.924785367390925, -41.111287092133836 ], [ -73.924786519929441, -41.111262373266506 ], [ -73.924810998122609, -41.111253249036295 ], [ -73.924880560064977, -41.111242232411563 ], [ -73.924939591057225, -41.111236009713203 ], [ -73.924976912464032, -41.111232178225485 ], [ -73.925040410778195, -41.111231890576249 ], [ -73.925111471110412, -41.11123440226163 ], [ -73.925170741952883, -41.111237096012005 ], [ -73.925227854143685, -41.111243939355695 ], [ -73.925277442944008, -41.111257760051551 ], [ -73.925306222270763, -41.111265209148215 ], [ -73.925332197057202, -41.111269614578525 ], [ -73.92536643993752, -41.111244043586218 ], [ -73.925376612459786, -41.111225876338025 ], [ -73.925348782652293, -41.111194566554168 ], [ -73.925294557646808, -41.11118544975956 ], [ -73.925244884404847, -41.111176948871986 ], [ -73.925182895260363, -41.111165891625113 ], [ -73.925155984429395, -41.111160472307787 ], [ -73.925137140469658, -41.111125936755215 ], [ -73.925131906884829, -41.111108349511682 ], [ -73.925108066495497, -41.111065143146973 ], [ -73.925096206937127, -41.111045769072753 ], [ -73.925077961255369, -41.111033526008477 ], [ -73.925029798081425, -41.111013680855407 ], [ -73.924980821033813, -41.110997277347252 ], [ -73.924932167379723, -41.110984471156158 ], [ -73.924870586070355, -41.110971692712376 ], [ -73.924819774662936, -41.110963036804343 ], [ -73.92476128445648, -41.110947122627728 ], [ -73.924713240758464, -41.110931734340184 ], [ -73.924653528843209, -41.110920985007361 ], [ -73.924599625434581, -41.110915464146075 ], [ -73.924545639380938, -41.110915262452238 ], [ -73.9245195810512, -41.110916177519627 ], [ -73.924465954323665, -41.110929350563126 ], [ -73.924428549373559, -41.110938501234486 ], [ -73.924397409274221, -41.110936063311662 ], [ -73.924370262186343, -41.110921726807497 ], [ -73.924350960984157, -41.110904009558816 ], [ -73.924300030999106, -41.11089089607087 ], [ -73.92427735302978, -41.110882495992151 ], [ -73.924251342310725, -41.110868313115645 ], [ -73.924219691070007, -41.110838263410933 ], [ -73.924204093621711, -41.110814829667284 ], [ -73.924208385772147, -41.110771878273006 ], [ -73.924216092418973, -41.110729389800255 ], [ -73.924224410818496, -41.110684317849952 ], [ -73.924237893632608, -41.110637281037413 ], [ -73.924256863356462, -41.11059187399384 ], [ -73.924268376165145, -41.110572999956197 ], [ -73.924302057598396, -41.110534916157491 ], [ -73.924342161087623, -41.110499477385638 ], [ -73.924386205486002, -41.110467239321956 ], [ -73.924425576848279, -41.110429925694461 ], [ -73.924456862474671, -41.110387074896124 ], [ -73.92447273929902, -41.110344803437044 ], [ -73.924483179519243, -41.110285805416311 ], [ -73.924477144637166, -41.110246786069375 ], [ -73.924467969244859, -41.110225999205028 ], [ -73.924454443311632, -41.110203734132298 ], [ -73.924451569601032, -41.110181134019889 ], [ -73.924457273903087, -41.110157031330878 ], [ -73.924467327847751, -41.110134405482739 ], [ -73.924502230989788, -41.110091156513434 ], [ -73.924520983321344, -41.110071484344928 ], [ -73.924543878683011, -41.110054150631626 ], [ -73.924593852860568, -41.110031598522944 ], [ -73.924615849906914, -41.110023027095252 ], [ -73.924681469143493, -41.110008812221857 ], [ -73.924748671211574, -41.110002808024113 ], [ -73.924821885703864, -41.110001169407987 ], [ -73.924888067285792, -41.109999469199913 ], [ -73.924951075119807, -41.110006221976775 ], [ -73.925014082055526, -41.110012974752948 ], [ -73.925071720659105, -41.110022554664944 ], [ -73.925126148683873, -41.110030811364901 ], [ -73.925152327387863, -41.110034355268233 ], [ -73.925178386615954, -41.110033441542221 ], [ -73.925226525535393, -41.110018636471644 ], [ -73.92527971029179, -41.109997407562155 ], [ -73.925332642621584, -41.10999213569832 ], [ -73.925389227501327, -41.109996242053214 ], [ -73.925445609361816, -41.110001210018069 ], [ -73.925511095647735, -41.110007409821073 ], [ -73.925573168335532, -41.110013148022517 ], [ -73.925622313368109, -41.110018911943172 ], [ -73.925680155889239, -41.110027631598129 ], [ -73.925737387555998, -41.110038932696931 ], [ -73.925781200189036, -41.110057300616418 ], [ -73.92582183817585, -41.110084124889859 ], [ -73.925867028824541, -41.110111563716998 ], [ -73.925905389582127, -41.110138079332422 ], [ -73.925952005857155, -41.110159492971782 ], [ -73.925986798506429, -41.110171309117604 ], [ -73.926010005583478, -41.11018244639822 ], [ -73.926016904644854, -41.110202926671292 ], [ -73.926026488770631, -41.11022199168201 ], [ -73.926043837035394, -41.110242996487507 ], [ -73.926080855709941, -41.110270218662102 ], [ -73.926127999296043, -41.11029436868774 ], [ -73.926160718633653, -41.110305016598495 ], [ -73.926188561915865, -41.110311451233251 ], [ -73.926239780260104, -41.11031838401513 ], [ -73.926291609458744, -41.110322735362473 ], [ -73.926318602036403, -41.110322834856639 ], [ -73.92634982567904, -41.110319954263403 ], [ -73.926374913828283, -41.110308247790996 ], [ -73.926396755466115, -41.110285441280965 ], [ -73.926417472413192, -41.110237605520958 ], [ -73.926425501555215, -41.110198712713 ], [ -73.926437028736927, -41.110154964960252 ], [ -73.926443715795898, -41.110116780747745 ], [ -73.92644478299448, -41.110097378643474 ], [ -73.926438613365093, -41.110078776550786 ], [ -73.927092327278814, -41.110021566487013 ], [ -73.927092746792042, -41.10999497095807 ], [ -73.927111005050207, -41.109982339194801 ], [ -73.927137555656742, -41.109974383680218 ], [ -73.927164223942583, -41.109970887152087 ], [ -73.927217599141827, -41.109973669619613 ], [ -73.927273693541423, -41.109984815732609 ], [ -73.927320274782176, -41.109996451195059 ], [ -73.927343769320103, -41.110001407653698 ], [ -73.927393357222101, -41.110015227934298 ], [ -73.927442826546482, -41.110024589228551 ], [ -73.927497254571236, -41.110032844574555 ], [ -73.927551887411866, -41.110040239663462 ], [ -73.927602373629156, -41.11004529696708 ], [ -73.92763030135302, -41.110046411712617 ], [ -73.927709969342317, -41.110059771736729 ], [ -73.927731516332699, -41.110065442250239 ], [ -73.927755741200983, -41.110072275563503 ], [ -73.927780288564435, -41.110082704893031 ], [ -73.927792402346043, -41.110086121548861 ], [ -73.927799960770841, -41.110088921609211 ], [ -73.927823371765456, -41.110099197294865 ], [ -73.92787654304712, -41.110102840689031 ], [ -73.92790052986183, -41.11010075739587 ], [ -73.927934650571274, -41.110070726968019 ], [ -73.927976859711535, -41.110046235058959 ], [ -73.928014192796439, -41.11001752849397 ], [ -73.928028509247099, -41.110001697338845 ], [ -73.928039713035318, -41.109954350723719 ], [ -73.928044157899365, -41.109925636673381 ], [ -73.928045441591905, -41.109880500548748 ], [ -73.928054487626795, -41.109837304205406 ], [ -73.928064467909621, -41.109795122411626 ], [ -73.928070086871713, -41.109776338841073 ], [ -73.928083673890384, -41.109758632112694 ], [ -73.928110307141935, -41.109745357985624 ], [ -73.928134784436779, -41.109736233544552 ], [ -73.928154588695548, -41.109722033499516 ], [ -73.928163826071625, -41.10970285192758 ], [ -73.928173686878495, -41.109656211715837 ], [ -73.92817736547957, -41.109615842378957 ], [ -73.928181128522297, -41.109570154417675 ], [ -73.928186557041585, -41.109527357882193 ], [ -73.928195926469982, -41.109487759386532 ], [ -73.927571039493714, -41.109312680346896 ], [ -73.927567166856534, -41.109325361648423 ], [ -73.927553448683824, -41.109363482698114 ], [ -73.927535500344447, -41.109404585208523 ], [ -73.92751649828125, -41.109440214763481 ], [ -73.927487983059194, -41.109476333654307 ], [ -73.927473870526072, -41.109491302642361 ], [ -73.927440850252864, -41.109511708678689 ], [ -73.92738547540381, -41.109527312533949 ], [ -73.92736067471543, -41.109532838926683 ], [ -73.927329536412742, -41.109530400951677 ], [ -73.927310966439194, -41.109514561556978 ], [ -73.927296626632312, -41.109495740679989 ], [ -73.927292254531821, -41.109459612324059 ], [ -73.927301420940992, -41.109420875405398 ], [ -73.927311521598043, -41.109383152371407 ], [ -73.927321826172658, -41.109344568373736 ], [ -73.927333555475315, -41.109299959109279 ], [ -73.927351468780401, -41.109249078195226 ], [ -73.927373322096315, -41.109201396677086 ], [ -73.92738940283823, -41.109158264863915 ], [ -73.927391499506101, -41.109109686462041 ], [ -73.927376681795479, -41.109073032662756 ], [ -73.927359045171514, -41.10905820774714 ], [ -73.92733942147413, -41.109036894598425 ], [ -73.927340417705778, -41.108997939486358 ], [ -73.927340141922983, -41.108979245031279 ], [ -73.927327072333924, -41.108940162638063 ], [ -73.927320171475898, -41.108919684001627 ], [ -73.927296978771906, -41.108883673776766 ], [ -73.927271388464405, -41.108842896503397 ], [ -73.927233603526915, -41.108804021820987 ], [ -73.927200405387282, -41.108775541456666 ], [ -73.927158713676633, -41.108743245014495 ], [ -73.927133638103783, -41.108730078300887 ], [ -73.927104454535169, -41.108724350816864 ], [ -73.927076527709602, -41.108723236048888 ], [ -73.927047175257698, -41.108728147254844 ], [ -73.926997335827423, -41.108730284739366 ], [ -73.926957008657681, -41.108731933539929 ], [ -73.926908031610068, -41.108715531492237 ], [ -73.926852431283891, -41.108697343915793 ], [ -73.926800447575019, -41.108678756993946 ], [ -73.926775900211567, -41.10866832676458 ], [ -73.926754646970252, -41.108653901098094 ], [ -73.926738030832453, -41.108634770654611 ], [ -73.926715976293906, -41.108598913918179 ], [ -73.926707325517725, -41.108580863709825 ], [ -73.926689283753547, -41.108567760587462 ], [ -73.926665669739677, -41.108558344937549 ], [ -73.92659837604343, -41.108177984989162 ], [ -73.926469578292938, -41.108135612610347 ], [ -73.926130787666693, -41.108046874328856 ], [ -73.925792817202293, -41.107913108100853 ], [ -73.92573605445611, -41.107840645216761 ], [ -73.925743275114357, -41.107840017770592 ], [ -73.925804648912887, -41.107853657785419 ], [ -73.92582464361449, -41.107863471527978 ], [ -73.925846388234262, -41.107870857385265 ], [ -73.925872326189776, -41.107865484499051 ], [ -73.925891533068864, -41.107828995158258 ], [ -73.925899765230128, -41.10778924199176 ], [ -73.925912431475638, -41.107745647633983 ], [ -73.92592480846362, -41.10770823363849 ], [ -73.925928355910671, -41.107688279859865 ], [ -73.925902885977422, -41.10765196098896 ], [ -73.925849851239676, -41.107627900690488 ], [ -73.925823674332307, -41.107624356657233 ], [ -73.925768059633043, -41.10763104334621 ], [ -73.925717646179308, -41.107645540307608 ], [ -73.925691301286975, -41.107652634463321 ], [ -73.925666620972862, -41.107662618804248 ], [ -73.925636656768248, -41.107670112304632 ], [ -73.925611498550396, -41.107662264130362 ], [ -73.925605126800079, -41.107644520958381 ], [ -73.925604526725465, -41.107622230643315 ], [ -73.925595148313917, -41.107602304589761 ], [ -73.925570720426393, -41.10759633198434 ], [ -73.925546208995542, -41.107595678138324 ], [ -73.925520032986469, -41.107592134780212 ], [ -73.925498491385966, -41.107583887249646 ], [ -73.925477969373304, -41.107571337599396 ], [ -73.925470136064021, -41.107549843246481 ], [ -73.925478440090501, -41.107529645073271 ], [ -73.925494829852866, -41.107514984286183 ], [ -73.925544309058736, -41.107499473359404 ], [ -73.925592805507648, -41.107498043153761 ], [ -73.925647231735766, -41.107506298817412 ], [ -73.925676619221974, -41.107511166118535 ], [ -73.925727884278601, -41.1075030031853 ], [ -73.925753294923055, -41.107494893723043 ], [ -73.925778382173974, -41.10748318742381 ], [ -73.925790831027186, -41.107465327783402 ], [ -73.925788364253421, -41.107441006825084 ], [ -73.925772802737754, -41.107427350479867 ], [ -73.925750328685979, -41.107418088313885 ], [ -73.92569590155955, -41.107409831962265 ], [ -73.92566423774241, -41.1074046573587 ], [ -73.925639079524572, -41.107396809152725 ], [ -73.925613597913213, -41.107385364104481 ], [ -73.925590799569619, -41.107372505090588 ], [ -73.925537391132707, -41.107359943893265 ], [ -73.925480689471996, -41.107351378208534 ], [ -73.925441466331733, -41.107343404099893 ], [ -73.925386238806382, -41.10731371557997 ], [ -73.925366244104794, -41.107303901078403 ], [ -73.925312309255119, -41.107288604667133 ], [ -73.925277644166627, -41.107282841860538 ], [ -73.92525467244819, -41.107279024356224 ], [ -73.925198293282634, -41.10727405618541 ], [ -73.925164879547324, -41.10727130947717 ], [ -73.925106667818611, -41.107274090028525 ], [ -73.92505361780951, -41.107274903617288 ], [ -73.924999957844307, -41.107278299436487 ], [ -73.924949593797919, -41.107277699736336 ], [ -73.924895813458491, -41.107276638415904 ], [ -73.924839026457789, -41.107273392183252 ], [ -73.924787726366873, -41.107271777189212 ], [ -73.92472671099614, -41.107271512535917 ], [ -73.924694758819797, -41.10727251699997 ], [ -73.924647794896742, -41.107297252260388 ], [ -73.924632542401525, -41.107312067420679 ], [ -73.924608172006202, -41.107350523332151 ], [ -73.924597388629522, -41.107371273879444 ], [ -73.924579451968242, -41.107387503663311 ], [ -73.924557251902627, -41.107396935048925 ], [ -73.92452851210173, -41.10739926345164 ], [ -73.924471725101057, -41.107396015871295 ], [ -73.924420712471019, -41.107388220459477 ], [ -73.92436100414902, -41.107377471223373 ], [ -73.924308446416703, -41.10737124477442 ], [ -73.924257961097737, -41.107366185911111 ], [ -73.924201988869015, -41.107359495810847 ], [ -73.924170325051875, -41.107354321203282 ], [ -73.924120824286476, -41.107335181581973 ], [ -73.9240996914194, -41.107325213435928 ], [ -73.924060398210557, -41.107297682067951 ], [ -73.924015413276081, -41.107269380418849 ], [ -73.923977056111767, -41.10724286567546 ], [ -73.923933904638773, -41.107206817303506 ], [ -73.92391326404848, -41.107189807728339 ], [ -73.923903069068317, -41.107173324071809 ], [ -73.923895967885997, -41.107153705855055 ], [ -73.923891547276497, -41.107132674340413 ], [ -73.92388726231259, -41.107091226560691 ], [ -73.923868707610396, -41.107050512476313 ], [ -73.923841779711438, -41.107010441388695 ], [ -73.923821426582052, -41.106987252657881 ], [ -73.923817535978543, -41.106968956981078 ], [ -73.923802934761923, -41.106922785926137 ], [ -73.923814212211994, -41.106878776073877 ], [ -73.923821749975559, -41.106846925430943 ], [ -73.923847989765008, -41.106810499826501 ], [ -73.923870154796319, -41.106791290329319 ], [ -73.923890892404643, -41.106778107656325 ], [ -73.923921552803606, -41.10676271365358 ], [ -73.923969689926437, -41.106747908522415 ], [ -73.924021037628066, -41.10673442734187 ], [ -73.924044496233407, -41.106729608040816 ], [ -73.924097831906764, -41.106722613961864 ], [ -73.92415149277025, -41.106719218790808 ], [ -73.924185838956831, -41.106722980824443 ], [ -73.924246206642238, -41.106716051724142 ], [ -73.924274829662139, -41.106709266119204 ], [ -73.924338324383058, -41.106708977773295 ], [ -73.924393565383127, -41.106713791660894 ], [ -73.924454902350732, -41.106717655225083 ], [ -73.924513031434458, -41.106720193481053 ], [ -73.924543640629437, -41.106719896335925 ], [ -73.924577018432146, -41.106712865705042 ], [ -73.924649955345004, -41.10669253460815 ], [ -73.924703376358323, -41.106680221691569 ], [ -73.924760535261527, -41.106671969308366 ], [ -73.924813057061243, -41.106668419131708 ], [ -73.924861264252669, -41.106673168719759 ], [ -73.924890447821284, -41.106678897736423 ], [ -73.924919259487396, -41.106696124041861 ], [ -73.924957126171577, -41.106729679788863 ], [ -73.924981047409261, -41.106767566118734 ], [ -73.924988151286541, -41.106787185127729 ], [ -73.925001881137334, -41.106808588353189 ], [ -73.925009917465857, -41.106829222650624 ], [ -73.925025801476735, -41.106846475991262 ], [ -73.92504900765546, -41.106857613835885 ], [ -73.925072908231911, -41.106860848582386 ], [ -73.925103924363725, -41.106858829488694 ], [ -73.925128604677838, -41.106848845025539 ], [ -73.925150972728417, -41.10682877456459 ], [ -73.925169602889085, -41.10680464357025 ], [ -73.925179945192951, -41.106775837442193 ], [ -73.925190010815712, -41.106728338236167 ], [ -73.925192827932449, -41.106706509234328 ], [ -73.925189546386719, -41.106685630548768 ], [ -73.925179436746518, -41.106663827930618 ], [ -73.925165096939622, -41.10664500759021 ], [ -73.925127755769907, -41.106614188382736 ], [ -73.925078303513502, -41.106579952322726 ], [ -73.92506160383239, -41.106566142148957 ], [ -73.925051613668089, -41.106548798710946 ], [ -73.925049997598904, -41.106530810211019 ], [ -73.925057906366646, -41.106487461398658 ], [ -73.925061334337784, -41.106463048700626 ], [ -73.925057526379305, -41.106439434701421 ], [ -73.925032979914178, -41.106429004116336 ], [ -73.924982495493495, -41.106423946534207 ], [ -73.924954569566268, -41.106422831050274 ], [ -73.924929652096935, -41.106423899153178 ], [ -73.924909740040334, -41.106408765662948 ], [ -73.924892492386874, -41.106357567762963 ], [ -73.924882584867603, -41.10633490473132 ], [ -73.924876298457249, -41.106311843013962 ], [ -73.924885345390479, -41.106268647030326 ], [ -73.924893529941016, -41.106243990576573 ], [ -73.924910735373658, -41.106225886924719 ], [ -73.924962011210084, -41.106192850759264 ], [ -73.924989782627094, -41.10617973023853 ], [ -73.925014821369004, -41.106183120022514 ], [ -73.92504473526796, -41.106190724022142 ], [ -73.925064119115163, -41.10620312028594 ], [ -73.925087610059848, -41.106208077707826 ], [ -73.925114482263254, -41.106203721349715 ], [ -73.925137616576777, -41.106195302395719 ], [ -73.92516538619715, -41.106182183906064 ], [ -73.925172349937228, -41.106162692645476 ], [ -73.925194344288641, -41.106154120712709 ], [ -73.925220604739337, -41.106152345948821 ], [ -73.925274095821266, -41.106159587147538 ], [ -73.92530193820518, -41.10616602151169 ], [ -73.925348348766008, -41.106188296753004 ], [ -73.925367730816589, -41.106200693694142 ], [ -73.925417807402098, -41.106207473259772 ], [ -73.925467441118172, -41.106206195999391 ], [ -73.925535452568326, -41.10619674752094 ], [ -73.925605009120787, -41.106185731401517 ], [ -73.925633428223108, -41.106179806048395 ], [ -73.925684388750867, -41.106202695886211 ], [ -73.925710397673285, -41.106216878416802 ], [ -73.925765709640274, -41.10624124653274 ], [ -73.925810370282946, -41.106265949691775 ], [ -73.92585368974089, -41.106291358819696 ], [ -73.925873480524899, -41.106302033100739 ], [ -73.925934038653153, -41.106319116684944 ], [ -73.925988261862017, -41.106328233478408 ], [ -73.926018377881931, -41.106334975802902 ], [ -73.926024534036571, -41.106378453321547 ], [ -73.926026151004081, -41.106396439832579 ], [ -73.926063814669007, -41.106430856036035 ], [ -73.926107625505395, -41.106449225641718 ], [ -73.926154767294875, -41.106473375719091 ], [ -73.926175492326792, -41.106485065276544 ], [ -73.926222344858758, -41.106515395844198 ], [ -73.926248353781176, -41.10652957830726 ], [ -73.926299281071266, -41.106542690635671 ], [ -73.926330010640513, -41.10654685000214 ], [ -73.926358343504575, -41.106546244203464 ], [ -73.926379813239862, -41.106534935734757 ], [ -73.926395063938443, -41.106520120399153 ], [ -73.926436947888561, -41.106492030952253 ], [ -73.926488715103432, -41.10645195343195 ], [ -73.926532060612516, -41.106427615176536 ], [ -73.926567799187794, -41.106415573635665 ], [ -73.926616820252846, -41.106416879320591 ], [ -73.926671533941857, -41.106418954608195 ], [ -73.926731208127876, -41.106419925918551 ], [ -73.926786855166455, -41.106423017189869 ], [ -73.926810755742906, -41.10642625331154 ], [ -73.926873064687626, -41.106440905542399 ], [ -73.926909484185884, -41.106445835871476 ], [ -73.926939159132971, -41.106444522741562 ], [ -73.926970667541568, -41.106435462144582 ], [ -73.926980636146283, -41.106418153869356 ], [ -73.926981906364077, -41.106397893075851 ], [ -73.926975750209451, -41.106354415570053 ], [ -73.926978768548807, -41.106331725462447 ], [ -73.926987157016924, -41.106306208727425 ], [ -73.927008300663772, -41.106291302639249 ], [ -73.927063218270348, -41.106292518302538 ], [ -73.927087322764379, -41.106294892771764 ], [ -73.927129445666367, -41.10627571967489 ], [ -73.927149655963618, -41.1062597989472 ], [ -73.927162715671216, -41.106239356702794 ], [ -73.927166466137521, -41.106218542848566 ], [ -73.927166801209125, -41.106197265329293 ], [ -73.927153397446773, -41.106179460165876 ], [ -73.927125471519545, -41.106178345354664 ], [ -73.927097425218051, -41.106172770621569 ], [ -73.927079994308301, -41.106157085421081 ], [ -73.927101990456336, -41.106148514164445 ], [ -73.927131018616421, -41.106140005179107 ], [ -73.927173716440194, -41.106108472985724 ], [ -73.927197306199545, -41.106083235713243 ], [ -73.927215290471537, -41.106051911293264 ], [ -73.927199607683306, -41.106033796758467 ], [ -73.927174366820466, -41.106031268629081 ], [ -73.927142210726544, -41.106033135451248 ], [ -73.92711379521748, -41.106039060817601 ], [ -73.927086598722255, -41.10603982027164 ], [ -73.92703968600317, -41.106049461682133 ], [ -73.927011063881579, -41.106056248708988 ], [ -73.926977160564448, -41.106060542804435 ], [ -73.926926544091444, -41.106075901097391 ], [ -73.92690019919911, -41.106082996099566 ], [ -73.926878729463823, -41.106094304646113 ], [ -73.926862868809167, -41.106111702354134 ], [ -73.926835421683975, -41.106128419798814 ], [ -73.926793683260925, -41.106111220419464 ], [ -73.926746829830662, -41.106080890341993 ], [ -73.926710542384754, -41.106055544758881 ], [ -73.926684210967139, -41.106037766632085 ], [ -73.926643419368403, -41.105996707364781 ], [ -73.926606739358718, -41.105948209202737 ], [ -73.926570669305121, -41.105897128720251 ], [ -73.92655092613181, -41.105871357987454 ], [ -73.92653131680747, -41.10582517126948 ], [ -73.926521099369438, -41.105774036541028 ], [ -73.926516897050533, -41.1057272696697 ], [ -73.926523055001795, -41.105686348291556 ], [ -73.926537145975345, -41.105636727634256 ], [ -73.926545043065005, -41.105618251531176 ], [ -73.926558017432669, -41.105603128008426 ], [ -73.926612202912281, -41.105602468727554 ], [ -73.926639192794994, -41.105602568228868 ], [ -73.92666862879021, -41.105592339221083 ], [ -73.926716609606174, -41.105563297683787 ], [ -73.926739097132682, -41.10554768544079 ], [ -73.926771419414919, -41.105535180075492 ], [ -73.92679467320437, -41.105531221001556 ], [ -73.926820526718259, -41.105531167527985 ], [ -73.926858083483651, -41.105536251577242 ], [ -73.926882306555285, -41.105543084685017 ], [ -73.926901894320054, -41.105554619402554 ], [ -73.926921396744874, -41.105571475072587 ], [ -73.926944925418795, -41.10558620939667 ], [ -73.926972441714256, -41.105589046877277 ], [ -73.927001182413449, -41.105586717733502 ], [ -73.927022651250439, -41.105575409099558 ], [ -73.927042250693304, -41.105562071176891 ], [ -73.927059982538708, -41.105546703964315 ], [ -73.927072021760125, -41.105530565781208 ], [ -73.927078253373267, -41.105509198690768 ], [ -73.927079319673496, -41.105489797255586 ], [ -73.927062704434007, -41.105470667920898 ], [ -73.927043320586804, -41.105458272195655 ], [ -73.926998372483254, -41.105439749337556 ], [ -73.926938424311075, -41.105420084574909 ], [ -73.926911601515016, -41.105409346523594 ], [ -73.926863119439133, -41.105385903396595 ], [ -73.926839100285051, -41.105378209278491 ], [ -73.926814791873468, -41.105376696447024 ], [ -73.926788448777771, -41.105383791524744 ], [ -73.926765315362573, -41.105392209229009 ], [ -73.926739821174806, -41.10540563653457 ], [ -73.926689899997839, -41.105413093064016 ], [ -73.926633318711367, -41.105408987776265 ], [ -73.926609621154157, -41.105404891287712 ], [ -73.926582188402023, -41.105396734861458 ], [ -73.926533059539125, -41.105366097826341 ], [ -73.926511808094446, -41.105351672111226 ], [ -73.926492915625701, -41.105332233400986 ], [ -73.926450615755599, -41.105302520280873 ], [ -73.926429567330189, -41.105287232879732 ], [ -73.926402146256137, -41.105254203687785 ], [ -73.926391221843971, -41.105235844577926 ], [ -73.926384574310859, -41.105199407926555 ], [ -73.926383976032881, -41.105177117458339 ], [ -73.926392939422783, -41.105139240364089 ], [ -73.926398438010651, -41.105115996821723 ], [ -73.926389394670679, -41.10507479483217 ], [ -73.926380267787394, -41.105038910430075 ], [ -73.926379464693525, -41.105017480906135 ], [ -73.926382280911938, -41.104995651335557 ], [ -73.926387696854789, -41.104977727391251 ], [ -73.926423974419222, -41.104943548013381 ], [ -73.92647028975864, -41.10491161791284 ], [ -73.926513429553538, -41.104888139410079 ], [ -73.926534898390528, -41.104876830655805 ], [ -73.926590270544622, -41.104861228402903 ], [ -73.926640189924953, -41.104853771810824 ], [ -73.926664582778201, -41.104849967026176 ], [ -73.926706261014118, -41.104822737189238 ], [ -73.926753020121282, -41.104798861998262 ], [ -73.926774488059948, -41.104787553905567 ], [ -73.926792422026267, -41.104771324155976 ], [ -73.926794423472714, -41.104752939189353 ], [ -73.926790002863214, -41.104731906905798 ], [ -73.926781966534676, -41.104711274656843 ], [ -73.9267741098692, -41.104700839059049 ], [ -73.926717105476214, -41.104671399793446 ], [ -73.926698575028539, -41.104671556154884 ], [ -73.926670361640404, -41.104676620640873 ], [ -73.926619052566323, -41.104699879907237 ], [ -73.926595714335249, -41.104709159378821 ], [ -73.926577253956154, -41.104722651128505 ], [ -73.926565009918832, -41.104739649835636 ], [ -73.926550896487399, -41.104754619226654 ], [ -73.926498855286354, -41.104776003484837 ], [ -73.926474379788118, -41.104785127261422 ], [ -73.926414863705617, -41.104798392914866 ], [ -73.926390471750707, -41.104802197702512 ], [ -73.926365552484725, -41.104803266508675 ], [ -73.926318879615835, -41.104821822713816 ], [ -73.92628329734741, -41.104848100847242 ], [ -73.926269184814302, -41.104863069536648 ], [ -73.926249058060364, -41.104873671622968 ], [ -73.926224752343714, -41.104872157426101 ], [ -73.926205584092173, -41.104834026999953 ], [ -73.926184706346675, -41.104795166866317 ], [ -73.926182089554246, -41.104792872892553 ], [ -73.926156533382738, -41.104785790611828 ], [ -73.926127041691956, -41.104781811186108 ], [ -73.926102651533668, -41.104783366675228 ], [ -73.92607532568104, -41.104790582303124 ], [ -73.926043785831425, -41.104802074508889 ], [ -73.926019890644852, -41.104787947177563 ], [ -73.926025479962561, -41.104743878358939 ], [ -73.926024531341625, -41.104720734179267 ], [ -73.926030118862698, -41.10467666531558 ], [ -73.926029447821179, -41.104652346708839 ], [ -73.926022568522725, -41.104627190780398 ], [ -73.926005990114149, -41.104609204461674 ], [ -73.925985475288002, -41.104594323033226 ], [ -73.925961748086394, -41.104586276162529 ], [ -73.925936636580971, -41.104584099283457 ], [ -73.925879373473165, -41.104582428718253 ], [ -73.925818284440595, -41.104576610169154 ], [ -73.925782307811772, -41.104572966468361 ], [ -73.925756584553625, -41.104559803656727 ], [ -73.925726531415776, -41.104524252003529 ], [ -73.92569830724787, -41.104487735761019 ], [ -73.925684555837506, -41.104471342806526 ], [ -73.9256630438814, -41.104453902696619 ], [ -73.92564297551796, -41.104443927344249 ], [ -73.925611763553405, -41.104433658219335 ], [ -73.925565416772955, -41.10441286816085 ], [ -73.925541966252453, -41.104403646860113 ], [ -73.925488303592331, -41.104386714401436 ], [ -73.925466404462327, -41.10437770225677 ], [ -73.925442399681316, -41.104370828414183 ], [ -73.925398159450211, -41.104347900031811 ], [ -73.925368610267256, -41.104330586468087 ], [ -73.92535303078526, -41.104315158723828 ], [ -73.925300475747889, -41.104293529957062 ], [ -73.925250083853712, -41.104283095646657 ], [ -73.925211834487229, -41.104275511732951 ], [ -73.925159286636372, -41.104287804116758 ], [ -73.925124919788558, -41.104297703680786 ], [ -73.925053301602517, -41.104302576634872 ], [ -73.925006460748648, -41.104297467445058 ], [ -73.924966657296721, -41.104289673696087 ], [ -73.924923247108936, -41.104263222731319 ], [ -73.924869803637762, -41.104231782371208 ], [ -73.924850011057103, -41.104220631220215 ], [ -73.924828222419876, -41.104204365455139 ], [ -73.924784753841593, -41.104164580310865 ], [ -73.924746278099661, -41.104137582364686 ], [ -73.924717173582778, -41.10412517555752 ], [ -73.924684410227727, -41.10411469654526 ], [ -73.924623322093467, -41.104108875924041 ], [ -73.924574098009131, -41.104107080121146 ], [ -73.924507907444067, -41.104095725880384 ], [ -73.924480798983737, -41.104088433010048 ], [ -73.924439109968034, -41.104068270324497 ], [ -73.924417489315772, -41.104058084399 ], [ -73.924392208927046, -41.10404982627113 ], [ -73.924348690941414, -41.104030628150483 ], [ -73.924322414321054, -41.104019813382664 ], [ -73.92427507041063, -41.103996464525139 ], [ -73.9242239580676, -41.103982299114307 ], [ -73.924174565100031, -41.103974422746532 ], [ -73.924147902204069, -41.103972036686166 ], [ -73.924123956711867, -41.103978494956031 ], [ -73.924098349336361, -41.103992001070651 ], [ -73.924055339797192, -41.104024962530957 ], [ -73.92403777054686, -41.104038340025802 ], [ -73.924015545328416, -41.1040510886817 ], [ -73.923979795075056, -41.104066858320294 ], [ -73.923946368763325, -41.104065981063599 ], [ -73.923926853762097, -41.104053656824171 ], [ -73.923908053819829, -41.10401114302023 ], [ -73.923896736843886, -41.103970850086455 ], [ -73.923896562570732, -41.10393084954751 ], [ -73.923906363190468, -41.103882503515464 ], [ -73.923928917192328, -41.103847992564489 ], [ -73.923946763123737, -41.10383344196665 ], [ -73.923975474178548, -41.103820356850093 ], [ -73.923998750425866, -41.103789577607742 ], [ -73.923999798759809, -41.10377154773807 ], [ -73.923993641706844, -41.103750122538813 ], [ -73.923962598625579, -41.103745933211677 ], [ -73.923934550527449, -41.103749416533304 ], [ -73.923911880642947, -41.103757261113827 ], [ -73.923885107254222, -41.103762127339031 ], [ -73.923853066144673, -41.103755380688987 ], [ -73.923842471414204, -41.103718820020511 ], [ -73.923837975346217, -41.103690349634711 ], [ -73.923847499284847, -41.103643178523988 ], [ -73.92385375874575, -41.103623429287694 ], [ -73.923878252210287, -41.103580699950825 ], [ -73.923885285120647, -41.103544095186528 ], [ -73.923881786182619, -41.103518183411758 ], [ -73.923867758091134, -41.103502965316096 ], [ -73.923846969278841, -41.10348925670732 ], [ -73.923820472571208, -41.103492948528277 ], [ -73.923783673085595, -41.10352674824275 ], [ -73.923763167242612, -41.103545786762069 ], [ -73.923713113114971, -41.103547511505703 ], [ -73.923667319696733, -41.103524372319626 ], [ -73.923650465505375, -41.103507559445767 ], [ -73.923641204773119, -41.103485715835234 ], [ -73.923648623060728, -41.103440682911149 ], [ -73.923665353284591, -41.103396906964107 ], [ -73.923692783341778, -41.103348517217192 ], [ -73.923706359580677, -41.103324910897761 ], [ -73.923728140133051, -41.103307254551176 ], [ -73.923771207164393, -41.103287627056538 ], [ -73.923823032769775, -41.10327160406883 ], [ -73.923863163208466, -41.103257636834492 ], [ -73.923915928451621, -41.103230838202194 ], [ -73.923939705958873, -41.103218297873539 ], [ -73.923962375843374, -41.103210455259386 ], [ -73.924005829150303, -41.103182398241962 ], [ -73.924039247377195, -41.103149354453251 ], [ -73.924066458245463, -41.103115472639018 ], [ -73.924073715734636, -41.103098279916466 ], [ -73.924080638152219, -41.103068928607094 ], [ -73.924104022197383, -41.103030895962235 ], [ -73.924141484639676, -41.102987494748376 ], [ -73.924162544743197, -41.102966108553943 ], [ -73.924184937946606, -41.102959438989529 ], [ -73.924242862214427, -41.102951507669609 ], [ -73.924269910487638, -41.102945466273546 ], [ -73.924295853833044, -41.102944121259007 ], [ -73.924320687759078, -41.102947472626319 ], [ -73.92436647938068, -41.102970612015667 ], [ -73.924384164513683, -41.102983901050479 ], [ -73.92440888974356, -41.102994506147795 ], [ -73.924432892727964, -41.103001380134472 ], [ -73.924481066681707, -41.103021206048211 ], [ -73.924504792984976, -41.103029253787611 ], [ -73.92456194559999, -41.103038177442599 ], [ -73.92458578149774, -41.103038970776673 ], [ -73.924610725018226, -41.103035069089287 ], [ -73.92463211929504, -41.103025841502905 ], [ -73.924649521458733, -41.103006383827704 ], [ -73.924656056702418, -41.102985459966739 ], [ -73.924657712297474, -41.102944495588687 ], [ -73.924655656053801, -41.102926047158242 ], [ -73.924639799890713, -41.102911792164718 ], [ -73.924612969009814, -41.102903326082057 ], [ -73.924585476070547, -41.102904461932994 ], [ -73.924551941062674, -41.102910839078945 ], [ -73.924529489468782, -41.10290417492417 ], [ -73.924513632407368, -41.102889921279711 ], [ -73.924503538936833, -41.102871599415721 ], [ -73.92448751658543, -41.10285126645261 ], [ -73.924473874769532, -41.102827619339919 ], [ -73.924472097003587, -41.102807996440298 ], [ -73.924473582817058, -41.102760951954686 ], [ -73.924476067557137, -41.102716464799556 ], [ -73.924481883250294, -41.102691809719701 ], [ -73.924473502867016, -41.102645856330163 ], [ -73.924464793700338, -41.102621664230576 ], [ -73.924436797704487, -41.102604559377134 ], [ -73.924387406533555, -41.102596683521021 ], [ -73.924354812061779, -41.102592285631758 ], [ -73.924335020379445, -41.102581134202374 ], [ -73.924309130034629, -41.102561892330044 ], [ -73.924304525270486, -41.102540675901793 ], [ -73.924320096667614, -41.102522184035578 ], [ -73.924345426463688, -41.102509853414226 ], [ -73.924367819667083, -41.102503183803456 ], [ -73.924401958342827, -41.102473870812126 ], [ -73.92442423476524, -41.102440534240742 ], [ -73.924436149120851, -41.10242397087017 ], [ -73.924472393447616, -41.102392519475806 ], [ -73.924517675724474, -41.10236349886155 ], [ -73.924541729912832, -41.102349784599646 ], [ -73.924543936175169, -41.10230647161135 ], [ -73.924542268902002, -41.102279595422679 ], [ -73.924498860510838, -41.102253142294494 ], [ -73.924450853643748, -41.102239396194555 ], [ -73.92440101780673, -41.102226613341202 ], [ -73.924377291503447, -41.102218566180369 ], [ -73.924272076325778, -41.101924529368837 ], [ -73.924294578225357, -41.101910606524584 ], [ -73.924320352687474, -41.10190318073569 ], [ -73.924346461322898, -41.101907915776188 ], [ -73.924392527828985, -41.101929881079812 ], [ -73.924415424088934, -41.101941450954769 ], [ -73.924467365576987, -41.101952094127803 ], [ -73.924522134063224, -41.101964331439262 ], [ -73.924584662196892, -41.101977614585444 ], [ -73.924608942760699, -41.101983313550519 ], [ -73.924644983169912, -41.101988177199502 ], [ -73.924641284805887, -41.101984223327072 ], [ -73.92442959411423, -41.101819196832324 ], [ -73.924394998196021, -41.101817551919744 ], [ -73.924370166066623, -41.101814200494751 ], [ -73.924346162183909, -41.101807327737696 ], [ -73.924311068599025, -41.101779575411371 ], [ -73.924285396544832, -41.101745824889747 ], [ -73.924270094642267, -41.101729223436465 ], [ -73.924251134799874, -41.101714549846704 ], [ -73.924205510264912, -41.101697490110659 ], [ -73.92414370258011, -41.101687938091594 ], [ -73.924118592871295, -41.101685761116464 ], [ -73.924091376613134, -41.101685721178185 ], [ -73.924041490470458, -41.101693527420736 ], [ -73.924012612329037, -41.101700532866055 ], [ -73.923990991676774, -41.101690345896394 ], [ -73.923936392073784, -41.101684189307889 ], [ -73.923908177787354, -41.101681592642137 ], [ -73.92388478565735, -41.101685704255168 ], [ -73.923858459629628, -41.101695477627409 ], [ -73.923839782756545, -41.101713550713008 ], [ -73.923840787073033, -41.101750029236761 ], [ -73.923847775965953, -41.101767933077547 ], [ -73.923846449154283, -41.101787135921164 ], [ -73.923838914984003, -41.101805501410503 ], [ -73.923784815742636, -41.101817584411833 ], [ -73.923752004776901, -41.101827692839166 ], [ -73.92369263781471, -41.101828161266909 ], [ -73.923642525296572, -41.101816552787596 ], [ -73.923594520226118, -41.101802805242464 ], [ -73.923572346211643, -41.101794967874604 ], [ -73.923517519334908, -41.101769397253939 ], [ -73.923480043417882, -41.101744956402015 ], [ -73.923464463935915, -41.101729528050321 ], [ -73.923462409488849, -41.101711079955514 ], [ -73.92346401298164, -41.101690701956358 ], [ -73.923460406245766, -41.101672043328449 ], [ -73.92344332567896, -41.101635817929704 ], [ -73.92342380618615, -41.101589572725189 ], [ -73.923404451983359, -41.101549406243862 ], [ -73.92337816817647, -41.10150467119152 ], [ -73.923356709220954, -41.101466644409982 ], [ -73.923329318689625, -41.101426604438032 ], [ -73.923296717929645, -41.10138828450355 ], [ -73.923256080841142, -41.101350091808349 ], [ -73.92323867238926, -41.101335628657139 ], [ -73.923191052696026, -41.101313452631494 ], [ -73.923137502325318, -41.101289266133364 ], [ -73.923089607747642, -41.101268264555955 ], [ -73.92304004859173, -41.101254308403256 ], [ -73.923017598794445, -41.101247643403497 ], [ -73.922985667279377, -41.101233642569376 ], [ -73.92294536526245, -41.101207608713409 ], [ -73.922889927531344, -41.101171052718904 ], [ -73.922862930462102, -41.101156506943347 ], [ -73.922839868912135, -41.101138856783074 ], [ -73.922788424192433, -41.101112531134397 ], [ -73.922734262069014, -41.101077357370684 ], [ -73.922689411881819, -41.10104344267193 ], [ -73.922649328155515, -41.101002901515862 ], [ -73.922614453759564, -41.100960640261754 ], [ -73.92260125930467, -41.100941898164287 ], [ -73.9225919985724, -41.100920054377319 ], [ -73.922593046906329, -41.100902025073701 ], [ -73.922604125828741, -41.10085506316193 ], [ -73.922617919459938, -41.100816948003491 ], [ -73.9226399704052, -41.100764198282732 ], [ -73.922659530322207, -41.100722016075842 ], [ -73.922674709155558, -41.100678030498948 ], [ -73.922691607364385, -41.100640333581076 ], [ -73.922700695620094, -41.100622177614547 ], [ -73.922712886656825, -41.100604439309599 ], [ -73.92274685824593, -41.100569047301796 ], [ -73.922765366235723, -41.100544895053098 ], [ -73.922801166794756, -41.100508537707768 ], [ -73.922837077846538, -41.100464927685579 ], [ -73.922865117859814, -41.100427523757432 ], [ -73.92289188226539, -41.100388736155914 ], [ -73.922909837791295, -41.100366930770207 ], [ -73.922931946228758, -41.100327514261046 ], [ -73.922952779058505, -41.10028671610489 ], [ -73.922962696459237, -41.100265037272102 ], [ -73.922981540418959, -41.100253041986676 ], [ -73.923003933622354, -41.100246374177544 ], [ -73.923033532212656, -41.100243099166036 ], [ -73.923084247500327, -41.100231772688517 ], [ -73.923103368141156, -41.100218604945148 ], [ -73.923123093348167, -41.100182501947017 ], [ -73.923135838645422, -41.100162415909878 ], [ -73.923169977321152, -41.100133103227655 ], [ -73.923194308190631, -41.100118215369399 ], [ -73.923209603804963, -41.1001008973059 ], [ -73.923258264645597, -41.100071121571474 ], [ -73.923281319009035, -41.100054850717029 ], [ -73.923318117596338, -41.100021051923463 ], [ -73.923375202837704, -41.099982721691767 ], [ -73.923426413097118, -41.099955712549296 ], [ -73.92345722890461, -41.09994048888953 ], [ -73.923504447050902, -41.099903251189588 ], [ -73.92352982715262, -41.099870333692408 ], [ -73.923543570478145, -41.099852804358576 ], [ -73.923576432647863, -41.099822109228029 ], [ -73.923603364140078, -41.099789401541486 ], [ -73.923631236168418, -41.099745916952664 ], [ -73.923650684694309, -41.099710987509496 ], [ -73.923668690525858, -41.099668594097537 ], [ -73.92368303931589, -41.099628130617994 ], [ -73.923692454558392, -41.099588212728612 ], [ -73.92370003903433, -41.099549260134474 ], [ -73.923705074091487, -41.099507539499065 ], [ -73.923706728788247, -41.099466574982472 ], [ -73.923706386530114, -41.099420494778649 ], [ -73.923703938620974, -41.099376553008426 ], [ -73.923699108379708, -41.099335923497591 ], [ -73.923698605323153, -41.099317685260182 ], [ -73.923692724951295, -41.099295085462671 ], [ -73.923679638294232, -41.099269090778044 ], [ -73.923647039330874, -41.099230771615588 ], [ -73.923611501978243, -41.099198113051621 ], [ -73.923578348754376, -41.099162140143108 ], [ -73.92354985149862, -41.099126797452172 ], [ -73.923537654173685, -41.099110615043784 ], [ -73.92350001117002, -41.099080094895655 ], [ -73.923454886098355, -41.099047352992216 ], [ -73.923410371881076, -41.099025597255299 ], [ -73.923379165306429, -41.099015327283134 ], [ -73.923372176413508, -41.098997425399794 ], [ -73.92337588555732, -41.098974908756659 ], [ -73.923382699278761, -41.098952811136826 ], [ -73.923396995966485, -41.098932934577661 ], [ -73.923415671941243, -41.098914861403841 ], [ -73.923439891419619, -41.098907226776006 ], [ -73.923489717375162, -41.09888608904707 ], [ -73.923512663042473, -41.098877070731973 ], [ -73.923537598478134, -41.098839247544788 ], [ -73.923575890065436, -41.098792324775062 ], [ -73.923598996531169, -41.098755466870266 ], [ -73.923622932141924, -41.098715084739233 ], [ -73.923648589823074, -41.09868099416726 ], [ -73.923664714582429, -41.098660153547186 ], [ -73.923681276821299, -41.098610297417295 ], [ -73.923691470903151, -41.098587444196262 ], [ -73.923705766692592, -41.098567567526544 ], [ -73.923722685562637, -41.098554224795848 ], [ -73.923768442149964, -41.098525671613771 ], [ -73.923785361020009, -41.098512328197579 ], [ -73.923811574758332, -41.098498502111219 ], [ -73.923828495425013, -41.098485158689506 ], [ -73.923853915052604, -41.09847469773203 ], [ -73.923878542366126, -41.098467604615664 ], [ -73.923928109606877, -41.098432620336396 ], [ -73.923952893227252, -41.098415129205229 ], [ -73.923973469138829, -41.098405750685956 ], [ -73.923993009292886, -41.098391024228206 ], [ -73.924015809433115, -41.098381946950134 ], [ -73.924079445189534, -41.098374906626191 ], [ -73.924142682093958, -41.098369550563838 ], [ -73.92419988321798, -41.098370324999564 ], [ -73.924260344328175, -41.098376747941735 ], [ -73.924312544531034, -41.098389002166293 ], [ -73.924338840914331, -41.098394287823837 ], [ -73.924362120754921, -41.098402638051638 ], [ -73.924422822613607, -41.09841777609472 ], [ -73.924477642303827, -41.098428645941325 ], [ -73.924539533531956, -41.098438734581642 ], [ -73.924605875014024, -41.098449425032115 ], [ -73.924633409275785, -41.098453989052388 ], [ -73.924657428429853, -41.098461470064514 ], [ -73.924708919861928, -41.098476049607612 ], [ -73.924755675375849, -41.098491687902069 ], [ -73.924781673518481, -41.098500284528413 ], [ -73.924829206075117, -41.098512635534171 ], [ -73.924881664094443, -41.098523106639931 ], [ -73.924931252894766, -41.098531494760707 ], [ -73.924994265220363, -41.098539998639325 ], [ -73.925022007891286, -41.098541198199264 ], [ -73.925070931938293, -41.098533384812477 ], [ -73.925094987024963, -41.098526454171108 ], [ -73.925114964658576, -41.098513038998064 ], [ -73.925146694951025, -41.098478312662188 ], [ -73.925159650454063, -41.098461405076982 ], [ -73.925174390011236, -41.098446433574537 ], [ -73.925181989758556, -41.098423715687282 ], [ -73.92515784933191, -41.098388235177289 ], [ -73.925131728120093, -41.098351637673204 ], [ -73.925110341029807, -41.0983139840991 ], [ -73.925101063229548, -41.098291531532468 ], [ -73.925076804225299, -41.098251793577852 ], [ -73.925068225314334, -41.098231132891812 ], [ -73.925057086204802, -41.098211821372459 ], [ -73.925019206944228, -41.098172790112081 ], [ -73.925000580376803, -41.098156707658227 ], [ -73.924969726840061, -41.098121169462665 ], [ -73.924951176629449, -41.098100009141177 ], [ -73.924938949660103, -41.098080551360532 ], [ -73.924941429010289, -41.098060533730234 ], [ -73.924952404626438, -41.098042511765122 ], [ -73.924973974074717, -41.098031855096366 ], [ -73.925028330234255, -41.098024773440457 ], [ -73.925054287054394, -41.098024036910275 ], [ -73.925082727716287, -41.098027027033162 ], [ -73.925137865410107, -41.098040403718876 ], [ -73.925192109280218, -41.098052811675565 ], [ -73.925224701057047, -41.098057210545761 ], [ -73.925252326946989, -41.098054154082433 ], [ -73.925274788422342, -41.098044465465009 ], [ -73.925289218959065, -41.098026061691279 ], [ -73.9252991067154, -41.098007891462935 ], [ -73.925300694038498, -41.09798690576018 ], [ -73.925298632404932, -41.097967124359855 ], [ -73.925293118545724, -41.097947724081351 ], [ -73.925254119984288, -41.097922956866938 ], [ -73.925209223084707, -41.09790417870078 ], [ -73.925189240959526, -41.097893850334806 ], [ -73.925143529287979, -41.097869024881568 ], [ -73.925118307289722, -41.09785714085691 ], [ -73.925095375097172, -41.097849808030126 ], [ -73.925056451994223, -41.097819962225259 ], [ -73.925040966835354, -41.097800064337498 ], [ -73.925015745735436, -41.097788180977346 ], [ -73.92499005840989, -41.097783018477799 ], [ -73.924962705607797, -41.097780175244225 ], [ -73.924937252742538, -41.097783524844139 ], [ -73.924892715169079, -41.097801259172229 ], [ -73.924873318745441, -41.097812208325202 ], [ -73.924855125166005, -41.097827561100601 ], [ -73.92483060744695, -41.097841212672598 ], [ -73.924786680727891, -41.097818324659023 ], [ -73.924742520446827, -41.097786925215942 ], [ -73.924722924597219, -41.097774952494596 ], [ -73.924691179033388, -41.097738444684595 ], [ -73.924677168009907, -41.097717050688267 ], [ -73.924661605595929, -41.097702229978516 ], [ -73.924617832488764, -41.097669187494269 ], [ -73.924581395024191, -41.097643068959137 ], [ -73.924563079273881, -41.097630421280527 ], [ -73.924543559781071, -41.097613371315013 ], [ -73.924529859574662, -41.097595410153843 ], [ -73.9245209689483, -41.09757131435348 ], [ -73.924522748510867, -41.097549507355431 ], [ -73.924518321613164, -41.097530253854515 ], [ -73.924487585755713, -41.097498970034415 ], [ -73.924454289699696, -41.097469036741821 ], [ -73.924423360704466, -41.097438574049825 ], [ -73.924391033032336, -41.097404532233718 ], [ -73.924376828871075, -41.097383957932607 ], [ -73.924372284294051, -41.097360449660037 ], [ -73.924360949351808, -41.097341960397095 ], [ -73.924316132402268, -41.097318103472418 ], [ -73.924292695356527, -41.097308157499647 ], [ -73.924273487579086, -41.097294540342119 ], [ -73.92424601709773, -41.097287440328635 ], [ -73.924188748600045, -41.097283103687694 ], [ -73.924133265953145, -41.097280704521893 ], [ -73.924081118750905, -41.097273666787764 ], [ -73.924052560409706, -41.097266420547463 ], [ -73.924013328286293, -41.097233140905885 ], [ -73.92399617495596, -41.097215562803619 ], [ -73.923976580004648, -41.097203589978136 ], [ -73.923953840949864, -41.097195433887244 ], [ -73.923903052000341, -41.097182643282494 ], [ -73.923879925771658, -41.097176129510039 ], [ -73.923858155999085, -41.097163863550762 ], [ -73.92384240134561, -41.097149865230961 ], [ -73.923825131234281, -41.097128031014307 ], [ -73.923808677691525, -41.097112242108423 ], [ -73.923767818719142, -41.097090615708296 ], [ -73.923723816541582, -41.097072804690981 ], [ -73.923673296188326, -41.09705411428763 ], [ -73.923642955589614, -41.097044932571713 ], [ -73.923620991780908, -41.097033487750238 ], [ -73.923602676928908, -41.097020839954226 ], [ -73.923566314922823, -41.096989644574435 ], [ -73.923547688355413, -41.096973562507813 ], [ -73.92352017655152, -41.096957129090484 ], [ -73.92350333583488, -41.096942983824349 ], [ -73.923496655064113, -41.096904770942956 ], [ -73.923501301150779, -41.096861302045589 ], [ -73.923500521413089, -41.096840844690149 ], [ -73.923494619481673, -41.096823089116697 ], [ -73.923471566016559, -41.096787753290741 ], [ -73.923457943065259, -41.096764713945639 ], [ -73.923428178286642, -41.096729320545769 ], [ -73.923399111498995, -41.096695718393612 ], [ -73.923376446106062, -41.096658739488284 ], [ -73.923368366658394, -41.096616945257765 ], [ -73.923356834985086, -41.096575532813318 ], [ -73.923346472019986, -41.096552934103201 ], [ -73.923313059182988, -41.096518744247923 ], [ -73.923271577678108, -41.096490249754687 ], [ -73.923233859215955, -41.096464807724715 ], [ -73.923211199212901, -41.096451573559683 ], [ -73.92319315475379, -41.096433025821099 ], [ -73.923189421355474, -41.096391817707087 ], [ -73.923182312088315, -41.096345914067562 ], [ -73.923174315285664, -41.096322787237611 ], [ -73.923145208073834, -41.096279850058131 ], [ -73.923110074064752, -41.09624543327368 ], [ -73.923106054103854, -41.096241493272032 ], [ -73.923075125108625, -41.096211031364668 ], [ -73.923042023088712, -41.096180275635234 ], [ -73.923001940260747, -41.096155362204364 ], [ -73.922953283013385, -41.096133529688039 ], [ -73.922900397395964, -41.096115368413848 ], [ -73.922869861862836, -41.096107007063623 ], [ -73.922828692971677, -41.096081946700743 ], [ -73.922792021046831, -41.096047316564459 ], [ -73.922753953140031, -41.096009106546937 ], [ -73.922732648694748, -41.095990118647165 ], [ -73.922694621212159, -41.095961242108402 ], [ -73.922662607052047, -41.09593063384353 ], [ -73.922629001077269, -41.095897264840843 ], [ -73.922591049951478, -41.095863310910353 ], [ -73.922561091136743, -41.095828739556119 ], [ -73.922535361590377, -41.095790497593363 ], [ -73.922501249864098, -41.095754518079758 ], [ -73.922457868422399, -41.095719830227424 ], [ -73.922418367702704, -41.095692450376873 ], [ -73.922396093975237, -41.095677573020787 ], [ -73.922353061978185, -41.095655651661005 ], [ -73.922326949749504, -41.095642799151008 ], [ -73.922312475195341, -41.095628126232455 ], [ -73.922291167156814, -41.095585393047742 ], [ -73.922266290111637, -41.095538787489772 ], [ -73.922251658352295, -41.095510524776941 ], [ -73.922226707645265, -41.095492740410563 ], [ -73.922171884361802, -41.095482796869312 ], [ -73.922145811658993, -41.095479277229025 ], [ -73.922120048874959, -41.095479191929073 ], [ -73.922093512641467, -41.095482394063787 ], [ -73.922067403107718, -41.095493286059629 ], [ -73.922042692250898, -41.095507758621125 ], [ -73.922027175650982, -41.095526015518011 ], [ -73.921978677405448, -41.095517773241873 ], [ -73.921934482988405, -41.095500783656568 ], [ -73.921875116924539, -41.095467330489456 ], [ -73.921831464191627, -41.095438541728882 ], [ -73.921810782278826, -41.095426422350812 ], [ -73.921770853062782, -41.095391352505665 ], [ -73.921727043124676, -41.095348974584311 ], [ -73.921696580355075, -41.095311790471087 ], [ -73.92165692153192, -41.09527082198381 ], [ -73.921619553412725, -41.095234400790297 ], [ -73.921588197717739, -41.095196248520779 ], [ -73.921560024753802, -41.095163613676341 ], [ -73.921527117668319, -41.095132035593458 ], [ -73.921509075005815, -41.095113488159292 ], [ -73.921475587608654, -41.095084376320266 ], [ -73.921441906175403, -41.095056085655372 ], [ -73.921402987564036, -41.095026239935081 ], [ -73.921357626235434, -41.094990436020076 ], [ -73.92131878487919, -41.09495551352591 ], [ -73.921282696859279, -41.094918417875618 ], [ -73.92124622166547, -41.094882965936804 ], [ -73.921214789613686, -41.094849890215833 ], [ -73.921186228577568, -41.09481890028723 ], [ -73.921172337928311, -41.094801760229146 ], [ -73.921154098534785, -41.09478403389214 ], [ -73.92111448103411, -41.094752398082498 ], [ -73.921074746752481, -41.094716506686261 ], [ -73.921031636601995, -41.094675918974431 ], [ -73.9209948505911, -41.09463703252041 ], [ -73.920971488105508, -41.094598262486166 ], [ -73.920961241921376, -41.094579920707275 ], [ -73.920945060568158, -41.094558230513037 ], [ -73.920936792474293, -41.094541003054715 ], [ -73.920934034646365, -41.094519430644553 ], [ -73.920934729942417, -41.094497476402601 ], [ -73.92093228293156, -41.094479338370881 ], [ -73.920923005131314, -41.094456885170452 ], [ -73.92089374790082, -41.094424104404787 ], [ -73.920856303424827, -41.094392761560769 ], [ -73.920801865518627, -41.094357428489459 ], [ -73.920764343787511, -41.094331163083361 ], [ -73.920733494742336, -41.094295622818073 ], [ -73.920707067205001, -41.094255590660495 ], [ -73.920690885851798, -41.094233902390137 ], [ -73.920670475230224, -41.094215882760139 ], [ -73.920623294813183, -41.094192553435114 ], [ -73.920575414608535, -41.094167434120067 ], [ -73.920547516529069, -41.094152643751308 ], [ -73.920501423073532, -41.094129461312392 ], [ -73.920479850031981, -41.094116373585436 ], [ -73.920457693085496, -41.094105750129607 ], [ -73.92043259146152, -41.094098122389788 ], [ -73.920418311841757, -41.094082625896007 ], [ -73.920399758936199, -41.094037721247282 ], [ -73.920385164906094, -41.093995045926938 ], [ -73.920374839670231, -41.093958035713293 ], [ -73.920366180809197, -41.093918708107203 ], [ -73.920366100859127, -41.093900040501403 ], [ -73.920381537508987, -41.093863116213313 ], [ -73.920399920632946, -41.093823198205364 ], [ -73.920416517007823, -41.093781343271623 ], [ -73.920430362741286, -41.09374165945669 ], [ -73.920445291842995, -41.093702122527304 ], [ -73.920459408867686, -41.093656540615612 ], [ -73.920469099892969, -41.093615448558445 ], [ -73.920481546051235, -41.093572184647527 ], [ -73.920493953581925, -41.093519586850491 ], [ -73.920502947514578, -41.09347670538412 ], [ -73.920510854485698, -41.093433676979643 ], [ -73.920514999312417, -41.093387595928519 ], [ -73.920515112500141, -41.093368107640678 ], [ -73.920506534487501, -41.093347446095557 ], [ -73.920479256245571, -41.093315778451796 ], [ -73.920448523981378, -41.093284493301589 ], [ -73.920406772981949, -41.093238152852059 ], [ -73.920374836076945, -41.093202465761806 ], [ -73.92034367711301, -41.093163491101564 ], [ -73.920316475227878, -41.0931267458067 ], [ -73.920280852535299, -41.093082929811793 ], [ -73.920251477625499, -41.093045891326881 ], [ -73.920220124625459, -41.093007738463371 ], [ -73.920191021006886, -41.092964801148064 ], [ -73.920164942015859, -41.092913792485511 ], [ -73.920145768374454, -41.092862019437881 ], [ -73.920139440641591, -41.09283657397161 ], [ -73.920134118123528, -41.092792606809518 ], [ -73.920119601348532, -41.092744855796475 ], [ -73.92010756841529, -41.092700829672879 ], [ -73.920084553577723, -41.092651082758096 ], [ -73.920061463281669, -41.092606413408639 ], [ -73.920042794493426, -41.092557252716645 ], [ -73.920031384092695, -41.092520096134862 ], [ -73.920019039444057, -41.092472638071271 ], [ -73.9200153850975, -41.092426351887347 ], [ -73.920020380628785, -41.09237190694995 ], [ -73.920022234751514, -41.092321275602373 ], [ -73.920018504946455, -41.092280068971085 ], [ -73.920006860085437, -41.092234400768511 ], [ -73.919997895797223, -41.092215382665934 ], [ -73.919981402728595, -41.092190259886806 ], [ -73.919964446129299, -41.092171857858013 ], [ -73.919947219137086, -41.092159356038927 ], [ -73.919922581942117, -41.0921450059571 ], [ -73.919904462024505, -41.09213153599633 ], [ -73.919883935520261, -41.092109260049412 ], [ -73.919859992723005, -41.092072956258463 ], [ -73.919847575310826, -41.092054319271043 ], [ -73.919837019207918, -41.092032541584402 ], [ -73.919835853194684, -41.092013728560381 ], [ -73.919841979704927, -41.091992507370762 ], [ -73.919855517316265, -41.091973135116554 ], [ -73.919903928425228, -41.091938965896333 ], [ -73.919928639282062, -41.091924494579622 ], [ -73.919945163791709, -41.091911461929143 ], [ -73.919951794256832, -41.0918928526538 ], [ -73.919953963688243, -41.09186940131697 ], [ -73.91994499940003, -41.091850383108728 ], [ -73.919930021789284, -41.091833097393483 ], [ -73.919906317045587, -41.091829048126698 ], [ -73.919882340112324, -41.091830900458078 ], [ -73.919860692510625, -41.091822889259774 ], [ -73.91981242603039, -41.091799412848161 ], [ -73.919789885503278, -41.091790432827381 ], [ -73.919747709600699, -41.091760147589952 ], [ -73.919708598749864, -41.091731123631888 ], [ -73.919663594052437, -41.091708087252407 ], [ -73.919638491530137, -41.091700457880151 ], [ -73.919621264537923, -41.091687955294375 ], [ -73.919594955578205, -41.091652178671964 ], [ -73.919569693155779, -41.091607216845979 ], [ -73.91956181582907, -41.091588344799057 ], [ -73.919559171188865, -41.091547283945395 ], [ -73.919566575103445, -41.09150164299146 ], [ -73.919570060566741, -41.091463105357704 ], [ -73.919580141460855, -41.091420370817673 ], [ -73.919606086602897, -41.091372145565735 ], [ -73.919635293527719, -41.091324360345915 ], [ -73.919648519423646, -41.091301553336024 ], [ -73.919679627183626, -41.091259961513515 ], [ -73.919693551070523, -41.091238944542809 ], [ -73.919726173390075, -41.091205189959005 ], [ -73.919763217217451, -41.091166942596558 ], [ -73.919807824859504, -41.091120388066258 ], [ -73.91981860823617, -41.091103188141666 ], [ -73.919833347793372, -41.091088218347259 ], [ -73.919844129373402, -41.091071017737214 ], [ -73.91985599521999, -41.091030219924889 ], [ -73.919869721477525, -41.090986280666208 ], [ -73.919878603120736, -41.09096288723044 ], [ -73.919903309486003, -41.090924670193331 ], [ -73.919917544189985, -41.0909070883719 ], [ -73.919957652170794, -41.090870102822819 ], [ -73.919990156811039, -41.090832092226513 ], [ -73.920005361695544, -41.09081040011781 ], [ -73.920015441691348, -41.090767665153258 ], [ -73.920016447804443, -41.09074914424523 ], [ -73.920011905024054, -41.090725634952356 ], [ -73.919991802524635, -41.090687304712667 ], [ -73.919973140024624, -41.09066188887067 ], [ -73.91995381636454, -41.090644016531321 ], [ -73.919907958267601, -41.090629345204334 ], [ -73.91984949321396, -41.090620604016721 ], [ -73.919799330390177, -41.090614679290375 ], [ -73.919775238472582, -41.090612275141758 ], [ -73.919727907138579, -41.09059910005373 ], [ -73.919700128535055, -41.090588566074715 ], [ -73.919659855264229, -41.09056447244339 ], [ -73.919608486003014, -41.090530399983578 ], [ -73.919571859892244, -41.090505103239074 ], [ -73.919520530156902, -41.090480365716289 ], [ -73.919499075692983, -41.090471533108996 ], [ -73.919477116375873, -41.090460087819316 ], [ -73.919446773082186, -41.090427158819494 ], [ -73.919412046908263, -41.090384310540536 ], [ -73.919380694806534, -41.090346157485378 ], [ -73.919347674533299, -41.090310322584116 ], [ -73.919313375059133, -41.090275163346959 ], [ -73.919277561923693, -41.090232168051571 ], [ -73.919263165522963, -41.090212416136815 ], [ -73.919255869406228, -41.090191078591765 ], [ -73.919261915966402, -41.090151190850506 ], [ -73.919268429650529, -41.090128326562088 ], [ -73.919290071862349, -41.090088848391723 ], [ -73.919323932958676, -41.090045083856864 ], [ -73.919351975666899, -41.090002229235374 ], [ -73.919376294858267, -41.089965656848946 ], [ -73.919390412781269, -41.089943818213307 ], [ -73.919409958325232, -41.08989896963822 ], [ -73.919431055259665, -41.08984754492257 ], [ -73.919441524225988, -41.089803166826378 ], [ -73.919449936050313, -41.089762750079032 ], [ -73.919460597256105, -41.089717549994809 ], [ -73.919470678150219, -41.089674814996449 ], [ -73.919489020850008, -41.089625562740963 ], [ -73.919500073721267, -41.08960246401216 ], [ -73.919518771255596, -41.089589722707359 ], [ -73.91953645818522, -41.089571759352339 ], [ -73.919564346383225, -41.089539060102688 ], [ -73.919600537709385, -41.089509178700716 ], [ -73.919632964196197, -41.089476244484963 ], [ -73.919654529152908, -41.08944184309339 ], [ -73.91967764370348, -41.089400868237242 ], [ -73.919700953188467, -41.089359072097345 ], [ -73.919716545246857, -41.089335736308236 ], [ -73.919756418767378, -41.089290238706255 ], [ -73.919782017159704, -41.089252990906402 ], [ -73.919797141195829, -41.089212633400905 ], [ -73.919924420793507, -41.088677766826621 ], [ -73.919928370685795, -41.088632508446345 ], [ -73.919929138745374, -41.088581731358325 ], [ -73.919925796114185, -41.088538880521739 ], [ -73.91992567035004, -41.088487135171093 ], [ -73.919922445398186, -41.088448538896351 ], [ -73.919914330017903, -41.088397410950598 ], [ -73.919907845079877, -41.088358375889896 ], [ -73.919903614014885, -41.088338299778279 ], [ -73.919902209948091, -41.088287229973758 ], [ -73.91989964256301, -41.088241091825239 ], [ -73.919898278022089, -41.088199354528811 ], [ -73.919893343576234, -41.088153744425043 ], [ -73.919886237004022, -41.088107841122685 ], [ -73.919880803993181, -41.088083363365513 ], [ -73.919864037836717, -41.088040395749474 ], [ -73.919843627215158, -41.087998631920144 ], [ -73.919825815419713, -41.087964849943248 ], [ -73.919804782265643, -41.087916218625978 ], [ -73.919785533165722, -41.087869522994517 ], [ -73.919773424774021, -41.087830576315447 ], [ -73.919757433863637, -41.087784321391368 ], [ -73.919743927693347, -41.087741792994223 ], [ -73.919730033450861, -41.087700909158656 ], [ -73.919713151411727, -41.087653685263653 ], [ -73.919696075336475, -41.087607283291923 ], [ -73.919688892407464, -41.087566458277351 ], [ -73.919676355519357, -41.087519821302088 ], [ -73.919659590261219, -41.087476852640464 ], [ -73.919652488180589, -41.087454693602055 ], [ -73.919631066055999, -41.087407705149523 ], [ -73.919619462517474, -41.087371370323815 ], [ -73.919604676247886, -41.08732951805041 ], [ -73.919584576443398, -41.087291187183624 ], [ -73.919559004102226, -41.087242790310661 ], [ -73.919535257137682, -41.087205663899702 ], [ -73.919511122999253, -41.087170180716008 ], [ -73.919486560364433, -41.087127009381774 ], [ -73.919464482469706, -41.087087563261598 ], [ -73.919443372060528, -41.087044009327961 ], [ -73.919422263447984, -41.087000454011289 ], [ -73.919401774672991, -41.086963768237176 ], [ -73.919383070850458, -41.086929018192045 ], [ -73.919363747190374, -41.086887400581112 ], [ -73.919346283941252, -41.086842642678803 ], [ -73.919332077983356, -41.086798324843841 ], [ -73.919319153921364, -41.086753331259118 ], [ -73.91930196286178, -41.086702673915241 ], [ -73.91928725205068, -41.086655743830491 ], [ -73.919277199902652, -41.086612834186468 ], [ -73.919273739592171, -41.086565726643641 ], [ -73.91927699149349, -41.086518677295565 ], [ -73.919279662184834, -41.086474093150905 ], [ -73.919281362695671, -41.086433618835443 ], [ -73.919277438854508, -41.086393233192211 ], [ -73.919273284146328, -41.086368079072486 ], [ -73.919253573312361, -41.086328105729727 ], [ -73.91922990360294, -41.086285902064979 ], [ -73.919204759758131, -41.08624519404124 ], [ -73.919172013471083, -41.086203460216581 ], [ -73.919140470028182, -41.086166129417272 ], [ -73.919103881646677, -41.086126420690121 ], [ -73.919074124054575, -41.086091026298305 ], [ -73.919042968683897, -41.086052051481857 ], [ -73.919009951105622, -41.086016216946945 ], [ -73.918972783310736, -41.085978974061909 ], [ -73.918939765732475, -41.085943140164225 ], [ -73.918903180045902, -41.085903431302349 ], [ -73.918868261632483, -41.085861404760628 ], [ -73.918834387959762, -41.085810190166342 ], [ -73.918796055049953, -41.085754133702316 ], [ -73.918763773191898, -41.085705678822201 ], [ -73.918753528804402, -41.085687335237751 ], [ -73.918741110493912, -41.085644953087986 ], [ -73.918732921451792, -41.085622647858386 ], [ -73.918725816676201, -41.085576744819043 ], [ -73.918719914744784, -41.085535243487612 ], [ -73.918719791675599, -41.085483497802826 ], [ -73.918726572159358, -41.085430988999519 ], [ -73.918725209415072, -41.08538925262647 ], [ -73.918712790206271, -41.085346872315732 ], [ -73.918706192978831, -41.085327324767363 ], [ -73.918702349986035, -41.085305605111927 ], [ -73.91867899199201, -41.085266834987713 ], [ -73.918666188304286, -41.085249842074298 ], [ -73.918656526923399, -41.085229033078917 ], [ -73.918656639212799, -41.085209545079415 ], [ -73.918648257931196, -41.085188061012396 ], [ -73.918648291168864, -41.085149904262884 ], [ -73.918652750405926, -41.085131003277574 ], [ -73.918653950555154, -41.085111660823536 ], [ -73.918644599093042, -41.08509428599065 ], [ -73.918624112114685, -41.085057598475238 ], [ -73.918606302115862, -41.085023817694683 ], [ -73.918582440166958, -41.084982434505214 ], [ -73.91856393217715, -41.084946864130195 ], [ -73.918544219546561, -41.084906889922912 ], [ -73.918517681516448, -41.084862602605803 ], [ -73.918510696216785, -41.084844698896902 ], [ -73.918500452727613, -41.084826355072074 ], [ -73.918469531817209, -41.084795891934291 ], [ -73.918456340955586, -41.084780542207127 ], [ -73.918444118477822, -41.084761083866809 ], [ -73.918437134076498, -41.084743180807322 ], [ -73.918431348926077, -41.084705935169481 ], [ -73.918427037911016, -41.084667193129484 ], [ -73.918429320530166, -41.08462425307183 ], [ -73.918433776173956, -41.084581606168847 ], [ -73.91843427923051, -41.084560473309672 ], [ -73.918426009340024, -41.084519500826318 ], [ -73.9184187141216, -41.084498163463785 ], [ -73.91838818128339, -41.084466056180922 ], [ -73.918368199158223, -41.084431981912928 ], [ -73.91836132884292, -41.084394589845481 ], [ -73.918368924996969, -41.084348126664707 ], [ -73.918378113864009, -41.084304423307692 ], [ -73.918389085886901, -41.084262656426738 ], [ -73.918401260753939, -41.084225292701156 ], [ -73.918417664889347, -41.084184258392661 ], [ -73.918438412379146, -41.084143812459246 ], [ -73.918456677823812, -41.084099638380899 ], [ -73.918466062523578, -41.084078858136664 ], [ -73.918488905782951, -41.084043782234112 ], [ -73.918498988473701, -41.084024792230267 ], [ -73.918498053327497, -41.083990745494653 ], [ -73.918520739381677, -41.08394208008945 ], [ -73.918534932763166, -41.083915165240043 ], [ -73.918552115737924, -41.083894588068546 ], [ -73.91856200529088, -41.083876419348371 ], [ -73.918581862550241, -41.083858749648698 ], [ -73.918601837488879, -41.08384533351164 ], [ -73.918636395677865, -41.08380335982207 ], [ -73.918655633099689, -41.083778821553345 ], [ -73.918665869402346, -41.083749676253355 ], [ -73.918689099835603, -41.083712956840422 ], [ -73.918711555022739, -41.083679524078121 ], [ -73.918730323523988, -41.083637961963156 ], [ -73.918751769903068, -41.083599305963148 ], [ -73.918773217180473, -41.083560650617571 ], [ -73.918788650237062, -41.083523725258402 ], [ -73.918797453726853, -41.083505410180472 ], [ -73.918823050322558, -41.08346816180979 ], [ -73.918838058475998, -41.083447293341827 ], [ -73.918848336101178, -41.083427481156171 ], [ -73.918855819067474, -41.083400506510479 ], [ -73.918863341559671, -41.083382865798541 ], [ -73.918892467636127, -41.083340158504335 ], [ -73.918903055180081, -41.083323779908035 ], [ -73.91891779473724, -41.0833088103726 ], [ -73.91892729442138, -41.083292285512776 ], [ -73.918954172014693, -41.083254361942572 ], [ -73.918977402447936, -41.083217642930009 ], [ -73.918991325436536, -41.083196626772377 ], [ -73.919001290447966, -41.083173379527594 ], [ -73.919021573508758, -41.083139655332921 ], [ -73.919041428073172, -41.083098239132653 ], [ -73.919062098307862, -41.083062869517171 ], [ -73.919071599788623, -41.08304634527267 ], [ -73.919091535201403, -41.083023597006608 ], [ -73.919106932325363, -41.083001083690746 ], [ -73.919124537508324, -41.082964452561384 ], [ -73.919142335829036, -41.082927000072935 ], [ -73.91916102887177, -41.082890515835963 ], [ -73.919183054664259, -41.082849393346279 ], [ -73.919193913499399, -41.082827115606598 ], [ -73.919207174429616, -41.082789897998772 ], [ -73.919227417066224, -41.082746838219265 ], [ -73.919243742149902, -41.082710883386738 ], [ -73.919267476537996, -41.082676775029945 ], [ -73.919292180208316, -41.082638559944478 ], [ -73.919314906686708, -41.08259922691694 ], [ -73.919336662086238, -41.082564004644453 ], [ -73.919358960068223, -41.082516982901531 ], [ -73.919377458176555, -41.082481321135369 ], [ -73.919404257616435, -41.082448475485215 ], [ -73.919422834776512, -41.082431480488822 ], [ -73.919455452604467, -41.082397724088871 ], [ -73.919493306712226, -41.082365523691585 ], [ -73.919513552043796, -41.082346208185477 ], [ -73.919544889772467, -41.082313128861493 ], [ -73.919580689433175, -41.082284890252382 ], [ -73.919621101942866, -41.082251338944594 ], [ -73.919662216036798, -41.082219577926949 ], [ -73.919714577038079, -41.082187640165365 ], [ -73.919762128459311, -41.082161836430679 ], [ -73.919814220864325, -41.082135797724675 ], [ -73.91986534308883, -41.082113869137991 ], [ -73.919917861295303, -41.082095519133901 ], [ -73.919974724652775, -41.082077757543914 ], [ -73.919997687388076, -41.08207068229369 ], [ -73.920050634090913, -41.082060023711129 ], [ -73.920110989199912, -41.082051212316991 ], [ -73.920171849162074, -41.082045013937581 ], [ -73.92022580557132, -41.082039578674788 ], [ -73.920289032594269, -41.082032852815701 ], [ -73.920349193667164, -41.082024862767803 ], [ -73.920414281999399, -41.082014995734461 ], [ -73.920466258521742, -41.082008445247723 ], [ -73.920517033098236, -41.081997492106559 ], [ -73.920574400410587, -41.081982343508493 ], [ -73.920630101348081, -41.081969511345804 ], [ -73.92068087502625, -41.081958558875307 ], [ -73.920736264248376, -41.081942293691434 ], [ -73.920788900134113, -41.081928199362309 ], [ -73.920844676530109, -41.081910290791207 ], [ -73.920893548474837, -41.081893144656966 ], [ -73.920954445267938, -41.081872535027451 ], [ -73.92100106783117, -41.08186017412195 ], [ -73.921060608168219, -41.081845315978676 ], [ -73.921119179223055, -41.081834568656248 ], [ -73.921146486211072, -41.081828079092752 ], [ -73.921174996043234, -41.08182599219419 ], [ -73.921226932141394, -41.081810108876006 ], [ -73.921274524885149, -41.081793637132257 ], [ -73.921324793710113, -41.081780072960328 ], [ -73.921374482223442, -41.081768973522045 ], [ -73.921398723261376, -41.081761222467335 ], [ -73.921456438221753, -41.081735094899159 ], [ -73.921500847336134, -41.081713106591657 ], [ -73.92155491693309, -41.081688182257615 ], [ -73.921595874720154, -41.081666575833765 ], [ -73.921645675522868, -41.081635987994161 ], [ -73.921694078547006, -41.081601818815216 ], [ -73.921718086022992, -41.081585555574456 ], [ -73.921759236947835, -41.081563127761214 ], [ -73.921809929777623, -41.081533506811972 ], [ -73.921859267049669, -41.081509640760984 ], [ -73.921910892330729, -41.081490322971973 ], [ -73.921965582663532, -41.08147226531328 ], [ -73.922021164125113, -41.081455177974924 ], [ -73.922052117374847, -41.081447484439174 ], [ -73.92208318650728, -41.081444047333854 ], [ -73.92211437242068, -41.081444865305343 ], [ -73.922138732934556, -41.081441370643944 ], [ -73.922187874373861, -41.081418324562705 ], [ -73.922232672458762, -41.081394693433722 ], [ -73.922257883677204, -41.081382832159825 ], [ -73.922289610376424, -41.081371851829225 ], [ -73.92234872670862, -41.081373048994131 ], [ -73.922398998228559, -41.081383227603354 ], [ -73.922454122447647, -41.081396605646681 ], [ -73.922503232445919, -41.081411715783418 ], [ -73.922525770278085, -41.081420694514122 ], [ -73.922574687138578, -41.081436626002564 ], [ -73.922623100044177, -41.081449946479076 ], [ -73.922675040633905, -41.081457805911029 ], [ -73.922725390307264, -41.081462907397615 ], [ -73.922750952766989, -41.081463814749839 ], [ -73.92280436659378, -41.081470177049141 ], [ -73.922855997264733, -41.081474604114852 ], [ -73.922882839823743, -41.081474835015641 ], [ -73.922906810468788, -41.081472983746565 ], [ -73.92294679987198, -41.081455486068464 ], [ -73.922955289849725, -41.081433736016798 ], [ -73.922961297782336, -41.081408259039449 ], [ -73.922962066740226, -41.081381226686098 ], [ -73.922955158695686, -41.081358245588227 ], [ -73.922967024542274, -41.081341192753854 ], [ -73.923009648704181, -41.081317266368458 ], [ -73.923031988906985, -41.081303322905306 ], [ -73.923048510721699, -41.08129028882523 ], [ -73.923080309286135, -41.081250485739169 ], [ -73.923102839033447, -41.081211974595178 ], [ -73.923120132500983, -41.081171910088919 ], [ -73.923137035201364, -41.081133488280351 ], [ -73.923160415653285, -41.081086611774538 ], [ -73.923172664182161, -41.081044169778465 ], [ -73.923181149668338, -41.080998674560959 ], [ -73.923190334043809, -41.080954971685024 ], [ -73.923198743173188, -41.080914553558053 ], [ -73.92320052363408, -41.080892746448072 ], [ -73.923198152081724, -41.080869530890801 ], [ -73.923183248132858, -41.080823422745119 ], [ -73.923162330861459, -41.080779046679901 ], [ -73.923144402285018, -41.080741009931998 ], [ -73.923131905821094, -41.080703707177882 ], [ -73.923117117754884, -41.080661855397821 ], [ -73.923107766292802, -41.080644480065587 ], [ -73.92309585553042, -41.080628456971645 ], [ -73.923075834777691, -41.080608793583536 ], [ -73.923053761374533, -41.080593094152576 ], [ -73.923019657733079, -41.080557113087679 ], [ -73.922991491955671, -41.080524479774411 ], [ -73.922957346991723, -41.080479165670283 ], [ -73.922929063534994, -41.080442275145266 ], [ -73.922896046855044, -41.080406442291313 ], [ -73.922879092052383, -41.080388041025031 ], [ -73.922858491886274, -41.080370844385314 ], [ -73.922808836610628, -41.080343788582503 ], [ -73.922754178617168, -41.080323689708059 ], [ -73.922727801385491, -41.080316736154259 ], [ -73.922695095522613, -41.080284337689434 ], [ -73.92268112582164, -41.080248530480752 ], [ -73.922675805998523, -41.080228309014601 ], [ -73.92265570619405, -41.080189979422784 ], [ -73.922635024281249, -41.080154114605577 ], [ -73.922615700621179, -41.08011249744402 ], [ -73.922597149512242, -41.080067593404458 ], [ -73.922574526340128, -41.080016202977554 ], [ -73.922567036187303, -41.07999568755961 ], [ -73.922565670748057, -41.079953951797485 ], [ -73.92256007783709, -41.079915884777705 ], [ -73.92255444360363, -41.079868483970451 ], [ -73.922549508259465, -41.079822874178632 ], [ -73.922545929371381, -41.079771510646246 ], [ -73.922537853516971, -41.079729716507174 ], [ -73.922522445613225, -41.079680996483503 ], [ -73.922516933550625, -41.079661595545048 ], [ -73.922501177998882, -41.079623852709588 ], [ -73.922492015182968, -41.079581911535556 ], [ -73.922484327400767, -41.079538473159715 ], [ -73.922466939610132, -41.079488637730094 ], [ -73.922454401823714, -41.079442001116298 ], [ -73.922455285765949, -41.079395480939219 ], [ -73.922456285590854, -41.079353215264447 ], [ -73.922459146725032, -41.079307809614619 ], [ -73.922449984807443, -41.0792658695932 ], [ -73.922439430501186, -41.079244091730864 ], [ -73.922398465527593, -41.079218209645191 ], [ -73.922376626584736, -41.079211021679932 ], [ -73.922361262698416, -41.07919537879588 ], [ -73.922345084040145, -41.079173690294255 ], [ -73.922324791097878, -41.079136182150528 ], [ -73.922303992404125, -41.079096062206666 ], [ -73.922279161173023, -41.079058789668018 ], [ -73.9222495967187, -41.079022574145121 ], [ -73.922223097316149, -41.078987620817408 ], [ -73.922209596535737, -41.078968838593248 ], [ -73.922192061421399, -41.078952902443682 ], [ -73.922158540786569, -41.078914456314607 ], [ -73.922119706616826, -41.078879533401398 ], [ -73.922084560929648, -41.078852739720972 ], [ -73.922052747992197, -41.078821309544388 ], [ -73.922035213776155, -41.078805374036229 ], [ -73.922000490297165, -41.078762525627553 ], [ -73.921972400876527, -41.078724812747879 ], [ -73.921945203482991, -41.078688068858419 ], [ -73.921935154029924, -41.078668903954771 ], [ -73.92193348136685, -41.078647478016563 ], [ -73.921944837868679, -41.078604066786653 ], [ -73.921959377101558, -41.078566175046248 ], [ -73.921977249982447, -41.078523644069115 ], [ -73.921993726881382, -41.078477531569078 ], [ -73.922011018552297, -41.078437466073133 ], [ -73.922021564773743, -41.078411754314132 ], [ -73.922034511293603, -41.078371101680027 ], [ -73.922046759822507, -41.078328659284729 ], [ -73.922059901276796, -41.07828718655697 ], [ -73.922076066460335, -41.078237640681024 ], [ -73.922083466781643, -41.078191999285231 ], [ -73.922084740592723, -41.078167578779116 ], [ -73.922080780818945, -41.078141604852618 ], [ -73.922058432531301, -41.078108059555646 ], [ -73.922043843891103, -41.07808912945854 ], [ -73.922028288663626, -41.078074309061073 ], [ -73.922018938099839, -41.078056934399093 ], [ -73.922011641983104, -41.078035598324199 ], [ -73.922011672525812, -41.07799744148484 ], [ -73.92201523344761, -41.077953825999067 ], [ -73.922016237764097, -41.077935306896649 ], [ -73.922020889240642, -41.077915581757971 ], [ -73.922029884071577, -41.077896444392863 ], [ -73.922062691444069, -41.07786186561605 ], [ -73.922081073669716, -41.077845692190088 ], [ -73.922112172446546, -41.077804097944806 ], [ -73.922132025214324, -41.077762682445226 ], [ -73.922139933982081, -41.077743398767588 ], [ -73.922159325914137, -41.077732448301475 ], [ -73.922214944206615, -41.077724693384909 ], [ -73.922275725117061, -41.077723571319112 ], [ -73.922343020609944, -41.077723329570468 ], [ -73.922409541755044, -41.077726374790664 ], [ -73.922462447135402, -41.077730126295876 ], [ -73.922492546985609, -41.077730797368389 ], [ -73.922543434749841, -41.077724099509403 ], [ -73.922601766852807, -41.077704839521267 ], [ -73.922660681064087, -41.077683112606429 ], [ -73.922719013167054, -41.077663852606292 ], [ -73.922768967581703, -41.077646851632494 ], [ -73.922821558551689, -41.077623424329431 ], [ -73.9228680203165, -41.077597473888758 ], [ -73.922887413146867, -41.077586524075528 ], [ -73.9229047075127, -41.077570202959031 ], [ -73.922911918289486, -41.077549128113297 ], [ -73.922883094046966, -41.077524036293738 ], [ -73.922832941104659, -41.077518113772406 ], [ -73.922772625521532, -41.077512514937425 ], [ -73.922719524308462, -41.077509584826082 ], [ -73.922657466892005, -41.07751138271049 ], [ -73.922601535985777, -41.077515703727251 ], [ -73.922545800013978, -41.077519202660419 ], [ -73.922487387062631, -41.077519795860603 ], [ -73.922431338477097, -41.077519860868854 ], [ -73.922378044126248, -41.077517753518407 ], [ -73.922318309753095, -41.077509689110158 ], [ -73.922294611297588, -41.077505640992193 ], [ -73.922249535633284, -41.077487683814141 ], [ -73.922227774843833, -41.077475416887722 ], [ -73.922200387905761, -41.077463240022603 ], [ -73.922168576764918, -41.07743180918159 ], [ -73.922134862992309, -41.07739418492492 ], [ -73.922115427042826, -41.077372057022338 ], [ -73.922084931933867, -41.077325539443244 ], [ -73.922061961113741, -41.077285126533248 ], [ -73.92204077704271, -41.077246650310244 ], [ -73.92201970885435, -41.077212429415802 ], [ -73.921995265695486, -41.077173512987954 ], [ -73.921971909498097, -41.077134743483718 ], [ -73.921946185341611, -41.07709650215191 ], [ -73.921926280471538, -41.077057350676107 ], [ -73.921902107705563, -41.077012533936362 ], [ -73.92187576371154, -41.076967425980882 ], [ -73.921851203771681, -41.07692425403863 ], [ -73.921837040034589, -41.07688926844498 ], [ -73.921816319494241, -41.076844071017668 ], [ -73.92179757704416, -41.076799988869084 ], [ -73.921791286142223, -41.076760130921102 ], [ -73.921780922278799, -41.076713787620726 ], [ -73.921773120410549, -41.076689837881105 ], [ -73.921745923915324, -41.076653094208396 ], [ -73.921717953072317, -41.076619637539366 ], [ -73.921690874256385, -41.076587148541783 ], [ -73.92165723953552, -41.076544447666492 ], [ -73.92162402971779, -41.076509435460707 ], [ -73.921600287244829, -41.07647230975769 ], [ -73.921586975110642, -41.076428960068966 ], [ -73.921570404786905, -41.076385170184146 ], [ -73.921551158381931, -41.076338476516668 ], [ -73.921522641363239, -41.076293072847363 ], [ -73.921490208588239, -41.076254774142619 ], [ -73.921457002363738, -41.076219761782539 ], [ -73.921440552414253, -41.076203973269493 ], [ -73.921416693160324, -41.076162590620889 ], [ -73.921403384619381, -41.076142986166069 ], [ -73.921394616163909, -41.076123146045553 ], [ -73.921386734345603, -41.076080529516844 ], [ -73.92138261557001, -41.076040965707826 ], [ -73.921375121823914, -41.075996706275404 ], [ -73.921369417521859, -41.075978127029281 ], [ -73.921354555793812, -41.075941353162627 ], [ -73.921353388882252, -41.075922538917453 ], [ -73.92135764779502, -41.075880713211994 ], [ -73.921355004053126, -41.075839652023454 ], [ -73.921349100325088, -41.07579815199216 ], [ -73.92135266034856, -41.075754536401433 ], [ -73.921367545432801, -41.075705665127089 ], [ -73.921524758692371, -41.075347835386417 ], [ -73.921527503943878, -41.075298174203837 ], [ -73.921525247375897, -41.075255469782462 ], [ -73.921521014514255, -41.075235394408196 ], [ -73.921506036005212, -41.075194363967427 ], [ -73.921500326313279, -41.075152041415812 ], [ -73.921502103180899, -41.075106487944339 ], [ -73.921504384003413, -41.075063547734779 ], [ -73.921502320573197, -41.075020021046356 ], [ -73.921491298244661, -41.074981220475379 ], [ -73.92148369131084, -41.074956449343489 ], [ -73.92148062356415, -41.074931443215306 ], [ -73.921483994043101, -41.074912393694071 ], [ -73.921506133921582, -41.074875527132491 ], [ -73.921535565425231, -41.074836253792846 ], [ -73.921556700088928, -41.074817907174527 ], [ -73.921569340283284, -41.074797565528115 ], [ -73.921588613637709, -41.074782359740418 ], [ -73.921638683935015, -41.074769616239308 ], [ -73.921668859243724, -41.074765211069497 ], [ -73.921718693284106, -41.074743955867028 ], [ -73.921774658326314, -41.074725223897332 ], [ -73.92181983909353, -41.074699948833498 ], [ -73.921852568312588, -41.074670448041388 ], [ -73.921882426516007, -41.074638863495259 ], [ -73.921897163378233, -41.074623892658906 ], [ -73.921924155057567, -41.07461396898416 ], [ -73.921963013481815, -41.074586992752749 ], [ -73.921999388962632, -41.074556287171738 ], [ -73.9220203286919, -41.074538762595914 ], [ -73.922041192962681, -41.074526315661167 ], [ -73.922072332163708, -41.074494055877054 ], [ -73.922106029766638, -41.074460445738978 ], [ -73.922121347838853, -41.074443009173741 ], [ -73.922134992349712, -41.07440414799126 ], [ -73.922145379569344, -41.074364846604723 ], [ -73.922153399728188, -41.074326073412337 ], [ -73.922160529656608, -41.074286331797516 ], [ -73.922165292524227, -41.074247118376924 ], [ -73.922168465373829, -41.074205146683951 ], [ -73.922168576764918, -41.074185657447188 ], [ -73.922177684783591, -41.074147031102342 ], [ -73.922185087799846, -41.074125135064918 ], [ -73.922213161949102, -41.074091614129216 ], [ -73.922242633876934, -41.074061672881015 ], [ -73.922262295303554, -41.074044823346682 ], [ -73.922307087100265, -41.074021190921073 ], [ -73.922330315736872, -41.074008215668208 ], [ -73.922358197646673, -41.073975515446172 ], [ -73.922384485945145, -41.073940057624952 ], [ -73.922396157755642, -41.073923824994289 ], [ -73.922412870911486, -41.073909969353934 ], [ -73.922450642374244, -41.073882844525428 ], [ -73.922483178455522, -41.073854166173057 ], [ -73.9225184651782, -41.073823315327381 ], [ -73.922543750058509, -41.073806377017789 ], [ -73.922577952514615, -41.07377537919561 ], [ -73.922595946668082, -41.073760848347717 ], [ -73.922628634564632, -41.073722013173118 ], [ -73.922643369630237, -41.073707043482372 ], [ -73.922672218127275, -41.073670233807583 ], [ -73.922701454696508, -41.073631781202643 ], [ -73.922728248746509, -41.073598934516113 ], [ -73.922759891004063, -41.073569286952576 ], [ -73.922778389112395, -41.073557368058047 ], [ -73.922817438877814, -41.073529569259847 ], [ -73.922840862448837, -41.073515771099274 ], [ -73.922848383144384, -41.073498130443049 ], [ -73.922845625316455, -41.073476557896257 ], [ -73.922828402815838, -41.073464056583539 ], [ -73.922776661652108, -41.073455375415946 ], [ -73.922751101887314, -41.073454467953162 ], [ -73.922735474794635, -41.073468470644272 ], [ -73.922683540493125, -41.073460610257001 ], [ -73.922635445591126, -41.073450725007639 ], [ -73.922583392711985, -41.073438609023192 ], [ -73.922560083226983, -41.073432916385585 ], [ -73.922534288103606, -41.073423498407941 ], [ -73.922488244055415, -41.073385906394819 ], [ -73.92246942974009, -41.073370644749204 ], [ -73.922445691758696, -41.073357265072318 ], [ -73.922422573614867, -41.073350750969425 ], [ -73.92237331719123, -41.073345796485455 ], [ -73.922346672261568, -41.073344742066134 ], [ -73.922318822691125, -41.073339286444657 ], [ -73.922294889775344, -41.073326726865581 ], [ -73.922267114765077, -41.073292448398981 ], [ -73.922256677239773, -41.073274926872315 ], [ -73.922246042085121, -41.073234483029061 ], [ -73.922244681137471, -41.073216491500794 ], [ -73.922238783697637, -41.073198734960705 ], [ -73.922217216045979, -41.073185647128007 ], [ -73.92219409880046, -41.073179133685294 ], [ -73.922166872660839, -41.073180544998976 ], [ -73.922119123610216, -41.073159682068336 ], [ -73.922100504229334, -41.073143600263769 ], [ -73.922077347457929, -41.073127754125863 ], [ -73.922037623956058, -41.073091862429969 ], [ -73.922001625767678, -41.073049688866504 ], [ -73.921976719078117, -41.073017494724887 ], [ -73.921962443051612, -41.073001998677121 ], [ -73.921948356569644, -41.072961937293094 ], [ -73.921941759342218, -41.072942389447157 ], [ -73.921905219469707, -41.072912015611337 ], [ -73.921863248383005, -41.072880909012731 ], [ -73.921846219020168, -41.072867585445209 ], [ -73.921847225133277, -41.072849064232607 ], [ -73.921857804592378, -41.072808941805803 ], [ -73.921865597477463, -41.072785401037578 ], [ -73.921885756570759, -41.072747419936277 ], [ -73.921910454851172, -41.072709201786466 ], [ -73.921933175939657, -41.072669870266232 ], [ -73.921955702093726, -41.072631360189739 ], [ -73.921974078031184, -41.072591440118828 ], [ -73.921990401318212, -41.072555483794162 ], [ -73.922010561309833, -41.072517501882821 ], [ -73.922019749278533, -41.072497542831641 ], [ -73.922049489802646, -41.072461701583265 ], [ -73.922066396994609, -41.07244702484239 ], [ -73.922079735179949, -41.072428473713565 ], [ -73.922111453794329, -41.072393748489361 ], [ -73.92214414258919, -41.072354914538813 ], [ -73.922162522119905, -41.072338740435136 ], [ -73.922186026539308, -41.072343609664919 ], [ -73.922210733802899, -41.072352881517247 ], [ -73.922240758194633, -41.07238237657716 ], [ -73.922250302794524, -41.072398927882716 ], [ -73.922266867728368, -41.072418973648205 ], [ -73.922315154869835, -41.07242803758286 ], [ -73.922364606227902, -41.072432169311782 ], [ -73.922393035211712, -41.072435160599362 ], [ -73.922415993455417, -41.072428084311156 ], [ -73.922429643356153, -41.072412968045874 ], [ -73.922417734390436, -41.072396942945275 ], [ -73.922408689253842, -41.072359258242926 ], [ -73.922404652224955, -41.072338361867736 ], [ -73.922405656541443, -41.072319840506026 ], [ -73.922419886753872, -41.072302257770076 ], [ -73.922456378117332, -41.072275808146941 ], [ -73.922479800790043, -41.072262011077669 ], [ -73.92250334024375, -41.072252469677615 ], [ -73.92253165244658, -41.072251205301505 ], [ -73.922579823705362, -41.072256012910458 ], [ -73.922631834363685, -41.072258794944034 ], [ -73.922686326168829, -41.072265305091818 ], [ -73.922713476849964, -41.072268970901362 ], [ -73.922739035716432, -41.072269877026073 ], [ -73.922788833824185, -41.072263032330447 ], [ -73.922840103372408, -41.072254691647615 ], [ -73.922864460293027, -41.072251195143117 ], [ -73.922906885028937, -41.072228092338925 ], [ -73.922932866103594, -41.072212944198121 ], [ -73.922980181267931, -41.072202372056118 ], [ -73.923007795479748, -41.072199317098864 ], [ -73.923032462319142, -41.072199255471524 ], [ -73.923085324580356, -41.072193671759649 ], [ -73.92313830272424, -41.072192345754999 ], [ -73.923193646132248, -41.07219048948388 ], [ -73.923221260344093, -41.072187433848889 ], [ -73.923248563738838, -41.072180944010114 ], [ -73.92330192905662, -41.072177972350445 ], [ -73.923349864956805, -41.072174269288489 ], [ -73.923400943163855, -41.072166749390263 ], [ -73.923448956319163, -41.072157967144946 ], [ -73.923475677605609, -41.072153943754721 ], [ -73.92350573343839, -41.072145281376393 ], [ -73.923556305893925, -41.072135148742312 ], [ -73.923583607492048, -41.072128658221139 ], [ -73.923605673708678, -41.072120614822978 ], [ -73.923625956769484, -41.072110632529011 ], [ -73.92367423941937, -41.072095950969185 ], [ -73.923701154741906, -41.072091104746697 ], [ -73.923726906746168, -41.072091190754264 ], [ -73.923767741464033, -41.072065327523383 ], [ -73.92380531709405, -41.072039024085662 ], [ -73.923822922276997, -41.072026136480893 ], [ -73.923843398475583, -41.072015334052047 ], [ -73.923868141671761, -41.072010194584784 ], [ -73.923891452055074, -41.072015885991135 ], [ -73.923907318997948, -41.072034139934324 ], [ -73.923946806242895, -41.072061518807907 ], [ -73.923988542869296, -41.072084113751814 ], [ -73.924011582859706, -41.072095703782047 ], [ -73.924037259405466, -41.072100866945519 ], [ -73.924062818271935, -41.072101772395293 ], [ -73.924105359788854, -41.072082924544425 ], [ -73.924143711563261, -41.072053334538623 ], [ -73.924174265961028, -41.072023539320064 ], [ -73.924190281125902, -41.072007894048312 ], [ -73.924214055039911, -41.07200686398766 ], [ -73.924251640551404, -41.072028049643592 ], [ -73.924269174767431, -41.072043984085887 ], [ -73.924282366527365, -41.072059333401555 ], [ -73.92429132812066, -41.072078351242709 ], [ -73.924294086846899, -41.072099923571116 ], [ -73.92429091130235, -41.072118151756392 ], [ -73.924311779166402, -41.072129448542363 ], [ -73.924334738308431, -41.072122371544033 ], [ -73.924337022724202, -41.072103176282639 ], [ -73.924355208218813, -41.072087823591069 ], [ -73.924379293848204, -41.07209022774019 ], [ -73.924402798267636, -41.072095095633962 ], [ -73.924425563373561, -41.07208884146042 ], [ -73.924449296863358, -41.072078478561082 ], [ -73.924470235694315, -41.072060953324723 ], [ -73.924473412137161, -41.07204272580077 ], [ -73.92447333039047, -41.072024058074994 ], [ -73.924463280937388, -41.072004894614587 ], [ -73.92444753167382, -41.07199089635229 ], [ -73.924423404721935, -41.071979157991031 ], [ -73.924393966031758, -41.071970943913534 ], [ -73.924375463431829, -41.071959118863688 ], [ -73.924362854678506, -41.071941304419774 ], [ -73.924353891288604, -41.071922285861746 ], [ -73.9243503573163, -41.071904000735053 ], [ -73.924353726896911, -41.071884951691004 ], [ -73.924376757005845, -41.071849053221541 ], [ -73.924397697633438, -41.071831528601244 ], [ -73.924420537299525, -41.071820195871013 ], [ -73.924446800445196, -41.071846636873495 ], [ -73.924461392678666, -41.071889311002373 ], [ -73.924470550104658, -41.071907507416405 ], [ -73.924486106230432, -41.071922327172572 ], [ -73.924533619922457, -41.071934678434147 ], [ -73.92458873426007, -41.071948053659959 ], [ -73.924612045541707, -41.071953745748907 ], [ -73.924636323410567, -41.071955327072757 ], [ -73.924659787405787, -41.071950862795646 ], [ -73.92468224169464, -41.07194117506949 ], [ -73.924704576507537, -41.071927230294548 ], [ -73.924746033757913, -41.071908234758169 ], [ -73.924770347559374, -41.071895405369304 ], [ -73.924785081726668, -41.071880433908156 ], [ -73.924795665677351, -41.071864055842276 ], [ -73.924825064841642, -41.071862936385322 ], [ -73.924818517919874, -41.071900211649826 ], [ -73.924809025422249, -41.071940482266641 ], [ -73.924804569778459, -41.071959384336473 ], [ -73.924817372567887, -41.071976377977265 ], [ -73.924844327416281, -41.071980864601102 ], [ -73.924871747592036, -41.071978629754561 ], [ -73.924915685989205, -41.071963361009992 ], [ -73.924939227239548, -41.071953818889348 ], [ -73.92494674613846, -41.071936179168496 ], [ -73.924950115719085, -41.071917130133755 ], [ -73.924949141047009, -41.071897494614859 ], [ -73.924957161205853, -41.071858721321668 ], [ -73.924965843423081, -41.071836150003278 ], [ -73.924979685563301, -41.071820209415591 ], [ -73.925015981094035, -41.071794582430691 ], [ -73.925037930529683, -41.071782281257711 ], [ -73.925055534814319, -41.071769393602608 ], [ -73.925052388015871, -41.071749464799602 ], [ -73.925045403614547, -41.071731562936336 ], [ -73.925028837782378, -41.071711517638491 ], [ -73.924993188140334, -41.071682113026377 ], [ -73.924976158777483, -41.071668791247546 ], [ -73.924966615075917, -41.071652237726468 ], [ -73.924948417903209, -41.071620100465104 ], [ -73.924953642504889, -41.071574166651629 ], [ -73.924958098148707, -41.071555263793812 ], [ -73.924951611414045, -41.071516229564885 ], [ -73.924942842958558, -41.071496389402434 ], [ -73.924940084232318, -41.071474816198794 ], [ -73.924940389659525, -41.071454505347837 ], [ -73.924931225945301, -41.071412565056328 ], [ -73.924930752533143, -41.071371797027503 ], [ -73.924935207278651, -41.071352895465978 ], [ -73.924934034078873, -41.071310336118557 ], [ -73.924932360517488, -41.071288909813489 ], [ -73.924921302256351, -41.071264522636255 ], [ -73.924916870867065, -41.071221523706733 ], [ -73.924918062033129, -41.071178436708621 ], [ -73.924919448133622, -41.071134527519057 ], [ -73.924922501507268, -41.071088300123414 ], [ -73.924928735815342, -41.071047590135798 ], [ -73.924929035852628, -41.071003534575787 ], [ -73.924931819731711, -41.070963207174444 ], [ -73.924930334816537, -41.070917213982376 ], [ -73.924929554180565, -41.070896756675914 ], [ -73.924918225526511, -41.070878267415516 ], [ -73.924893589229825, -41.070840172790916 ], [ -73.924873606206361, -41.070806099585532 ], [ -73.924855452152769, -41.070783296967377 ], [ -73.924836832771859, -41.070767215258762 ], [ -73.924815188763418, -41.070759204878698 ], [ -73.924789242723079, -41.07075994171452 ], [ -73.924764618104504, -41.070769337724862 ], [ -73.924730219815629, -41.070777413795824 ], [ -73.924701596795757, -41.070775245954991 ], [ -73.924657494006865, -41.070753180162079 ], [ -73.924615059389481, -41.070728795495064 ], [ -73.924571615964012, -41.070699185917093 ], [ -73.924527085577083, -41.07066942936477 ], [ -73.924493027749705, -41.070642784716838 ], [ -73.924472349430189, -41.070606919431128 ], [ -73.92446447030683, -41.07058804880279 ], [ -73.924452249625702, -41.070568591001276 ], [ -73.924432467824843, -41.070557440231134 ], [ -73.924406909856685, -41.070556533405586 ], [ -73.924368161925202, -41.070540278267814 ], [ -73.924357531262146, -41.07052357953296 ], [ -73.924344342197145, -41.070508230535978 ], [ -73.924313231742218, -41.070478591060031 ], [ -73.924301709052074, -41.070460923176434 ], [ -73.92429716537336, -41.070437413397848 ], [ -73.924282385392004, -41.070419306650173 ], [ -73.924257720349246, -41.07041936827919 ], [ -73.924233869180128, -41.070425476327237 ], [ -73.924208622029056, -41.070428003117989 ], [ -73.924160024070503, -41.070415506643485 ], [ -73.92411700914144, -41.070393586337005 ], [ -73.924073875634761, -41.070367411583817 ], [ -73.924037528900058, -41.070336216416898 ], [ -73.924003548327804, -41.070304492985258 ], [ -73.923985627836203, -41.070290201114425 ], [ -73.923956959900551, -41.070254953960152 ], [ -73.923938920831304, -41.070236406276273 ], [ -73.923924722059951, -41.070215834980893 ], [ -73.923910253793977, -41.07020116044766 ], [ -73.923894967162781, -41.070180441501897 ], [ -73.923886703560484, -41.070163212392885 ], [ -73.923871224689805, -41.070143315610785 ], [ -73.923867879363712, -41.070100463587551 ], [ -73.923869848470815, -41.070054089179678 ], [ -73.923869761334217, -41.070011677985747 ], [ -73.923868593524347, -41.069992864752521 ], [ -73.923863968098971, -41.069950687169367 ], [ -73.923861129422662, -41.069910447841607 ], [ -73.923851772570671, -41.069869328744147 ], [ -73.923844788169319, -41.069851426368963 ], [ -73.923829033515872, -41.069813683995903 ], [ -73.923822743512247, -41.069773825875508 ], [ -73.923824053255927, -41.069734994440964 ], [ -73.923833816146455, -41.06968882430477 ], [ -73.923847342079682, -41.069645707180442 ], [ -73.923863350956353, -41.069606316938419 ], [ -73.923881220243985, -41.06956378558219 ], [ -73.923899670741591, -41.069518788325531 ], [ -73.923924054611675, -41.069477135985792 ], [ -73.923952901312077, -41.06944032665168 ], [ -73.92398085508708, -41.069402548825487 ], [ -73.924004971259208, -41.069366796641781 ], [ -73.924016833512539, -41.06934974272815 ], [ -73.924031955752028, -41.069333128347672 ], [ -73.924046958515589, -41.069312258100808 ], [ -73.924067118507196, -41.069274275670296 ], [ -73.924088361867035, -41.069236440182046 ], [ -73.92410208812457, -41.069216245127429 ], [ -73.924117014531348, -41.069200452900589 ], [ -73.92415268663126, -41.069167956850031 ], [ -73.924183047891248, -41.069138983866566 ], [ -73.92422337506099, -41.069110507976092 ], [ -73.924241872270997, -41.069098589627728 ], [ -73.924279756921479, -41.069075720723561 ], [ -73.924323728556317, -41.069046041320988 ], [ -73.924342224868013, -41.069034122283689 ], [ -73.924382628394554, -41.069000569630148 ], [ -73.924429353365753, -41.06896871755243 ], [ -73.924454635551086, -41.06895177934657 ], [ -73.9244879432852, -41.068919812111425 ], [ -73.924503955755128, -41.068904166101092 ], [ -73.924544089787076, -41.068876512977646 ], [ -73.92456719894777, -41.068859281495151 ], [ -73.924597559309419, -41.068830307021123 ], [ -73.924632068091071, -41.068802742587522 ], [ -73.924651728619381, -41.068785892382621 ], [ -73.924671310095945, -41.068774120940695 ], [ -73.92470915432223, -41.068741917255558 ], [ -73.924722802426331, -41.068726800142741 ], [ -73.924745330377036, -41.06871203316981 ], [ -73.924766462345787, -41.068693687551409 ], [ -73.924798489082278, -41.068662395419423 ], [ -73.924834356116648, -41.068629076908373 ], [ -73.924850872541469, -41.068616043024115 ], [ -73.924865295891649, -41.068597638457206 ], [ -73.924899106682304, -41.0685682839243 ], [ -73.924931638272014, -41.068539603253605 ], [ -73.924974406164367, -41.068505520728841 ], [ -73.925013840408724, -41.068476076756141 ], [ -73.92505071535281, -41.068447983231948 ], [ -73.925090462210889, -41.068421973633619 ], [ -73.925140250437181, -41.068391383016966 ], [ -73.925187984216436, -41.068364756409267 ], [ -73.925248824415689, -41.068334809166537 ], [ -73.92529252745426, -41.068311029076661 ], [ -73.925338399924243, -41.06828754223357 ], [ -73.92536527302596, -41.068273362350247 ], [ -73.925410681965261, -41.068256596667744 ], [ -73.925432747283566, -41.068248552118575 ], [ -73.925453415721648, -41.068236925515116 ], [ -73.92550138306288, -41.068218810034246 ], [ -73.925546405726578, -41.068203688060294 ], [ -73.925569169035896, -41.068197433516588 ], [ -73.925592707591278, -41.068187891526648 ], [ -73.925612289966153, -41.068176118623143 ], [ -73.925634933799529, -41.068165607463186 ], [ -73.92566409670691, -41.068155976746837 ], [ -73.925689923271335, -41.068150983267259 ], [ -73.925709506544521, -41.068139210357138 ], [ -73.925734634219651, -41.068132428217169 ], [ -73.925787223393016, -41.068132742468542 ], [ -73.92581150126189, -41.068134323884294 ], [ -73.925858888291444, -41.068118673623445 ], [ -73.925881727957517, -41.068107340930489 ], [ -73.925904561335429, -41.068072263277209 ], [ -73.925913747507508, -41.068052304231095 ], [ -73.925927582461227, -41.068012619777839 ], [ -73.925937384877599, -41.067975782533139 ], [ -73.925949436675452, -41.067934161724807 ], [ -73.925964861647174, -41.067897237068564 ], [ -73.925981568514842, -41.067859635800183 ], [ -73.925999164714625, -41.067823003682278 ], [ -73.926026148309148, -41.067789335274917 ], [ -73.92606333317201, -41.067764674537209 ], [ -73.926108390870013, -41.067735141510397 ], [ -73.926131499132381, -41.067717909728835 ], [ -73.926156387855656, -41.067678869835312 ], [ -73.926166466054823, -41.067659877812375 ], [ -73.926178135170375, -41.067643644985637 ], [ -73.926209849293159, -41.067608919266 ], [ -73.926224928413518, -41.067582970967514 ], [ -73.926239855718606, -41.067567176993862 ], [ -73.926256373041724, -41.067554143576331 ], [ -73.92626932225653, -41.067537235483329 ], [ -73.926287505954519, -41.067521883080097 ], [ -73.926310925932299, -41.067508084335955 ], [ -73.926337217824027, -41.067496369556139 ], [ -73.92638549688067, -41.06748168764323 ], [ -73.926409227675521, -41.067471322663167 ], [ -73.926428810050396, -41.067459550308598 ], [ -73.926480615892842, -41.067439408212785 ], [ -73.926526529685319, -41.067425254560206 ], [ -73.926554916448296, -41.067418909865104 ], [ -73.926583807166153, -41.067415178766893 ], [ -73.92663383524264, -41.067416843504525 ], [ -73.926687046050176, -41.067424026664 ], [ -73.926736223422097, -41.067434057755918 ], [ -73.926760112320437, -41.067437282930094 ], [ -73.926813787556981, -41.067437743475736 ], [ -73.926841902130434, -41.067437299184661 ], [ -73.926867342419271, -41.067433949392203 ], [ -73.92689215927733, -41.067423731372877 ], [ -73.926937837711193, -41.067401065745493 ], [ -73.926961957476578, -41.067389057687194 ], [ -73.927009731680016, -41.067371762828458 ], [ -73.927064794813674, -41.067352060256525 ], [ -73.927090504597118, -41.067342811403556 ], [ -73.92713343059296, -41.067322317766688 ], [ -73.927153904096599, -41.067311512533173 ], [ -73.927174260819257, -41.067296453337114 ], [ -73.927184144084009, -41.06727828341517 ], [ -73.927199459461292, -41.067260846976843 ], [ -73.927209729899943, -41.0672410332986 ], [ -73.927220617481169, -41.067204343267655 ], [ -73.927234956389739, -41.067167271232698 ], [ -73.927261745948158, -41.067134423348271 ], [ -73.927275585393417, -41.067118483652443 ], [ -73.92729229675264, -41.067104627932423 ], [ -73.927336190234044, -41.067080024506453 ], [ -73.92735813697476, -41.067067723128616 ], [ -73.927381869566247, -41.067057359437875 ], [ -73.927431039751639, -41.06704364457859 ], [ -73.927452910135543, -41.067036421418202 ], [ -73.927476834966512, -41.067025234830638 ], [ -73.927527090316758, -41.067011667611126 ], [ -73.927578819802406, -41.066996602250896 ], [ -73.927602670073185, -41.066990493207058 ], [ -73.927651100945099, -41.066965654722928 ], [ -73.927693015437967, -41.066939936445138 ], [ -73.927714575903082, -41.066929279472753 ], [ -73.927759789009656, -41.066913334308992 ], [ -73.927805273407415, -41.066891490044661 ], [ -73.927852113362988, -41.066863892966147 ], [ -73.927894803101921, -41.066834887812597 ], [ -73.927910428397951, -41.066820885063166 ], [ -73.92792318267837, -41.066804798321691 ], [ -73.927939194249973, -41.066789152485349 ], [ -73.927958076837257, -41.066775588603562 ], [ -73.927977927808413, -41.066757917015785 ], [ -73.927985833881209, -41.066738632141799 ], [ -73.928006306486552, -41.066727827489643 ], [ -73.928029851330137, -41.066742029379249 ], [ -73.928029934873464, -41.066760696572899 ], [ -73.928035640073844, -41.066779275714858 ], [ -73.928034635757342, -41.066797794573674 ], [ -73.928042515779012, -41.066816666967121 ], [ -73.928083121426482, -41.066829780449773 ], [ -73.928109142027012, -41.066823963975104 ], [ -73.928134000207564, -41.066823079448291 ], [ -73.92817188306141, -41.066800209752707 ], [ -73.928188787558426, -41.066785531070749 ], [ -73.92820875531055, -41.066772114157921 ], [ -73.928231594976651, -41.066760781910183 ], [ -73.92826571478777, -41.066734859013621 ], [ -73.928302005826922, -41.066709230046598 ], [ -73.928351327827627, -41.066685359290453 ], [ -73.928399877277144, -41.066664776724863 ], [ -73.928421047873442, -41.066655763469015 ], [ -73.928438533580447, -41.066638618773865 ], [ -73.928477695635266, -41.066615073087199 ], [ -73.928517825175632, -41.066587418323756 ], [ -73.928550548106486, -41.066557915245895 ], [ -73.928566752815897, -41.066541447130192 ], [ -73.92860056270824, -41.066512090324743 ], [ -73.928615295078899, -41.06649711966962 ], [ -73.928627425928497, -41.066474164523036 ], [ -73.928661234024219, -41.066444808364842 ], [ -73.928700860508016, -41.066414541247163 ], [ -73.928721602607936, -41.066397836723525 ], [ -73.928745838255992, -41.066390084533559 ], [ -73.928769763086962, -41.066378897836024 ], [ -73.928784495457606, -41.066363927150555 ], [ -73.928826333593662, -41.066343285560642 ], [ -73.928846807097287, -41.066332481520853 ], [ -73.928860451608159, -41.066317363854061 ], [ -73.928882321992049, -41.066310138582061 ], [ -73.928909110652157, -41.066277291624019 ], [ -73.928916705907866, -41.066254572773232 ], [ -73.928912161330842, -41.066231064199748 ], [ -73.928894239042606, -41.066216773475389 ], [ -73.928870736419839, -41.066211904469085 ], [ -73.928852427856029, -41.066199258190458 ], [ -73.928841293238094, -41.06617994673848 ], [ -73.928846748706789, -41.066142523291674 ], [ -73.928855271023906, -41.066106361608725 ], [ -73.928859026880104, -41.066085669141437 ], [ -73.928859137372882, -41.066066180206903 ], [ -73.928846328295251, -41.066025444081966 ], [ -73.928835385916784, -41.066005311028881 ], [ -73.928839058229656, -41.065965951115835 ], [ -73.928849134632202, -41.065946959275458 ], [ -73.928871468546788, -41.065933013906495 ], [ -73.928927313214757, -41.065933767728616 ], [ -73.928980017372467, -41.065938337393987 ], [ -73.929008443661317, -41.065941326945165 ], [ -73.929030382317194, -41.065905280290686 ], [ -73.929035030200453, -41.065885554928805 ], [ -73.929025367921255, -41.065864747252846 ], [ -73.929009812693806, -41.065849928163168 ], [ -73.928959979551735, -41.065847441156578 ], [ -73.928936324215343, -41.065852729431946 ], [ -73.928911266608807, -41.065830691110477 ], [ -73.928921259468041, -41.065793033122574 ], [ -73.928925714213534, -41.065774129957283 ], [ -73.928940944250854, -41.065738026318741 ], [ -73.928954079416954, -41.065696550388822 ], [ -73.928965546411547, -41.065657394832954 ], [ -73.928973257549956, -41.065638931868165 ], [ -73.928984614051771, -41.065619264673494 ], [ -73.92901485314087, -41.065586034700303 ], [ -73.92904528626606, -41.065551982477345 ], [ -73.929063738560302, -41.065530729037278 ], [ -73.929075095062132, -41.065511062487495 ], [ -73.929104636160247, -41.065476041696428 ], [ -73.929118669641625, -41.065459280719011 ], [ -73.92913627033299, -41.065446392501819 ], [ -73.929168993263843, -41.065416890266626 ], [ -73.929185703724755, -41.065403032833458 ], [ -73.929199349133924, -41.065387914953007 ], [ -73.929216059594822, -41.065374058868343 ], [ -73.929229393288594, -41.065355506421113 ], [ -73.929269136553401, -41.065329494922267 ], [ -73.929287629271826, -41.065317575211274 ], [ -73.929336294604042, -41.065301247662298 ], [ -73.92936200259085, -41.06529199784358 ], [ -73.929382281160045, -41.065282015190135 ], [ -73.929407796907398, -41.065273586250626 ], [ -73.929435794699842, -41.065268886498352 ], [ -73.929488961489938, -41.065266734053701 ], [ -73.929521226280016, -41.06526769716772 ], [ -73.929571488816762, -41.065277872852462 ], [ -73.929595495394437, -41.06528535357819 ], [ -73.929613609922143, -41.065298822268801 ], [ -73.929637035289801, -41.065308768345737 ], [ -73.92967229685965, -41.065339814861218 ], [ -73.929691615129826, -41.065357685954631 ], [ -73.929712094921669, -41.065370625663604 ], [ -73.929762087963866, -41.065386701919223 ], [ -73.929822509548188, -41.065396553161719 ], [ -73.929847874378552, -41.065398279584201 ], [ -73.929873311972472, -41.065394929687884 ], [ -73.929879239955014, -41.065374528910539 ], [ -73.929875199332869, -41.065353632347332 ], [ -73.929858170868329, -41.06534030996356 ], [ -73.929838195031365, -41.065329982574475 ], [ -73.929814692408584, -41.065325114179828 ], [ -73.929793051095075, -41.065317104491371 ], [ -73.92980281757886, -41.06529467925489 ], [ -73.929827480824983, -41.065294616943753 ], [ -73.929846868265443, -41.065283665758578 ], [ -73.929859309932127, -41.065264144753421 ], [ -73.929861979725146, -41.06524330504795 ], [ -73.929852822299139, -41.065225108821473 ], [ -73.929819228002472, -41.065191743867167 ], [ -73.929803478738904, -41.065177746186251 ], [ -73.929808825511472, -41.065159812055334 ], [ -73.92982952628887, -41.065133774064499 ], [ -73.929830721048219, -41.065114431821243 ], [ -73.92982846717517, -41.065095471567929 ], [ -73.929819308850838, -41.065077276655096 ], [ -73.929798053812902, -41.065067623135597 ], [ -73.929774939262316, -41.065061111597856 ], [ -73.929750857226196, -41.065058708546303 ], [ -73.929724139533008, -41.06506273372532 ], [ -73.92969753772249, -41.065071016395621 ], [ -73.929677956245925, -41.065082789177787 ], [ -73.929659968380676, -41.065097321266371 ], [ -73.929647912091255, -41.065115198521383 ], [ -73.929642567115323, -41.065133131987146 ], [ -73.929647775547323, -41.065172843238209 ], [ -73.929654761745297, -41.06519074485535 ], [ -73.92964417959125, -41.065207125260848 ], [ -73.929615601487129, -41.065214291051994 ], [ -73.929592680074322, -41.065206957968734 ], [ -73.929546913605563, -41.065187213433099 ], [ -73.929524766540524, -41.065176592073328 ], [ -73.929479000071765, -41.065156846851281 ], [ -73.929457164722152, -41.065149659380374 ], [ -73.929436684031984, -41.065136720305247 ], [ -73.929406736895345, -41.065102150394651 ], [ -73.929395407342994, -41.065083660182047 ], [ -73.929373909759931, -41.065041751046209 ], [ -73.929346519228602, -41.06500583123065 ], [ -73.929339645320042, -41.064968439625979 ], [ -73.929349445041481, -41.06493160270778 ], [ -73.929352619687691, -41.064913375916554 ], [ -73.929346132953029, -41.064874339776345 ], [ -73.929336468877196, -41.06485353110314 ], [ -73.929316687076323, -41.064842382072989 ], [ -73.929294851726709, -41.064835194567706 ], [ -73.929292597853674, -41.064816234233859 ], [ -73.9292856116557, -41.064798332514783 ], [ -73.929271488342792, -41.064772681796654 ], [ -73.929257094637009, -41.064752931034896 ], [ -73.92923731283615, -41.064741781310417 ], [ -73.929209972610465, -41.064738938678985 ], [ -73.92918472815434, -41.06474146839745 ], [ -73.929160645219895, -41.064739065334244 ], [ -73.92913605743226, -41.064734049921562 ], [ -73.929114609256544, -41.064725219949651 ], [ -73.929066554778728, -41.064700925160054 ], [ -73.929043633365936, -41.064693591342213 ], [ -73.928989027474756, -41.064682829024079 ], [ -73.9289348096558, -41.064670422893379 ], [ -73.928908943565503, -41.064666084099713 ], [ -73.928880322342238, -41.064663916057384 ], [ -73.928855271023906, -41.064665622857348 ], [ -73.928825026544914, -41.064675108465082 ], [ -73.928799006842695, -41.064680924452517 ], [ -73.92877523472535, -41.064681955305275 ], [ -73.928750452901596, -41.064677762132185 ], [ -73.928718063245725, -41.064648799361628 ], [ -73.928691255721006, -41.06461041327443 ], [ -73.928669372760709, -41.064570147650251 ], [ -73.92866051986357, -41.064531640279924 ], [ -73.928661128023023, -41.064491019023244 ], [ -73.928660927698701, -41.064468095686962 ], [ -73.928654710458616, -41.06442316199621 ], [ -73.928652841064519, -41.064402557048801 ], [ -73.928657793476674, -41.064362522258264 ], [ -73.928667090141559, -41.064323073312281 ], [ -73.928674054779961, -41.064269741610318 ], [ -73.928681565594033, -41.06422835619064 ], [ -73.928688183482734, -41.064186001519339 ], [ -73.928689490531482, -41.064147170171353 ], [ -73.928689595634367, -41.064103936980118 ], [ -73.928691684217412, -41.064085562983763 ], [ -73.928710364683724, -41.06404907709382 ], [ -73.928741805718673, -41.064020248153398 ], [ -73.928758710215689, -41.06400557088282 ], [ -73.928779181922721, -41.063994765781601 ], [ -73.928839056433006, -41.063992672221097 ], [ -73.928887921191205, -41.063999267850896 ], [ -73.928915259620254, -41.064002110514316 ], [ -73.928942054568552, -41.063993006811479 ], [ -73.928956786040899, -41.063978035582871 ], [ -73.928980398258147, -41.063963415196795 ], [ -73.929004944723289, -41.063959095998477 ], [ -73.929043793266061, -41.063932116749861 ], [ -73.929079071903899, -41.063901262602975 ], [ -73.929093999208973, -41.06388546909961 ], [ -73.929116518176514, -41.063846957941806 ], [ -73.929124036177129, -41.063829316723265 ], [ -73.929134610246336, -41.063789192178767 ], [ -73.929148443403392, -41.063749507861921 ], [ -73.929170456619431, -41.063708383557078 ], [ -73.929189524259655, -41.063670253622114 ], [ -73.929198128323449, -41.063652758655572 ], [ -73.929228753688108, -41.063617884528938 ], [ -73.929247323661656, -41.063600887373156 ], [ -73.929270354668915, -41.063588731644039 ], [ -73.929293115283272, -41.06358247733867 ], [ -73.929320844479463, -41.063583674827584 ], [ -73.92934449712088, -41.063578388401645 ], [ -73.92935112309442, -41.063559778553568 ], [ -73.929352706824275, -41.063538792685634 ], [ -73.92934700162391, -41.063520214660052 ], [ -73.929337842401267, -41.063502018634104 ], [ -73.929339460267087, -41.063466621541174 ], [ -73.929355076579995, -41.063428873471317 ], [ -73.929374649971734, -41.063393355099663 ], [ -73.929383640311073, -41.063374217570932 ], [ -73.929398247815911, -41.063331245315275 ], [ -73.929408905428446, -41.063309788640133 ], [ -73.929443216580722, -41.063283044153728 ], [ -73.929462989398445, -41.063270449465143 ], [ -73.929486449800407, -41.063265983921028 ], [ -73.929533453249334, -41.063275718982901 ], [ -73.929576852657348, -41.063295993076004 ], [ -73.929598804787943, -41.063307436323264 ], [ -73.929624670878241, -41.063311775883875 ], [ -73.929671093117165, -41.063323976366981 ], [ -73.92972162425022, -41.063328254290788 ], [ -73.929747373559522, -41.063328337600609 ], [ -73.929770328209969, -41.063321259654927 ], [ -73.929794639316498, -41.06330842994516 ], [ -73.929828057543389, -41.063280716219268 ], [ -73.929869851661991, -41.063250740923131 ], [ -73.929901873008589, -41.063219447555511 ], [ -73.929914121537507, -41.063200749554682 ], [ -73.929929939073034, -41.063185923768842 ], [ -73.929957113110362, -41.063151432078818 ], [ -73.929994369838468, -41.063121693784865 ], [ -73.930013056592998, -41.06310895141015 ], [ -73.930054699794638, -41.063089132416941 ], [ -73.930075750915009, -41.063075862405249 ], [ -73.930091644807305, -41.063055960091937 ], [ -73.930095973788667, -41.063009055793806 ], [ -73.930093322860273, -41.062967995371217 ], [ -73.930094519416215, -41.062948651813656 ], [ -73.93010342621227, -41.062910846551645 ], [ -73.930115086344642, -41.062870869102511 ], [ -73.930126358404848, -41.062832535485811 ], [ -73.9301394154175, -41.062796138307036 ], [ -73.930152279292372, -41.062760562698706 ], [ -73.93016738985375, -41.062720203148857 ], [ -73.930180446866416, -41.062683805230584 ], [ -73.93019133175271, -41.062647115366225 ], [ -73.930201904923592, -41.062606990100427 ], [ -73.930209609773797, -41.062564782718631 ], [ -73.93021494666489, -41.062523103622212 ], [ -73.930216144119171, -41.062503761288447 ], [ -73.930211717221454, -41.062484507001095 ], [ -73.930210354477168, -41.06246651659513 ], [ -73.930202669389914, -41.062446824067997 ], [ -73.930186028997596, -41.062431857228653 ], [ -73.930140187968647, -41.062417190440726 ], [ -73.930114903088352, -41.062410386036241 ], [ -73.930105358488447, -41.062393833570901 ], [ -73.93010212635005, -41.062355238228548 ], [ -73.930101537953547, -41.062333958016964 ], [ -73.930104511377138, -41.06229280776585 ], [ -73.930105623491471, -41.062254798251594 ], [ -73.930109100869927, -41.062216261077765 ], [ -73.930112655503507, -41.062172645281905 ], [ -73.930120360353683, -41.062130436944059 ], [ -73.930128063407253, -41.062088229256446 ], [ -73.930137357377177, -41.062048780300849 ], [ -73.930147349338085, -41.062011122179207 ], [ -73.930164749705142, -41.061975310435663 ], [ -73.930181257146799, -41.061938530768543 ], [ -73.93018788312034, -41.061919920456411 ], [ -73.930201022778007, -41.061902190668022 ], [ -73.930219709532537, -41.061889450089026 ], [ -73.930242663284673, -41.061882371988489 ], [ -73.930266975289541, -41.061869540643386 ], [ -73.930292680581374, -41.061860291019293 ], [ -73.930321494044122, -41.061861635520238 ], [ -73.930346350428039, -41.06186075024933 ], [ -73.930369111042396, -41.061854495779642 ], [ -73.93039373116936, -41.061845097818043 ], [ -73.93043436376631, -41.061820054868527 ], [ -73.93046797423267, -41.061791519590017 ], [ -73.930488327362056, -41.061776457775188 ], [ -73.930508994003475, -41.061764831382028 ], [ -73.930541712442775, -41.061735328172539 ], [ -73.930566831134726, -41.061704798791737 ], [ -73.930577411492152, -41.061688418868513 ], [ -73.930587598387476, -41.061649938258768 ], [ -73.930593635066174, -41.061610049451104 ], [ -73.930603627027097, -41.061572391078307 ], [ -73.930612534721433, -41.061534585702475 ], [ -73.930617989291861, -41.061497162321395 ], [ -73.93061929544227, -41.061458330740393 ], [ -73.930618319871868, -41.061438695484846 ], [ -73.930610248509055, -41.061420646541968 ], [ -73.930594500143798, -41.061406648735684 ], [ -73.930576192478313, -41.061394001532932 ], [ -73.930564476650375, -41.061377156880212 ], [ -73.93056222098069, -41.06135819690406 ], [ -73.93056569835916, -41.061319658527523 ], [ -73.930571347863989, -41.061281414092385 ], [ -73.93058211507099, -41.061240467738457 ], [ -73.930596837560174, -41.061201751153234 ], [ -73.930607300238293, -41.06118111539368 ], [ -73.93063307470041, -41.06114304292182 ], [ -73.930653227505502, -41.061105059159239 ], [ -73.930664583109007, -41.061085391285964 ], [ -73.930694238293171, -41.061054626566914 ], [ -73.930713892533262, -41.061037776408554 ], [ -73.930749094814317, -41.061011999593241 ], [ -73.930793135619425, -41.060977239891336 ], [ -73.930828177102029, -41.060937874259501 ], [ -73.930852090254888, -41.060902942473945 ], [ -73.930875887525076, -41.060863754260929 ], [ -73.930895846294078, -41.060826592629141 ], [ -73.930909987573258, -41.060790341323319 ], [ -73.930918389516123, -41.060749924345018 ], [ -73.930927842487847, -41.06072406342647 ], [ -73.930939198091366, -41.06070439747127 ], [ -73.930968541560119, -41.060670197091845 ], [ -73.930986411746062, -41.060651410311678 ], [ -73.931028397205822, -41.060620612877159 ], [ -73.931070307207079, -41.060594894149894 ], [ -73.931114312079586, -41.060574545393649 ], [ -73.931156458337767, -41.060557338152073 ], [ -73.93120058088958, -41.060541245814299 ], [ -73.931247262741635, -41.060523802170877 ], [ -73.931301116742915, -41.060499694130925 ], [ -73.931354777606415, -41.06047640973334 ], [ -73.931402039770148, -41.060456501214617 ], [ -73.931423907459106, -41.060449276653358 ], [ -73.931476488547631, -41.0604495889094 ], [ -73.931500258868368, -41.06044855663562 ], [ -73.931542986336538, -41.060428883147267 ], [ -73.931556088264955, -41.060411309423763 ], [ -73.931564572852821, -41.060392506313327 ], [ -73.931568776968348, -41.060374660287067 ], [ -73.931577611000861, -41.060354370391764 ], [ -73.931596481910034, -41.060343108159444 ], [ -73.931620197433517, -41.060337101454074 ], [ -73.931672958185118, -41.060319670626114 ], [ -73.931696321569021, -41.060315151371292 ], [ -73.931720949780839, -41.060313872541315 ], [ -73.931776665989716, -41.060318322706912 ], [ -73.931824872282817, -41.060320226050095 ], [ -73.931851465110157, -41.060319210707959 ], [ -73.931881074480231, -41.060314000559814 ], [ -73.9319051403467, -41.060306507076348 ], [ -73.931925626426747, -41.060296996454035 ], [ -73.931977823036348, -41.060273350958816 ], [ -73.932025389728949, -41.060252150677883 ], [ -73.932088324799437, -41.060234558618731 ], [ -73.932145013883741, -41.060217658126589 ], [ -73.932177289453591, -41.060209737225911 ], [ -73.932232578064387, -41.060198785871357 ], [ -73.932289830392392, -41.060188099357902 ], [ -73.932339788400299, -41.06018256610448 ], [ -73.932395642051404, -41.06017782873424 ], [ -73.932422934666363, -41.060173839155652 ], [ -73.932488048151413, -41.060164212687638 ], [ -73.932546779106374, -41.060164466693145 ], [ -73.93260354454749, -41.060164455855571 ], [ -73.932662275502452, -41.060164708506342 ], [ -73.932729565605442, -41.060163048326565 ], [ -73.93278043719998, -41.060162240927824 ], [ -73.932842747941351, -41.060164512075438 ], [ -73.932902743724227, -41.060168005158573 ], [ -73.932963651297129, -41.06017622545199 ], [ -73.93301242083389, -41.060184340755498 ], [ -73.933041894558372, -41.060188318141186 ], [ -73.933105330888779, -41.060203017261458 ], [ -73.933170381491763, -41.060219468676095 ], [ -73.933217401110383, -41.060235019214829 ], [ -73.933243507050832, -41.060244679539849 ], [ -73.933291226457058, -41.060257257196866 ], [ -73.933347367569041, -41.060277109556104 ], [ -73.933377053295914, -41.060288787690581 ], [ -73.933418739616684, -41.060300648029191 ], [ -73.933346891461952, -41.060101162403249 ], [ -73.933100334459184, -41.059765232552159 ], [ -73.932851721212728, -41.059572258061479 ], [ -73.932539107493852, -41.05942635652093 ], [ -73.932225874835751, -41.059328128381672 ], [ -73.931912545159577, -41.059229902805122 ], [ -73.931537037692735, -41.059083378689564 ], [ -73.931287526130973, -41.058938159521318 ], [ -73.930912840622611, -41.058744023636777 ], [ -73.930665578442344, -41.05845569144283 ], [ -73.930607293051764, -41.058169136754543 ], [ -73.93054963558356, -41.057834983265607 ], [ -73.930554339162398, -41.057548972514731 ], [ -73.930370075833011, -41.057261256237645 ], [ -73.93024716923415, -41.057069448299771 ], [ -73.930060649336752, -41.056924696819983 ], [ -73.929809602554201, -41.05687468709543 ], [ -73.929642144008824, -41.056841374804797 ], [ -73.929497111006199, -41.05672884527732 ], [ -73.929628426734439, -41.056396396905299 ], [ -73.929695304510702, -41.056158612735757 ], [ -73.929634573007604, -41.056015029782671 ], [ -73.929510952248094, -41.05587089850593 ], [ -73.929137015934657, -41.055629151710562 ], [ -73.928952043834499, -41.055389111067491 ], [ -73.928641092897237, -41.055147833294242 ], [ -73.928327885391965, -41.055049591991562 ], [ -73.927887880684324, -41.054997795889491 ], [ -73.927322001344137, -41.054944901001143 ], [ -73.926379105367417, -41.054840747024507 ], [ -73.925942292373975, -41.054598364424272 ], [ -73.925693627923565, -41.054405449289789 ], [ -73.92550784823797, -41.054213010485711 ], [ -73.925574647860827, -41.053975305809885 ], [ -73.925704432859789, -41.053738146948355 ], [ -73.92589638217477, -41.053549217239677 ], [ -73.926150501195593, -41.053408589583043 ], [ -73.926403179318712, -41.053363390917582 ], [ -73.926656569805857, -41.053270367140406 ], [ -73.926533779987977, -41.05307854892056 ], [ -73.926284199255974, -41.052933248075767 ], [ -73.926033170439695, -41.052883228542512 ], [ -73.925656266092574, -41.052832037706153 ], [ -73.925280807134754, -41.052685490532468 ], [ -73.924906079405545, -41.052491336194116 ], [ -73.924847831744216, -41.052204850363665 ], [ -73.925042147221632, -41.051872952914579 ], [ -73.925234099231545, -41.051684097786797 ], [ -73.925111315701884, -41.051492279006538 ], [ -73.924859468520395, -41.051489865297661 ], [ -73.924609897669853, -41.051344559589275 ], [ -73.924425683747813, -41.051056905597747 ], [ -73.924247749947909, -41.050387878379404 ], [ -73.923937563476912, -41.050098907304005 ], [ -73.923687282058992, -41.050001350818128 ], [ -73.923438534963552, -41.049808286712519 ], [ -73.923255152881453, -41.049472947203782 ], [ -73.923259794476522, -41.049186938711635 ], [ -73.923265268809857, -41.048853395381585 ], [ -73.923206930418672, -41.048566838835107 ], [ -73.922959017858147, -41.048326164732948 ], [ -73.922585965486959, -41.048036635849655 ], [ -73.922211374301696, -41.047842540282232 ], [ -73.92221529724452, -41.047604210312052 ], [ -73.922219121372692, -41.047365884220973 ], [ -73.922223767459357, -41.047079875377186 ], [ -73.922101734022945, -41.046840447151219 ], [ -73.922041953835745, -41.046649246345154 ], [ -73.921858486413683, -41.046313835182126 ], [ -73.921863963441965, -41.045980216991026 ], [ -73.921678946426056, -41.045740091685005 ], [ -73.921491660265715, -41.045643078864359 ], [ -73.921176960658769, -41.045640176465241 ], [ -73.920922030459224, -41.045828401932965 ], [ -73.920794515502976, -41.045922516158655 ], [ -73.92041683141818, -41.045918987766832 ], [ -73.920294801575025, -41.045679483502177 ], [ -73.920297911542548, -41.045488909396902 ], [ -73.920050749075273, -41.045200548238029 ], [ -73.919612466438039, -41.045053423770767 ], [ -73.919108101931869, -41.045096395772461 ], [ -73.918665057325327, -41.045235207198942 ], [ -73.918347974487901, -41.045375266965529 ], [ -73.918031715405618, -41.045467642698739 ], [ -73.917529628128705, -41.045367567852736 ], [ -73.917217115021145, -41.045221619224506 ], [ -73.916903240067612, -41.045171022016547 ], [ -73.916461752241446, -41.045214538652935 ], [ -73.916021822992306, -41.045162764617913 ], [ -73.915582819007881, -41.045063302448852 ], [ -73.915334113234962, -41.04487021843412 ], [ -73.915275084937647, -41.044631334337168 ], [ -73.915027953013094, -41.044343034461477 ], [ -73.914527441381196, -41.044147658340066 ], [ -73.914277188709335, -41.044050006308822 ], [ -73.91409156982219, -41.043857541280538 ], [ -73.913525786601738, -41.043804499899785 ], [ -73.912771169423706, -41.043749714547673 ], [ -73.91239349611871, -41.043746160293693 ], [ -73.912019685569419, -41.043504276125383 ], [ -73.91183472065579, -41.043264278644116 ], [ -73.911588436740857, -41.042928288559324 ], [ -73.911466444626953, -41.042688773410021 ], [ -73.910937327043143, -41.042326213701038 ], [ -73.910688657202826, -41.042133265292719 ], [ -73.910565104715275, -41.041989109702207 ], [ -73.910251148015064, -41.041938423961902 ], [ -73.909936364864762, -41.041935494297952 ], [ -73.909683082175462, -41.042028402659106 ], [ -73.909430440883284, -41.042073709386329 ], [ -73.908989796575185, -41.042069513416948 ], [ -73.90867972149529, -41.04178056814353 ], [ -73.908432821336092, -41.041492243583484 ], [ -73.908310005467058, -41.041300333434968 ], [ -73.90787168060902, -41.041153238868255 ], [ -73.907559309435271, -41.041007330354446 ], [ -73.907249342153236, -41.040718376352473 ], [ -73.907128105522474, -41.040431175939268 ], [ -73.906943260983084, -41.040191092720505 ], [ -73.90669627728056, -41.039902767972826 ], [ -73.906383811783698, -41.03975678689833 ], [ -73.905754357772551, -41.039750825742367 ], [ -73.905442089905051, -41.039604833489953 ], [ -73.905321703978885, -41.039270020621807 ], [ -73.905451540181858, -41.039032882610215 ], [ -73.905518409873295, -41.038795258605596 ], [ -73.905395709886946, -41.038603413770737 ], [ -73.905146229766245, -41.03845806063341 ], [ -73.904896842172008, -41.038312629254229 ], [ -73.904900733673813, -41.03807430068133 ], [ -73.905095129101298, -41.037742579950731 ], [ -73.905351645725617, -41.037458952992722 ], [ -73.905479906283574, -41.037317177000077 ], [ -73.90560983501301, -41.037080033985653 ], [ -73.905678178839821, -41.036747052671949 ], [ -73.905493349571799, -41.036506966178948 ], [ -73.90518026244078, -41.036408655032297 ], [ -73.904930052888062, -41.036310979999179 ], [ -73.904681418082021, -41.036117942809156 ], [ -73.904495656362741, -41.03592546745903 ], [ -73.904500482112454, -41.035639450905961 ], [ -73.904631899350306, -41.035307099252734 ], [ -73.904823869326535, -41.035118276537503 ], [ -73.905012679927893, -41.035120031536479 ], [ -73.905266041668938, -41.035027130363709 ], [ -73.905456527628303, -41.034933592108629 ], [ -73.905587934984695, -41.034601165064927 ], [ -73.90534004847531, -41.034360522556028 ], [ -73.90515753955566, -41.033977393971433 ], [ -73.904783810753074, -41.03373548135535 ], [ -73.904536028448248, -41.033494833649122 ], [ -73.903977492835523, -41.033012828154654 ], [ -73.903603780202587, -41.03277098450053 ], [ -73.903295351734613, -41.032386658773035 ], [ -73.903048318624755, -41.032098327622826 ], [ -73.902740836082785, -41.031666386228665 ], [ -73.902430098944535, -41.031425098717548 ], [ -73.902244454904547, -41.031232614389992 ], [ -73.901805470683087, -41.031133170472913 ], [ -73.90136490183346, -41.031129014464859 ], [ -73.900988876936992, -41.031030055587188 ], [ -73.900675725127257, -41.030931734228361 ], [ -73.900364999667119, -41.03069044063659 ], [ -73.900246241488233, -41.030260258009704 ], [ -73.900250995372716, -41.0299743178144 ], [ -73.900196793723424, -41.029449481903605 ], [ -73.899949039266374, -41.029208748731264 ], [ -73.899413658628404, -41.029227433352652 ], [ -73.89897394227998, -41.029175583718512 ], [ -73.898473688464563, -41.028980123946752 ], [ -73.898288072272337, -41.028787778848233 ], [ -73.898229023313789, -41.028548811984237 ], [ -73.898044989953092, -41.02826103124189 ], [ -73.897796405452723, -41.028067975191149 ], [ -73.897421153107416, -41.027921397942343 ], [ -73.89704366305871, -41.027917782520134 ], [ -73.896791905708781, -41.027915376078752 ], [ -73.896603108582127, -41.027913533466993 ], [ -73.896417405253345, -41.027721189318818 ], [ -73.896295500276025, -41.027481652717483 ], [ -73.896046925657132, -41.027288593026313 ], [ -73.89573389511996, -41.027190253204317 ], [ -73.895165085475313, -41.027327837155305 ], [ -73.894719009054668, -41.02765720052686 ], [ -73.894466409084984, -41.027702472418923 ], [ -73.89414859771388, -41.027890069472193 ], [ -73.893770159044251, -41.027934057678742 ], [ -73.893392571079204, -41.027930434802791 ], [ -73.893014885197772, -41.027926814637311 ], [ -73.892637394250755, -41.027923185661798 ], [ -73.892131434336662, -41.028061325133052 ], [ -73.891686090941292, -41.028343072725626 ], [ -73.891306905771657, -41.028434806209781 ], [ -73.890929314213324, -41.028431175906938 ], [ -73.890617033769431, -41.028285141607512 ], [ -73.890431431051965, -41.028092636579757 ], [ -73.890374114045244, -41.027758443517008 ], [ -73.89025138890608, -41.027566655293967 ], [ -73.890002074973694, -41.027421188332653 ], [ -73.889688301529802, -41.027370510349847 ], [ -73.889244452032756, -41.027556889873729 ], [ -73.889051704115488, -41.027793365793194 ], [ -73.887965784667429, -41.028736283967767 ], [ -73.887459049507228, -41.028922010418334 ], [ -73.88713790718306, -41.029300246537034 ], [ -73.886755598571199, -41.029582614311053 ], [ -73.886500625252523, -41.029770838942945 ], [ -73.886306904459815, -41.030054852762866 ], [ -73.885988213638029, -41.030290185315927 ], [ -73.885922884557317, -41.030432511789257 ], [ -73.885794591660016, -41.030574268049129 ], [ -73.885667905848763, -41.030620733991512 ], [ -73.885540369332944, -41.03071488487226 ], [ -73.885288697322935, -41.030712449394088 ], [ -73.885101500095814, -41.030615297866227 ], [ -73.884915055656919, -41.030470466502585 ], [ -73.88492072582298, -41.030136840509584 ], [ -73.884861819696539, -41.029897858889626 ], [ -73.884738351650626, -41.029753744268483 ], [ -73.884424473103849, -41.029703057916031 ], [ -73.884171096989746, -41.029795913744373 ], [ -73.883916966290812, -41.029936448877784 ], [ -73.883600722479869, -41.030028729045171 ], [ -73.883223016835515, -41.030025003958052 ], [ -73.883099546094655, -41.029880813717334 ], [ -73.882975327955492, -41.029784377249719 ], [ -73.882851002916794, -41.029687797654212 ], [ -73.882599235685376, -41.029685360105091 ], [ -73.882345198411244, -41.029825887342504 ], [ -73.882091818703884, -41.029918739609343 ], [ -73.881714118449423, -41.029915083637249 ], [ -73.881527786299927, -41.029770315111115 ], [ -73.881533378312554, -41.029436692346962 ], [ -73.881598710088227, -41.029294293921467 ], [ -73.881602029363208, -41.029103636455616 ], [ -73.88160525162013, -41.028912983181371 ], [ -73.881419586020584, -41.028720612812862 ], [ -73.881169431265093, -41.028622809135541 ], [ -73.880854900541408, -41.02861978603778 ], [ -73.88060152263067, -41.028712634584082 ], [ -73.880278724711431, -41.029186144479603 ], [ -73.880148810355038, -41.029423257651395 ], [ -73.879955927690503, -41.029659726190395 ], [ -73.879763891238952, -41.029848435806421 ], [ -73.879385530722757, -41.029892447778103 ], [ -73.879200723912604, -41.029652388466097 ], [ -73.879203951559418, -41.029461734747827 ], [ -73.879144963686286, -41.029222680877822 ], [ -73.879084575339633, -41.029079201786743 ], [ -73.878896536391096, -41.029029724553226 ], [ -73.878577815026603, -41.02926496454171 ], [ -73.878319587111662, -41.029643826205493 ], [ -73.878065539956054, -41.029784345399641 ], [ -73.877812147672287, -41.029877114372887 ], [ -73.877496652157973, -41.029921698269824 ], [ -73.877183534484232, -41.029823310878129 ], [ -73.877060841684411, -41.029631507661904 ], [ -73.877002830279991, -41.02934498397692 ], [ -73.877008439360623, -41.029011285869451 ], [ -73.876760772040171, -41.028770570747476 ], [ -73.876701907236239, -41.028531731223701 ], [ -73.876516344044617, -41.028339200487522 ], [ -73.876393748262856, -41.028147318403519 ], [ -73.876019391537881, -41.027952983915796 ], [ -73.875516629626176, -41.02790039867287 ], [ -73.874978960080867, -41.02806200958829 ], [ -73.874472954352669, -41.028200072868493 ], [ -73.874151838977966, -41.028578346340289 ], [ -73.873895200182744, -41.028861761499897 ], [ -73.873696664420123, -41.029431845014251 ], [ -73.873691799144538, -41.029717864141176 ], [ -73.873624057188962, -41.030003155575791 ], [ -73.8733690371579, -41.030191278712294 ], [ -73.873051056903506, -41.030378898491591 ], [ -73.872797660128185, -41.030471730326596 ], [ -73.872482155630721, -41.030516300945457 ], [ -73.872296700236944, -41.030323833612997 ], [ -73.872428174068659, -41.029991439537909 ], [ -73.87281065964865, -41.029709259196416 ], [ -73.873131024930117, -41.029378669350962 ], [ -73.87319809853912, -41.029140980001365 ], [ -73.873202106821921, -41.028902646007502 ], [ -73.872889858717357, -41.028756561250717 ], [ -73.872700201903001, -41.028802436869299 ], [ -73.87237983033333, -41.029132952353862 ], [ -73.87224922337586, -41.029417735363864 ], [ -73.872056310168588, -41.029654191047115 ], [ -73.871802914291578, -41.029747020515607 ], [ -73.871550377203945, -41.02979216628129 ], [ -73.871297747589864, -41.029837387913915 ], [ -73.871175931545736, -41.029597893571804 ], [ -73.871052488652666, -41.029453688842466 ], [ -73.87092741621565, -41.029404774351939 ], [ -73.870674982434295, -41.029449987441041 ], [ -73.870417465086746, -41.029781080430318 ], [ -73.870288373587158, -41.029970501240278 ], [ -73.870098707789651, -41.030016298759989 ], [ -73.869909137213554, -41.03006209218195 ], [ -73.869779086313244, -41.030299201521601 ], [ -73.86952252477316, -41.030582677039256 ], [ -73.869207879065101, -41.030579554416576 ], [ -73.868958502250649, -41.030434116473948 ], [ -73.868902917195825, -41.03000454274261 ], [ -73.868780339380365, -41.02981265195848 ], [ -73.868338901859858, -41.029855978162189 ], [ -73.868021004250465, -41.030043581277852 ], [ -73.867694078572498, -41.03075539552129 ], [ -73.867687550515328, -41.031136633248039 ], [ -73.867555187351456, -41.031516707287352 ], [ -73.867298514420298, -41.031800182984142 ], [ -73.866854655940088, -41.03198640224435 ], [ -73.866288229525892, -41.031980874073078 ], [ -73.866166427854836, -41.031741373297358 ], [ -73.866363405040445, -41.031266664049191 ], [ -73.866431271861856, -41.030981296771607 ], [ -73.8664345426278, -41.030790715344061 ], [ -73.86624900009744, -41.030598166817818 ], [ -73.865935126940542, -41.030547427580814 ], [ -73.865493681335181, -41.030590745169192 ], [ -73.865047424353193, -41.030920002092138 ], [ -73.864911771558766, -41.031490655979866 ], [ -73.864843131287884, -41.031823701829644 ], [ -73.864525975686945, -41.031963542121389 ], [ -73.864020779340834, -41.032053878694356 ], [ -73.863706899895718, -41.032003135158128 ], [ -73.863523102791959, -41.031715360026681 ], [ -73.863464275717263, -41.031476437670101 ], [ -73.863212499502694, -41.031473958173308 ], [ -73.86289447523086, -41.03166147875001 ], [ -73.862641056895953, -41.031754289802684 ], [ -73.862263438388169, -41.031750565490832 ], [ -73.861385640625144, -41.031551212853046 ], [ -73.861010435890535, -41.031404513928372 ], [ -73.860632819179386, -41.03140078417556 ], [ -73.860250274310602, -41.031683001314235 ], [ -73.860183249210621, -41.031920680809435 ], [ -73.859865213260676, -41.032108193337429 ], [ -73.859552205181402, -41.032009752969117 ], [ -73.859494168624153, -41.031723221337359 ], [ -73.85949909947675, -41.031437271909795 ], [ -73.859374802285842, -41.031340665600169 ], [ -73.859061894817856, -41.031242219340712 ], [ -73.858557568939261, -41.031284921170062 ], [ -73.858368660421533, -41.031283020375142 ], [ -73.858244467435171, -41.031186480926124 ], [ -73.858186432674572, -41.030899874558223 ], [ -73.858065536505322, -41.030612751249429 ], [ -73.857817051717944, -41.030419603156467 ], [ -73.857567894092412, -41.030274131655432 ], [ -73.857381508044014, -41.030129251427624 ], [ -73.856941803373701, -41.030077239865847 ], [ -73.856309995776485, -41.030213973424807 ], [ -73.856057345501142, -41.030259089731132 ], [ -73.855557197686935, -41.030063509164478 ], [ -73.855312020496427, -41.029679698241182 ], [ -73.854761338854232, -41.028768579071993 ], [ -73.854578268487543, -41.02843311066794 ], [ -73.854270238871536, -41.028048705404139 ], [ -73.854024204688272, -41.027712575303241 ], [ -73.853841238526158, -41.02737710084137 ], [ -73.853849497636858, -41.026900494445393 ], [ -73.853728526009135, -41.026613296769959 ], [ -73.853608532646746, -41.026278483561235 ], [ -73.853612611896452, -41.026040145305608 ], [ -73.85349173998172, -41.025752942522409 ], [ -73.853118332775978, -41.025510844492331 ], [ -73.852806921901276, -41.025317095217005 ], [ -73.852177582874475, -41.025310831851634 ], [ -73.851796781635656, -41.025497650936316 ], [ -73.851601372010194, -41.025877122520846 ], [ -73.851283337856898, -41.026064610920997 ], [ -73.850996387209065, -41.026276160416671 ], [ -73.850616268689848, -41.026415446615282 ], [ -73.850364605663003, -41.026412933720813 ], [ -73.849927367766441, -41.026217920483184 ], [ -73.849678145462249, -41.02607243292212 ], [ -73.849240910260619, -41.02587741664302 ], [ -73.848865860036256, -41.025730669158605 ], [ -73.848555332205464, -41.025489149128902 ], [ -73.848246473444462, -41.025152409579043 ], [ -73.848123969290853, -41.024960566326044 ], [ -73.847875534809148, -41.024767393520321 ], [ -73.847562577035518, -41.024668917101344 ], [ -73.847251282941798, -41.024475147728317 ], [ -73.847066599200858, -41.024234956842541 ], [ -73.846693130011388, -41.023992913548867 ], [ -73.846380176729326, -41.023894433938594 ], [ -73.845878437998721, -41.023794099932729 ], [ -73.845563722222082, -41.023790914637651 ], [ -73.845249892184313, -41.02374011661496 ], [ -73.844875645053818, -41.023545674239109 ], [ -73.844691953951255, -41.023257863498586 ], [ -73.844634868709889, -41.022923560504644 ], [ -73.844638986587157, -41.022685294145631 ], [ -73.844455203856441, -41.022397487100122 ], [ -73.844207670384947, -41.022156619708099 ], [ -73.843895512111928, -41.022010451533504 ], [ -73.843584143458045, -41.02181667501614 ], [ -73.843277885319807, -41.021337015788035 ], [ -73.842908657975087, -41.020856540441244 ], [ -73.842793641279357, -41.020235764278034 ], [ -73.842675284647427, -41.019805572993498 ], [ -73.842619008788134, -41.019423734904031 ], [ -73.842437792544189, -41.018992871388399 ], [ -73.842129776402942, -41.018608357473546 ], [ -73.841821968670843, -41.018223980936611 ], [ -73.841575253564585, -41.017935498979966 ], [ -73.841328538458313, -41.017647016437692 ], [ -73.841142223376821, -41.017502107072417 ], [ -73.840515608041954, -41.017352792440271 ], [ -73.839761219036035, -41.017297585177808 ], [ -73.838753713529115, -41.017335043187089 ], [ -73.838061490635809, -41.017328101951499 ], [ -73.837495174714377, -41.017322350234807 ], [ -73.836865117035359, -41.017363679758091 ], [ -73.835984217389651, -41.01735477903874 ], [ -73.835481653107323, -41.017302080953399 ], [ -73.834852383250777, -41.017295718546372 ], [ -73.834159363551805, -41.0173363608085 ], [ -73.833466341157873, -41.017376999656705 ], [ -73.832835486673204, -41.017465988466213 ], [ -73.832017438554658, -41.017457660491125 ], [ -73.831326198418267, -41.017402988769163 ], [ -73.830699407911922, -41.017253628500427 ], [ -73.830134882332871, -41.017152616076118 ], [ -73.829757338385264, -41.017148780458491 ], [ -73.829506410180315, -41.017098615792072 ], [ -73.829005531137454, -41.016950449104058 ], [ -73.828567716522485, -41.016803023589688 ], [ -73.827875489137583, -41.016795947416981 ], [ -73.827435091866178, -41.016791497019071 ], [ -73.826932530278796, -41.016738688002548 ], [ -73.82624200430304, -41.016636380876029 ], [ -73.825804987392061, -41.01644119025044 ], [ -73.82577908896242, -41.01613108812051 ], [ -73.825595308926637, -41.015843249045595 ], [ -73.825347075667551, -41.015650090843963 ], [ -73.824970337508745, -41.015598557900198 ], [ -73.824466988997187, -41.015593418091953 ], [ -73.823903179375392, -41.015444623079077 ], [ -73.823653253690324, -41.015346755627036 ], [ -73.823341174469022, -41.015200600130058 ], [ -73.823029987274836, -41.015006684960632 ], [ -73.822908380538195, -41.014767201073738 ], [ -73.822597202327145, -41.014573357155029 ], [ -73.822220471354868, -41.014521813879497 ], [ -73.821843741280901, -41.014470270563613 ], [ -73.820837865317927, -41.014412352998988 ], [ -73.820523286085219, -41.014409092012272 ], [ -73.820084601002733, -41.014309245143245 ], [ -73.819836292285146, -41.014116078376716 ], [ -73.819592287396105, -41.013684563321071 ], [ -73.819597398810075, -41.013398606733496 ], [ -73.819288743068341, -41.013061776896443 ], [ -73.818852479843883, -41.012818953701171 ], [ -73.818416419638652, -41.012576192649789 ], [ -73.817916405673415, -41.012380365025486 ], [ -73.817414787317077, -41.012279899602255 ], [ -73.816911461263373, -41.012274724965181 ], [ -73.816601114892293, -41.012033182026521 ], [ -73.816607043773161, -41.011699543289751 ], [ -73.816679344678803, -41.011175997425724 ], [ -73.816685369679419, -41.010842354348156 ], [ -73.816502545451101, -41.010506810897795 ], [ -73.816319728409312, -41.010171340981344 ], [ -73.816071538269355, -41.009978086839332 ], [ -73.815822448017499, -41.009832517987391 ], [ -73.815506988435786, -41.009876929041511 ], [ -73.815124357328727, -41.010159073702241 ], [ -73.814806378870983, -41.010346459073489 ], [ -73.814303067190338, -41.01034127343879 ], [ -73.813735994887452, -41.010383082522068 ], [ -73.813293818951777, -41.010473801864478 ], [ -73.812914696664222, -41.010565272827002 ], [ -73.812660371929184, -41.010705658521132 ], [ -73.81202863170563, -41.01084214421293 ], [ -73.811649408806758, -41.010933615341955 ], [ -73.811333131758147, -41.011025697090183 ], [ -73.811015138029049, -41.011213072540365 ], [ -73.81050919248797, -41.011350851197413 ], [ -73.810193721228188, -41.011395247671054 ], [ -73.775198289859972, -41.021199262760383 ], [ -73.750542308410175, -41.027546221099627 ], [ -73.750314218074692, -41.029192080840978 ], [ -73.750102032411334, -41.0299149162554 ], [ -73.748328079812438, -41.032039445017524 ], [ -73.747767917350714, -41.033042179581841 ], [ -73.7471251934262, -41.033800856070371 ], [ -73.746748906221669, -41.034003887456628 ], [ -73.745785428943449, -41.034236685167045 ], [ -73.745096362730052, -41.034967759112568 ], [ -73.743839329491735, -41.036053001346353 ], [ -73.743367123774433, -41.036921606150322 ], [ -73.743135671943151, -41.036973122409862 ], [ -73.740951247649903, -41.038066194169154 ], [ -73.739454555571896, -41.03860829159639 ], [ -73.738709364416152, -41.039122574604463 ], [ -73.736756355123248, -41.039380434172415 ], [ -73.735184947468113, -41.039786516106048 ], [ -73.73470738689339, -41.039763252834476 ], [ -73.733654945859342, -41.039346392775123 ], [ -73.733271458657825, -41.039378258521054 ], [ -73.732834604341889, -41.03951757527269 ], [ -73.732207235320487, -41.039780902539931 ], [ -73.73182536778144, -41.039992819241284 ], [ -73.731324919031579, -41.040383614544744 ], [ -73.730976964691123, -41.040848236457506 ], [ -73.730819750533243, -41.040981572114539 ], [ -73.728450219392556, -41.041162603876252 ], [ -73.728244597718984, -41.041259497278944 ], [ -73.72773963403651, -41.041650241021394 ], [ -73.727349894560618, -41.04231240357305 ], [ -73.727076724967546, -41.042597727152717 ], [ -73.726517063765769, -41.042933771772141 ], [ -73.725089820442349, -41.043602573286471 ], [ -73.724400646431107, -41.043748095959678 ], [ -73.723681625894557, -41.04374908987706 ], [ -73.723476934875606, -41.043683811764296 ], [ -73.72273970818317, -41.043198213446736 ], [ -73.722316554971954, -41.04304941034075 ], [ -73.72189173358926, -41.043215925918176 ], [ -73.721598672600848, -41.043491873452837 ], [ -73.721585224821041, -41.043680883533092 ], [ -73.721736449910921, -41.044015741036944 ], [ -73.721741997007797, -41.044187006241756 ], [ -73.721653312627993, -41.045275956877951 ], [ -73.721469440964071, -41.045363979133633 ], [ -73.721216475380075, -41.045370161323795 ], [ -73.720861114430093, -41.045141047952605 ], [ -73.720615099111427, -41.045093245383079 ], [ -73.720369182607456, -41.045117576547746 ], [ -73.720273523707817, -41.045260615538318 ], [ -73.720275091267979, -41.045449820400911 ], [ -73.720416345058183, -41.045982840247646 ], [ -73.720403697677298, -41.046523137422511 ], [ -73.720082706270091, -41.046780755942592 ], [ -73.719413113735413, -41.046989468642082 ], [ -73.719050891453293, -41.047219715778525 ], [ -73.719003088503769, -41.047390293132949 ], [ -73.719085269080892, -41.047751517414575 ], [ -73.719023915943623, -41.047921987704456 ], [ -73.718778453088859, -41.048234478612954 ], [ -73.718600566001356, -41.04835861417456 ], [ -73.717773330812406, -41.048718726838786 ], [ -73.717083489352888, -41.048819165129139 ], [ -73.716447907034876, -41.049073304021682 ], [ -73.716142354074123, -41.049340088745645 ], [ -73.71588213459421, -41.049868706824952 ], [ -73.715725598664378, -41.049965925458494 ], [ -73.715499250162239, -41.050017546674837 ], [ -73.71499388044127, -41.050002865602075 ], [ -73.714420481303847, -41.049699174435077 ], [ -73.713935475492036, -41.049666762914633 ], [ -73.713464514839728, -41.049679504506273 ], [ -73.712357081638942, -41.049874333079671 ], [ -73.711250704856923, -41.050555557532455 ], [ -73.710928743269193, -41.050822190595795 ], [ -73.710840235857518, -41.051388681837423 ], [ -73.710746691592036, -41.051531699744281 ], [ -73.710250075055185, -41.051337032566956 ], [ -73.710003561171547, -41.051127103424889 ], [ -73.709682276015243, -41.050934323761453 ], [ -73.709511014901281, -41.050720721581719 ], [ -73.709515118405491, -41.050513655397879 ], [ -73.709544371144403, -41.05030673895611 ], [ -73.709598272756395, -41.050095715829563 ], [ -73.709626919132489, -41.049929393121054 ], [ -73.709553991202782, -41.049811486330356 ], [ -73.709456205990847, -41.049679772101321 ], [ -73.708939427665783, -41.049219059837817 ], [ -73.708298656678679, -41.048716509493261 ], [ -73.707678838895575, -41.048389828573917 ], [ -73.706962089300049, -41.047926819448755 ], [ -73.706565070775383, -41.04773329602456 ], [ -73.706292624326124, -41.047595082660322 ], [ -73.705844321880207, -41.047477414901365 ], [ -73.705345419130978, -41.047359234757259 ], [ -73.704847294322789, -41.04724102188186 ], [ -73.704549504602724, -41.047102586624341 ], [ -73.704326559817204, -41.046987568978118 ], [ -73.704154784866887, -41.046796401796314 ], [ -73.704134770402362, -41.046566497342546 ], [ -73.704265889399537, -41.046248167346043 ], [ -73.70432128940142, -41.045965094646228 ], [ -73.704349918709525, -41.045794274441263 ], [ -73.704301645941115, -41.045717178073588 ], [ -73.704152227363281, -41.045679476727216 ], [ -73.704001693077842, -41.045695740042476 ], [ -73.70377534727065, -41.045747337509134 ], [ -73.703574581889512, -41.045745076703668 ], [ -73.703374964555266, -41.045724770101017 ], [ -73.70327527491493, -41.045687614821588 ], [ -73.703078018353267, -41.045550227096037 ], [ -73.702737757184892, -41.045037566798975 ], [ -73.702518533221266, -41.044728772091112 ], [ -73.702297323082561, -41.044519117936339 ], [ -73.702149365165369, -41.044404865426053 ], [ -73.701951310899744, -41.044308075570719 ], [ -73.701725974798919, -41.044305488155416 ], [ -73.701425296995225, -41.044320215215158 ], [ -73.700977484131144, -41.044441198932823 ], [ -73.69797076897629, -41.045893539709454 ], [ -73.697398482851483, -41.046220370552945 ], [ -73.697172119976301, -41.046271808397876 ], [ -73.696455198802568, -41.046317761239713 ], [ -73.695558045938412, -41.046478759885687 ], [ -73.695161057956483, -41.04643824875027 ], [ -73.689595097354385, -41.046514683721881 ], [ -73.688981969325212, -41.046196921212818 ], [ -73.68882560138033, -41.046060053510402 ], [ -73.688388706640211, -41.045217374675659 ], [ -73.688169858172387, -41.044332168541835 ], [ -73.68771902157907, -41.043705510617507 ], [ -73.686864971678887, -41.042831073755835 ], [ -73.686468718518853, -41.042637448621754 ], [ -73.686003161232961, -41.042226764183134 ], [ -73.685246110518833, -41.041785762821156 ], [ -73.68500675441139, -41.041485719548753 ], [ -73.684528856968441, -41.040651628340328 ], [ -73.683865700862768, -41.040049536042453 ], [ -73.68349822163961, -41.039838204933176 ], [ -73.682082632160373, -41.039677959747934 ], [ -73.681426754205134, -41.039463243028095 ], [ -73.681038320879651, -41.039251651207181 ], [ -73.680723851241396, -41.038986815593354 ], [ -73.680628188748472, -41.038823566710718 ], [ -73.679821835796631, -41.037319133182628 ], [ -73.679569538559207, -41.037000869579465 ], [ -73.679153279917784, -41.036842993787872 ], [ -73.678456846620719, -41.03671790685101 ], [ -73.677765828368209, -41.036214643747861 ], [ -73.677328151195454, -41.03609252213132 ], [ -73.676147226821286, -41.035952825451865 ], [ -73.675934646797501, -41.035878341892179 ], [ -73.675606999772342, -41.035604364068718 ], [ -73.675150191179029, -41.035509049962002 ], [ -73.674670978602478, -41.035530522481039 ], [ -73.673852056423186, -41.035881422930103 ], [ -73.672658265479186, -41.03602324402609 ], [ -73.672087468761134, -41.036646702337833 ], [ -73.672359665478737, -41.03752807848641 ], [ -73.673157638047314, -41.038149766949722 ], [ -73.673494124494852, -41.038725663532475 ], [ -73.672958170731732, -41.039417561844985 ], [ -73.672125872637835, -41.040506974215255 ], [ -73.670623378341389, -41.04174626713565 ], [ -73.670280165308995, -41.042985304329427 ], [ -73.669157870380147, -41.044066852011021 ], [ -73.667991611901272, -41.044449738943591 ], [ -73.666550433012873, -41.044081746469971 ], [ -73.666085472208337, -41.044166481676712 ], [ -73.665606383599325, -41.044949053593385 ], [ -73.664796222688977, -41.044894660792096 ], [ -73.663927949762922, -41.044839595860196 ], [ -73.662101821215686, -41.045602059091046 ], [ -73.661062713875396, -41.046166484211582 ], [ -73.659047508825495, -41.045575594663909 ], [ -73.658299737708262, -41.045301180921335 ], [ -73.657021107173875, -41.045506909188816 ], [ -73.656482878876446, -41.046333882801697 ], [ -73.654425988404086, -41.047755625627367 ], [ -73.653214038016614, -41.047525265194857 ], [ -73.652284090356417, -41.047690056109225 ], [ -73.651971941964845, -41.048780853131532 ], [ -73.652479512558259, -41.049489448724088 ], [ -73.652644694772718, -41.049883215176976 ], [ -73.652238187343713, -41.050450362821003 ], [ -73.651690542007159, -41.051232258440272 ], [ -73.651252395015547, -41.051965688049215 ], [ -73.651090780011089, -41.052234003552392 ], [ -73.650042039137688, -41.052528016820311 ], [ -73.649246076998722, -41.051775602289489 ], [ -73.648898028335154, -41.051771455036558 ], [ -73.647900194988921, -41.052638065350315 ], [ -73.646779048106993, -41.053413097118877 ], [ -73.645788383316727, -41.053707674822881 ], [ -73.645241926451305, -41.05493080765784 ], [ -73.644585757441902, -41.055841931856982 ], [ -73.643837936019011, -41.055571852906333 ], [ -73.643290557482104, -41.054957396351206 ], [ -73.642437303489274, -41.054821237822537 ], [ -73.641858132676134, -41.054958579771714 ], [ -73.640996524351166, -41.055479886957826 ], [ -73.640636505636436, -41.056277320339746 ], [ -73.640858433529061, -41.056766326916929 ], [ -73.641426887440844, -41.0572954868395 ], [ -73.642932712690353, -41.057313252415923 ], [ -73.644521029334101, -41.056858986060789 ], [ -73.644849808236515, -41.057074587580097 ], [ -73.644375751091403, -41.057595976216625 ], [ -73.643079622273618, -41.058634582755872 ], [ -73.64239155139353, -41.058275190218353 ], [ -73.641699879167476, -41.058091417482409 ], [ -73.641003765670661, -41.058267848910283 ], [ -73.640482206511663, -41.058495872753156 ], [ -73.640340522428403, -41.058692411299674 ], [ -73.640237820736928, -41.059060567942048 ], [ -73.640635575880097, -41.059317433598494 ], [ -73.641729863135026, -41.059451989681023 ], [ -73.642696445889172, -41.059035457550998 ], [ -73.643416938764489, -41.059120547402486 ], [ -73.643640082976006, -41.059560004726109 ], [ -73.643865726300646, -41.059868951323146 ], [ -73.643743470980354, -41.060173728747962 ], [ -73.643269383292534, -41.060695113816216 ], [ -73.642516657068214, -41.060726761280229 ], [ -73.641585098728683, -41.060850964034842 ], [ -73.641629517724539, -41.061509040052776 ], [ -73.641659601405081, -41.062869534781989 ], [ -73.641423817897518, -41.063087500758343 ], [ -73.640651997981806, -41.063145945132291 ], [ -73.639029182437909, -41.062595298153767 ], [ -73.638128526144158, -41.062440514113405 ], [ -73.635677180938956, -41.062681725174741 ], [ -73.634580844626853, -41.062966086008799 ], [ -73.634311263803369, -41.063341184239349 ], [ -73.63397283879145, -41.064382099747327 ], [ -73.633070014862909, -41.063902960617739 ], [ -73.633076206950165, -41.063713881970983 ], [ -73.633433332191359, -41.063420820881063 ], [ -73.633425381202784, -41.063231574905608 ], [ -73.632850207892659, -41.062846480157653 ], [ -73.632729503962892, -41.062421683135483 ], [ -73.633187332144061, -41.062264933762954 ], [ -73.633299447281416, -41.06209511700564 ], [ -73.633214834066479, -41.061904975849046 ], [ -73.633401654899487, -41.061753982563438 ], [ -73.633930781466461, -41.061706253023651 ], [ -73.634117312143644, -41.061573341377077 ], [ -73.634512115422808, -41.061037559660114 ], [ -73.634195087382622, -41.060218602348826 ], [ -73.633305629487197, -41.058919952744588 ], [ -73.633085210764264, -41.058755198763173 ], [ -73.63258244076772, -41.058893325688558 ], [ -73.632406983623056, -41.058747117828837 ], [ -73.632735516387086, -41.058399743059219 ], [ -73.631953770985803, -41.058327452477656 ], [ -73.631702144789884, -41.058198326587537 ], [ -73.631739838997518, -41.057991529824442 ], [ -73.631982056239167, -41.057931394893878 ], [ -73.632004247321618, -41.057724484170237 ], [ -73.631131806212622, -41.057687116875364 ], [ -73.630369851595376, -41.057921235684027 ], [ -73.630071613615996, -41.057809619746884 ], [ -73.630125427193079, -41.057152671806122 ], [ -73.629556282476841, -41.056587412233426 ], [ -73.629467578334101, -41.055703558726464 ], [ -73.628925048004803, -41.055715220060712 ], [ -73.628779739219382, -41.055551270249445 ], [ -73.629001878216101, -41.055202655897062 ], [ -73.627858790881675, -41.055134998603116 ], [ -73.62794766121273, -41.054757672331576 ], [ -73.628509119943416, -41.0546562967724 ], [ -73.629604454633963, -41.054804426711463 ], [ -73.629821554081929, -41.054662915692838 ], [ -73.629784795020498, -41.054428210846112 ], [ -73.629310994793585, -41.054143388362533 ], [ -73.627579024959488, -41.053636431110512 ], [ -73.626534919392967, -41.053344672501886 ], [ -73.625617292126861, -41.053270723462752 ], [ -73.624364616615992, -41.05288642868824 ], [ -73.623516791142407, -41.052993396382014 ], [ -73.623023769663334, -41.053275735685084 ], [ -73.622464056359263, -41.053336665418861 ], [ -73.622839811761139, -41.052543891632368 ], [ -73.622632845309568, -41.052406310929413 ], [ -73.62149865488972, -41.052482804001279 ], [ -73.621254279894785, -41.052146608980735 ], [ -73.621552216938539, -41.05183494212087 ], [ -73.621589287715381, -41.051204781472102 ], [ -73.620795214733462, -41.051051181215051 ], [ -73.621310358124703, -41.050561945856117 ], [ -73.621333506811268, -41.050345999848744 ], [ -73.619534953848316, -41.050432574390229 ], [ -73.619386447958803, -41.050809118632692 ], [ -73.618998747658594, -41.051110812999525 ], [ -73.618744814589022, -41.051053668103734 ], [ -73.618300170082946, -41.051264486958267 ], [ -73.617616781222139, -41.050941046027688 ], [ -73.617075844504129, -41.050916517170585 ], [ -73.616756511386939, -41.050543343164243 ], [ -73.61650062088836, -41.050540264845033 ], [ -73.616341663998824, -41.050745581104955 ], [ -73.616040911634968, -41.050760014744689 ], [ -73.615766000208566, -41.050396339711817 ], [ -73.61550917725873, -41.050438365894109 ], [ -73.615337352901079, -41.050589391930188 ], [ -73.615271651019512, -41.051201153779829 ], [ -73.614216038932511, -41.051215485703587 ], [ -73.614059583851059, -41.051799023221641 ], [ -73.613821175466228, -41.051706133396912 ], [ -73.61366872597263, -41.051317033892403 ], [ -73.613367531637635, -41.051322405306252 ], [ -73.613286053543035, -41.05194291276964 ], [ -73.613113248225119, -41.052093975320552 ], [ -73.612857695493076, -41.052081877756123 ], [ -73.612186554262848, -41.051461242212767 ], [ -73.61208561416764, -41.050883531100311 ], [ -73.611285550321085, -41.050909935810019 ], [ -73.611050671417004, -41.05033958643849 ], [ -73.6112799331556, -41.050225282386045 ], [ -73.611538278749848, -41.050174353687339 ], [ -73.611726699482389, -41.049987482007531 ], [ -73.611778353509536, -41.049789941917808 ], [ -73.611815674018018, -41.049574167483087 ], [ -73.611808335680465, -41.049357897118064 ], [ -73.611711783855398, -41.049104562116995 ], [ -73.611582037483984, -41.048940776036204 ], [ -73.611377953726148, -41.04874921279194 ], [ -73.611186872183751, -41.04860278727508 ], [ -73.610995788844733, -41.048456360077459 ], [ -73.610821051250596, -41.048283091864896 ], [ -73.610962700299552, -41.048122660612727 ], [ -73.611264756118871, -41.048117261161323 ], [ -73.611480263752185, -41.04798477325356 ], [ -73.611502818652326, -41.04775985375305 ], [ -73.611403069723195, -41.047587488816262 ], [ -73.611137140551307, -41.047467224945521 ], [ -73.610898159939637, -41.047374205026252 ], [ -73.610677577723308, -41.047254482072908 ], [ -73.610439143287323, -41.047134442517603 ], [ -73.610203057047514, -41.04701452807771 ], [ -73.609934630559152, -41.04693928267131 ], [ -73.609647647571961, -41.046935812597631 ], [ -73.609403189033699, -41.0470319129751 ], [ -73.609118069152416, -41.047010516021309 ], [ -73.608879241254357, -41.04690848694672 ], [ -73.608404460965446, -41.04674967356722 ], [ -73.607938347622394, -41.047095264393917 ], [ -73.608082629633429, -41.047691527587887 ], [ -73.60803072407802, -41.047898149422991 ], [ -73.60780024961376, -41.048003422059537 ], [ -73.606800573822881, -41.047730059044476 ], [ -73.605715283195508, -41.047707955710052 ], [ -73.605440164258283, -41.047776728991963 ], [ -73.605307528904916, -41.048144433201678 ], [ -73.605017068539254, -41.04826700262155 ], [ -73.604187404305776, -41.048256998414907 ], [ -73.603474450990646, -41.048383496946769 ], [ -73.603332757025925, -41.048579843497016 ], [ -73.603558760575012, -41.04900606587077 ], [ -73.603474690840827, -41.049221127447616 ], [ -73.60269032235891, -41.049698046471335 ], [ -73.602495411298463, -41.05005606863994 ], [ -73.60171535652654, -41.049947507542797 ], [ -73.601600059556461, -41.050198264308811 ], [ -73.601341741810003, -41.050276240175656 ], [ -73.601072604754251, -41.050236924367894 ], [ -73.600752166709242, -41.049917742277898 ], [ -73.60049475985447, -41.049923614443998 ], [ -73.600435073092058, -41.050319227057742 ], [ -73.600190194142229, -41.050433396134828 ], [ -73.599381875676528, -41.05028847762668 ], [ -73.597596431828521, -41.050455911119492 ], [ -73.597425247969667, -41.050606960148492 ], [ -73.597666989104198, -41.050988233973463 ], [ -73.59752651415333, -41.051157675651986 ], [ -73.596650697175505, -41.0511109579719 ], [ -73.596221942070173, -41.051376009675515 ], [ -73.596139964512304, -41.051906463499357 ], [ -73.595009435625542, -41.051982769503695 ], [ -73.593532759808667, -41.052352081455766 ], [ -73.593313032788501, -41.052997941204509 ], [ -73.593871781301957, -41.053437150853142 ], [ -73.593893604973488, -41.053635584341571 ], [ -73.593692812642843, -41.053777262181633 ], [ -73.592523588825244, -41.053988156307781 ], [ -73.5922853681883, -41.053931210360702 ], [ -73.591988408511583, -41.053378124756506 ], [ -73.59171734367122, -41.053365786944838 ], [ -73.591486729968125, -41.053471106381437 ], [ -73.591013033945742, -41.054095826717024 ], [ -73.590768360710129, -41.055038612681813 ], [ -73.590411070178931, -41.055331474032698 ], [ -73.588416351209062, -41.055433210281201 ], [ -73.587700862848195, -41.055604633407476 ], [ -73.587359407818823, -41.055888667176703 ], [ -73.586282007992921, -41.056082631980331 ], [ -73.58604200869172, -41.056457990296693 ], [ -73.58552351009287, -41.056631797177381 ], [ -73.584828276046721, -41.056280970105931 ], [ -73.583524814281247, -41.056436123592611 ], [ -73.582658876974918, -41.056200295865381 ], [ -73.582704830293267, -41.055345036210468 ], [ -73.582506945809243, -41.054964269266904 ], [ -73.582612347836459, -41.054560277303587 ], [ -73.582374158640576, -41.054467238961045 ], [ -73.581465476798073, -41.054978473019474 ], [ -73.581209353635842, -41.0549933236871 ], [ -73.579323276018144, -41.054609864054648 ], [ -73.578956174087381, -41.053902644563195 ], [ -73.578460652596874, -41.053428240784157 ], [ -73.578385759153335, -41.053003843579695 ], [ -73.577033100253004, -41.052861038196788 ], [ -73.576114817216748, -41.052399391003917 ], [ -73.576084481109604, -41.052011649785825 ], [ -73.576964669289609, -41.051409980493858 ], [ -73.577189355010162, -41.051025439777789 ], [ -73.577106883378875, -41.050817245253505 ], [ -73.5766167176441, -41.050613032099761 ], [ -73.575548735755632, -41.050960168205663 ], [ -73.574143222678941, -41.05102382543339 ], [ -73.573236601571708, -41.051543985059858 ], [ -73.572698565513747, -41.051384220228698 ], [ -73.57316262979964, -41.051074773797772 ], [ -73.573132286505967, -41.050659960819033 ], [ -73.572099585051973, -41.050440051384889 ], [ -73.571633177959825, -41.050443250294528 ], [ -73.571386465548514, -41.050575282749989 ], [ -73.5709453622013, -41.051092260593514 ], [ -73.570434830760703, -41.051040928810544 ], [ -73.57049339283239, -41.050636301020404 ], [ -73.570256693941559, -41.050543251708923 ], [ -73.569318783614662, -41.05102707918747 ], [ -73.569002658381336, -41.051032189132371 ], [ -73.569032587551646, -41.050613578798917 ], [ -73.569357757023241, -41.049919610016978 ], [ -73.569152273690207, -41.04965131285082 ], [ -73.568593085900574, -41.049378626688885 ], [ -73.56750472572989, -41.049910091118328 ], [ -73.56645371481379, -41.049779889165976 ], [ -73.565221097784899, -41.04883679479191 ], [ -73.564015169703083, -41.048821740172592 ], [ -73.563810551447659, -41.048657034743357 ], [ -73.563547731344983, -41.048023222564211 ], [ -73.562923498342272, -41.04776326823027 ], [ -73.562469587714034, -41.04781159322593 ], [ -73.561677102953539, -41.047630594658521 ], [ -73.56040460881087, -41.048209201496292 ], [ -73.559416481761275, -41.047998694651753 ], [ -73.558654951148824, -41.048718784423365 ], [ -73.557940002675466, -41.049137695410842 ], [ -73.553840676521986, -41.049352019481759 ], [ -73.552934706693321, -41.049223547336872 ], [ -73.552650975607477, -41.049138962263761 ], [ -73.552332274904217, -41.048783649707616 ], [ -73.552061913444746, -41.048771263611741 ], [ -73.551888645494415, -41.048940177835952 ], [ -73.551964450727993, -41.049346486671737 ], [ -73.551852143351155, -41.049516308567298 ], [ -73.549580168352023, -41.04938861040123 ], [ -73.548016549090391, -41.049711134236681 ], [ -73.546983766788017, -41.049499998774266 ], [ -73.545970119499515, -41.049604318376296 ], [ -73.544258460574, -41.050195238814595 ], [ -73.543167932768526, -41.05034358406548 ], [ -73.542907078179695, -41.050466377011197 ], [ -73.542507017061183, -41.051109900486303 ], [ -73.541999956710853, -41.051337718135038 ], [ -73.540936544552252, -41.051567437913938 ], [ -73.539923010451474, -41.052104023654231 ], [ -73.538426544748901, -41.052175185702197 ], [ -73.536863548918078, -41.05162388663684 ], [ -73.533158378358422, -41.052333395268931 ], [ -73.532245151938923, -41.052601078589056 ], [ -73.53178186559407, -41.052865334414129 ], [ -73.531019720533976, -41.053927529980605 ], [ -73.530120916566347, -41.054582620169782 ], [ -73.529314227644562, -41.054770549772769 ], [ -73.527894858952948, -41.054315485483997 ], [ -73.526979821529807, -41.054195794805793 ], [ -73.526199900606869, -41.054347906230284 ], [ -73.526073506748077, -41.05453079795862 ], [ -73.525688355866649, -41.054395257019877 ], [ -73.525255117269751, -41.054056103358228 ], [ -73.524821879571149, -41.053716874787398 ], [ -73.524575427671252, -41.053475334139883 ], [ -73.524267090831458, -41.053185405205127 ], [ -73.523894739146186, -41.052942324180272 ], [ -73.523520164130588, -41.052794558566823 ], [ -73.523143550837617, -41.052742025683841 ], [ -73.522640015476483, -41.052735568474553 ], [ -73.522319915198011, -41.052969814648627 ], [ -73.521994527435808, -41.053442299901079 ], [ -73.521546378601812, -41.053770242143145 ], [ -73.520974545227915, -41.054001250671227 ], [ -73.520466627884801, -41.054185338991076 ], [ -73.520024968480413, -41.05422733633408 ], [ -73.519585347353413, -41.054174022187098 ], [ -73.519082723782262, -41.054119936426716 ], [ -73.518703963515762, -41.054162628156455 ], [ -73.518510873340404, -41.054350860405705 ], [ -73.518379664511684, -41.05458748394036 ], [ -73.517937902699359, -41.054629476284831 ], [ -73.517434254150473, -41.054623001648267 ], [ -73.517002267805069, -41.054236116232325 ], [ -73.516818754568945, -41.053995479803355 ], [ -73.516257506942367, -41.053749908210882 ], [ -73.515874370982118, -41.053983292492831 ], [ -73.515679223664748, -41.054266755432998 ], [ -73.51535694766666, -41.054596295628635 ], [ -73.515163743405253, -41.054784454154891 ], [ -73.515159459339657, -41.054975078561348 ], [ -73.515152007814379, -41.05530863353335 ], [ -73.515144459271028, -41.05564219087843 ], [ -73.514885179428916, -41.055972502506336 ], [ -73.514375089061119, -41.056251952156067 ], [ -73.513932287898015, -41.056341546847065 ], [ -73.513299537968081, -41.0564763616823 ], [ -73.513047705159636, -41.056473114294185 ], [ -73.512931499992789, -41.056042693056341 ], [ -73.513008401171021, -41.055423973977327 ], [ -73.513018007754667, -41.054995105929564 ], [ -73.512648952886479, -41.05460905455552 ], [ -73.512464422757446, -41.054415953842849 ], [ -73.512343830218768, -41.054176086254138 ], [ -73.512352420807829, -41.053794909483457 ], [ -73.512171164139701, -41.053458875619121 ], [ -73.511679287114319, -41.052928193827142 ], [ -73.511433911396125, -41.052639004939373 ], [ -73.511255936273727, -41.05216003429674 ], [ -73.510895406417589, -41.051392728176211 ], [ -73.510590310699328, -41.050959754288179 ], [ -73.510219052263778, -41.050669081948584 ], [ -73.509911912878238, -41.050331415724479 ], [ -73.509730582548229, -41.049995379073387 ], [ -73.509487383448004, -41.049610945934496 ], [ -73.508991346324535, -41.049270798163306 ], [ -73.50874815441081, -41.04888636282319 ], [ -73.508628709020755, -41.048598794962082 ], [ -73.508386643594392, -41.048166663754124 ], [ -73.508015402226818, -41.047875835450505 ], [ -73.50751836617674, -41.047583446308309 ], [ -73.506897589891224, -41.047194109016019 ], [ -73.506215875490113, -41.046708535246083 ], [ -73.505410633754266, -41.046126150386918 ], [ -73.504662858145437, -41.045782788852371 ], [ -73.503976953103518, -41.045487822010934 ], [ -73.50347985417136, -41.045195416160134 ], [ -73.502797354642681, -41.04475757696656 ], [ -73.502174368501571, -41.044463455126746 ], [ -73.501547063260574, -41.04435995596986 ], [ -73.500982852990191, -41.044257304894899 ], [ -73.500544339485927, -41.044156222101833 ], [ -73.500044064110924, -41.044006730774939 ], [ -73.499606788485139, -41.043858092778414 ], [ -73.498916595784365, -41.04375379387703 ], [ -73.498287228909788, -41.04374558643682 ], [ -73.497529703885206, -41.043831050406219 ], [ -73.497152023393667, -41.043826124186445 ], [ -73.496777743923815, -41.043678183625211 ], [ -73.496467305924554, -41.043483487792258 ], [ -73.496092936623157, -41.04333562302066 ], [ -73.495401711758106, -41.043278919891605 ], [ -73.494836380390254, -41.043223858350373 ], [ -73.494145062100415, -41.043167152414952 ], [ -73.493327948229776, -41.043108791918186 ], [ -73.492890589958975, -41.042960057040034 ], [ -73.492201644119802, -41.042808017528444 ], [ -73.491012266598801, -41.0425065229051 ], [ -73.490131127102913, -41.042494971699533 ], [ -73.489319527091467, -41.042198331520595 ], [ -73.488825735756222, -41.04176285189812 ], [ -73.488645683728862, -41.041379227073996 ], [ -73.488340879064765, -41.040946179163946 ], [ -73.487974135561814, -41.04046472555121 ], [ -73.487611762362718, -41.039792641905308 ], [ -73.487432764957532, -41.039361322858113 ], [ -73.48738401877695, -41.038740954900241 ], [ -73.487245164386849, -41.0379288494821 ], [ -73.487262649195543, -41.037166483687848 ], [ -73.4869003963707, -41.036494319609965 ], [ -73.486410001565503, -41.035915963476015 ], [ -73.485482411084604, -41.035188687195607 ], [ -73.484994226135029, -41.034515009465387 ], [ -73.484562464368452, -41.03412798819852 ], [ -73.484318329223683, -41.03379111325853 ], [ -73.484201215860097, -41.033408272060534 ], [ -73.484206734210872, -41.033169947414954 ], [ -73.484278381143, -41.032789557657395 ], [ -73.484475903605968, -41.032410899088845 ], [ -73.484483610252809, -41.032077259888887 ], [ -73.484179934770992, -41.031596652833549 ], [ -73.483554966946386, -41.03139780796279 ], [ -73.482803078850196, -41.031244843184794 ], [ -73.482116376104301, -41.030997498664632 ], [ -73.481621768200441, -41.030609595423201 ], [ -73.481134803163002, -41.029888201563004 ], [ -73.480664262023936, -41.028451984580599 ], [ -73.480007105766049, -41.026918067632202 ], [ -73.479899965498745, -41.026106339544683 ], [ -73.480041105202915, -41.025440878224224 ], [ -73.480404665076492, -41.024683030480183 ], [ -73.480481863597078, -41.024064316765418 ], [ -73.480490649120554, -41.023683132293392 ], [ -73.480372432625799, -41.023347907038669 ], [ -73.480067681860604, -41.022914907908557 ], [ -73.479636035078357, -41.022527935701106 ], [ -73.478640294806738, -41.022038044384828 ], [ -73.478210860575061, -41.02155575101721 ], [ -73.478031984442438, -41.02112441075753 ], [ -73.477853105614841, -41.020692995153226 ], [ -73.477556038140278, -41.019926424872544 ], [ -73.477318603529227, -41.019303658147614 ], [ -73.477011789333815, -41.018965959099923 ], [ -73.476576829564834, -41.018721837362669 ], [ -73.476139668923395, -41.01857302840525 ], [ -73.475700507733805, -41.018519597940276 ], [ -73.474315246276888, -41.018548926005955 ], [ -73.473681602523229, -41.018731204883942 ], [ -73.473241190878781, -41.01872539161225 ], [ -73.472800869964175, -41.018719499718237 ], [ -73.472361514738509, -41.018666063949873 ], [ -73.471673826540723, -41.018466270454077 ], [ -73.471364835727385, -41.01822387045852 ], [ -73.471187067217514, -41.017744823538358 ], [ -73.470889039443904, -41.01702592264111 ], [ -73.470643982627664, -41.016736628861473 ], [ -73.470145032267723, -41.016539300761266 ], [ -73.46977318094406, -41.016296019990932 ], [ -73.469151672531595, -41.015954151268964 ], [ -73.468720130852262, -41.015567058860718 ], [ -73.468415591191146, -41.015134017388561 ], [ -73.468112019913917, -41.014653361229328 ], [ -73.467944211923907, -41.013745500561512 ], [ -73.4679530693126, -41.013364238744842 ], [ -73.467801339369544, -41.013123907697512 ], [ -73.468056281247186, -41.012984255149377 ], [ -73.468309015065842, -41.012939989890633 ], [ -73.468939152694929, -41.012900684316882 ], [ -73.469259279922838, -41.01266666088415 ], [ -73.469269191035366, -41.012237779915679 ], [ -73.469026374617442, -41.011853166918939 ], [ -73.468909398696084, -41.011470302561314 ], [ -73.468664474830518, -41.011181073182691 ], [ -73.468291406289637, -41.01098541155298 ], [ -73.467661187812169, -41.01102471555798 ], [ -73.467218706449302, -41.011114188123472 ], [ -73.466590606199276, -41.011058175087832 ], [ -73.465903013222942, -41.010858342248731 ], [ -73.465533434636953, -41.010519802065524 ], [ -73.46547934527706, -41.010137739327796 ], [ -73.465609613569669, -41.009948788173148 ], [ -73.465996936577469, -41.009524876595925 ], [ -73.466320338164593, -41.009147927386394 ], [ -73.466642571941833, -41.008818525002177 ], [ -73.466837918685201, -41.00853513543759 ], [ -73.466782768414959, -41.00820076585439 ], [ -73.466490186228611, -41.008068876846679 ], [ -73.466346859126716, -41.008004292080756 ], [ -73.465780690529002, -41.007996766881057 ], [ -73.465085410668777, -41.008130492419561 ], [ -73.463701809298499, -41.008320946906821 ], [ -73.463114875244671, -41.008313107884049 ], [ -73.462371672958994, -41.008217721734439 ], [ -73.462087274424874, -41.008146284391984 ], [ -73.461689067429106, -41.008010365928399 ], [ -73.46135018517468, -41.007789750678974 ], [ -73.461180984795973, -41.007679396680892 ], [ -73.46104014692574, -41.007569417370753 ], [ -73.460869464326805, -41.007522114239435 ], [ -73.460554302087473, -41.007495387073952 ], [ -73.460412047574025, -41.007475380501951 ], [ -73.460184097375731, -41.007404848694947 ], [ -73.460044308737736, -41.007249831793068 ], [ -73.459679600817225, -41.006920672775124 ], [ -73.459537282523385, -41.006873743376971 ], [ -73.459309404190321, -41.006830204785665 ], [ -73.458794351528908, -41.006800821338416 ], [ -73.458623607844544, -41.006730945692432 ], [ -73.458454853928529, -41.006602570684123 ], [ -73.458035853628886, -41.006119572490164 ], [ -73.457783669579158, -41.005877514826309 ], [ -73.4575857141282, -41.005762220422902 ], [ -73.457415578603289, -41.005696967012078 ], [ -73.457128223713568, -41.005715624408502 ], [ -73.456983624597228, -41.005799269433794 ], [ -73.456950991497905, -41.005951971987756 ], [ -73.457003216853579, -41.006168805942259 ], [ -73.457112132191895, -41.006408967124329 ], [ -73.457108016111263, -41.006584537884159 ], [ -73.457047828088903, -41.006709835270208 ], [ -73.456903664655471, -41.006775465266919 ], [ -73.456816981722142, -41.00679682174485 ], [ -73.456587885273549, -41.006771249422535 ], [ -73.456275329945171, -41.006658990179325 ], [ -73.455990943089148, -41.006587538944849 ], [ -73.455618920187277, -41.006542051880274 ], [ -73.455388163652046, -41.006624605794961 ], [ -73.455269622865458, -41.006798633086234 ], [ -73.45517942931599, -41.006968538313579 ], [ -73.455005097760377, -41.007051783824359 ], [ -73.454774671805168, -41.007116177679869 ], [ -73.454287258508415, -41.007109675998692 ], [ -73.453945667833437, -41.007037557526509 ], [ -73.453747634229046, -41.006926832815445 ], [ -73.453380764961949, -41.006692155006739 ], [ -73.453154473951983, -41.006581121948912 ], [ -73.452811574431635, -41.006531400039016 ], [ -73.452469555260251, -41.006441294192037 ], [ -73.452243261555338, -41.006330186142328 ], [ -73.452130607428813, -41.006220580138681 ], [ -73.451903789107774, -41.00613198966024 ], [ -73.451674265959426, -41.006128922144228 ], [ -73.451331523644242, -41.006101687341221 ], [ -73.451016371286386, -41.00607493451713 ], [ -73.45073137806753, -41.006026138243733 ], [ -73.450474461692906, -41.005982155742153 ], [ -73.450245988675135, -41.005933974938777 ], [ -73.449650047213964, -41.005709843205778 ], [ -73.449396583963278, -41.005490239831836 ], [ -73.449173375073059, -41.005248516101211 ], [ -73.448980018996352, -41.004939692714764 ], [ -73.448879325937838, -41.004352882329968 ], [ -73.448884953883109, -41.004114184751501 ], [ -73.449095641156589, -41.003684694922455 ], [ -73.449444955546383, -41.003428204637615 ], [ -73.449881198109594, -41.003172851606635 ], [ -73.450257965014501, -41.002984266225489 ], [ -73.451305847098467, -41.002282280983032 ], [ -73.451887010374904, -41.001961268447708 ], [ -73.452264815732264, -41.001727640725925 ], [ -73.452531185976952, -41.001361934155177 ], [ -73.452680591080053, -41.001102697922953 ], [ -73.452687708432038, -41.000801095032386 ], [ -73.452605064324217, -41.000646880894472 ], [ -73.452521459019039, -41.000537626791839 ], [ -73.452381432327485, -41.000427678274256 ], [ -73.452297828818942, -41.000318423808281 ], [ -73.452275368241899, -41.000034415315355 ], [ -73.452337575677021, -40.999819123895499 ], [ -73.452429341278233, -40.999581592278531 ], [ -73.452463474564084, -40.999365837679534 ], [ -73.452467507101403, -40.99919027006105 ], [ -73.452384876468301, -40.999040554599723 ], [ -73.452246453269552, -40.998795482400901 ], [ -73.451963255782957, -40.998638554357704 ], [ -73.451563729162032, -40.998565644902008 ], [ -73.451279731276529, -40.998476240723591 ], [ -73.451081105682391, -40.99838803238719 ], [ -73.450826521334221, -40.998253967747765 ], [ -73.450658513918214, -40.998098554393664 ], [ -73.450546936871731, -40.997943983412576 ], [ -73.450434980736176, -40.997834347867553 ], [ -73.450208290874215, -40.997745748827739 ], [ -73.449867902145087, -40.997588076562181 ], [ -73.449612172444958, -40.99749905005585 ], [ -73.449242313584591, -40.997363465579184 ], [ -73.4489036792652, -40.997165300438155 ], [ -73.448675765897818, -40.997094596233246 ], [ -73.448448358281979, -40.997028519287078 ], [ -73.448161133647972, -40.997047148627622 ], [ -73.447846278632468, -40.997042946398885 ], [ -73.44738850345189, -40.997014246077626 ], [ -73.446900635607605, -40.997030229197293 ], [ -73.446472856072688, -40.996956844041677 ], [ -73.445904640214437, -40.996755519551861 ], [ -73.445536102775861, -40.996597447608444 ], [ -73.44525090743609, -40.996530498930269 ], [ -73.44502141752541, -40.9965274167293 ], [ -73.444705495311339, -40.996563742757012 ], [ -73.444502823705136, -40.99665101721444 ], [ -73.444298212636241, -40.996819433274176 ], [ -73.444007704659882, -40.997009165839465 ], [ -73.443804409622885, -40.997119034631865 ], [ -73.443486112263201, -40.99726336778518 ], [ -73.443284402752681, -40.997305679424265 ], [ -73.442854357666604, -40.997299864262075 ], [ -73.442485192305639, -40.99716423055996 ], [ -73.442200969841338, -40.997052387514294 ], [ -73.441552178695375, -40.996651743354157 ], [ -73.440985321988165, -40.996360349152667 ], [ -73.440671968955797, -40.996293000210571 ], [ -73.440327976185742, -40.996288352484207 ], [ -73.439984333758645, -40.996306262670529 ], [ -73.439695070847264, -40.996410443502569 ], [ -73.439461121699509, -40.996623430001655 ], [ -73.439283165441722, -40.996859778321799 ], [ -73.439164594112412, -40.997033791397087 ], [ -73.439103943457695, -40.997181594721404 ], [ -73.438900735557269, -40.997291451700491 ], [ -73.438728776452322, -40.997307086263568 ], [ -73.438128005648181, -40.997258490964811 ], [ -73.437671735145713, -40.997166699144501 ], [ -73.437385470810739, -40.997140268809702 ], [ -73.437099554123805, -40.997136396093218 ], [ -73.436955139162094, -40.997179438015671 ], [ -73.436780274007205, -40.997285174144395 ], [ -73.43663609889569, -40.997346279100221 ], [ -73.436321138777288, -40.99734197451334 ], [ -73.435979814901941, -40.997229294444615 ], [ -73.435752796256594, -40.997118106454259 ], [ -73.435612559359285, -40.996985648121608 ], [ -73.435302656755923, -40.996765237332639 ], [ -73.434512949586278, -40.996254616286478 ], [ -73.434086553456893, -40.996095712582999 ], [ -73.433716442169953, -40.996005083961684 ], [ -73.433374590983519, -40.995914839646964 ], [ -73.433003507719448, -40.995864816789471 ], [ -73.432573905502792, -40.995836446824164 ], [ -73.432230788590132, -40.995831741434749 ], [ -73.43185830305589, -40.995808692479969 ], [ -73.43151508822686, -40.995803988444607 ], [ -73.431144835006108, -40.995690858259323 ], [ -73.430918262823454, -40.995597716367385 ], [ -73.430749147784695, -40.995487386702209 ], [ -73.430579343738103, -40.995376935487748 ], [ -73.43046708487033, -40.995289790200509 ], [ -73.430356875059701, -40.99511272008705 ], [ -73.430420213473738, -40.994852326304851 ], [ -73.430484004638686, -40.994573989652984 ], [ -73.430716900062635, -40.994401558696403 ], [ -73.431042419877201, -40.993996077639906 ], [ -73.431045539726171, -40.993865541351965 ], [ -73.430990141520908, -40.993756659774938 ], [ -73.430876278262019, -40.993732645255633 ], [ -73.430618439317598, -40.993729150002572 ], [ -73.430389200935196, -40.993748526788202 ], [ -73.430188210975189, -40.993763789952396 ], [ -73.429383458821192, -40.993860943628732 ], [ -73.428379135147026, -40.993914727681805 ], [ -73.427862036123386, -40.993970775630437 ], [ -73.427602780535764, -40.994034748329064 ], [ -73.427372465073319, -40.994094731449643 ], [ -73.427171482299869, -40.994114489179388 ], [ -73.426999100088423, -40.994112123540731 ], [ -73.426771369977374, -40.994064012710929 ], [ -73.426544825642509, -40.993934789900756 ], [ -73.426321836839534, -40.993693012261822 ], [ -73.426183135163029, -40.993492987087954 ], [ -73.426044437978106, -40.993297388204972 ], [ -73.425934145522461, -40.993120318164287 ], [ -73.425735658268863, -40.993031985360183 ], [ -73.425536193648227, -40.992984261580588 ], [ -73.42502070979549, -40.992977164542751 ], [ -73.424702639709579, -40.993103439086362 ], [ -73.424210224593324, -40.993312835899374 ], [ -73.423944955683183, -40.993660584016389 ], [ -73.42376458295729, -40.994022918086621 ], [ -73.423611940325898, -40.994412659316374 ], [ -73.423511303861247, -40.995019260065682 ], [ -73.423507729464717, -40.995172312367146 ], [ -73.42356116754604, -40.995326195559976 ], [ -73.423644810580456, -40.9954353979575 ], [ -73.423785658332164, -40.99554542328184 ], [ -73.423926411760775, -40.995655452490688 ], [ -73.424065309270006, -40.995810476324927 ], [ -73.424230548976624, -40.996114524571098 ], [ -73.424198914803895, -40.996222182521031 ], [ -73.424080839344626, -40.996373663127414 ], [ -73.423790573913408, -40.996522838175778 ], [ -73.423531294071267, -40.996582303750699 ], [ -73.42313033823072, -40.996599343302414 ], [ -73.422871367409044, -40.99661837210742 ], [ -73.422469419828431, -40.996675870036334 ], [ -73.422268867347967, -40.99667310514679 ], [ -73.421951861765677, -40.996758906842395 ], [ -73.421431983354566, -40.9969003782724 ], [ -73.421112369064673, -40.997094122313321 ], [ -73.420965880791286, -40.997222717886487 ], [ -73.420732504768694, -40.997413220847918 ], [ -73.420441587160553, -40.997584837116506 ], [ -73.4202101712619, -40.997689770531728 ], [ -73.420009077097333, -40.997709520404079 ], [ -73.419607519385551, -40.997722070688944 ], [ -73.419380328263685, -40.997655926572605 ], [ -73.41918084747337, -40.997608118001459 ], [ -73.418923529551805, -40.997582078367039 ], [ -73.418751235375268, -40.99757969725902 ], [ -73.418436268968676, -40.997575344549944 ], [ -73.418264121217504, -40.997595528371406 ], [ -73.418120771657726, -40.997593583212634 ], [ -73.41795024536566, -40.997550709702736 ], [ -73.417808413958724, -40.997481210704883 ], [ -73.417695927817164, -40.997371564220252 ], [ -73.417525747376459, -40.997306177750467 ], [ -73.417354228446001, -40.99730376341072 ], [ -73.417065368878184, -40.997385448183749 ], [ -73.416920585607215, -40.997446477789332 ], [ -73.416690690556351, -40.997488349971405 ], [ -73.416405422453025, -40.997421405588049 ], [ -73.416235524083348, -40.997351507115198 ], [ -73.416065084927865, -40.997304054270536 ], [ -73.415780361203602, -40.997214662618873 ], [ -73.415436456468427, -40.997209936987979 ], [ -73.415207101305043, -40.997229288342652 ], [ -73.415004477309552, -40.997312082407461 ], [ -73.414687894833762, -40.997375276238323 ], [ -73.414429239320739, -40.997412199789302 ], [ -73.4141701651928, -40.997431213443811 ], [ -73.413912941594347, -40.997405084922299 ], [ -73.413657160690235, -40.997316052744857 ], [ -73.412722273194262, -40.996888819065887 ], [ -73.412069180914727, -40.996641158392485 ], [ -73.410372050442305, -40.996299490754794 ], [ -73.41062399015027, -40.996662049655505 ], [ -73.409745135070125, -40.99748760621312 ], [ -73.409249340491797, -40.997958198113707 ], [ -73.409597229255226, -40.998665546815907 ], [ -73.410231531473997, -40.99941746128674 ], [ -73.410271923322426, -40.99999452509288 ], [ -73.409873687580557, -41.000732097084054 ], [ -73.409155715377921, -41.001172624959779 ], [ -73.408767389850283, -41.001495991795167 ], [ -73.408176345105716, -41.001199606888839 ], [ -73.407802928916851, -41.000906240951913 ], [ -73.407159595934559, -41.000527983465027 ], [ -73.406565138490222, -41.00074047802034 ], [ -73.40634484193815, -41.000818475184737 ], [ -73.405519097054281, -41.000915160164517 ], [ -73.405176988949677, -41.001572523013444 ], [ -73.404521904206817, -41.001685016000778 ], [ -73.404098109598493, -41.001228849785221 ], [ -73.403778991178655, -41.000936194477923 ], [ -73.403168842861263, -41.000999750930994 ], [ -73.402620321667314, -41.001618166047045 ], [ -73.402387521464803, -41.002272517915465 ], [ -73.402054440530492, -41.002556128304136 ], [ -73.40156618102074, -41.002553934487487 ], [ -73.400858049862052, -41.002553068079045 ], [ -73.400259951545877, -41.002549316354049 ], [ -73.400249421494124, -41.002985965812158 ], [ -73.399801768530168, -41.003515753381294 ], [ -73.399098100201812, -41.003451930893526 ], [ -73.398502035671456, -41.003394097197628 ], [ -73.398068889601007, -41.003203450173785 ], [ -73.398454271349493, -41.003001574618807 ], [ -73.398710782583919, -41.002779988740777 ], [ -73.399082792909368, -41.002456394315281 ], [ -73.398853239218298, -41.002268513301431 ], [ -73.398689476342014, -41.002248219728116 ], [ -73.39781496910787, -41.002456770572991 ], [ -73.397170288652632, -41.00229013970565 ], [ -73.397288837524059, -41.001751401491518 ], [ -73.397245649220125, -41.00129585674113 ], [ -73.396380744078058, -41.001076709159882 ], [ -73.395891212553877, -41.001069892311179 ], [ -73.395192209176784, -41.001213220898002 ], [ -73.394299798519043, -41.001669173667501 ], [ -73.393733624531436, -41.001755858328977 ], [ -73.393906393018455, -41.002199743322763 ], [ -73.393789894102511, -41.002526841252596 ], [ -73.393300358985059, -41.002524513202601 ], [ -73.392765331384993, -41.002183789252378 ], [ -73.392280807968518, -41.001969854645594 ], [ -73.391455068474514, -41.002097935637067 ], [ -73.391071731291632, -41.002488917213228 ], [ -73.390526941699363, -41.002490309027216 ], [ -73.389774263085755, -41.002182587934385 ], [ -73.389285401704754, -41.002175717642437 ], [ -73.388949341058662, -41.002580894834907 ], [ -73.389321685557405, -41.002914861766548 ], [ -73.389207183596341, -41.003161031817299 ], [ -73.388663347116605, -41.00315337929068 ], [ -73.388396554663728, -41.002942482276843 ], [ -73.387909699220785, -41.002854534822163 ], [ -73.387383528111087, -41.003162507680983 ], [ -73.386866166779399, -41.003254379282886 ], [ -73.386367415845456, -41.003657196750538 ], [ -73.386003069946014, -41.003877334338235 ], [ -73.385327748854749, -41.003930887858871 ], [ -73.385156337722137, -41.004257267410921 ], [ -73.384610156639482, -41.00437575000354 ], [ -73.38426020085258, -41.004645568564136 ], [ -73.384001402507423, -41.004686928411544 ], [ -73.383185440276961, -41.004806094250689 ], [ -73.382948928235706, -41.005266769588488 ], [ -73.3831129956409, -41.00554827709496 ], [ -73.382605699033633, -41.005932962824986 ], [ -73.382517094603912, -41.006120825257121 ], [ -73.380353354918398, -41.006225581030094 ], [ -73.379695270700822, -41.005756997820413 ], [ -73.379259459328935, -41.00519239096878 ], [ -73.3792131664474, -41.004597245098282 ], [ -73.379639198759094, -41.00389154369222 ], [ -73.378865158208015, -41.003817662475264 ], [ -73.378383886692873, -41.003076712287225 ], [ -73.378954197422331, -41.002792032996055 ], [ -73.37889955470024, -41.002412968055673 ], [ -73.378175429936221, -41.002546822209325 ], [ -73.37793918110134, -41.00199859009615 ], [ -73.378647773095764, -41.001378033506477 ], [ -73.3784058055858, -41.001059281618687 ], [ -73.377566295816791, -41.00138525641708 ], [ -73.377133632141664, -41.000937881914162 ], [ -73.37705861652725, -40.999662235577816 ], [ -73.377055519136135, -40.999612562007307 ], [ -73.376149635545758, -41.000063723135504 ], [ -73.375405501707107, -41.000436066706854 ], [ -73.374956584813546, -41.000898165117768 ], [ -73.374969626554844, -41.001515305960105 ], [ -73.375462321047152, -41.002031221691439 ], [ -73.376067550190029, -41.002107342131204 ], [ -73.376454036866306, -41.002013712371109 ], [ -73.376634231725774, -41.002421566397679 ], [ -73.375555448494339, -41.002897298446001 ], [ -73.375660650197247, -41.003272599425813 ], [ -73.375234543325405, -41.003406165746213 ], [ -73.374834643903611, -41.003531135633573 ], [ -73.374136245092728, -41.003251121811502 ], [ -73.373562757920382, -41.003301545823504 ], [ -73.373382837047075, -41.004424971877953 ], [ -73.372435551901873, -41.005740290777347 ], [ -73.37163505057579, -41.006656707694539 ], [ -73.370449330096307, -41.00741912643317 ], [ -73.370133459984515, -41.00787401333735 ], [ -73.370421600900102, -41.008544732852712 ], [ -73.36997335504806, -41.009722901540577 ], [ -73.369188139454835, -41.010463897659953 ], [ -73.367967740412112, -41.010644787610474 ], [ -73.366960406483429, -41.010445873373165 ], [ -73.36628987341264, -41.010269797049126 ], [ -73.365190366047614, -41.010402769616938 ], [ -73.363834028546208, -41.010703257551548 ], [ -73.363000795306107, -41.011065255266132 ], [ -73.361933937210068, -41.011050091685647 ], [ -73.361141418313593, -41.011480241184813 ], [ -73.361017801147341, -41.011789210158426 ], [ -73.361003589799537, -41.011969146132998 ], [ -73.361213003261938, -41.011918128860856 ], [ -73.361619596929202, -41.011617684426412 ], [ -73.362368267260038, -41.011520180038808 ], [ -73.363250038271573, -41.011775975216452 ], [ -73.364201867095488, -41.012086716717818 ], [ -73.36485591069092, -41.012929237408478 ], [ -73.365758177663977, -41.013802168802812 ], [ -73.367826297077357, -41.014961966925917 ], [ -73.368520530400289, -41.015620370393307 ], [ -73.369029081055686, -41.016280658341252 ], [ -73.3693159535501, -41.016491870543625 ], [ -73.369482965632784, -41.016953568306299 ], [ -73.368926510518236, -41.017364626628691 ], [ -73.368463828739579, -41.017709346249809 ], [ -73.368279910363256, -41.018175150282659 ], [ -73.368373586681074, -41.018685442893116 ], [ -73.368825772543943, -41.019097143101028 ], [ -73.369679176555451, -41.019334416632972 ], [ -73.37038579495119, -41.019227316964553 ], [ -73.371108223695956, -41.018778153625192 ], [ -73.37273362638787, -41.017697682925188 ], [ -73.374411555371111, -41.01726646719068 ], [ -73.376062102806159, -41.017127640840094 ], [ -73.376419365489596, -41.016925433123838 ], [ -73.376718438003877, -41.016857624641275 ], [ -73.37700199212162, -41.016780521493395 ], [ -73.377271233381947, -41.016712297373203 ], [ -73.377539970687394, -41.016635019861667 ], [ -73.377839259695662, -41.016585198446819 ], [ -73.378155103756313, -41.016526558854267 ], [ -73.378424477967272, -41.016485326408556 ], [ -73.378723802908155, -41.016462499538605 ], [ -73.379024231878532, -41.016457776643442 ], [ -73.379355668895869, -41.016462420914046 ], [ -73.379701920030556, -41.016467237344969 ], [ -73.380004391769873, -41.016525578081811 ], [ -73.380306270621091, -41.01658379201902 ], [ -73.380548514812176, -41.016650324493831 ], [ -73.38077784302611, -41.01675260923151 ], [ -73.381006305264108, -41.016863850176343 ], [ -73.381204995536976, -41.017006322249408 ], [ -73.381404093644974, -41.017162276626067 ], [ -73.381605290217479, -41.017354222574291 ], [ -73.381759883091348, -41.017536583381634 ], [ -73.381900296058461, -41.017691674360179 ], [ -73.381980600953284, -41.017872880646181 ], [ -73.382074273677858, -41.018054463280137 ], [ -73.382170215546822, -41.0182628834445 ], [ -73.382295997652918, -41.018471863471035 ], [ -73.382328234595207, -41.018517328744096 ], [ -73.382556711206263, -41.018628640586272 ], [ -73.382755772483321, -41.01875752218259 ], [ -73.382955021508295, -41.01887747115773 ], [ -73.38312407456327, -41.019014946410671 ], [ -73.383307581511218, -41.01917060662398 ], [ -73.383463419450067, -41.019334918181464 ], [ -73.383587789404515, -41.019507878985067 ], [ -73.383697056882411, -41.019689530310352 ], [ -73.383838625981298, -41.019889718620036 ], [ -73.383965420488721, -41.020116730041664 ], [ -73.384120657454659, -41.020334986759877 ], [ -73.384217124838074, -41.020552605664491 ], [ -73.384345422226943, -41.020869627164409 ], [ -73.38446703884506, -41.021213605961904 ], [ -73.384746426576513, -41.022010243467115 ], [ -73.385775200596086, -41.023533444014411 ], [ -73.386832289513407, -41.024507554712272 ], [ -73.386970362369198, -41.025185132041656 ], [ -73.387138900689564, -41.025894521133949 ], [ -73.387518940157022, -41.026561910653015 ], [ -73.387138703060202, -41.027515959125694 ], [ -73.385568450638502, -41.028561336065401 ], [ -73.384471707389594, -41.028870246607795 ], [ -73.383590953270954, -41.028772289999132 ], [ -73.382460927440761, -41.028252002558922 ], [ -73.380762729769785, -41.027930968814459 ], [ -73.380051514694728, -41.027947945368169 ], [ -73.379370209925355, -41.028208605499046 ], [ -73.378783125852905, -41.028952525872043 ], [ -73.37858379418293, -41.029836959632718 ], [ -73.378992445890503, -41.030572332673366 ], [ -73.379097440082603, -41.030627864924014 ], [ -73.379302871313357, -41.030950511876313 ], [ -73.379576146009313, -41.031386756264403 ], [ -73.379782230315271, -41.031686878776817 ], [ -73.379873394943559, -41.032332172240572 ], [ -73.380832805548465, -41.032318653431446 ], [ -73.381702493321114, -41.031659853088335 ], [ -73.382634217848945, -41.031348550673151 ], [ -73.384268547998175, -41.030614862135884 ], [ -73.384568756881293, -41.030619058157839 ], [ -73.384823628690341, -41.030559625330852 ], [ -73.385062950661819, -41.030472901312052 ], [ -73.385300485884187, -41.030368099387395 ], [ -73.385553022971806, -41.030254537239252 ], [ -73.385791103471561, -41.030122788611123 ], [ -73.38608839282999, -41.030009879302533 ], [ -73.386313518725046, -41.029949954622872 ], [ -73.386581292138189, -41.029854618776305 ], [ -73.386805369699289, -41.02974966339378 ], [ -73.389147056659439, -41.029548288649728 ], [ -73.389889428901796, -41.029738747628613 ], [ -73.390088574620506, -41.030295523207975 ], [ -73.38990267725562, -41.030725291559676 ], [ -73.389387427863142, -41.031335146861657 ], [ -73.389478699390963, -41.031985001566518 ], [ -73.389923314252641, -41.03228389551014 ], [ -73.389936567098033, -41.033270439929332 ], [ -73.389598025305105, -41.034378105948861 ], [ -73.389045337724866, -41.035181177975772 ], [ -73.389172241826742, -41.035799870579567 ], [ -73.3896010050169, -41.036571541294855 ], [ -73.389895130508918, -41.037467404468721 ], [ -73.390831939501268, -41.038174166406158 ], [ -73.392152612987573, -41.038962748445591 ], [ -73.393522985766978, -41.039603361152899 ], [ -73.394496234918833, -41.041314853839339 ], [ -73.39441201157274, -41.043223344110913 ], [ -73.393576978108811, -41.044688938063132 ], [ -73.392221277512945, -41.045273517873461 ], [ -73.391177642663635, -41.045412062668902 ], [ -73.389902837155731, -41.045295193844971 ], [ -73.389361974997882, -41.045521860909226 ], [ -73.389063516931273, -41.046080658784007 ], [ -73.389139026619119, -41.047374343909574 ], [ -73.388591079448616, -41.047983748913865 ], [ -73.387955997492227, -41.049105231449261 ], [ -73.387938075203976, -41.049294162402987 ], [ -73.387857532255595, -41.050126205886855 ], [ -73.387769728224782, -41.051043872295438 ], [ -73.388393988176972, -41.051669555960146 ], [ -73.389427757727844, -41.051575892320272 ], [ -73.390152459210256, -41.05131580027593 ], [ -73.391425076422124, -41.05048686099677 ], [ -73.392155517240894, -41.050510606207489 ], [ -73.393400081863064, -41.050676550109571 ], [ -73.394703345100851, -41.050937976533852 ], [ -73.396103141299065, -41.051511411185864 ], [ -73.396420300493276, -41.052051713094819 ], [ -73.396507635603527, -41.052832198932954 ], [ -73.396065347378439, -41.053497128667125 ], [ -73.395250396651008, -41.054012686729315 ], [ -73.395175716108184, -41.054633172883392 ], [ -73.395666775666669, -41.055270545469064 ], [ -73.396469508407918, -41.055871733730456 ], [ -73.397055622299874, -41.0566364718063 ], [ -73.396900528166071, -41.057170261302666 ], [ -73.396426008388602, -41.058091502830933 ], [ -73.395721286336425, -41.058748242250616 ], [ -73.395420700160884, -41.0593656342797 ], [ -73.395502253713957, -41.060569235018818 ], [ -73.395146202857816, -41.061541636069741 ], [ -73.395138568974545, -41.062343234667452 ], [ -73.395264289995183, -41.063043031441936 ], [ -73.395306217962769, -41.064228156385347 ], [ -73.39524254537541, -41.065438783108661 ], [ -73.395190436800732, -41.066082084261566 ], [ -73.39485415427076, -41.06672591891369 ], [ -73.395229635686476, -41.067375231824236 ], [ -73.396293831176024, -41.069133089711791 ], [ -73.396235894331767, -41.069893383233072 ], [ -73.395906243165214, -41.070267136223997 ], [ -73.395330915344871, -41.070524803307833 ], [ -73.394966229882229, -41.070898047490367 ], [ -73.395163075913814, -41.071369184264526 ], [ -73.395946403248288, -41.072560126139159 ], [ -73.396033986293546, -41.073029683926258 ], [ -73.395690269306286, -41.07367343565074 ], [ -73.393792344706611, -41.074808984426348 ], [ -73.393418217052016, -41.075321705268777 ], [ -73.393331114605459, -41.075388101859808 ], [ -73.393330835229392, -41.075613315601245 ], [ -73.393320239600612, -41.075802263193651 ], [ -73.393326871862357, -41.076018583405499 ], [ -73.393302426906843, -41.076261465379488 ], [ -73.3932490804537, -41.076494903185591 ], [ -73.393194405392236, -41.076692321091691 ], [ -73.393078567636351, -41.076897902434006 ], [ -73.392903387172794, -41.07709357879375 ], [ -73.392711994813311, -41.077225993853197 ], [ -73.392459072348444, -41.077375659570265 ], [ -73.392251468991333, -41.077498882842178 ], [ -73.391968549084183, -41.077629998276912 ], [ -73.391761123593497, -41.077744214076446 ], [ -73.391641414098729, -41.077805585001826 ], [ -73.391025561479296, -41.07792307662065 ], [ -73.390551127940086, -41.078398383789228 ], [ -73.390029909242557, -41.079359371237246 ], [ -73.390024540012107, -41.079917828182339 ], [ -73.38982854199017, -41.080329393260314 ], [ -73.389257221554303, -41.080537676519505 ], [ -73.389016155952859, -41.080507191079541 ], [ -73.388216774825921, -41.080761720132408 ], [ -73.387639227268508, -41.081104927526567 ], [ -73.386499272359487, -41.081170100793464 ], [ -73.385685152573686, -41.081023597802215 ], [ -73.384900124728361, -41.08112065798332 ], [ -73.384007932361229, -41.08078835661631 ], [ -73.383091734314732, -41.080865619760978 ], [ -73.380898318783821, -41.082807405478299 ], [ -73.380000799407043, -41.08305602526822 ], [ -73.377807368604763, -41.083268409943841 ], [ -73.376727109441319, -41.085198792890431 ], [ -73.376116235285167, -41.085892784851822 ], [ -73.37587680910913, -41.086429903712087 ], [ -73.375928395762642, -41.087236773198391 ], [ -73.375847164704751, -41.088420176314024 ], [ -73.376163680705218, -41.090163072884089 ], [ -73.375631452255575, -41.090560926812302 ], [ -73.374632659508606, -41.090717981769828 ], [ -73.373727018463356, -41.090326879530956 ], [ -73.372166546000159, -41.089395110631486 ], [ -73.3704090119097, -41.088883820500008 ], [ -73.368642204510579, -41.088831820849201 ], [ -73.36762255288275, -41.089353267771664 ], [ -73.366654217515475, -41.089663781887822 ], [ -73.365436663437265, -41.089997837950236 ], [ -73.364721499368216, -41.090122795151203 ], [ -73.364372629644464, -41.089847614657913 ], [ -73.363964489078299, -41.089112174871666 ], [ -73.363803992476349, -41.088411890491791 ], [ -73.363133263572848, -41.08818617015514 ], [ -73.36230159250303, -41.088237414719387 ], [ -73.361635191682538, -41.088705281626268 ], [ -73.360784961418943, -41.089648007436949 ], [ -73.35984910104753, -41.09012113843599 ], [ -73.358134913364481, -41.090348912348873 ], [ -73.357199086230736, -41.09048417607265 ], [ -73.357067781282296, -41.090519985151758 ], [ -73.356084186233318, -41.090788058050819 ], [ -73.355587931717523, -41.090789961188996 ], [ -73.354368043816208, -41.090232094254432 ], [ -73.353811197036194, -41.090242111710552 ], [ -73.353048399799206, -41.09030329696693 ], [ -73.352465170397636, -41.090862456427445 ], [ -73.351815986687896, -41.091114367923886 ], [ -73.350229418165682, -41.090938566931001 ], [ -73.349332104503119, -41.090637464873602 ], [ -73.348313619786822, -41.090451731842592 ], [ -73.347819225681974, -41.090282470614802 ], [ -73.347862325950999, -41.08998585365363 ], [ -73.348296024485336, -41.089726326508874 ], [ -73.348112098922485, -41.089403918332742 ], [ -73.347678092266023, -41.088938344834787 ], [ -73.346753852501109, -41.088789974245408 ], [ -73.345949666285719, -41.089111666407305 ], [ -73.345176791747875, -41.089514934265345 ], [ -73.344344283448208, -41.089831709582036 ], [ -73.343588132845994, -41.090194649970286 ], [ -73.343054063748355, -41.090808556559082 ], [ -73.342606911145992, -41.09101383918312 ], [ -73.342513318371488, -41.091300705020998 ], [ -73.342558998602001, -41.091499475157072 ], [ -73.342905096124781, -41.091909745004202 ], [ -73.342932074329397, -41.092229973073607 ], [ -73.342890092462909, -41.093157165815782 ], [ -73.342439670891238, -41.093434344506747 ], [ -73.342395137809334, -41.093785009912231 ], [ -73.342735884067977, -41.094379969733289 ], [ -73.343366114223528, -41.094794333636486 ], [ -73.344031493659543, -41.095209285935553 ], [ -73.344555936410615, -41.095063705160122 ], [ -73.34516353351259, -41.095468734554757 ], [ -73.345435582008164, -41.095954600265777 ], [ -73.34559326688327, -41.096375669150596 ], [ -73.345843128787962, -41.096739552964998 ], [ -73.346618853680198, -41.096993937231765 ], [ -73.346870374773232, -41.097438898315517 ], [ -73.346765419208708, -41.098031880143814 ], [ -73.346556975028491, -41.098154980065168 ], [ -73.345778309052008, -41.097896134395143 ], [ -73.344690650465552, -41.097290456886718 ], [ -73.343697905177109, -41.097168108809051 ], [ -73.342764394798451, -41.097505950202539 ], [ -73.341881588029409, -41.097988736932251 ], [ -73.340799513370754, -41.098045224334562 ], [ -73.34033672109932, -41.098191633866215 ], [ -73.339648713999622, -41.098294314494886 ], [ -73.339065857398879, -41.098826394980776 ], [ -73.338799877921346, -41.099520603812785 ], [ -73.338680684059568, -41.10000081352603 ], [ -73.33863058232123, -41.100567597991116 ], [ -73.33886821995155, -41.101030361061035 ], [ -73.339360580270565, -41.101249160391596 ], [ -73.339966881103578, -41.101203855840737 ], [ -73.341060868321222, -41.101291652968158 ], [ -73.341319827464787, -41.101295377404995 ], [ -73.34145972120568, -41.10150460485314 ], [ -73.341409253853016, -41.101882196954449 ], [ -73.340577845091261, -41.102978087775 ], [ -73.340618464213449, -41.103375034886845 ], [ -73.340857461893108, -41.10399102633987 ], [ -73.342222707987204, -41.104870917368565 ], [ -73.34309888698607, -41.105423967844807 ], [ -73.343709832109113, -41.106410074732317 ], [ -73.344926306412361, -41.106932036655273 ], [ -73.346362240936145, -41.107105707396521 ], [ -73.34651815343517, -41.107297135840106 ], [ -73.346246859524427, -41.107815631295956 ], [ -73.345158578405488, -41.108322438167178 ], [ -73.344244710588839, -41.109174063057097 ], [ -73.343724608497226, -41.109373771357333 ], [ -73.343113318421103, -41.109382992636981 ], [ -73.342676831516144, -41.109453252058231 ], [ -73.342178400382423, -41.109473107158728 ], [ -73.341531613377867, -41.109707020569637 ], [ -73.341417701609956, -41.110002619864147 ], [ -73.341588259343055, -41.110297806991191 ], [ -73.341475753438544, -41.110539357508728 ], [ -73.341694548007467, -41.11074523770057 ], [ -73.342135001872734, -41.111197384164583 ], [ -73.34240702791044, -41.11124184594641 ], [ -73.342838406994716, -41.111315622170309 ], [ -73.343207139367692, -41.111600150957351 ], [ -73.34322727690143, -41.111807629168936 ], [ -73.342505393434053, -41.112035976270768 ], [ -73.342005664234776, -41.112046805285033 ], [ -73.340869833491197, -41.111985384446136 ], [ -73.34017931380366, -41.11253842779147 ], [ -73.340198622192389, -41.11318727593283 ], [ -73.340719305493991, -41.113703673505583 ], [ -73.341232786103646, -41.11394977037493 ], [ -73.340984686693531, -41.114491131375978 ], [ -73.340367452465188, -41.114937179263485 ], [ -73.33991254380868, -41.115178226106096 ], [ -73.339322595907078, -41.115489576460256 ], [ -73.338715508149875, -41.115561906375454 ], [ -73.338430243639834, -41.115773901721035 ], [ -73.33824528591272, -41.116023419358179 ], [ -73.338056524718709, -41.116277432505058 ], [ -73.337428747862177, -41.116169296119978 ], [ -73.336984608209292, -41.116451159738801 ], [ -73.33696923264489, -41.117504812622599 ], [ -73.336365849539916, -41.118405817784492 ], [ -73.336236292712996, -41.119318237306665 ], [ -73.336579766256818, -41.119809617225869 ], [ -73.337131080312986, -41.119763595961615 ], [ -73.338235682922331, -41.120004669068379 ], [ -73.338794570674665, -41.120602693784392 ], [ -73.338739431184223, -41.12140357819343 ], [ -73.338198509737552, -41.123251372244908 ], [ -73.337804633519781, -41.123750131148832 ], [ -73.336615232642572, -41.124034657468599 ], [ -73.334675992726346, -41.124704686509787 ], [ -73.333593002684424, -41.125310548974646 ], [ -73.333007428679949, -41.125946121816604 ], [ -73.332602205841809, -41.126480772865051 ], [ -73.332305693526081, -41.126958288536507 ], [ -73.332620073332805, -41.127332161516321 ], [ -73.331854844356343, -41.127591287670384 ], [ -73.330871730804347, -41.12792839806518 ], [ -73.329334027040332, -41.129018575690544 ], [ -73.328466182610669, -41.129568859662847 ], [ -73.327912282304794, -41.13011927096214 ], [ -73.327717084681765, -41.130125510815958 ], [ -73.327770181403253, -41.130441514451007 ], [ -73.326827307884415, -41.131914093551636 ], [ -73.326793524043211, -41.132390930967688 ], [ -73.326816862274285, -41.132967781682979 ], [ -73.327135317737458, -41.133652511807682 ], [ -73.32682954738442, -41.134463190829543 ], [ -73.326190374500186, -41.134940307411554 ], [ -73.325662098637807, -41.135130875947475 ], [ -73.325092772461872, -41.135293701034222 ], [ -73.324042216991614, -41.135026202222377 ], [ -73.323048772813848, -41.134971203305199 ], [ -73.32278146472801, -41.135206015680957 ], [ -73.322668520445646, -41.13551963428764 ], [ -73.322661412076812, -41.135798734236708 ], [ -73.322726152761007, -41.136033898847394 ], [ -73.322959386849817, -41.136433568839053 ], [ -73.322998274918461, -41.136952078391481 ], [ -73.322619054714536, -41.137459973492412 ], [ -73.321828346821661, -41.137687165784151 ], [ -73.321562511074589, -41.138331834596102 ], [ -73.321052430588281, -41.13900006621617 ], [ -73.32037320811375, -41.139327879945689 ], [ -73.320573305148329, -41.139686606681863 ], [ -73.320772358340577, -41.140085795057139 ], [ -73.320338956250268, -41.140669484004839 ], [ -73.319857546394559, -41.141058832588833 ], [ -73.319174037159499, -41.141170447182255 ], [ -73.318496798165114, -41.141038986366489 ], [ -73.317558096422459, -41.140908119944534 ], [ -73.31602897246772, -41.141322627930066 ], [ -73.315499755170919, -41.141549108684877 ], [ -73.314878474930538, -41.141265266500227 ], [ -73.314049820403426, -41.140937860921575 ], [ -73.313052285297871, -41.141040344807315 ], [ -73.312209705985552, -41.14122619183032 ], [ -73.310880653014266, -41.141625529814405 ], [ -73.310232555367705, -41.142183594030229 ], [ -73.309645264682729, -41.144030417973703 ], [ -73.30937772572986, -41.14417964127081 ], [ -73.308019821566603, -41.144132713700074 ], [ -73.306481486286955, -41.144758631511287 ], [ -73.306052772504131, -41.145094609217111 ], [ -73.305548348709152, -41.145798707131235 ], [ -73.305325950997641, -41.146741274201773 ], [ -73.304762162037107, -41.147147292382847 ], [ -73.303928364655022, -41.147711536967492 ], [ -73.303284250138432, -41.148287485190572 ], [ -73.302686869576178, -41.149156966078223 ], [ -73.302937640575934, -41.150174028443786 ], [ -73.303266480563792, -41.151025514772485 ], [ -73.303288675239514, -41.152214890126558 ], [ -73.303323495736549, -41.152886402154927 ], [ -73.302782734190018, -41.1535540065913 ], [ -73.302249049571301, -41.153942437257697 ], [ -73.301669432295469, -41.154091590650914 ], [ -73.301135737795292, -41.154480016102859 ], [ -73.300855305323154, -41.155187443097383 ], [ -73.300841014025309, -41.155741219413756 ], [ -73.30030730515206, -41.15612971490134 ], [ -73.300248461009375, -41.156705221237992 ], [ -73.299913402883135, -41.157191253953371 ], [ -73.300290035939042, -41.157863333858202 ], [ -73.300227969539435, -41.158222680849867 ], [ -73.300029340352012, -41.158814331770024 ], [ -73.299895290152065, -41.15921767944301 ], [ -73.300057213278649, -41.15972444104878 ], [ -73.299785598669359, -41.160116778082994 ], [ -73.299463134025075, -41.160431718789106 ], [ -73.298862901311793, -41.161373207790263 ], [ -73.298234483956477, -41.161363951885242 ], [ -73.297609817965778, -41.161233059749669 ], [ -73.296822177819593, -41.161302480496488 ], [ -73.296285414674401, -41.161807915989343 ], [ -73.295532250970538, -41.162589499838305 ], [ -73.29615144622116, -41.162954369863279 ], [ -73.296934902913037, -41.163335300964 ], [ -73.297322464872693, -41.163935577646612 ], [ -73.297157913275569, -41.164590643064813 ], [ -73.296314671006584, -41.164735830927398 ], [ -73.294746048128815, -41.164636063462851 ], [ -73.29358290410903, -41.16505113828984 ], [ -73.293198967749873, -41.165721030372296 ], [ -73.292967126049774, -41.166586769617311 ], [ -73.293111002920611, -41.167241966773936 ], [ -73.292950315875856, -41.167635900714529 ], [ -73.292923387078588, -41.170108125751149 ], [ -73.29316327319205, -41.171143023855329 ], [ -73.292642569229201, -41.172288202750359 ], [ -73.29166202845218, -41.172462825024226 ], [ -73.291385207207483, -41.173053251290071 ], [ -73.291741241893931, -41.173454817494871 ], [ -73.291726876934206, -41.174008521278054 ], [ -73.29104104106257, -41.174196554224665 ], [ -73.290562300999895, -41.174468691342099 ], [ -73.289015614083041, -41.175553663800372 ], [ -73.288316319651798, -41.176254779320736 ], [ -73.287514186985149, -41.176873420737266 ], [ -73.28702797563426, -41.177460653064479 ], [ -73.287263591156872, -41.178454930216446 ], [ -73.287820763126987, -41.179174830452112 ], [ -73.287698068530545, -41.179997171454694 ], [ -73.287103840156632, -41.180551329720799 ], [ -73.287284971958925, -41.181661901837892 ], [ -73.287513860896709, -41.181976089942637 ], [ -73.287526893654842, -41.182417606224561 ], [ -73.287204368823438, -41.18272809049536 ], [ -73.286780551757232, -41.182919973038437 ], [ -73.286044543180338, -41.18302612326228 ], [ -73.284989953376112, -41.183289610458324 ], [ -73.284818461395133, -41.183794436897855 ], [ -73.284975937861063, -41.183862922395605 ], [ -73.285233112052168, -41.183974827838206 ], [ -73.285489698745096, -41.184077755553716 ], [ -73.285716960833867, -41.184162227768986 ], [ -73.285989183602624, -41.184265310009607 ], [ -73.286260911399665, -41.18433241110457 ], [ -73.286533225796575, -41.184408488946403 ], [ -73.286894593780872, -41.184521965309308 ], [ -73.287197900055077, -41.184607581529214 ], [ -73.287544712636816, -41.184738858974782 ], [ -73.28781771783818, -41.184841906504587 ], [ -73.28816472625266, -41.184964175643351 ], [ -73.288497853001047, -41.185077224449515 ], [ -73.288770365027318, -41.185144290233495 ], [ -73.289027252655856, -41.185238199522743 ], [ -73.289269100689921, -41.185367928209857 ], [ -73.289556991873852, -41.185525298517881 ], [ -73.289676660046098, -41.185337968065397 ], [ -73.289795538599222, -41.185150520118817 ], [ -73.290022617431703, -41.185243989961307 ], [ -73.290355430668043, -41.185284975299602 ], [ -73.290702126468801, -41.18533518000541 ], [ -73.29103337124667, -41.185376074018954 ], [ -73.291306267751892, -41.185398197298461 ], [ -73.291591584364213, -41.185456442927915 ], [ -73.291879048848386, -41.185496756810018 ], [ -73.292136302989576, -41.185518576499931 ], [ -73.29242308744908, -41.185576838923659 ], [ -73.292678586282193, -41.18560764808317 ], [ -73.292951397447467, -41.185665767780293 ], [ -73.293238472961121, -41.185715018282956 ], [ -73.293509227882694, -41.185764065932723 ], [ -73.293858377880824, -41.185832314780505 ], [ -73.293930317663708, -41.18693743633952 ], [ -73.293903906296038, -41.186984452248886 ], [ -73.293944566740748, -41.187457982902238 ], [ -73.294389607403858, -41.188455411339362 ], [ -73.294893538023729, -41.189314025091718 ], [ -73.29509200641273, -41.189650282777514 ], [ -73.295344927080961, -41.190009806969385 ], [ -73.295856345158725, -41.190494735479021 ], [ -73.295969518511484, -41.191329660626927 ], [ -73.296072097133788, -41.192087749866644 ], [ -73.296371642161901, -41.192835305323371 ], [ -73.295778313001591, -41.193502114764627 ], [ -73.295181886450152, -41.194281381841201 ], [ -73.294436417715005, -41.194693698156776 ], [ -73.294002557483907, -41.195295307770294 ], [ -73.293902601942236, -41.195874779955496 ], [ -73.294493290055641, -41.199648604713865 ], [ -73.294173248167667, -41.200837339510123 ], [ -73.293628857427407, -41.201621957465818 ], [ -73.293188765583182, -41.202408062415216 ], [ -73.292239100800785, -41.202668732954756 ], [ -73.290856425593574, -41.203440819947957 ], [ -73.290055555059908, -41.204023436457604 ], [ -73.289677649091246, -41.204450183870101 ], [ -73.289790994022212, -41.204794199685765 ], [ -73.290444415983472, -41.205177661854087 ], [ -73.289857184587291, -41.205601304328312 ], [ -73.28999888124693, -41.206197941541724 ], [ -73.289411634579409, -41.206626009552117 ], [ -73.289036976918808, -41.206895143663182 ], [ -73.288760011045355, -41.207485568353022 ], [ -73.28854247771109, -41.207797523963052 ], [ -73.288532158763431, -41.208193734118979 ], [ -73.288943592553451, -41.208479124673794 ], [ -73.289302045504641, -41.208799685429547 ], [ -73.290032167421487, -41.208927639372135 ], [ -73.29046815845642, -41.208992582324186 ], [ -73.290582054054667, -41.209967123675519 ], [ -73.290442011193434, -41.21091079312837 ], [ -73.290065096066542, -41.211702421862356 ], [ -73.289998522819147, -41.212255343388144 ], [ -73.290299585101778, -41.21277322542894 ], [ -73.290160531285693, -41.212987392013147 ], [ -73.289853778175726, -41.213460169626281 ], [ -73.289104404464027, -41.21429571680946 ], [ -73.287433750037977, -41.215649971464856 ], [ -73.287699492360275, -41.215680260338551 ], [ -73.287819378823144, -41.215691058048677 ], [ -73.288047432327701, -41.215748496241453 ], [ -73.288364652607342, -41.215789182723725 ], [ -73.288725694503171, -41.215839667443412 ], [ -73.288968995113052, -41.21588827288646 ], [ -73.289255912523231, -41.215946538013171 ], [ -73.289497454231764, -41.215977209894604 ], [ -73.289799334879632, -41.216035725641696 ], [ -73.290056527037052, -41.216093548027636 ], [ -73.290478693898081, -41.216171914851621 ], [ -73.290796712780008, -41.216239636004957 ], [ -73.291143867619866, -41.216280894531515 ], [ -73.291431572852545, -41.216339197149793 ], [ -73.291808558048061, -41.216407812129113 ], [ -73.292140953567809, -41.216466805911899 ], [ -73.292488798313798, -41.216534957878892 ], [ -73.292820811151245, -41.216611961893868 ], [ -73.293107645018097, -41.21667929269335 ], [ -73.293440331591981, -41.21672927127775 ], [ -73.293728038621282, -41.216787568090496 ], [ -73.294090163885357, -41.21685592041559 ], [ -73.29439274342252, -41.216914544845039 ], [ -73.294649146859115, -41.216945314929248 ], [ -73.294921799022575, -41.217012358876055 ], [ -73.294999743144842, -41.217022577265702 ], [ -73.29522436418668, -41.21704391073358 ], [ -73.295510117380246, -41.217093203849906 ], [ -73.295888882138328, -41.217179884314241 ], [ -73.296235953434859, -41.217248053782917 ], [ -73.296538134120013, -41.21729754135481 ], [ -73.296779694693186, -41.217355195720856 ], [ -73.29705204502271, -41.217404173714286 ], [ -73.297384737884812, -41.217454140933164 ], [ -73.297687224895498, -41.217521686422018 ], [ -73.297988529723241, -41.217571202843047 ], [ -73.298229781275964, -41.217610718513484 ], [ -73.298501174001387, -41.217668876017349 ], [ -73.298819782178143, -41.217718554500415 ], [ -73.298999223351117, -41.217725711080142 ], [ -73.299078919188162, -41.217731360797558 ], [ -73.299256510729933, -41.217752010878897 ], [ -73.299512617722499, -41.217764782707683 ], [ -73.299755636261366, -41.217795451033609 ], [ -73.300087534114439, -41.217818368816971 ], [ -73.300435201892341, -41.217895502410876 ], [ -73.300721440176162, -41.217926764633994 ], [ -73.301023834660356, -41.217994304904678 ], [ -73.301356047822082, -41.218062203236862 ], [ -73.301674190671548, -41.218130037305279 ], [ -73.302067332965748, -41.218207824626425 ], [ -73.302445218273164, -41.218267519531572 ], [ -73.302821931279141, -41.218345033024079 ], [ -73.303139771396332, -41.21839480289092 ], [ -73.303472758905855, -41.218435741796135 ], [ -73.303728390689628, -41.218466519273306 ], [ -73.304001437213486, -41.218515528868828 ], [ -73.304257187574891, -41.218573373388331 ], [ -73.304529742720291, -41.218613399968461 ], [ -73.304772113573833, -41.218698078308691 ], [ -73.305273687912717, -41.218845558515397 ], [ -73.305136453185085, -41.219162652097729 ], [ -73.305203193519134, -41.219423124802667 ], [ -73.305280059663033, -41.219723198705744 ], [ -73.304367173705003, -41.220308783160831 ], [ -73.303728521843652, -41.220330854092403 ], [ -73.303200948463811, -41.220489801878145 ], [ -73.302348472412021, -41.220756434306338 ], [ -73.301539438887346, -41.221424489018794 ], [ -73.301004477762618, -41.22169582578659 ], [ -73.301047415436557, -41.222052275293144 ], [ -73.301639422276779, -41.222862633897343 ], [ -73.301908429975143, -41.223501624400754 ], [ -73.301948318767018, -41.223979678583341 ], [ -73.301354206275761, -41.224488763365102 ], [ -73.300970083965325, -41.225041549784514 ], [ -73.300593918033357, -41.225315278189889 ], [ -73.300372894744214, -41.225672235643422 ], [ -73.300256469490137, -41.226107454181104 ], [ -73.300511050245035, -41.226471549420232 ], [ -73.301240352898347, -41.226842590796188 ], [ -73.301651757043956, -41.227285496225718 ], [ -73.302008054038467, -41.227808654080093 ], [ -73.301733758856358, -41.228205449727923 ], [ -73.301361005624159, -41.228317065192584 ], [ -73.300868245554824, -41.228426900228719 ], [ -73.300036749656499, -41.228459634980716 ], [ -73.299762530831174, -41.228851849435486 ], [ -73.29927255104765, -41.229403131562435 ], [ -73.298423792224497, -41.229552679962886 ], [ -73.298222942401694, -41.229785617149993 ], [ -73.298267426076251, -41.232031503171761 ], [ -73.298739126940376, -41.233254443103398 ], [ -73.299210425359234, -41.233882923093418 ], [ -73.300446416460332, -41.235198163587555 ], [ -73.301095699883078, -41.23655880622502 ], [ -73.301327604465257, -41.236877423015549 ], [ -73.301990550365147, -41.237625815124822 ], [ -73.302318607920398, -41.238089982888347 ], [ -73.302748442800691, -41.238942990607264 ], [ -73.303056111293913, -41.239794153901038 ], [ -73.303321770971209, -41.240077349029548 ], [ -73.303595002548036, -41.240585759300004 ], [ -73.303773666678254, -41.241119840652615 ], [ -73.303807728098889, -41.24147153023037 ], [ -73.30371888651392, -41.242370953875565 ], [ -73.30304296444973, -41.243531875905518 ], [ -73.30295416418727, -41.243881896293622 ], [ -73.303069213222344, -41.244216759760121 ], [ -73.303644257175051, -41.245026927410436 ], [ -73.303712155437495, -41.245198986895332 ], [ -73.30371768456807, -41.245271216931826 ], [ -73.303753294684242, -41.245740061131514 ], [ -73.303677620604702, -41.246270388209972 ], [ -73.30341105812056, -41.246770832998244 ], [ -73.303254275154018, -41.247299919074564 ], [ -73.303247935743059, -41.250740552465331 ], [ -73.303165853082305, -41.251982287023409 ], [ -73.302954627717966, -41.252303401762831 ], [ -73.302639770007502, -41.252595939673569 ], [ -73.301096276601484, -41.253726112326817 ], [ -73.300951844571799, -41.253859057672308 ], [ -73.300856296164909, -41.254091820444359 ], [ -73.300931297406308, -41.254507260788095 ], [ -73.301014175974416, -41.254679645809802 ], [ -73.301033843689254, -41.254842077904549 ], [ -73.300973478698793, -41.255012300287774 ], [ -73.300857335515701, -41.255172659625387 ], [ -73.300740324560053, -41.255342124773144 ], [ -73.300730159224301, -41.255359987354012 ], [ -73.300031271729893, -41.255358699492461 ], [ -73.299396660490686, -41.255349321806776 ], [ -73.298686705751976, -41.255338777142597 ], [ -73.297991519316525, -41.255310488070656 ], [ -73.29722118072273, -41.255272021693528 ], [ -73.296890864802862, -41.25526718494632 ], [ -73.296494585591674, -41.262849697676984 ], [ -73.296291566337473, -41.267219524850198 ], [ -73.302158267625316, -41.267639506861236 ], [ -73.304363529239893, -41.267910480295214 ], [ -73.305859585310699, -41.268111355203651 ], [ -73.306966786746145, -41.268068092300915 ], [ -73.308233574790137, -41.267967422249832 ], [ -73.309263341448101, -41.267863307825507 ], [ -73.310135256144335, -41.267756916441954 ], [ -73.311406582477133, -41.267477529948707 ], [ -73.31314719320595, -41.267383812294391 ], [ -73.31417384809977, -41.267398826925231 ], [ -73.314959053811506, -41.267589237019806 ], [ -73.315899212621559, -41.267900994353468 ], [ -73.31699569535904, -41.268274733609921 ], [ -73.317540903566226, -41.268580732290843 ], [ -73.31848109202069, -41.268892539580996 ], [ -73.319190329903805, -41.26896251595894 ], [ -73.320059058275717, -41.268975224442734 ], [ -73.320848905582551, -41.268986689218757 ], [ -73.324027674165464, -41.267438520442127 ], [ -73.324164916079638, -41.267423397786949 ], [ -73.32459155475415, -41.267600679757415 ], [ -73.325027696706059, -41.268372660527959 ], [ -73.325274148605942, -41.268511356429769 ], [ -73.326660033493667, -41.268207277695183 ], [ -73.327430494258351, -41.268218467124129 ], [ -73.328117012849617, -41.268534657501398 ], [ -73.328489621453045, -41.269053497494141 ], [ -73.328763269848153, -41.269174564742308 ], [ -73.330573357179347, -41.268768447610924 ], [ -73.333221836775337, -41.26884291146375 ], [ -73.3334912747667, -41.268693704817252 ], [ -73.334454573280155, -41.267545669927628 ], [ -73.335097623293137, -41.267140639883728 ], [ -73.335595572929861, -41.267012755962348 ], [ -73.336670081078864, -41.267127336856198 ], [ -73.337122522961607, -41.266998802678231 ], [ -73.337405746499314, -41.267597407027964 ], [ -73.337664490945556, -41.267691131802984 ], [ -73.338161124550382, -41.267527215146046 ], [ -73.338403653507413, -41.267557743992029 ], [ -73.339020713462602, -41.268260213427148 ], [ -73.339618482995377, -41.268701175184347 ], [ -73.33988963587062, -41.26868709870017 ], [ -73.340023472271554, -41.268499846331984 ], [ -73.340149669399295, -41.26790717854756 ], [ -73.340405216741416, -41.267775814768576 ], [ -73.340903602959372, -41.267773953902498 ], [ -73.341102608540879, -41.267902900454622 ], [ -73.34137524453466, -41.268771502868852 ], [ -73.342872354329302, -41.269585719616337 ], [ -73.343643778986277, -41.27041650588508 ], [ -73.345067503608732, -41.270590094616381 ], [ -73.345893411087687, -41.271070417316544 ], [ -73.34753213310033, -41.271301050708331 ], [ -73.348394936184633, -41.272124142626431 ], [ -73.350105915085479, -41.272211705474142 ], [ -73.351449919616343, -41.273005564693214 ], [ -73.35240857204316, -41.273253543923971 ], [ -73.35355916480178, -41.273314997284501 ], [ -73.354582345012076, -41.273041434797513 ], [ -73.356260953121662, -41.272993372809665 ], [ -73.356758491329956, -41.272793271794406 ], [ -73.357322927975815, -41.272305900962294 ], [ -73.357803701824309, -41.272087620487937 ], [ -73.358334494766126, -41.272077152793948 ], [ -73.359200571311334, -41.272323717718855 ], [ -73.361809987667158, -41.272685203933662 ], [ -73.362051289525525, -41.272670511217015 ], [ -73.362918762950983, -41.272178470062947 ], [ -73.363160995463986, -41.272190959168967 ], [ -73.363899314507805, -41.272831887187969 ], [ -73.363948177469368, -41.273030817372913 ], [ -73.363611094540474, -41.273620528096743 ], [ -73.363934001155855, -41.273895354048413 ], [ -73.364691742674438, -41.274000603217559 ], [ -73.365493306707492, -41.273903986414879 ], [ -73.36597254713179, -41.27372157966429 ], [ -73.366300381904836, -41.273411041759005 ], [ -73.366814550624014, -41.273346211399769 ], [ -73.367011833236816, -41.273457105680478 ], [ -73.367114239382587, -41.274016991588688 ], [ -73.367311344128964, -41.274136890417829 ], [ -73.367813407151374, -41.27426113084146 ], [ -73.368613954291547, -41.274146384230377 ], [ -73.369042778567149, -41.274422702045598 ], [ -73.369543510286306, -41.274510841076669 ], [ -73.370595335974372, -41.274949048613763 ], [ -73.371560233489021, -41.274737522910698 ], [ -73.372908275947097, -41.27481066817262 ], [ -73.373403522553119, -41.274610507239885 ], [ -73.374263760048976, -41.274496547776238 ], [ -73.374829262995064, -41.274018125150157 ], [ -73.375266411060096, -41.273844141798655 ], [ -73.378033983008223, -41.27382016140276 ], [ -73.379829799702804, -41.273557208246281 ], [ -73.380969756408476, -41.272996814056476 ], [ -73.381723353998638, -41.272818190355387 ], [ -73.381951502724618, -41.272884507924999 ], [ -73.382093856052734, -41.273282788660644 ], [ -73.383427928809837, -41.273382676796892 ], [ -73.384881181953958, -41.274240718030903 ], [ -73.385688600307745, -41.274513219579859 ], [ -73.386157874822274, -41.274519796076589 ], [ -73.386896942162736, -41.274413096875698 ], [ -73.387314725245162, -41.274112712313517 ], [ -73.388052554707144, -41.273879843331727 ], [ -73.390589463544828, -41.273582000263445 ], [ -73.391456483321093, -41.273071763245959 ], [ -73.392316120742322, -41.272885625302479 ], [ -73.393030616464813, -41.272265102468722 ], [ -73.395145647698982, -41.271303777715609 ], [ -73.395327304117416, -41.270468684302188 ], [ -73.395848492272222, -41.269998492338942 ], [ -73.396375205066022, -41.269879718867095 ], [ -73.397393095097613, -41.270056011778529 ], [ -73.397920975701282, -41.269982255550246 ], [ -73.398976914775048, -41.268997217500456 ], [ -73.399682656415081, -41.268727736032446 ], [ -73.400356032653733, -41.268286809565097 ], [ -73.400852639309093, -41.268149547314366 ], [ -73.402194637901928, -41.267889020958002 ], [ -73.402907563369311, -41.268052015055176 ], [ -73.403639474730184, -41.267503638905097 ], [ -73.404136072402395, -41.267366437127237 ], [ -73.404952560147294, -41.267323705796457 ], [ -73.405695921434784, -41.267442143612925 ], [ -73.406085648334283, -41.267213359496871 ], [ -73.406318789896602, -41.266802259905674 ], [ -73.408131516478107, -41.265863501769807 ], [ -73.409760975063534, -41.265588762196892 ], [ -73.410020253109053, -41.265664376887166 ], [ -73.410772140306918, -41.266260293261539 ], [ -73.411591301438079, -41.266325623568356 ], [ -73.412403347013893, -41.266066587579104 ], [ -73.412963355863695, -41.26611043655079 ], [ -73.414197320365517, -41.265686033446627 ], [ -73.414892467275109, -41.265695618293321 ], [ -73.415654953694997, -41.266003270530319 ], [ -73.415941643831403, -41.265998227284094 ], [ -73.417279087965753, -41.265521279198992 ], [ -73.417567784938498, -41.265579296174678 ], [ -73.418211697334144, -41.266011429258121 ], [ -73.419440225231881, -41.266181417264541 ], [ -73.420502906161857, -41.265556480887973 ], [ -73.421047398411758, -41.265500937255617 ], [ -73.421643084751366, -41.265887475635182 ], [ -73.421902576595926, -41.265926985734581 ], [ -73.42236479214894, -41.265600128309082 ], [ -73.423395113067443, -41.265668237161137 ], [ -73.423722516649164, -41.265393551460299 ], [ -73.424537415274315, -41.265323597591347 ], [ -73.424802325756659, -41.264948931901557 ], [ -73.425282036898153, -41.264703266900625 ], [ -73.427772028525183, -41.264349982532018 ], [ -73.428605904959014, -41.264397437764686 ], [ -73.429173540505602, -41.264900531065244 ], [ -73.429767820981809, -41.265070807587364 ], [ -73.43195450723293, -41.2647313378543 ], [ -73.432342771675138, -41.264475377333746 ], [ -73.432783196794318, -41.263778806649896 ], [ -73.433069559943959, -41.263656597005919 ], [ -73.433916658680474, -41.263677096181311 ], [ -73.43411099481915, -41.263535643096823 ], [ -73.434412114593954, -41.262675007953312 ], [ -73.43475373940494, -41.262400479827079 ], [ -73.435597968922423, -41.262195804525966 ], [ -73.436643285417944, -41.262255027774017 ], [ -73.437285331114452, -41.261858394941328 ], [ -73.438681251082215, -41.262075485360754 ], [ -73.439564298599763, -41.261619076647492 ], [ -73.440713705582212, -41.261571563348404 ], [ -73.441457524112195, -41.261509620842787 ], [ -73.442290295618236, -41.261313746949426 ], [ -73.442739915892673, -41.260698292844701 ], [ -73.443537392591196, -41.260447862600614 ], [ -73.444114066087835, -41.25978913194794 ], [ -73.445636454474567, -41.259485421821395 ], [ -73.44638600515438, -41.259180323903408 ], [ -73.447563912985842, -41.25984470609955 ], [ -73.450725642324457, -41.260544813321971 ], [ -73.451222655916638, -41.260506530327312 ], [ -73.452393702415961, -41.260044840047236 ], [ -73.453016547521571, -41.260080231067057 ], [ -73.454292992454867, -41.260457696044291 ], [ -73.454548775155601, -41.260370992598283 ], [ -73.454738580192, -41.26004033116687 ], [ -73.454416595248077, -41.259018214583463 ], [ -73.454484086573686, -41.258586666628112 ], [ -73.455095899469285, -41.258207556600745 ], [ -73.456978370351152, -41.257692418239671 ], [ -73.457395274881236, -41.25734667363389 ], [ -73.457874851275463, -41.256371363442092 ], [ -73.458232330452873, -41.256015823654707 ], [ -73.459223847744354, -41.255722867496935 ], [ -73.45980584914895, -41.255307271453368 ], [ -73.460333439596781, -41.255174746412706 ], [ -73.460518142202332, -41.256870540274249 ], [ -73.460947915997195, -41.257727578227815 ], [ -73.461594261030655, -41.258920676113419 ], [ -73.462693513274147, -41.259953155141652 ], [ -73.462396949754449, -41.260926540658879 ], [ -73.462763114742373, -41.261859139085068 ], [ -73.462757501170159, -41.262318530777968 ], [ -73.462615044535767, -41.262793933634221 ], [ -73.462024024944043, -41.26359678081014 ], [ -73.462181545427427, -41.264670698178008 ], [ -73.46199367356553, -41.265109580826483 ], [ -73.460904872322047, -41.265149054933985 ], [ -73.46014539166508, -41.265562253414878 ], [ -73.458075660674055, -41.267241461106423 ], [ -73.45698500081626, -41.268816640320999 ], [ -73.454847878212618, -41.269616717429535 ], [ -73.454559120154414, -41.270373877152096 ], [ -73.455260287573026, -41.271333637729157 ], [ -73.454948986292791, -41.271653668213879 ], [ -73.453925888727511, -41.27200925992728 ], [ -73.453808380105187, -41.272178822496414 ], [ -73.454616282650903, -41.272473386653758 ], [ -73.454715056009633, -41.272844051420414 ], [ -73.454487517239755, -41.272903991474848 ], [ -73.453772513070831, -41.272687259104309 ], [ -73.453502501954304, -41.272746630147878 ], [ -73.45326822671808, -41.273567692581565 ], [ -73.454006155893083, -41.275658296430173 ], [ -73.45529633516874, -41.277112299256515 ], [ -73.455397565419801, -41.278392732551133 ], [ -73.455028767469813, -41.278901170716892 ], [ -73.454541153848737, -41.278723498850297 ], [ -73.45424097461003, -41.277278246199003 ], [ -73.453887577377259, -41.277012310835168 ], [ -73.453294001180225, -41.277625865356796 ], [ -73.453315941632738, -41.278815105418488 ], [ -73.453675640547232, -41.279351433489914 ], [ -73.454532319816224, -41.279858240618836 ], [ -73.454713121038523, -41.281432558488653 ], [ -73.455658099310071, -41.281868512786595 ], [ -73.456308213674447, -41.282467258239834 ], [ -73.456148817508762, -41.282834436328912 ], [ -73.456398080237165, -41.283216079258118 ], [ -73.457371141641133, -41.283121092158126 ], [ -73.458886822307619, -41.283226844211079 ], [ -73.461078545412548, -41.284945114363495 ], [ -73.463511341305434, -41.287405101563984 ], [ -73.464830617911474, -41.288692705150339 ], [ -73.466453326555879, -41.289011646820228 ], [ -73.46838087579701, -41.289248930878308 ], [ -73.46883996161958, -41.289498242905829 ], [ -73.468636531835273, -41.290729581726261 ], [ -73.469423231445347, -41.291847979898087 ], [ -73.469804831286467, -41.294780390997467 ], [ -73.470717631904535, -41.296539958903551 ], [ -73.471460707527797, -41.296621904139307 ], [ -73.471517456799234, -41.296077688577988 ], [ -73.471876509825023, -41.295150237282591 ], [ -73.472536358333826, -41.295023864720775 ], [ -73.473007254307433, -41.295156228567009 ], [ -73.473215588893183, -41.295726414500798 ], [ -73.473879799621002, -41.296410809758129 ], [ -73.473830175786389, -41.297031683440785 ], [ -73.473132428254075, -41.297661936321347 ], [ -73.472942984340435, -41.298100749010494 ], [ -73.47311859509702, -41.29848138614733 ], [ -73.474989015079316, -41.298172871272854 ], [ -73.475720435061746, -41.297633130393386 ], [ -73.476431801053778, -41.297538953911719 ], [ -73.477801445299491, -41.297255363382178 ], [ -73.478060145728264, -41.29730384686296 ], [ -73.47812432406711, -41.297493865342631 ], [ -73.477776213419787, -41.298245870137784 ], [ -73.477758009060565, -41.298479742795585 ], [ -73.478905616717483, -41.298792238037478 ], [ -73.480828748942344, -41.29881763461308 ], [ -73.481930263143738, -41.298989756874839 ], [ -73.482517222350381, -41.299209239095049 ], [ -73.482250205318692, -41.298683257589111 ], [ -73.482336232481885, -41.298450204975204 ], [ -73.482892318388835, -41.298322435711697 ], [ -73.482635692170049, -41.297544445552589 ], [ -73.482699256061238, -41.296959759013106 ], [ -73.482832554371299, -41.296781363548391 ], [ -73.483333032765543, -41.296797017301358 ], [ -73.483945646060079, -41.29716537681788 ], [ -73.48439332687181, -41.297621603834266 ], [ -73.484219081554457, -41.297988587986509 ], [ -73.483516696020331, -41.298438733901349 ], [ -73.483221116155875, -41.298795108996309 ], [ -73.483156771628686, -41.299379752762853 ], [ -73.483375073022515, -41.299715925060326 ], [ -73.484378434601027, -41.300003898308219 ], [ -73.485707498352085, -41.299733083754759 ], [ -73.486205684245718, -41.299757739626628 ], [ -73.487188965782664, -41.300428193011975 ], [ -73.488555128158353, -41.300653275147916 ], [ -73.489965608918553, -41.301059096031139 ], [ -73.490641791494156, -41.302234401251354 ], [ -73.489755012374914, -41.30387560442783 ], [ -73.489536573538842, -41.304444734963965 ], [ -73.490718565111592, -41.305185283525148 ], [ -73.490992676139086, -41.305179878229588 ], [ -73.491543550020765, -41.304763787219855 ], [ -73.491995231928769, -41.30469766400374 ], [ -73.492859492080456, -41.30477200048707 ], [ -73.493820134275623, -41.305072846537051 ], [ -73.498123088741067, -41.305183112634346 ], [ -73.499139483077712, -41.305331476692999 ], [ -73.500168654152645, -41.305281870210365 ], [ -73.501246024334137, -41.305476067521369 ], [ -73.501446864275451, -41.306190255147428 ], [ -73.502207956510048, -41.306731568352376 ], [ -73.503101735301968, -41.30587851335342 ], [ -73.503649283620476, -41.306128862436871 ], [ -73.50396624608365, -41.306141956422216 ], [ -73.504117205272181, -41.30603586901784 ], [ -73.504038482310577, -41.305854623682237 ], [ -73.503365366583353, -41.305251454158856 ], [ -73.503543233009623, -41.304884448791128 ], [ -73.504476299620507, -41.304437157341724 ], [ -73.505924707252007, -41.30404163851923 ], [ -73.507130934472784, -41.303886183092594 ], [ -73.5119390592332, -41.303547623804285 ], [ -73.512746128142354, -41.303967861987807 ], [ -73.513590296574407, -41.303911240268768 ], [ -73.514234562007971, -41.303388104681403 ], [ -73.515022413258222, -41.302488521195123 ], [ -73.515243249697775, -41.301964466518804 ], [ -73.515046993859343, -41.301601599086403 ], [ -73.515800467482009, -41.301395175315143 ], [ -73.519396403801395, -41.301036163572263 ], [ -73.520035534464796, -41.301296550198799 ], [ -73.520292647570471, -41.301281859874337 ], [ -73.520621396828474, -41.300970851134799 ], [ -73.520878129048469, -41.300911106248783 ], [ -73.52202245336305, -41.301808520245999 ], [ -73.523039860999319, -41.302208898705246 ], [ -73.523095746091457, -41.302876160531881 ], [ -73.523600161801596, -41.303414011668423 ], [ -73.524449831516449, -41.303605153491823 ], [ -73.525478736690047, -41.303532685647461 ], [ -73.526767228929614, -41.303733814658322 ], [ -73.527022405267545, -41.303674116842586 ], [ -73.527126139123297, -41.303477215495747 ], [ -73.526923282464139, -41.302907212717628 ], [ -73.527087648109983, -41.302765161027764 ], [ -73.527855631321117, -41.302477758070552 ], [ -73.5294700574986, -41.302129097739027 ], [ -73.529588140144384, -41.301923440919808 ], [ -73.529522773334406, -41.301508305648362 ], [ -73.529733121044714, -41.301384868213951 ], [ -73.529975253844711, -41.301441927409464 ], [ -73.531008219403404, -41.301482178575839 ], [ -73.531697976421256, -41.302616865363071 ], [ -73.531641733799631, -41.302859400146588 ], [ -73.530890492490471, -41.303237115128191 ], [ -73.530862795633624, -41.303471000255243 ], [ -73.53145140594377, -41.304689929177009 ], [ -73.532123110417672, -41.305063293115872 ], [ -73.532176706602485, -41.305766635630498 ], [ -73.531940224205613, -41.306195890468743 ], [ -73.530741792564854, -41.307099391976422 ], [ -73.529888925745894, -41.307511867379837 ], [ -73.528522637606088, -41.30757540058331 ], [ -73.528070456234786, -41.307794890347132 ], [ -73.527339338086307, -41.308204319410279 ], [ -73.527324061336586, -41.308884267160174 ], [ -73.527238106936935, -41.309617159264938 ], [ -73.527502357157545, -41.310251053014809 ], [ -73.528478506071139, -41.310835565737904 ], [ -73.529145124283914, -41.311501611776166 ], [ -73.530309154042556, -41.31147149416806 ], [ -73.531547120538974, -41.311933094663651 ], [ -73.53296396406634, -41.311811617543583 ], [ -73.532834983957841, -41.311206403286612 ], [ -73.532132973021191, -41.310882259107402 ], [ -73.53238167250592, -41.310146779322373 ], [ -73.532989483406922, -41.310307642238001 ], [ -73.53344090839677, -41.30898933438764 ], [ -73.533731764021127, -41.308569732497354 ], [ -73.532975182227602, -41.307816979639433 ], [ -73.53384474423612, -41.30732814222219 ], [ -73.534331787426964, -41.307550561424016 ], [ -73.534562645471823, -41.307940793577501 ], [ -73.534989143110849, -41.308198424469502 ], [ -73.534998945527221, -41.308865063590119 ], [ -73.535316521539713, -41.308950111495484 ], [ -73.536129281276175, -41.308663247283249 ], [ -73.536328894118839, -41.308818893080577 ], [ -73.536122362451863, -41.309239672201755 ], [ -73.536260642818505, -41.309430565500627 ], [ -73.537587953058122, -41.309042156743082 ], [ -73.538018067314468, -41.308435072589461 ], [ -73.538075486729127, -41.308174564664156 ], [ -73.537802398882761, -41.308099051855216 ], [ -73.53769376651374, -41.307881542275886 ], [ -73.538814146234415, -41.30762550871674 ], [ -73.539712332161145, -41.30832600906168 ], [ -73.541057822505493, -41.307919729333314 ], [ -73.541108076059118, -41.307411443062811 ], [ -73.540923336622626, -41.307255954507298 ], [ -73.541103737196295, -41.30706906652096 ], [ -73.542143554205651, -41.306776058733675 ], [ -73.542476715090018, -41.306798289404689 ], [ -73.543247224363725, -41.30747002809445 ], [ -73.544087093458828, -41.307638249484796 ], [ -73.544567294182158, -41.307058885829179 ], [ -73.545525427382728, -41.306278345198237 ], [ -73.547131605229268, -41.306433772653364 ], [ -73.547475747119663, -41.30613181607422 ], [ -73.547786070134563, -41.305469248511542 ], [ -73.5480733019551, -41.305445853330333 ], [ -73.549000694806637, -41.305943976082169 ], [ -73.550150924645877, -41.305922391588602 ], [ -73.550637629171874, -41.306126683479803 ], [ -73.550480245232407, -41.306764242275982 ], [ -73.550770762191931, -41.307164174632767 ], [ -73.550689110722487, -41.307748649576162 ], [ -73.551103390375346, -41.308258229482931 ], [ -73.551656059989256, -41.308688636640895 ], [ -73.552320845638874, -41.30890858150741 ], [ -73.552265423179108, -41.309358289018817 ], [ -73.551318702175891, -41.309796697768284 ], [ -73.551291641326259, -41.31000356458307 ], [ -73.551749395845604, -41.310810963986711 ], [ -73.552369504682872, -41.311404289376057 ], [ -73.554589945130786, -41.311270092806915 ], [ -73.55483194857338, -41.311201045723109 ], [ -73.55453622138522, -41.31065690593622 ], [ -73.556478179603488, -41.311032562947375 ], [ -73.556969894932138, -41.311588173759731 ], [ -73.557760929811764, -41.311913277295545 ], [ -73.557642928912685, -41.312119032834048 ], [ -73.556568307575944, -41.312231666167804 ], [ -73.556390189621411, -41.312418562297154 ], [ -73.556621908252325, -41.313047480287302 ], [ -73.557177085962536, -41.313369699481264 ], [ -73.559440115538081, -41.312763046973977 ], [ -73.562177170817691, -41.313008941321428 ], [ -73.562909281604576, -41.312310993245042 ], [ -73.564294552942968, -41.312612001534347 ], [ -73.564949713144301, -41.312147308085514 ], [ -73.564591010461442, -41.311926707493534 ], [ -73.565299058975143, -41.311097816049987 ], [ -73.565223454964197, -41.310970705839118 ], [ -73.564325957146991, -41.311180228143563 ], [ -73.563704662533539, -41.310501453460581 ], [ -73.563670644232062, -41.310284839887501 ], [ -73.564239961424846, -41.309787491871404 ], [ -73.564115393841021, -41.309614823877197 ], [ -73.562738914314309, -41.309836356727487 ], [ -73.562959013237005, -41.309298597701996 ], [ -73.563501782518216, -41.308859547260838 ], [ -73.564242993238921, -41.307778924780948 ], [ -73.564500284211007, -41.307655993839312 ], [ -73.565331719922241, -41.307666397119434 ], [ -73.565825663971097, -41.307240192597881 ], [ -73.566127902148452, -41.307180971025502 ], [ -73.565475867185995, -41.306848556713632 ], [ -73.565210967483424, -41.306502891591748 ], [ -73.564904933025701, -41.306192865304688 ], [ -73.565218596875141, -41.305881518962508 ], [ -73.566050407183823, -41.305873830163385 ], [ -73.567232794913608, -41.306870398674583 ], [ -73.568403184744469, -41.305416786987308 ], [ -73.568797367287772, -41.305385619253357 ], [ -73.569556695231128, -41.305656286843032 ], [ -73.570326320562586, -41.305422603226127 ], [ -73.571143261058381, -41.305477871977693 ], [ -73.57196605407826, -41.304722413823541 ], [ -73.573348177719879, -41.30512692655396 ], [ -73.573892742733335, -41.305079574487671 ], [ -73.574357945184659, -41.304797132902976 ], [ -73.574533648467721, -41.304411962028212 ], [ -73.574892511949002, -41.304146218225675 ], [ -73.575422811715725, -41.304206749697265 ], [ -73.575792685847432, -41.304769860624361 ], [ -73.577410700794488, -41.30434846488231 ], [ -73.578496966992248, -41.303181938954886 ], [ -73.579027913545957, -41.303314566303179 ], [ -73.579668841738268, -41.303948513230729 ], [ -73.581704849075209, -41.304081744342263 ], [ -73.58246408898367, -41.303528049527451 ], [ -73.583495819358831, -41.302595040198099 ], [ -73.584518351883801, -41.302058191208737 ], [ -73.585863190949581, -41.301903529404107 ], [ -73.587091101704686, -41.301044973886363 ], [ -73.58912815108738, -41.300709650670704 ], [ -73.589992499273961, -41.300783249349884 ], [ -73.590493570556305, -41.300987605931681 ], [ -73.590438857765605, -41.301410230037106 ], [ -73.589919034151734, -41.30215150005651 ], [ -73.590025113508659, -41.302909433622503 ], [ -73.591223369977953, -41.302766467524641 ], [ -73.591673003727109, -41.30206487830452 ], [ -73.591813773325399, -41.301246921750639 ], [ -73.592335919084292, -41.300676823218367 ], [ -73.593138701232888, -41.300731690398692 ], [ -73.593779509949229, -41.30117186522245 ], [ -73.59539727785959, -41.301065554451483 ], [ -73.595560276269566, -41.300842324213733 ], [ -73.595178740208837, -41.300567412654992 ], [ -73.595204087072887, -41.300189406188494 ], [ -73.595900017313369, -41.300215925878305 ], [ -73.59696251139377, -41.300517209340377 ], [ -73.597337156477963, -41.300242430035333 ], [ -73.59813751676856, -41.300135083847437 ], [ -73.597736225856409, -41.299526761374651 ], [ -73.599059818867403, -41.298867312826609 ], [ -73.599515180274807, -41.299071027525528 ], [ -73.600076250034959, -41.299086841350807 ], [ -73.60052268129013, -41.299749774756584 ], [ -73.601037177894383, -41.299675026948037 ], [ -73.60111877187164, -41.299036530265134 ], [ -73.601664605306269, -41.299133198944745 ], [ -73.601880262958204, -41.299487094120103 ], [ -73.601738427957983, -41.300115908069834 ], [ -73.602502466666706, -41.300728712221662 ], [ -73.603030139759539, -41.30059102554354 ], [ -73.603039625968961, -41.300185698452118 ], [ -73.603234065413886, -41.300025959195722 ], [ -73.604616539398478, -41.299367186524485 ], [ -73.605980664395076, -41.299563871497888 ], [ -73.606336367603177, -41.30010856682425 ], [ -73.60708081405555, -41.300838225093685 ], [ -73.607920844847385, -41.30086634192061 ], [ -73.607545356245154, -41.301141041662859 ], [ -73.6076544557381, -41.301313544486788 ], [ -73.608167774651008, -41.30132879966051 ], [ -73.608813641780728, -41.301039265909729 ], [ -73.609058476713102, -41.301150335162646 ], [ -73.608912311833208, -41.301526921560765 ], [ -73.609172858299914, -41.301845366553017 ], [ -73.6100596985046, -41.301423639453446 ], [ -73.610334839899693, -41.301580181194481 ], [ -73.610247850640846, -41.301948344983948 ], [ -73.610472672006992, -41.302752754704777 ], [ -73.611262117766898, -41.302978415929779 ], [ -73.611234596081545, -41.303856314353766 ], [ -73.611792730147343, -41.304079308206589 ], [ -73.612705692462171, -41.303491288525635 ], [ -73.613723460322873, -41.303791776074583 ], [ -73.613042566083621, -41.30478339756619 ], [ -73.613741169710394, -41.30500346897621 ], [ -73.615279857129636, -41.305391298507267 ], [ -73.616024367362371, -41.3067243297467 ], [ -73.617364182150766, -41.306528857398881 ], [ -73.617730325579103, -41.305844097297317 ], [ -73.61843855914573, -41.30574901627692 ], [ -73.618762448518055, -41.306919333871839 ], [ -73.619559517381447, -41.306969522810647 ], [ -73.620234821404708, -41.307094675808955 ], [ -73.621000247112221, -41.307473182085005 ], [ -73.621854185621302, -41.306492624436544 ], [ -73.622110886400264, -41.306531640292548 ], [ -73.623366317044116, -41.307609575499171 ], [ -73.624095802055436, -41.307861459158225 ], [ -73.624129087331653, -41.308051085190421 ], [ -73.623815478279425, -41.308407655404089 ], [ -73.624201788885898, -41.308997676680185 ], [ -73.625396653316656, -41.308876838505469 ], [ -73.627124856514769, -41.308032745779599 ], [ -73.629080657771567, -41.3072633948182 ], [ -73.629744218119129, -41.307163258931986 ], [ -73.630550584545716, -41.307452052909447 ], [ -73.631396952053578, -41.307426115811374 ], [ -73.631899666354556, -41.307666293201351 ], [ -73.632025355934175, -41.30790197830266 ], [ -73.631847299065072, -41.308278181569811 ], [ -73.632019790870984, -41.308667540248734 ], [ -73.633726383298296, -41.309498507155858 ], [ -73.634771764472504, -41.309600972819567 ], [ -73.635593695109705, -41.308890093211382 ], [ -73.636716901828592, -41.309160155148739 ], [ -73.637099289492227, -41.309443889595713 ], [ -73.63717996449293, -41.310949104791121 ], [ -73.638354514421863, -41.311336790321697 ], [ -73.638387697290142, -41.311357725933334 ], [ -73.638430744558548, -41.311496869611751 ], [ -73.638427875339545, -41.311635507604237 ], [ -73.638424673743856, -41.311791492452514 ], [ -73.638546006494352, -41.312035607107056 ], [ -73.638635504747782, -41.312157974474786 ], [ -73.638782718859915, -41.312263775947144 ], [ -73.639125859128782, -41.312345805336228 ], [ -73.639482491194897, -41.312332728115948 ], [ -73.639724174837241, -41.312318244725368 ], [ -73.639863728116637, -41.312241871692187 ], [ -73.639934853127585, -41.312138683477237 ], [ -73.640029324454432, -41.312018473916375 ], [ -73.640145603283116, -41.311950489679141 ], [ -73.64023763658227, -41.311951565902795 ], [ -73.640317521065541, -41.311978506575201 ], [ -73.640362010130005, -41.312048405041537 ], [ -73.640417720050664, -41.312135771946338 ], [ -73.640485213172909, -41.31220584635269 ], [ -73.6405533090647, -41.312250007771233 ], [ -73.640679207053466, -41.312277448306354 ], [ -73.640805181399003, -41.312296330367516 ], [ -73.640978532892632, -41.312255027201161 ], [ -73.641153382776182, -41.312170145546105 ], [ -73.641123391622102, -41.312140451312864 ], [ -73.641067034914428, -41.312013722343096 ], [ -73.641074624780273, -41.311824589607447 ], [ -73.641211094143287, -41.311691101042626 ], [ -73.641422333880669, -41.311585569891214 ], [ -73.64160766440861, -41.31147061226541 ], [ -73.641669958081991, -41.311309288662699 ], [ -73.641656247994135, -41.311110911736471 ], [ -73.641621109493485, -41.310930364713911 ], [ -73.641661902888828, -41.310759731451064 ], [ -73.641751212496061, -41.310598644280304 ], [ -73.641867490426449, -41.310428869123982 ], [ -73.641990186819527, -41.310268202864343 ], [ -73.642112838296853, -41.31011653625638 ], [ -73.64222966060629, -41.309955811871674 ], [ -73.642317396365144, -41.309794640392496 ], [ -73.642379967617941, -41.309615234138903 ], [ -73.642400006336985, -41.309444407147602 ], [ -73.642405987320146, -41.309264337974838 ], [ -73.642413429862287, -41.309084209599028 ], [ -73.642127386512868, -41.308837756574782 ], [ -73.641955542392282, -41.308700574885357 ], [ -73.64179858335595, -41.30856360209016 ], [ -73.641640799666192, -41.308435661001802 ], [ -73.641490597757411, -41.30829878346966 ], [ -73.641353955019568, -41.30815309697244 ], [ -73.641252195660797, -41.307980699963828 ], [ -73.641205308094541, -41.307799964103346 ], [ -73.641251390770307, -41.307629412394931 ], [ -73.641402878168236, -41.307487129415513 ], [ -73.641607981513914, -41.307390402940257 ], [ -73.641812848602669, -41.307302757733154 ], [ -73.642037745427302, -41.30722440774155 ], [ -73.642256418723662, -41.307154865120076 ], [ -73.642475097409914, -41.307085395977481 ], [ -73.642699888233338, -41.307006974870767 ], [ -73.642904615184904, -41.306928405888435 ], [ -73.64310961702094, -41.306831680608717 ], [ -73.64330820398753, -41.306725920256099 ], [ -73.643484615143038, -41.306610950687364 ], [ -73.643663313409249, -41.306486890619354 ], [ -73.643827378119482, -41.306353758220069 ], [ -73.643998095752721, -41.306220652541242 ], [ -73.644162056258352, -41.306087450093017 ], [ -73.644331708489659, -41.305972384250218 ], [ -73.644516924931565, -41.305857499728631 ], [ -73.644708066661096, -41.305751668965044 ], [ -73.644893381019372, -41.30563678068053 ], [ -73.645104442890315, -41.305540102071426 ], [ -73.645303708983278, -41.305434384161728 ], [ -73.645499703411971, -41.305337650592342 ], [ -73.645704894792544, -41.305240986385712 ], [ -73.645909892137013, -41.305144329458784 ], [ -73.646108229371947, -41.305047573864869 ], [ -73.646313463871664, -41.304941907792696 ], [ -73.646511112997104, -41.304845106010561 ], [ -73.646709589470916, -41.304739343785407 ], [ -73.646901178561436, -41.304642637527543 ], [ -73.647092211594824, -41.304536734610373 ], [ -73.647270071732876, -41.304421700447222 ], [ -73.647433742981008, -41.304306577003942 ], [ -73.64751655866705, -41.304127381716974 ], [ -73.64752941805034, -41.303938330027229 ], [ -73.647515219278958, -41.303758045222423 ], [ -73.647460931391393, -41.30356831762677 ], [ -73.647400518790221, -41.303387394078065 ], [ -73.647358717485105, -41.303206823642938 ], [ -73.647385937336537, -41.303044999105964 ], [ -73.647488301261461, -41.302893115942197 ], [ -73.647645046498766, -41.302750832750291 ], [ -73.647816532191555, -41.302617764256546 ], [ -73.64800064190905, -41.302484773773486 ], [ -73.648150634510344, -41.302342469445186 ], [ -73.648252546582711, -41.302181530865212 ], [ -73.648259736698236, -41.302010411082911 ], [ -73.648239805777024, -41.301821064418647 ], [ -73.648218851674713, -41.301640683329808 ], [ -73.648259175251184, -41.301460994145238 ], [ -73.648328435359588, -41.30129068162784 ], [ -73.648438613729184, -41.301120852540613 ], [ -73.648553794816607, -41.300969113365085 ], [ -73.648696482318016, -41.300817662678135 ], [ -73.648882013170265, -41.300693759629446 ], [ -73.649086463440739, -41.300624042676326 ], [ -73.649312034001838, -41.300581719816478 ], [ -73.649558303543728, -41.300548517074027 ], [ -73.649803413360559, -41.300533357548822 ], [ -73.650029080041392, -41.300491029906048 ], [ -73.650253834932229, -41.300412522583891 ], [ -73.650458911328428, -41.300315928686317 ], [ -73.650649930887084, -41.300210093653078 ], [ -73.650807990359638, -41.300076826286961 ], [ -73.650950527842397, -41.29993437700562 ], [ -73.651082047488202, -41.299782784216724 ], [ -73.651204464505227, -41.299631119538674 ], [ -73.651327309120333, -41.299470363233304 ], [ -73.651456576689725, -41.29931878758763 ], [ -73.651579089826498, -41.299167117106386 ], [ -73.651688599849521, -41.298889179732114 ], [ -73.651757062253935, -41.298718824729555 ], [ -73.6518322853792, -41.298548637328921 ], [ -73.651947493416074, -41.298387820989845 ], [ -73.652084289765853, -41.298236235404531 ], [ -73.652235591212531, -41.298102945108084 ], [ -73.652406173200148, -41.297969832711033 ], [ -73.65256981839714, -41.297854701927236 ], [ -73.652748579545417, -41.297730699439043 ], [ -73.652932523074568, -41.297606706838486 ], [ -73.653108794991212, -41.297491728615569 ], [ -73.653300034637084, -41.297376808231292 ], [ -73.653492606484548, -41.297270979227008 ], [ -73.653697570591348, -41.297174384726048 ], [ -73.653914968279992, -41.29709579917229 ], [ -73.654127765696074, -41.297017178428874 ], [ -73.65434708488111, -41.296947734931017 ], [ -73.654578154030077, -41.296896328175627 ], [ -73.654817114878796, -41.296854116280727 ], [ -73.655049178462775, -41.296820813779362 ], [ -73.655288783403563, -41.296787646916954 ], [ -73.655521768659042, -41.296745306719622 ], [ -73.655752602449382, -41.296702979992958 ], [ -73.655971767124186, -41.296642390938317 ], [ -73.656190399996348, -41.296572970663213 ], [ -73.656408072569477, -41.296476372428891 ], [ -73.656607293746674, -41.296370637125889 ], [ -73.656792017013501, -41.296246755324908 ], [ -73.656935314470985, -41.29610426798213 ], [ -73.657043615361644, -41.295952430746034 ], [ -73.65712639421676, -41.295773230726269 ], [ -73.657174276218029, -41.295584675854961 ], [ -73.657187991695778, -41.29539566216814 ], [ -73.657173673448469, -41.295215383443967 ], [ -73.657105975510348, -41.295061461325879 ], [ -73.656982736534829, -41.294915913985285 ], [ -73.656818346634466, -41.294778894011444 ], [ -73.65664054309029, -41.294641680045601 ], [ -73.65647018478316, -41.294504606176346 ], [ -73.656333877116907, -41.294349925109003 ], [ -73.656237700787642, -41.294195682380803 ], [ -73.656169600404283, -41.294023704727316 ], [ -73.656127919473406, -41.293834060851822 ], [ -73.656080674377677, -41.293662418363908 ], [ -73.656025440564107, -41.293481584773808 ], [ -73.655951133720421, -41.29331856305776 ], [ -73.655841103572854, -41.293155144742826 ], [ -73.655712042615988, -41.293000537419296 ], [ -73.655574814176546, -41.29285481741865 ], [ -73.655438176828568, -41.29270914703865 ], [ -73.65530921738133, -41.29255453528333 ], [ -73.655205846444957, -41.292391215622111 ], [ -73.655124884881658, -41.292228093988044 ], [ -73.65506290651696, -41.292047238198158 ], [ -73.655021874169719, -41.291866639065191 ], [ -73.654981524542094, -41.291686013108873 ], [ -73.654933050551051, -41.291505273934149 ], [ -73.654886733415012, -41.291324594330298 ], [ -73.654803526961814, -41.291161489603148 ], [ -73.654708143844957, -41.291007286583515 ], [ -73.654564618215389, -41.290870524336505 ], [ -73.654386051103188, -41.29073333724795 ], [ -73.654196726665489, -41.290613994033293 ], [ -73.654004271599021, -41.290494629001302 ], [ -73.653840543757028, -41.29036665043725 ], [ -73.65370998261362, -41.290221027149151 ], [ -73.653628931218805, -41.290057907513393 ], [ -73.653614718074394, -41.289877549239883 ], [ -73.653649199906553, -41.289688876080163 ], [ -73.653697089094365, -41.289500321846418 ], [ -73.65377215142118, -41.289339066059974 ], [ -73.653874855807629, -41.289169091105713 ], [ -73.653984718868543, -41.28901726742631 ], [ -73.654100146094351, -41.288847441480911 ], [ -73.654188661590865, -41.288677378847204 ], [ -73.654263723019383, -41.288516121026781 ], [ -73.654311463086842, -41.288336498958152 ], [ -73.654338949737905, -41.288156738021087 ], [ -73.65437352229992, -41.28796798631042 ], [ -73.65440683183067, -41.287797209261178 ], [ -73.65446774389514, -41.287626788839979 ], [ -73.654564435857367, -41.287465835548765 ], [ -73.654694597250469, -41.287305222737203 ], [ -73.654823835175435, -41.287153645822436 ], [ -73.654933688354902, -41.287001747252447 ], [ -73.655029188252755, -41.286822696796868 ], [ -73.655055205260027, -41.28664292088893 ], [ -73.654994559995203, -41.286471083302665 ], [ -73.654851920104491, -41.286334285221187 ], [ -73.654666373980874, -41.286206011615064 ], [ -73.654489244173149, -41.286077839009167 ], [ -73.654325564840164, -41.285940786296706 ], [ -73.654230051467579, -41.285795587842344 ], [ -73.654194991120377, -41.285614967353482 ], [ -73.654195802299057, -41.285425886978949 ], [ -73.654229355273259, -41.285246176075034 ], [ -73.654269652798575, -41.28506641202415 ], [ -73.654414146812016, -41.284897030764363 ], [ -73.654632217338815, -41.284854560669181 ], [ -73.654885487451693, -41.284839502801013 ], [ -73.655145229027895, -41.284842548531401 ], [ -73.655404229493996, -41.284836550899541 ], [ -73.655629589849312, -41.284803077555907 ], [ -73.655828117527108, -41.28473336656932 ], [ -73.655991628875128, -41.284618238074991 ], [ -73.656142102075108, -41.284484828822876 ], [ -73.656284457199874, -41.284351380146035 ], [ -73.656422450105609, -41.284208887072225 ], [ -73.656558434378383, -41.284057403545077 ], [ -73.65668182876243, -41.283896692563452 ], [ -73.656810516020144, -41.283736137795408 ], [ -73.65692724849805, -41.283575254561917 ], [ -73.65705009940136, -41.283405567686934 ], [ -73.657166938778786, -41.283244828098177 ], [ -73.657276927603846, -41.283083997657158 ], [ -73.657392102403065, -41.28292325052584 ], [ -73.657494885841245, -41.282753271008701 ], [ -73.657473229256382, -41.282572845964516 ], [ -73.657344145841634, -41.282427240384088 ], [ -73.657173818975551, -41.282290165827959 ], [ -73.657009365294797, -41.282153148363733 ], [ -73.6569201985197, -41.281989991681307 ], [ -73.656899875933036, -41.281818659613009 ], [ -73.656913251847612, -41.281638584367222 ], [ -73.656941207419251, -41.28144080709702 ], [ -73.657003672670839, -41.281270396401851 ], [ -73.657071322099938, -41.281099997412966 ], [ -73.657146411376218, -41.280929738393588 ], [ -73.65724176125542, -41.280759764485097 ], [ -73.65733677067314, -41.280598730123302 ], [ -73.657453600169106, -41.280437916113485 ], [ -73.657569551112729, -41.280277138161544 ], [ -73.65769877017307, -41.280125559097606 ], [ -73.657842720705773, -41.279983118228635 ], [ -73.657999940253532, -41.279849875696641 ], [ -73.658170562665333, -41.279716752382065 ], [ -73.6583345285609, -41.279583531584024 ], [ -73.658485911754269, -41.279441157715624 ], [ -73.658614342992109, -41.279289534854712 ], [ -73.658731074571705, -41.279128798629536 ], [ -73.658812673040558, -41.278967642102756 ], [ -73.658893919369788, -41.278797427477265 ], [ -73.658969143393364, -41.278618163458333 ], [ -73.65905190518049, -41.278439036666491 ], [ -73.659126987270255, -41.278268776781069 ], [ -73.659223645096517, -41.278107673488812 ], [ -73.659331372862013, -41.277946858741799 ], [ -73.659468659691925, -41.277804317928499 ], [ -73.6596175509587, -41.277670968332721 ], [ -73.659775540362659, -41.277537691375834 ], [ -73.659932744639065, -41.277404373640387 ], [ -73.660096609025004, -41.277271227109871 ], [ -73.660260565039067, -41.277138003345392 ], [ -73.660431034737272, -41.277013883166042 ], [ -73.660594751799493, -41.276889666884856 ], [ -73.66077334496282, -41.276765658977048 ], [ -73.660949786661021, -41.276641662985661 ], [ -73.661121624493418, -41.276517559415467 ], [ -73.661298942049029, -41.276393528521844 ], [ -73.66148247774305, -41.276278539241332 ], [ -73.661667916967161, -41.276154619963272 ], [ -73.661845580374163, -41.276039572876691 ], [ -73.662022798216768, -41.275915545125528 ], [ -73.662207896081057, -41.275800563779583 ], [ -73.662391865661348, -41.275676630091603 ], [ -73.662576827880045, -41.275570726053246 ], [ -73.662753159085469, -41.275446659604178 ], [ -73.662938259644719, -41.275331751696278 ], [ -73.663143327057767, -41.275234989010741 ], [ -73.663367984032234, -41.275156534334364 ], [ -73.663586532462773, -41.275087031785283 ], [ -73.663812752505805, -41.275008586382924 ], [ -73.664010735804538, -41.274920813270086 ], [ -73.664181194722957, -41.274796686849193 ], [ -73.664325119204534, -41.274654239076348 ], [ -73.664455097341303, -41.274502695563385 ], [ -73.6645718935996, -41.274341802395263 ], [ -73.664694473211696, -41.27418111744862 ], [ -73.664817009704649, -41.274029432408014 ], [ -73.664960290094143, -41.273878011670718 ], [ -73.665123990088389, -41.273753790772233 ], [ -73.665293900136177, -41.273620686755791 ], [ -73.665478846185181, -41.273514705790966 ], [ -73.66567123028473, -41.273408865084633 ], [ -73.665867670277819, -41.273294081867732 ], [ -73.666072532874978, -41.273197322237998 ], [ -73.666271529473349, -41.273100579343605 ], [ -73.666490132701114, -41.27299499992462 ], [ -73.666696325703228, -41.272907331453489 ], [ -73.666906642870799, -41.272837713759039 ], [ -73.667119072875934, -41.27277715587816 ], [ -73.667357614211426, -41.272824923658419 ], [ -73.667610484574013, -41.272863846902908 ], [ -73.66783620964533, -41.272848478398394 ], [ -73.668060852246754, -41.272770015452501 ], [ -73.668272633668252, -41.272700410439555 ], [ -73.66848410427265, -41.272612744948574 ], [ -73.668703798953473, -41.272525262307227 ], [ -73.668920957690275, -41.27245565770847 ], [ -73.669148022149685, -41.272404311998358 ], [ -73.669379615016453, -41.272388998073431 ], [ -73.669625800116705, -41.272391824958603 ], [ -73.669858201467221, -41.272412471276624 ], [ -73.67010346759092, -41.272424333116739 ], [ -73.670342453592497, -41.272418084535403 ], [ -73.670575110064547, -41.27238479994277 ], [ -73.670814466172004, -41.27236046387771 ], [ -73.671053868093537, -41.272327200185629 ], [ -73.671278636459093, -41.27228479415232 ], [ -73.671517392491936, -41.272242482613791 ], [ -73.671742938798531, -41.272200044792946 ], [ -73.671982720707419, -41.272148839990294 ], [ -73.672199637797391, -41.272088237584931 ], [ -73.672432660782107, -41.272036864579349 ], [ -73.672651187653059, -41.271967345205439 ], [ -73.672862417508966, -41.271888754945074 ], [ -73.673081959476207, -41.271810194297274 ], [ -73.673286903820056, -41.271713418964808 ], [ -73.673485785434067, -41.271616667794866 ], [ -73.673681970305609, -41.271510880050087 ], [ -73.673867130153653, -41.271395878792525 ], [ -73.674030806791677, -41.271271645743937 ], [ -73.674194723279882, -41.271138477251519 ], [ -73.674358439443779, -41.271005244346121 ], [ -73.665905624996881, -41.25431191832606 ], [ -73.663654468454439, -41.250056931076188 ], [ -73.662383179850863, -41.250870842213381 ], [ -73.661551670477806, -41.251518712304481 ], [ -73.661173964833438, -41.251748459103652 ], [ -73.66073143046998, -41.251869455779122 ], [ -73.660260954009601, -41.251900047325314 ], [ -73.659802258954159, -41.252002739885853 ], [ -73.658865604472027, -41.252577333438047 ], [ -73.658470741904068, -41.252770886654162 ], [ -73.657793417569721, -41.252952139665815 ], [ -73.656386905566436, -41.253151881415029 ], [ -73.655191631503911, -41.253200984549366 ], [ -73.654474362682151, -41.25318365153278 ], [ -73.653791190315317, -41.25303142605037 ], [ -73.652303031334171, -41.252430879555035 ], [ -73.65101173635091, -41.252378867046602 ], [ -73.650352021691106, -41.252645884051262 ], [ -73.649255335934356, -41.252907715908052 ], [ -73.648320558032864, -41.252401336422899 ], [ -73.647681194705797, -41.251682222723339 ], [ -73.648092772226278, -41.250642145924687 ], [ -73.648103562789444, -41.250119854300365 ], [ -73.648119053338206, -41.249367904096047 ], [ -73.64867492544613, -41.248451141848143 ], [ -73.648391709094938, -41.247285900791105 ], [ -73.648253104436478, -41.246590710383281 ], [ -73.648263824931092, -41.246072921882622 ], [ -73.649116804039451, -41.24561900582404 ], [ -73.649925027283729, -41.245124040836473 ], [ -73.650755407474492, -41.244246536921267 ], [ -73.651305398312246, -41.243617961371591 ], [ -73.651782050690201, -41.242812893564349 ], [ -73.652095686691851, -41.242469747082467 ], [ -73.652638536821428, -41.242187907856817 ], [ -73.652949810253901, -41.241957340513601 ], [ -73.653878365525429, -41.241562878345491 ], [ -73.654263979937554, -41.241450262822681 ], [ -73.655041911092141, -41.24094144182898 ], [ -73.655200733234366, -41.240650513430431 ], [ -73.655904298256445, -41.240023733875866 ], [ -73.655916068881623, -41.239447335772006 ], [ -73.657002073669631, -41.238820466320121 ], [ -73.657779260120847, -41.238568344495128 ], [ -73.658688804346028, -41.238840153902991 ], [ -73.659973174216759, -41.238868614254194 ], [ -73.660179203725477, -41.238609767943913 ], [ -73.659313098434183, -41.238324995895887 ], [ -73.659020766877788, -41.237628013932934 ], [ -73.659974264771506, -41.23713918566034 ], [ -73.660335058732329, -41.236747045918115 ], [ -73.661074850114886, -41.236350373717464 ], [ -73.662730081365837, -41.236108398324944 ], [ -73.665190403435645, -41.235380308421526 ], [ -73.665637237136067, -41.235151282969873 ], [ -73.666199257313792, -41.234653369648242 ], [ -73.666723158380762, -41.23393881855435 ], [ -73.666706860246563, -41.23309190126799 ], [ -73.666943638189153, -41.232815418705641 ], [ -73.66748146134637, -41.23255141679784 ], [ -73.669005425378117, -41.232605079290721 ], [ -73.670275731224748, -41.232187378384459 ], [ -73.670941678396019, -41.232150053624721 ], [ -73.672246636754736, -41.23248939813395 ], [ -73.672958286614403, -41.232443490422064 ], [ -73.676384612025004, -41.231717322927949 ], [ -73.677836047877321, -41.231301680929491 ], [ -73.678632689142631, -41.231031587912767 ], [ -73.679576414264389, -41.230384781430246 ], [ -73.680729239336458, -41.229717942451636 ], [ -73.68197772240994, -41.228633399406981 ], [ -73.682640296407286, -41.227501544868787 ], [ -73.682324512533782, -41.226669124293039 ], [ -73.682669080225608, -41.224024944958281 ], [ -73.682750243011526, -41.223845645444435 ], [ -73.683166666942967, -41.223607245314398 ], [ -73.683091864229254, -41.222800187127206 ], [ -73.682649235542684, -41.221925878110447 ], [ -73.682663233091446, -41.221227979397995 ], [ -73.68347478369553, -41.220395047865352 ], [ -73.683149894498285, -41.219904877851576 ], [ -73.683006424564269, -41.219439398484319 ], [ -73.683885963262327, -41.218526171372311 ], [ -73.683737699917927, -41.217362453699337 ], [ -73.684470134996644, -41.216533182722955 ], [ -73.684983402705569, -41.216070654642287 ], [ -73.685297380067055, -41.215281527002666 ], [ -73.685545139913984, -41.21512228139332 ], [ -73.686543513147726, -41.215079572652087 ], [ -73.687321277215645, -41.214511980010222 ], [ -73.687566666408557, -41.213762672550118 ], [ -73.688351606218973, -41.213505900100309 ], [ -73.688724692726154, -41.213230893717551 ], [ -73.690866641079509, -41.21356596556155 ], [ -73.692461130047548, -41.213129257281878 ], [ -73.693392217669881, -41.213770410719356 ], [ -73.694614536412359, -41.214013892615164 ], [ -73.69538302537498, -41.213905485583481 ], [ -73.695918544353518, -41.213970120853197 ], [ -73.696499503712374, -41.213958694400667 ], [ -73.697233254822976, -41.214552487510602 ], [ -73.697505180249351, -41.214564531499832 ], [ -73.698439507196568, -41.214404035346028 ], [ -73.699212436531667, -41.213701137482133 ], [ -73.700326378924998, -41.213434442503875 ], [ -73.701288038013075, -41.21226531856464 ], [ -73.701997337879931, -41.211877010669717 ], [ -73.703112333098801, -41.211511259592804 ], [ -73.704633072178666, -41.211249113888165 ], [ -73.705775179451109, -41.211442138042877 ], [ -73.706464198053808, -41.211774159773761 ], [ -73.707471045993927, -41.211263064211927 ], [ -73.708777333859288, -41.211106495089879 ], [ -73.710011345073511, -41.210714999349086 ], [ -73.710784348070419, -41.210376838694756 ], [ -73.7111930231342, -41.210371515428683 ], [ -73.711283140326884, -41.210705196939792 ], [ -73.711378883668189, -41.211013865014046 ], [ -73.711709765526678, -41.211453403421764 ], [ -73.711977717704556, -41.211635813085458 ], [ -73.712281196455294, -41.211741751858519 ], [ -73.713163718458418, -41.21175158046811 ], [ -73.713672228689617, -41.211782942264698 ], [ -73.714129566390639, -41.211980074275317 ], [ -73.714952901094634, -41.212258663491447 ], [ -73.715692058266612, -41.212651415045805 ], [ -73.716447645625124, -41.212863881784081 ], [ -73.717314771402584, -41.213002873940262 ], [ -73.718026910844074, -41.213036403686715 ], [ -73.720610029918291, -41.213053187812967 ], [ -73.723448110633072, -41.213180030580766 ], [ -73.725526968507381, -41.213393793075724 ], [ -73.72684669427106, -41.213694364296238 ], [ -73.727410248771292, -41.214088952732595 ], [ -73.727942309235999, -41.214658831743421 ], [ -73.72850246271453, -41.215536605146674 ], [ -73.728866014503282, -41.216053300965683 ], [ -73.729217922329326, -41.217159592188438 ], [ -73.72966942637089, -41.218394991415629 ], [ -73.729965458087946, -41.218885328158869 ], [ -73.730462266864251, -41.21931111913954 ], [ -73.731334346850502, -41.220079703559875 ], [ -73.732949327288509, -41.220840914597446 ], [ -73.733901353741786, -41.221017291212 ], [ -73.734658850918592, -41.221025613669362 ], [ -73.735295444739634, -41.220746605022647 ], [ -73.735741291191559, -41.220435772674712 ], [ -73.736426071542738, -41.220135667580394 ], [ -73.737332551614486, -41.21986329795034 ], [ -73.738851017058352, -41.219689300074748 ], [ -73.740117897628821, -41.21946488539691 ], [ -73.741388354392427, -41.219049789865196 ], [ -73.742021404359676, -41.218961336113175 ], [ -73.742729873284901, -41.218948541543902 ], [ -73.743200708173092, -41.219184459214397 ], [ -73.74363663722427, -41.219471161342341 ], [ -73.743800009333427, -41.219806216086965 ], [ -73.743885539728254, -41.220507011806269 ], [ -73.743873748441828, -41.221126486471341 ], [ -73.744003205555742, -41.221602862053167 ], [ -73.74423687622577, -41.221810508466127 ], [ -73.74493033520092, -41.221995993992401 ], [ -73.74574533803063, -41.222290855416212 ], [ -73.745929255508656, -41.222578885136784 ], [ -73.745845192960999, -41.223674289188935 ], [ -73.745901944927382, -41.224008508232792 ], [ -73.746295527396072, -41.224242735403742 ], [ -73.746779199209669, -41.224351758390959 ], [ -73.747658437870399, -41.22459962168783 ], [ -73.749857537042132, -41.225147849262093 ], [ -73.751615027115136, -41.225691211683106 ], [ -73.752270002263515, -41.226102103142807 ], [ -73.752609471117808, -41.226512323144895 ], [ -73.752991114078057, -41.227468531956468 ], [ -73.753188490115662, -41.227804009878035 ], [ -73.753478829208746, -41.228601797740538 ], [ -73.753686952690401, -41.229622199219804 ], [ -73.754027744763093, -41.230094613379052 ], [ -73.754362878347834, -41.230328943733831 ], [ -73.754904690024915, -41.230411700384963 ], [ -73.755754383095976, -41.23036959682441 ], [ -73.756227761114715, -41.230477308408041 ], [ -73.756697654568484, -41.230764322467202 ], [ -73.757201689392957, -41.2310518392528 ], [ -73.757845195750093, -41.231135607689566 ], [ -73.758960509870874, -41.231204476703198 ], [ -73.760033654377267, -41.231216075118901 ], [ -73.761231264957857, -41.231324291994589 ], [ -73.764324455535245, -41.231357515092789 ], [ -73.765719884124536, -41.23132287124519 ], [ -73.766429927796466, -41.231484302771115 ], [ -73.766966798739489, -41.231862538291054 ], [ -73.767775918502437, -41.232490799942049 ], [ -73.76827199964336, -41.232972803964103 ], [ -73.769513152464086, -41.234130042280029 ], [ -73.770026294408893, -41.234635301443902 ], [ -73.77212801979708, -41.23694215244808 ], [ -73.7724671490882, -41.237418855949628 ], [ -73.773457047615523, -41.238865515716149 ], [ -73.773751487517885, -41.239482148241471 ], [ -73.774027036748137, -41.239642776718156 ], [ -73.774441846407001, -41.239804919258923 ], [ -73.775553697522341, -41.239921858748133 ], [ -73.776107663405242, -41.24008536373875 ], [ -73.776854483206591, -41.240619156695097 ], [ -73.777757450865565, -41.241372224852832 ], [ -73.778956470004516, -41.242641009496872 ], [ -73.779874903059437, -41.243436492660592 ], [ -73.780280805023921, -41.244071481332035 ], [ -73.7804044769874, -41.244913674160998 ], [ -73.780390791154034, -41.24564939564042 ], [ -73.78065753958947, -41.246282871464359 ], [ -73.781156416287544, -41.246714691849995 ], [ -73.783001309742744, -41.247569093173162 ], [ -73.784797921446355, -41.248323910243236 ], [ -73.787009268248681, -41.249240649286676 ], [ -73.788389175746488, -41.249938423907729 ], [ -73.789741672950058, -41.250830055315753 ], [ -73.79079607590468, -41.251593002670816 ], [ -73.79195943282518, -41.252708903384651 ], [ -73.793061000925491, -41.253403774085712 ], [ -73.793660486240455, -41.253844836840642 ], [ -73.79392453973, -41.254257855616707 ], [ -73.793876004653526, -41.255051971619004 ], [ -73.793862820978404, -41.255769675954959 ], [ -73.794153808655139, -41.256567398027656 ], [ -73.794652872202818, -41.257730095780836 ], [ -73.795044562819513, -41.259153213533651 ], [ -73.795103512065097, -41.259731969470323 ], [ -73.795014630055931, -41.26078216374151 ], [ -73.794640292195567, -41.262197354254774 ], [ -73.794420727770444, -41.262773130991143 ], [ -73.794297563355101, -41.263259840336353 ], [ -73.79422427430265, -41.263822873236684 ], [ -73.794351560188531, -41.264285704300555 ], [ -73.79485507938, -41.264624258701858 ], [ -73.795634700265637, -41.264940662302493 ], [ -73.796084526254262, -41.265096097773124 ], [ -73.796463709627261, -41.26531724974668 ], [ -73.796666869018665, -41.265634778294675 ], [ -73.796659091404933, -41.266055156726665 ], [ -73.796439541352868, -41.266631010859321 ], [ -73.796277084626993, -41.267890653601782 ], [ -73.79624906796991, -41.269414490023784 ], [ -73.796341862142128, -41.270612801466399 ], [ -73.796565538156287, -41.271384266577712 ], [ -73.796934054035304, -41.271670032868251 ], [ -73.797476721806873, -41.271727026232313 ], [ -73.797816877872364, -41.271704852474834 ], [ -73.798088134053856, -41.271693669044666 ], [ -73.798647191587776, -41.271594342087582 ], [ -73.799134819581866, -41.271599415959166 ], [ -73.79989800848432, -41.271765123055317 ], [ -73.800939005879982, -41.271986186950095 ], [ -73.801911086323642, -41.272153992137362 ], [ -73.802326169968666, -41.272316018212393 ], [ -73.80336512369702, -41.272642102723204 ], [ -73.80419613720008, -41.272913590790445 ], [ -73.806204532121811, -41.273565084494464 ], [ -73.808494398866472, -41.274061814849667 ], [ -73.809602155460766, -41.274441238595038 ], [ -73.810503891529478, -41.274660743319501 ], [ -73.81230534155921, -41.275204847902792 ], [ -73.813482800233047, -41.275584927976645 ], [ -73.814525637378381, -41.275700757657511 ], [ -73.815852848803331, -41.275504163441539 ], [ -73.817465341806326, -41.274942731410711 ], [ -73.818589327364535, -41.274428619618135 ], [ -73.820136873969119, -41.273603608961999 ], [ -73.821117542306908, -41.273298321799096 ], [ -73.823148904455508, -41.272688470331666 ], [ -73.826786670826124, -41.271832074998031 ], [ -73.827972619477677, -41.271739081969166 ], [ -73.82880843806916, -41.271747536377383 ], [ -73.829783585361241, -41.271757501802043 ], [ -73.830827379212352, -41.271820627600739 ], [ -73.83145140560255, -41.27198467391235 ], [ -73.833242859179819, -41.272479597421025 ], [ -73.834916160042695, -41.273018409445704 ], [ -73.836024116062987, -41.273397419314151 ], [ -73.836646266770884, -41.273666547986004 ], [ -73.837891569808235, -41.274152088483881 ], [ -73.839319367392164, -41.274720058557541 ], [ -73.84163914623916, -41.276127685420278 ], [ -73.843125925408017, -41.277568476806088 ], [ -73.843741669331308, -41.278205369626306 ], [ -73.844353643025357, -41.279052406303975 ], [ -73.844550613024452, -41.279737714346787 ], [ -73.844542255997368, -41.280210631655201 ], [ -73.844808889448416, -41.280896467592029 ], [ -73.84500119629287, -41.281844475258445 ], [ -73.844983601889709, -41.282842936553578 ], [ -73.844536826579798, -41.284467633040741 ], [ -73.844455121211439, -41.28515009163818 ], [ -73.844159813536507, -41.2860931476975 ], [ -73.843795719165342, -41.286982975317834 ], [ -73.843295941457029, -41.287661159159732 ], [ -73.842380085668651, -41.288230096392077 ], [ -73.84188217645611, -41.28880316431438 ], [ -73.841450155974741, -41.289587202603236 ], [ -73.841512459529596, -41.290008314387073 ], [ -73.841733422631592, -41.290265702262332 ], [ -73.841920566858107, -41.289831072346573 ], [ -73.841972961995367, -41.28983006865537 ], [ -73.841997446476753, -41.289828327888941 ], [ -73.842025357132627, -41.289829066314091 ], [ -73.842058029757837, -41.289826644495513 ], [ -73.8420784466676, -41.289825131196373 ], [ -73.842144262635216, -41.28982392163698 ], [ -73.842204569235179, -41.289829029190329 ], [ -73.842234144469273, -41.289834026047018 ], [ -73.842287782874891, -41.289850338894915 ], [ -73.842344012021798, -41.289867001376734 ], [ -73.842400843938236, -41.289886770097127 ], [ -73.842454758126649, -41.289913205553972 ], [ -73.842480719438356, -41.289927803267375 ], [ -73.842505015273531, -41.289938140528115 ], [ -73.842546339573246, -41.289966914080594 ], [ -73.84258141339518, -41.289993835487387 ], [ -73.842628384504764, -41.290021352211276 ], [ -73.842672255528285, -41.290039374049343 ], [ -73.842722702219689, -41.290052228949129 ], [ -73.842771716098241, -41.290059848066285 ], [ -73.842831095636839, -41.290068865730362 ], [ -73.842881637549652, -41.290075680950643 ], [ -73.842914035290377, -41.290080050061967 ], [ -73.842943241316902, -41.290080963977715 ], [ -73.84297314084283, -41.290078944453427 ], [ -73.84303044437479, -41.290068515418419 ], [ -73.843083860896542, -41.290057563951144 ], [ -73.843132694213679, -41.290049018768038 ], [ -73.843189765082002, -41.290039568442168 ], [ -73.843238229191584, -41.290026939656592 ], [ -73.843263641632646, -41.290021288088646 ], [ -73.843312431830682, -41.290001642929518 ], [ -73.843362980930038, -41.289980216503565 ], [ -73.843393902738754, -41.289968247832896 ], [ -73.84344102746023, -41.289944342883778 ], [ -73.843488289623963, -41.289925499573322 ], [ -73.843531062007912, -41.28990302488387 ], [ -73.843582865155398, -41.289870672575994 ], [ -73.843601892371424, -41.289858108555514 ], [ -73.843624805699378, -41.289846068989824 ], [ -73.843667769424471, -41.289811515552231 ], [ -73.843722256738033, -41.289773471785892 ], [ -73.843762301836762, -41.289745586419336 ], [ -73.843782949613555, -41.289726179444592 ], [ -73.843828503181626, -41.289691975582457 ], [ -73.843877344583632, -41.289655188557489 ], [ -73.843933917785264, -41.289608350391688 ], [ -73.843998729436393, -41.289560603669145 ], [ -73.844035717568218, -41.289534323314903 ], [ -73.844078311187403, -41.289495684728884 ], [ -73.844106691662191, -41.289466226537833 ], [ -73.84413660017124, -41.289435964430673 ], [ -73.844189842419823, -41.289380606486148 ], [ -73.844224753646714, -41.289334879819251 ], [ -73.844241797382594, -41.289296831050102 ], [ -73.844268470160017, -41.289252011501972 ], [ -73.844293520580024, -41.289214034907758 ], [ -73.844315747595104, -41.289176684676605 ], [ -73.844335382072259, -41.289138984782149 ], [ -73.844348350151705, -41.289112490287927 ], [ -73.844380018460427, -41.289080448756138 ], [ -73.844413074666249, -41.289042542260532 ], [ -73.844429604565789, -41.289023589341951 ], [ -73.844473028228307, -41.288987080034346 ], [ -73.844509509710306, -41.288951653384451 ], [ -73.844546130431183, -41.288921287090666 ], [ -73.844587331661685, -41.288888513779078 ], [ -73.844622516874736, -41.288852910903955 ], [ -73.844652518808587, -41.288816609397053 ], [ -73.844681595477724, -41.288784218751125 ], [ -73.844708540444657, -41.288749523003581 ], [ -73.844733128232306, -41.288713499534559 ], [ -73.844759010492254, -41.288677650867854 ], [ -73.844791837627682, -41.288640722873126 ], [ -73.844827252809466, -41.288604142477325 ], [ -73.844867484757771, -41.288564177659346 ], [ -73.844907253175393, -41.288526166240217 ], [ -73.844956787178475, -41.288486447071278 ], [ -73.845008913719468, -41.288447076848783 ], [ -73.845057520661172, -41.288411267860241 ], [ -73.845099787293606, -41.288379645829288 ], [ -73.845150058813545, -41.288348095332225 ], [ -73.845203756507956, -41.288319024068961 ], [ -73.845248519558567, -41.288293790804005 ], [ -73.845273191787854, -41.288279970317326 ], [ -73.845318512692259, -41.288246743087861 ], [ -73.845356195221797, -41.288217528680676 ], [ -73.845386102832549, -41.288187267344306 ], [ -73.845404252394559, -41.288161471757967 ], [ -73.845418558065447, -41.288146253329245 ], [ -73.84543995144395, -41.288106774227252 ], [ -73.845459354155764, -41.28807005245806 ], [ -73.845481536255079, -41.2880216012639 ], [ -73.845505753936806, -41.287981493664844 ], [ -73.845537282108339, -41.287944388426936 ], [ -73.845570476654714, -41.287911543749928 ], [ -73.84561482558199, -41.28787112558436 ], [ -73.845642835950855, -41.287837580897673 ], [ -73.845667052734285, -41.287797473860508 ], [ -73.845682798404582, -41.28775924937009 ], [ -73.845696648629641, -41.287717744361608 ], [ -73.845705170048419, -41.287698719508271 ], [ -73.845733642151345, -41.287663221283836 ], [ -73.845779381670667, -41.287616937213144 ], [ -73.845827620303112, -41.287577041990538 ], [ -73.845863404692452, -41.287544547454104 ], [ -73.84590164507577, -41.2875073386925 ], [ -73.845931782655256, -41.287476098949419 ], [ -73.845948911731085, -41.287460252609129 ], [ -73.845980534225731, -41.287417109179984 ], [ -73.846009332417097, -41.28737459279985 ], [ -73.846035540765513, -41.287331727415385 ], [ -73.846057490201161, -41.287284253078184 ], [ -73.846079441433446, -41.287236779381452 ], [ -73.846092775127218, -41.2872143699162 ], [ -73.846112040396804, -41.28717258578412 ], [ -73.846133201111627, -41.287134083500497 ], [ -73.846168016218769, -41.287094395884367 ], [ -73.846210005271786, -41.287052650150791 ], [ -73.84623370642224, -41.287031637210205 ], [ -73.846266161655137, -41.286990623143694 ], [ -73.846286627073951, -41.286955053658268 ], [ -73.846313065391072, -41.286911211262364 ], [ -73.846325988554753, -41.286873615360086 ], [ -73.846337708874259, -41.286829805309864 ], [ -73.84634966095912, -41.286785017142492 ], [ -73.846362308340005, -41.28673729737914 ], [ -73.846373195921245, -41.286691357581645 ], [ -73.846381355318968, -41.286640007544634 ], [ -73.846390390574115, -41.286601887002782 ], [ -73.846399886664983, -41.286561811606582 ], [ -73.846411238675216, -41.286513917527003 ], [ -73.84641990382444, -41.286471713088872 ], [ -73.846424080990516, -41.286425876381294 ], [ -73.846429922734814, -41.28638430032327 ], [ -73.846436366350332, -41.286345830650149 ], [ -73.846443039934599, -41.286306384209482 ], [ -73.84645332744121, -41.286257337018121 ], [ -73.84646222435579, -41.286214155667793 ], [ -73.846470889505028, -41.286171951035797 ], [ -73.846476963014666, -41.286129396043371 ], [ -73.846488915099513, -41.286084608745277 ], [ -73.846498412987003, -41.286044533706374 ], [ -73.846507679109166, -41.286005436067256 ], [ -73.846513839755389, -41.285985084981171 ], [ -73.84654768378374, -41.285938206379676 ], [ -73.846567548229586, -41.285899528538032 ], [ -73.846585515433588, -41.285857569409188 ], [ -73.846593805087039, -41.285839522115367 ], [ -73.846621075244116, -41.2857978093299 ], [ -73.846643300462574, -41.285760459168159 ], [ -73.846671771667175, -41.28572495988923 ], [ -73.846706954185279, -41.285689357312883 ], [ -73.846734962757523, -41.285655812854557 ], [ -73.846769082568642, -41.285619057979915 ], [ -73.846798479936311, -41.285579648226054 ], [ -73.846824824828659, -41.285541844999926 ], [ -73.846839592233607, -41.285524671097022 ], [ -73.846858616754687, -41.285512106239651 ], [ -73.846878800102502, -41.285494654219789 ], [ -73.846917682781253, -41.285471654186644 ], [ -73.846956794530414, -41.28544767738768 ], [ -73.846998260763925, -41.28542188746848 ], [ -73.847025006304875, -41.285416433283345 ], [ -73.847052453430067, -41.28540804477273 ], [ -73.847097437466232, -41.285387900732431 ], [ -73.847121226651609, -41.285378005566066 ], [ -73.84716810433639, -41.28536114888108 ], [ -73.847195422104178, -41.285347692960983 ], [ -73.847200798521143, -41.285325193743809 ], [ -73.84720309281839, -41.285293185453376 ], [ -73.847216016880381, -41.285272721416071 ], [ -73.847256855191517, -41.285241914643983 ], [ -73.847276029731262, -41.285223311634354 ], [ -73.847333238940124, -41.285185637806627 ], [ -73.847382559144165, -41.285152953072057 ], [ -73.847407750599672, -41.285137188520721 ], [ -73.847422101186325, -41.285121968711586 ], [ -73.847460450265814, -41.285084762618624 ], [ -73.847486916430725, -41.285058059919947 ], [ -73.847500670536036, -41.285039729568794 ], [ -73.847523140994554, -41.285018545198085 ], [ -73.847567400988609, -41.284990222406684 ], [ -73.847589298321964, -41.28497703979626 ], [ -73.847645125023604, -41.284956349525508 ], [ -73.847674932023068, -41.284949290760437 ], [ -73.847726082993645, -41.284948166164163 ], [ -73.847754848845668, -41.284951067433518 ], [ -73.847782912215152, -41.284956903048204 ], [ -73.847831409562403, -41.284983697592011 ], [ -73.847846759075651, -41.284997904217491 ], [ -73.847878224365104, -41.284995112979672 ], [ -73.84788266653419, -41.284976526100344 ], [ -73.847911131450587, -41.284947066543914 ], [ -73.847928073676854, -41.284932199730015 ], [ -73.847935342844124, -41.284912987081668 ], [ -73.847916757599236, -41.284873089530763 ], [ -73.847900683145525, -41.284850703554746 ], [ -73.847901889582957, -41.284806427051116 ], [ -73.847903844317017, -41.284781442188702 ], [ -73.847917551709926, -41.284740885053097 ], [ -73.847942827607071, -41.284707961135041 ], [ -73.847989660376115, -41.284668878220778 ], [ -73.848031326035624, -41.28464020223641 ], [ -73.848074758681278, -41.284609746181978 ], [ -73.848111832153066, -41.284583475984164 ], [ -73.84813066802792, -41.284571897166828 ], [ -73.84816927402558, -41.284544825015814 ], [ -73.84821542676994, -41.284519790100781 ], [ -73.848275821404812, -41.284485580134117 ], [ -73.848326437877816, -41.284453071907507 ], [ -73.848368700916978, -41.28442750773133 ], [ -73.848424867181805, -41.28439979221352 ], [ -73.848476462818468, -41.284385598283443 ], [ -73.848532183518898, -41.284370952752738 ], [ -73.84894745850508, -41.284213289653131 ], [ -73.848983408184424, -41.284214135472496 ], [ -73.849031112319295, -41.284199412274198 ], [ -73.8490514789234, -41.284187030096284 ], [ -73.84910530687354, -41.28416909844659 ], [ -73.849157376820671, -41.28415230085249 ], [ -73.849216957581888, -41.2841382006986 ], [ -73.849280225927345, -41.284125591696913 ], [ -73.84931415529563, -41.284118083942801 ], [ -73.849366474974417, -41.284112068018381 ], [ -73.849393814301763, -41.284109724291831 ], [ -73.849456720626179, -41.284093025912846 ], [ -73.849513014451759, -41.284070378429945 ], [ -73.849537037199099, -41.284059504260171 ], [ -73.849562718236427, -41.284052894972788 ], [ -73.849613823392929, -41.284029542737031 ], [ -73.849643267473027, -41.284018395170321 ], [ -73.84967130748629, -41.284013117727717 ], [ -73.849695819815452, -41.28401139975734 ], [ -73.849729176956885, -41.284011894559818 ], [ -73.849783773864914, -41.284024366550923 ], [ -73.849832714979911, -41.284038090733659 ], [ -73.849863733806671, -41.284048368174197 ], [ -73.849917034445738, -41.28406066397369 ], [ -73.84997033598313, -41.284072959770867 ], [ -73.850017512806886, -41.284088464690164 ], [ -73.850039219697422, -41.284098485608865 ], [ -73.85009781231183, -41.284105440510338 ], [ -73.850148497056793, -41.284106270805225 ], [ -73.850208853064103, -41.284111446309829 ], [ -73.850239745228407, -41.284116655565825 ], [ -73.850261220353588, -41.284127655282823 ], [ -73.850315968178577, -41.284156308541178 ], [ -73.850353749522796, -41.284188714985277 ], [ -73.850368867270717, -41.284203899910246 ], [ -73.850415216746129, -41.284217270336697 ], [ -73.850442685430878, -41.284219995454322 ], [ -73.85046719776004, -41.2842182768144 ], [ -73.85049500510965, -41.284213976839176 ], [ -73.850516199062156, -41.284203728451224 ], [ -73.850556567554378, -41.284174875403089 ], [ -73.850596936046628, -41.284146023017229 ], [ -73.850616472607427, -41.284131507714719 ], [ -73.850634348183263, -41.284112728204029 ], [ -73.850656478180284, -41.28409856593823 ], [ -73.850705351921633, -41.284078950047501 ], [ -73.850731032060651, -41.28407234076208 ], [ -73.850786904576395, -41.284073875795855 ], [ -73.850814244802052, -41.284071532742978 ], [ -73.850841093649279, -41.284060031464058 ], [ -73.850860629311754, -41.284045517492494 ], [ -73.85090890657176, -41.284022789663666 ], [ -73.850934693610299, -41.284010134737109 ], [ -73.850962138938868, -41.284001745370666 ], [ -73.850998383265633, -41.283973342483463 ], [ -73.851040048026832, -41.283944665518419 ], [ -73.851065599706772, -41.283932988707178 ], [ -73.851113856305517, -41.283899148354074 ], [ -73.851135984505902, -41.28388498604194 ], [ -73.851155987292344, -41.283868514418515 ], [ -73.851170441185261, -41.283847248662916 ], [ -73.851218379780391, -41.28383154454967 ], [ -73.851248207441088, -41.283835599510844 ], [ -73.851297383016373, -41.283848344926497 ], [ -73.851324745699927, -41.283857115034692 ], [ -73.851338099156621, -41.283874080114437 ], [ -73.851348625615117, -41.283891670950652 ], [ -73.851360915466529, -41.283907481705498 ], [ -73.851376267674738, -41.28392168924033 ], [ -73.851378311342003, -41.283941157344977 ], [ -73.851372574700605, -41.283959566984208 ], [ -73.85136271299541, -41.283978427543524 ], [ -73.851358317538711, -41.284019240992194 ], [ -73.851358128892514, -41.284042444723454 ], [ -73.851381135645269, -41.284052641833895 ], [ -73.851417575804746, -41.284062645882194 ], [ -73.851470618627332, -41.284064806675424 ], [ -73.851494898292827, -41.284064066159928 ], [ -73.851521174913216, -41.284060568118463 ], [ -73.8515455587833, -41.284053783321561 ], [ -73.851582269335694, -41.284023422848719 ], [ -73.85160126960227, -41.283977525017953 ], [ -73.851610851033087, -41.283937416958175 ], [ -73.851620304004811, -41.283892241358373 ], [ -73.851626697314686, -41.283848669620347 ], [ -73.851631196975944, -41.28380181041026 ], [ -73.851635227716628, -41.283756908107769 ], [ -73.851649530692583, -41.28371946159713 ], [ -73.8516672337919, -41.283673388716984 ], [ -73.8516797473238, -41.283626607685825 ], [ -73.851689096090951, -41.283587478896131 ], [ -73.851705968248623, -41.283539272113934 ], [ -73.851728496199314, -41.283489812416548 ], [ -73.851743417216184, -41.283466590262648 ], [ -73.851757998669868, -41.283450393276226 ], [ -73.851812842614606, -41.283411387238772 ], [ -73.851870876476909, -41.283375845504196 ], [ -73.851901126345794, -41.283355717037594 ], [ -73.851916769608138, -41.283340673674587 ], [ -73.851934775439688, -41.28332696149598 ], [ -73.85195241745356, -41.283309158543481 ], [ -73.852000541999956, -41.283270249628131 ], [ -73.852039378864646, -41.283242198121201 ], [ -73.852085763374333, -41.283216182540144 ], [ -73.852114610973061, -41.283201924223249 ], [ -73.852149065855784, -41.283164186449198 ], [ -73.852161288333534, -41.283146658196195 ], [ -73.852171465347396, -41.283109660916523 ], [ -73.852171185073018, -41.283088412464863 ], [ -73.852165484364221, -41.283067437400383 ], [ -73.852172940381095, -41.283025020793247 ], [ -73.852176082687947, -41.283006257165283 ], [ -73.852175289475554, -41.28296473833263 ], [ -73.852175010099501, -41.282943491183886 ], [ -73.852171669264976, -41.28292384591883 ], [ -73.852175571546553, -41.282873875417771 ], [ -73.852180538331766, -41.282825060563667 ], [ -73.852190331764973, -41.282772860970987 ], [ -73.852192178701216, -41.282753922432406 ], [ -73.852202331460546, -41.282705811566728 ], [ -73.852210956185601, -41.282658502626724 ], [ -73.852218154385966, -41.28260595119874 ], [ -73.85223209264592, -41.282564415235093 ], [ -73.852250390429944, -41.282521452183246 ], [ -73.852258955866162, -41.282502416364068 ], [ -73.852286925810859, -41.282463797240709 ], [ -73.852323974129803, -41.282426414118142 ], [ -73.85236314965934, -41.282391337634522 ], [ -73.852379857425305, -41.282377449742278 ], [ -73.852411355952427, -41.282335270306 ], [ -73.852424746240061, -41.282312849031548 ], [ -73.852444047442248, -41.282299313501433 ], [ -73.852487135134865, -41.282275879631499 ], [ -73.852521846935758, -41.282248277284253 ], [ -73.852543848473687, -41.282229048319408 ], [ -73.852559364175278, -41.282208936375504 ], [ -73.85258289554416, -41.282188905432164 ], [ -73.852599473952722, -41.282169947822553 ], [ -73.85264339168863, -41.282148647085528 ], [ -73.852664351180849, -41.282139375855522 ], [ -73.852688032568366, -41.282135525331221 ], [ -73.852751683596139, -41.282138117549572 ], [ -73.852814505478889, -41.282138575913173 ], [ -73.852841610345976, -41.282137209598098 ], [ -73.852909619101197, -41.282138374071174 ], [ -73.852939785426742, -41.28213540382098 ], [ -73.853002267746334, -41.282142886826072 ], [ -73.853034219922677, -41.282149250586237 ], [ -73.853084821124312, -41.282167238145604 ], [ -73.853114543682111, -41.282177338340951 ], [ -73.853172668274254, -41.282186248410426 ], [ -73.853235383257498, -41.282192753253128 ], [ -73.853293975871921, -41.282199707682651 ], [ -73.853358583605456, -41.282209498697242 ], [ -73.853397254281802, -41.28221576524286 ], [ -73.853426745074273, -41.282226842911697 ], [ -73.853451640984062, -41.282240327152621 ], [ -73.853465743635695, -41.282276584389358 ], [ -73.853474188697703, -41.282314092482942 ], [ -73.853457400083343, -41.282345140281684 ], [ -73.853428086258987, -41.28236135644395 ], [ -73.853415163993631, -41.282381820719237 ], [ -73.853432175390154, -41.28240029290339 ], [ -73.853456348156143, -41.282405598828696 ], [ -73.853484154607443, -41.282401298058971 ], [ -73.853532068049759, -41.28237447950297 ], [ -73.853555026293478, -41.282362450707375 ], [ -73.853584655426488, -41.282328096498077 ], [ -73.853596046064297, -41.282308434846449 ], [ -73.85364375019914, -41.282293708517976 ], [ -73.8536920247642, -41.282270980079012 ], [ -73.853708732530151, -41.282257090811036 ], [ -73.853733875476649, -41.282219097994513 ], [ -73.853742905341889, -41.28219810442409 ], [ -73.853778189369621, -41.282162499248436 ], [ -73.853823042251747, -41.282137285204463 ], [ -73.853871422818003, -41.282108511574428 ], [ -73.853914849175467, -41.282078052988297 ], [ -73.853944840329547, -41.282047789479627 ], [ -73.853960251826564, -41.282033723299001 ], [ -73.853989050017944, -41.281997237757615 ], [ -73.854015022109451, -41.281961377300213 ], [ -73.854024883814631, -41.281942517508021 ], [ -73.854034930572766, -41.281900452550701 ], [ -73.854041191830291, -41.281851813834116 ], [ -73.854049347634756, -41.281806461949863 ], [ -73.854058436788804, -41.281757196031734 ], [ -73.854066590796634, -41.281711844081755 ], [ -73.854067842149831, -41.281689793876922 ], [ -73.854060200181721, -41.281643305075761 ], [ -73.854046670655208, -41.281599045297625 ], [ -73.854035864820673, -41.281560206919316 ], [ -73.854032709039075, -41.281517357967097 ], [ -73.85403368011788, -41.281474059394291 ], [ -73.854043236395881, -41.281422836889078 ], [ -73.854053049592054, -41.281381750440573 ], [ -73.854067092954878, -41.281334169164502 ], [ -73.854078775545148, -41.281285256624273 ], [ -73.854088823201607, -41.281243191918364 ], [ -73.854099337083696, -41.281199170167369 ], [ -73.854107773162511, -41.281175067586247 ], [ -73.854122224360481, -41.281153800952886 ], [ -73.854154212469453, -41.281120778015328 ], [ -73.854192090831731, -41.2810855259874 ], [ -73.854239979121189, -41.281047594595051 ], [ -73.854286466038843, -41.281015532226178 ], [ -73.854329189913756, -41.280988009003963 ], [ -73.854371267001653, -41.280961801479691 ], [ -73.854391162888575, -41.280951375712867 ], [ -73.854412752998115, -41.280905829457915 ], [ -73.854427520403064, -41.280866425633469 ], [ -73.854440990640768, -41.280826846266912 ], [ -73.854452100105874, -41.280785937661875 ], [ -73.854464249820097, -41.280735067678904 ], [ -73.854468560835144, -41.280711413848984 ], [ -73.8544632805379, -41.280666254242867 ], [ -73.854448816763508, -41.280625909222707 ], [ -73.854436631116684, -41.28060405239686 ], [ -73.854432459340515, -41.28058227589738 ], [ -73.854427178144945, -41.280537117552015 ], [ -73.854426197184665, -41.280518804157872 ], [ -73.854421559182853, -41.280498983318793 ], [ -73.854425926791748, -41.280447057295873 ], [ -73.854438930803809, -41.280409434041587 ], [ -73.854458884182904, -41.280370735370923 ], [ -73.854467447822515, -41.280351698924441 ], [ -73.854472587982571, -41.280330178194355 ], [ -73.854472541270169, -41.280307951327949 ], [ -73.854465963805652, -41.280262616597895 ], [ -73.854469760984372, -41.280218691396506 ], [ -73.854481210012651, -41.280170758232366 ], [ -73.854484771832745, -41.280127812506862 ], [ -73.85448495958066, -41.280104607383642 ], [ -73.854461989658844, -41.280055024919179 ], [ -73.854450166033061, -41.280037257528335 ], [ -73.854449185072781, -41.280018943993916 ], [ -73.854443016341719, -41.279999925671916 ], [ -73.854434673687678, -41.279956370912373 ], [ -73.854427312892241, -41.279931131038076 ], [ -73.854422499718936, -41.279884017210058 ], [ -73.854416938249017, -41.279817610215055 ], [ -73.854416844824229, -41.27977315680058 ], [ -73.854423573205707, -41.279722561461561 ], [ -73.854427837508368, -41.27967668085838 ], [ -73.854425792942777, -41.279657212156607 ], [ -73.854419494854312, -41.279633126558167 ], [ -73.854403185940342, -41.279611719680204 ], [ -73.854381817714668, -41.279594675182729 ], [ -73.85431685065501, -41.279580795471425 ], [ -73.854273541078541, -41.279554708222044 ], [ -73.854261718351083, -41.279536941370068 ], [ -73.854256484766239, -41.279514009445776 ], [ -73.854261577315569, -41.279470261287798 ], [ -73.854262402867334, -41.279463029782782 ], [ -73.854267711012341, -41.279416554922328 ], [ -73.854275422150749, -41.279384272349404 ], [ -73.854285852489511, -41.27935741069826 ], [ -73.854318880847558, -41.279314428657969 ], [ -73.854334758570204, -41.279298406838514 ], [ -73.854366977546192, -41.279264404761655 ], [ -73.854399771443951, -41.279222402211396 ], [ -73.854420192845296, -41.279181747108623 ], [ -73.854432284169036, -41.279159150578131 ], [ -73.854450391510198, -41.279139390759141 ], [ -73.85447239125152, -41.27912016155333 ], [ -73.854492753364056, -41.279107779761866 ], [ -73.854513946418237, -41.279097529896944 ], [ -73.854563644813013, -41.27908004375734 ], [ -73.854591086548325, -41.279071654432173 ], [ -73.85462042283055, -41.279066550762352 ], [ -73.854668122473825, -41.279051824377447 ], [ -73.854723813529873, -41.279026063659686 ], [ -73.854746771773577, -41.279014032896725 ], [ -73.854774844126212, -41.278969367631888 ], [ -73.854783955738142, -41.278931216280441 ], [ -73.854791409958352, -41.278888799685291 ], [ -73.854793593762807, -41.278862836376021 ], [ -73.854787892155699, -41.278841861303569 ], [ -73.854774305137028, -41.278825873122649 ], [ -73.854755529449292, -41.278809182167798 ], [ -73.854732397830702, -41.278793918352022 ], [ -73.854715983813847, -41.278778556644376 ], [ -73.854704160188078, -41.278760788906013 ], [ -73.854679007360119, -41.278737170815553 ], [ -73.854667288837234, -41.278713358289949 ], [ -73.854665010709681, -41.278694868184921 ], [ -73.854676354635089, -41.278652979358831 ], [ -73.854682091276487, -41.278634569572787 ], [ -73.85471711389448, -41.27858882862418 ], [ -73.854736520199552, -41.278569246182151 ], [ -73.85475428797757, -41.278556510536959 ], [ -73.854808729477043, -41.278552800220794 ], [ -73.854839956712951, -41.27855098489318 ], [ -73.854887190130583, -41.278538214139516 ], [ -73.854920987446519, -41.278525637810496 ], [ -73.854942413164352, -41.278514409642469 ], [ -73.854994108514006, -41.278494165585457 ], [ -73.855043678449704, -41.278471612022983 ], [ -73.855064636145286, -41.278462341620838 ], [ -73.855087487489484, -41.278456356904471 ], [ -73.855100536417297, -41.278440960012432 ], [ -73.855095664853508, -41.278422116755408 ], [ -73.855102987919722, -41.278374633235728 ], [ -73.855110675701908, -41.278331236714251 ], [ -73.855115873354137, -41.278281442947481 ], [ -73.855118524282545, -41.278253523640458 ], [ -73.855109037174827, -41.278225973599753 ], [ -73.855098510716331, -41.278208383936729 ], [ -73.855091618841485, -41.278181186277997 ], [ -73.855090589372168, -41.278140645968442 ], [ -73.855091371804789, -41.278120553017573 ], [ -73.855086242424505, -41.278091574411874 ], [ -73.855076054630871, -41.278066959633179 ], [ -73.85507447718922, -41.278045535364022 ], [ -73.855082525195854, -41.278006229052281 ], [ -73.855085667502706, -41.277987466006607 ], [ -73.855060130195824, -41.277948645056924 ], [ -73.855026471220441, -41.277915790622899 ], [ -73.855006271702962, -41.277893855252849 ], [ -73.854975055246854, -41.277845171018839 ], [ -73.854960872645137, -41.277826073751648 ], [ -73.854963033093384, -41.277788997844283 ], [ -73.854967061139121, -41.277744094105067 ], [ -73.854968311593993, -41.277722044584991 ], [ -73.854980250204122, -41.277683266008921 ], [ -73.854989046507384, -41.277663252579423 ], [ -73.855004433749883, -41.277638073252731 ], [ -73.855043135867263, -41.277604952671489 ], [ -73.85506337041906, -41.277587502587615 ], [ -73.85505645339137, -41.277549192454018 ], [ -73.855045564911805, -41.277527512825408 ], [ -73.855038799699386, -41.277505382894674 ], [ -73.855042725337199, -41.277466525877699 ], [ -73.855047502577875, -41.277440915082764 ], [ -73.855047561866684, -41.277412643011004 ], [ -73.855050935938877, -41.277392902241324 ], [ -73.855057969747548, -41.277374668302528 ], [ -73.855075609066475, -41.277356865076477 ], [ -73.855093435234977, -41.277315857081064 ], [ -73.855098061558692, -41.277274065260464 ], [ -73.855096248758457, -41.277253618961645 ], [ -73.855076831673586, -41.277211590813465 ], [ -73.85505884111339, -41.277174804178415 ], [ -73.855045358299293, -41.277152772693967 ], [ -73.855030008786031, -41.277138565710842 ], [ -73.854981748594014, -41.277110795789135 ], [ -73.854961338870751, -41.277100952026181 ], [ -73.854936337858092, -41.277093514350405 ], [ -73.854908848512082, -41.277079677314184 ], [ -73.854890437540334, -41.277067075049956 ], [ -73.854847574426557, -41.277027918698465 ], [ -73.854813192307375, -41.276986884842188 ], [ -73.854805492847063, -41.276968669693062 ], [ -73.854801041694827, -41.276925644222779 ], [ -73.854802292149699, -41.276903593751136 ], [ -73.85478840060216, -41.276855244984013 ], [ -73.854779170412627, -41.276837829805508 ], [ -73.854766051416206, -41.276819887359991 ], [ -73.854724380366804, -41.27678695336963 ], [ -73.854681541507532, -41.276758909877799 ], [ -73.854657578947325, -41.276741513576724 ], [ -73.854641165828767, -41.276726152061158 ], [ -73.854626621206009, -41.276702965981897 ], [ -73.854613689059192, -41.276661816476917 ], [ -73.854594271075996, -41.276619788622803 ], [ -73.854574727328682, -41.276572691307614 ], [ -73.854565730701111, -41.276554298487767 ], [ -73.854573184921335, -41.276511881023033 ], [ -73.854583931467076, -41.276466880538798 ], [ -73.854588603604881, -41.276447316363388 ], [ -73.854586197916547, -41.276423759546439 ], [ -73.854597177125939, -41.276377781432871 ], [ -73.854602318184305, -41.276356258717328 ], [ -73.854624734743908, -41.276312846001289 ], [ -73.854640073477384, -41.276265440611013 ], [ -73.85464799302494, -41.276221066466462 ], [ -73.854651790203633, -41.276177142595792 ], [ -73.854660878459356, -41.276127877829204 ], [ -73.854663658745181, -41.276105025046377 ], [ -73.854660632320972, -41.276067243336428 ], [ -73.854659053981024, -41.2760458184109 ], [ -73.854652885249976, -41.276026799606271 ], [ -73.854639405130811, -41.276004767059213 ], [ -73.854638294813142, -41.275981385613875 ], [ -73.854631997622974, -41.275957300009175 ], [ -73.854616810704798, -41.275908775684726 ], [ -73.854612405366638, -41.275887976544809 ], [ -73.854590266386467, -41.275840526963044 ], [ -73.854577848974287, -41.275819649487211 ], [ -73.854558431889416, -41.275777620415681 ], [ -73.854546480702879, -41.27575478506342 ], [ -73.854534191749806, -41.275738975033917 ], [ -73.854533785711297, -41.27573812302861 ], [ -73.854517264794893, -41.275703343380201 ], [ -73.854496679001841, -41.275666204830792 ], [ -73.854484857172693, -41.275648438270558 ], [ -73.85447392287908, -41.27560453156778 ], [ -73.85446951754092, -41.275583733006016 ], [ -73.854470018800853, -41.275542391059943 ], [ -73.854465440087836, -41.275494297832303 ], [ -73.854455077122736, -41.275442389431667 ], [ -73.854451735389887, -41.275422745284281 ], [ -73.854433617268896, -41.275380892165259 ], [ -73.854423195913284, -41.275357255298459 ], [ -73.854418090787533, -41.275339390760706 ], [ -73.85442284557034, -41.275302667207654 ], [ -73.854434293700322, -41.27525473245845 ], [ -73.85444319330982, -41.275228671160228 ], [ -73.854456348238855, -41.275207229756333 ], [ -73.854485961202187, -41.275167491678211 ], [ -73.854516262275041, -41.275116736813992 ], [ -73.854531642331025, -41.27509438462338 ], [ -73.854546280378571, -41.275049913814243 ], [ -73.854551186078339, -41.275029370950193 ], [ -73.854548907052475, -41.275010879801542 ], [ -73.854511571272624, -41.274965405015642 ], [ -73.854492798279807, -41.274948713748707 ], [ -73.854463885104082, -41.274929633862619 ], [ -73.854435100387448, -41.274915620833482 ], [ -73.854420217099815, -41.274899458181963 ], [ -73.854405672477043, -41.274876270778705 ], [ -73.8544079856389, -41.274855374765892 ], [ -73.85442389570089, -41.274799966644203 ], [ -73.854433265129302, -41.274771950654248 ], [ -73.854462632852588, -41.274727461396829 ], [ -73.854475085299057, -41.274708953959433 ], [ -73.854490552491598, -41.274666616311606 ], [ -73.854505784325568, -41.274625256231182 ], [ -73.854518424519938, -41.274583543028932 ], [ -73.854529638189618, -41.274536588048377 ], [ -73.854538154218517, -41.274495324429978 ], [ -73.854539637337055, -41.274472295540171 ], [ -73.854547604495295, -41.274450148370349 ], [ -73.854589131814251, -41.274416403695426 ], [ -73.854625836976766, -41.274386042114834 ], [ -73.85464018217354, -41.274370821148565 ], [ -73.854663767441338, -41.274322517089914 ], [ -73.854677750617029, -41.274303208149057 ], [ -73.854705192352327, -41.274294817534773 ], [ -73.854730062210976, -41.274297188619308 ], [ -73.854754675151455, -41.274289423182104 ], [ -73.854788366466167, -41.274282892571541 ], [ -73.854813680990873, -41.274272193657154 ], [ -73.854815012294154, -41.274232984318488 ], [ -73.854813201290526, -41.274212538417338 ], [ -73.854808328828412, -41.274193695289853 ], [ -73.854796272538991, -41.274176905930396 ], [ -73.854784766018511, -41.274141002693078 ], [ -73.854756168151468, -41.274103784938497 ], [ -73.854698810720549, -41.274063668785146 ], [ -73.854664114191024, -41.274040772070613 ], [ -73.854632736038141, -41.27402640710234 ], [ -73.854609840676503, -41.274010164564018 ], [ -73.854559711988699, -41.273990220898099 ], [ -73.85453152555003, -41.273979319393348 ], [ -73.854525179850867, -41.273933006713115 ], [ -73.854531020696854, -41.273908550374792 ], [ -73.854565003964055, -41.273872769190604 ], [ -73.854604067204178, -41.273843738063341 ], [ -73.854622535668099, -41.273828068675812 ], [ -73.854642955272823, -41.273787414263907 ], [ -73.854656061692808, -41.273743745310185 ], [ -73.854666341114623, -41.27370070218587 ], [ -73.854671432765642, -41.273656953507121 ], [ -73.854678056044222, -41.273612402726727 ], [ -73.854686805635097, -41.273570162938945 ], [ -73.854696851494921, -41.273528097311448 ], [ -73.854706896456435, -41.273486033007131 ], [ -73.854715284026241, -41.273439702423126 ], [ -73.854725691907134, -41.27340172742867 ], [ -73.854745047906547, -41.273359917573615 ], [ -73.854760021924022, -41.273308422691827 ], [ -73.854771832075059, -41.273264577203918 ], [ -73.854790697594339, -41.273213610888718 ], [ -73.85479980920627, -41.273175459548717 ], [ -73.854815635724933, -41.27313721028969 ], [ -73.854833929017389, -41.273094247108332 ], [ -73.854848460165414, -41.273055820912205 ], [ -73.85485619286338, -41.273034652905956 ], [ -73.854878271656446, -41.272998262256195 ], [ -73.854895863364646, -41.272958233193222 ], [ -73.854903128938673, -41.272939021070684 ], [ -73.854931221952555, -41.272905469383325 ], [ -73.854971581461641, -41.272876614715855 ], [ -73.855005457829307, -41.272846878961055 ], [ -73.855028365767367, -41.272812623041432 ], [ -73.855040817315526, -41.272794115061153 ], [ -73.855069611913635, -41.27275762908063 ], [ -73.855112307042461, -41.272718991363078 ], [ -73.855162315356026, -41.272683368188211 ], [ -73.855184907087107, -41.272667248869055 ], [ -73.855228923637711, -41.272639901717639 ], [ -73.855272575472313, -41.272608464463353 ], [ -73.855299758492819, -41.272589938871157 ], [ -73.855319652583077, -41.272579513117329 ], [ -73.855340948943521, -41.272563217556844 ], [ -73.855355292343674, -41.272547996165578 ], [ -73.85537194890567, -41.272511880033228 ], [ -73.855391304905098, -41.272470070958526 ], [ -73.855409363737252, -41.272428085641053 ], [ -73.855417691119953, -41.272410027206632 ], [ -73.855444722325146, -41.272375320727498 ], [ -73.85546059825117, -41.272359299230189 ], [ -73.855495536427512, -41.272330717760411 ], [ -73.855523033858347, -41.272294053954184 ], [ -73.855536781675468, -41.272275723393641 ], [ -73.855559374304875, -41.272259603298657 ], [ -73.855600329396992, -41.272233859479819 ], [ -73.855644576814626, -41.272205534515798 ], [ -73.855665170692518, -41.272192173106184 ], [ -73.855689421611928, -41.272180319325805 ], [ -73.85571048351207, -41.272165001297374 ], [ -73.855726124079482, -41.272149956705199 ], [ -73.855736449315359, -41.272129140838906 ], [ -73.855755384903219, -41.272111513074236 ], [ -73.855781762134896, -41.272101969003835 ], [ -73.855807541986948, -41.272089313116062 ], [ -73.855850026909991, -41.272062767813878 ], [ -73.855869091855254, -41.272050207791402 ], [ -73.855893341876353, -41.272038354660388 ], [ -73.855922335002163, -41.272040274819162 ], [ -73.855950966106874, -41.272038106876202 ], [ -73.855979936774801, -41.272028913879012 ], [ -73.85639482368876, -41.271625750122922 ], [ -73.856422286085305, -41.27162847239051 ], [ -73.856435567676797, -41.271612098273408 ], [ -73.856480410677449, -41.271586882854187 ], [ -73.85652074503372, -41.271546914365921 ], [ -73.856560379602371, -41.271509880803237 ], [ -73.856603096290755, -41.271482356273253 ], [ -73.856633082054941, -41.271452091227282 ], [ -73.856646000727054, -41.271431626900799 ], [ -73.85666859155981, -41.271415507947715 ], [ -73.856696626183194, -41.271410228135622 ], [ -73.856721496041843, -41.271412597974596 ], [ -73.856740139677242, -41.271424222337373 ], [ -73.856766773827104, -41.271424811758756 ], [ -73.856827692179792, -41.271421980780701 ], [ -73.856853262724343, -41.271421416340509 ], [ -73.856896003667245, -41.271405005037224 ], [ -73.856927518364046, -41.271373938530758 ], [ -73.856964454393577, -41.27134259789112 ], [ -73.85698222037496, -41.2713298628614 ], [ -73.856990315992292, -41.271312782442784 ], [ -73.856996517062697, -41.271292415296955 ], [ -73.857010498441795, -41.271273105459812 ], [ -73.857061953941269, -41.271253838152667 ], [ -73.857087033107362, -41.271244117062466 ], [ -73.857117894728944, -41.271238212029473 ], [ -73.857173159983546, -41.271236632132599 ], [ -73.857201790189961, -41.271234463487801 ], [ -73.857262007856718, -41.271234567463928 ], [ -73.857310917530668, -41.271237174293823 ], [ -73.857336850994599, -41.271240699354202 ], [ -73.857385316900832, -41.2712563754393 ], [ -73.857408785387619, -41.271264615206185 ], [ -73.857433421684277, -41.271267962695582 ], [ -73.857491174373905, -41.271272782728957 ], [ -73.857541043448592, -41.271282589561316 ], [ -73.857603877907763, -41.27129415858338 ], [ -73.857662460640711, -41.271301110798348 ], [ -73.857719980666658, -41.27130690712346 ], [ -73.857779859668554, -41.271314034205801 ], [ -73.857804495066901, -41.271317383042998 ], [ -73.857829002904481, -41.271315663388094 ], [ -73.857860565211979, -41.271306823402533 ], [ -73.857886836442489, -41.271303323326933 ], [ -73.857910620237931, -41.271293425349853 ], [ -73.857923537113422, -41.271272960298433 ], [ -73.85794034549069, -41.271253024573468 ], [ -73.857949737376984, -41.271236121029197 ], [ -73.857963307327665, -41.27119049507629 ], [ -73.857976177490755, -41.271147804733012 ], [ -73.8579724252278, -41.271101844508749 ], [ -73.857967889633926, -41.271075978027334 ], [ -73.857968204942594, -41.271057840898997 ], [ -73.857976717378236, -41.271016578457534 ], [ -73.857983982952248, -41.270997364413198 ], [ -73.85800304610089, -41.270984805536081 ], [ -73.858053180178572, -41.270954247909771 ], [ -73.858074706507736, -41.270936974293527 ], [ -73.858117191430793, -41.270910427172453 ], [ -73.858135190075814, -41.27089671305739 ], [ -73.858157676703996, -41.270886639473645 ], [ -73.858188070303328, -41.270882689710135 ], [ -73.858213640847893, -41.270882124590095 ], [ -73.858269009408744, -41.270874499182689 ], [ -73.858296810470165, -41.27087019765311 ], [ -73.858321188950342, -41.27086341080976 ], [ -73.858343442016562, -41.27085431487216 ], [ -73.858395620659834, -41.270843225145462 ], [ -73.858421891890316, -41.270839725720201 ], [ -73.858443922174345, -41.270832457474761 ], [ -73.858467310711077, -41.27082880883551 ], [ -73.858501126891639, -41.270827343708284 ], [ -73.858527632582408, -41.270822865955246 ], [ -73.858591739056038, -41.270823497242802 ], [ -73.858620731283509, -41.270825417437301 ], [ -73.858640906546469, -41.270836239798228 ], [ -73.858694172151246, -41.270837417976388 ], [ -73.858753093549055, -41.270837345057643 ], [ -73.85880342884937, -41.270845194627029 ], [ -73.858832317770592, -41.270853161000538 ], [ -73.858887114104604, -41.270853537747392 ], [ -73.858914448940382, -41.270851191519171 ], [ -73.858917590348923, -41.270832428442304 ], [ -73.85891411836036, -41.270807717752149 ], [ -73.858909011437973, -41.270789853319684 ], [ -73.858894828836256, -41.270770756013796 ], [ -73.858886895813995, -41.270753517458083 ], [ -73.858869524193025, -41.270730956494759 ], [ -73.858851114119588, -41.27071835570554 ], [ -73.85883952405581, -41.270699610145037 ], [ -73.858830760990202, -41.270680240041955 ], [ -73.858818939161068, -41.270662473475056 ], [ -73.858805351244072, -41.270646485991335 ], [ -73.858787641856551, -41.270630949521191 ], [ -73.858745845043018, -41.270592949936884 ], [ -73.858723261396776, -41.270558570627557 ], [ -73.858689033787826, -41.270533719396965 ], [ -73.858665332637372, -41.270526458544431 ], [ -73.858634680323249, -41.270520273248067 ], [ -73.858606878363531, -41.270524574800696 ], [ -73.858583329028349, -41.270533494563068 ], [ -73.858558508577033, -41.270553350836913 ], [ -73.858546291489191, -41.270570881121728 ], [ -73.858530184696136, -41.270587883414009 ], [ -73.858522090875425, -41.270604963347061 ], [ -73.85847626601614, -41.270611865672358 ], [ -73.858416596321717, -41.270592646782745 ], [ -73.858366471227185, -41.270572704098221 ], [ -73.858326588723514, -41.270549105325863 ], [ -73.858300737904585, -41.270528420608613 ], [ -73.858272186749915, -41.270513431003828 ], [ -73.858231685307004, -41.270475607572401 ], [ -73.858211849607216, -41.27045776127887 ], [ -73.858180006127029, -41.270445353537745 ], [ -73.85815430622506, -41.27044085212728 ], [ -73.85812826945488, -41.270443373241271 ], [ -73.858104124536652, -41.270449181795748 ], [ -73.858068076042628, -41.270454382689749 ], [ -73.858044037125623, -41.270454145702374 ], [ -73.858018104560003, -41.270450621949863 ], [ -73.857992509760933, -41.270440072296893 ], [ -73.857972206937191, -41.270424184009869 ], [ -73.857941612115255, -41.270389726291 ], [ -73.857924965434719, -41.27037534296467 ], [ -73.857874478319118, -41.270351312006525 ], [ -73.85782222601398, -41.270329061486564 ], [ -73.857780919680593, -41.270300217158372 ], [ -73.857760850418813, -41.270283349151931 ], [ -73.857717079108284, -41.27025922160923 ], [ -73.85769407774545, -41.270249025719515 ], [ -73.857640916345233, -41.270241799269485 ], [ -73.857616515407187, -41.270237473391745 ], [ -73.857572019156208, -41.270205166698744 ], [ -73.857549590918509, -41.270186968562228 ], [ -73.857532896627262, -41.270150358916879 ], [ -73.85752237016878, -41.270132768428006 ], [ -73.857529819897437, -41.270090350841571 ], [ -73.85754777183007, -41.270054410922413 ], [ -73.857559474183276, -41.270016611531652 ], [ -73.857565159620705, -41.269975974326393 ], [ -73.857569831758482, -41.269956408880766 ], [ -73.857570613292808, -41.269936314085761 ], [ -73.857565507268717, -41.269918450765189 ], [ -73.857553684541259, -41.269900683315775 ], [ -73.857536208715729, -41.26988416900231 ], [ -73.857526979424506, -41.269866754664697 ], [ -73.857510099181994, -41.269853350239863 ], [ -73.857460103444851, -41.269838475936524 ], [ -73.857409640583768, -41.269825557638484 ], [ -73.857359774204028, -41.269815749236841 ], [ -73.857308971779773, -41.269809854877614 ], [ -73.857279979552288, -41.269807935328437 ], [ -73.857221059951129, -41.269808006897996 ], [ -73.857157888623703, -41.269803462231756 ], [ -73.857132423182037, -41.269797981084317 ], [ -73.857109656279491, -41.269786806780111 ], [ -73.857093477621206, -41.269770467985886 ], [ -73.857082951162695, -41.26975287671948 ], [ -73.857088403936487, -41.26971321904405 ], [ -73.857097198443128, -41.269693203846089 ], [ -73.857130605890205, -41.269665424005062 ], [ -73.857149434578574, -41.26965384186586 ], [ -73.857184370958294, -41.269625260562002 ], [ -73.857204367456504, -41.269608788040443 ], [ -73.85722732120864, -41.269596758242464 ], [ -73.857255460036612, -41.269585431986819 ], [ -73.857309659889282, -41.269582698831073 ], [ -73.857358568664921, -41.26958530505172 ], [ -73.85740605271252, -41.269582669122833 ], [ -73.857462458827513, -41.269565084557705 ], [ -73.857487899116364, -41.2695594528236 ], [ -73.85750094714588, -41.269544055858482 ], [ -73.857502194905791, -41.269522004243647 ], [ -73.857485315561618, -41.269508601098387 ], [ -73.857470900296249, -41.269490482439892 ], [ -73.857446836226416, -41.269479131859008 ], [ -73.857427129884044, -41.269466353253776 ], [ -73.857404958564516, -41.269458290159179 ], [ -73.857354987980216, -41.269454528011551 ], [ -73.857304314015025, -41.269453701581384 ], [ -73.857235150924666, -41.269457431320049 ], [ -73.857197211476958, -41.269459345478033 ], [ -73.857144881018399, -41.269454253210021 ], [ -73.857120244721727, -41.269450904952429 ], [ -73.85709677713325, -41.269442665631814 ], [ -73.85704559023003, -41.269421568023944 ], [ -73.856993468180633, -41.269404384477419 ], [ -73.856936989302085, -41.269388628275372 ], [ -73.856909632008424, -41.269379859598864 ], [ -73.856893219788176, -41.269364499051633 ], [ -73.856894781958459, -41.269324311116591 ], [ -73.856906123188921, -41.269282422353704 ], [ -73.856911027990364, -41.269261879025095 ], [ -73.856911809524675, -41.269241784691495 ], [ -73.856904110962688, -41.269223568731505 ], [ -73.856898047334511, -41.269198504307667 ], [ -73.856869064090191, -41.269146085857713 ], [ -73.856854286803767, -41.269123876788875 ], [ -73.856832687711076, -41.269107809930979 ], [ -73.856783626221826, -41.26908902272131 ], [ -73.856736924606849, -41.269071564959326 ], [ -73.856716517578533, -41.269061721334438 ], [ -73.856689918462962, -41.269021746573891 ], [ -73.856676051169927, -41.268984511046519 ], [ -73.856660759148852, -41.268942032621851 ], [ -73.856654075683139, -41.268902743784864 ], [ -73.856652264679525, -41.268882297564666 ], [ -73.856657122768581, -41.268839527389517 ], [ -73.85667022649362, -41.268795859177203 ], [ -73.856688516192804, -41.268752893813961 ], [ -73.856694718161549, -41.268732527219939 ], [ -73.856695732359498, -41.26871145504002 ], [ -73.856692157064671, -41.268692788576416 ], [ -73.85667986811157, -41.268676978186932 ], [ -73.856662393184351, -41.268660462888739 ], [ -73.85663828240213, -41.268626886045759 ], [ -73.856612978657196, -41.268587086570207 ], [ -73.856605281891845, -41.268568870427558 ], [ -73.856605081567537, -41.268530463174095 ], [ -73.856604517425538, -41.26848796622366 ], [ -73.856616091319651, -41.268445098561585 ], [ -73.85663225650319, -41.268399825137593 ], [ -73.856648187226455, -41.268355530721337 ], [ -73.856652858465921, -41.268335965465297 ], [ -73.856672808251744, -41.268297267063609 ], [ -73.856680257980415, -41.268254849635049 ], [ -73.856694190850462, -41.26821331196566 ], [ -73.856712843469012, -41.268174437938953 ], [ -73.856727291972049, -41.268153171120893 ], [ -73.856741562608661, -41.268104610611218 ], [ -73.856747249842726, -41.268063974241485 ], [ -73.856748031377009, -41.268043878864027 ], [ -73.856741863544272, -41.268024860428866 ], [ -73.856737539054507, -41.267986903215935 ], [ -73.856737443833069, -41.267942450521886 ], [ -73.856737711531039, -41.267902085483314 ], [ -73.856751280583396, -41.267856460576375 ], [ -73.856766873540096, -41.267819189948987 ], [ -73.856776367834343, -41.267796239728703 ], [ -73.856803629008269, -41.267760555124781 ], [ -73.856825704208063, -41.26772416558638 ], [ -73.856834266051038, -41.267705128152343 ], [ -73.856843818735769, -41.26765390699525 ], [ -73.8568502048591, -41.267610335219793 ], [ -73.856855296510147, -41.267566585835652 ], [ -73.856854547315194, -41.267547295152724 ], [ -73.856848845708086, -41.267526319820234 ], [ -73.856831370780867, -41.267509804231011 ], [ -73.856828262609994, -41.267489182695662 ], [ -73.856864704566107, -41.267448685035923 ], [ -73.856890902134751, -41.267411844959177 ], [ -73.856906599296039, -41.267368527576217 ], [ -73.856922892040345, -41.267328322207568 ], [ -73.85694271157044, -41.267284556429416 ], [ -73.856957007359867, -41.267247109245524 ], [ -73.856973766329816, -41.267204947039815 ], [ -73.856994521006143, -41.267157266976305 ], [ -73.857008067600631, -41.2671005289045 ], [ -73.857020575742638, -41.267053748148292 ], [ -73.857029006431588, -41.267029643719752 ], [ -73.857059455726443, -41.266997422541969 ], [ -73.857089649001466, -41.266955065713411 ], [ -73.857106094459382, -41.266931040248473 ], [ -73.857144064449813, -41.266889741438099 ], [ -73.857175448890885, -41.26685360732084 ], [ -73.85719012915925, -41.266831362360996 ], [ -73.857232481131632, -41.266799748779306 ], [ -73.857258679598587, -41.266762909011661 ], [ -73.857284980473466, -41.266720023336603 ], [ -73.857300806093846, -41.266681774346708 ], [ -73.857317798625758, -41.266638633386286 ], [ -73.857332291146236, -41.266600586913981 ], [ -73.857341840237709, -41.266579371575034 ], [ -73.857367221237723, -41.26654090643293 ], [ -73.857396840489287, -41.266506551998681 ], [ -73.857418004797381, -41.266485188081077 ], [ -73.857427628449017, -41.26646730558538 ], [ -73.857451827266146, -41.266433224576211 ], [ -73.857464045252314, -41.266415695881271 ], [ -73.857474369589895, -41.266394878861881 ], [ -73.857489494524316, -41.266359564187916 ], [ -73.857518646651926, -41.266327166446935 ], [ -73.857538874915477, -41.266309715373907 ], [ -73.857550858441385, -41.266293164365443 ], [ -73.857573447477506, -41.26627704414372 ], [ -73.857603429648435, -41.266246778710411 ], [ -73.857631051945091, -41.266215183076667 ], [ -73.857646796717091, -41.266194092528558 ], [ -73.857666558755014, -41.266178598888295 ], [ -73.85769116900056, -41.266170833160594 ], [ -73.857719097622734, -41.266171598862343 ], [ -73.857749127404375, -41.266163560344062 ], [ -73.857775734604772, -41.266153037007264 ], [ -73.857801407557275, -41.266146425906555 ], [ -73.857839868926149, -41.266114283293945 ], [ -73.85787609977821, -41.266085876673813 ], [ -73.857893864861268, -41.266073141969144 ], [ -73.857919466846852, -41.266033191037309 ], [ -73.857929323162153, -41.26601433069407 ], [ -73.857941490842677, -41.265974573515543 ], [ -73.857946396542445, -41.265954030496545 ], [ -73.857945597940144, -41.265912511620208 ], [ -73.857948143765682, -41.265890638388683 ], [ -73.857956341790953, -41.26586751193198 ], [ -73.857971980561743, -41.265852467239093 ], [ -73.858007147808479, -41.265822906544493 ], [ -73.858046310761608, -41.265787829915936 ], [ -73.85806760263047, -41.265771534010653 ], [ -73.858094394883821, -41.265737805106568 ], [ -73.858108376262905, -41.26571849430178 ], [ -73.85812572901925, -41.265679442555424 ], [ -73.858144847863443, -41.265638611561307 ], [ -73.858155171302684, -41.265617794294194 ], [ -73.858169618009086, -41.265596527993829 ], [ -73.858186609642686, -41.265553386991598 ], [ -73.858207128960402, -41.26550668615441 ], [ -73.858218516903264, -41.265487022136476 ], [ -73.858239678516398, -41.265465659235744 ], [ -73.858278374345588, -41.265432538555572 ], [ -73.85829318307303, -41.265415361386751 ], [ -73.858306802431059, -41.265391961293538 ], [ -73.858318607192203, -41.265348115890738 ], [ -73.858329687911237, -41.26529609138543 ], [ -73.858337135843257, -41.265253674032856 ], [ -73.858340744375752, -41.265232955226828 ], [ -73.858344408603799, -41.265183963097648 ], [ -73.858347967728946, -41.265141015614617 ], [ -73.85834340967719, -41.265104037163567 ], [ -73.858335944677194, -41.265084841636224 ], [ -73.858331540237359, -41.265064043774331 ], [ -73.858321199730128, -41.265023248182793 ], [ -73.858321231171161, -41.264983861104454 ], [ -73.858327617294506, -41.264940289572934 ], [ -73.85833493856407, -41.264892804349159 ], [ -73.858338030565278, -41.264851815533248 ], [ -73.858330645515338, -41.264815461511752 ], [ -73.858323752742166, -41.264788264350003 ], [ -73.85832342216213, -41.264744788571569 ], [ -73.858322438506889, -41.264726475473346 ], [ -73.858316972258379, -41.264704522166525 ], [ -73.858317937947319, -41.264661223244623 ], [ -73.858321029050217, -41.264620233608078 ], [ -73.858328478778873, -41.264577815816487 ], [ -73.858327681973222, -41.264536296740332 ], [ -73.858329245041801, -41.264496109884902 ], [ -73.858339285511747, -41.264454044487849 ], [ -73.858344140905857, -41.264411273437645 ], [ -73.8583533540274, -41.264367076251247 ], [ -73.858363863417921, -41.264323055272826 ], [ -73.858370529815645, -41.264300730447673 ], [ -73.858388947075596, -41.264262833867278 ], [ -73.858403241966712, -41.264225385625686 ], [ -73.858415279391522, -41.264180561688313 ], [ -73.858427447970357, -41.264140805418997 ], [ -73.858439173679756, -41.264114119135449 ], [ -73.858451155409, -41.26409756757046 ], [ -73.858469620279692, -41.264081897869453 ], [ -73.858495219570329, -41.264041947069799 ], [ -73.858520353533663, -41.264003951753566 ], [ -73.858532802386875, -41.263985443301856 ], [ -73.85855098518654, -41.263948524968455 ], [ -73.858570802021703, -41.263904758275402 ], [ -73.858601354622834, -41.263866490755262 ], [ -73.858616759831648, -41.263852424032741 ], [ -73.858647077972492, -41.263815134238669 ], [ -73.858663963604869, -41.263778038894344 ], [ -73.858685416272166, -41.263727424404905 ], [ -73.85870640271385, -41.263678766069056 ], [ -73.858714962760189, -41.263659729481276 ], [ -73.858736671447346, -41.263619250379158 ], [ -73.858753091752433, -41.263584111794437 ], [ -73.858780220873996, -41.263543359169525 ], [ -73.85879479603949, -41.263527159940026 ], [ -73.858808259090665, -41.263487579513097 ], [ -73.858827609700185, -41.263445770736681 ], [ -73.858840010942671, -41.263405034906668 ], [ -73.858845800584689, -41.263358351440019 ], [ -73.858849825935494, -41.263313449253602 ], [ -73.858848094881921, -41.263275843133854 ], [ -73.85884827903655, -41.263252638772336 ], [ -73.858842577429456, -41.263231663410764 ], [ -73.858840951478783, -41.263188011705523 ], [ -73.858839791753766, -41.263142404437488 ], [ -73.858843583542566, -41.263098480545317 ], [ -73.858854324698413, -41.263053479593083 ], [ -73.858863303359684, -41.26301025993169 ], [ -73.858870284167764, -41.262969798658872 ], [ -73.858880793558257, -41.262925776738541 ], [ -73.858895295061913, -41.262876237946713 ], [ -73.858913349402485, -41.262834251186405 ], [ -73.858924968212364, -41.262813610617776 ], [ -73.858956945541536, -41.262780585829425 ], [ -73.858988431492236, -41.262738405208736 ], [ -73.859004173569275, -41.262717314888178 ], [ -73.859023055258234, -41.262677461166135 ], [ -73.859035142988702, -41.26265486364926 ], [ -73.859051247985121, -41.262637862667468 ], [ -73.859092661218028, -41.262610160180465 ], [ -73.859129590959355, -41.262578820060831 ], [ -73.859152645322808, -41.262560743371147 ], [ -73.859171809981078, -41.262542137948294 ], [ -73.859216156213407, -41.262507763178185 ], [ -73.8592522559114, -41.262474289862411 ], [ -73.8592664681575, -41.262454002341208 ], [ -73.859285994836839, -41.26243948559086 ], [ -73.859337781814645, -41.262413192964381 ], [ -73.859389437638441, -41.262381834518138 ], [ -73.859440498777502, -41.262347363101256 ], [ -73.85948837089731, -41.262309428923118 ], [ -73.859505072375057, -41.262295538783846 ], [ -73.859547911234344, -41.262273080914106 ], [ -73.859608071408914, -41.262250956616342 ], [ -73.85963420968875, -41.262242388884829 ], [ -73.859684150628652, -41.262235035949743 ], [ -73.8597121834554, -41.262229756070532 ], [ -73.859739851566161, -41.26222038612395 ], [ -73.859789043311125, -41.262193740921887 ], [ -73.859814352445937, -41.262183040701622 ], [ -73.859838727332843, -41.262176252955243 ], [ -73.859858021348515, -41.262162714599931 ], [ -73.859911128849802, -41.262147712270306 ], [ -73.85995349968681, -41.262127210589021 ], [ -73.859989598486493, -41.262093735727625 ], [ -73.860005703482912, -41.262076735275052 ], [ -73.860026059307259, -41.26206435160131 ], [ -73.860063222610563, -41.26203203141052 ], [ -73.860103676442748, -41.261997129665069 ], [ -73.860134821931965, -41.261961972650639 ], [ -73.860160783243671, -41.261926110639678 ], [ -73.860171339346579, -41.261904315754251 ], [ -73.860190166238297, -41.261892733588809 ], [ -73.86021759988877, -41.26188434137957 ], [ -73.860264328453226, -41.26186241210209 ], [ -73.8602942270808, -41.261849304501865 ], [ -73.860318345049564, -41.261832382316612 ], [ -73.860336445204211, -41.261812621979544 ], [ -73.860363285068274, -41.261801119479394 ], [ -73.860393907738001, -41.261796190704082 ], [ -73.860450952555169, -41.261803943446694 ], [ -73.860505275477024, -41.261806276494674 ], [ -73.86052954615937, -41.261805535051344 ], [ -73.860553686586002, -41.261799725052676 ], [ -73.860577232327927, -41.261790804772403 ], [ -73.860605005541558, -41.261775389093692 ], [ -73.86063749580876, -41.261762633965638 ], [ -73.860656193343075, -41.261745985241348 ], [ -73.860705047321488, -41.261726364658642 ], [ -73.860733182556189, -41.261715037712996 ], [ -73.860745164285447, -41.261698484864695 ], [ -73.860755670082696, -41.261654462762621 ], [ -73.860762570042397, -41.261631161261519 ], [ -73.860775018895609, -41.26161265281258 ], [ -73.860806761764479, -41.261580605882379 ], [ -73.860826029729012, -41.261555955841303 ], [ -73.860839411931806, -41.261533534181829 ], [ -73.86087009029707, -41.261500332500589 ], [ -73.860890784786278, -41.26148092522957 ], [ -73.860909586525153, -41.261458230059638 ], [ -73.86093552178572, -41.261411254834705 ], [ -73.860947970638932, -41.261392745648159 ], [ -73.860975459086632, -41.261356081101724 ], [ -73.860998229582464, -41.261316755962369 ], [ -73.861024189995845, -41.261280893597117 ], [ -73.86103946405062, -41.261261759746326 ], [ -73.861058758066292, -41.26124822187667 ], [ -73.861093326136739, -41.261215549464609 ], [ -73.86111461620898, -41.261199253093594 ], [ -73.861125300770965, -41.261182523868136 ], [ -73.86114506101228, -41.261167029038809 ], [ -73.861155745574266, -41.261150301830924 ], [ -73.861160648579087, -41.261129757969528 ], [ -73.86115948615911, -41.26108414993935 ], [ -73.861150851552594, -41.26104136452706 ], [ -73.861143619216236, -41.261020969867218 ], [ -73.861122067734257, -41.261009758271307 ], [ -73.861072440306401, -41.260998974798134 ], [ -73.861012104062013, -41.260993805564183 ], [ -73.860986770672696, -41.260993392970825 ], [ -73.860960397932587, -41.261002939340337 ], [ -73.86094157283749, -41.261014521663554 ], [ -73.860915201893988, -41.261024066679418 ], [ -73.860888701593126, -41.261028546455037 ], [ -73.860839799105676, -41.261025940568118 ], [ -73.860786410431714, -41.261019696298085 ], [ -73.860759186088714, -41.261015996464799 ], [ -73.860735253172905, -41.261009713703139 ], [ -73.860710361754712, -41.260996231829104 ], [ -73.860682959545287, -41.260965237351442 ], [ -73.860664838729377, -41.260923385093001 ], [ -73.860657325220345, -41.260881964309576 ], [ -73.860653337598791, -41.260836982763564 ], [ -73.860655727117447, -41.260798927508681 ], [ -73.860657754615048, -41.260756782073045 ], [ -73.860656489787118, -41.260717220900659 ], [ -73.860654314067503, -41.260692684655837 ], [ -73.86064337797724, -41.260648778699043 ], [ -73.860628783947121, -41.260603366164048 ], [ -73.860619973270829, -41.260561768254291 ], [ -73.860620287681172, -41.260543631581633 ], [ -73.860628797421867, -41.260502367897764 ], [ -73.860637540724511, -41.260460125705563 ], [ -73.860646050465206, -41.260418861968894 ], [ -73.860655259993493, -41.260374663430966 ], [ -73.86066542892253, -41.260337666074086 ], [ -73.8606716281963, -41.260317298881084 ], [ -73.860683014342527, -41.26029763600161 ], [ -73.860700051790204, -41.260276720466372 ], [ -73.860739337812518, -41.260246710210211 ], [ -73.860757567324583, -41.260232018070823 ], [ -73.86078523543533, -41.260222647162308 ], [ -73.860812797544881, -41.260219323416869 ], [ -73.860838130934198, -41.260219736015088 ], [ -73.860869220727864, -41.260212851499119 ], [ -73.860881852837394, -41.260171137867061 ], [ -73.860884396866268, -41.260149264062967 ], [ -73.860896328289869, -41.260110484502192 ], [ -73.860902761125629, -41.260089139425844 ], [ -73.860900716560053, -41.260069670959759 ], [ -73.860875020251342, -41.260065169509247 ], [ -73.860848519950466, -41.260069648000098 ], [ -73.860828631250087, -41.260080075076218 ], [ -73.860810868861947, -41.260092811624922 ], [ -73.860793467596608, -41.260109636344644 ], [ -73.860769432272846, -41.260109399995009 ], [ -73.860727792664491, -41.260087582218894 ], [ -73.860690146965865, -41.260060246005182 ], [ -73.860670441521805, -41.260047468257731 ], [ -73.860648483102992, -41.260027313689157 ], [ -73.860622117549411, -41.259986360985884 ], [ -73.860610530180566, -41.259967615720626 ], [ -73.860564068415741, -41.259949181757001 ], [ -73.860527171912082, -41.259941138421048 ], [ -73.860500284437322, -41.259930413521374 ], [ -73.860492353211669, -41.259913176155294 ], [ -73.860476641677351, -41.259894881285383 ], [ -73.860453410345798, -41.259885664293968 ], [ -73.860428778540708, -41.259882316220995 ], [ -73.860392430009355, -41.259855157521947 ], [ -73.86035994513206, -41.259817411652008 ], [ -73.860313692674694, -41.259786885940066 ], [ -73.860275346290166, -41.259762485078639 ], [ -73.860231919932701, -41.259731333348498 ], [ -73.86019544204396, -41.259699105868258 ], [ -73.860157900549936, -41.259665723627485 ], [ -73.860115536899443, -41.259635726596379 ], [ -73.860071175395774, -41.259608488110601 ], [ -73.860028240416767, -41.259586492565809 ], [ -73.859989894930536, -41.259562092304812 ], [ -73.859974546315613, -41.259547886220538 ], [ -73.859950775994861, -41.259507285043206 ], [ -73.8599252404846, -41.259468465259054 ], [ -73.859897475355794, -41.259433381165437 ], [ -73.8598679468341, -41.259400078473313 ], [ -73.859841817537429, -41.259358146877972 ], [ -73.859834118077117, -41.259339930861827 ], [ -73.859829714535593, -41.259319132520844 ], [ -73.859830027149314, -41.259300994827846 ], [ -73.859812608815957, -41.259256208028063 ], [ -73.859801488571065, -41.259235506227398 ], [ -73.859772789194366, -41.259204336012971 ], [ -73.859754848939829, -41.25918977802263 ], [ -73.859727082912713, -41.259154694454594 ], [ -73.859704246839868, -41.259110179698361 ], [ -73.859696548277881, -41.259091964288373 ], [ -73.859692093532374, -41.259048938516301 ], [ -73.859691400032986, -41.259001374726054 ], [ -73.859691770138895, -41.258954964307755 ], [ -73.859683660148505, -41.258910432532986 ], [ -73.859675445055231, -41.258871946666346 ], [ -73.859672570446307, -41.258850345247389 ], [ -73.859676468236344, -41.258800375225015 ], [ -73.859677899252588, -41.258755119424656 ], [ -73.859688405948148, -41.258711097364461 ], [ -73.859701506079944, -41.258667427780992 ], [ -73.859716264501728, -41.25862802403848 ], [ -73.859735378854367, -41.258587191336538 ], [ -73.859743938002381, -41.258568154615148 ], [ -73.859771660910354, -41.25853051267309 ], [ -73.859786235177538, -41.258514313550741 ], [ -73.859803168420626, -41.258499445443299 ], [ -73.859836439323814, -41.258466596077668 ], [ -73.859846061178828, -41.258448714087294 ], [ -73.859864057128917, -41.258435000056025 ], [ -73.859885474761924, -41.258423770458329 ], [ -73.859903704273989, -41.258409078584172 ], [ -73.859945116608571, -41.258381375653954 ], [ -73.859961815391387, -41.258367485354533 ], [ -73.860000167165822, -41.258341387601817 ], [ -73.860021222777775, -41.258326069703152 ], [ -73.860035563482967, -41.258310848369234 ], [ -73.860059340990219, -41.258300950448465 ], [ -73.860111639109434, -41.258294927417431 ], [ -73.860165362854985, -41.258294148792558 ], [ -73.860226760908034, -41.258300473008987 ], [ -73.860251391814813, -41.258303821163025 ], [ -73.86027789031904, -41.258299341200512 ], [ -73.860307192465299, -41.258283125138242 ], [ -73.860356068003284, -41.258274616312896 ], [ -73.860405048644154, -41.258260062842439 ], [ -73.860427996108101, -41.258248031628931 ], [ -73.860451669410779, -41.258244178344675 ], [ -73.860477338770011, -41.258237567793898 ], [ -73.860505963586533, -41.258235398717311 ], [ -73.86052963688924, -41.258231544081667 ], [ -73.860554139336912, -41.25822982408215 ], [ -73.860606696170933, -41.258233936684029 ], [ -73.860665500787746, -41.25823990907292 ], [ -73.860710487518844, -41.258230872829422 ], [ -73.860756721111571, -41.258199785873288 ], [ -73.860803576338483, -41.25818292351979 ], [ -73.860826418699531, -41.258176937619623 ], [ -73.860857871412577, -41.258174142533619 ], [ -73.860875584393341, -41.258139179299619 ], [ -73.860885026585308, -41.258094002727162 ], [ -73.860898592942718, -41.258048376369658 ], [ -73.860908164492074, -41.258008267233834 ], [ -73.860912784527571, -41.25796647520874 ], [ -73.860910972625646, -41.257946028940651 ], [ -73.860904674537196, -41.257921943435292 ], [ -73.860890341018504, -41.257886665372922 ], [ -73.8608831634794, -41.257838220134438 ], [ -73.860882364877114, -41.257796701500538 ], [ -73.860884392374714, -41.257754556828772 ], [ -73.860882764627405, -41.2577109061897 ], [ -73.860880718265207, -41.257691437690028 ], [ -73.860872424120188, -41.257670110056431 ], [ -73.86084452963398, -41.25762996016968 ], [ -73.860896756786275, -41.256900768183428 ], [ -73.860921024773688, -41.256900026684434 ], [ -73.86094327155169, -41.256890930827595 ], [ -73.860955251484299, -41.256874378107227 ], [ -73.860960155387446, -41.256853834926751 ], [ -73.860947817027039, -41.25681579761055 ], [ -73.86094188185794, -41.256795801420012 ], [ -73.86094167973701, -41.256757394670352 ], [ -73.86094069698008, -41.25673908068287 ], [ -73.860922811522784, -41.256696249203578 ], [ -73.860910757928295, -41.256679461422486 ], [ -73.860904588298922, -41.256660443054045 ], [ -73.860901479229724, -41.256639820793787 ], [ -73.860887065760991, -41.256621701941043 ], [ -73.860862409701397, -41.256630350097758 ], [ -73.860845243794628, -41.256646197170063 ], [ -73.860810315499748, -41.256674780103125 ], [ -73.860800693644734, -41.256692663254476 ], [ -73.860746892644059, -41.256710600426537 ], [ -73.860724879428005, -41.256718719796169 ], [ -73.860699289120518, -41.256708171301099 ], [ -73.860678006234807, -41.256673968368247 ], [ -73.860645653409847, -41.256641292317255 ], [ -73.860627712256999, -41.256626734430959 ], [ -73.860603604169725, -41.256593157478029 ], [ -73.860594608440479, -41.256574765107231 ], [ -73.860562127156427, -41.256537020718106 ], [ -73.860533662240002, -41.256504872700333 ], [ -73.860502838347657, -41.25647139360651 ], [ -73.860489722046196, -41.25645345029087 ], [ -73.860480491856649, -41.256436037098581 ], [ -73.86045682663881, -41.256389390520333 ], [ -73.860451592155641, -41.256366458568621 ], [ -73.860433836055762, -41.256328695825353 ], [ -73.860421419541893, -41.25630781886322 ], [ -73.86040789091372, -41.256263559465332 ], [ -73.860401489519006, -41.256245518845859 ], [ -73.860399989332478, -41.256206935512793 ], [ -73.860409900445021, -41.256159802536573 ], [ -73.860414569887851, -41.256140237678302 ], [ -73.860443611522669, -41.256113885113102 ], [ -73.860468087919216, -41.256101050541517 ], [ -73.860493420410236, -41.256101463841112 ], [ -73.86051626277127, -41.256095478425479 ], [ -73.860537189025806, -41.256075091675754 ], [ -73.860550465227405, -41.256058716359554 ], [ -73.860560270338738, -41.256017629479075 ], [ -73.860563409950629, -41.255998866191604 ], [ -73.860568393803831, -41.255961162664697 ], [ -73.860564301079407, -41.255922226642447 ], [ -73.860553881520417, -41.25589859083474 ], [ -73.860549009956628, -41.255879748499645 ], [ -73.860537189025806, -41.255861981957558 ], [ -73.860513024344669, -41.255856677926609 ], [ -73.860490778464978, -41.255865774602782 ], [ -73.860474908827172, -41.255881798121322 ], [ -73.860455562709205, -41.255923608363439 ], [ -73.860443114754332, -41.255942116398643 ], [ -73.860436448356609, -41.255964441379895 ], [ -73.860440024549746, -41.255983106079483 ], [ -73.86043618425191, -41.256004804343178 ], [ -73.860413236787963, -41.256016836645216 ], [ -73.860387413816824, -41.256007266585762 ], [ -73.860381196576711, -41.255966021646302 ], [ -73.860379930850485, -41.255926460273336 ], [ -73.860366998703668, -41.255885311854776 ], [ -73.860358238333021, -41.255865941408956 ], [ -73.860361247689212, -41.255842111086167 ], [ -73.860360966516538, -41.255820863212882 ], [ -73.860374788893807, -41.255785371286962 ], [ -73.860382880917882, -41.255768290854057 ], [ -73.860387783024379, -41.255747747325699 ], [ -73.86037985179874, -41.255730508855763 ], [ -73.860353151173555, -41.255696580270403 ], [ -73.860341433548996, -41.255672768119744 ], [ -73.860329614414809, -41.255655001521369 ], [ -73.860306617543529, -41.255644806052558 ], [ -73.860282920884643, -41.255637546245715 ], [ -73.860253315107826, -41.255621401783024 ], [ -73.860237370909857, -41.255604084941289 ], [ -73.860212611543986, -41.255595669637991 ], [ -73.860166490240672, -41.255570211667461 ], [ -73.860146085907303, -41.255560368708551 ], [ -73.860134265874805, -41.255542601404301 ], [ -73.860113500418692, -41.25552866930591 ], [ -73.860081092796506, -41.255524264790253 ], [ -73.860055993867462, -41.255522874281489 ], [ -73.860031026092457, -41.255526550789298 ], [ -73.860001572130926, -41.25552658793255 ], [ -73.859975750058069, -41.255517018476645 ], [ -73.85994715668258, -41.255479801586333 ], [ -73.859933211236111, -41.255459726648184 ], [ -73.859920850417822, -41.255410576587742 ], [ -73.859905921316098, -41.255372186582228 ], [ -73.859895163990572, -41.255355574722955 ], [ -73.859881347003181, -41.255340566777669 ], [ -73.859829910368333, -41.255309336625686 ], [ -73.859803960734723, -41.255294698753048 ], [ -73.859790143747333, -41.255279691469113 ], [ -73.859778088356222, -41.255262902648589 ], [ -73.859756445246092, -41.255224611155263 ], [ -73.85974568702224, -41.255207998583138 ], [ -73.859737756694912, -41.255190761321401 ], [ -73.859734132891049, -41.255149869067061 ], [ -73.859733849921753, -41.255128620968598 ], [ -73.859723325259864, -41.255111029809669 ], [ -73.859717624551067, -41.255090055209905 ], [ -73.859706585154569, -41.255052194480186 ], [ -73.859697178895217, -41.255007486482818 ], [ -73.859705221511945, -41.254968179807015 ], [ -73.859710672489101, -41.254928519230283 ], [ -73.859721539409094, -41.254888587143363 ], [ -73.859737827661817, -41.254848380169044 ], [ -73.859745323204535, -41.25482818955382 ], [ -73.859756474890489, -41.254809504939402 ], [ -73.859769984654051, -41.254792150738744 ], [ -73.859792649148659, -41.254758871343071 ], [ -73.859805925350258, -41.254742497047573 ], [ -73.859820659517538, -41.254691978207205 ], [ -73.859825199602994, -41.254667345826455 ], [ -73.859818281676979, -41.25462903574978 ], [ -73.85981035045134, -41.254611797659926 ], [ -73.859795237195002, -41.254596613279574 ], [ -73.85975629971901, -41.254569101204794 ], [ -73.859737296757501, -41.254553388697005 ], [ -73.859724646681656, -41.254533488387821 ], [ -73.859714540634698, -41.254491715075076 ], [ -73.859699612431314, -41.254453326555591 ], [ -73.859685149555247, -41.254412980867919 ], [ -73.859677324330804, -41.254389696368229 ], [ -73.859672999841024, -41.254351739333735 ], [ -73.85966937513885, -41.254310845878798 ], [ -73.859670339929465, -41.254267547494528 ], [ -73.859668761589532, -41.254246123519309 ], [ -73.859669492818156, -41.25420380164207 ], [ -73.859670273454128, -41.254183708752798 ], [ -73.85964157677239, -41.254152537478205 ], [ -73.859625633472717, -41.254135221597764 ], [ -73.859592453299399, -41.254100410856225 ], [ -73.859578015576147, -41.254071178463434 ], [ -73.85957006009599, -41.254042827385916 ], [ -73.85954543637574, -41.253988980565182 ], [ -73.859536161270427, -41.253949339654405 ], [ -73.859528052178348, -41.253904807843611 ], [ -73.859518750123598, -41.253854054009182 ], [ -73.859518935176553, -41.253830849001503 ], [ -73.859526381311937, -41.253788431630859 ], [ -73.859534296367883, -41.253744056391668 ], [ -73.859540550438908, -41.253695416280983 ], [ -73.859544808453336, -41.253649535620198 ], [ -73.859543310063444, -41.253610952104466 ], [ -73.859543495116398, -41.253587746335057 ], [ -73.859550499280672, -41.253558398902932 ], [ -73.859561417404635, -41.253540692511237 ], [ -73.85957881597507, -41.253523866774728 ], [ -73.859605416887263, -41.253513342751816 ], [ -73.859618693987159, -41.253496966793371 ], [ -73.859625359486557, -41.253474642994853 ], [ -73.859630577800047, -41.253435962800232 ], [ -73.85963275801123, -41.253409998823273 ], [ -73.859627651987168, -41.253392134358471 ], [ -73.859614068561754, -41.253376148724413 ], [ -73.859589833812024, -41.253337503589911 ], [ -73.859574204024398, -41.253302050160634 ], [ -73.859558914698255, -41.253259571664643 ], [ -73.859545773243951, -41.253230515838823 ], [ -73.859539838973191, -41.253210518550688 ], [ -73.859540571100155, -41.253168198028597 ], [ -73.859550013292107, -41.253123021394792 ], [ -73.859558161011734, -41.253077668461458 ], [ -73.859566074271072, -41.253033294090152 ], [ -73.859577048090586, -41.252987315712758 ], [ -73.85958708586557, -41.252945249656314 ], [ -73.859591755308415, -41.2529256845106 ], [ -73.859613462198922, -41.252885204833639 ], [ -73.859637396911367, -41.252840988365776 ], [ -73.859645722497433, -41.252822929241688 ], [ -73.859677668385558, -41.25277879174886 ], [ -73.85969595269485, -41.252735827328124 ], [ -73.85971576593677, -41.252692059874512 ], [ -73.859723857062519, -41.252674979983439 ], [ -73.859738768197928, -41.252651756322166 ], [ -73.859770739238883, -41.25261873247365 ], [ -73.859812951972401, -41.252582048819185 ], [ -73.859854125355128, -41.252555326070421 ], [ -73.859898230838951, -41.252521930048076 ], [ -73.859935854079694, -41.252487653334725 ], [ -73.859950892775871, -41.25246949821129 ], [ -73.85997264727709, -41.252451244479751 ], [ -73.860024400118917, -41.252413839442198 ], [ -73.860062385380715, -41.252383650653869 ], [ -73.86010449390966, -41.252353014760033 ], [ -73.860125313264675, -41.252338674060923 ], [ -73.860176287267166, -41.252321362427232 ], [ -73.860204546469362, -41.252315103817679 ], [ -73.860237863186626, -41.252304481672063 ], [ -73.860270011195709, -41.25229875119669 ], [ -73.860325211771595, -41.252274943210324 ], [ -73.860346861169944, -41.252262735974668 ], [ -73.860400111503353, -41.252263913812619 ], [ -73.860445329101481, -41.252253898812597 ], [ -73.860473926070242, -41.25224061639031 ], [ -73.860497235555243, -41.252232673409964 ], [ -73.860521942818806, -41.252218862171581 ], [ -73.860528455604623, -41.252180358179459 ], [ -73.860530716664186, -41.252137234653873 ], [ -73.860532558210522, -41.252118295331663 ], [ -73.860538475413307, -41.252076679861268 ], [ -73.860536429949391, -41.252057211033055 ], [ -73.860523184290543, -41.252034201243852 ], [ -73.860496951687608, -41.251998315546764 ], [ -73.860483473365079, -41.251976284346149 ], [ -73.8604692449493, -41.251934959869388 ], [ -73.860458905340394, -41.251894164856303 ], [ -73.860450679467334, -41.251871431911312 ], [ -73.860450630958312, -41.251849205485954 ], [ -73.860443867542529, -41.25182707630637 ], [ -73.860430854547317, -41.251803088499578 ], [ -73.860424275286178, -41.251757753560298 ], [ -73.860415931733826, -41.251714200219496 ], [ -73.860408001406498, -41.25169696203583 ], [ -73.860399191628488, -41.251655364532084 ], [ -73.860385897460617, -41.251610128094661 ], [ -73.860374882318595, -41.25158338131029 ], [ -73.86037053177769, -41.251534309378016 ], [ -73.860379741305977, -41.251490110906289 ], [ -73.860390374663993, -41.251451156685434 ], [ -73.86040772382708, -41.251412104512077 ], [ -73.860431997204358, -41.251360863821667 ], [ -73.860469828854235, -41.251314494575446 ], [ -73.860490649107575, -41.251300154999122 ], [ -73.86053190154206, -41.251256271769655 ], [ -73.860548107149782, -41.251233224552678 ], [ -73.860565504821878, -41.251216398897206 ], [ -73.86061717771365, -41.251196151778515 ], [ -73.860677689129517, -41.251178116513316 ], [ -73.860707011937009, -41.251173011338281 ], [ -73.86073104456581, -41.251173249071002 ], [ -73.860762492787273, -41.25117045233452 ], [ -73.860797183926934, -41.251142847640892 ], [ -73.860844580837949, -41.251106868252016 ], [ -73.860867292943283, -41.25109581636962 ], [ -73.860875720937273, -41.251071711453918 ], [ -73.860871082037136, -41.251051891129478 ], [ -73.860821566898665, -41.251035060699664 ], [ -73.860797404912475, -41.251029757627542 ], [ -73.860776172332422, -41.251017782489484 ], [ -73.860756342022526, -41.250999936956461 ], [ -73.86073085951287, -41.250983342895928 ], [ -73.860708461817893, -41.250976259520357 ], [ -73.860684065371416, -41.250971933717068 ], [ -73.860654540442951, -41.250938630087674 ], [ -73.860642438339454, -41.250899615429212 ], [ -73.860625744946532, -41.250863006451979 ], [ -73.860614860060238, -41.250841327417163 ], [ -73.860608433512681, -41.250812173936275 ], [ -73.86060869761738, -41.250771809790642 ], [ -73.860615677527136, -41.250731347689737 ], [ -73.860621697137859, -41.250683686666143 ], [ -73.860630439542192, -41.250641444202216 ], [ -73.860640477317176, -41.250599378661349 ], [ -73.86065660926306, -41.250542991586251 ], [ -73.860670303181266, -41.250502432763703 ], [ -73.860680107394259, -41.250461345765345 ], [ -73.860692505043502, -41.250420610616686 ], [ -73.860703943292023, -41.250372674484531 ], [ -73.860712838409952, -41.250346613385311 ], [ -73.86072634727519, -41.250329260025239 ], [ -73.860749059380524, -41.250318208011265 ], [ -73.860764644252384, -41.250280936154333 ], [ -73.860787177592968, -41.250242589060527 ], [ -73.860806105994328, -41.250224960114956 ], [ -73.860819846624921, -41.250206628086708 ], [ -73.860836545407722, -41.250192738075093 ], [ -73.860876783644244, -41.250169927543901 ], [ -73.860899728413244, -41.25015789551567 ], [ -73.860918422354288, -41.250141246534817 ], [ -73.860926746143704, -41.250123187339817 ], [ -73.860944506735208, -41.250110451548622 ], [ -73.860990524732259, -41.250091455581618 ], [ -73.861036544525959, -41.250072460284464 ], [ -73.861065271750419, -41.250064244183577 ], [ -73.861110331245087, -41.250038049234327 ], [ -73.861148185352832, -41.250002794604988 ], [ -73.861179921933513, -41.249970747381461 ], [ -73.86122132708158, -41.249943044924755 ], [ -73.861243442705572, -41.249928880648774 ], [ -73.861287465544379, -41.24991264359754 ], [ -73.861326510818202, -41.249883609921767 ], [ -73.861343442264683, -41.24986874187595 ], [ -73.861358480062535, -41.249850586024756 ], [ -73.861371007069167, -41.249814917279508 ], [ -73.861374144884451, -41.249796154236556 ], [ -73.861371583787573, -41.249756416226731 ], [ -73.861364068481919, -41.249714995790903 ], [ -73.861360492288767, -41.249696329300377 ], [ -73.86135243260405, -41.249674023789495 ], [ -73.861340847031812, -41.249655278941681 ], [ -73.861315831646095, -41.249636729277057 ], [ -73.861285710236317, -41.249600315456242 ], [ -73.861271530329546, -41.249581218031885 ], [ -73.861263600002218, -41.249563980636211 ], [ -73.861260258269368, -41.249544336132168 ], [ -73.861234363432985, -41.249501427668164 ], [ -73.861222544298784, -41.249483661417514 ], [ -73.861184774632662, -41.249451257330811 ], [ -73.861167068838412, -41.249435721220962 ], [ -73.861159839197015, -41.249415548519281 ], [ -73.861157276303516, -41.249375810953303 ], [ -73.861156292648275, -41.249357497597885 ], [ -73.861146782184349, -41.249318834552035 ], [ -73.86113680639312, -41.249282128107339 ], [ -73.861119389856398, -41.249237341191879 ], [ -73.861111796397296, -41.249213079573686 ], [ -73.86111198145025, -41.249189873592883 ], [ -73.861124015281803, -41.249145050818093 ], [ -73.861134518384091, -41.249101027684375 ], [ -73.861137713691576, -41.249053991566292 ], [ -73.861133541915393, -41.249032214673669 ], [ -73.861133024485795, -41.249011944589867 ], [ -73.861120972687928, -41.248995156184726 ], [ -73.861104797622929, -41.248978818266885 ], [ -73.861099691598852, -41.248960953941157 ], [ -73.861100421929194, -41.248918634043171 ], [ -73.861098142903288, -41.248900143604644 ], [ -73.861088916307025, -41.248882729749681 ], [ -73.861083810282935, -41.24886486674847 ], [ -73.861051565255835, -41.248826143300391 ], [ -73.861035155730534, -41.248810783321645 ], [ -73.861008692260569, -41.248775876537429 ], [ -73.860994513252109, -41.248756778196693 ], [ -73.86098469017449, -41.248736253400814 ], [ -73.860973931950653, -41.248719641880236 ], [ -73.860957991345941, -41.248702325235165 ], [ -73.860952289738833, -41.248681350603896 ], [ -73.860943608419902, -41.248644820081253 ], [ -73.860936225166597, -41.248608467169333 ], [ -73.860930290895823, -41.248588470492628 ], [ -73.860914944975818, -41.248574264723359 ], [ -73.8608921852598, -41.248563090839767 ], [ -73.86087424590356, -41.248548532503996 ], [ -73.860845761224226, -41.248505270824786 ], [ -73.860837829998587, -41.24848803314525 ], [ -73.860829252884258, -41.248445456962315 ], [ -73.860825395518418, -41.248405543200889 ], [ -73.860821175233227, -41.248361539831052 ], [ -73.86081213189324, -41.24832092089391 ], [ -73.860801558722358, -41.24828110296415 ], [ -73.860793111863742, -41.248243596254135 ], [ -73.860795944251819, -41.248192470599605 ], [ -73.860792085089372, -41.248152555332787 ], [ -73.860787084168194, -41.248128647225812 ], [ -73.860791003517761, -41.248089789610439 ], [ -73.860796919822235, -41.248048172924719 ], [ -73.86080228815436, -41.248025672333185 ], [ -73.86080128024463, -41.247996245405716 ], [ -73.860792495619464, -41.247965762123414 ], [ -73.860783090258437, -41.247921053328668 ], [ -73.86078273272895, -41.247866464588391 ], [ -73.860797827120663, -41.247820037478292 ], [ -73.860811053914901, -41.247781434309715 ], [ -73.860815487100837, -41.247762846290016 ], [ -73.86083353605153, -41.247720859269847 ], [ -73.860851584103898, -41.247678872898149 ], [ -73.86086167128623, -41.247659033983673 ], [ -73.860891046196016, -41.247625657071659 ], [ -73.860906783781473, -41.247604565923545 ], [ -73.860957494577576, -41.247577118445577 ], [ -73.86100890605961, -41.247546736279929 ], [ -73.862031457449191, -41.246990835320204 ], [ -73.862094219144851, -41.246980176511649 ], [ -73.862153224085972, -41.24697405517621 ], [ -73.862189490870634, -41.246967873727755 ], [ -73.862241989314128, -41.246949758271107 ], [ -73.862269417574709, -41.246941366843515 ], [ -73.862316601585007, -41.246917478556028 ], [ -73.862338714514038, -41.246903314974929 ], [ -73.862357173994809, -41.246887643174936 ], [ -73.862383230527939, -41.246845735967554 ], [ -73.862395443124242, -41.246828204717069 ], [ -73.862418725659765, -41.246809149034029 ], [ -73.862451674966067, -41.246794436986562 ], [ -73.862493310082854, -41.246765755171147 ], [ -73.86251436299986, -41.246750436584236 ], [ -73.862564603977063, -41.246724945448051 ], [ -73.862584955309828, -41.246712561565332 ], [ -73.862611762834533, -41.24668994501647 ], [ -73.862653529105359, -41.246666330183615 ], [ -73.862700970033842, -41.246652577881214 ], [ -73.862742939323908, -41.246667372362303 ], [ -73.862784700204827, -41.246694256919362 ], [ -73.862841161117061, -41.24671001116738 ], [ -73.862868147406516, -41.246714687797457 ], [ -73.862897025547966, -41.246722652386794 ], [ -73.86292530900468, -41.246727505976772 ], [ -73.862938348051031, -41.246712108356391 ], [ -73.862952661806759, -41.246685773601357 ], [ -73.8629984435469, -41.246667756002942 ], [ -73.863023045707592, -41.246659989306089 ], [ -73.86304622314023, -41.246646979293139 ], [ -73.863086924907435, -41.246622210144977 ], [ -73.86312609864035, -41.246598244742422 ], [ -73.863148911357001, -41.246581145021786 ], [ -73.863165012760149, -41.246564142557808 ], [ -73.863173438059192, -41.246540037996418 ], [ -73.863173806368465, -41.246493628180318 ], [ -73.86317269245751, -41.2464702469738 ], [ -73.86317930675294, -41.24642569723175 ], [ -73.863181253402175, -41.246400710512376 ], [ -73.863172959257156, -41.246379384595841 ], [ -73.863155720586846, -41.246361891044117 ], [ -73.863131536142774, -41.246345474118293 ], [ -73.863117953615671, -41.246329488110838 ], [ -73.863110022390032, -41.246312250532704 ], [ -73.863114922699907, -41.246291706732372 ], [ -73.863144426068786, -41.246263397532452 ], [ -73.863168899770372, -41.246250561700982 ], [ -73.863180360476775, -41.246213740735961 ], [ -73.863182073564033, -41.246189733307006 ], [ -73.863198719346244, -41.24615361542925 ], [ -73.863211397269836, -41.246134128625684 ], [ -73.863220887072501, -41.246111178214463 ], [ -73.863224362654336, -41.246085391666142 ], [ -73.863213476869717, -41.246063711046013 ], [ -73.863196938885338, -41.2460432833415 ], [ -73.863161529991785, -41.246012212199034 ], [ -73.863112820642144, -41.245986402647034 ], [ -73.863090190283501, -41.245980296753395 ], [ -73.863073548992858, -41.245965915480454 ], [ -73.863061262734718, -41.245950105667667 ], [ -73.863041899548776, -41.245930304052422 ], [ -73.863023261303255, -41.245918681230279 ], [ -73.862996846342327, -41.245906002031177 ], [ -73.862969161163591, -41.245904259417863 ], [ -73.862935355762815, -41.245905725104251 ], [ -73.862912517893349, -41.245911711453509 ], [ -73.862862379324071, -41.245931157122094 ], [ -73.862839306096006, -41.245938122168795 ], [ -73.862788702199438, -41.245959523877616 ], [ -73.862733870831121, -41.245987421871916 ], [ -73.862710228969476, -41.246002388738383 ], [ -73.86268738930336, -41.246008375078766 ], [ -73.862661416313557, -41.245982624963112 ], [ -73.862660898883959, -41.245962354608686 ], [ -73.86265602732017, -41.245943512784791 ], [ -73.862641953414609, -41.24591837053184 ], [ -73.862627774406164, -41.245899273382129 ], [ -73.86259283173824, -41.245866244094081 ], [ -73.862571474292366, -41.245849201593607 ], [ -73.862543245632878, -41.245816075693412 ], [ -73.862527771253795, -41.245796802225883 ], [ -73.862531375294708, -41.245776082650984 ], [ -73.862582601723787, -41.24576890482566 ], [ -73.862609691319491, -41.245767536398496 ], [ -73.862664209175776, -41.245757775040893 ], [ -73.862721111160795, -41.245760458536324 ], [ -73.862751156213804, -41.245763531756474 ], [ -73.862780008304114, -41.245760382887823 ], [ -73.862802251488844, -41.24575128615534 ], [ -73.862825895147125, -41.245736319231348 ], [ -73.862842228315643, -41.245718339195363 ], [ -73.862901254816322, -41.245723331323788 ], [ -73.862927412859065, -41.24572587568138 ], [ -73.86295224768341, -41.24571713152033 ], [ -73.862966221875979, -41.245697820874788 ], [ -73.862962880143115, -41.245678175883775 ], [ -73.862953651750217, -41.245660762520956 ], [ -73.86296632967381, -41.245641275570399 ], [ -73.862986318087195, -41.245624802402453 ], [ -73.863011178064369, -41.245627171150907 ], [ -73.863040524228069, -41.245633178464146 ], [ -73.863064217293697, -41.245640438707355 ], [ -73.863109969389427, -41.245661806066543 ], [ -73.863135554307036, -41.245672353643577 ], [ -73.863158185564004, -41.245678458890517 ], [ -73.863210369597169, -41.245678480504424 ], [ -73.863238756360147, -41.245677288363652 ], [ -73.863267503347544, -41.24568018529947 ], [ -73.863292339070199, -41.245671441132338 ], [ -73.863311160572039, -41.245659859465604 ], [ -73.863326560390959, -41.245645792199056 ], [ -73.863345355841645, -41.245623096255109 ], [ -73.863344373084715, -41.245604783198715 ], [ -73.863317208030523, -41.245572810817507 ], [ -73.863268161812641, -41.245554026293298 ], [ -73.863223006198254, -41.245535768603233 ], [ -73.863189488258385, -41.245507983889269 ], [ -73.863167300769163, -41.245488808269066 ], [ -73.863138292372014, -41.245475776408995 ], [ -73.863113665058506, -41.245472429623739 ], [ -73.86308784568061, -41.245462860721325 ], [ -73.863080381578925, -41.245443666851102 ], [ -73.863078568778676, -41.245423220040564 ], [ -73.863073464551235, -41.245405356093528 ], [ -73.863061644518723, -41.245387590079972 ], [ -73.863057004720289, -41.245367769382035 ], [ -73.863061440601143, -41.245349182026565 ], [ -73.863074480545805, -41.245333784756802 ], [ -73.863098848246224, -41.245326997285737 ], [ -73.863151239790213, -41.245314927216626 ], [ -73.863204461377535, -41.245304990177594 ], [ -73.863258640568944, -41.245302253303883 ], [ -73.863288090038907, -41.245302216154798 ], [ -73.863320002689377, -41.245297462423729 ], [ -73.863342841457168, -41.24529147601821 ], [ -73.863357411232755, -41.24527527631453 ], [ -73.863356425780893, -41.245256962485179 ], [ -73.863351321553452, -41.245239099168174 ], [ -73.863349040730924, -41.245220609039237 ], [ -73.863337687822366, -41.245200886229277 ], [ -73.863280270204356, -41.245177932788515 ], [ -73.863223239760231, -41.245170183476013 ], [ -73.863161622518263, -41.245164838050627 ], [ -73.86313499824989, -41.245164250418519 ], [ -73.863101790228754, -41.245168827194242 ], [ -73.863074571275661, -41.24516512848944 ], [ -73.863052639806298, -41.24515608706011 ], [ -73.862997607215377, -41.245145577899784 ], [ -73.862959785446961, -41.245141448263333 ], [ -73.86294026505584, -41.245155964805598 ], [ -73.862948140585942, -41.2452014752119 ], [ -73.862953013946353, -41.245220317925202 ], [ -73.862949642569092, -41.245240059641567 ], [ -73.862908319167701, -41.245250603234027 ], [ -73.862855047274721, -41.24523831363328 ], [ -73.862821582335457, -41.245232755450367 ], [ -73.86279659300088, -41.245225318872393 ], [ -73.862743892436413, -41.245205026668977 ], [ -73.862713718026015, -41.24519688628056 ], [ -73.86269119187196, -41.245184734459279 ], [ -73.862667706317168, -41.245165382454594 ], [ -73.862647282220863, -41.245144427626535 ], [ -73.862595128730405, -41.245105019103875 ], [ -73.86257400125325, -41.245086997692361 ], [ -73.862545878594958, -41.245047826214609 ], [ -73.862529341508903, -41.245027398192505 ], [ -73.862506350027516, -41.245017204442313 ], [ -73.862476537638202, -41.245013152473433 ], [ -73.862452506806036, -41.245012915393716 ], [ -73.862403432740379, -41.245033515657688 ], [ -73.862354462879281, -41.245048070724025 ], [ -73.86232078773422, -41.245054603583036 ], [ -73.862297717201102, -41.245061567372268 ], [ -73.862270651859902, -41.245074049506727 ], [ -73.862240502602333, -41.245077022118572 ], [ -73.862215642625173, -41.245074653350144 ], [ -73.86216620564015, -41.24509116448143 ], [ -73.862115835305531, -41.245111587755495 ], [ -73.862070415586459, -41.245133695569287 ], [ -73.862043583807235, -41.245145198302843 ], [ -73.862021469979879, -41.245159362265021 ], [ -73.861999460357097, -41.245167481719463 ], [ -73.86194069257121, -41.245172624512925 ], [ -73.861881794529594, -41.245172698811245 ], [ -73.861809340910369, -41.2451679011672 ], [ -73.861785180720801, -41.24516259761883 ], [ -73.861760424049876, -41.245154183672248 ], [ -73.861737664333859, -41.245143009203794 ], [ -73.861692121545587, -41.245109549953838 ], [ -73.861658242482946, -41.245077674593695 ], [ -73.861634371550906, -41.245043120421293 ], [ -73.86160529039023, -41.244996748042126 ], [ -73.861596063793939, -41.244979333822265 ], [ -73.861564415248154, -41.244943722532007 ], [ -73.861526753379863, -41.244905273015746 ], [ -73.861498397159593, -41.244867079469479 ], [ -73.861457884936925, -41.244818142984705 ], [ -73.861430254555401, -41.244788126977241 ], [ -73.861395675705182, -41.244759187612644 ], [ -73.861377504583615, -41.244745608497858 ], [ -73.861363688494535, -41.244730599465989 ], [ -73.861336033858535, -41.244689471013146 ], [ -73.861319681825421, -41.244645838661533 ], [ -73.861308149253787, -41.244598820950443 ], [ -73.861300090467381, -41.244576515725655 ], [ -73.861297682982411, -41.244552958892747 ], [ -73.861276506996219, -41.244512710434122 ], [ -73.861264792964917, -41.244488898259569 ], [ -73.861249085922168, -41.244470603797822 ], [ -73.861226326206136, -41.244459429887918 ], [ -73.86117435327705, -41.244447315754506 ], [ -73.861132956213822, -41.244424518077238 ], [ -73.861092106224589, -41.244382606588367 ], [ -73.861052344095171, -41.24435296187697 ], [ -73.861006101519294, -41.244322436368101 ], [ -73.860964213077594, -41.244290482947456 ], [ -73.860921729951173, -41.244255419070583 ], [ -73.860896717260403, -41.244236868548377 ], [ -73.860869657309109, -41.244198850903629 ], [ -73.860856179884877, -41.244176819099344 ], [ -73.860850793586465, -41.244137705840124 ], [ -73.860848802919776, -41.244089965707076 ], [ -73.860848934073815, -41.244047402869136 ], [ -73.860926340105209, -41.243577163191667 ], [ -73.860936064368147, -41.243553235173252 ], [ -73.860949804998739, -41.243534903299469 ], [ -73.860969794310449, -41.243518428925071 ], [ -73.860991673677503, -41.24350524401892 ], [ -73.861026385478397, -41.243488752075187 ], [ -73.861044376936917, -41.243475038280501 ], [ -73.861066851886989, -41.243464963168506 ], [ -73.861085778491727, -41.243447335096036 ], [ -73.861099986246259, -41.243427045717823 ], [ -73.861125650215627, -41.24342043434303 ], [ -73.861148280574241, -41.243426539800424 ], [ -73.861173139653104, -41.243428909304015 ], [ -73.861190533731957, -41.243412083665113 ], [ -73.86120580599011, -41.24339294930823 ], [ -73.861217137339096, -41.243351060123295 ], [ -73.861228003360765, -41.243311127038901 ], [ -73.861235263544899, -41.243291912948337 ], [ -73.861260516085849, -41.243258985687568 ], [ -73.861290459629217, -41.243217605713077 ], [ -73.861305031201439, -41.243201406846161 ], [ -73.861320952043229, -41.243157110199341 ], [ -73.861327977767061, -41.243138876156124 ], [ -73.861346775014368, -41.243116180016941 ], [ -73.861368654381437, -41.243102993678697 ], [ -73.861385582234647, -41.243088125440849 ], [ -73.861410005630603, -41.243053065647018 ], [ -73.861423279137242, -41.243036689768495 ], [ -73.86144492584063, -41.243024481482195 ], [ -73.86149402326248, -41.243014995303049 ], [ -73.861520645734245, -41.243015583629969 ], [ -73.861545271251131, -41.243018930541048 ], [ -73.861567668047797, -41.243026014779311 ], [ -73.861628584603835, -41.243034293907698 ], [ -73.861683254275405, -41.243040715516962 ], [ -73.861707878893981, -41.243044062426733 ], [ -73.86174251254144, -41.243044729782298 ], [ -73.861790754767142, -41.243021997810985 ], [ -73.861810638975953, -41.243011570038277 ], [ -73.861829926703408, -41.242998031763435 ], [ -73.861861370433317, -41.242995234677039 ], [ -73.861889054713728, -41.242996977367909 ], [ -73.861939915528495, -41.242985711343245 ], [ -73.861969105385327, -41.242975538213855 ], [ -73.861994277077912, -41.242959769556222 ], [ -73.862006255213913, -41.242943217358686 ], [ -73.862015276994299, -41.242922224667595 ], [ -73.862016111529215, -41.242873857492519 ], [ -73.862010877944357, -41.24285092620012 ], [ -73.861986927062262, -41.242833530321398 ], [ -73.861956288222856, -41.242827346454881 ], [ -73.861932258289002, -41.242827110042704 ], [ -73.861903743965271, -41.242823234233981 ], [ -73.861855505332812, -41.242795467955126 ], [ -73.86182307794769, -41.242779950526554 ], [ -73.861797026804453, -41.242771359977105 ], [ -73.861744949670808, -41.242765292284496 ], [ -73.861719495008913, -41.242759811569591 ], [ -73.861706926679773, -41.242722753575926 ], [ -73.861714602783877, -41.242679356999311 ], [ -73.861725984438536, -41.242659693538734 ], [ -73.861768215138341, -41.242634124479139 ], [ -73.861790720631149, -41.242584663511614 ], [ -73.861792538821305, -41.24255461000304 ], [ -73.861790257998791, -41.242536120465424 ], [ -73.861782794795403, -41.242516926411028 ], [ -73.861765663024613, -41.242493387748738 ], [ -73.861749256194273, -41.242478027632259 ], [ -73.861726625835644, -41.242471922086267 ], [ -73.861703634354257, -41.242461726586484 ], [ -73.861684634986005, -41.242446014544072 ], [ -73.861654387812067, -41.24240453273466 ], [ -73.861641506869191, -41.242385612206085 ], [ -73.861637931574379, -41.242366946998985 ], [ -73.861629822482314, -41.24232241337252 ], [ -73.861621295673615, -41.242302064879219 ], [ -73.861616529212739, -41.24227717722794 ], [ -73.86160906511104, -41.242257982421989 ], [ -73.861607565822837, -41.242219398933415 ], [ -73.861595335260233, -41.242175317095914 ], [ -73.861583387666954, -41.2421524828261 ], [ -73.861572347372103, -41.242114622704356 ], [ -73.861555400654282, -41.24206787808879 ], [ -73.861538347935237, -41.242027180937356 ], [ -73.861528396398526, -41.242001587988767 ], [ -73.861512091976124, -41.241980182281758 ], [ -73.8615089352962, -41.241937333695738 ], [ -73.861519437500178, -41.241893310434108 ], [ -73.861533232928011, -41.24184670548324 ], [ -73.861547597887707, -41.241792098834274 ], [ -73.861563415423234, -41.241753848079526 ], [ -73.861594785491278, -41.241717712889475 ], [ -73.861629107423354, -41.241686017577656 ], [ -73.861675330236267, -41.241654930178385 ], [ -73.861719660298931, -41.241620556574603 ], [ -73.861752920422319, -41.241587706151449 ], [ -73.861785014532487, -41.241559748863267 ], [ -73.861824988664296, -41.24152680181637 ], [ -73.861862136696246, -41.241494480920153 ], [ -73.861900324078974, -41.2414522027942 ], [ -73.861912534878627, -41.241434671447614 ], [ -73.861923037082619, -41.241390649198337 ], [ -73.861930247859405, -41.241349209949632 ], [ -73.861932635581425, -41.241311154149116 ], [ -73.861935232610918, -41.241261007919533 ], [ -73.86193749187386, -41.241217884617122 ], [ -73.861943874403948, -41.241174311416295 ], [ -73.861959430529723, -41.241125926060505 ], [ -73.861973587978596, -41.241083410602165 ], [ -73.861984606713875, -41.241059657971391 ], [ -73.861997701455763, -41.241015988071112 ], [ -73.862010770146526, -41.240961204427038 ], [ -73.862018810068307, -41.240921897406004 ], [ -73.862024231401065, -41.240871124704526 ], [ -73.86202566331562, -41.240825869317284 ], [ -73.862029450612866, -41.24078194460315 ], [ -73.862052680147784, -41.240740662356494 ], [ -73.8620859402712, -41.240707812166548 ], [ -73.862111632088315, -41.240661814307437 ], [ -73.862123068540185, -41.240613879797031 ], [ -73.862130511082327, -41.240571461275664 ], [ -73.862132587088951, -41.240551543873266 ], [ -73.862131708536594, -41.24052718378627 ], [ -73.86212424533322, -41.240507989141818 ], [ -73.862132050794727, -41.240469660629884 ], [ -73.862142915918085, -41.240429727135734 ], [ -73.862148749577543, -41.240405270408473 ], [ -73.86215137175985, -41.240366236626045 ], [ -73.86216094061426, -41.240326127441513 ], [ -73.862165840924135, -41.240305583785684 ], [ -73.862171392512579, -41.240259878130601 ], [ -73.862174585125103, -41.240212842403068 ], [ -73.862177439072767, -41.24017282971959 ], [ -73.862185478994547, -41.240133522899853 ], [ -73.862193622222605, -41.240088170406587 ], [ -73.862198524329116, -41.240067626000474 ], [ -73.862215505182931, -41.240024484347813 ], [ -73.862224294299665, -41.240004468832304 ], [ -73.862238297238321, -41.239945773235299 ], [ -73.862250094812936, -41.239901926286926 ], [ -73.862261064140881, -41.239855946774455 ], [ -73.862268869602374, -41.239817618555641 ], [ -73.862281005841865, -41.239766747724993 ], [ -73.862289020610831, -41.23971632808572 ], [ -73.862297629166207, -41.239669017715634 ], [ -73.862306835101236, -41.239624817972427 ], [ -73.862318400012214, -41.239581951630178 ], [ -73.862333153044119, -41.239542546508048 ], [ -73.862346713113325, -41.239496919352582 ], [ -73.86236781633599, -41.239453327441367 ], [ -73.862385264313744, -41.239408229814572 ], [ -73.862399084894392, -41.239372738429218 ], [ -73.862417830039419, -41.239327816376672 ], [ -73.862430222298769, -41.239287080366445 ], [ -73.862441320085793, -41.239246168700717 ], [ -73.862454647491333, -41.239201520814504 ], [ -73.862464136395701, -41.239178570670525 ], [ -73.862497267161686, -41.239140654110344 ], [ -73.862513597635228, -41.239122672935089 ], [ -73.862558158564909, -41.239087320548066 ], [ -73.862578145181658, -41.239070847079006 ], [ -73.862602332320691, -41.239036764608663 ], [ -73.862624393147428, -41.239000373251727 ], [ -73.862639068025914, -41.238978127586869 ], [ -73.862659986195624, -41.238957740899579 ], [ -73.862679222719123, -41.238921975690602 ], [ -73.86268894518544, -41.238898047318742 ], [ -73.86270208843635, -41.238876603442478 ], [ -73.862728867214969, -41.238842873484238 ], [ -73.862739548183697, -41.238826145288265 ], [ -73.862758654451483, -41.238785313043635 ], [ -73.862786237222281, -41.238742601517053 ], [ -73.862804643702461, -41.238704704293625 ], [ -73.862820225879375, -41.238667430540545 ], [ -73.862831011052677, -41.238644657867241 ], [ -73.862862039760898, -41.238615544203334 ], [ -73.86288368376934, -41.238603337117631 ], [ -73.86292565305942, -41.238567631159363 ], [ -73.862973738079958, -41.238528717195294 ], [ -73.862989136102243, -41.238514650420129 ], [ -73.862998158780954, -41.238493655631018 ], [ -73.863002696171463, -41.238469023222613 ], [ -73.863001532853161, -41.238423414907459 ], [ -73.863002183233434, -41.238398252873438 ], [ -73.863005553712384, -41.238378511116693 ], [ -73.863005375845958, -41.238351217157124 ], [ -73.862999883546294, -41.238318150954008 ], [ -73.862987314318843, -41.238281093143819 ], [ -73.862989124424146, -41.238239849172615 ], [ -73.863001277731627, -41.238201574046933 ], [ -73.863011152013215, -41.238177565700958 ], [ -73.863031918367653, -41.238140998908108 ], [ -73.863042469080668, -41.238119203517229 ], [ -73.863053436611963, -41.238073224101619 ], [ -73.863060879154105, -41.238030805282328 ], [ -73.863071614021749, -41.237985804623442 ], [ -73.863083282238961, -41.237936891357307 ], [ -73.863096012264862, -41.23788913115758 ], [ -73.863109338772105, -41.237844482344379 ], [ -73.863122535921931, -41.237794765784727 ], [ -73.863139725184908, -41.2377395329245 ], [ -73.863151055635569, -41.237697642817942 ], [ -73.863165781718038, -41.237647124308076 ], [ -73.86317814972287, -41.237595276340905 ], [ -73.863193006061039, -41.237549826162748 ], [ -73.863211515847453, -41.237505881683404 ], [ -73.863227797811987, -41.237465673468797 ], [ -73.863238194014755, -41.237427697820245 ], [ -73.863247630816844, -41.237382520435517 ], [ -73.863249474159801, -41.237363580889522 ], [ -73.863240534126078, -41.237316916640317 ], [ -73.863234132731364, -41.237298876868579 ], [ -73.863239555860744, -41.237248103379109 ], [ -73.863244922396248, -41.237225603121843 ], [ -73.863244484018395, -41.237188173155303 ], [ -73.863245029295754, -41.237169057917299 ], [ -73.863254234332487, -41.237124859185585 ], [ -73.86326696435836, -41.237077099068017 ], [ -73.863275573812047, -41.23702979016511 ], [ -73.863284908206168, -41.236990658442359 ], [ -73.863294111446251, -41.236946459590015 ], [ -73.863301087762764, -41.236905997709549 ], [ -73.863311589966742, -41.236861975787491 ], [ -73.863321856812121, -41.236818931996609 ], [ -73.863333990356665, -41.236768060858566 ], [ -73.863344490764021, -41.236724038168056 ], [ -73.863356053878348, -41.236681169247781 ], [ -73.863370210428926, -41.236638653600188 ], [ -73.863380943499934, -41.236593653333891 ], [ -73.863391185192498, -41.236539494899759 ], [ -73.863399795544481, -41.23649218493221 ], [ -73.863411358658823, -41.236449317210948 ], [ -73.8634224537509, -41.236408405795544 ], [ -73.863436738760541, -41.2363709571217 ], [ -73.863457373062616, -41.236329321488576 ], [ -73.863471579020526, -41.236309033278133 ], [ -73.863502243911071, -41.236275830260148 ], [ -73.863518445027211, -41.236252783163394 ], [ -73.86353913143158, -41.236233374471176 ], [ -73.863552402243272, -41.236216998234852 ], [ -73.863576612738498, -41.23619402947908 ], [ -73.863595639954539, -41.236170354784129 ], [ -73.8636352466754, -41.236133318048758 ], [ -73.863653106979882, -41.236114536215446 ], [ -73.863698260797634, -41.236082293706652 ], [ -73.863750932616, -41.236040972688244 ], [ -73.863795023726794, -41.236007574980334 ], [ -73.863813945839922, -41.235989947598533 ], [ -73.863825325697945, -41.235970284827395 ], [ -73.86383217175873, -41.235924754481765 ], [ -73.863841272590875, -41.235886601623342 ], [ -73.863852135019286, -41.23584666803108 ], [ -73.863864060154697, -41.235807890256353 ], [ -73.863874923481404, -41.235767956616051 ], [ -73.863882648992856, -41.235746785980687 ], [ -73.863919196950192, -41.235711354080969 ], [ -73.86396834288108, -41.235673593585105 ], [ -73.863987859678929, -41.235659076287575 ], [ -73.864020054400399, -41.235625072427169 ], [ -73.8640360228529, -41.235603002604464 ], [ -73.864046419055668, -41.235565025873733 ], [ -73.864050488423914, -41.235542348721523 ], [ -73.864051033701301, -41.235523233677753 ], [ -73.864047691968423, -41.235503589005809 ], [ -73.864048470807774, -41.235483495094385 ], [ -73.864063584064112, -41.235448179244763 ], [ -73.864083052352953, -41.235411435284533 ], [ -73.864102623948042, -41.235368645217179 ], [ -73.864120070129175, -41.235323546798632 ], [ -73.864141741985421, -41.235271952343012 ], [ -73.864166987339857, -41.235239025094792 ], [ -73.864208849730403, -41.235209363400422 ], [ -73.864265200149873, -41.23518066231388 ], [ -73.864324970455613, -41.235154446536093 ], [ -73.86434614823844, -41.235144195175799 ], [ -73.864369787405138, -41.235129227849114 ], [ -73.864399726456909, -41.235087846780416 ], [ -73.864431790024355, -41.235048774694008 ], [ -73.864460432807178, -41.235007217932889 ], [ -73.86448871356896, -41.234961572073829 ], [ -73.864513233982962, -41.234920463819243 ], [ -73.864521427516678, -41.234897337881343 ], [ -73.864536097903567, -41.234875092846622 ], [ -73.864561370207454, -41.23485327745145 ], [ -73.86457593818642, -41.234837077862416 ], [ -73.864584258382564, -41.234819018490981 ], [ -73.864615623060729, -41.234782881493388 ], [ -73.864650148910357, -41.234739093907315 ], [ -73.864672907728064, -41.234699767606678 ], [ -73.864686413000072, -41.23468241211782 ], [ -73.864726018822608, -41.234645375890473 ], [ -73.864763163261301, -41.234613054968946 ], [ -73.864801964193376, -41.2345849987694 ], [ -73.864839342194017, -41.234551698272163 ], [ -73.864865158876981, -41.234510766753672 ], [ -73.864872883490122, -41.234489597062272 ], [ -73.864874725036444, -41.234470658029124 ], [ -73.864879157324054, -41.23445207027644 ], [ -73.864887711980501, -41.234433032602112 ], [ -73.864906478685086, -41.234399224689113 ], [ -73.864925711615342, -41.234363457661289 ], [ -73.864943650073243, -41.234327515646143 ], [ -73.864953967224295, -41.234306698533196 ], [ -73.864991006560075, -41.234280422956381 ], [ -73.865040900787577, -41.234261952695647 ], [ -73.865087736251553, -41.234245088892429 ], [ -73.865112800146292, -41.234235364995733 ], [ -73.865158678006168, -41.234211300473227 ], [ -73.865202558911164, -41.234189994898728 ], [ -73.865231148693411, -41.234176710155474 ], [ -73.865253024467194, -41.234163523364678 ], [ -73.865284204990701, -41.234150590579134 ], [ -73.865314789931176, -41.234134547544308 ], [ -73.865334074065387, -41.234121008781706 ], [ -73.865359658084699, -41.234081055870931 ], [ -73.865372437517919, -41.234055521961679 ], [ -73.865384568367531, -41.234004652050793 ], [ -73.865389001553453, -41.233986064841119 ], [ -73.865397322647908, -41.233968004559031 ], [ -73.865422076623901, -41.233925919502127 ], [ -73.865440816379035, -41.233880997759421 ], [ -73.865452612157043, -41.233837150120259 ], [ -73.865462878104097, -41.233794105688602 ], [ -73.865470601818913, -41.233772935089526 ], [ -73.865481980778611, -41.233753272327093 ], [ -73.865503131611973, -41.233731907154294 ], [ -73.865518863807551, -41.233710815575279 ], [ -73.865536802265453, -41.233674873201316 ], [ -73.865558496579567, -41.233634392406785 ], [ -73.865590455942424, -41.233601365702157 ], [ -73.865631150523114, -41.233576595662697 ], [ -73.865655849701852, -41.23356278318311 ], [ -73.865670650344484, -41.233545604388929 ], [ -73.865686046570147, -41.233531537892482 ], [ -73.865727077120724, -41.2334997440324 ], [ -73.865745297649639, -41.233485049930934 ], [ -73.865792937105795, -41.233459204355668 ], [ -73.865838347841716, -41.233437095970316 ], [ -73.865860586534893, -41.233427998198025 ], [ -73.865890600146841, -41.233419957001182 ], [ -73.865934350796124, -41.233393583787162 ], [ -73.865979165949014, -41.233368364420869 ], [ -73.866002700012828, -41.233359442284907 ], [ -73.866023875100709, -41.233349189967576 ], [ -73.866046683325791, -41.233332090157937 ], [ -73.866064307373335, -41.233314285057475 ], [ -73.866082478494917, -41.233277364927211 ], [ -73.86609204285773, -41.233237254770302 ], [ -73.86609323671874, -41.233192977716918 ], [ -73.8660873806014, -41.23315582242212 ], [ -73.866082691395619, -41.233113775349459 ], [ -73.866078233056868, -41.233070750032866 ], [ -73.86607253234807, -41.233049775788764 ], [ -73.866069888606205, -41.233027195720844 ], [ -73.866093243905269, -41.232990980042729 ], [ -73.866110867952827, -41.23297317484937 ], [ -73.866139923062391, -41.2329579340972 ], [ -73.866200546767658, -41.232944963241486 ], [ -73.866251190190098, -41.232945786080244 ], [ -73.866301731204615, -41.232952653878328 ], [ -73.866326949609572, -41.232959110932001 ], [ -73.866356703608432, -41.232991434022409 ], [ -73.866375882639744, -41.233034439799845 ], [ -73.866388528223993, -41.233054339226051 ], [ -73.86643157908567, -41.233081399625554 ], [ -73.866476027725923, -41.233102590039948 ], [ -73.866497254916084, -41.233114564407906 ], [ -73.86651166479156, -41.233132682348668 ], [ -73.866516305488318, -41.233152502028474 ], [ -73.86652312010807, -41.233196858150137 ], [ -73.866530584209755, -41.233216051563865 ], [ -73.86654875263639, -41.233229631723198 ], [ -73.866571508759165, -41.233240803499733 ], [ -73.866628788036635, -41.233258686985423 ], [ -73.866657895248466, -41.233265672298486 ], [ -73.866717507450716, -41.233273772963763 ], [ -73.866772869723363, -41.233277256837283 ], [ -73.866801249299826, -41.233276063794705 ], [ -73.866818408020066, -41.233260215782742 ], [ -73.866818666734858, -41.233219851603756 ], [ -73.866811204429808, -41.233200657515546 ], [ -73.866797026319674, -41.233181560027248 ], [ -73.866789095094035, -41.23316432303443 ], [ -73.866822349827515, -41.233131472414371 ], [ -73.86685620014407, -41.233101732749418 ], [ -73.866883570014124, -41.233071112810798 ], [ -73.866901894747627, -41.23305037298767 ], [ -73.866922837171842, -41.233041099514793 ], [ -73.866981489973369, -41.233041998691085 ], [ -73.867005516313952, -41.233042235138662 ], [ -73.867060179697305, -41.233048652325195 ], [ -73.867110249994624, -41.233056365919005 ], [ -73.867166337207706, -41.233068027509205 ], [ -73.867200031217379, -41.233072606483191 ], [ -73.867234892138612, -41.233072293696964 ], [ -73.867248162051979, -41.233055917344309 ], [ -73.867257544955137, -41.23303901134495 ], [ -73.867271100532761, -41.232993385054087 ], [ -73.86727677698704, -41.23295274643079 ], [ -73.867277036600157, -41.232912382061961 ], [ -73.867274859982217, -41.232887846858453 ], [ -73.867256742759579, -41.232845995527718 ], [ -73.867236397715033, -41.232807881406316 ], [ -73.867217710960475, -41.232774032794374 ], [ -73.86719798844841, -41.232750142030305 ], [ -73.867180052685441, -41.232735584900574 ], [ -73.867156466519361, -41.232722280270281 ], [ -73.867135940015118, -41.232707369812324 ], [ -73.867115515918812, -41.232686415043112 ], [ -73.867103101201593, -41.232665538633128 ], [ -73.867102351108329, -41.232646247100305 ], [ -73.86710901211616, -41.232623922258036 ], [ -73.867123215379124, -41.232603632221952 ], [ -73.867177461944181, -41.232583734685299 ], [ -73.867203121421937, -41.232577120862466 ], [ -73.867229479789003, -41.23256757304128 ], [ -73.867253118057405, -41.232552605124646 ], [ -73.867264963242746, -41.232530985545203 ], [ -73.867268099261395, -41.232512222268348 ], [ -73.86726698535044, -41.232488840112978 ], [ -73.867256228024914, -41.232472228515661 ], [ -73.867241119260157, -41.232457046421366 ], [ -73.867191018420129, -41.232437108305824 ], [ -73.867166501599399, -41.232427716521045 ], [ -73.867146207758807, -41.232411828444725 ], [ -73.867136980264206, -41.232394414924862 ], [ -73.867115806972976, -41.232354168436352 ], [ -73.867084056917562, -41.232324604066449 ], [ -73.867061637663014, -41.232306408210924 ], [ -73.867001975155091, -41.232276079747088 ], [ -73.866975563787449, -41.232263401278978 ], [ -73.866949932157439, -41.232230627897081 ], [ -73.866932566824687, -41.232208068489001 ], [ -73.866924040914327, -41.23218772090015 ], [ -73.866929716470281, -41.23214708110045 ], [ -73.866933320511194, -41.232126361926959 ], [ -73.8669317394763, -41.232104936771904 ], [ -73.866915332645959, -41.232089577591779 ], [ -73.866895402623072, -41.232077779361006 ], [ -73.866871480487049, -41.232071497869683 ], [ -73.866816819798643, -41.232065079911642 ], [ -73.866789371775127, -41.232062360724001 ], [ -73.866756042481455, -41.232061871607996 ], [ -73.86672437057949, -41.232065646043125 ], [ -73.866668232162439, -41.232082258419325 ], [ -73.8666431682677, -41.232091981960714 ], [ -73.866589855052197, -41.2321079660463 ], [ -73.866566321886708, -41.232116888353069 ], [ -73.866542191341551, -41.232122699640584 ], [ -73.866518165899265, -41.232122463189675 ], [ -73.866463504312563, -41.232116045236673 ], [ -73.866435228042363, -41.232111192588214 ], [ -73.866410242301058, -41.232103757219413 ], [ -73.866374373470066, -41.232074643344419 ], [ -73.8663413028912, -41.232033788641637 ], [ -73.866330780924272, -41.232016198696009 ], [ -73.866316136588509, -41.231999060029914 ], [ -73.866290608264777, -41.231960240113757 ], [ -73.86627855736522, -41.231943452732423 ], [ -73.86626321414019, -41.231929247398149 ], [ -73.866251579160604, -41.231888276405328 ], [ -73.866239734873602, -41.231859397535118 ], [ -73.866210785765247, -41.231818093439017 ], [ -73.866189145350063, -41.231779802392587 ], [ -73.866168671846395, -41.23173662149069 ], [ -73.866163436464944, -41.231713689668538 ], [ -73.866156492487789, -41.231664265700481 ], [ -73.866145659703776, -41.231614314067663 ], [ -73.866133532447449, -41.231564186070365 ], [ -73.866130655143593, -41.231542586431459 ], [ -73.866135268890886, -41.231500793015009 ], [ -73.866140585120746, -41.231456066199826 ], [ -73.866145431531706, -41.231413295161929 ], [ -73.86615121308887, -41.231366611802095 ], [ -73.866161710801279, -41.231322588176226 ], [ -73.866168917086483, -41.2312811472733 ], [ -73.866171094602734, -41.231255183275245 ], [ -73.866159225162875, -41.231215190780283 ], [ -73.866151010967926, -41.231176705488224 ], [ -73.866151971266973, -41.23113340596074 ], [ -73.866152152726642, -41.231110201666475 ], [ -73.866130850078008, -41.231064886825223 ], [ -73.866107215402877, -41.231029355103516 ], [ -73.866076866719325, -41.230993919971233 ], [ -73.866043822191585, -41.230964180009444 ], [ -73.866025887326941, -41.230949621806445 ], [ -73.866011944575433, -41.230929547438336 ], [ -73.866011609503829, -41.230886072770176 ], [ -73.866011272635589, -41.230842597397533 ], [ -73.8660108324611, -41.23080516782953 ], [ -73.866008035107313, -41.230766407331764 ], [ -73.86600881394665, -41.230746313990949 ], [ -73.866003890280581, -41.230705244296438 ], [ -73.866001559152423, -41.230664527909212 ], [ -73.865998319827511, -41.230638838631137 ], [ -73.865999875709591, -41.230598649838136 ], [ -73.866006487310074, -41.23055409805923 ], [ -73.866015819009235, -41.230514967188974 ], [ -73.866027741449699, -41.230476188278203 ], [ -73.866037902293868, -41.230439189527715 ], [ -73.866049824734333, -41.230400409896411 ], [ -73.866062810780065, -41.230362784829083 ], [ -73.866072296989472, -41.230339833608468 ], [ -73.866094949805984, -41.23030655324331 ], [ -73.866107624136333, -41.230287065092412 ], [ -73.866116411456446, -41.230267049973072 ], [ -73.866122657442617, -41.230218409951185 ], [ -73.866122087910725, -41.230175913070369 ], [ -73.866109390224182, -41.230133787063338 ], [ -73.866084071207908, -41.230082876267396 ], [ -73.866076607106208, -41.230063682609348 ], [ -73.866064425950952, -41.230041827775196 ], [ -73.866056962747564, -41.230022632753915 ], [ -73.866044549826967, -41.230001756168868 ], [ -73.866037966972584, -41.229956421642633 ], [ -73.866038461944285, -41.229915079862025 ], [ -73.866049787005082, -41.229873188794762 ], [ -73.866069590365512, -41.229829420890376 ], [ -73.86609729620551, -41.229791776577713 ], [ -73.866109270748254, -41.22977522374773 ], [ -73.866122489457652, -41.229736620729419 ], [ -73.866130861756119, -41.22969028883508 ], [ -73.866132935966078, -41.229670370819342 ], [ -73.866129463079218, -41.229645659418829 ], [ -73.866119279777138, -41.229621045295332 ], [ -73.866118527887267, -41.22960175353969 ], [ -73.866125734172456, -41.229560312897192 ], [ -73.866135298535298, -41.229520203837666 ], [ -73.866247451401875, -41.229128418347742 ], [ -73.866258648003594, -41.229081461087411 ], [ -73.866277283554155, -41.229042584039135 ], [ -73.866293482873672, -41.22901953574339 ], [ -73.866313749764799, -41.228973810035512 ], [ -73.866328134487446, -41.228930316501092 ], [ -73.866341328044015, -41.228880599917602 ], [ -73.866343945734755, -41.228841565333269 ], [ -73.866348663686637, -41.228793727549231 ], [ -73.866357269547066, -41.228746416705064 ], [ -73.866367301033833, -41.228704350581829 ], [ -73.866373028692067, -41.228685939550481 ], [ -73.866385340103051, -41.228662362802218 ], [ -73.866397364951439, -41.22861753743291 ], [ -73.866401435217995, -41.228594860573082 ], [ -73.866394283730017, -41.228557528357406 ], [ -73.866380288876215, -41.228515227675537 ], [ -73.866374174044068, -41.228467936898205 ], [ -73.866375937436985, -41.228415656014619 ], [ -73.866375653569349, -41.228394408005208 ], [ -73.866382728700515, -41.22834790017594 ], [ -73.866392526625319, -41.22830681208449 ], [ -73.866401493608493, -41.22826359172997 ], [ -73.866411291533296, -41.228222503585513 ], [ -73.866422384828724, -41.228181591075085 ], [ -73.86644016518315, -41.228129468732121 ], [ -73.866454783467759, -41.22808499499326 ], [ -73.866470824683802, -41.228045766032125 ], [ -73.866488163965414, -41.22800671270771 ], [ -73.866504544744615, -41.227960459310268 ], [ -73.866520096378807, -41.227912073631408 ], [ -73.866535179092452, -41.227865643155113 ], [ -73.866550497164667, -41.227818235701569 ], [ -73.866565115449291, -41.227773762426672 ], [ -73.86657631115267, -41.227726805544627 ], [ -73.866587275989033, -41.227680824899593 ], [ -73.866600467748981, -41.227631109392917 ], [ -73.866612493495694, -41.227586283316612 ], [ -73.866625582847703, -41.227542613197642 ], [ -73.866635846099825, -41.227499567999629 ], [ -73.866646342913896, -41.227455544472328 ], [ -73.866659067549918, -41.227407784722004 ], [ -73.866677003312873, -41.227371842936442 ], [ -73.866688613139601, -41.227351201297495 ], [ -73.866706704311099, -41.227331439989449 ], [ -73.866736999994075, -41.227294147589816 ], [ -73.866761414406866, -41.22725908540454 ], [ -73.866784765214348, -41.227222869909248 ], [ -73.866810111180101, -41.227183894465824 ], [ -73.866825453506834, -41.227147599205125 ], [ -73.866838074836579, -41.227105885405521 ], [ -73.866849169928642, -41.227064972872036 ], [ -73.866859664946105, -41.227020951079005 ], [ -73.866868399265613, -41.226978708182578 ], [ -73.866876667359506, -41.226938421200586 ], [ -73.866888123574313, -41.226901599489459 ], [ -73.866913502777706, -41.22682183818705 ], [ -73.866926684656192, -41.226774184047656 ], [ -73.866932393449829, -41.226750238391965 ], [ -73.866962739438435, -41.226714533391046 ], [ -73.867012290509507, -41.226674569873197 ], [ -73.867064238285764, -41.226632186221778 ], [ -73.867098916848988, -41.226601188277868 ], [ -73.867113612388721, -41.22658533121588 ], [ -73.867128415726299, -41.226546139865974 ], [ -73.867140821460353, -41.226509369281985 ], [ -73.867154812720926, -41.226465946400857 ], [ -73.86717201186535, -41.226424333511297 ], [ -73.867183642353339, -41.226398444606673 ], [ -73.867207572574173, -41.226359120720581 ], [ -73.867229916370249, -41.226326447075287 ], [ -73.867250321601915, -41.226286643445576 ], [ -73.867265583978607, -41.226237899792849 ], [ -73.867281336835418, -41.22619471725762 ], [ -73.867291169794527, -41.226153475795066 ], [ -73.867304174704898, -41.226098931706495 ], [ -73.867314007663992, -41.226057691534812 ], [ -73.867323840623101, -41.226016449985849 ], [ -73.867336387392669, -41.225971457947026 ], [ -73.867353410467302, -41.225922953910903 ], [ -73.867355807172473, -41.225870484516143 ], [ -73.867344277295814, -41.225833002104373 ], [ -73.867332366533446, -41.225806660962959 ], [ -73.867328244164611, -41.225755282633109 ], [ -73.867327715955241, -41.225734608728757 ], [ -73.867335293244651, -41.225687567954196 ], [ -73.867336950636343, -41.225642469613476 ], [ -73.867337656712166, -41.225601361579621 ], [ -73.8673343446237, -41.225554213957778 ], [ -73.867330609428748, -41.225531731296051 ], [ -73.867330080321068, -41.225511057996691 ], [ -73.867340230385452, -41.225468486438075 ], [ -73.867355949106297, -41.225410191282116 ], [ -73.867366909451079, -41.225371851214618 ], [ -73.867385518052188, -41.225316694340336 ], [ -73.867405254937296, -41.225264438638497 ], [ -73.867425943138286, -41.225208191857583 ], [ -73.867438946252022, -41.225153646980466 ], [ -73.867450048530614, -41.225107085496973 ], [ -73.867457308714748, -41.225061375295446 ], [ -73.867464886902496, -41.225014333360917 ], [ -73.867468657131724, -41.224983257626192 ], [ -73.867499811604091, -41.224951780541772 ], [ -73.867529554823165, -41.224933848164035 ], [ -73.867548726667934, -41.224914478677164 ], [ -73.867558769832826, -41.224895241611648 ], [ -73.867585413864163, -41.224852164942277 ], [ -73.867604690811831, -41.224809461203037 ], [ -73.867624461832918, -41.224772318034979 ], [ -73.867636267492387, -41.224753320783464 ], [ -73.867651597242713, -41.224734802562516 ], [ -73.867680001971991, -41.22469196564343 ], [ -73.867710803406453, -41.224646707162371 ], [ -73.867749462404717, -41.224606637654723 ], [ -73.867767365828314, -41.22459258950451 ], [ -73.867812474730314, -41.224571251066664 ], [ -73.867834711626841, -41.224561912204123 ], [ -73.867876119469869, -41.224533203064766 ], [ -73.867897052910948, -41.224514073315873 ], [ -73.86793007408248, -41.224459502184985 ], [ -73.86793546666911, -41.224436886043186 ], [ -73.867937651371889, -41.224412461168797 ], [ -73.867932153682361, -41.224389738933034 ], [ -73.867916083720246, -41.224365579573103 ], [ -73.86789874533693, -41.224346742333516 ], [ -73.867880878744245, -41.22430723073284 ], [ -73.86787569816002, -41.224283177420268 ], [ -73.867879329150384, -41.224260322711167 ], [ -73.867888738104668, -41.224243746859848 ], [ -73.867940224146864, -41.224210914054076 ], [ -73.867967572457374, -41.22419540167261 ], [ -73.868003094538651, -41.224183747283313 ], [ -73.868068501772811, -41.224145939589597 ], [ -73.868099689482847, -41.224129576541102 ], [ -73.868140605049092, -41.224095306555768 ], [ -73.868170629440826, -41.224060930474302 ], [ -73.868182435100294, -41.22404193369178 ], [ -73.868189272177929, -41.224020886958357 ], [ -73.868193817653264, -41.223978928602818 ], [ -73.868194733934843, -41.22395982436678 ], [ -73.868199809416197, -41.223938538423845 ], [ -73.868199598312103, -41.223916534924356 ], [ -73.868196673397549, -41.223898282000391 ], [ -73.868196461395144, -41.223876278487374 ], [ -73.868192197990808, -41.22383312141887 ], [ -73.868189907286819, -41.22381220839889 ], [ -73.868198929067219, -41.223766737151621 ], [ -73.868203685646648, -41.223746782872702 ], [ -73.868205554142463, -41.223723687440909 ], [ -73.868205096001645, -41.223664567098282 ], [ -73.868210910796478, -41.223617286325954 ], [ -73.868213095499257, -41.223592861821096 ], [ -73.868224196879524, -41.223546299226207 ], [ -73.868238327378961, -41.223494655611738 ], [ -73.868243085755012, -41.223474700574116 ], [ -73.868245517494501, -41.223418719816657 ], [ -73.868242240440338, -41.223386683880463 ], [ -73.868251579326028, -41.223339882629119 ], [ -73.868261410488486, -41.223298642068691 ], [ -73.868271878556499, -41.223254740035536 ], [ -73.86828026432967, -41.223211929849214 ], [ -73.868288017688911, -41.223171779058092 ], [ -73.868298940304442, -41.223118326387294 ], [ -73.868305568074604, -41.223075276249723 ], [ -73.868310113549938, -41.223033317287445 ], [ -73.868318501119731, -41.22299050628051 ], [ -73.868325265433825, -41.222939235196321 ], [ -73.868331222162482, -41.222883733030073 ], [ -73.86834006607647, -41.222831370655179 ], [ -73.868349899933875, -41.222790129774054 ], [ -73.868362585043997, -41.222736915303166 ], [ -73.868370337504913, -41.222696765571733 ], [ -73.868373017179394, -41.222677901500241 ], [ -73.868371853861106, -41.222659888769684 ], [ -73.868376928444135, -41.222638603079275 ], [ -73.868411604312442, -41.222607606620564 ], [ -73.86846485195089, -41.222575012857106 ], [ -73.868490753075477, -41.222557930499654 ], [ -73.86853423872175, -41.222528130619786 ], [ -73.868569865905926, -41.222493142230022 ], [ -73.86860595123089, -41.222448601819892 ], [ -73.868619835591915, -41.222428513355283 ], [ -73.868641190342842, -41.222384720197212 ], [ -73.868659339006527, -41.22233911484939 ], [ -73.868675902143735, -41.222300162846324 ], [ -73.868694685018014, -41.222251897303302 ], [ -73.868708181306843, -41.222202913480608 ], [ -73.868713819133561, -41.222148741097534 ], [ -73.868719175787604, -41.22211101330857 ], [ -73.868721042486769, -41.222087917974761 ], [ -73.868720620278594, -41.222043910398682 ], [ -73.868727879564403, -41.221998199407338 ], [ -73.868741058747929, -41.221950546482375 ], [ -73.868752475436878, -41.221902654332126 ], [ -73.868763892125827, -41.221854762146833 ], [ -73.868773372047002, -41.22179973811776 ], [ -73.868785106739566, -41.221750514765247 ], [ -73.868793492512737, -41.221707704269882 ], [ -73.868797121706507, -41.221684848660715 ], [ -73.868808716261867, -41.221643848275114 ], [ -73.868822388620501, -41.221601755960627 ], [ -73.868837822575401, -41.221559902810867 ], [ -73.868859988505022, -41.22152033817445 ], [ -73.868885993834184, -41.221479922828017 ], [ -73.868903366353464, -41.22144519942136 ], [ -73.868924580068906, -41.221409626660645 ], [ -73.868943221907671, -41.221369582872569 ], [ -73.868961228637545, -41.221332199909391 ], [ -73.868976485624316, -41.221283455942022 ], [ -73.868987269000996, -41.221238223480825 ], [ -73.868992660689329, -41.221215608251974 ], [ -73.869004782555777, -41.221195279539813 ], [ -73.869045237286286, -41.221170562233496 ], [ -73.869072759869951, -41.221161940465123 ], [ -73.869125229567388, -41.221140229279733 ], [ -73.869156098375498, -41.221125196583728 ], [ -73.869199619056062, -41.221110509160717 ], [ -73.869239755782957, -41.22108712090067 ], [ -73.869271435769789, -41.221076318675841 ], [ -73.86930773219882, -41.221053781770898 ], [ -73.869321298556244, -41.221035023984236 ], [ -73.869337859896817, -41.220996071204425 ], [ -73.869355373451597, -41.220953127104416 ], [ -73.869372252795799, -41.220912844518359 ], [ -73.86939152794686, -41.220870139558045 ], [ -73.869407279007035, -41.220826957532211 ], [ -73.869413797182744, -41.22080724155083 ], [ -73.869424157452897, -41.22078667351704 ], [ -73.869463306931308, -41.220752164612179 ], [ -73.869483922368758, -41.22073436419408 ], [ -73.869528217397104, -41.220708793314721 ], [ -73.869550452497023, -41.220699455251975 ], [ -73.869575719411003, -41.220685033280326 ], [ -73.869623078592781, -41.220669494386165 ], [ -73.869644996587425, -41.220661485404754 ], [ -73.869662581109111, -41.220648767521325 ], [ -73.869677909961098, -41.220630248138022 ], [ -73.869701801554413, -41.220575809580488 ], [ -73.869722343330011, -41.220527784663226 ], [ -73.869736967004513, -41.220481700980308 ], [ -73.869747925552659, -41.220443360050318 ], [ -73.869755888219359, -41.220425214268097 ], [ -73.869786863028651, -41.220386846277187 ], [ -73.869801240564783, -41.220372318828169 ], [ -73.869851770799514, -41.220343475413173 ], [ -73.86989768638864, -41.220326367472076 ], [ -73.869945822613133, -41.220299945731767 ], [ -73.86997122786768, -41.22027730315066 ], [ -73.869987825140868, -41.220253462551618 ], [ -73.870000546183604, -41.220215362035965 ], [ -73.870010059342462, -41.220175450629036 ], [ -73.870017000624657, -41.220131069456507 ], [ -73.870026336815428, -41.220084267902401 ], [ -73.870031093394843, -41.220064312499858 ], [ -73.870026194881589, -41.220023817872558 ], [ -73.870017173101189, -41.220000616392596 ], [ -73.870004098122237, -41.219956262129422 ], [ -73.869997649116812, -41.219937531731681 ], [ -73.86998922561439, -41.219896557278673 ], [ -73.869987851191993, -41.219856540267919 ], [ -73.869995953995868, -41.219830171718165 ], [ -73.870005680055442, -41.219812265639774 ], [ -73.870020373798553, -41.219796407607205 ], [ -73.870038275425543, -41.219782358423664 ], [ -73.87006597228239, -41.219780628627852 ], [ -73.870116751350452, -41.219788903267819 ], [ -73.870174261494924, -41.219799464479934 ], [ -73.870198928334332, -41.219802817309692 ], [ -73.870225991878868, -41.219803747750326 ], [ -73.870250481750162, -41.219800209102772 ], [ -73.870269650001703, -41.219780838095318 ], [ -73.870285717268857, -41.219736324893155 ], [ -73.870293609866948, -41.21968795272408 ], [ -73.870295477464424, -41.219664858561707 ], [ -73.870287371067306, -41.219622554154135 ], [ -73.870279476672593, -41.219602251974877 ], [ -73.870264218787483, -41.219582324129085 ], [ -73.870251178842821, -41.219553082376159 ], [ -73.870252022360873, -41.219503754625627 ], [ -73.870258646537778, -41.219460702784325 ], [ -73.870261323517326, -41.219441839806493 ], [ -73.870282742946955, -41.219401348848024 ], [ -73.870292151901239, -41.219384773116495 ], [ -73.870316887910903, -41.219349677634888 ], [ -73.870331087580595, -41.219328259104337 ], [ -73.870340637570393, -41.219303460683392 ], [ -73.87034602656378, -41.219280844785558 ], [ -73.870349938726847, -41.219241545674699 ], [ -73.870362340867658, -41.219204775037475 ], [ -73.870372066927231, -41.219186868787844 ], [ -73.87040994618782, -41.219157679563274 ], [ -73.870444936466455, -41.219125351660914 ], [ -73.87047830618431, -41.219084561843253 ], [ -73.870504943029118, -41.21904148540051 ], [ -73.870516429786662, -41.219023818307264 ], [ -73.870549976472617, -41.21898991998949 ], [ -73.870566430913684, -41.218974301634539 ], [ -73.87060751715984, -41.218946921866788 ], [ -73.87064779492222, -41.218915312140439 ], [ -73.870662170661731, -41.218900784364536 ], [ -73.870683594582928, -41.218887214743248 ], [ -73.870731869147988, -41.21885257104536 ], [ -73.870772955394131, -41.218825191902368 ], [ -73.870821724032581, -41.218796109954575 ], [ -73.870843465059096, -41.218781209159275 ], [ -73.870869151486332, -41.218742122597526 ], [ -73.870892266935229, -41.218698566848964 ], [ -73.870912351468363, -41.218660092433893 ], [ -73.8709289110123, -41.218621139591029 ], [ -73.870942264468994, -41.218580376487488 ], [ -73.870946703044808, -41.218561751782843 ], [ -73.870945996968999, -41.218534187372391 ], [ -73.870933239095322, -41.218488502983639 ], [ -73.870929820107349, -41.218464690788295 ], [ -73.870942504319174, -41.218411476176392 ], [ -73.870956350950962, -41.218376274760836 ], [ -73.87097263022055, -41.218353764629832 ], [ -73.870993488203126, -41.218304408270392 ], [ -73.871015650539505, -41.218264843015952 ], [ -73.871030662286216, -41.218247654120788 ], [ -73.871061633502251, -41.218209285528161 ], [ -73.871087038756826, -41.218186642898964 ], [ -73.871107158324236, -41.218163281973467 ], [ -73.871139715965086, -41.218118262232863 ], [ -73.871181259453692, -41.218081330818727 ], [ -73.871230167331049, -41.218044026386629 ], [ -73.8712832335098, -41.21800454003391 ], [ -73.87130705233956, -41.217988549121941 ], [ -73.871345249603763, -41.217958029545009 ], [ -73.871385841776515, -41.21792508817105 ], [ -73.87143411454494, -41.217890444639266 ], [ -73.871474390510684, -41.217858835078047 ], [ -73.871514031367553, -41.217829885817707 ], [ -73.871567588924805, -41.217795959852282 ], [ -73.871612692436898, -41.217774619872458 ], [ -73.871666921933965, -41.217753146092598 ], [ -73.871718120515254, -41.217736755091373 ], [ -73.871767380532191, -41.21771323250745 ], [ -73.871817414896881, -41.217678828745186 ], [ -73.871837711432391, -41.21766235798998 ], [ -73.871874144405382, -41.217631599054656 ], [ -73.871925941264678, -41.217597434455797 ], [ -73.871946237800202, -41.21758096435579 ], [ -73.871970161732847, -41.217541638546024 ], [ -73.8719923231709, -41.217502072154446 ], [ -73.872002048332178, -41.217484165438641 ], [ -73.87202283714447, -41.217473256529843 ], [ -73.872045881626462, -41.217468146694685 ], [ -73.872079751705925, -41.217445784910801 ], [ -73.87212845117412, -41.217391284238737 ], [ -73.87215538176801, -41.217348206005092 ], [ -73.872161607092934, -41.217322088490207 ], [ -73.872161328615192, -41.217293289003763 ], [ -73.872167137121835, -41.217268910789429 ], [ -73.872176729332438, -41.217248643017413 ], [ -73.872211639661003, -41.217212042894744 ], [ -73.872237371902315, -41.217193968518949 ], [ -73.872260107363843, -41.217148521726337 ], [ -73.872264439938448, -41.217120349239963 ], [ -73.872266651590678, -41.217081103565008 ], [ -73.87228122226459, -41.217039940821103 ], [ -73.872292705428876, -41.217021727873103 ], [ -73.872312717198454, -41.216977710130728 ], [ -73.872341954666012, -41.216934945163828 ], [ -73.872366579284574, -41.216891554441723 ], [ -73.872390604726846, -41.216860664052014 ], [ -73.872417582931462, -41.216837365496026 ], [ -73.872470940164391, -41.216803271434173 ], [ -73.872493537285365, -41.216788366130473 ], [ -73.872542929354637, -41.216760921928802 ], [ -73.872588538618231, -41.216729370610523 ], [ -73.87261782279819, -41.216706384872239 ], [ -73.872645582537089, -41.216659824807422 ], [ -73.872660614945048, -41.216636700519238 ], [ -73.872671878022089, -41.216631869021143 ], [ -73.872692019149085, -41.216618064449378 ], [ -73.872710364543806, -41.216597652544287 ], [ -73.8727079480757, -41.216579510425255 ], [ -73.872691558313335, -41.216549289541412 ], [ -73.872675200890328, -41.216533069199464 ], [ -73.87262133431264, -41.216525749637078 ], [ -73.872575240857088, -41.216542390963724 ], [ -73.87251455247312, -41.216535417378687 ], [ -73.872461729737779, -41.216530785214985 ], [ -73.8724017923454, -41.216527730216669 ], [ -73.872341103961432, -41.216520756630104 ], [ -73.872310089626254, -41.216516542745445 ], [ -73.87226494030007, -41.216493865067754 ], [ -73.872245025548523, -41.216478435998447 ], [ -73.87220888362971, -41.216439166963369 ], [ -73.872192656462417, -41.216415331722644 ], [ -73.872187855865533, -41.216393047964232 ], [ -73.872188604162162, -41.216333343915245 ], [ -73.872193791932929, -41.216269152913092 ], [ -73.87227818955219, -41.215893795723183 ], [ -73.8722908198651, -41.215840796608617 ], [ -73.872301980534175, -41.215793959548883 ], [ -73.872310759769448, -41.215742982177133 ], [ -73.87232208572857, -41.215702530149166 ], [ -73.872329004552867, -41.215680566450501 ], [ -73.872352048136548, -41.215640434011 ], [ -73.872367977961474, -41.215601879410663 ], [ -73.872374700054735, -41.21555953047897 ], [ -73.872377767801439, -41.215539587210799 ], [ -73.872377960040907, -41.215496349633121 ], [ -73.872377470459085, -41.215477196292703 ], [ -73.872387750779197, -41.215434057332772 ], [ -73.87240158842782, -41.215390129072048 ], [ -73.872424176565644, -41.215344845232728 ], [ -73.872440725329824, -41.215317827497877 ], [ -73.872478003617474, -41.215274540444021 ], [ -73.872508916443024, -41.215236749223749 ], [ -73.872545900981592, -41.215194694006406 ], [ -73.872591797706093, -41.215157667688189 ], [ -73.87261742304787, -41.215142063284596 ], [ -73.87264203688666, -41.215137771599956 ], [ -73.872698708004677, -41.215140384047295 ], [ -73.872764716211748, -41.21513917242855 ], [ -73.87279200792841, -41.215137791196682 ], [ -73.872820766593918, -41.215130246453562 ], [ -73.872832092553011, -41.215089794722424 ], [ -73.872831601174568, -41.215070640587228 ], [ -73.872824711096328, -41.215042984154984 ], [ -73.872826440353251, -41.215021587189696 ], [ -73.872836719775037, -41.214978447929241 ], [ -73.872851015564478, -41.214939671292242 ], [ -73.872865898852112, -41.214898430164993 ], [ -73.872883001876787, -41.214854946189661 ], [ -73.872892304829861, -41.214837123894 ], [ -73.872907188117495, -41.214795882702127 ], [ -73.872915738282373, -41.214774141021856 ], [ -73.872926019500795, -41.214731001598253 ], [ -73.872936039309465, -41.214703096344955 ], [ -73.872950824680757, -41.214683473798885 ], [ -73.873009942809588, -41.214654605575234 ], [ -73.873067592192953, -41.214631898870344 ], [ -73.873124654078111, -41.214611659338722 ], [ -73.87317208512512, -41.214596472421512 ], [ -73.873225753175134, -41.214583405344833 ], [ -73.873303576024824, -41.21456089593579 ], [ -73.873353228605538, -41.214543466174035 ], [ -73.873422595613448, -41.214521079738816 ], [ -73.873496402993808, -41.214494206951308 ], [ -73.873528720784478, -41.214485873526471 ], [ -73.873590419773137, -41.214481531792806 ], [ -73.873646339899594, -41.214480222852977 ], [ -73.873671998479054, -41.214478619959117 ], [ -73.873724913740858, -41.214461632795917 ], [ -73.873750408826936, -41.214453644678514 ], [ -73.873802608131456, -41.214446739797992 ], [ -73.873866101954079, -41.214449005609829 ], [ -73.873918500684582, -41.214459076409241 ], [ -73.873977493947592, -41.214464674375577 ], [ -73.874006417004807, -41.214463514101823 ], [ -73.874078885895401, -41.214435185710691 ], [ -73.874100070864756, -41.214424068160298 ], [ -73.87413206077035, -41.214402964946864 ], [ -73.874155889481571, -41.214380754160452 ], [ -73.874179752328772, -41.214372544384773 ], [ -73.874242072053292, -41.214379739173012 ], [ -73.8742763499679, -41.214384396492079 ], [ -73.874299262397528, -41.214351881072915 ], [ -73.874299651368062, -41.214329029650756 ], [ -73.874309834670129, -41.214307508788181 ], [ -73.874344304824191, -41.214268928399164 ], [ -73.874390949845335, -41.214235820282163 ], [ -73.874439556787038, -41.214215702264596 ], [ -73.87450285208196, -41.214197581109232 ], [ -73.874565889560373, -41.214194693590251 ], [ -73.87463754457734, -41.214198066304327 ], [ -73.874662321909497, -41.214200161157684 ], [ -73.874690493975152, -41.214195081476021 ], [ -73.874737890886166, -41.214165892051078 ], [ -73.874761883090756, -41.214150064410234 ], [ -73.874806015524058, -41.214120432342426 ], [ -73.874863793366487, -41.214090108958423 ], [ -73.874915497699291, -41.214064049609576 ], [ -73.874978467804084, -41.21403315991185 ], [ -73.875008108615191, -41.214021915925812 ], [ -73.875029585536993, -41.214009564365391 ], [ -73.875060367208533, -41.213979390949035 ], [ -73.875075740077989, -41.213957303007426 ], [ -73.87509519129884, -41.213903957685162 ], [ -73.875105633315698, -41.213867202968629 ], [ -73.87511059111776, -41.213832248463987 ], [ -73.875087575381869, -41.213822759400053 ], [ -73.875033712397425, -41.213815441561678 ], [ -73.874969501719221, -41.213823259464696 ], [ -73.874943712884047, -41.213832480250694 ], [ -73.874911819098202, -41.213831963967792 ], [ -73.874889390860503, -41.213820010395956 ], [ -73.874885635004304, -41.213800412588242 ], [ -73.874897449646909, -41.213779113877969 ], [ -73.874911649316616, -41.213761956240653 ], [ -73.874947913406331, -41.21372998247481 ], [ -73.874965375757142, -41.213713268125929 ], [ -73.874995112687984, -41.213680407733243 ], [ -73.875032388280701, -41.213637118244307 ], [ -73.875045246765666, -41.213618506998927 ], [ -73.8750856916147, -41.213597279860572 ], [ -73.875114451178533, -41.213589734263998 ], [ -73.875162761676194, -41.213570849320057 ], [ -73.875196253564937, -41.213557585390653 ], [ -73.875237904851403, -41.213545430390447 ], [ -73.875262224941082, -41.213542371873856 ], [ -73.875281779468196, -41.213531031168927 ], [ -73.875294344204065, -41.213513652491002 ], [ -73.875302695841256, -41.21347152385885 ], [ -73.875302723689032, -41.21342190229349 ], [ -73.875296257615631, -41.213385393961296 ], [ -73.875288417119833, -41.21333343214571 ], [ -73.875283028126432, -41.213313612540226 ], [ -73.87525576515587, -41.213265373478073 ], [ -73.875224062711183, -41.21322162081254 ], [ -73.875199510856163, -41.213190290791012 ], [ -73.875183740931334, -41.21317160711115 ], [ -73.875179493696677, -41.213132856433916 ], [ -73.87517713741569, -41.213079093488787 ], [ -73.875168873813379, -41.213035979978208 ], [ -73.875163778569089, -41.213014928351384 ], [ -73.875137103096733, -41.212964223853056 ], [ -73.875116404115943, -41.212930873149269 ], [ -73.87508946903047, -41.212895401854027 ], [ -73.875073405356559, -41.212877950699529 ], [ -73.875055123742214, -41.212862742430872 ], [ -73.87502645939982, -41.212848668781717 ], [ -73.875000931974384, -41.212842655752361 ], [ -73.87495536044004, -41.212828829431963 ], [ -73.874928199877417, -41.212822593395572 ], [ -73.874903682158347, -41.212805265888214 ], [ -73.874881677925472, -41.212784462196119 ], [ -73.874860849587307, -41.212758728050233 ], [ -73.874836557345375, -41.212712164499727 ], [ -73.874815071440409, -41.212660892791483 ], [ -73.874797438409715, -41.212607599122542 ], [ -73.874789503590804, -41.212577254764028 ], [ -73.874787215581776, -41.212551494857124 ], [ -73.87478845256193, -41.212510944219517 ], [ -73.874787959386836, -41.21249179135652 ], [ -73.874778426465042, -41.212475226713778 ], [ -73.874756880372942, -41.212459574365894 ], [ -73.874730893908406, -41.212448408499547 ], [ -73.874672136003994, -41.212440425542553 ], [ -73.874642461056894, -41.21243766634371 ], [ -73.874616640780687, -41.212432885218774 ], [ -73.8745663018871, -41.212410777157437 ], [ -73.874538683183701, -41.212399390303425 ], [ -73.874507214300976, -41.212390024698983 ], [ -73.874438661166693, -41.212380709776582 ], [ -73.874352023149129, -41.212376573339675 ], [ -73.874288401765753, -41.212381926176846 ], [ -73.874252234694097, -41.212392281796966 ], [ -73.874194942840234, -41.212378135062579 ], [ -73.87412971706577, -41.212333644529402 ], [ -73.87406981111441, -41.212280968931651 ], [ -73.874014214381461, -41.212231423502047 ], [ -73.873994887128134, -41.212213528183192 ], [ -73.873964819617271, -41.212169997145857 ], [ -73.873931029487849, -41.212120869940449 ], [ -73.87390974300888, -41.212089984055623 ], [ -73.873895018723047, -41.212073986291443 ], [ -73.873880718442052, -41.212049139167043 ], [ -73.873875459704379, -41.21202170378951 ], [ -73.873884564129781, -41.211983494408329 ], [ -73.873899119532339, -41.211929483857986 ], [ -73.87391014904739, -41.211890264803138 ], [ -73.873927085883764, -41.211840395377351 ], [ -73.873941250519152, -41.211809236343441 ], [ -73.873963282599817, -41.211780418210978 ], [ -73.873995271607072, -41.211759316172063 ], [ -73.874057355074683, -41.21173212327971 ], [ -73.874081217921884, -41.211723913171625 ], [ -73.874118724381646, -41.21171501173469 ], [ -73.874168700355824, -41.211710350846658 ], [ -73.87422935190888, -41.211703321332124 ], [ -73.874270580088833, -41.211700016743698 ], [ -73.874306453411407, -41.211690893645994 ], [ -73.874323916660501, -41.211674179451869 ], [ -73.874342130901212, -41.211661386160365 ], [ -73.874362106738189, -41.211641195717782 ], [ -73.874370068506551, -41.211621918255581 ], [ -73.874374767593793, -41.211602197472097 ], [ -73.874369673247827, -41.211581146059672 ], [ -73.87435746334647, -41.211561673277522 ], [ -73.874352662749615, -41.211539388541453 ], [ -73.874327783907816, -41.211495289394357 ], [ -73.874290140904137, -41.211448184314548 ], [ -73.874258605546103, -41.211410815954366 ], [ -73.874218319698869, -41.211374803880076 ], [ -73.874195141367906, -41.2113589309619 ], [ -73.874145261513434, -41.211341972723254 ], [ -73.874084673740796, -41.211313380774286 ], [ -73.874043213795488, -41.211282299205124 ], [ -73.874027151019888, -41.211264847620356 ], [ -73.873999042734638, -41.211234305984192 ], [ -73.873971686339303, -41.211207685267752 ], [ -73.873956210163584, -41.211187768380221 ], [ -73.873947852238175, -41.211166273515907 ], [ -73.873934284982454, -41.211126116005723 ], [ -73.87391655313705, -41.211106133541648 ], [ -73.873889532711601, -41.211086061867007 ], [ -73.873845851232616, -41.211064311520055 ], [ -73.87379424930775, -41.211043242363949 ], [ -73.873769499823339, -41.21102992183134 ], [ -73.873749676699973, -41.21099267082014 ], [ -73.873735760897915, -41.210969693878738 ], [ -73.873721589974295, -41.210954296620301 ], [ -73.873685539683635, -41.210926554649454 ], [ -73.873660579993469, -41.210910862735069 ], [ -73.873631939007268, -41.210897598266349 ], [ -73.873600503362212, -41.210886299002084 ], [ -73.873544425132295, -41.2108775082813 ], [ -73.873518474600345, -41.210875739053996 ], [ -73.873490902609333, -41.210880778445798 ], [ -73.873435718203126, -41.210917815970127 ], [ -73.873427396210332, -41.21093478242819 ], [ -73.873395382050219, -41.210968565305215 ], [ -73.873376431191005, -41.210983442200174 ], [ -73.873360251634423, -41.211022609086882 ], [ -73.87335816664465, -41.211063689116038 ], [ -73.873361949450299, -41.211101690214981 ], [ -73.873367041999643, -41.211119832501666 ], [ -73.873366711419621, -41.211139178366686 ], [ -73.873369995660298, -41.21115772206258 ], [ -73.873362936698811, -41.211198126892512 ], [ -73.873353023789647, -41.21124331561289 ], [ -73.873339713452083, -41.211284810438073 ], [ -73.873312988572394, -41.211325129364333 ], [ -73.873283460948983, -41.211359250609831 ], [ -73.873261508818388, -41.211379535073988 ], [ -73.873223142670909, -41.211404051992389 ], [ -73.873202982679302, -41.2114168257364 ], [ -73.8731563924554, -41.211436347218388 ], [ -73.873131705853098, -41.211446565127517 ], [ -73.873103998216465, -41.211455080050548 ], [ -73.873082627295872, -41.211465750734284 ], [ -73.873046914771749, -41.21149709171852 ], [ -73.873032937884247, -41.211512642928604 ], [ -73.873010736920307, -41.211523198719199 ], [ -73.872964214070052, -41.211538851966871 ], [ -73.872938994766756, -41.211547705446968 ], [ -73.872911738084412, -41.211554342346247 ], [ -73.872882057747432, -41.211556773150171 ], [ -73.872835763967586, -41.211542726927298 ], [ -73.872812913521685, -41.211534451244162 ], [ -73.87276459673582, -41.211525299740288 ], [ -73.872712451330216, -41.211521445728238 ], [ -73.872662425948661, -41.211523050046104 ], [ -73.872632748306629, -41.211525480851172 ], [ -73.872584016499104, -41.21153243131775 ], [ -73.872534160000825, -41.21154052183563 ], [ -73.872477322694479, -41.211559944615871 ], [ -73.872440846602373, -41.211587304498977 ], [ -73.87242204486347, -41.211601554123845 ], [ -73.872398618597501, -41.211635210960452 ], [ -73.872386383543329, -41.211654230944461 ], [ -73.87237713448917, -41.211693045345584 ], [ -73.872373337310464, -41.211712566745156 ], [ -73.872363207907313, -41.211729933061669 ], [ -73.872347125368776, -41.21174713786106 ], [ -73.872334029728563, -41.211784137726781 ], [ -73.872317766628655, -41.211820060372325 ], [ -73.872307637225532, -41.21183742801184 ], [ -73.872292980313347, -41.211852240509806 ], [ -73.872271840259771, -41.211865525058464 ], [ -73.872247002740465, -41.211876370027305 ], [ -73.872195421476846, -41.211888104324807 ], [ -73.872169438605596, -41.211892975368677 ], [ -73.872113910144606, -41.21189253881289 ], [ -73.87208995027936, -41.211892515160507 ], [ -73.87203952784246, -41.211885016672113 ], [ -73.872014955326165, -41.211880384854865 ], [ -73.871989471019887, -41.211872397098055 ], [ -73.87194481756373, -41.211851463358876 ], [ -73.871899118468605, -41.211834912745438 ], [ -73.871870401125591, -41.211829717996899 ], [ -73.871841837394498, -41.211820412455658 ], [ -73.87183333304371, -41.211704221477646 ], [ -73.871845300399926, -41.211687669475374 ], [ -73.87185736207924, -41.211650529667509 ], [ -73.871862893904776, -41.211600382310941 ], [ -73.871864071596107, -41.211561763157093 ], [ -73.871859032945679, -41.211522298571182 ], [ -73.87185247165084, -41.211495958423605 ], [ -73.871862666631003, -41.211446444837314 ], [ -73.871882063054613, -41.211405454928311 ], [ -73.871891762164751, -41.211384958950504 ], [ -73.871926703036038, -41.211346080166656 ], [ -73.871943894095637, -41.211327814273361 ], [ -73.871987603422411, -41.211292550251969 ], [ -73.872012130124617, -41.211270434371599 ], [ -73.872037465310555, -41.211231462260734 ], [ -73.872060127110231, -41.211196974670301 ], [ -73.872082072952622, -41.211158753318962 ], [ -73.872100195565181, -41.211116376506602 ], [ -73.872120866698168, -41.211076771087406 ], [ -73.872153259049, -41.211035122725519 ], [ -73.872167901588142, -41.211014085998045 ], [ -73.87217632509055, -41.210992206550856 ], [ -73.872211109654984, -41.210947246750749 ], [ -73.872251272433019, -41.210906653895378 ], [ -73.872269861271192, -41.210882517938074 ], [ -73.872266250942062, -41.210833313401139 ], [ -73.872272290315706, -41.210821322112679 ], [ -73.872291278005889, -41.2107692474302 ], [ -73.872301110964969, -41.210723382587311 ], [ -73.872308712508911, -41.210673073004948 ], [ -73.872315741826029, -41.210625169217934 ], [ -73.872325574785108, -41.210579303598273 ], [ -73.872335109503538, -41.210530085317352 ], [ -73.872345813828474, -41.210485165747578 ], [ -73.872357961746047, -41.210438787099079 ], [ -73.872377034776164, -41.210381755129667 ], [ -73.872391688993389, -41.210334059951272 ], [ -73.87240621564986, -41.210273098115373 ], [ -73.872416898415224, -41.210219067230547 ], [ -73.872423756154106, -41.210181077783346 ], [ -73.872430615689595, -41.210143089665699 ], [ -73.872708766440908, -41.209420753697117 ], [ -73.872720935918068, -41.209383485550255 ], [ -73.872734360341681, -41.209345561171354 ], [ -73.872761164273129, -41.209292891953183 ], [ -73.87278900935199, -41.209231256039935 ], [ -73.872799629235288, -41.20919129332723 ], [ -73.872804216033117, -41.209172042175595 ], [ -73.872803893537935, -41.209118171900464 ], [ -73.872803019477161, -41.209075820123033 ], [ -73.872798469510244, -41.209030483930057 ], [ -73.872798360814102, -41.208984924011574 ], [ -73.872803475821328, -41.208945041570189 ], [ -73.872812246971762, -41.208899030824313 ], [ -73.872819465833388, -41.208850326249937 ], [ -73.872824859318342, -41.208804683756568 ], [ -73.872824517060209, -41.208783107687275 ], [ -73.872831567038574, -41.208744316564911 ], [ -73.872840314832814, -41.208689193650478 ], [ -73.872849848652919, -41.208639975299278 ], [ -73.872858215561479, -41.208586457362628 ], [ -73.872861931891805, -41.208566260564588 ], [ -73.872874292710122, -41.208528189735368 ], [ -73.872878751048873, -41.208495672081291 ], [ -73.8728824853455, -41.208443180595083 ], [ -73.872885095849711, -41.208404614994734 ], [ -73.872888937045872, -41.208356279049774 ], [ -73.872889933277534, -41.208329086770384 ], [ -73.872896303231201, -41.208288547707831 ], [ -73.872897980385844, -41.208263103747896 ], [ -73.872893920000763, -41.208220318891591 ], [ -73.872891111867176, -41.208176875757303 ], [ -73.872884438282938, -41.208131251041351 ], [ -73.872863849794939, -41.208079594579225 ], [ -73.872841945275056, -41.208042666283106 ], [ -73.872814730813516, -41.208005016187045 ], [ -73.872785009154029, -41.207968680546045 ], [ -73.872771158030659, -41.20794857952427 ], [ -73.872765439355561, -41.207898944984059 ], [ -73.872788483837553, -41.207848249361362 ], [ -73.872825825905579, -41.207801981706432 ], [ -73.872858345817193, -41.207757542803151 ], [ -73.872877505085569, -41.207736959176806 ], [ -73.872920858679493, -41.207702273078894 ], [ -73.872967208154904, -41.207668823725292 ], [ -73.873016703530425, -41.207658986392431 ], [ -73.873043448173064, -41.207661793100691 ], [ -73.873072294873467, -41.207655775539656 ], [ -73.873105071703236, -41.207637870859308 ], [ -73.873148532196666, -41.207607340370707 ], [ -73.873190441299627, -41.207574113991669 ], [ -73.873230524127621, -41.207543952475376 ], [ -73.873285072526599, -41.207508303219861 ], [ -73.873330465296235, -41.207478862782281 ], [ -73.873348966099513, -41.207465643574103 ], [ -73.873371716832395, -41.207453001521081 ], [ -73.87339671964169, -41.207453914565868 ], [ -73.873428944007557, -41.207447527983135 ], [ -73.873455493715781, -41.207409730213818 ], [ -73.873462099028075, -41.207386613469055 ], [ -73.87347947244568, -41.207345911623349 ], [ -73.873485885518477, -41.207323597066477 ], [ -73.873502261806095, -41.207310088571532 ], [ -73.873571681814639, -41.207276459246501 ], [ -73.873601079182308, -41.207258924141819 ], [ -73.87362616643324, -41.207254880645785 ], [ -73.873652613733526, -41.207254333222757 ], [ -73.87367391907712, -41.207243151599734 ], [ -73.873688553531409, -41.207227749409327 ], [ -73.87368942220229, -41.207187290764146 ], [ -73.873698402660182, -41.207149590164342 ], [ -73.87370405216501, -41.207130482364228 ], [ -73.873753419081453, -41.207107380389118 ], [ -73.873780332607367, -41.207100270631813 ], [ -73.873806779009342, -41.207099723883317 ], [ -73.873830631076743, -41.207064044649137 ], [ -73.873837488815639, -41.20702605607331 ], [ -73.873844285469076, -41.207002136978666 ], [ -73.87387622956058, -41.20696010214931 ], [ -73.873889993547351, -41.206943755076203 ], [ -73.873929884135876, -41.206914395484738 ], [ -73.873959578845898, -41.206900212422489 ], [ -73.874013344812283, -41.206900065766405 ], [ -73.874040769479592, -41.206904619539408 ], [ -73.874072419821999, -41.206900639549922 ], [ -73.874086374251618, -41.206883488894483 ], [ -73.87409554964394, -41.206844987254982 ], [ -73.874086091282308, -41.206806436932695 ], [ -73.874072346160133, -41.206790491267569 ], [ -73.87406217004461, -41.206773375050901 ], [ -73.874028795835173, -41.20674316788444 ], [ -73.87400355766728, -41.206724833122465 ], [ -73.873991106119092, -41.206685048651444 ], [ -73.873995924682305, -41.206641814683159 ], [ -73.874002145515632, -41.206620300077702 ], [ -73.874010597764141, -41.206603231125115 ], [ -73.874026379367052, -41.206583017494786 ], [ -73.874053378232901, -41.20657095108519 ], [ -73.874080696000718, -41.20657135118126 ], [ -73.874105316127697, -41.20657386935337 ], [ -73.874131846971295, -41.20656836397746 ], [ -73.874140491459272, -41.206550492791457 ], [ -73.874130652211974, -41.206513546736367 ], [ -73.874118923807629, -41.206493735202393 ], [ -73.874122257455639, -41.206475141524159 ], [ -73.87414056781607, -41.206462724334195 ], [ -73.87416489060071, -41.206461888321272 ], [ -73.874185324578477, -41.206449759712115 ], [ -73.874192715018324, -41.206432544733751 ], [ -73.874190778250579, -41.206390048615724 ], [ -73.874186294758999, -41.206372050323083 ], [ -73.874177944020104, -41.206351867710005 ], [ -73.874146564968925, -41.206308683533805 ], [ -73.874117012192698, -41.206262434389608 ], [ -73.87410672917764, -41.206241162962286 ], [ -73.874100204713713, -41.206217918070607 ], [ -73.874100054695077, -41.206195538924078 ], [ -73.874078045072309, -41.206154454486601 ], [ -73.874060538704043, -41.20614048279829 ], [ -73.874043989939878, -41.206122500657237 ], [ -73.874030520600513, -41.206100795293324 ], [ -73.874028964718434, -41.206056693832139 ], [ -73.874038785999446, -41.206015472111233 ], [ -73.874046489951311, -41.205973600202306 ], [ -73.874048645908005, -41.205955007052118 ], [ -73.874041992985013, -41.205935219679453 ], [ -73.874009489243079, -41.205899900035604 ], [ -73.873990242838119, -41.205885267316482 ], [ -73.873966105106433, -41.20583391659094 ], [ -73.873960246294146, -41.205810802668701 ], [ -73.873960770910287, -41.205779970576039 ], [ -73.873966318905474, -41.205756689024852 ], [ -73.873975476331481, -41.205737331430612 ], [ -73.873990181752688, -41.205694694284887 ], [ -73.873996743047513, -41.205676700531932 ], [ -73.874022457322511, -41.205635557645785 ], [ -73.874039804688962, -41.205610446523089 ], [ -73.87404833688754, -41.205579585950389 ], [ -73.874027997232886, -41.205542087854667 ], [ -73.874019993243692, -41.205524498217322 ], [ -73.874011317314682, -41.205488398421878 ], [ -73.874011629030079, -41.205450832013113 ], [ -73.874020485520475, -41.205413660279092 ], [ -73.874033012527107, -41.205378138274511 ], [ -73.874044557675148, -41.205361670504779 ], [ -73.874068810391179, -41.205328125335562 ], [ -73.874087334550666, -41.20531222256465 ], [ -73.874122514373809, -41.205284001050508 ], [ -73.874156157179513, -41.20524942854702 ], [ -73.874170595801075, -41.20522721465295 ], [ -73.874192543440103, -41.205184145981121 ], [ -73.874204972530379, -41.205144773519336 ], [ -73.874204380540604, -41.205121667463878 ], [ -73.874202052107378, -41.205084509735826 ], [ -73.874192254182589, -41.205046722766838 ], [ -73.874183444404594, -41.205028256413868 ], [ -73.87416300503692, -41.204992475347865 ], [ -73.874141402350972, -41.204957305234899 ], [ -73.874126242382246, -41.204939894541837 ], [ -73.874107606831672, -41.204928535449334 ], [ -73.874082050660149, -41.204922760944712 ], [ -73.874064085252783, -41.204920840164839 ], [ -73.87390103833377, -41.203579580023927 ], [ -73.873925046708052, -41.203574784734307 ], [ -73.873947744440343, -41.203564821750199 ], [ -73.87399413613656, -41.2035492510784 ], [ -73.87456056344908, -41.203293263106858 ], [ -73.874589887154897, -41.203256044863792 ], [ -73.874636957977458, -41.203192051902256 ], [ -73.874661086725993, -41.20315756142594 ], [ -73.874698205113532, -41.203116252042761 ], [ -73.874741137397592, -41.20307916617034 ], [ -73.874759102804958, -41.203061005433099 ], [ -73.874781820300171, -41.203022888820634 ], [ -73.874800533105855, -41.202982512059954 ], [ -73.874836196222645, -41.202918685772239 ], [ -73.874860324072856, -41.202884195827728 ], [ -73.874903780973028, -41.202816278362398 ], [ -73.874949044385275, -41.20275032289873 ], [ -73.874968768693961, -41.202715232686025 ], [ -73.874989682372089, -41.202675155149571 ], [ -73.87501789935348, -41.202594866854895 ], [ -73.875037754816219, -41.202530608977838 ], [ -73.8750468646315, -41.202492361611576 ], [ -73.875060950215158, -41.202442770920115 ], [ -73.875074420452833, -41.202386231457105 ], [ -73.875086478538904, -41.202326064487828 ], [ -73.875099377448066, -41.202281464385074 ], [ -73.875112891703196, -41.202243813677534 ], [ -73.875128213368683, -41.202208125712708 ], [ -73.87513697373933, -41.202190431769019 ], [ -73.875162908101586, -41.202157902178854 ], [ -73.875204826187684, -41.202115528323283 ], [ -73.875220588925984, -41.20209706925376 ], [ -73.875285887463988, -41.202042419941655 ], [ -73.87531763392613, -41.202014114559361 ], [ -73.875388526273397, -41.201955075976969 ], [ -73.875434055586936, -41.201916624832663 ], [ -73.875694078335826, -41.201464387934998 ], [ -73.875712568359319, -41.201415395980057 ], [ -73.875731056586176, -41.201366404664327 ], [ -73.875745759312437, -41.201323765346565 ], [ -73.875762839879243, -41.201271149149896 ], [ -73.875780139634998, -41.201227146493622 ], [ -73.875787887604318, -41.201204163419249 ], [ -73.875803032301675, -41.201178752526957 ], [ -73.875816941815543, -41.20113943983749 ], [ -73.87583402238235, -41.201086823492602 ], [ -73.875849518321004, -41.201040858589081 ], [ -73.875865804777106, -41.200991566895354 ], [ -73.875886890931781, -41.200941211979938 ], [ -73.875911985369243, -41.200893118575813 ], [ -73.875936287492621, -41.200848350549926 ], [ -73.875959797301931, -41.200806907233186 ], [ -73.875975735211696, -41.200778170093756 ], [ -73.875990832298356, -41.200733868359016 ], [ -73.876001574352529, -41.200707860465712 ], [ -73.876015263779138, -41.200659932485372 ], [ -73.876032563534878, -41.200615930094052 ], [ -73.87605127454394, -41.200575551848367 ], [ -73.876071568384518, -41.200528522718599 ], [ -73.876079710714251, -41.200503878035235 ], [ -73.87610559836412, -41.200452457524406 ], [ -73.876149668813625, -41.200391491213161 ], [ -73.876201976814315, -41.200343660331079 ], [ -73.876262299583971, -41.200300353906933 ], [ -73.876330240965515, -41.200263231967703 ], [ -73.876405579075154, -41.200223680134393 ], [ -73.876428960425358, -41.20021140707744 ], [ -73.876483295025324, -41.200174152610579 ], [ -73.876526445599993, -41.200145679471895 ], [ -73.876588176029685, -41.200105997793862 ], [ -73.876638329870303, -41.200076759501016 ], [ -73.876683680419134, -41.200048585746003 ], [ -73.876720843722424, -41.200026165963003 ], [ -73.876764213486027, -41.200006307179251 ], [ -73.876822778252645, -41.199979928600321 ], [ -73.876877949184134, -41.199958239448463 ], [ -73.876940914797359, -41.199932457675629 ], [ -73.876972486088007, -41.199914429894683 ], [ -73.877019026904577, -41.199881267200126 ], [ -73.877057376882377, -41.199853858488055 ], [ -73.877115496084613, -41.199810251636777 ], [ -73.877148255846393, -41.199787233593526 ], [ -73.877169038370496, -41.199776323085516 ], [ -73.877188014382554, -41.199763450414061 ], [ -73.877219189516168, -41.199747084645423 ], [ -73.877282597100518, -41.199738531023748 ], [ -73.877307610689584, -41.199738495876531 ], [ -73.877329801772049, -41.199731210934146 ], [ -73.877342744698666, -41.199705500718224 ], [ -73.877355908610852, -41.199688404953328 ], [ -73.877364668981485, -41.199670710328419 ], [ -73.877412966902739, -41.199620618677457 ], [ -73.8774626760773, -41.199574151894716 ], [ -73.877477645603207, -41.199559016911536 ], [ -73.877498823386034, -41.199546443625671 ], [ -73.877537743794022, -41.199507095484265 ], [ -73.877587056811535, -41.19946229136292 ], [ -73.87761880057873, -41.199433984864719 ], [ -73.877668508854995, -41.199387518625372 ], [ -73.877697656491009, -41.199360576762011 ], [ -73.877710819504856, -41.199343479555182 ], [ -73.877731777200452, -41.199322292395664 ], [ -73.877740932829809, -41.199302934925797 ], [ -73.877772851768498, -41.199264351771966 ], [ -73.877786411837718, -41.199245592468507 ], [ -73.877814275781176, -41.199185857224691 ], [ -73.877823036151852, -41.199168162463955 ], [ -73.877844167222278, -41.199136697289084 ], [ -73.877870052177187, -41.199085277055936 ], [ -73.877893560189861, -41.19904383465051 ], [ -73.877916275888452, -41.199005718402006 ], [ -73.87792543241612, -41.198986360838504 ], [ -73.877963337727863, -41.198941723312096 ], [ -73.877978704309115, -41.198924926778929 ], [ -73.878017798990271, -41.198875300264248 ], [ -73.878037740691269, -41.198848824573261 ], [ -73.878083266411551, -41.198810372955798 ], [ -73.878143191227522, -41.198768728276661 ], [ -73.878175551238996, -41.198747372627309 ], [ -73.878223944381674, -41.19873506346979 ], [ -73.878260755545398, -41.198733197257759 ], [ -73.878320378527434, -41.198730996465798 ], [ -73.878381582544364, -41.198722143955152 ], [ -73.878421784848285, -41.19871558754042 ], [ -73.878450803126896, -41.198717814693737 ], [ -73.878478634731024, -41.19872502877741 ], [ -73.878506686422412, -41.19874085677025 ], [ -73.878544061728121, -41.198757285650913 ], [ -73.878594101482705, -41.198762084673156 ], [ -73.878621302469526, -41.198766446375672 ], [ -73.878646879302281, -41.198773920682612 ], [ -73.878681980073694, -41.198800683669155 ], [ -73.87869468404844, -41.198817739786726 ], [ -73.878742024365607, -41.198830169242036 ], [ -73.878796356270612, -41.198842883256404 ], [ -73.878847270085984, -41.198855132236964 ], [ -73.878876110498169, -41.198863716390363 ], [ -73.878914699427824, -41.198886955107447 ], [ -73.878938822786466, -41.198904229523784 ], [ -73.878946092852061, -41.198921879069481 ], [ -73.878953175169755, -41.198958833466243 ], [ -73.878978278590367, -41.198994236614539 ], [ -73.878997189025426, -41.199007469700526 ], [ -73.879019824773962, -41.199019876814596 ], [ -73.879043298650643, -41.199025065145108 ], [ -73.879070240024319, -41.199019393534705 ], [ -73.879090786291499, -41.199003522350623 ], [ -73.879105743240999, -41.198988891468993 ], [ -73.879126134997932, -41.198973665101761 ], [ -73.879153469833724, -41.198970046921126 ], [ -73.879174803923405, -41.198958282594255 ], [ -73.879198565260964, -41.198954844882486 ], [ -73.879227148755007, -41.198953396393179 ], [ -73.879284058824879, -41.198940464755104 ], [ -73.879334591754557, -41.198924669254559 ], [ -73.879358180615611, -41.19891454334244 ], [ -73.879402641832286, -41.198894589592996 ], [ -73.879449497957509, -41.198868295055689 ], [ -73.879490301234327, -41.198845178673096 ], [ -73.879530950000941, -41.1988227071081 ], [ -73.879550487460065, -41.198807365120196 ], [ -73.879575324979342, -41.198799408211485 ], [ -73.87957987584457, -41.198817355865302 ], [ -73.879554803864991, -41.198855940634452 ], [ -73.87954094286016, -41.19887338606609 ], [ -73.879519808196477, -41.198887870975369 ], [ -73.879528264936553, -41.198913427403404 ], [ -73.87955042278135, -41.198920436662689 ], [ -73.879600855998035, -41.198927288432586 ], [ -73.879632637494481, -41.198930939059608 ], [ -73.879653270898217, -41.198918412291334 ], [ -73.879663559303182, -41.198901147341601 ], [ -73.879671896567331, -41.198880952285535 ], [ -73.879674952635938, -41.198860705853555 ], [ -73.879669855595012, -41.198841348923089 ], [ -73.879678686034254, -41.198800559976114 ], [ -73.879688064445816, -41.198761174886684 ], [ -73.879694331093248, -41.198720037115557 ], [ -73.879697399738248, -41.198673796802382 ], [ -73.879693101299608, -41.198632555560586 ], [ -73.879692377257498, -41.198591132470213 ], [ -73.879698488496373, -41.198550639420617 ], [ -73.87970084387905, -41.198529631799417 ], [ -73.879684510710547, -41.198490753488002 ], [ -73.8796718067358, -41.198473698637052 ], [ -73.879657644795358, -41.19843311629311 ], [ -73.879641550578725, -41.198396937558364 ], [ -73.879616448954735, -41.198361534762931 ], [ -73.87960560628926, -41.198344066213473 ], [ -73.879604573226686, -41.198303935305958 ], [ -73.879607322071465, -41.198284978357542 ], [ -73.879605865004066, -41.198261452835062 ], [ -73.879599758256774, -41.198242627003587 ], [ -73.879571322984759, -41.198210104238207 ], [ -73.87954023588604, -41.198173888880291 ], [ -73.879525736179033, -41.198153256276434 ], [ -73.879521659624274, -41.19810737921069 ], [ -73.879532113319243, -41.198063476492109 ], [ -73.879537887689878, -41.19804293239978 ], [ -73.879546928334904, -41.198023498847789 ], [ -73.879561798147805, -41.198005523939244 ], [ -73.879586156865045, -41.197992169659798 ], [ -73.87961489307267, -41.197990074963407 ], [ -73.879640999013134, -41.197991621483361 ], [ -73.879666076382605, -41.197986362774557 ], [ -73.87968149326953, -41.197969796487243 ], [ -73.879688277346531, -41.197948721762828 ], [ -73.879667840673832, -41.197915952813808 ], [ -73.879648471199658, -41.197904656039313 ], [ -73.879625613567271, -41.197896884900956 ], [ -73.879601832466747, -41.197892988854541 ], [ -73.879592700193569, -41.197875751347318 ], [ -73.879589311748319, -41.197856628672561 ], [ -73.879595885619565, -41.197814198633772 ], [ -73.879597847540154, -41.1977911366291 ], [ -73.879596200029908, -41.197753588107361 ], [ -73.879595867653265, -41.197714218610237 ], [ -73.879598802449294, -41.197675959642147 ], [ -73.879599786104535, -41.197634768466351 ], [ -73.879607042695397, -41.197585766209464 ], [ -73.87961423011599, -41.197540753261961 ], [ -73.87962162325077, -41.197483770884347 ], [ -73.879628436972197, -41.197444039601187 ], [ -73.879637968995695, -41.19740401020767 ], [ -73.879650133082947, -41.197360338862374 ], [ -73.879672640372391, -41.197321405781729 ], [ -73.879689526903093, -41.197302371492327 ], [ -73.879712857049341, -41.197282213119351 ], [ -73.879735968006656, -41.197266690971901 ], [ -73.879761267260008, -41.197256795972734 ], [ -73.879820159911716, -41.197261465325624 ], [ -73.87984775256399, -41.197267879939879 ], [ -73.879872282859438, -41.197261214554104 ], [ -73.879883580072459, -41.197243420586595 ], [ -73.879902667475605, -41.197204022393336 ], [ -73.879921516825235, -41.197161926519399 ], [ -73.879930796422116, -41.197145191039603 ], [ -73.879954521827074, -41.197127085434275 ], [ -73.879979820182101, -41.197117191765876 ], [ -73.880003032649043, -41.197112346659459 ], [ -73.880054148585344, -41.197112626496818 ], [ -73.880080492579367, -41.19711687069649 ], [ -73.880109026666048, -41.197126746790616 ], [ -73.88014553060593, -41.197155033332649 ], [ -73.880160404910399, -41.197170383819071 ], [ -73.880171554799716, -41.197186562322116 ], [ -73.880192241204085, -41.197196037576411 ], [ -73.880225576785961, -41.197200566339212 ], [ -73.880250126844359, -41.197201235514584 ], [ -73.880251866881068, -41.1971828088557 ], [ -73.880258563821513, -41.197158390702661 ], [ -73.880270561720437, -41.197141358486348 ], [ -73.880297311752983, -41.197121664431506 ], [ -73.880317481626037, -41.197111074548594 ], [ -73.880346131595402, -41.197105634618275 ], [ -73.880372323774154, -41.197110525688849 ], [ -73.880396669016662, -41.197123164332424 ], [ -73.880414417031744, -41.197137572572423 ], [ -73.880440846365715, -41.197145161974341 ], [ -73.880474570918096, -41.197118416561153 ], [ -73.880504155135355, -41.197083111760847 ], [ -73.880532135859823, -41.197058251508345 ], [ -73.880557809710638, -41.197043076739092 ], [ -73.880585536211882, -41.197041511946416 ], [ -73.880640242714364, -41.197048943190403 ], [ -73.880665733308874, -41.197053072485055 ], [ -73.8806911547331, -41.197061191830741 ], [ -73.880717327148901, -41.197058748321446 ], [ -73.880740761499723, -41.197049267639798 ], [ -73.880766318569556, -41.197049406206744 ], [ -73.880790954866214, -41.19705341991628 ], [ -73.880841166199033, -41.197064905423893 ], [ -73.880893374486703, -41.197067999859414 ], [ -73.880923204842347, -41.197068718379462 ], [ -73.880946640989805, -41.197059237699243 ], [ -73.880989613698048, -41.19703441596608 ], [ -73.881010244406852, -41.197021888834868 ], [ -73.881068467813691, -41.197007136517605 ], [ -73.881122587716291, -41.196998491286386 ], [ -73.88115349605026, -41.196994691845482 ], [ -73.881169765438386, -41.196978240216445 ], [ -73.881179998147772, -41.196938972319543 ], [ -73.881185158070778, -41.196921009955972 ], [ -73.881197462295219, -41.19690268663669 ], [ -73.881215904708, -41.196884529593014 ], [ -73.88123692887892, -41.196874055933094 ], [ -73.88126474431337, -41.196875834326228 ], [ -73.881280934649723, -41.19688936457726 ], [ -73.881294956453004, -41.196904598188752 ], [ -73.881341679627553, -41.196919610765107 ], [ -73.881371528847822, -41.1969276645614 ], [ -73.881394713467003, -41.1969414773436 ], [ -73.881393675014522, -41.196960665851613 ], [ -73.881378652488038, -41.196979285891025 ], [ -73.88137388602712, -41.196999301058682 ], [ -73.881372146888737, -41.1970177277692 ], [ -73.881377792800308, -41.197038489158928 ], [ -73.881407630342466, -41.197072536066344 ], [ -73.881427088749817, -41.197087175487553 ], [ -73.881451963100062, -41.197093887530642 ], [ -73.881494984317314, -41.197057741176515 ], [ -73.881517152043585, -41.197038756829755 ], [ -73.881540107592372, -41.197023878792088 ], [ -73.881591682567773, -41.197022219367859 ], [ -73.881617720236278, -41.19702775731588 ], [ -73.881666627215282, -41.197015071338278 ], [ -73.881686403626261, -41.197002427942245 ], [ -73.881740369916969, -41.196994427554159 ], [ -73.881799811439322, -41.197000502198364 ], [ -73.881825762869553, -41.197002694261357 ], [ -73.881871249063963, -41.196989543910227 ], [ -73.881916479238527, -41.196966361298237 ], [ -73.881937724394987, -41.196951251397621 ], [ -73.881958366781916, -41.19691273107162 ], [ -73.881964755600208, -41.196889605211155 ], [ -73.881974802358343, -41.196869640705302 ], [ -73.881992014079188, -41.196856649172986 ], [ -73.882018801840957, -41.196851622895778 ], [ -73.882042889266998, -41.196854228637974 ], [ -73.882095049943956, -41.196868644372479 ], [ -73.882120231518016, -41.196874064044373 ], [ -73.882140611596867, -41.196884831061361 ], [ -73.882164084575223, -41.196890018885192 ], [ -73.882188873585491, -41.196893386407865 ], [ -73.882220252636685, -41.196861656523517 ], [ -73.882228984261246, -41.196843512987257 ], [ -73.882256404436973, -41.196843238556248 ], [ -73.882279096779371, -41.196877646516157 ], [ -73.882299858642213, -41.196916459543822 ], [ -73.882306667872058, -41.196936045510434 ], [ -73.882327287801104, -41.196949510859071 ], [ -73.882353957883566, -41.196959798624171 ], [ -73.882378286058099, -41.196965102027328 ], [ -73.882403535005793, -41.196966532986252 ], [ -73.882414984034085, -41.196948092742559 ], [ -73.882419288760929, -41.196930014120241 ], [ -73.882427165189341, -41.196911755693492 ], [ -73.882450841186966, -41.196904974010167 ], [ -73.882497028067306, -41.196892584069587 ], [ -73.882517900422926, -41.196882755931711 ], [ -73.882541814474095, -41.196878672590124 ], [ -73.882567370645631, -41.196878811157426 ], [ -73.882591970111363, -41.196868154993254 ], [ -73.882609094695624, -41.196851819593824 ], [ -73.882626441163765, -41.196830847928034 ], [ -73.882647687218551, -41.196815737320243 ], [ -73.882670544850939, -41.196823507235081 ], [ -73.882701163927408, -41.196828332084749 ], [ -73.882733405361265, -41.196830045588996 ], [ -73.882762459572504, -41.196800666589304 ], [ -73.882775619891419, -41.196782459497868 ], [ -73.882793831437183, -41.196735610146206 ], [ -73.882798146943799, -41.196691540226297 ], [ -73.882802394178455, -41.19665145900111 ], [ -73.882807139079787, -41.196624111798982 ], [ -73.882818436292808, -41.196606315630433 ], [ -73.882845136019668, -41.196597946130225 ], [ -73.882900880974645, -41.196586188812347 ], [ -73.882923547265889, -41.196579935681243 ], [ -73.88295283144582, -41.196579247573148 ], [ -73.883006134779848, -41.196585153946543 ], [ -73.883033948417676, -41.196586933023447 ], [ -73.883053877542253, -41.196573642669001 ], [ -73.883061889616272, -41.196547404654304 ], [ -73.883072089087989, -41.196526794519798 ], [ -73.883086651677075, -41.196510109573239 ], [ -73.883094988941224, -41.196489914455391 ], [ -73.883112268035731, -41.196472932084831 ], [ -73.88312876020602, -41.196451844035522 ], [ -73.883131334777616, -41.196426200801646 ], [ -73.883127397461735, -41.196405669714274 ], [ -73.883132162125989, -41.196385654365066 ], [ -73.883142211579084, -41.196365691733355 ], [ -73.883160257834831, -41.196345481024245 ], [ -73.883176078963615, -41.196304973066482 ], [ -73.883190804147745, -41.196261650451149 ], [ -73.883200936245828, -41.196245031679567 ], [ -73.883234467660458, -41.196204262744892 ], [ -73.883245831348773, -41.196182477709513 ], [ -73.883259931305489, -41.196167730610625 ], [ -73.883301019348266, -41.19613598685563 ], [ -73.883344038768911, -41.1960998392966 ], [ -73.883366206495168, -41.196080854671962 ], [ -73.883393761418205, -41.196072599339473 ], [ -73.883431910173385, -41.196045789273107 ], [ -73.883449342879786, -41.196028161258091 ], [ -73.883476188133727, -41.195985817907179 ], [ -73.88348763806033, -41.195967377387177 ], [ -73.883516913257125, -41.195933362350424 ], [ -73.88353849528184, -41.195898303632006 ], [ -73.883553056074277, -41.19588161852522 ], [ -73.883572899858891, -41.195864984786304 ], [ -73.883618126440197, -41.195841801100045 ], [ -73.883638996999196, -41.195831971452549 ], [ -73.883659848693569, -41.195814808432871 ], [ -73.883686952662316, -41.195782498737103 ], [ -73.883700333068475, -41.195759654348343 ], [ -73.883713859001716, -41.195702838055816 ], [ -73.883718228407247, -41.195680770306296 ], [ -73.883719181519766, -41.195658238847201 ], [ -73.883691906871093, -41.195624542022678 ], [ -73.883682687461331, -41.195603960663462 ], [ -73.883668973780217, -41.19558743433025 ], [ -73.883629664401695, -41.195556102624352 ], [ -73.883597740971439, -41.195527105641744 ], [ -73.88356742372892, -41.195487661802588 ], [ -73.883554632617603, -41.19546726290757 ], [ -73.883550387179568, -41.195448023941232 ], [ -73.883556554113994, -41.195429533249225 ], [ -73.883591418628484, -41.195394276882588 ], [ -73.883627926161637, -41.195363243855766 ], [ -73.88366870518395, -41.195332790782786 ], [ -73.883696309514306, -41.1953132124479 ], [ -73.883727524173807, -41.195308121160586 ], [ -73.883775850841147, -41.195312684527671 ], [ -73.883807083466948, -41.195314927343723 ], [ -73.883830757667951, -41.195308145494934 ], [ -73.883850994016342, -41.195293564483876 ], [ -73.883851427902641, -41.195250966498719 ], [ -73.883852071994696, -41.195229725965881 ], [ -73.883849845071097, -41.195209427031827 ], [ -73.88383650598746, -41.195187621386708 ], [ -73.883813408504864, -41.195177151510983 ], [ -73.883785970362823, -41.19517009318205 ], [ -73.883773966175681, -41.195153799268098 ], [ -73.883777117465698, -41.195110904447198 ], [ -73.88378811553973, -41.195068408412659 ], [ -73.883799354362239, -41.195028610771502 ], [ -73.8838080859868, -41.195010467403094 ], [ -73.883835496281066, -41.19497686623113 ], [ -73.883875009577167, -41.194936910360148 ], [ -73.883914560602491, -41.194911622762824 ], [ -73.8839379949533, -41.194902142446153 ], [ -73.883964559034567, -41.19490174971429 ], [ -73.883989501656743, -41.194904471798935 ], [ -73.884018389679653, -41.194901730111489 ], [ -73.88404548376694, -41.194895411927426 ], [ -73.88406944632716, -41.194880004126979 ], [ -73.884091778445111, -41.194834381631509 ], [ -73.884093152867479, -41.194795243584601 ], [ -73.884081687669507, -41.194747031427134 ], [ -73.884062308313901, -41.194702409260543 ], [ -73.884040536744678, -41.194664126901309 ], [ -73.884023789452826, -41.19461586327418 ], [ -73.884010701897466, -41.19457076311317 ], [ -73.884002403260851, -41.194546308159737 ], [ -73.883984205189847, -41.194507844551225 ], [ -73.883974247364918, -41.194471833989532 ], [ -73.883966922502083, -41.194432181317801 ], [ -73.883963764025538, -41.194382430399308 ], [ -73.883965244449143, -41.194353972316122 ], [ -73.88397530198705, -41.194308014851558 ], [ -73.883984984927508, -41.194267340697493 ], [ -73.883997451747007, -41.19422237751732 ], [ -73.884004417283734, -41.194181999383105 ], [ -73.884006136659181, -41.19415624034572 ], [ -73.883995064923312, -41.194110079952353 ], [ -73.883989572623648, -41.194088672085492 ], [ -73.883973391270445, -41.194049149643355 ], [ -73.883959687470778, -41.194006631288573 ], [ -73.883953014784851, -41.193979063967838 ], [ -73.883955927123012, -41.193933471263051 ], [ -73.883960479784861, -41.193892099952343 ], [ -73.883962287195203, -41.193869683468264 ], [ -73.883962615080293, -41.193816406940527 ], [ -73.883967900767416, -41.193757139245093 ], [ -73.883967921428678, -41.193705153730022 ], [ -73.883969737822184, -41.193656745413989 ], [ -73.883968856574882, -41.193615968783526 ], [ -73.88396702401171, -41.193597724303757 ], [ -73.883958774782457, -41.193561944423948 ], [ -73.883953138752361, -41.193515190783373 ], [ -73.883950701622993, -41.193473535299567 ], [ -73.883950742047176, -41.193428885225948 ], [ -73.883952422795076, -41.193388455904241 ], [ -73.883955267759589, -41.193346853065812 ], [ -73.883965343263824, -41.193308230574395 ], [ -73.883982853225319, -41.193260619615842 ], [ -73.883989481893806, -41.193240192311798 ], [ -73.88399238255387, -41.193220590367886 ], [ -73.88399171061404, -41.193201170255648 ], [ -73.883981876756621, -41.193183171715603 ], [ -73.883957772262605, -41.193173233512674 ], [ -73.883925138264956, -41.19316946697257 ], [ -73.883896864689703, -41.193169626502986 ], [ -73.883870013147543, -41.193178643350826 ], [ -73.883855058893005, -41.193193274179244 ], [ -73.883832902844844, -41.193186265658667 ], [ -73.88384902850251, -41.19314446733447 ], [ -73.883857279528399, -41.19312092644487 ], [ -73.883859115684828, -41.193079852726655 ], [ -73.883856735149323, -41.193060200036399 ], [ -73.883849773205881, -41.193041258468789 ], [ -73.88383698209455, -41.19302085948739 ], [ -73.883829319465178, -41.193001156081081 ], [ -73.883838452636667, -41.192959073051746 ], [ -73.883851554565084, -41.192918863133045 ], [ -73.883853698843666, -41.192876496815472 ], [ -73.883853977321408, -41.192834545522068 ], [ -73.88386171181601, -41.192790939402137 ], [ -73.883865773997712, -41.19277016246965 ], [ -73.883860618566317, -41.19272880529531 ], [ -73.883855894326231, -41.192704169166824 ], [ -73.883849480355096, -41.192686634889341 ], [ -73.883846582389992, -41.192646916918001 ], [ -73.88384606406207, -41.192626852424794 ], [ -73.883839236865924, -41.192599930086047 ], [ -73.883802591890529, -41.192546298309971 ], [ -73.88376412064018, -41.192507747000462 ], [ -73.883751414868797, -41.192490692618534 ], [ -73.88374149567143, -41.192469349792518 ], [ -73.88373451576166, -41.192443074305594 ], [ -73.883729359431939, -41.192401716248632 ], [ -73.883731195588368, -41.192360641403148 ], [ -73.883735836285126, -41.192322614548736 ], [ -73.883736307900662, -41.192294685542677 ], [ -73.883745683617278, -41.192255301270556 ], [ -73.883755450101049, -41.19221797062071 ], [ -73.883764566204547, -41.192168553984793 ], [ -73.883773529594464, -41.192119783555334 ], [ -73.883778755094468, -41.192097830867752 ], [ -73.883802487685955, -41.192053732137921 ], [ -73.883829331143275, -41.192011389596061 ], [ -73.883864789444161, -41.191966217337857 ], [ -73.883904588404519, -41.191917635358649 ], [ -73.883924326187937, -41.191890324034276 ], [ -73.883935515603113, -41.191861849995952 ], [ -73.883946321437662, -41.191805331136116 ], [ -73.883962687843834, -41.191766229809751 ], [ -73.883987121121251, -41.191722893374731 ], [ -73.884010103619488, -41.19168935676246 ], [ -73.884024298797598, -41.191651960218714 ], [ -73.884028218147179, -41.191605837267041 ], [ -73.88402507943357, -41.191563420752274 ], [ -73.88402404457436, -41.191523289743543 ], [ -73.884031383810239, -41.191477630433006 ], [ -73.884038655672484, -41.191435961484764 ], [ -73.884042478004005, -41.191412486228309 ], [ -73.884045390342152, -41.191366892412006 ], [ -73.884048917127956, -41.19131871626135 ], [ -73.884045930229632, -41.191275653984441 ], [ -73.884043991665251, -41.191246731493301 ], [ -73.884052389116533, -41.191189217711155 ], [ -73.884062646978748, -41.191131292196062 ], [ -73.884073673798881, -41.191070138063189 ], [ -73.884083096227883, -41.191019429403653 ], [ -73.884091031945104, -41.190963854187324 ], [ -73.884100282795899, -41.190906457104589 ], [ -73.884116589913262, -41.190845353461746 ], [ -73.884145585733989, -41.190793972007221 ], [ -73.884174704623945, -41.190760601891412 ], [ -73.884191521086052, -41.190745558158497 ], [ -73.884225662456728, -41.190702205499818 ], [ -73.88424114402234, -41.1906816469291 ], [ -73.884263222815392, -41.190659318578014 ], [ -73.884283765489315, -41.190643446042827 ], [ -73.884307804406319, -41.190598056519839 ], [ -73.884314527397905, -41.190554980248848 ], [ -73.884317736180094, -41.190534087010136 ], [ -73.884314808570593, -41.19051302746783 ], [ -73.88429468091833, -41.190478967684591 ], [ -73.884266294155353, -41.190435121366043 ], [ -73.884250420924289, -41.190394308252657 ], [ -73.884239129999472, -41.190352783956094 ], [ -73.884227462680556, -41.1903165405908 ], [ -73.884217236259374, -41.190270315973379 ], [ -73.884215516883913, -41.19024814701956 ], [ -73.884218992465748, -41.190225164146092 ], [ -73.884241622824391, -41.190181982172646 ], [ -73.884259274719724, -41.190159719223871 ], [ -73.88426855251997, -41.190142983981872 ], [ -73.884283054023612, -41.190104296731569 ], [ -73.884301725506774, -41.190055509892147 ], [ -73.884313548234246, -41.190031789425504 ], [ -73.884326944810084, -41.190016279078961 ], [ -73.884365244482225, -41.189988822295426 ], [ -73.884406500509954, -41.189963766009996 ], [ -73.884429760587608, -41.189947596537969 ], [ -73.884450917709174, -41.189929141472838 ], [ -73.884466091152632, -41.189909874514477 ], [ -73.884478153730271, -41.189888851275938 ], [ -73.88449055317615, -41.189847879635536 ], [ -73.88450185667736, -41.189804091707273 ], [ -73.884506602477003, -41.189776742996621 ], [ -73.884501956390352, -41.189722125310318 ], [ -73.884486082260977, -41.189681311076463 ], [ -73.884463544428812, -41.189646257121851 ], [ -73.884432287548492, -41.189603353960052 ], [ -73.884403459712715, -41.189568779257272 ], [ -73.88437020497922, -41.189534269433615 ], [ -73.88433795815547, -41.189499230272581 ], [ -73.884306872853372, -41.189463015503392 ], [ -73.884278813975456, -41.189425212754934 ], [ -73.884246615660743, -41.189378848249063 ], [ -73.884220534873094, -41.189325317940671 ], [ -73.884208781315905, -41.189285731105329 ], [ -73.884201283976552, -41.18923938948523 ], [ -73.884199056154657, -41.189219092073827 ], [ -73.88417952408544, -41.189175115116136 ], [ -73.884168684114883, -41.189157646143201 ], [ -73.884161174199122, -41.189137298005079 ], [ -73.884157507276129, -41.189100807896246 ], [ -73.884160418715965, -41.189055214498097 ], [ -73.884170474457264, -41.189009257369833 ], [ -73.884181010797221, -41.188968698903075 ], [ -73.884193632126966, -41.188923091216523 ], [ -73.8842021212064, -41.18890224883458 ], [ -73.884214270022312, -41.188884570898466 ], [ -73.884261115367721, -41.188858274368179 ], [ -73.884282529407471, -41.188849851823697 ], [ -73.884333293204179, -41.188836751212371 ], [ -73.884363716447922, -41.188827553268837 ], [ -73.8843577255833, -41.188793414190293 ], [ -73.884327189151833, -41.188758607184333 ], [ -73.884296430836514, -41.188728435644279 ], [ -73.884278990943571, -41.18871273637874 ], [ -73.884264424761241, -41.188696094734034 ], [ -73.884250740724511, -41.188660911131571 ], [ -73.884233638598147, -41.188625262406184 ], [ -73.884216363096925, -41.188582925759192 ], [ -73.884205744111952, -41.188560821132313 ], [ -73.884179154877842, -41.188520552402181 ], [ -73.884155590271305, -41.188478692961027 ], [ -73.884144594892248, -41.188461870082108 ], [ -73.884112637325998, -41.188418204263556 ], [ -73.884088899344619, -41.188369658861035 ], [ -73.884067812291647, -41.188324803174581 ], [ -73.884061159368656, -41.188304570378179 ], [ -73.884040878104472, -41.188271157755885 ], [ -73.88401709251238, -41.188233934350698 ], [ -73.884002900927527, -41.188212011457409 ], [ -73.883988517103191, -41.188176065711353 ], [ -73.883980306501499, -41.188154954708459 ], [ -73.883954330816749, -41.18811210262362 ], [ -73.883942635650058, -41.188094517766139 ], [ -73.88391008160248, -41.188060769726235 ], [ -73.883888984668033, -41.188041907159636 ], [ -73.883846108977835, -41.188010756398448 ], [ -73.883804635557794, -41.187981128717851 ], [ -73.883758425321275, -41.18795285714048 ], [ -73.883704283859103, -41.187920842369884 ], [ -73.883676984955926, -41.187905803392709 ], [ -73.883658777901758, -41.187893331977214 ], [ -73.883640484609302, -41.187877517586173 ], [ -73.883610956087594, -41.187842180760768 ], [ -73.883583820677799, -41.187800504090497 ], [ -73.883554408937087, -41.187749853065412 ], [ -73.883523594926217, -41.187697677547114 ], [ -73.883491090285986, -41.187652606421715 ], [ -73.88347558266922, -41.187632503216022 ], [ -73.883433629548819, -41.187597477909989 ], [ -73.883393010426616, -41.187567966320302 ], [ -73.883373092980136, -41.187555263636696 ], [ -73.883333549141355, -41.187521231384288 ], [ -73.883291990381352, -41.187488259137091 ], [ -73.883247337823519, -41.187460865516755 ], [ -73.88320389529639, -41.187420972662025 ], [ -73.883181426634494, -41.187381928884363 ], [ -73.883153811524338, -41.187334854445204 ], [ -73.883128691035751, -41.187292117425962 ], [ -73.883105828911766, -41.18725102112176 ], [ -73.883088795057333, -41.187211381653356 ], [ -73.883067248066936, -41.187168464727364 ], [ -73.883040180030804, -41.187122797647497 ], [ -73.883008003275634, -41.187083767888851 ], [ -73.882974202366441, -41.187047850593103 ], [ -73.882933103543877, -41.187012941253201 ], [ -73.882892571558259, -41.18698677309488 ], [ -73.882839747924592, -41.186952937274803 ], [ -73.882795316352343, -41.186920907142401 ], [ -73.88274939806827, -41.186884010173578 ], [ -73.882707290437651, -41.186849630086904 ], [ -73.882666739587393, -41.186816127484612 ], [ -73.882650003075341, -41.186801191012108 ], [ -73.882607214521741, -41.186773384042432 ], [ -73.882553708168473, -41.186746119247182 ], [ -73.882491435156325, -41.186722330653339 ], [ -73.882424839451062, -41.186709284375837 ], [ -73.882371698712106, -41.186702731490193 ], [ -73.882319651222872, -41.186698993647674 ], [ -73.882286406370838, -41.186697809896089 ], [ -73.88225464912891, -41.186701494331267 ], [ -73.882221096154751, -41.186701601822108 ], [ -73.882166006071628, -41.18669211896443 ], [ -73.882148044257505, -41.186689175472161 ], [ -73.882081992931319, -41.186518742040512 ], [ -73.882103025187064, -41.186482275485972 ], [ -73.882134533595661, -41.186442565919492 ], [ -73.882169394516879, -41.186407311473346 ], [ -73.882211553351482, -41.186371049022839 ], [ -73.882258464273932, -41.186340762130662 ], [ -73.882302898541141, -41.186313473493612 ], [ -73.882352682275865, -41.186282244840719 ], [ -73.882379206831274, -41.186267185205743 ], [ -73.882417435536496, -41.186243718912721 ], [ -73.882472912793489, -41.186221927858462 ], [ -73.88253073195844, -41.186205123329103 ], [ -73.882557120868228, -41.186198043075336 ], [ -73.882604377642068, -41.186181134428352 ], [ -73.882664435408699, -41.186158633502124 ], [ -73.882691436969495, -41.186148970736809 ], [ -73.882743602138049, -41.186137396103661 ], [ -73.882798260131523, -41.186130156971011 ], [ -73.88282295841195, -41.186130179956699 ], [ -73.882848732874081, -41.186125682878398 ], [ -73.882911631113629, -41.186120896450774 ], [ -73.882944635217186, -41.186119382100699 ], [ -73.883006440207055, -41.186111781279749 ], [ -73.883063731162594, -41.186100900942677 ], [ -73.883122730713836, -41.186090253164814 ], [ -73.883172329395606, -41.186078327651579 ], [ -73.883230628260932, -41.186066917962052 ], [ -73.883284895487236, -41.186057627010598 ], [ -73.88331121522674, -41.186054538139068 ], [ -73.883368151347767, -41.186056273558911 ], [ -73.883426180718487, -41.186060823373857 ], [ -73.883478226411114, -41.186064560576746 ], [ -73.883508053173486, -41.18606527921758 ], [ -73.883573275354692, -41.186058142836565 ], [ -73.883599750502725, -41.186054406309353 ], [ -73.883656407247699, -41.186038775359783 ], [ -73.883679530781436, -41.186030585689842 ], [ -73.88372319609077, -41.186006523711725 ], [ -73.883743977716549, -41.185993350870184 ], [ -73.883779162929599, -41.185964137371926 ], [ -73.883800712614956, -41.185947736378772 ], [ -73.88382305910595, -41.185909448224031 ], [ -73.883835986761227, -41.185862549175802 ], [ -73.883845580768451, -41.185818530076624 ], [ -73.883853706928505, -41.185776975835928 ], [ -73.883861370456202, -41.185737360489149 ], [ -73.883865981508549, -41.185717990889337 ], [ -73.883858895597598, -41.185681036454149 ], [ -73.88384796759216, -41.185660223462641 ], [ -73.883848468852094, -41.185613636572995 ], [ -73.883857056746209, -41.185570145981352 ], [ -73.884135047597411, -41.185788530927262 ], [ -73.88415373345363, -41.185806398317901 ], [ -73.884180025345358, -41.185821967126166 ], [ -73.884207152670299, -41.185830317722534 ], [ -73.884259256753424, -41.185856057726163 ], [ -73.884282283269087, -41.185870515093619 ], [ -73.884315689817882, -41.185904380543263 ], [ -73.884362656435883, -41.185955415640656 ], [ -73.884403552239192, -41.186002293664835 ], [ -73.884431610218783, -41.186040097037449 ], [ -73.884458353064787, -41.18607972166577 ], [ -73.884479420354808, -41.186117241729072 ], [ -73.884495416655085, -41.186143076266745 ], [ -73.884501062566656, -41.186163837725076 ], [ -73.884512384034181, -41.186186703039667 ], [ -73.884541691570305, -41.186226676420034 ], [ -73.884556411364571, -41.186242671714609 ], [ -73.884567031247855, -41.18626477644802 ], [ -73.884595943525269, -41.186302695273191 ], [ -73.884614168545767, -41.186322500074382 ], [ -73.884646617490446, -41.186345570175703 ], [ -73.884676145113858, -41.186380907132786 ], [ -73.884702714584989, -41.186413841402967 ], [ -73.884728363283003, -41.186450651426824 ], [ -73.884741307107916, -41.186470405479852 ], [ -73.884768031987619, -41.186502694757912 ], [ -73.884794927547233, -41.186541673483518 ], [ -73.88480997612487, -41.186563711863663 ], [ -73.884834614218164, -41.186601051145864 ], [ -73.884848634224795, -41.186616285123428 ], [ -73.884891049977568, -41.186649373413161 ], [ -73.884933859192444, -41.186684514829743 ], [ -73.884951056540245, -41.18669751378917 ], [ -73.884972595445802, -41.18670710413695 ], [ -73.884994066977725, -41.186720684488819 ], [ -73.885015606781607, -41.186730276185251 ], [ -73.885072974992283, -41.186748731476001 ], [ -73.885124357728216, -41.186766375510608 ], [ -73.885179930206661, -41.186781254527453 ], [ -73.8852326307711, -41.186797076619726 ], [ -73.885280903539524, -41.186812964284258 ], [ -73.885306322268804, -41.18682108219587 ], [ -73.885364679524599, -41.186831674419466 ], [ -73.885419185702787, -41.186825080307557 ], [ -73.885471501788302, -41.186812856793594 ], [ -73.885537117431596, -41.186807771605622 ], [ -73.885585094654289, -41.186798958045017 ], [ -73.885634041159179, -41.18677494705242 ], [ -73.885660015945632, -41.186758479334159 ], [ -73.885716808336198, -41.186734866515962 ], [ -73.885738136137675, -41.186723100666214 ], [ -73.885763584511352, -41.186712559804327 ], [ -73.885790262678668, -41.186696853971064 ], [ -73.885819828929598, -41.186687539447426 ], [ -73.885843432163711, -41.186684746712587 ], [ -73.88586861104281, -41.186690166551578 ], [ -73.885892887115034, -41.186706793833181 ], [ -73.885919246380411, -41.186718371745862 ], [ -73.885951349473729, -41.186728063497 ], [ -73.886009120129657, -41.18672258011317 ], [ -73.886035509039431, -41.186715499239298 ], [ -73.886087949990781, -41.186721288871205 ], [ -73.886116460721254, -41.186723828088375 ], [ -73.886166405254428, -41.186725278200356 ], [ -73.886198642196732, -41.186726991293035 ], [ -73.886226211492783, -41.1867260698466 ], [ -73.886245581865253, -41.186737363817933 ], [ -73.886273161042794, -41.1867697699197 ], [ -73.886288036245574, -41.18678512013728 ], [ -73.886305080879794, -41.186798766049058 ], [ -73.886331267668623, -41.18680365586156 ], [ -73.886355486248689, -41.186798279974731 ], [ -73.886385063279434, -41.186762972312742 ], [ -73.886396029912419, -41.186739134373923 ], [ -73.886411135083918, -41.186723856482182 ], [ -73.886459572244021, -41.186713105371027 ], [ -73.886513482839177, -41.186716428122352 ], [ -73.886542694255581, -41.186719729916192 ], [ -73.88659744028395, -41.186715833204538 ], [ -73.886627727882072, -41.186714614975074 ], [ -73.886653367596921, -41.18671809727244 ], [ -73.886681657341825, -41.186725271439947 ], [ -73.886706289146929, -41.186729282402261 ], [ -73.886733157757064, -41.186727599731618 ], [ -73.886753169526656, -41.186717653788257 ], [ -73.886764462248109, -41.186699858982919 ], [ -73.88678158503572, -41.186683521722131 ], [ -73.886824873950957, -41.186664740560019 ], [ -73.886847999281329, -41.18665654961633 ], [ -73.886860540661004, -41.186640924218842 ], [ -73.886877902400485, -41.186627285710657 ], [ -73.886903040855415, -41.186618036753416 ], [ -73.88692664498781, -41.186615243339588 ], [ -73.886982572300766, -41.186617506058887 ], [ -73.887009681659407, -41.186618522153005 ], [ -73.887033198655246, -41.186612384349367 ], [ -73.887058808725669, -41.18657520597219 ], [ -73.887063265267784, -41.1865564822428 ], [ -73.887062286104126, -41.186538354103575 ], [ -73.887054073705812, -41.186517243248673 ], [ -73.887038104355, -41.186499077916089 ], [ -73.887034562297828, -41.186480600921513 ], [ -73.887041186474733, -41.18646017285409 ], [ -73.887064627113745, -41.18642469937852 ], [ -73.887076601656503, -41.186400330620231 ], [ -73.887089152019328, -41.186358712524331 ], [ -73.88709770847241, -41.186333879973311 ], [ -73.887107992385793, -41.186316614408533 ], [ -73.887125814961024, -41.186301039633463 ], [ -73.887172148266743, -41.186288003412699 ], [ -73.887223648681982, -41.186290331719917 ], [ -73.887251612338474, -41.186291462747171 ], [ -73.887279488858368, -41.186289249368073 ], [ -73.887301210121933, -41.186279537270572 ], [ -73.887316382667066, -41.186260268562201 ], [ -73.887326762700184, -41.186220355370601 ], [ -73.887335097269386, -41.186200159106583 ], [ -73.887347638649089, -41.186184532924109 ], [ -73.88735311298241, -41.186139286336491 ], [ -73.887349481992047, -41.186117464825294 ], [ -73.887387440304352, -41.186109956622879 ], [ -73.887407818586581, -41.186120722030097 ], [ -73.887430537878444, -41.186136470592629 ], [ -73.88747139954576, -41.186168680937698 ], [ -73.887506037684815, -41.186197377843747 ], [ -73.887524330078946, -41.186213193316654 ], [ -73.887561840131937, -41.186240947792498 ], [ -73.887582697216217, -41.186257110743369 ], [ -73.887626015775837, -41.186278989672104 ], [ -73.887650426595371, -41.186287636995011 ], [ -73.887704202443217, -41.186298938478508 ], [ -73.887735911176122, -41.186306577136385 ], [ -73.88778694087415, -41.186336834298316 ], [ -73.887805935750848, -41.186353410290067 ], [ -73.887821051702119, -41.186371459383068 ], [ -73.88784190968471, -41.18638762162572 ], [ -73.887873003071618, -41.186397843446066 ], [ -73.88790228276001, -41.186397153202826 ], [ -73.88792851626124, -41.186390717918016 ], [ -73.887951160094602, -41.18637713006121 ], [ -73.88797499419573, -41.186343709018843 ], [ -73.887995235035717, -41.186303135379951 ], [ -73.888004578412989, -41.186282409120231 ], [ -73.888008092622371, -41.18626022529515 ], [ -73.8879895864292, -41.186223053478543 ], [ -73.887971993822688, -41.186208001266472 ], [ -73.887960450471283, -41.18618977027139 ], [ -73.887953181303985, -41.18617212134906 ], [ -73.887935435085566, -41.186157714075826 ], [ -73.887910122357496, -41.186160275624466 ], [ -73.887883579835787, -41.186168001508776 ], [ -73.887880651327961, -41.186146941914203 ], [ -73.887874850007861, -41.186126826077356 ], [ -73.887860830001216, -41.186111591309924 ], [ -73.887818741235222, -41.186084547307274 ], [ -73.887797114294742, -41.186071613803001 ], [ -73.887781077570295, -41.186057437716649 ], [ -73.887769535117215, -41.18603920870779 ], [ -73.887755822334398, -41.186022682664188 ], [ -73.88770993908463, -41.186000455483892 ], [ -73.887683818771109, -41.18599157623774 ], [ -73.887652427143522, -41.185956654165771 ], [ -73.887642594184413, -41.18593865566227 ], [ -73.88764589639139, -41.185895115258653 ], [ -73.887658974963614, -41.185847569894506 ], [ -73.887669287623083, -41.185811645836189 ], [ -73.887677622192285, -41.185791450122153 ], [ -73.88769286121277, -41.185768192558967 ], [ -73.887713621278962, -41.18574768381896 ], [ -73.887735804276616, -41.185736032720875 ], [ -73.887786323731547, -41.185720231329867 ], [ -73.887836776711168, -41.185708420678289 ], [ -73.887873639977158, -41.185698098018356 ], [ -73.887902966377922, -41.185686083870664 ], [ -73.887934637381605, -41.185679053588728 ], [ -73.887988633316695, -41.185685720829866 ], [ -73.888013570548964, -41.185688439917463 ], [ -73.888038576951544, -41.185687170288809 ], [ -73.888062487409456, -41.185683086248844 ], [ -73.888120593136989, -41.185657651753601 ], [ -73.888149986911387, -41.185641646851415 ], [ -73.88817931331215, -41.185629633369402 ], [ -73.888209119413276, -41.185623017502699 ], [ -73.888235440949416, -41.185619926582511 ], [ -73.888260686303852, -41.185621354409179 ], [ -73.888285365719668, -41.185614041529561 ], [ -73.888338707681214, -41.185608622953637 ], [ -73.888363474233614, -41.185604654514115 ], [ -73.888415434586278, -41.185605044597544 ], [ -73.888444405254177, -41.185605646286 ], [ -73.888470283920881, -41.18561182609939 ], [ -73.88848112658637, -41.185629295342288 ], [ -73.888503539552715, -41.185646335962318 ], [ -73.888526547203753, -41.185653458191084 ], [ -73.888551935390325, -41.185620914973867 ], [ -73.888557554352431, -41.185601015312862 ], [ -73.888570075070859, -41.185578055822177 ], [ -73.888584085196044, -41.185559963242973 ], [ -73.888610385172598, -41.185549537123208 ], [ -73.888639185160613, -41.185543450599532 ], [ -73.888664343378466, -41.185541534659372 ], [ -73.888723274657721, -41.185534874164112 ], [ -73.888749836044042, -41.185534482052127 ], [ -73.888803524755318, -41.185542439221102 ], [ -73.888852480243344, -41.185551752555497 ], [ -73.888901127609245, -41.18556235782944 ], [ -73.888952273189972, -41.185577299992971 ], [ -73.888978306366894, -41.18558283417687 ], [ -73.889035306268298, -41.185580578182332 ], [ -73.889059679358596, -41.185574555886753 ], [ -73.889084068618544, -41.185575868785065 ], [ -73.889092348390506, -41.185592988517392 ], [ -73.88910998591281, -41.185608780474325 ], [ -73.889163122160184, -41.185596067269849 ], [ -73.889188482498966, -41.185582181108032 ], [ -73.889216800091674, -41.18557069696601 ], [ -73.889241065384127, -41.185553997058051 ], [ -73.889245828251759, -41.185533981771279 ], [ -73.889235080807708, -41.185493865320304 ], [ -73.889227725402151, -41.185472870410251 ], [ -73.88920309269875, -41.185468860047052 ], [ -73.88918012367526, -41.185476405506023 ], [ -73.889152620854517, -41.185473337564837 ], [ -73.88912152746758, -41.185463116276203 ], [ -73.889101149185365, -41.185452352113018 ], [ -73.889087195654042, -41.185433127104901 ], [ -73.889087405859826, -41.185395165184595 ], [ -73.889092475951287, -41.185373858580718 ], [ -73.889093358995225, -41.185355317043253 ], [ -73.889090121466921, -41.185335548456614 ], [ -73.889082064477137, -41.185313792931183 ], [ -73.88906300222682, -41.185301208120386 ], [ -73.889038044333276, -41.185291153115074 ], [ -73.889017580711112, -41.185277043789533 ], [ -73.889005671745394, -41.185238102170338 ], [ -73.889002377623228, -41.185196330546496 ], [ -73.889005899019153, -41.185148155263896 ], [ -73.88901897489643, -41.185100610033409 ], [ -73.889028010151563, -41.18508117466741 ], [ -73.889041779528242, -41.185060383119151 ], [ -73.889067522549325, -41.185015223642651 ], [ -73.889091729451295, -41.184976521193363 ], [ -73.889102080738326, -41.184955265157868 ], [ -73.889118260294893, -41.184935467379816 ], [ -73.889139807285304, -41.184919065453009 ], [ -73.889159973565114, -41.184908473596067 ], [ -73.889186975125909, -41.184898809970221 ], [ -73.889211172146418, -41.184886098656065 ], [ -73.889240594666916, -41.184851436954581 ], [ -73.889254055921455, -41.184831937288706 ], [ -73.889271203861909, -41.184796941583485 ], [ -73.889281335959993, -41.184780321253633 ], [ -73.889310823159207, -41.184741668694222 ], [ -73.889325408206162, -41.184706324767959 ], [ -73.889330562739246, -41.184688362428219 ], [ -73.889346857280188, -41.184653251039308 ], [ -73.889366174652054, -41.184616550203557 ], [ -73.889383238150884, -41.184578211241671 ], [ -73.889393281315748, -41.184558247037593 ], [ -73.889406464092559, -41.184521378484348 ], [ -73.889426070721939, -41.184476052999919 ], [ -73.889452159594427, -41.184444270448388 ], [ -73.889470133984943, -41.184428050260436 ], [ -73.889482126493988, -41.184411015408024 ], [ -73.889499093873084, -41.184395323896169 ], [ -73.889535216927285, -41.184369570473095 ], [ -73.889572809625292, -41.18434135006963 ], [ -73.889594423989351, -41.18432095649036 ], [ -73.889609287514034, -41.184302979847473 ], [ -73.889620032263153, -41.184283777488218 ], [ -73.88963621990456, -41.184237986704183 ], [ -73.889644275097709, -41.184200423647823 ], [ -73.889647086824553, -41.184177477863514 ], [ -73.88964425174153, -41.184133769975737 ], [ -73.889642725503847, -41.184114234264435 ], [ -73.889628798922004, -41.184076352031902 ], [ -73.889605846966489, -41.18403191189207 ], [ -73.889584776981494, -41.183994392662122 ], [ -73.889554459738989, -41.183954950663363 ], [ -73.889520744169744, -41.183922379559199 ], [ -73.889504467595103, -41.18390550683251 ], [ -73.889493077855619, -41.183886630899565 ], [ -73.889477596290007, -41.183847871669229 ], [ -73.889465841834522, -41.183808284226558 ], [ -73.889463525977717, -41.183784641949401 ], [ -73.889465752002991, -41.183745620342137 ], [ -73.889471924327296, -41.183701136709104 ], [ -73.889477875666074, -41.183661288212939 ], [ -73.889472957389884, -41.183622628908331 ], [ -73.889467551328494, -41.183604565536164 ], [ -73.889470478039698, -41.183566305758696 ], [ -73.889474480932606, -41.183523527067422 ], [ -73.889473327495793, -41.183498709667013 ], [ -73.889455981925963, -41.183460363289875 ], [ -73.889440474309211, -41.18344026217752 ], [ -73.889428143135319, -41.183417924596156 ], [ -73.889433681249031, -41.183368689943855 ], [ -73.889438597728585, -41.183348029010951 ], [ -73.88944903435555, -41.183330117680541 ], [ -73.889466308958461, -41.183313133924436 ], [ -73.889486932480764, -41.183300604843645 ], [ -73.889513954702821, -41.183298276430143 ], [ -73.889536769216107, -41.183291376374974 ], [ -73.889555445190851, -41.183275917841904 ], [ -73.889586546662613, -41.183260144928667 ], [ -73.889617667897326, -41.18325170679033 ], [ -73.889644995546576, -41.183248087064605 ], [ -73.889671997107385, -41.183238423193728 ], [ -73.889692834428729, -41.183247251431219 ], [ -73.889716302915517, -41.183252437631467 ], [ -73.889740233136365, -41.183255686865799 ], [ -73.889758839940853, -41.183244215837362 ], [ -73.889768423168306, -41.183226188869085 ], [ -73.889787252754971, -41.183210083312879 ], [ -73.889806716552229, -41.183198730590341 ], [ -73.889827409244788, -41.183182211942821 ], [ -73.889839554467429, -41.183164532462413 ], [ -73.889855204916316, -41.183150660658704 ], [ -73.889906222936261, -41.183147590580312 ], [ -73.889930372346043, -41.183146204616641 ], [ -73.889984614419518, -41.18312957507878 ], [ -73.890019614579614, -41.183119665097266 ], [ -73.890050956799897, -41.18310659173482 ], [ -73.890102529978662, -41.183078935990416 ], [ -73.890123154399262, -41.183066406864796 ], [ -73.89017536178865, -41.183043503276217 ], [ -73.890196773133425, -41.183035079983775 ], [ -73.890238091144923, -41.183006032157813 ], [ -73.890260098971055, -41.182987692774311 ], [ -73.890296355874241, -41.182953957652245 ], [ -73.890339928657113, -41.182926549289405 ], [ -73.890360793826204, -41.18291671905488 ], [ -73.89042002963437, -41.182908766299363 ], [ -73.890482071779459, -41.182903859293958 ], [ -73.89051358647626, -41.182897475048094 ], [ -73.890540893464262, -41.182886519807894 ], [ -73.890561672395094, -41.1828733456626 ], [ -73.890579646785625, -41.182857123733378 ], [ -73.890602066938484, -41.182848171044043 ], [ -73.890622144285089, -41.182834234945453 ], [ -73.890638564590176, -41.182817134774432 ], [ -73.890649462052878, -41.182797286319818 ], [ -73.89066200073762, -41.182781660001396 ], [ -73.890717038718435, -41.182743144183391 ], [ -73.890738585708846, -41.182726741031352 ], [ -73.890779989060277, -41.182701036982344 ], [ -73.89082581841113, -41.182675268019082 ], [ -73.890870794362471, -41.182649382759067 ], [ -73.890889555677177, -41.182637266639261 ], [ -73.890911428756027, -41.182626906986599 ], [ -73.890929796608646, -41.182612737591448 ], [ -73.89095735332829, -41.182578489127174 ], [ -73.890973685598468, -41.182558044968538 ], [ -73.890989643271183, -41.182542883064173 ], [ -73.891003813296479, -41.182498151166513 ], [ -73.891027490192428, -41.182465375159516 ], [ -73.891047480402449, -41.182448094376923 ], [ -73.891070823125105, -41.182435267652245 ], [ -73.891094339222605, -41.182429129456509 ], [ -73.891115049881478, -41.182419944810697 ], [ -73.891149135556617, -41.182387915165329 ], [ -73.891180109467612, -41.182354129703761 ], [ -73.891218162103044, -41.182323970762646 ], [ -73.891235280399101, -41.182307633762306 ], [ -73.891278940318543, -41.182283569740093 ], [ -73.891303991636875, -41.182270974881689 ], [ -73.89132376086134, -41.18225832931418 ], [ -73.891370773293403, -41.182238718673581 ], [ -73.891414979388543, -41.182216060892117 ], [ -73.891463460566115, -41.182193983863804 ], [ -73.89148704134233, -41.182183856039771 ], [ -73.891539813771985, -41.18216969330971 ], [ -73.891565345689003, -41.182162494303853 ], [ -73.89158410790202, -41.182150380122224 ], [ -73.891601756204111, -41.18212811444257 ], [ -73.891621839838905, -41.182088184534429 ], [ -73.891640214878038, -41.182048024730989 ], [ -73.89164971096892, -41.182026652809363 ], [ -73.891659839473746, -41.182010031776379 ], [ -73.891696333532167, -41.181978996461716 ], [ -73.891715316730739, -41.181962244254777 ], [ -73.891742143120084, -41.18194589229018 ], [ -73.891769557905917, -41.181945615092367 ], [ -73.891821381714649, -41.18195398376146 ], [ -73.891881751196692, -41.181963513279577 ], [ -73.89190692917748, -41.181968931481016 ], [ -73.891922812290019, -41.181983752091888 ], [ -73.891935910625179, -41.182002859120523 ], [ -73.891978768349063, -41.182026673092089 ], [ -73.892002409312397, -41.182038547960289 ], [ -73.892020769978487, -41.182050370767307 ], [ -73.892030451122309, -41.18206901397815 ], [ -73.892035003784159, -41.182086961486249 ], [ -73.89205375791235, -41.182100838923986 ], [ -73.89207459523368, -41.182109666638745 ], [ -73.892125958206677, -41.182119971609929 ], [ -73.892182889836135, -41.182121703077485 ], [ -73.892237104960159, -41.18212373134871 ], [ -73.892287239936167, -41.182139202323349 ], [ -73.892315307797219, -41.182151011590392 ], [ -73.892343596643826, -41.182158184229984 ], [ -73.892369234562025, -41.182161664741429 ], [ -73.892393778332234, -41.18216233136615 ], [ -73.892421653953818, -41.182160116495297 ], [ -73.892444620282348, -41.182152571330285 ], [ -73.892459944642795, -41.182132657093454 ], [ -73.892462475196936, -41.182092344520747 ], [ -73.892467024265557, -41.182050971812323 ], [ -73.89246781747795, -41.182029084710045 ], [ -73.892462631503818, -41.182006386966613 ], [ -73.892441245311844, -41.181996152291127 ], [ -73.89241481957113, -41.181988564513425 ], [ -73.89241103407052, -41.181967389991243 ], [ -73.892397627613235, -41.181949573612251 ], [ -73.892370588323161, -41.181944569177652 ], [ -73.892314309768935, -41.181954924205627 ], [ -73.892285361558905, -41.181961658759057 ], [ -73.892256370229745, -41.181953723465988 ], [ -73.892244279804331, -41.181934086366589 ], [ -73.892252246064274, -41.181893178710013 ], [ -73.892259570028784, -41.181873511168298 ], [ -73.892277850744804, -41.181855997653479 ], [ -73.892284781247227, -41.181834278157197 ], [ -73.892285817004748, -41.181815089948103 ], [ -73.892296253631727, -41.18179717887454 ], [ -73.892315015844744, -41.1817850625971 ], [ -73.892357271697392, -41.181759473790557 ], [ -73.892396857757021, -41.181722858549236 ], [ -73.892419480030824, -41.181701936124512 ], [ -73.89244856298815, -41.181687222272849 ], [ -73.892473787681325, -41.181681315907539 ], [ -73.892536305933518, -41.181681806076384 ], [ -73.892599000255515, -41.181688984176148 ], [ -73.892669230544428, -41.181697852512087 ], [ -73.892704115720164, -41.18170325518534 ], [ -73.89272767044524, -41.181711785472054 ], [ -73.892744715977756, -41.181725430412769 ], [ -73.892760532614957, -41.181744239359219 ], [ -73.892804944424299, -41.181768930994892 ], [ -73.892836498646957, -41.181777213822649 ], [ -73.892888756341989, -41.181802303665094 ], [ -73.89293255460197, -41.181829577955831 ], [ -73.892974488857746, -41.181857266004215 ], [ -73.89299495427656, -41.181871374714454 ], [ -73.893026038680333, -41.18190758692154 ], [ -73.893044966183382, -41.181928152303762 ], [ -73.893047590162311, -41.181950501886831 ], [ -73.893033343780232, -41.181965897180071 ], [ -73.893012324999219, -41.181976373901236 ], [ -73.892994505118921, -41.181991949704916 ], [ -73.892980336890247, -41.182036681272258 ], [ -73.892976056417936, -41.182062093510716 ], [ -73.892977826099028, -41.182084328112644 ], [ -73.892992854015432, -41.182099031733706 ], [ -73.893032619738108, -41.182128424091957 ], [ -73.89306874638558, -41.182161988588533 ], [ -73.893083248787519, -41.182182619471611 ], [ -73.893108732195486, -41.182186746323495 ], [ -73.893128742168457, -41.182176799690438 ], [ -73.8931466303207, -41.182157232295211 ], [ -73.893164743950095, -41.182107038674751 ], [ -73.893169505021106, -41.182087023010517 ], [ -73.893162849403154, -41.18206679099103 ], [ -73.893147578941651, -41.18204938840686 ], [ -73.893175854313526, -41.182023234491169 ], [ -73.89320083915652, -41.182014629874942 ], [ -73.89325158768186, -41.182027518206333 ], [ -73.89327656533834, -41.182044904570134 ], [ -73.893327687562845, -41.182052511947937 ], [ -73.893351003336065, -41.182058343233685 ], [ -73.893387571056323, -41.182082635857327 ], [ -73.893406874055145, -41.182097920240679 ], [ -73.893429879909561, -41.18210504150322 ], [ -73.893453962844006, -41.182107644451897 ], [ -73.893478726701446, -41.182103675124104 ], [ -73.893495933032412, -41.182090681337584 ], [ -73.893511497243026, -41.182073465360858 ], [ -73.893532514227402, -41.182062988655211 ], [ -73.893592117446516, -41.182075745139379 ], [ -73.893617448140887, -41.18208051766478 ], [ -73.893639600595804, -41.182087524669861 ], [ -73.89367122039549, -41.182091816493916 ], [ -73.893696137864836, -41.182087200822373 ], [ -73.893719566825752, -41.182077717972561 ], [ -73.893739797784264, -41.182063136043084 ], [ -73.893757770378173, -41.182046913237073 ], [ -73.89377116425905, -41.182031403027317 ], [ -73.893793650887247, -41.182018459257208 ], [ -73.893821351337337, -41.182009556483983 ], [ -73.893840661522688, -41.181998847868698 ], [ -73.893864943883131, -41.181989480617773 ], [ -73.893888900155147, -41.181974071132139 ], [ -73.893929801348335, -41.181935633941976 ], [ -73.89396986800665, -41.181904416047068 ], [ -73.894013505468195, -41.181873015592132 ], [ -73.894058018787149, -41.181849066346054 ], [ -73.894083702519453, -41.181841222311952 ], [ -73.894111183780623, -41.181836955486936 ], [ -73.894136714799316, -41.181829756444515 ], [ -73.894188111009981, -41.18179541088935 ], [ -73.894205230204349, -41.181779073081024 ], [ -73.894218015027448, -41.181740151692857 ], [ -73.894225038954687, -41.181695783662001 ], [ -73.894234138888493, -41.181672358324803 ], [ -73.89426931781334, -41.18164314222274 ], [ -73.89431150629234, -41.181621543000865 ], [ -73.894329874144958, -41.181607374064328 ], [ -73.894348307574589, -41.181589214130675 ], [ -73.894355418638369, -41.181548189970101 ], [ -73.894359324513232, -41.181528059198612 ], [ -73.89435587138928, -41.181486933585219 ], [ -73.894350248833916, -41.181447514415773 ], [ -73.894348412677473, -41.181429269249456 ], [ -73.894327275318844, -41.181395740886678 ], [ -73.894298684638287, -41.181363867595167 ], [ -73.894284270271243, -41.181346580437072 ], [ -73.894264969967352, -41.181331297230599 ], [ -73.894239176640625, -41.181328462349185 ], [ -73.894214019321083, -41.181330379088706 ], [ -73.89418934439685, -41.181337693122764 ], [ -73.894160854327623, -41.181342490717626 ], [ -73.894108043270379, -41.181341986348166 ], [ -73.894054223405078, -41.181342012039899 ], [ -73.893991770729883, -41.181337532211323 ], [ -73.893947137935001, -41.181317477098162 ], [ -73.893927661561335, -41.181295504562293 ], [ -73.893904721283931, -41.181284392199103 ], [ -73.893850027357843, -41.181276967278805 ], [ -73.89379090563574, -41.181269607939299 ], [ -73.893743048787286, -41.181263110625586 ], [ -73.893714999790859, -41.181258636876507 ], [ -73.893694162469529, -41.181249810399237 ], [ -73.893677972133148, -41.181236281648538 ], [ -73.893663737429165, -41.181199690454292 ], [ -73.893662235446016, -41.18116149688187 ], [ -73.893663335882252, -41.181138318806362 ], [ -73.893673251486334, -41.181100341550433 ], [ -73.893679874764942, -41.181079911804574 ], [ -73.893690310493596, -41.181062000529963 ], [ -73.893713651419617, -41.181049172857733 ], [ -73.893755973747588, -41.181019594763207 ], [ -73.893792401330685, -41.180992547305408 ], [ -73.893830671358415, -41.180957751703112 ], [ -73.893872598427677, -41.180926120919324 ], [ -73.893890505444546, -41.180913888867131 ], [ -73.893939445661218, -41.180889873012227 ], [ -73.893988296944698, -41.180862513141079 ], [ -73.894026654109012, -41.180831062831032 ], [ -73.894064615116278, -41.180797559853936 ], [ -73.894085132637372, -41.180774351901036 ], [ -73.89412572481011, -41.180737206042842 ], [ -73.89414144173432, -41.180719344030145 ], [ -73.894150627906427, -41.180699263711794 ], [ -73.894156308852288, -41.180675374209898 ], [ -73.894148338100777, -41.180656963858731 ], [ -73.894123928179539, -41.18064831714446 ], [ -73.894068400616888, -41.180648110932253 ], [ -73.894007610723307, -41.180655189081691 ], [ -73.893958959764134, -41.180670578594508 ], [ -73.893937941881433, -41.180681054170627 ], [ -73.893912258149157, -41.180688898343703 ], [ -73.893886245633468, -41.180690699487954 ], [ -73.893860847565449, -41.180689918586438 ], [ -73.893807929608684, -41.180678734453352 ], [ -73.893783914946184, -41.180672142426253 ], [ -73.893763692072525, -41.180660731794767 ], [ -73.893745157133253, -41.180642219347568 ], [ -73.893730722104962, -41.180617599630438 ], [ -73.893720628634426, -41.18058956962426 ], [ -73.893717304867877, -41.180566456928695 ], [ -73.893719894710856, -41.180548146610711 ], [ -73.893719619826371, -41.180504787200199 ], [ -73.893720107611557, -41.180484191622298 ], [ -73.893744483396802, -41.180452176580722 ], [ -73.893760747395007, -41.180435722146768 ], [ -73.893769320017768, -41.180418223797957 ], [ -73.893780548958816, -41.180378425364559 ], [ -73.893797147130329, -41.180342023001479 ], [ -73.893808743482325, -41.180322934419316 ], [ -73.893825401840957, -41.180308533296383 ], [ -73.893863384407794, -41.180282364487191 ], [ -73.893879888256208, -41.180268608363825 ], [ -73.893892033478849, -41.180250929449073 ], [ -73.893907228481879, -41.18021300171074 ], [ -73.893912537525196, -41.180194393805401 ], [ -73.893923125069136, -41.18017583592696 ], [ -73.893942193607671, -41.180162429330466 ], [ -73.893965773485576, -41.180152301192244 ], [ -73.893987252204028, -41.180139886445573 ], [ -73.894005925483825, -41.180124426492497 ], [ -73.89402109533404, -41.180105157325265 ], [ -73.894029667058476, -41.180087658888105 ], [ -73.894045930158384, -41.180071205714825 ], [ -73.89406499959523, -41.180057797068557 ], [ -73.894096825109116, -41.180024128048423 ], [ -73.89414751973554, -41.179989020919869 ], [ -73.894168997555667, -41.179976606818322 ], [ -73.89421889537644, -41.179963385435919 ], [ -73.894246223025689, -41.179959764176196 ], [ -73.894298225599186, -41.179948828051849 ], [ -73.894327808918106, -41.179946845688953 ], [ -73.894350380886266, -41.17993724623777 ], [ -73.894365115951871, -41.179901256058621 ], [ -73.894365297411554, -41.179881951667781 ], [ -73.894358024651012, -41.179864302397654 ], [ -73.894336947479502, -41.17985277600998 ], [ -73.894325737403079, -41.179814597878796 ], [ -73.894325857777318, -41.179773291342904 ], [ -73.894313946116654, -41.179734349831499 ], [ -73.894304726706892, -41.179713769561943 ], [ -73.894292722519751, -41.179697477210205 ], [ -73.894284663733345, -41.179675722516194 ], [ -73.894283287514313, -41.17965553978437 ], [ -73.894269359135833, -41.179617658353266 ], [ -73.894244256613547, -41.179582258924412 ], [ -73.894217248764534, -41.179542846721979 ], [ -73.89418546277652, -41.17950587460362 ], [ -73.894151987057441, -41.179476003053153 ], [ -73.894131129973189, -41.1794598404569 ], [ -73.894098969387699, -41.179428149451326 ], [ -73.894060192710143, -41.17939089329839 ], [ -73.894032592871355, -41.179351155091418 ], [ -73.89402230446639, -41.179309101827414 ], [ -73.894027397914058, -41.179269136394517 ], [ -73.89403722548326, -41.179227815316118 ], [ -73.89404321455126, -41.17920263523947 ], [ -73.894053647584968, -41.179184722775311 ], [ -73.894075915922556, -41.179176414603219 ], [ -73.894102933653045, -41.179174084690843 ], [ -73.89411788161938, -41.179159450729678 ], [ -73.894136094961766, -41.179145927632241 ], [ -73.894183803588177, -41.179127077372328 ], [ -73.894236832936031, -41.179122946270866 ], [ -73.894259993300679, -41.179129422837164 ], [ -73.894283395312158, -41.179138597802613 ], [ -73.894307303075124, -41.179134512002022 ], [ -73.894310900827847, -41.179115671880645 ], [ -73.894311081389219, -41.17909636861048 ], [ -73.894292487161138, -41.179055853360566 ], [ -73.894277833842224, -41.179035868541554 ], [ -73.894268218275428, -41.179013234668524 ], [ -73.8942424141689, -41.178977073598652 ], [ -73.894230869919184, -41.178958845323358 ], [ -73.894221650509436, -41.178938264134004 ], [ -73.894217096949234, -41.178920317115285 ], [ -73.894224420913758, -41.178900650033022 ], [ -73.894244890824126, -41.178888765806263 ], [ -73.894271274344035, -41.17888168340918 ], [ -73.894300289927699, -41.178870960083856 ], [ -73.894333665035461, -41.178864159628574 ], [ -73.89438680128282, -41.178870707213498 ], [ -73.894413140785275, -41.178874949215178 ], [ -73.894465642822041, -41.178876743648054 ], [ -73.894491499929202, -41.17887558950455 ], [ -73.894519988201807, -41.178870792405114 ], [ -73.894551720290877, -41.178859770907273 ], [ -73.894593579986505, -41.1788321275681 ], [ -73.894611004608066, -41.178814497622689 ], [ -73.894621286724814, -41.178797231427623 ], [ -73.894624403878836, -41.178772994379827 ], [ -73.894622482382445, -41.178751405705533 ], [ -73.894592643941976, -41.178717362792511 ], [ -73.894567780371545, -41.178684661971715 ], [ -73.89454671038655, -41.178647143058882 ], [ -73.894529518428641, -41.178608151520656 ], [ -73.894524571406379, -41.178588151014132 ], [ -73.894528869845004, -41.178570073406924 ], [ -73.894539766409409, -41.178550225017375 ], [ -73.894561483181405, -41.178540509743748 ], [ -73.894622926150205, -41.178545517819067 ], [ -73.894681890667144, -41.178553522490063 ], [ -73.894733010196703, -41.178561128921181 ], [ -73.89478406504756, -41.17857272450113 ], [ -73.894809787407397, -41.178579549327253 ], [ -73.894865334732998, -41.178587089494897 ], [ -73.894894149992354, -41.178588334920647 ], [ -73.89491788438049, -41.178577560837773 ], [ -73.894936404946691, -41.178562745541221 ], [ -73.894955711538785, -41.178552036362348 ], [ -73.895002912617073, -41.178546447494128 ], [ -73.895028309786781, -41.178547228421195 ], [ -73.895034470433004, -41.178528737012677 ], [ -73.895026985670057, -41.178489730529151 ], [ -73.89502258572179, -41.178471137009026 ], [ -73.89501003446064, -41.178453438001355 ], [ -73.894994151348087, -41.178438617943854 ], [ -73.894982914322227, -41.178419097436866 ], [ -73.894969602188013, -41.178378632477681 ], [ -73.894948684018303, -41.17834046903819 ], [ -73.894937973405177, -41.17831502154921 ], [ -73.894934735876888, -41.178295253541847 ], [ -73.894942219741523, -41.178248948092083 ], [ -73.894947286239727, -41.178227641191526 ], [ -73.894948321098951, -41.178208452601858 ], [ -73.894931589078467, -41.178167525038802 ], [ -73.894908195151828, -41.178132358091602 ], [ -73.894892532126534, -41.178112901725875 ], [ -73.894877203274518, -41.178073497428976 ], [ -73.894867001107841, -41.178034788848827 ], [ -73.894853206578333, -41.177988927434342 ], [ -73.894844059932126, -41.177938364830993 ], [ -73.894841041592755, -41.177913960460288 ], [ -73.894844184797932, -41.177871065162428 ], [ -73.894852129498318, -41.177822822962767 ], [ -73.894862723330462, -41.177778273102298 ], [ -73.89487463229618, -41.177731901701847 ], [ -73.894888184280546, -41.177689752062975 ], [ -73.894906448826916, -41.17763891201264 ], [ -73.894922871826935, -41.177595819778745 ], [ -73.894939996411196, -41.177553488847416 ], [ -73.894947866551405, -41.177535229073555 ], [ -73.894964349738558, -41.177514138304971 ], [ -73.894998430023804, -41.177482107612697 ], [ -73.895014146049689, -41.177464246740669 ], [ -73.895026229288575, -41.177424563484294 ], [ -73.895031142174872, -41.1774039033807 ], [ -73.895028978133354, -41.177379615782968 ], [ -73.895009064280117, -41.177366914503715 ], [ -73.895011806836706, -41.177347957577872 ], [ -73.89500685981443, -41.177327958038795 ], [ -73.894980982944361, -41.177321779472074 ], [ -73.894957382405224, -41.177324573958508 ], [ -73.894933715390735, -41.177331359022403 ], [ -73.894907945420186, -41.177335858733052 ], [ -73.894892763891875, -41.177321800432409 ], [ -73.894894653048908, -41.177302727873531 ], [ -73.894910134614534, -41.177256175606892 ], [ -73.894919868758933, -41.177237502628145 ], [ -73.894935429376304, -41.177220286051792 ], [ -73.894960151012924, -41.177201647546006 ], [ -73.894985353248202, -41.177188407347614 ], [ -73.895011496019606, -41.17717862561009 ], [ -73.895069939513675, -41.177166563921809 ], [ -73.895125511992106, -41.177155446801194 ], [ -73.895151434676251, -41.177150300686648 ], [ -73.895177137273166, -41.177149791551955 ], [ -73.895228016952544, -41.177154698988517 ], [ -73.895278635222169, -41.177149571805856 ], [ -73.895301995012815, -41.17714407950627 ], [ -73.895332825193378, -41.177144265445264 ], [ -73.895364990270437, -41.177149965320361 ], [ -73.895384205234365, -41.177161903953952 ], [ -73.895399080437144, -41.177177253719094 ], [ -73.895412179670629, -41.177196360797709 ], [ -73.895427053975098, -41.177211709878655 ], [ -73.895450542224836, -41.177224228629925 ], [ -73.895478895750145, -41.177227411225402 ], [ -73.895503502402406, -41.177224086640344 ], [ -73.895530895628681, -41.177216474644801 ], [ -73.895555195955438, -41.17721444148863 ], [ -73.895581293811063, -41.177215983766388 ], [ -73.895595466531304, -41.17723057286036 ], [ -73.895608017792455, -41.177248271522316 ], [ -73.895614282643237, -41.177266451591549 ], [ -73.895633803034372, -41.17727709945185 ], [ -73.89568941503866, -41.177280648512848 ], [ -73.895750242661492, -41.177288239540573 ], [ -73.89577712744132, -41.177293888016479 ], [ -73.89582494117063, -41.177285716184869 ], [ -73.895847973974497, -41.177274179877458 ], [ -73.895874291917394, -41.177271086534759 ], [ -73.895929135862119, -41.177277865518953 ], [ -73.895979795454238, -41.177287407211828 ], [ -73.896043272208871, -41.177298689964381 ], [ -73.896096802816629, -41.177307289114907 ], [ -73.896152348345623, -41.177314828752905 ], [ -73.896203622385386, -41.177321788261906 ], [ -73.896263440301851, -41.17732990870239 ], [ -73.896314953293498, -41.17733956668372 ], [ -73.896343240343484, -41.177346739174112 ], [ -73.896363943815828, -41.177363545976675 ], [ -73.89638649063113, -41.177372604217354 ], [ -73.896417560661888, -41.177375489304303 ], [ -73.896447449408001, -41.177372215437188 ], [ -73.896502474812436, -41.177359689276656 ], [ -73.896555636212639, -41.177347576235086 ], [ -73.896584035552024, -41.177339434160317 ], [ -73.896636517825854, -41.177333893870717 ], [ -73.896661980572588, -41.177330685587094 ], [ -73.89672666466295, -41.177329468535326 ], [ -73.896758965385615, -41.177327187239307 ], [ -73.896816045237074, -41.177328270415444 ], [ -73.89686644431778, -41.177327780213979 ], [ -73.896923591542901, -41.177324873488494 ], [ -73.896991740435283, -41.177312795599768 ], [ -73.897047533899283, -41.177297040858406 ], [ -73.897101375324141, -41.177278355720752 ], [ -73.897154430723134, -41.177255564375756 ], [ -73.897209433669659, -41.177235704093476 ], [ -73.897235183877299, -41.177223869599089 ], [ -73.897252387513291, -41.177210874168225 ], [ -73.897268956040392, -41.177193128842418 ], [ -73.897280791344258, -41.177176739175451 ], [ -73.897288882470022, -41.177153844345412 ], [ -73.897294434956805, -41.177111942478689 ], [ -73.897297355379777, -41.177073682288913 ], [ -73.897300123987492, -41.177036067117129 ], [ -73.897306991607849, -41.176992344321022 ], [ -73.89731267255371, -41.176968454819296 ], [ -73.89732100263133, -41.176948257730345 ], [ -73.89733461480283, -41.17692811134598 ], [ -73.897348859388288, -41.176912716896908 ], [ -73.897375463893738, -41.176900997288683 ], [ -73.897400531381734, -41.176895735533471 ], [ -73.897426542999114, -41.17689393360871 ], [ -73.897486821751301, -41.17690011559651 ], [ -73.897515328888531, -41.176902652489929 ], [ -73.897563408519161, -41.176878518867298 ], [ -73.897611774712374, -41.176845760332284 ], [ -73.897635795663078, -41.176826360380559 ], [ -73.897652364190179, -41.176808614274428 ], [ -73.897675461672762, -41.176793086596653 ], [ -73.897713133422528, -41.176768207821134 ], [ -73.89773250738827, -41.176753509088556 ], [ -73.897762006265538, -41.176721221764907 ], [ -73.897776244562806, -41.176705378982206 ], [ -73.897790229535161, -41.176679951142368 ], [ -73.89780942832941, -41.176658563269946 ], [ -73.897830137191633, -41.176649377138716 ], [ -73.89786140664836, -41.176640291075969 ], [ -73.89792493011538, -41.176640247802567 ], [ -73.897976356868753, -41.176646561662935 ], [ -73.898011153111298, -41.176648618501893 ], [ -73.898038016331554, -41.176646932867634 ], [ -73.898067885314731, -41.17663632344528 ], [ -73.898088353428477, -41.176624438807664 ], [ -73.898100802281689, -41.176605467467816 ], [ -73.898109987555486, -41.176585386564327 ], [ -73.898122201948411, -41.176537722876624 ], [ -73.898126653100633, -41.176518998981926 ], [ -73.898124268073545, -41.176499347406192 ], [ -73.898104418899024, -41.176482656003337 ], [ -73.898075979135456, -41.176476129816471 ], [ -73.89804278458908, -41.176463627149779 ], [ -73.89803551362516, -41.176445977634671 ], [ -73.898045400483184, -41.176426658026308 ], [ -73.898091815535594, -41.176390970185416 ], [ -73.898130341583183, -41.17636620552647 ], [ -73.898183747325135, -41.17633079893114 ], [ -73.898212038866703, -41.176311977611647 ], [ -73.898235070772273, -41.176300439780391 ], [ -73.898283605848746, -41.176300363375404 ], [ -73.898314917526292, -41.176305945673739 ], [ -73.898346841854874, -41.176308945077082 ], [ -73.898373619735167, -41.176303915870051 ], [ -73.898396891490918, -41.176295077230499 ], [ -73.898410282676863, -41.176279565658625 ], [ -73.898421416396488, -41.176262414417124 ], [ -73.898471553169131, -41.176251890127531 ], [ -73.898517724778102, -41.176239495602218 ], [ -73.898537865006773, -41.17622156812854 ], [ -73.898544792814249, -41.176199846763744 ], [ -73.89853007481662, -41.176157860443887 ], [ -73.898521555194463, -41.176138041750228 ], [ -73.898517532538619, -41.176088175507701 ], [ -73.898520981171004, -41.176043988913975 ], [ -73.898524802604214, -41.175994520178186 ], [ -73.898531115964047, -41.175975382322029 ], [ -73.898567431257717, -41.175937654954119 ], [ -73.898603919926245, -41.17590661608584 ], [ -73.898640102269255, -41.175876869334815 ], [ -73.89865877285412, -41.175861409051649 ], [ -73.898684542824668, -41.175856907887407 ], [ -73.898712241478165, -41.175848003600493 ], [ -73.898740557274209, -41.175810523632101 ], [ -73.898770429850671, -41.175773921968876 ], [ -73.898787611927119, -41.175753594013457 ], [ -73.898810075199108, -41.175733315411165 ], [ -73.898828136726223, -41.175694443846567 ], [ -73.898837194439224, -41.17565634983962 ], [ -73.898842499889284, -41.17563774131591 ], [ -73.898868559117361, -41.175598623573173 ], [ -73.898884272448328, -41.175580760159093 ], [ -73.898895254352681, -41.175564255817967 ], [ -73.898906699787716, -41.175519821396769 ], [ -73.898909355207678, -41.175497521007316 ], [ -73.898935589607234, -41.175465090394994 ], [ -73.898959085043487, -41.175425623650852 ], [ -73.898974583677088, -41.17538640503362 ], [ -73.898978731198753, -41.175342979323077 ], [ -73.898978388940648, -41.175303609872543 ], [ -73.898980367929212, -41.17526188938573 ], [ -73.898982563411749, -41.175241526111037 ], [ -73.898989490320915, -41.175219805097427 ], [ -73.898985089474337, -41.17520121200139 ], [ -73.898963622433996, -41.175161641645417 ], [ -73.898950308503174, -41.175121178730841 ], [ -73.898949697648774, -41.175097768622344 ], [ -73.898937325152374, -41.175060764243668 ], [ -73.898918335665584, -41.175018198397559 ], [ -73.898896388026557, -41.174973229436233 ], [ -73.898888261866503, -41.174955464571596 ], [ -73.898889208690804, -41.174932932065566 ], [ -73.898905540960982, -41.174886495091293 ], [ -73.898931753800966, -41.174846730485712 ], [ -73.898949790175251, -41.174826517866904 ], [ -73.898968461658427, -41.174811056659699 ], [ -73.89902245400026, -41.174791725074307 ], [ -73.899046580952174, -41.174783002531306 ], [ -73.899099387517836, -41.174783503570417 ], [ -73.899148115732103, -41.174797448819923 ], [ -73.899199714063698, -41.174810450138885 ], [ -73.89924642645849, -41.174825454258226 ], [ -73.899266956555991, -41.17483557240147 ], [ -73.899292219876713, -41.174844332126604 ], [ -73.899340005758248, -41.17485481742473 ], [ -73.899392526659653, -41.174863944305081 ], [ -73.899445200274656, -41.174872426122484 ], [ -73.899498661712173, -41.174885012937366 ], [ -73.899551401802483, -41.174889504702101 ], [ -73.899612139593799, -41.174893748990087 ], [ -73.899667137150445, -41.174899879101972 ], [ -73.89972695327026, -41.174907997814174 ], [ -73.899787624586239, -41.174916232149585 ], [ -73.899829873252358, -41.174922424466502 ], [ -73.899846544187412, -41.174444050371612 ], [ -73.899834151928061, -41.174424554368663 ], [ -73.899833634498449, -41.174404691199513 ] ] ], [ [ [ -73.920547045811858, -41.138378141869666 ], [ -73.920718122771206, -41.138294182300854 ], [ -73.920950215999582, -41.137994600401647 ], [ -73.9209599743985, -41.137395644935538 ], [ -73.920852454143855, -41.137047837454638 ], [ -73.920570909557384, -41.136919091517044 ], [ -73.920231291582752, -41.136830373203075 ], [ -73.91983375922176, -41.13686715966859 ], [ -73.919320169017624, -41.137033415995369 ], [ -73.919033620815057, -41.137206471944275 ], [ -73.919028753742822, -41.137503625919535 ], [ -73.919194297080011, -41.137806909424178 ], [ -73.919450469649576, -41.138034547710696 ], [ -73.919809874814973, -41.138326138109797 ], [ -73.920204525380555, -41.138460443129105 ], [ -73.920547045811858, -41.138378141869666 ] ] ], [ [ [ -73.922717989985955, -41.137452594347188 ], [ -73.922892005334589, -41.137242603295064 ], [ -73.922894839519287, -41.137066939997247 ], [ -73.922897625194992, -41.1368958524614 ], [ -73.922729951952277, -41.136723142091135 ], [ -73.922390284570298, -41.136679349773345 ], [ -73.921992135965013, -41.136761236404318 ], [ -73.921876043985904, -41.136886284590219 ], [ -73.921929879122573, -41.137057898511152 ], [ -73.922095440426077, -41.137361250378817 ], [ -73.922490185314743, -41.137495543842817 ], [ -73.922717989985955, -41.137452594347188 ] ] ], [ [ [ -73.923925474848147, -41.136477573084605 ], [ -73.924043577256853, -41.136221958889656 ], [ -73.923935929441413, -41.135833595091547 ], [ -73.923485232985271, -41.135658187146653 ], [ -73.923087700624279, -41.135654492398544 ], [ -73.922746754041341, -41.135696388976307 ], [ -73.922344957377703, -41.135989893627574 ], [ -73.922453299590856, -41.136292598227406 ], [ -73.922792143217691, -41.136381417399939 ], [ -73.923244818662425, -41.136471258060084 ], [ -73.923525736224803, -41.13664494333954 ], [ -73.923925474848147, -41.136477573084605 ] ] ] ] } },
{ "type": "Feature", "properties": { "capa": "colegios", "popup": "<strong>ESCUELA RURAL LUCILA GODOY ALCAYAGA</strong><br><br><strong>Dirección:</strong> EL MANIO 34", "etiqueta": "" }, "geometry": { "type": "Point", "coordinates": [ -73.614616, -41.289742 ] } },
{ "type": "Feature", "properties": { "capa": "colegios", "popup": "<strong>ESCUELA PARTICULAR N. 226 LAS CUYAS</strong><br><br><strong>Dirección:</strong> CAMINO LAS CUYAS 31", "etiqueta": "" }, "geometry": { "type": "Point", "coordinates": [ -73.619438, -41.26162 ] } },
{ "type": "Feature", "properties": { "capa": "colegios", "popup": "<strong>ESCUELA RURAL LINEA SIN NOMBRE</strong><br><br><strong>Dirección:</strong> LINEA SIN NOMBRE 0", "etiqueta": "" }, "geometry": { "type": "Point", "coordinates": [ -73.371147, -41.260639 ] } },
{ "type": "Feature", "properties": { "capa": "colegios", "popup": "<strong>ESCUELA PARTICULAR N. 228 EL PATO DE LLICO</strong><br><br><strong>Dirección:</strong> PATO DE LLICO 0", "etiqueta": "" }, "geometry": { "type": "Point", "coordinates": [ -73.601936, -41.23357 ] } },
{ "type": "Feature", "properties": { "capa": "colegios", "popup": "<strong>ESCUELA RURAL PARGA</strong><br><br><strong>Dirección:</strong> GABRIELA MISTRAL 52", "etiqueta": "" }, "geometry": { "type": "Point", "coordinates": [ -73.48822, -41.218349 ] } },
{ "type": "Feature", "properties": { "capa": "colegios", "popup": "<strong>ESCUELA RURAL OLGA SOTO ALVARADO</strong><br><br><strong>Dirección:</strong> SECTOR LA ISLA 0", "etiqueta": "" }, "geometry": { "type": "Point", "coordinates": [ -73.348038, -41.20211 ] } },
{ "type": "Feature", "properties": { "capa": "colegios", "popup": "<strong>ESCUELA RURAL PATO LLICO</strong><br><br><strong>Dirección:</strong> SECTOR RURAL PATO LLICO 0", "etiqueta": "" }, "geometry": { "type": "Point", "coordinates": [ -73.556877, -41.199162 ] } },
{ "type": "Feature", "properties": { "capa": "colegios", "popup": "<strong>ESCUELA RURAL RINCONADA</strong><br><br><strong>Dirección:</strong> SECTOR RINCONADA 0", "etiqueta": "" }, "geometry": { "type": "Point", "coordinates": [ -73.616402, -41.18214 ] } },
{ "type": "Feature", "properties": { "capa": "colegios", "popup": "<strong>ESCUELA ESPECIAL LENGUAJE ARBOLITO DEL SABER</strong><br><br><strong>Dirección:</strong> CALLE LAUTARO 262", "etiqueta": "" }, "geometry": { "type": "Point", "coordinates": [ -73.425222, -41.154912 ] } },
{ "type": "Feature", "properties": { "capa": "colegios", "popup": "<strong>COLEGIO PURISIMO CORAZON DE MARIA</strong><br><br><strong>Dirección:</strong> IRARRAZABAL 420", "etiqueta": "" }, "geometry": { "type": "Point", "coordinates": [ -73.423401, -41.154072 ] } },
{ "type": "Feature", "properties": { "capa": "colegios", "popup": "<strong>LICEO CARLOS IBAÑEZ DEL CAMPO</strong><br><br><strong>Dirección:</strong> BERNARDO O'HIGGINS 210", "etiqueta": "" }, "geometry": { "type": "Point", "coordinates": [ -73.416786, -41.153351 ] } },
{ "type": "Feature", "properties": { "capa": "colegios", "popup": "<strong>INSTITUTO APRENDER</strong><br><br><strong>Dirección:</strong> BERNARDO O'HIGGINS 210", "etiqueta": "" }, "geometry": { "type": "Point", "coordinates": [ -73.417206, -41.15319 ] } },
{ "type": "Feature", "properties": { "capa": "colegios", "popup": "<strong>ESCUELA BASICA FRESIA</strong><br><br><strong>Dirección:</strong> SAN CARLOS 102", "etiqueta": "" }, "geometry": { "type": "Point", "coordinates": [ -73.416649, -41.151791 ] } },
{ "type": "Feature", "properties": { "capa": "colegios", "popup": "<strong>ESCUELA PARTICULAR N. 225 LA ARAÑA</strong><br><br><strong>Dirección:</strong> LA ARAÑA 0", "etiqueta": "" }, "geometry": { "type": "Point", "coordinates": [ -73.553223, -41.151241 ] } },
{ "type": "Feature", "properties": { "capa": "colegios", "popup": "<strong>ESCUELA ESPECIAL DE LENGUAJE MI PEQUEÑO GRAN MUNDO</strong><br><br><strong>Dirección:</strong> LOS CARRERA 507", "etiqueta": "" }, "geometry": { "type": "Point", "coordinates": [ -73.417587, -41.149762 ] } },
{ "type": "Feature", "properties": { "capa": "colegios", "popup": "<strong>ESCUELA RURAL EL PEUCHEN</strong><br><br><strong>Dirección:</strong> SECTOR PEUCHEN 0", "etiqueta": "" }, "geometry": { "type": "Point", "coordinates": [ -73.679939, -41.13298 ] } },
{ "type": "Feature", "properties": { "capa": "colegios", "popup": "<strong>ESCUELA RURAL ENTRE RIOS</strong><br><br><strong>Dirección:</strong> POLIZONES 0", "etiqueta": "" }, "geometry": { "type": "Point", "coordinates": [ -73.372459, -41.128651 ] } },
{ "type": "Feature", "properties": { "capa": "colegios", "popup": "<strong>ESCUELA RURAL SANTA MONICA</strong><br><br><strong>Dirección:</strong> SECTOR MONTE VERDE 0", "etiqueta": "" }, "geometry": { "type": "Point", "coordinates": [ -73.489777, -41.125729 ] } },
{ "type": "Feature", "properties": { "capa": "colegios", "popup": "<strong>ESCUELA RURAL CAU-CAU</strong><br><br><strong>Dirección:</strong> SECTOR CAU CAU 0", "etiqueta": "" }, "geometry": { "type": "Point", "coordinates": [ -73.561249, -41.11475 ] } },
{ "type": "Feature", "properties": { "capa": "colegios", "popup": "<strong>ESCUELA PARTICULAR N. 231 SAN ANTONIO</strong><br><br><strong>Dirección:</strong> COLLIHUINCO 0", "etiqueta": "" }, "geometry": { "type": "Point", "coordinates": [ -73.527313, -41.07029 ] } },
{ "type": "Feature", "properties": { "capa": "colegios", "popup": "<strong>ESCUELA PARTICULAR N. 233 EL REPIL</strong><br><br><strong>Dirección:</strong> CAMINO NAPECO 32", "etiqueta": "" }, "geometry": { "type": "Point", "coordinates": [ -73.655647, -41.062641 ] } },
{ "type": "Feature", "properties": { "capa": "colegios", "popup": "<strong>ESCUELA BASICA AGRICOLA HUEMPELEO</strong><br><br><strong>Dirección:</strong> SECTOR HUEMPELEO 0", "etiqueta": "" }, "geometry": { "type": "Point", "coordinates": [ -73.485558, -41.047089 ] } },
{ "type": "Feature", "properties": { "capa": "colegios", "popup": "<strong>ESCUELA RURAL SAN ANDRES</strong><br><br><strong>Dirección:</strong> CALLE MAULE 0", "etiqueta": "" }, "geometry": { "type": "Point", "coordinates": [ -73.410797, -41.038509 ] } },
{ "type": "Feature", "properties": { "capa": "colegios", "popup": "<strong>ESCUELA PARTICULAR N. 224 PICHI MAULE</strong><br><br><strong>Dirección:</strong> PICHI-MAULE 6", "etiqueta": "" }, "geometry": { "type": "Point", "coordinates": [ -73.439484, -41.013378 ] } },
{ "type": "Feature", "properties": { "capa": "jardines", "popup": "<strong>CORAZON DE ANGEL</strong><br><br><strong>Dirección:</strong> LUIS CRUZ MARTINEZ S/N SECTOR PARGA ", "etiqueta": "" }, "geometry": { "type": "MultiPoint", "coordinates": [ [ -73.485763, -41.220073 ] ] } },
{ "type": "Feature", "properties": { "capa": "jardines", "popup": "<strong>EL RINCON DEL SABER</strong><br><br><strong>Dirección:</strong> ANDRES GALLARDO S/N TEGUALDA ", "etiqueta": "" }, "geometry": { "type": "MultiPoint", "coordinates": [ [ -73.405894, -41.038601 ] ] } },
{ "type": "Feature", "properties": { "capa": "jardines", "popup": "<strong>NA</strong><br><br><strong>Dirección:</strong> NA ", "etiqueta": "" }, "geometry": { "type": "MultiPoint", "coordinates": [ [ -73.418210000039053, -41.148992000076454 ] ] } },
{ "type": "Feature", "properties": { "capa": "jardines", "popup": "<strong>NA</strong><br><br><strong>Dirección:</strong> NA ", "etiqueta": "" }, "geometry": { "type": "MultiPoint", "coordinates": [ [ -73.430359000677186, -41.153377999648875 ] ] } },
{ "type": "Feature", "properties": { "capa": "jardines", "popup": "<strong>NA</strong><br><br><strong>Dirección:</strong> NA ", "etiqueta": "" }, "geometry": { "type": "MultiPoint", "coordinates": [ [ -73.42195600072418, -41.154907999784641 ] ] } },
{ "type": "Feature", "properties": { "capa": "jardines", "popup": "<strong>NA</strong><br><br><strong>Dirección:</strong> NA ", "etiqueta": "" }, "geometry": { "type": "MultiPoint", "coordinates": [ [ -73.4213430003865, -41.158541999562857 ] ] } },
{ "type": "Feature", "properties": { "capa": "bomberos", "popup": "<strong>Cuerpo de Bomberos</strong><br><br><strong>Dirección:</strong> San Carlos 402", "etiqueta": "" }, "geometry": { "type": "Point", "coordinates": [ -73.421050868503983, -41.152633504452574 ] } },
{ "type": "Feature", "properties": { "capa": "comisarias", "popup": "<strong>RETEN PARGA</strong><br><br><strong>Dirección:</strong> LUIS CRUZ MARTINEZ S/N", "etiqueta": "" }, "geometry": { "type": "Point", "coordinates": [ -73.49020956418893, -41.22009416290971 ] } },
{ "type": "Feature", "properties": { "capa": "comisarias", "popup": "<strong>RETEN TEGUALDA</strong><br><br><strong>Dirección:</strong> BERNARDO O'HIGGINS S/N", "etiqueta": "" }, "geometry": { "type": "Point", "coordinates": [ -73.407819682351473, -41.039572064730727 ] } },
{ "type": "Feature", "properties": { "capa": "comisarias", "popup": "<strong>TCIA. FRESIA</strong><br><br><strong>Dirección:</strong> BERNARDO O'HIGGINS 298", "etiqueta": "" }, "geometry": { "type": "Point", "coordinates": [ -73.417355522377818, -41.153656600190324 ] } },
{ "type": "Feature", "properties": { "capa": "salud", "popup": "<strong>Posta de Salud Rural Mañío</strong><br><br><strong>Tipo de atención:</strong> Posta de Salud Rural (PSR)<br><strong>Dirección:</strong>  NA", "etiqueta": "" }, "geometry": { "type": "Point", "coordinates": [ -73.60989, -41.29405 ] } },
{ "type": "Feature", "properties": { "capa": "salud", "popup": "<strong>Posta de Salud Rural Línea Sin Nombre</strong><br><br><strong>Tipo de atención:</strong> Posta de Salud Rural (PSR)<br><strong>Dirección:</strong>  NA", "etiqueta": "" }, "geometry": { "type": "Point", "coordinates": [ -73.37236, -41.26076 ] } },
{ "type": "Feature", "properties": { "capa": "salud", "popup": "<strong>Posta de Salud Rural Parga</strong><br><br><strong>Tipo de atención:</strong> Posta de Salud Rural (PSR)<br><strong>Dirección:</strong>  NA", "etiqueta": "" }, "geometry": { "type": "Point", "coordinates": [ -73.4884, -41.21701 ] } },
{ "type": "Feature", "properties": { "capa": "salud", "popup": "<strong>Posta de Salud Rural Las Cruces ( Fresia)</strong><br><br><strong>Tipo de atención:</strong> Posta de Salud Rural (PSR)<br><strong>Dirección:</strong>  NA", "etiqueta": "" }, "geometry": { "type": "Point", "coordinates": [ -73.59433, -41.21661 ] } },
{ "type": "Feature", "properties": { "capa": "salud", "popup": "<strong>Posta de Salud Rural Traiguén (Fresia)</strong><br><br><strong>Tipo de atención:</strong> Posta de Salud Rural (PSR)<br><strong>Dirección:</strong>  NA", "etiqueta": "" }, "geometry": { "type": "Point", "coordinates": [ -73.710816, -41.210184 ] } },
{ "type": "Feature", "properties": { "capa": "salud", "popup": "<strong>Hospital de Fresia</strong><br><br><strong>Tipo de atención:</strong> Hospital<br><strong>Dirección:</strong>  301", "etiqueta": "" }, "geometry": { "type": "Point", "coordinates": [ -73.42297, -41.15532 ] } },
{ "type": "Feature", "properties": { "capa": "salud", "popup": "<strong>Posta de Salud Rural Polizones</strong><br><br><strong>Tipo de atención:</strong> Posta de Salud Rural (PSR)<br><strong>Dirección:</strong>  NA", "etiqueta": "" }, "geometry": { "type": "Point", "coordinates": [ -73.37238, -41.12982 ] } },
{ "type": "Feature", "properties": { "capa": "salud", "popup": "<strong>Posta de Salud Rural Cau Cua</strong><br><br><strong>Tipo de atención:</strong> Posta de Salud Rural (PSR)<br><strong>Dirección:</strong>  NA", "etiqueta": "" }, "geometry": { "type": "Point", "coordinates": [ -73.56183, -41.11514 ] } },
{ "type": "Feature", "properties": { "capa": "salud", "popup": "<strong>Posta de Salud Rural El Mirador</strong><br><br><strong>Tipo de atención:</strong> Posta de Salud Rural (PSR)<br><strong>Dirección:</strong>  NA", "etiqueta": "" }, "geometry": { "type": "Point", "coordinates": [ -73.50402, -41.08256 ] } },
{ "type": "Feature", "properties": { "capa": "salud", "popup": "<strong>Consultorio General Rural Tegualda</strong><br><br><strong>Tipo de atención:</strong> Consultorio General Rural (CGR)<br><strong>Dirección:</strong>  285", "etiqueta": "" }, "geometry": { "type": "Point", "coordinates": [ -73.410442, -41.040182 ] } },
{ "type": "Feature", "properties": { "capa": "municipios", "popup": "<strong>Municipalidad de Fresia</strong><br><br><strong>Dirección:</strong> San Francisco Nº 124<br><strong>Región:</strong> Los Lagos", "etiqueta": "" }, "geometry": { "type": "Point", "coordinates": [ -73.421373, -41.153037400999963 ] } }
]
}
