{
"type": "FeatureCollection",
"name": "10204",
"crs": { "type": "name", "properties": { "name": "urn:ogc:def:crs:OGC:1.3:CRS84" } },
"features": [
{ "type": "Feature", "properties": { "capa": "comuna", "popup": "", "etiqueta": "" }, "geometry": { "type": "Polygon", "coordinates": [ [ [ -73.65326108638132, -42.388053690808917 ], [ -73.653019956656692, -42.38803937830415 ], [ -73.652778360102346, -42.38803032769917 ], [ -73.652536507157095, -42.388026546879651 ], [ -73.652294608483004, -42.388028039139755 ], [ -73.652052874782058, -42.388034803179259 ], [ -73.651089838056961, -42.388150864816176 ], [ -73.650126095397141, -42.388263684349376 ], [ -73.6499870585411, -42.388263514652536 ], [ -73.649848194158153, -42.388268630886387 ], [ -73.649709870389174, -42.388279019486063 ], [ -73.649572453941786, -42.388294652907938 ], [ -73.649436309118286, -42.388315489702613 ], [ -73.649301796849713, -42.388341474624951 ], [ -73.649169273739147, -42.388372538780352 ], [ -73.649039091116194, -42.388408599807804 ], [ -73.648911594105655, -42.38844956209801 ], [ -73.648787120712555, -42.388495317047095 ], [ -73.648666000926056, -42.388545743344643 ], [ -73.648548555844641, -42.388600707295254 ], [ -73.648435096824841, -42.388660063173326 ], [ -73.647461497330028, -42.388988976668983 ], [ -73.646360483490241, -42.389061581474998 ], [ -73.645895594550936, -42.38914167954627 ], [ -73.645255782964554, -42.389305142351766 ], [ -73.644846618318923, -42.389511972230288 ], [ -73.644479750848475, -42.389612382033398 ], [ -73.64415774244523, -42.389654864911122 ], [ -73.643834934160807, -42.38969389616193 ], [ -73.643511393815359, -42.389729467591998 ], [ -73.643187189382829, -42.389761571733871 ], [ -73.642862388976667, -42.389790201847944 ], [ -73.642628515287385, -42.389808636460529 ], [ -73.642314750906067, -42.389830514777302 ], [ -73.642000603396909, -42.389849154276362 ], [ -73.641686134045301, -42.38986455132433 ], [ -73.641392817321929, -42.3899356776598 ], [ -73.641097663510223, -42.390002529956938 ], [ -73.640800786764032, -42.390065082373582 ], [ -73.640502301903609, -42.390123310729827 ], [ -73.640202324371103, -42.390177192517264 ], [ -73.639900970186005, -42.390226706907832 ], [ -73.639598355900233, -42.390271834761599 ], [ -73.639511234114849, -42.390281896848258 ], [ -73.639423303970801, -42.390286801623844 ], [ -73.639335124243061, -42.390286517920835 ], [ -73.639247255292688, -42.390281047542068 ], [ -73.639160255505871, -42.390270425249128 ], [ -73.639074677745413, -42.390254718541549 ], [ -73.638991065837502, -42.390234027227962 ], [ -73.638909951115778, -42.390208482791785 ], [ -73.638831849044919, -42.39017824755603 ], [ -73.638757255944853, -42.390143513651758 ], [ -73.638686645836898, -42.390104501797346 ], [ -73.638180680532926, -42.389931463853692 ], [ -73.636888772000319, -42.389919319658205 ], [ -73.636634147934785, -42.389910141389812 ], [ -73.63637930119333, -42.389905413145542 ], [ -73.636124374328986, -42.389905137571297 ], [ -73.635869509939624, -42.389909314821203 ], [ -73.635614850588183, -42.389917942557801 ], [ -73.635360538722878, -42.389931015953195 ], [ -73.635106716597562, -42.389948527691715 ], [ -73.634944621473124, -42.389986115336661 ], [ -73.634780557532892, -42.390018712032841 ], [ -73.634614806357959, -42.390046261842663 ], [ -73.634447652425294, -42.39006871748937 ], [ -73.634279382619368, -42.390086040438099 ], [ -73.634110285739766, -42.390098200961887 ], [ -73.633940652005649, -42.390105178192755 ], [ -73.633770772557526, -42.390106960157546 ], [ -73.633600938957642, -42.390103543798297 ], [ -73.633431442689528, -42.390094934977611 ], [ -73.633262574657778, -42.390081148468575 ], [ -73.633094624688766, -42.390062207929446 ], [ -73.632927881033154, -42.390038145863016 ], [ -73.63276262987128, -42.390009003560891 ], [ -73.632599154821904, -42.38997483103261 ], [ -73.632445016888099, -42.389965747066746 ], [ -73.632291523992052, -42.389951935400667 ], [ -73.632138941846705, -42.389933419940768 ], [ -73.631987534588347, -42.38991023273519 ], [ -73.63183756431944, -42.389882413918357 ], [ -73.631689290654862, -42.389850011641542 ], [ -73.631542970272463, -42.389813081989594 ], [ -73.631398856468778, -42.389771688883791 ], [ -73.631257198720462, -42.389725903971367 ], [ -73.631118242252555, -42.389675806501494 ], [ -73.630982227613785, -42.389621483188101 ], [ -73.630849390260352, -42.389563028059932 ], [ -73.630844386644227, -42.389389947487963 ], [ -73.630777723713308, -42.389312155656334 ], [ -73.630705529129798, -42.389237105160788 ], [ -73.630628009086408, -42.389165010360891 ], [ -73.630545384985695, -42.389096077174912 ], [ -73.630457892807797, -42.389030502491472 ], [ -73.630365782436385, -42.388968473607235 ], [ -73.630269316945032, -42.388910167691691 ], [ -73.630168771845817, -42.38885575128117 ], [ -73.630064434302469, -42.388805379802974 ], [ -73.629956602310173, -42.388759197131456 ], [ -73.629754556189511, -42.388698791364448 ], [ -73.629550174718844, -42.388642835227841 ], [ -73.629343637492781, -42.388591377903445 ], [ -73.629135126000236, -42.388544464619123 ], [ -73.628924823464928, -42.388502136608857 ], [ -73.628712914684442, -42.388464431076521 ], [ -73.6284995858678, -42.388431381163208 ], [ -73.628285024471779, -42.388403015917966 ], [ -73.628069419036365, -42.388379360272332 ], [ -73.627852959018853, -42.388360435018399 ], [ -73.627647845847108, -42.388331718160572 ], [ -73.627441548035335, -42.388308079490265 ], [ -73.627234295988046, -42.388289545414224 ], [ -73.627026321175492, -42.388276136636819 ], [ -73.626817855875146, -42.388267868136957 ], [ -73.626609132912293, -42.388264749151425 ], [ -73.626400385399947, -42.38826678316439 ], [ -73.626191846478605, -42.388273967903679 ], [ -73.625983749055749, -42.388286295343207 ], [ -73.6257763255458, -42.38830375171203 ], [ -73.625569807610503, -42.388326317509637 ], [ -73.625364425900202, -42.388353967527877 ], [ -73.625160409796251, -42.388386670878994 ], [ -73.624957987154829, -42.388424391030227 ], [ -73.624757384052458, -42.388467085844724 ], [ -73.624558824533466, -42.388514707628516 ], [ -73.624362530359832, -42.388567203183875 ], [ -73.624168720763436, -42.388624513868777 ], [ -73.623977612201315, -42.38868657566244 ], [ -73.623789418113773, -42.388753319236997 ], [ -73.623604348686101, -42.388824670034772 ], [ -73.623422610613801, -42.388900548351785 ], [ -73.623244406871777, -42.388980869426781 ], [ -73.623069936487525, -42.389065543536006 ], [ -73.622899394318992, -42.38915447609341 ], [ -73.62271180918782, -42.389175098377969 ], [ -73.622523417599197, -42.389191219061303 ], [ -73.622334417532556, -42.389202821205743 ], [ -73.622145007606861, -42.389209892621153 ], [ -73.621955386871747, -42.389212425877794 ], [ -73.6217657545984, -42.38921041831405 ], [ -73.621576310070111, -42.389203872039204 ], [ -73.621387252372898, -42.389192793931251 ], [ -73.621198780186234, -42.389177195629721 ], [ -73.621011091574317, -42.38915709352343 ], [ -73.620823736761039, -42.389100657808896 ], [ -73.620634314686328, -42.38904812112996 ], [ -73.620442974067785, -42.388999524743632 ], [ -73.620249865129367, -42.388954906812721 ], [ -73.62005513948327, -42.388914302375881 ], [ -73.619847224309666, -42.388875695994436 ], [ -73.619637848239378, -42.388841668050453 ], [ -73.619427196049799, -42.388812248581488 ], [ -73.619215453644472, -42.388787463557165 ], [ -73.61892393404554, -42.388780246834195 ], [ -73.618632674298837, -42.388768641169747 ], [ -73.618368377988418, -42.388754295494515 ], [ -73.618104486839755, -42.388736336129313 ], [ -73.617841091419479, -42.388714769234646 ], [ -73.617578282124015, -42.38868960220848 ], [ -73.616610212752803, -42.388358992553698 ], [ -73.615643822143412, -42.388025712671912 ], [ -73.615461015040893, -42.387976295339307 ], [ -73.615280576451397, -42.387922337753849 ], [ -73.615102713008639, -42.387863901694743 ], [ -73.614927628397311, -42.387801054069115 ], [ -73.614755523119854, -42.387733866835298 ], [ -73.61458659426691, -42.387662416920648 ], [ -73.614421035291528, -42.387586786133333 ], [ -73.614259035787654, -42.387507061068938 ], [ -73.614100781272981, -42.387423333011093 ], [ -73.61394645297662, -42.387335697827318 ], [ -73.613796227631425, -42.387244255858988 ], [ -73.613650277271631, -42.387149111806757 ], [ -73.610127588682175, -42.385819335093259 ], [ -73.610066058451267, -42.385780394853462 ], [ -73.610003222320984, -42.385742609417854 ], [ -73.609976362693985, -42.385727040002941 ], [ -73.609866694318413, -42.385666865189954 ], [ -73.609753668109988, -42.385610181361621 ], [ -73.609637487626102, -42.385557090613723 ], [ -73.609512048232304, -42.385505205222614 ], [ -73.609383592639759, -42.385457515571204 ], [ -73.609252377925699, -42.385414117110152 ], [ -73.609118666689199, -42.385375096701374 ], [ -73.608982726525525, -42.385340532444403 ], [ -73.608844829490764, -42.385310493519839 ], [ -73.608566953828884, -42.385315129005775 ], [ -73.608289008796305, -42.385314456879918 ], [ -73.608011180183468, -42.385308477591387 ], [ -73.607733653703065, -42.385297195135493 ], [ -73.607456614865811, -42.385280617051016 ], [ -73.607180248856423, -42.385258754415347 ], [ -73.606904740409945, -42.385231621836844 ], [ -73.606630273688111, -42.385199237445313 ], [ -73.606357032156367, -42.385161622879764 ], [ -73.606085198461159, -42.385118803274011 ], [ -73.605814954307917, -42.385070807239927 ], [ -73.605546480339498, -42.385017666848299 ], [ -73.605279956015565, -42.384959417607469 ], [ -73.604885436082299, -42.384851351903521 ], [ -73.604493024384098, -42.384739176257305 ], [ -73.604102799386453, -42.384622913077138 ], [ -73.603714839117643, -42.384502585588052 ], [ -73.603329221153032, -42.384378217827077 ], [ -73.602946022599667, -42.384249834638453 ], [ -73.602565320080828, -42.384117461668836 ], [ -73.602187189720638, -42.383981125361892 ], [ -73.601811707128988, -42.383840852953398 ], [ -73.601757904331663, -42.383766578621049 ], [ -73.601669413987977, -42.383409767052036 ], [ -73.601334843646924, -42.383261625358223 ], [ -73.600855337321306, -42.383147633935778 ], [ -73.600692391013609, -42.383168200474174 ], [ -73.600565322520055, -42.383180095819846 ], [ -73.600412623294773, -42.383178231262541 ], [ -73.599096488995599, -42.382122052176875 ], [ -73.599020800590765, -42.382069324774655 ], [ -73.598940526758966, -42.38202043739966 ], [ -73.598856023864386, -42.381975607089629 ], [ -73.598767667045621, -42.38193503287124 ], [ -73.598675848550201, -42.381898894876372 ], [ -73.598580975993258, -42.381867353542255 ], [ -73.59848347054799, -42.381840548899248 ], [ -73.598383765075937, -42.381818599948815 ], [ -73.598282302205348, -42.381801604135376 ], [ -73.598179532366203, -42.381789636913439 ], [ -73.598075911790588, -42.381782751412693 ], [ -73.597971900487238, -42.381780978201981 ], [ -73.597867960199579, -42.381784325153696 ], [ -73.597545235551564, -42.38183054505852 ], [ -73.597221404457414, -42.381872329542112 ], [ -73.596896578627337, -42.381909664199178 ], [ -73.596570870114732, -42.381942536158526 ], [ -73.596244391277438, -42.381970934087548 ], [ -73.595917254739064, -42.38199484819603 ], [ -73.595589573350082, -42.38201427023953 ], [ -73.595261460148947, -42.382029193522371 ], [ -73.594933028323055, -42.382039612899739 ], [ -73.59460439116971, -42.382045524779542 ], [ -73.594275662057072, -42.38204692712371 ], [ -73.594096005944479, -42.382038962944328 ], [ -73.593916084246601, -42.382035598212099 ], [ -73.593736112709038, -42.382036836962477 ], [ -73.593556307137135, -42.382042677709762 ], [ -73.593376883137225, -42.382053113448997 ], [ -73.593198055858096, -42.382068131664319 ], [ -73.593020039733005, -42.382087714343974 ], [ -73.592843048222534, -42.382111838001947 ], [ -73.592667293558691, -42.382140473706137 ], [ -73.592492986490271, -42.382173587113122 ], [ -73.592320336030383, -42.382211138509291 ], [ -73.592149549205544, -42.382253082858497 ], [ -73.590743058761831, -42.382329060993555 ], [ -73.5902135054951, -42.382231491493634 ], [ -73.590056925941795, -42.382230034790609 ], [ -73.589900367951628, -42.382232444389679 ], [ -73.58974400644513, -42.382238717598177 ], [ -73.589588016123344, -42.38224884740594 ], [ -73.589432571272525, -42.382262822493217 ], [ -73.589359566368103, -42.38231981853589 ], [ -73.589281661276004, -42.382373157656588 ], [ -73.589199190999764, -42.382422610498686 ], [ -73.589112510173919, -42.382467964417046 ], [ -73.589021991538985, -42.382509024392064 ], [ -73.588928024338642, -42.382545613868295 ], [ -73.588831012645898, -42.38257757551348 ], [ -73.588754196929713, -42.38259901485106 ], [ -73.588676005880757, -42.382617543928824 ], [ -73.588596641432133, -42.38263311489694 ], [ -73.588516308547355, -42.38264568754461 ], [ -73.587603853780678, -42.382877034196596 ], [ -73.58740521561009, -42.382911545251773 ], [ -73.587312706291087, -42.382937528547323 ], [ -73.587218465054846, -42.382959859245425 ], [ -73.587122756014253, -42.382978474767739 ], [ -73.587025847395751, -42.382993322947279 ], [ -73.586928010787602, -42.383004362174397 ], [ -73.586829520378799, -42.383011561513477 ], [ -73.586721104641995, -42.383015016830093 ], [ -73.586612600169218, -42.383013818104324 ], [ -73.586504372823512, -42.383007969377793 ], [ -73.586396787533388, -42.382997490370421 ], [ -73.58637379887162, -42.382972547545521 ], [ -73.586345557010276, -42.382950745997697 ], [ -73.586312835064405, -42.38293268254332 ], [ -73.586276528790421, -42.382918851669054 ], [ -73.586237632064979, -42.382909631995105 ], [ -73.586197209677806, -42.38290527591019 ], [ -73.586156368183325, -42.382905902662202 ], [ -73.586116225608862, -42.382911495093836 ], [ -73.586077880849018, -42.382921900112123 ], [ -73.586042383583589, -42.382936832879579 ], [ -73.586010705542776, -42.382955884611761 ], [ -73.585983713906316, -42.382978533767997 ], [ -73.585962147564629, -42.383004160328817 ], [ -73.58590619630931, -42.383067875114534 ], [ -73.585845221944297, -42.383129023398034 ], [ -73.58577943964076, -42.383187389402174 ], [ -73.585709081536507, -42.383242767168419 ], [ -73.585634395916813, -42.383294961283525 ], [ -73.585555646338179, -42.383343787568869 ], [ -73.585473110698388, -42.383389073730477 ], [ -73.585387080255714, -42.383430659966734 ], [ -73.584839460970315, -42.383594939198886 ], [ -73.584635170475067, -42.383638126235851 ], [ -73.58442907684416, -42.383676354306075 ], [ -73.584221400639265, -42.383709582506931 ], [ -73.584012364115793, -42.383737775285496 ], [ -73.583802190984883, -42.38376090247661 ], [ -73.583591106174168, -42.383778939335158 ], [ -73.583379335586883, -42.38379186656244 ], [ -73.583167105860198, -42.383799670326901 ], [ -73.582954644122694, -42.383802342278834 ], [ -73.582742177751214, -42.383799879559362 ], [ -73.582609062675004, -42.383783474972923 ], [ -73.58247504756541, -42.383771730419966 ], [ -73.582340431257379, -42.38376467209185 ], [ -73.582205513926553, -42.383762315729264 ], [ -73.582070596419697, -42.383764666587048 ], [ -73.581935979584046, -42.383771719422597 ], [ -73.581801963596348, -42.383783458507523 ], [ -73.581668847293557, -42.383799857662645 ], [ -73.581478239091609, -42.383820607026472 ], [ -73.581288691032668, -42.383846110406701 ], [ -73.581100420377439, -42.383876338565486 ], [ -73.580913642922397, -42.383911256848393 ], [ -73.580728572752562, -42.383950825224154 ], [ -73.580545421996021, -42.383994998330671 ], [ -73.580364400580848, -42.38404372552683 ], [ -73.580185715994418, -42.384096950950884 ], [ -73.580009573045686, -42.384154613584236 ], [ -73.579836173630326, -42.384216647321644 ], [ -73.579665716499363, -42.384282981047022 ], [ -73.578837963880815, -42.384628470517228 ], [ -73.578705734565958, -42.384700017395694 ], [ -73.575789704339002, -42.385628020689531 ], [ -73.575002349857101, -42.385832649859751 ], [ -73.573689321932193, -42.386316107934483 ], [ -73.572232843836161, -42.386761767688171 ], [ -73.571549807114948, -42.387054051202313 ], [ -73.571270304413389, -42.387170115186372 ], [ -73.570994073150644, -42.387290375792162 ], [ -73.570721228824439, -42.387414782712433 ], [ -73.570451885516249, -42.387543283905742 ], [ -73.570186155843786, -42.38767582561826 ], [ -73.569924150913764, -42.387812352406279 ], [ -73.569665980275573, -42.387952807159493 ], [ -73.569411751875379, -42.388097131124873 ], [ -73.569161572010998, -42.388245263931275 ], [ -73.568915545287524, -42.388397143614746 ], [ -73.568673774573512, -42.388552706644475 ], [ -73.568436360958003, -42.388711887949398 ], [ -73.568203403708253, -42.388874620945401 ], [ -73.567975000228216, -42.389040837563329 ], [ -73.567751246017806, -42.389210468277405 ], [ -73.567532234633077, -42.389383442134289 ], [ -73.567318057646887, -42.389559686782917 ], [ -73.567108804610839, -42.389739128504736 ], [ -73.566904563017701, -42.38992169224457 ], [ -73.566705418264817, -42.390107301642075 ], [ -73.566505732560145, -42.390264383583762 ], [ -73.566307854462792, -42.390422707993508 ], [ -73.565985471324709, -42.390686525703046 ], [ -73.565668103669893, -42.390953638865078 ], [ -73.565355813289784, -42.391223995430984 ], [ -73.56504866098733, -42.391497542720742 ], [ -73.564746706565046, -42.391774227433373 ], [ -73.564450008813438, -42.392053995657186 ], [ -73.564158625499559, -42.392336792880435 ], [ -73.563872613355699, -42.392622564001954 ], [ -73.563795348803396, -42.392715533741075 ], [ -73.563721050263212, -42.392809812813674 ], [ -73.563649758401695, -42.392905349611219 ], [ -73.563561109011445, -42.393032124440182 ], [ -73.563477748616961, -42.393160841212271 ], [ -73.563399755139599, -42.393291379597592 ], [ -73.563327201483958, -42.39342361756411 ], [ -73.563260155469706, -42.393557431491686 ], [ -73.561577000986489, -42.395151491469257 ], [ -73.561256647499093, -42.395360783525099 ], [ -73.560941009406008, -42.395573946568092 ], [ -73.5606301724914, -42.395790922625586 ], [ -73.560324221234694, -42.396011652688507 ], [ -73.560023238787394, -42.396236076727433 ], [ -73.55972730695062, -42.396464133709038 ], [ -73.559436506152849, -42.396695761612641 ], [ -73.559150915428006, -42.39693089744712 ], [ -73.558870612394031, -42.397169477268093 ], [ -73.558727397097243, -42.39729449686579 ], [ -73.558585632649923, -42.397420414792407 ], [ -73.558000488938475, -42.397701286795098 ], [ -73.55727456844221, -42.397831695206513 ], [ -73.556546138053051, -42.398038684062463 ], [ -73.555041440189228, -42.398483465192093 ], [ -73.554603110839594, -42.398658092234704 ], [ -73.554073131771432, -42.398651458435296 ], [ -73.55373528168127, -42.398647204842739 ], [ -73.55371796485754, -42.398648558801355 ], [ -73.552962305633798, -42.398709390718437 ], [ -73.55247700607292, -42.398842878425498 ], [ -73.552088050826256, -42.39898211931304 ], [ -73.551990758789401, -42.39901689482523 ], [ -73.551503729073275, -42.399226858320567 ], [ -73.550921228205397, -42.399395109615433 ], [ -73.55014494456104, -42.399601454489087 ], [ -73.549805252924557, -42.399705168312117 ], [ -73.549324922843837, -42.399627059899906 ], [ -73.548989499103257, -42.399514791117859 ], [ -73.548557669963017, -42.399437184641016 ], [ -73.547932225132982, -42.39935731596799 ], [ -73.547258112275784, -42.399317215750081 ], [ -73.546489991622423, -42.399163354169048 ], [ -73.546110177632102, -42.398906434644765 ], [ -73.545680014866704, -42.398756838246101 ], [ -73.545084455189539, -42.398685184000811 ], [ -73.544983383015477, -42.398680499611586 ], [ -73.544882868019741, -42.398671378426258 ], [ -73.5447832670243, -42.398657852822495 ], [ -73.544684933606376, -42.398639970812582 ], [ -73.544588216843437, -42.398617795872781 ], [ -73.544494080247759, -42.398591596915288 ], [ -73.544402202180606, -42.398561339778091 ], [ -73.54431290311426, -42.398527129992843 ], [ -73.544226494525404, -42.398489086877426 ], [ -73.544143277808644, -42.398447343120125 ], [ -73.544063543225349, -42.398402044316576 ], [ -73.543071213856848, -42.397954620338119 ], [ -73.542619659509612, -42.397809104165631 ], [ -73.542495622446197, -42.397761691084874 ], [ -73.54237503299403, -42.397709653173045 ], [ -73.542258207077069, -42.397653126749347 ], [ -73.542145450759492, -42.397592259891546 ], [ -73.542037059443786, -42.397527212048139 ], [ -73.541933317096863, -42.397458153620747 ], [ -73.541834495506166, -42.397385265517869 ], [ -73.541740853567532, -42.397308738680948 ], [ -73.541652636607026, -42.397228773584473 ], [ -73.541570075738179, -42.397145579710788 ], [ -73.54149338725648, -42.397059375001298 ], [ -73.541422772072821, -42.39697038528589 ], [ -73.541288014000415, -42.396646873233223 ], [ -73.541170773384877, -42.396568688999238 ], [ -73.541049475311965, -42.396493956537377 ], [ -73.540924306008094, -42.396422790595324 ], [ -73.540795457643071, -42.396355300445016 ], [ -73.540663128035078, -42.396291589714657 ], [ -73.540527520347027, -42.396231756229639 ], [ -73.540388842774533, -42.396175891862342 ], [ -73.54024730822637, -42.396124082390791 ], [ -73.540103133997604, -42.39607640736714 ], [ -73.53995654143587, -42.396032939995401 ], [ -73.539807755601672, -42.395993747018878 ], [ -73.539657004922802, -42.395958888617798 ], [ -73.537201145683312, -42.39526443213699 ], [ -73.537072764634885, -42.39519533675147 ], [ -73.536948584014524, -42.395122174052531 ], [ -73.536828839900281, -42.395045083114745 ], [ -73.536713759935978, -42.394964210480452 ], [ -73.536603562898534, -42.394879709881117 ], [ -73.53649845828194, -42.39479174194534 ], [ -73.536398645899112, -42.394700473893508 ], [ -73.536304315501994, -42.39460607921999 ], [ -73.536215646420715, -42.394508737363488 ], [ -73.536132807222842, -42.39440863336592 ], [ -73.536055955392811, -42.394305957520906 ], [ -73.535092251739158, -42.39381726149476 ], [ -73.533696691097518, -42.393173621907785 ], [ -73.531656940480758, -42.392677475886792 ], [ -73.531453137895639, -42.39260911267931 ], [ -73.531021470452146, -42.39249551307627 ], [ -73.53030049428321, -42.392414241004836 ], [ -73.529625546891126, -42.392405562468298 ], [ -73.528995155038814, -42.392541597279525 ], [ -73.52846452559038, -42.392570789497022 ], [ -73.527785529491297, -42.392742152270266 ], [ -73.527058793324755, -42.392872400482688 ], [ -73.52555318816249, -42.393352896500026 ], [ -73.524143098169432, -42.393839109603263 ], [ -73.523606485941187, -42.394115820692846 ], [ -73.523167199885791, -42.394326357200988 ], [ -73.522629892361536, -42.394639158984432 ], [ -73.522529219964269, -42.394817941112947 ], [ -73.522329734682387, -42.395099021135316 ], [ -73.522324683455537, -42.395315106467599 ], [ -73.522366648254035, -42.395567833996687 ], [ -73.522116780061125, -42.395956376289995 ], [ -73.521916497973592, -42.396273480755625 ], [ -73.521571120899679, -42.396593220640874 ], [ -73.521276903779508, -42.396801114478528 ], [ -73.520886088121884, -42.397012161418338 ], [ -73.520495374872198, -42.397223276641483 ], [ -73.519370280792927, -42.397920177257809 ], [ -73.518728857628943, -42.398519782015583 ], [ -73.517750461130504, -42.399115062472326 ], [ -73.517355446747231, -42.399506155355581 ], [ -73.516959805339923, -42.399928766330454 ], [ -73.516470930484189, -42.400206214763863 ], [ -73.516222621766616, -42.400527195658491 ], [ -73.516071002316323, -42.400808882951672 ], [ -73.515820994884564, -42.401201843230083 ], [ -73.515523353386527, -42.401553756323402 ], [ -73.515227398026283, -42.401833617458948 ], [ -73.514883547190038, -42.402081290590658 ], [ -73.514350245253624, -42.402218576719093 ], [ -73.51419771311501, -42.402536216694635 ], [ -73.514092828517377, -42.402895124469588 ], [ -73.513743066766565, -42.403426400577089 ], [ -73.513494908965967, -42.403706877549951 ], [ -73.513052999829924, -42.404056879489666 ], [ -73.512706640897406, -42.404412625146826 ], [ -73.512644449631964, -42.405019734271363 ], [ -73.512195841758867, -42.405621729399321 ], [ -73.511903244301138, -42.405757549173323 ], [ -73.511850245496021, -42.405973016086342 ], [ -73.511844259122967, -42.406225057289923 ], [ -73.511834163855795, -42.406652727730986 ], [ -73.511680718130549, -42.407006468130199 ], [ -73.511437546878071, -42.407111350370016 ], [ -73.510999019899089, -42.407285744464204 ], [ -73.510610706947858, -42.407388826074509 ], [ -73.5102216636663, -42.407523354584228 ], [ -73.509825658441287, -42.40795052799902 ], [ -73.509530644515451, -42.408194342566951 ], [ -73.50918833159497, -42.408405945482151 ], [ -73.508845399735264, -42.408613146856382 ], [ -73.50881426743814, -42.408645921240733 ], [ -73.508788176561936, -42.40868101300385 ], [ -73.508767440126874, -42.408718001135561 ], [ -73.508752306914303, -42.40875644187502 ], [ -73.508742958482003, -42.408795874034674 ], [ -73.508739506985961, -42.408835824533469 ], [ -73.508741993834846, -42.408875814072474 ], [ -73.508750389193153, -42.408915362885381 ], [ -73.508764592339219, -42.408953996494283 ], [ -73.508784432873554, -42.40899125140205 ], [ -73.508812074419453, -42.409029611155169 ], [ -73.508845711134242, -42.409065264933766 ], [ -73.508884863475558, -42.409097704444235 ], [ -73.508928973267416, -42.40912646721749 ], [ -73.508977411657838, -42.409151143201889 ], [ -73.509148072462636, -42.409254654920467 ], [ -73.509323027725912, -42.409354181320701 ], [ -73.509502106814608, -42.409449625354164 ], [ -73.509685135073752, -42.409540893953562 ], [ -73.509871933996763, -42.409627898123539 ], [ -73.510062321399516, -42.409710553027168 ], [ -73.510100313029284, -42.409760252797049 ], [ -73.510143606097444, -42.409807530124866 ], [ -73.510191918938361, -42.409852077429086 ], [ -73.510244937227696, -42.409893604890172 ], [ -73.510302316027335, -42.409931842335801 ], [ -73.51036368202962, -42.40996654099861 ], [ -73.510428635986031, -42.409997475134411 ], [ -73.510496755304757, -42.410024443490769 ], [ -73.510567596800101, -42.410047270616211 ], [ -73.510640699575802, -42.410065808001555 ], [ -73.510715588023658, -42.41007993504607 ], [ -73.510791774917848, -42.410089559841872 ], [ -73.510868764584842, -42.410094619771918 ], [ -73.510946056128248, -42.410095081917348 ], [ -73.512158429622232, -42.410004258482786 ], [ -73.512306241576752, -42.409974858961618 ], [ -73.512452145384202, -42.409940655748365 ], [ -73.512595854827168, -42.409901715931206 ], [ -73.512737087992832, -42.409858115889087 ], [ -73.512875567826114, -42.409809941142001 ], [ -73.513011022673041, -42.409757286183172 ], [ -73.513143186813807, -42.409700254294016 ], [ -73.513271800983844, -42.409638957341365 ], [ -73.513396612882573, -42.409573515558272 ], [ -73.513517377668236, -42.409504057308204 ], [ -73.513633858438268, -42.409430718833313 ], [ -73.513745826693977, -42.40935364398733 ], [ -73.513853062788854, -42.40927298395335 ], [ -73.513955356359318, -42.409188896947569 ], [ -73.514052506737542, -42.409101547908776 ], [ -73.514165909618526, -42.409012903339253 ], [ -73.514282120591531, -42.408926264001316 ], [ -73.514401074627358, -42.408841678384938 ], [ -73.514522659321116, -42.408759226418461 ], [ -73.51464685243424, -42.408678921724388 ], [ -73.514773584416105, -42.408600809283357 ], [ -73.514918718014385, -42.408515829515466 ], [ -73.515066858421875, -42.408433726897826 ], [ -73.515217901037104, -42.408354559414192 ], [ -73.515375364560711, -42.40827664197996 ], [ -73.515535642005545, -42.408201917799531 ], [ -73.515698614613356, -42.40813044225159 ], [ -73.515864161628912, -42.408062268307475 ], [ -73.515830598773263, -42.407999074228123 ], [ -73.51566249635502, -42.408088886306963 ], [ -73.515491878700871, -42.408176074144578 ], [ -73.515318820935775, -42.408260599362194 ], [ -73.515143399259017, -42.408342424753222 ], [ -73.515072638964085, -42.408374367526953 ], [ -73.514875281778032, -42.408460325513587 ], [ -73.514675277488905, -42.40854288044325 ], [ -73.514472733705404, -42.40862198791222 ], [ -73.514267759402628, -42.40869760537128 ], [ -73.514060464863348, -42.408769692148468 ], [ -73.513850961618715, -42.408838209471021 ], [ -73.513374247257005, -42.408816034285216 ], [ -73.512876305241988, -42.408789255155853 ], [ -73.512378751029544, -42.408758798856546 ], [ -73.511881634428661, -42.408724668430793 ], [ -73.511689566536091, -42.408686145495622 ], [ -73.511498500265049, -42.40861166311096 ], [ -73.511211714907233, -42.408504298085248 ], [ -73.510971932998345, -42.40842915486116 ], [ -73.510832774079361, -42.40821123296648 ], [ -73.511029927334761, -42.408033670963164 ], [ -73.511224315575717, -42.407968697270881 ], [ -73.511470081162727, -42.407755733149109 ], [ -73.511569901957088, -42.407612913409636 ], [ -73.511767772966408, -42.407403827648338 ], [ -73.512062250598007, -42.407191522908683 ], [ -73.512212377048314, -42.406977313139365 ], [ -73.51226949462901, -42.40658636233983 ], [ -73.512274578195189, -42.406370276686175 ], [ -73.512325753420299, -42.406213503931127 ], [ -73.512324942857603, -42.406141941060476 ], [ -73.512330563499944, -42.406070496044791 ], [ -73.512342590584794, -42.405999483646433 ], [ -73.512360971125091, -42.405929216722889 ], [ -73.512385624142667, -42.405860004848307 ], [ -73.512416441025067, -42.40579215294968 ], [ -73.512453286004032, -42.405725959963384 ], [ -73.512495996753628, -42.405661717517894 ], [ -73.5125443851054, -42.405599708649142 ], [ -73.512598237877469, -42.405540206553241 ], [ -73.512657317813563, -42.40548347338283 ], [ -73.512721364628419, -42.405429759091994 ], [ -73.512790096154447, -42.405379300334921 ], [ -73.512863209584935, -42.405332319423131 ], [ -73.512940382807969, -42.405289023345915 ], [ -73.513021275825679, -42.405249602858291 ], [ -73.513158469157759, -42.405213272091657 ], [ -73.513297878179401, -42.405181875019203 ], [ -73.51343917768564, -42.405155484889619 ], [ -73.513582038061486, -42.405134163270525 ], [ -73.513726126050855, -42.405117959904899 ], [ -73.513871105533994, -42.405106912594995 ], [ -73.514016638311475, -42.405101047114016 ], [ -73.514162384893211, -42.40510037714602 ], [ -73.51430800529036, -42.405104904254102 ], [ -73.514453159808426, -42.405114617876535 ], [ -73.514597509839703, -42.405129495351552 ], [ -73.514740718653101, -42.405149501970264 ], [ -73.514829122879959, -42.405157089816235 ], [ -73.514916506045225, -42.40516955729256 ], [ -73.515002374866015, -42.405186834016732 ], [ -73.515086244608, -42.40520882245675 ], [ -73.515167641821762, -42.405235398481771 ], [ -73.515246107015457, -42.405266412062858 ], [ -73.515321197248625, -42.405301688120232 ], [ -73.515392488632685, -42.405341027511504 ], [ -73.515459578723764, -42.405384208156185 ], [ -73.515522088794498, -42.405430986289424 ], [ -73.515579665972027, -42.40548109783834 ], [ -73.515631985229945, -42.405534259912699 ], [ -73.515678751223092, -42.40559017240232 ], [ -73.515719699954815, -42.405648519671082 ], [ -73.515732209292864, -42.405734865688117 ], [ -73.515751290581576, -42.40582055361515 ], [ -73.515776883140049, -42.40590531095723 ], [ -73.515808905580826, -42.405988868179875 ], [ -73.515847256068611, -42.406070959566165 ], [ -73.515891812644099, -42.406151324061604 ], [ -73.515942433611883, -42.40622970610432 ], [ -73.515998957991059, -42.406305856437655 ], [ -73.516061206027132, -42.406379532902719 ], [ -73.516128979763707, -42.406450501208411 ], [ -73.516202063671898, -42.406518535676305 ], [ -73.51628022533589, -42.406583419958309 ], [ -73.516647517709487, -42.406848501710506 ], [ -73.516705930981942, -42.406903243696135 ], [ -73.516759402751234, -42.406960672849394 ], [ -73.516807706951994, -42.407020546367015 ], [ -73.516850639366041, -42.407082611111974 ], [ -73.516888018485744, -42.407146604683874 ], [ -73.516919686281483, -42.407212256528226 ], [ -73.516945508869654, -42.407279289080577 ], [ -73.516965377078776, -42.407347418939942 ], [ -73.51697920691096, -42.407416358067046 ], [ -73.516986939897151, -42.407485815002211 ], [ -73.516988543344155, -42.407555496097508 ], [ -73.516968781447119, -42.407555713602747 ], [ -73.516949355709357, -42.407558402317342 ], [ -73.516930828806778, -42.407563484361063 ], [ -73.516913737380079, -42.407570812529507 ], [ -73.516898576490718, -42.407580174557985 ], [ -73.516885785281175, -42.407591299269939 ], [ -73.516875734255066, -42.407603864431884 ], [ -73.516868714545225, -42.407617506087064 ], [ -73.516864929480903, -42.40763182909776 ], [ -73.516864488698388, -42.40764641859073 ], [ -73.517068774577126, -42.407864168004259 ], [ -73.517099137487577, -42.407944993046975 ], [ -73.517123661743867, -42.408026891655489 ], [ -73.517142278542011, -42.408109634055442 ], [ -73.517154935651661, -42.408192988106137 ], [ -73.517161597562648, -42.408276719951694 ], [ -73.517162245584686, -42.408360594677255 ], [ -73.517156877899708, -42.408444376968056 ], [ -73.51714550956703, -42.408527831769611 ], [ -73.517156325638211, -42.408668840376727 ], [ -73.517160902488868, -42.408810034198552 ], [ -73.517159235241664, -42.408951262772092 ], [ -73.517151325673339, -42.409092375598348 ], [ -73.517137182212636, -42.409233222302582 ], [ -73.517116819931459, -42.409373652794777 ], [ -73.517090260528747, -42.409513517429367 ], [ -73.517057532307348, -42.409652667164863 ], [ -73.517018670143855, -42.409790953722442 ], [ -73.516996313278682, -42.409894510060056 ], [ -73.516981067981135, -42.409998767704884 ], [ -73.51697297315674, -42.410103460591777 ], [ -73.516972049463249, -42.410208321546179 ], [ -73.5169782992579, -42.410313082965992 ], [ -73.516991706591398, -42.410417477504389 ], [ -73.51701223724865, -42.41052123875221 ], [ -73.517039838836041, -42.410624101917776 ], [ -73.517074440915152, -42.410725804502455 ], [ -73.517115955182561, -42.410826086970658 ], [ -73.517164275695123, -42.410924693411985 ], [ -73.517219279140363, -42.411021372194313 ], [ -73.517280825151175, -42.411115876605848 ], [ -73.51734875666402, -42.411207965484572 ], [ -73.517422900319772, -42.411297403833622 ], [ -73.517503066906059, -42.41138396342091 ], [ -73.517589051840247, -42.41146742336138 ], [ -73.51771136392658, -42.4116286179271 ], [ -73.517827481400417, -42.411792290384611 ], [ -73.517937312221889, -42.411958310981042 ], [ -73.518040769334235, -42.412126548102918 ], [ -73.518137770732736, -42.412296868380714 ], [ -73.51822823952979, -42.412469136794662 ], [ -73.518312104015791, -42.412643216781596 ], [ -73.518469490109155, -42.41275455643693 ], [ -73.518621965668316, -42.41286956026741 ], [ -73.518769374255299, -42.412988110260763 ], [ -73.51891156463077, -42.41311008476648 ], [ -73.519048390909262, -42.413235358620646 ], [ -73.519179712708748, -42.413363803274578 ], [ -73.519305395294779, -42.413495286926604 ], [ -73.519425309718628, -42.413629674657486 ], [ -73.519539332949634, -42.41376682856896 ], [ -73.519965698894936, -42.414432133330202 ], [ -73.520395629746446, -42.415096179401125 ], [ -73.520829118763203, -42.415758956409995 ], [ -73.520882919301954, -42.415923709736646 ], [ -73.520943030388395, -42.41608726926335 ], [ -73.521009403615025, -42.416249503285108 ], [ -73.521081985531254, -42.416410281165291 ], [ -73.52116071768674, -42.416569473440838 ], [ -73.521245536678308, -42.416726951926393 ], [ -73.521336374201027, -42.416882589817575 ], [ -73.521433157103274, -42.417036261793001 ], [ -73.521535807445517, -42.417187844115197 ], [ -73.521644242563241, -42.417337214730225 ], [ -73.521758375133402, -42.417484253365771 ], [ -73.521878113244796, -42.417628841628115 ], [ -73.522003360472041, -42.417770863097395 ], [ -73.522134015953299, -42.417910203421215 ], [ -73.522269974471428, -42.418046750406731 ], [ -73.522411126538699, -42.418180394110991 ], [ -73.523044774018274, -42.419090165108493 ], [ -73.523674274609164, -42.42000149045699 ], [ -73.523762197235015, -42.420328157879233 ], [ -73.523843388472258, -42.420655771764878 ], [ -73.523917829588612, -42.420984256513194 ], [ -73.523985503409108, -42.42131353632351 ], [ -73.524046394320166, -42.421643535213022 ], [ -73.524100488273149, -42.421974177034102 ], [ -73.524147772787572, -42.422305385492017 ], [ -73.524188236954018, -42.422637084162488 ], [ -73.52422187143668, -42.422969196509342 ], [ -73.524254410010911, -42.423126344689209 ], [ -73.524280057577698, -42.423284186113662 ], [ -73.524298787388886, -42.423442556163245 ], [ -73.524310579910903, -42.423601289668454 ], [ -73.524315422845191, -42.423760221081977 ], [ -73.524313311141, -42.423919184651332 ], [ -73.524304247000643, -42.424078014591771 ], [ -73.524288239877222, -42.42423654525922 ], [ -73.524265306464784, -42.424394611322917 ], [ -73.52423547068085, -42.424552047937873 ], [ -73.52419876364155, -42.42470869091683 ], [ -73.524155223629137, -42.424864376901382 ], [ -73.522682956743679, -42.427395804899497 ], [ -73.52253270800739, -42.427556928244385 ], [ -73.522387773569164, -42.427720681952856 ], [ -73.52224823793523, -42.427886970525591 ], [ -73.522114182463952, -42.428055696985659 ], [ -73.521985685318455, -42.428226762935267 ], [ -73.521891155153256, -42.428359184415207 ], [ -73.521799953510509, -42.428492871324785 ], [ -73.521712111483524, -42.428627778078202 ], [ -73.521676961045756, -42.42874501032162 ], [ -73.521635236878183, -42.428861062135937 ], [ -73.521587011151979, -42.428975732790917 ], [ -73.521532367284195, -42.429088823946493 ], [ -73.521471399793498, -42.429200139995523 ], [ -73.521404214136638, -42.429309488402261 ], [ -73.521330926526062, -42.429416680035253 ], [ -73.521251663728904, -42.429521529494387 ], [ -73.521166562847711, -42.429623855431522 ], [ -73.521075771083261, -42.429723480864126 ], [ -73.520979445480009, -42.429820233481273 ], [ -73.520877752654371, -42.429913945941557 ], [ -73.520784758803174, -42.42999308347094 ], [ -73.520687926058415, -42.430069671513643 ], [ -73.520395160615735, -42.430209945734113 ], [ -73.520358987637408, -42.430212630830887 ], [ -73.520323753775472, -42.430219244685347 ], [ -73.520290237809775, -42.430229641109186 ], [ -73.520259180549189, -42.430243590306723 ], [ -73.520231268457422, -42.430260783954353 ], [ -73.520207118480016, -42.430280842015513 ], [ -73.520187264407852, -42.430303321141125 ], [ -73.520170739521276, -42.430330344138298 ], [ -73.520160414215709, -42.430358995966245 ], [ -73.520156565615267, -42.43038850762774 ], [ -73.520159297013777, -42.430418087049318 ], [ -73.520168535102371, -42.430446940339962 ], [ -73.520184031937049, -42.43047429309857 ], [ -73.520205371593363, -42.430499411198163 ], [ -73.520231981329488, -42.43052162048923 ], [ -73.5202631469583, -42.430540324892874 ], [ -73.52029803201556, -42.430555022399055 ], [ -73.520335700210197, -42.430565318539649 ], [ -73.52037514055354, -42.430570936975478 ], [ -73.520415294493731, -42.430571726912845 ], [ -73.520455084326429, -42.430567667150562 ], [ -73.520493442119673, -42.430558866648916 ], [ -73.520529338376477, -42.430545561605477 ], [ -73.52057854246523, -42.430571940795659 ], [ -73.520623724285201, -42.430601985530224 ], [ -73.520664384878771, -42.430635364010286 ], [ -73.520700075217732, -42.4306717076214 ], [ -73.520730401161984, -42.430710615004358 ], [ -73.520755027812228, -42.430751656487857 ], [ -73.520773683208276, -42.430794378833674 ], [ -73.520786161332509, -42.430838310242002 ], [ -73.520792324384956, -42.430882965561906 ], [ -73.520792104304959, -42.430927851649095 ], [ -73.520785503522973, -42.430972472811824 ], [ -73.520772594933561, -42.43101633628514 ], [ -73.520753521090526, -42.431058957672413 ], [ -73.520728492632543, -42.43109986629478 ], [ -73.52069778595704, -42.431138610388672 ], [ -73.520661740167881, -42.431174762094834 ], [ -73.520584503449115, -42.431324356521451 ], [ -73.520501340573176, -42.431472209667916 ], [ -73.520412323457791, -42.431618193686361 ], [ -73.520317529083229, -42.431762182346084 ], [ -73.520217039425901, -42.431904051142588 ], [ -73.520110941387358, -42.43204367740519 ], [ -73.519999326719201, -42.432180940403178 ], [ -73.519882291943631, -42.432315721449974 ], [ -73.51975993827017, -42.43244790400589 ], [ -73.519632371507925, -42.432577373778706 ], [ -73.519499701974226, -42.432704018822584 ], [ -73.519345152219486, -42.432891926325802 ], [ -73.519047519752789, -42.433249429157463 ], [ -73.51874646011693, -42.433605363310882 ], [ -73.518617239803518, -42.433810688830064 ], [ -73.518482383680208, -42.434014029886939 ], [ -73.518341947624918, -42.434215302246365 ], [ -73.518195989827646, -42.43441442253107 ], [ -73.518044570766321, -42.434611308256024 ], [ -73.517887753181739, -42.43480587786263 ], [ -73.517725602051641, -42.434998050752519 ], [ -73.517329491723714, -42.435425253821656 ], [ -73.517033392633024, -42.435705052004785 ], [ -73.516870165152653, -42.435783313061791 ], [ -73.516859118569599, -42.435788609666986 ], [ -73.516798612439842, -42.435820056116221 ], [ -73.516740930549219, -42.435854271492857 ], [ -73.516686305166829, -42.435891118016613 ], [ -73.51662342329054, -42.435939994711106 ], [ -73.51656590576593, -42.435992346637342 ], [ -73.516515233346539, -42.436046548825573 ], [ -73.516470291463961, -42.436103437478344 ], [ -73.516431340293167, -42.436162683252277 ], [ -73.516398605328064, -42.436223943158922 ], [ -73.516372276075998, -42.436286862550602 ], [ -73.516352504960778, -42.436351077173541 ], [ -73.51633940644021, -42.436416215276715 ], [ -73.516333056343484, -42.436481899764068 ], [ -73.516333491432249, -42.436547750377621 ], [ -73.516340709187673, -42.436613385898859 ], [ -73.516354667825183, -42.43667842635567 ], [ -73.516399281620394, -42.436752552951809 ], [ -73.516438636012381, -42.436828284587648 ], [ -73.5164726254621, -42.436905418163711 ], [ -73.516501158818016, -42.436983746821525 ], [ -73.516524159560561, -42.437063060498346 ], [ -73.516541566007234, -42.437143146490655 ], [ -73.516553331478164, -42.437223790024511 ], [ -73.51655942442116, -42.437304774831624 ], [ -73.51653708412293, -42.437392435379543 ], [ -73.516521403581905, -42.437480878946786 ], [ -73.516512431617343, -42.437569830173487 ], [ -73.516510196162258, -42.437659012120371 ], [ -73.51651470417643, -42.437748147131018 ], [ -73.516525941624778, -42.437836957696383 ], [ -73.516543873520973, -42.437925167318618 ], [ -73.516568444036508, -42.438012501372086 ], [ -73.516599576674395, -42.438098687958117 ], [ -73.516637174507309, -42.438183458751681 ], [ -73.516615671634071, -42.438299047633691 ], [ -73.516587327593669, -42.438413830075703 ], [ -73.516552196815653, -42.43852758566409 ], [ -73.516510346762232, -42.438640095958199 ], [ -73.516497871957654, -42.438695427533531 ], [ -73.516491971884733, -42.438751350481205 ], [ -73.516492691348375, -42.438807440123981 ], [ -73.516500024884962, -42.438863270519931 ], [ -73.516513916803987, -42.438918417696904 ], [ -73.5165342616109, -42.438972462872243 ], [ -73.516560904808188, -42.439024995632813 ], [ -73.516593644068649, -42.439075617051643 ], [ -73.516632230771961, -42.439123942717167 ], [ -73.516676371892487, -42.439169605652296 ], [ -73.516725732224643, -42.439212259101055 ], [ -73.516999400382687, -42.440190737316641 ], [ -73.517050707275672, -42.440288743059533 ], [ -73.517095976429545, -42.440388355613713 ], [ -73.517135115836112, -42.440489372512474 ], [ -73.517168045945724, -42.440591588435851 ], [ -73.517194699828963, -42.440694795627692 ], [ -73.517215023312616, -42.440798784318204 ], [ -73.517228975089822, -42.440903343150161 ], [ -73.517236526804012, -42.441008259608623 ], [ -73.517237663106599, -42.441113320452899 ], [ -73.517232381688046, -42.441218312149779 ], [ -73.517220693282681, -42.441323021307781 ], [ -73.517202621646845, -42.441427235110673 ], [ -73.517178203510554, -42.441530741750107 ], [ -73.517147488502943, -42.441633330856028 ], [ -73.517110539051345, -42.441734793924226 ], [ -73.516431055167047, -42.442783167480677 ], [ -73.515731082507756, -42.443950629659703 ], [ -73.51483087986324, -42.445073267421535 ], [ -73.514819398622961, -42.445130587205412 ], [ -73.514814477618557, -42.445188415784564 ], [ -73.514816151579154, -42.445246345043451 ], [ -73.514824408691055, -42.445303966157127 ], [ -73.514839190681187, -42.445360872476535 ], [ -73.514860393228361, -42.445416662398117 ], [ -73.514887866699453, -42.445470942198163 ], [ -73.514921417205429, -42.445523328811277 ], [ -73.514960807969715, -42.445573452533651 ], [ -73.515005760999145, -42.445620959632087 ], [ -73.515055959045895, -42.445665514840194 ], [ -73.516150227436185, -42.447353564726612 ], [ -73.516205152707428, -42.447424524808262 ], [ -73.516254063020767, -42.447497841877897 ], [ -73.51629677340199, -42.44757323864949 ], [ -73.516333122324482, -42.447650429972626 ], [ -73.516362972320067, -42.447729123910854 ], [ -73.516386210498865, -42.447809022846123 ], [ -73.51640274897629, -42.447889824604125 ], [ -73.516412525205368, -42.447971223597392 ], [ -73.516415502213349, -42.448052911980866 ], [ -73.516411668741441, -42.448134580816259 ], [ -73.516401039287501, -42.448215921240433 ], [ -73.516383654051083, -42.44829662563351 ], [ -73.516359578781547, -42.448376388782094 ], [ -73.51632890452926, -42.4484549090337 ], [ -73.516291747301366, -42.448531889437334 ], [ -73.516248247622983, -42.448607038866626 ], [ -73.516198570005784, -42.448680073120599 ], [ -73.516142902325797, -42.448750715998507 ], [ -73.516081455112982, -42.448818700344162 ], [ -73.516018689736484, -42.448907202980436 ], [ -73.515961670193974, -42.448997797849351 ], [ -73.515910524228772, -42.449090281978684 ], [ -73.515865366425444, -42.449184448164289 ], [ -73.51582629795297, -42.449280085434438 ], [ -73.515793406338133, -42.449376979522583 ], [ -73.51576676526949, -42.449474913347331 ], [ -73.515746434432145, -42.44957366749891 ], [ -73.515732459374192, -42.449673020730735 ], [ -73.515724871404529, -42.449772750455153 ], [ -73.515723687522836, -42.449872633242009 ], [ -73.515728910381412, -42.449972445319354 ], [ -73.515757612391624, -42.450101999443071 ], [ -73.515781033968125, -42.450232130344759 ], [ -73.515799154025643, -42.450362720871176 ], [ -73.515811956251667, -42.45049365345605 ], [ -73.515819429121024, -42.450624810225825 ], [ -73.515870498700764, -42.450720716447655 ], [ -73.515915486656255, -42.450818266565427 ], [ -73.515954296217259, -42.450917250739252 ], [ -73.515986843903491, -42.451017456045491 ], [ -73.516013059704079, -42.451118666934711 ], [ -73.516032887228192, -42.451220665695459 ], [ -73.516046283826341, -42.451323232922626 ], [ -73.51605322068211, -42.451426147989373 ], [ -73.516053682874158, -42.451529189521644 ], [ -73.516047669408309, -42.451632135874512 ], [ -73.516035193219636, -42.45173476560894 ], [ -73.516016281144786, -42.451836857967898 ], [ -73.515990973864049, -42.451938193351403 ], [ -73.515959325814038, -42.452038553788768 ], [ -73.515921405070429, -42.452137723407425 ], [ -73.515877293201726, -42.452235488897294 ], [ -73.514906360804986, -42.453240565474651 ], [ -73.514358574432947, -42.453807598458937 ], [ -73.514238038488116, -42.4539323949748 ], [ -73.514082639561124, -42.45409995492107 ], [ -73.513932210371962, -42.454269965423826 ], [ -73.513786821907431, -42.454442346236242 ], [ -73.513768619384791, -42.454525839619194 ], [ -73.513753898652269, -42.454609705752141 ], [ -73.513739714549118, -42.454717163183631 ], [ -73.51373268178591, -42.454825004065157 ], [ -73.513732817247927, -42.454932969474918 ], [ -73.513740120609924, -42.455040800193267 ], [ -73.513754574336915, -42.455148237325488 ], [ -73.51377614372619, -42.455255022923041 ], [ -73.513804776990753, -42.45536090060304 ], [ -73.513840405383547, -42.455465616163707 ], [ -73.513882943362603, -42.455568918194622 ], [ -73.513932288796326, -42.455670558680417 ], [ -73.516971257063162, -42.455561752498461 ], [ -73.518434615355929, -42.455778846382749 ], [ -73.519285257047912, -42.456059958090819 ], [ -73.520450203986471, -42.456912499385467 ], [ -73.521762481818115, -42.457253603053992 ], [ -73.522249597772529, -42.457449050039074 ], [ -73.521544136406845, -42.458326979563367 ], [ -73.520969505679176, -42.458936350203395 ], [ -73.520935941026892, -42.458976472608676 ], [ -73.522838933023095, -42.459055024038719 ], [ -73.526274705117217, -42.457982636243315 ], [ -73.527338553857064, -42.457374897313052 ], [ -73.529724411878021, -42.456469048583266 ], [ -73.530576463026705, -42.456403440442102 ], [ -73.532051374552367, -42.456323253946195 ], [ -73.532042666283985, -42.456435708009977 ], [ -73.532008299436157, -42.456998059470642 ], [ -73.532253563763248, -42.457559582074609 ], [ -73.533397285308254, -42.458515276137781 ], [ -73.534952079520536, -42.459539186302223 ], [ -73.535851091897314, -42.460136146138915 ], [ -73.536218634900877, -42.460766640700051 ], [ -73.536816439467941, -42.462422210004739 ], [ -73.536971206614993, -42.463410302574722 ], [ -73.536942646477158, -42.463918730003712 ], [ -73.536593520733561, -42.464355568130777 ], [ -73.536716669877535, -42.464874941975253 ], [ -73.537113395551401, -42.465109681807085 ], [ -73.537859586532051, -42.465380266798086 ], [ -73.538652698316611, -42.465989295775401 ], [ -73.538669189588617, -42.466493723635836 ], [ -73.538716243343202, -42.466823094424448 ], [ -73.539084655915929, -42.467849836068183 ], [ -73.539089961366017, -42.467904860340973 ], [ -73.539254278774848, -42.46783849972087 ], [ -73.539421151943003, -42.467775705140511 ], [ -73.539590438677422, -42.467716530118089 ], [ -73.539761994728465, -42.467661025087168 ], [ -73.539935673912794, -42.467609237353514 ], [ -73.540111328237955, -42.467561211054843 ], [ -73.540288808028421, -42.467516987123211 ], [ -73.540515059534613, -42.467448343375473 ], [ -73.540739489110166, -42.467376518749241 ], [ -73.540962014583712, -42.467301539531043 ], [ -73.541182554481011, -42.467223433162097 ], [ -73.541259241572234, -42.467188212371163 ], [ -73.541339187438808, -42.46715718408133 ], [ -73.541421971595312, -42.467130511496201 ], [ -73.54150715862788, -42.46710833490927 ], [ -73.541594300484519, -42.467090770965946 ], [ -73.541682938831485, -42.46707791204993 ], [ -73.541772607464168, -42.467069825797253 ], [ -73.54186283475893, -42.46706655474047 ], [ -73.541953146153858, -42.467068116084839 ], [ -73.542043066644666, -42.467074501617937 ], [ -73.542132123283068, -42.467085677752749 ], [ -73.542219847664356, -42.467101585704455 ], [ -73.542305778390954, -42.467122141799535 ], [ -73.542389463499291, -42.467147237916123 ], [ -73.542470462836874, -42.467176742052629 ], [ -73.542548350377373, -42.467210499022123 ], [ -73.542622716461352, -42.467248331268877 ], [ -73.542693169950951, -42.467290039802123 ], [ -73.54275934028702, -42.467335405242999 ], [ -73.54282087943831, -42.467384188978578 ], [ -73.542937155344461, -42.467464963500547 ], [ -73.543048726857549, -42.467549271056825 ], [ -73.543155396852313, -42.467636962678405 ], [ -73.54325697686356, -42.467727883417226 ], [ -73.543353287419094, -42.467821872620277 ], [ -73.543444158356806, -42.467918764213415 ], [ -73.543529429125385, -42.468018386994935 ], [ -73.543608949067902, -42.468120564938012 ], [ -73.543682577688045, -42.468225117501987 ], [ -73.5437501848983, -42.46833185995132 ], [ -73.543811651249825, -42.468440603682069 ], [ -73.543866868143482, -42.468551156555222 ], [ -73.543915738021752, -42.468663323236193 ], [ -73.544116313696762, -42.469234871701445 ], [ -73.5443228795463, -42.469805252882821 ], [ -73.544535423199463, -42.470374432653351 ], [ -73.544753931927346, -42.470942376958874 ], [ -73.544978392643841, -42.471509051820028 ], [ -73.545208791906333, -42.472074423334362 ], [ -73.545257835132034, -42.472163503120733 ], [ -73.545312471005758, -42.472250794112362 ], [ -73.545372580037778, -42.472336105410101 ], [ -73.545438030768565, -42.472419250445022 ], [ -73.545508680056145, -42.47250004738639 ], [ -73.545584373389232, -42.472578319539203 ], [ -73.545664945225084, -42.472653895730645 ], [ -73.545750219351604, -42.472726610684177 ], [ -73.545840009272723, -42.472796305381152 ], [ -73.545934118616202, -42.472862827408299 ], [ -73.546080604407905, -42.472834996229665 ], [ -73.546228621483365, -42.472811991314416 ], [ -73.546377877721142, -42.472793858069615 ], [ -73.546528078554275, -42.472780632286643 ], [ -73.546678927551554, -42.472772340070556 ], [ -73.546830127002579, -42.472768997788563 ], [ -73.546981378505308, -42.472770612037664 ], [ -73.547132383555009, -42.472777179631642 ], [ -73.547282844133278, -42.472788687607412 ], [ -73.547432463296303, -42.472805113250416 ], [ -73.547580945760828, -42.472826424139797 ], [ -73.547727998486991, -42.472852578212127 ], [ -73.547873331256582, -42.472883523844587 ], [ -73.548016657245839, -42.472919199956884 ], [ -73.548157693591506, -42.472959536131853 ], [ -73.548296161949111, -42.473004452754452 ], [ -73.548431789042269, -42.473053861169063 ], [ -73.548545169373455, -42.473064172896436 ], [ -73.548659177375981, -42.473069528513591 ], [ -73.548773415193864, -42.47306990933216 ], [ -73.548887484169171, -42.473065314023323 ], [ -73.549000986233139, -42.473055758622337 ], [ -73.549113525295425, -42.473041276472586 ], [ -73.549224708626227, -42.473021918109339 ], [ -73.549334148226905, -42.472997751083327 ], [ -73.54944146218395, -42.472968859725214 ], [ -73.549537103564802, -42.472938501902924 ], [ -73.549630396724112, -42.472904399541747 ], [ -73.549721072428511, -42.472866651051184 ], [ -73.549808868998255, -42.472825365362588 ], [ -73.549893533062487, -42.47278066161482 ], [ -73.550354834130559, -42.472332189369709 ], [ -73.550488067779355, -42.472192155518101 ], [ -73.550625696109066, -42.472054453155415 ], [ -73.550767644139569, -42.4719191573177 ], [ -73.55093328120175, -42.471769141580666 ], [ -73.551104235944436, -42.471622407113294 ], [ -73.551280388918954, -42.471479056464617 ], [ -73.551461617044481, -42.471339189819552 ], [ -73.551647793694187, -42.471202904928717 ], [ -73.55183878878357, -42.471070297040207 ], [ -73.552034468861436, -42.470941458832783 ], [ -73.552234697203133, -42.47081648035126 ], [ -73.552534367758668, -42.470698176044429 ], [ -73.552837006097377, -42.470584055971422 ], [ -73.553142504841333, -42.470474160645743 ], [ -73.553450755597737, -42.470368529081263 ], [ -73.553761648997352, -42.470267198778373 ], [ -73.554075074733333, -42.470170205710659 ], [ -73.554390921600316, -42.470077584312122 ], [ -73.554709077533943, -42.469989367464812 ], [ -73.555029429650546, -42.469905586487322 ], [ -73.555351864287289, -42.469826271123509 ], [ -73.555676267042386, -42.469751449532005 ], [ -73.556002522815788, -42.469681148276074 ], [ -73.556330515849979, -42.469615392314331 ], [ -73.556660129771018, -42.469554204991709 ], [ -73.556796363398121, -42.469512575220598 ], [ -73.556935144824607, -42.469475808489456 ], [ -73.557076155216947, -42.469443989274019 ], [ -73.557219070620903, -42.469417190682712 ], [ -73.557363562705646, -42.469395474288469 ], [ -73.557509299518188, -42.469378889987432 ], [ -73.557655946245887, -42.469367475884077 ], [ -73.557803165985661, -42.46936125820379 ], [ -73.557950620518028, -42.469360251232438 ], [ -73.558097971084095, -42.469364457283696 ], [ -73.558244879163837, -42.469373866693665 ], [ -73.558391007253732, -42.469388457842932 ], [ -73.558498031851357, -42.469419359710628 ], [ -73.558607190180609, -42.469445891574331 ], [ -73.55871815458201, -42.46946797379919 ], [ -73.558830591974811, -42.469485540105971 ], [ -73.558944164856783, -42.469498537769866 ], [ -73.559058532317295, -42.469506927778781 ], [ -73.559173351060693, -42.469510684950336 ], [ -73.559288276436661, -42.46950979800755 ], [ -73.559402963474824, -42.469504269612521 ], [ -73.559517067920254, -42.469494116358547 ], [ -73.559668580036515, -42.469482179530395 ], [ -73.55982066584896, -42.469475271642644 ], [ -73.559973018737963, -42.469473406623898 ], [ -73.560125331545535, -42.469476588234677 ], [ -73.560277297194403, -42.469484810059775 ], [ -73.560428609307266, -42.469498055521214 ], [ -73.560578962824351, -42.469516297911717 ], [ -73.562507801147916, -42.469675937937019 ], [ -73.562678932412808, -42.469700556585124 ], [ -73.562851261328504, -42.46972010812091 ], [ -73.563024512263425, -42.46973456127747 ], [ -73.563198408111319, -42.469743892941189 ], [ -73.563372670734381, -42.469748088188815 ], [ -73.563547021408226, -42.469747140311334 ], [ -73.563721181267567, -42.469741050824574 ], [ -73.563894871752382, -42.469729829466907 ], [ -73.564067815053306, -42.46971349418348 ], [ -73.564239734556182, -42.469692071097896 ], [ -73.564410355284238, -42.469665594470051 ], [ -73.564579404338104, -42.469634106641642 ], [ -73.564746611332225, -42.469597657968336 ], [ -73.564911708827282, -42.469556306739364 ], [ -73.565074432758038, -42.469510119084369 ], [ -73.565234522855633, -42.469459168867559 ], [ -73.565391723063897, -42.469403537569754 ], [ -73.565545781948913, -42.469343314158124 ], [ -73.565696453101111, -42.469278594943873 ], [ -73.565843495529492, -42.469209483428443 ], [ -73.566320984594128, -42.469027611963277 ], [ -73.566801232434486, -42.468849736271345 ], [ -73.567284177583659, -42.468675879153082 ], [ -73.567769758229517, -42.468506062894072 ], [ -73.56825791222262, -42.468340309262054 ], [ -73.568748577084136, -42.46817863950421 ], [ -73.569241690013911, -42.468021074344335 ], [ -73.569737187898426, -42.467867633980291 ], [ -73.570235007318942, -42.467718338081269 ], [ -73.570735084559573, -42.467573205785449 ], [ -73.570897728937993, -42.467563249087597 ], [ -73.571059979671361, -42.467550259553271 ], [ -73.571221732845245, -42.467534245499792 ], [ -73.57138288486378, -42.467515217181123 ], [ -73.571586946655614, -42.46748665812634 ], [ -73.571789657194572, -42.467453270851877 ], [ -73.571990806596745, -42.467415089918795 ], [ -73.572190186594611, -42.467372154850437 ], [ -73.572387590752584, -42.467324510091494 ], [ -73.572582814680956, -42.46727220496205 ], [ -73.572775656247288, -42.467215293606557 ], [ -73.572965915785886, -42.467153834937832 ], [ -73.573153396304448, -42.467087892576146 ], [ -73.573337903687985, -42.467017534783288 ], [ -73.574113333034504, -42.466628397674505 ], [ -73.574921115205953, -42.466223014900471 ], [ -73.575091573642965, -42.466135283514049 ], [ -73.575265760176435, -42.466051631657692 ], [ -73.575443495443594, -42.465972145485573 ], [ -73.575624596427545, -42.4658969068619 ], [ -73.575808876645624, -42.465825993276624 ], [ -73.575996146341495, -42.465759477765424 ], [ -73.57618621268044, -42.465697428834531 ], [ -73.576378879948081, -42.465639910390102 ], [ -73.576573949751733, -42.465586981672409 ], [ -73.576776054383373, -42.465542537436683 ], [ -73.576976137754272, -42.465493367634735 ], [ -73.577173996879552, -42.46543952213834 ], [ -73.577369431030803, -42.465381055561807 ], [ -73.577562241939773, -42.465318027206763 ], [ -73.57775223399949, -42.465250501001861 ], [ -73.577939214462731, -42.465178545438128 ], [ -73.578122993637479, -42.465102233499429 ], [ -73.578303385079508, -42.465021642588567 ], [ -73.578480205781403, -42.464936854448794 ], [ -73.578653276358295, -42.464847955080963 ], [ -73.578822421229773, -42.464755034656271 ], [ -73.579659951111879, -42.464291382423788 ], [ -73.579854594017604, -42.464217702266026 ], [ -73.580052281647767, -42.464148574055024 ], [ -73.580252818442759, -42.464084066190061 ], [ -73.58045600602442, -42.464024242499036 ], [ -73.580661643392361, -42.463969162175161 ], [ -73.5808695271228, -42.463918879718399 ], [ -73.581079451569735, -42.463873444881614 ], [ -73.581291209068425, -42.463832902621157 ], [ -73.58150459014081, -42.463797293052394 ], [ -73.581719383702762, -42.463766651410054 ], [ -73.581935377272828, -42.46374100801318 ], [ -73.582152357182466, -42.46372038823538 ], [ -73.582370108787444, -42.463704812479428 ], [ -73.58258841668011, -42.463694296157129 ], [ -73.582807064902553, -42.463688849674227 ], [ -73.583025837160122, -42.463688478419833 ], [ -73.583244517035553, -42.463693182761318 ], [ -73.583462888202902, -42.463702958043868 ], [ -73.583680734641646, -42.46371779459502 ], [ -73.583897840850327, -42.463737677734372 ], [ -73.584113992059784, -42.463762587787947 ], [ -73.584328974445498, -42.463792500107935 ], [ -73.584532155461915, -42.463836710916574 ], [ -73.584737235522226, -42.463875860204837 ], [ -73.584943983005331, -42.463909903766357 ], [ -73.585152164406807, -42.463938803160062 ], [ -73.585361544602819, -42.463962525753573 ], [ -73.585571887115549, -42.463981044760068 ], [ -73.585782954380321, -42.463994339268496 ], [ -73.58599450801394, -42.464002394267105 ], [ -73.586206309083877, -42.464005200660424 ], [ -73.586418118378134, -42.46400275527963 ], [ -73.586629696675431, -42.463995060885942 ], [ -73.586840805015399, -42.463982126167593 ], [ -73.5870467179722, -42.463965064999734 ], [ -73.587251824053212, -42.463943349467542 ], [ -73.587455929986007, -42.4639170000288 ], [ -73.587658843440607, -42.463886041506925 ], [ -73.587860373210702, -42.463850503067455 ], [ -73.588060329393826, -42.463810418190633 ], [ -73.588258523570317, -42.46376582463995 ], [ -73.588454768980839, -42.463716764426565 ], [ -73.588648880702451, -42.463663283769662 ], [ -73.588840675822709, -42.46360543305309 ], [ -73.589029973612185, -42.463543266777798 ], [ -73.589216595694666, -42.463476843510591 ], [ -73.589400366215287, -42.46340622582904 ], [ -73.589581112006172, -42.463331480262404 ], [ -73.589758662749745, -42.463252677229107 ], [ -73.589932851139096, -42.463169890970505 ], [ -73.590073347479816, -42.463101173910772 ], [ -73.590217443861079, -42.463036641234275 ], [ -73.590364911408756, -42.462976395453929 ], [ -73.590515515894211, -42.462920532273053 ], [ -73.590669018106297, -42.462869140433192 ], [ -73.590825174231256, -42.46282230157324 ], [ -73.590983736239991, -42.462780090099493 ], [ -73.591144452282137, -42.462742573067594 ], [ -73.591307067085893, -42.462709810075829 ], [ -73.591471322363617, -42.462681853170459 ], [ -73.59163695722205, -42.462658746763047 ], [ -73.591803708576677, -42.462640527559834 ], [ -73.59197131156958, -42.462627224503358 ], [ -73.592139499990196, -42.462618858726557 ], [ -73.592308006698076, -42.462615443519105 ], [ -73.592476564047232, -42.462616984306322 ], [ -73.592644904311229, -42.462623478640573 ], [ -73.592812760108458, -42.462634916205076 ], [ -73.592992233141757, -42.462646579215019 ], [ -73.593171056235519, -42.46266278909966 ], [ -73.593349017789052, -42.462683526674361 ], [ -73.593525907221093, -42.462708767395966 ], [ -73.59370151521901, -42.462738481391753 ], [ -73.593875633986514, -42.462772633494914 ], [ -73.594048057489488, -42.462811183286206 ], [ -73.594218581699835, -42.462854085141686 ], [ -73.594387004836875, -42.462901288286879 ], [ -73.594553127606119, -42.462952736856785 ], [ -73.594716753435094, -42.463008369962161 ], [ -73.594877688705978, -42.463068121761431 ], [ -73.595043648972435, -42.463122775178157 ], [ -73.595212240855702, -42.463172853654697 ], [ -73.595383232718447, -42.463218288396675 ], [ -73.595556389625841, -42.463259016989035 ], [ -73.595731473668394, -42.463294983481831 ], [ -73.59590824428885, -42.463326138467025 ], [ -73.596086458612646, -42.463352439146362 ], [ -73.596265871781654, -42.463373849390038 ], [ -73.596446237290564, -42.463390339786471 ], [ -73.596627307325619, -42.463401887682451 ], [ -73.596808833105072, -42.463408477214493 ], [ -73.596990565221006, -42.463410099330432 ], [ -73.597172253981995, -42.463406751801969 ], [ -73.597353649756172, -42.46339843922766 ], [ -73.597534503314264, -42.46338517302658 ], [ -73.597714566171931, -42.463366971422751 ], [ -73.597893590931264, -42.463343859420014 ], [ -73.598054663649037, -42.463318707728654 ], [ -73.598214501905886, -42.463289583849139 ], [ -73.598372925758639, -42.463256520563093 ], [ -73.598529756856436, -42.46321955508639 ], [ -73.598684818641502, -42.463178729027256 ], [ -73.598837936547952, -42.463134088339501 ], [ -73.598988938198204, -42.463085683270712 ], [ -73.599235210338449, -42.463034519162591 ], [ -73.599479689194339, -42.462978871022891 ], [ -73.599722224774681, -42.462918772980629 ], [ -73.59996266828044, -42.462854261894016 ], [ -73.600200872196183, -42.462785377327982 ], [ -73.600436690380434, -42.462712161529751 ], [ -73.600669978155381, -42.462634659403193 ], [ -73.600900592395732, -42.462552918481087 ], [ -73.601128391616371, -42.462466988896161 ], [ -73.601353236059282, -42.462376923350327 ], [ -73.601574987779216, -42.462282777082272 ], [ -73.601793510728371, -42.462184607833834 ], [ -73.602008670839851, -42.462082475814434 ], [ -73.602181672253252, -42.461996250381851 ], [ -73.602352280091523, -42.461907467173091 ], [ -73.602520424887544, -42.461816162327558 ], [ -73.602642279330553, -42.461768581060291 ], [ -73.602766972416362, -42.461725186518855 ], [ -73.602894240004815, -42.461686070635722 ], [ -73.603023812502144, -42.461651316278981 ], [ -73.603155415432013, -42.461620997076921 ], [ -73.603288770017016, -42.461595177261856 ], [ -73.603423593769136, -42.461573911534089 ], [ -73.603706859716652, -42.461659404932981 ], [ -73.603987633947, -42.461749260352391 ], [ -73.604265793048825, -42.46184343827867 ], [ -73.604541214760147, -42.461941897297393 ], [ -73.604813778022191, -42.462044594111859 ], [ -73.605083363032648, -42.462151483562003 ], [ -73.605349851298186, -42.462262518644344 ], [ -73.605613125686659, -42.462377650532602 ], [ -73.605873070478538, -42.462496828599328 ], [ -73.606037648932343, -42.462590575614975 ], [ -73.606206151986498, -42.462680448061114 ], [ -73.606378412110303, -42.462766356600788 ], [ -73.606554258037661, -42.462848215837703 ], [ -73.606733514937417, -42.462925944401029 ], [ -73.606916004587049, -42.462999465026257 ], [ -73.607101545550009, -42.463068704631965 ], [ -73.607289953355988, -42.463133594392389 ], [ -73.607481040684434, -42.463194069805915 ], [ -73.607674617550686, -42.463250070758903 ], [ -73.607870491494921, -42.463301541585672 ], [ -73.608068467773506, -42.463348431123642 ], [ -73.608268349552617, -42.463390692764222 ], [ -73.608469938103894, -42.46342828449901 ], [ -73.608673033002077, -42.463461168961651 ], [ -73.608877432324235, -42.463489313464919 ], [ -73.609082932850569, -42.463512690033092 ], [ -73.609289330266392, -42.463531275429851 ], [ -73.611029794569802, -42.463697684874631 ], [ -73.611548924029037, -42.463725325862534 ], [ -73.612067487022259, -42.463758248781744 ], [ -73.612585384801974, -42.46379644735466 ], [ -73.613102518747354, -42.463839914297608 ], [ -73.615217862595244, -42.464561045183821 ], [ -73.617089995664799, -42.464937107901726 ], [ -73.617426317985519, -42.465023024238391 ], [ -73.617760486938025, -42.465113397346386 ], [ -73.61809239399922, -42.465208197857358 ], [ -73.618421931380553, -42.465307394964306 ], [ -73.618748992063104, -42.465410956431647 ], [ -73.61907346983223, -42.465518848605669 ], [ -73.6193952593121, -42.465631036425549 ], [ -73.619714255999924, -42.465747483434754 ], [ -73.620030356299893, -42.465868151792812 ], [ -73.6203434575568, -42.465993002287746 ], [ -73.620653458089436, -42.466121994348882 ], [ -73.620960257223501, -42.46625508605986 ], [ -73.621263755324406, -42.466392234172474 ], [ -73.621715519212714, -42.466563010411789 ], [ -73.622170509733479, -42.466729059471483 ], [ -73.622628636009267, -42.466890348223508 ], [ -73.623089806536257, -42.467046844489786 ], [ -73.623553929202586, -42.467198517048622 ], [ -73.6240209113068, -42.467345335640843 ], [ -73.627063411749333, -42.469211577350407 ], [ -73.627293114571586, -42.469328394108018 ], [ -73.627526188278551, -42.469441519309605 ], [ -73.627762523866409, -42.469550900068967 ], [ -73.628002010805915, -42.469656485250781 ], [ -73.628244537093991, -42.469758225494367 ], [ -73.628489989306075, -42.469856073236741 ], [ -73.628738252649271, -42.469949982734917 ], [ -73.62898921101592, -42.470039910087202 ], [ -73.629242747037992, -42.470125813253652 ], [ -73.629498742141934, -42.4702076520758 ], [ -73.629757076604093, -42.470285388295331 ], [ -73.629933631958806, -42.470308211341347 ], [ -73.630109004498223, -42.470335549567693 ], [ -73.630282982063591, -42.47036736989574 ], [ -73.630455354183752, -42.470403633823729 ], [ -73.63062591232972, -42.470444297473286 ], [ -73.630794450167016, -42.470489311642638 ], [ -73.630960763805206, -42.470538621866091 ], [ -73.631124652044662, -42.470592168480017 ], [ -73.631285916619873, -42.470649886695035 ], [ -73.631444362439311, -42.470711706674535 ], [ -73.633192330370306, -42.471565659276557 ], [ -73.633244965766508, -42.4716028836771 ], [ -73.633302261782646, -42.471636153788381 ], [ -73.633363674685725, -42.471665153887194 ], [ -73.633428621673943, -42.471689608771847 ], [ -73.633496486407452, -42.471709286373574 ], [ -73.633566624857266, -42.471723999958705 ], [ -73.633638371417149, -42.471733609900376 ], [ -73.633711045219968, -42.471738025003695 ], [ -73.63378395659926, -42.4717372033709 ], [ -73.633856413633922, -42.471731152798966 ], [ -73.633927728714553, -42.471719930705724 ], [ -73.633997225068768, -42.471703643584803 ], [ -73.634064243183715, -42.471682445995384 ], [ -73.634128147064743, -42.471656539095406 ], [ -73.634188330270945, -42.471626168732826 ], [ -73.63424422167023, -42.471591623112907 ], [ -73.634295290859313, -42.471553230063122 ], [ -73.636188043857899, -42.470239933061471 ], [ -73.63635793474451, -42.470162202493228 ], [ -73.636524136767122, -42.470080247449992 ], [ -73.63668645695121, -42.469994163072109 ], [ -73.636844706829351, -42.469904049293973 ], [ -73.636998702660165, -42.469810010728075 ], [ -73.6371482656415, -42.469712156543657 ], [ -73.63729673957944, -42.469608058205125 ], [ -73.637440206597262, -42.469500207215795 ], [ -73.637578492497738, -42.469388734508875 ], [ -73.63771142937459, -42.469273775415267 ], [ -73.637832077195569, -42.46916197680887 ], [ -73.637947675997324, -42.469047312073712 ], [ -73.638058100752772, -42.468929905211198 ], [ -73.638163232030877, -42.468809883188896 ], [ -73.638262956125814, -42.46868737580315 ], [ -73.638357165179983, -42.468562515538899 ], [ -73.638445757300644, -42.468435437426393 ], [ -73.638528636670017, -42.468306278895156 ], [ -73.639419488750761, -42.467194852201288 ], [ -73.639628456648765, -42.466952982705358 ], [ -73.64083403708257, -42.465557537165246 ], [ -73.641278346517026, -42.465043235817163 ], [ -73.64139257119443, -42.46488050235962 ], [ -73.641511425586771, -42.464719582859608 ], [ -73.641634856761158, -42.464560548998413 ], [ -73.641762809746396, -42.464403471617821 ], [ -73.64189479190523, -42.464248921962863 ], [ -73.642031154747954, -42.464096455618574 ], [ -73.642171837848082, -42.46394614016296 ], [ -73.642310685742814, -42.463804138509452 ], [ -73.64245339240621, -42.46366423388816 ], [ -73.642599899639691, -42.463526483369101 ], [ -73.642750147694784, -42.463390943144056 ], [ -73.642904075297409, -42.463257668503466 ], [ -73.643043119916726, -42.463156614987312 ], [ -73.643178183652864, -42.463052664542055 ], [ -73.643309155660575, -42.462945902464398 ], [ -73.643435928452561, -42.462836416358698 ], [ -73.64355839798786, -42.462724296064899 ], [ -73.643676463757046, -42.462609633584954 ], [ -73.643790028864913, -42.46249252300737 ], [ -73.64387247180332, -42.462402839347071 ], [ -73.643952278079951, -42.46231186680884 ], [ -73.643970375073437, -42.462279994591697 ], [ -73.64398223943131, -42.462246566032867 ], [ -73.643987637028118, -42.46221224079315 ], [ -73.643986461350352, -42.462177696229212 ], [ -73.643978735598267, -42.462143614026722 ], [ -73.643964612228046, -42.462110666748487 ], [ -73.643944369943384, -42.462079504562261 ], [ -73.643918408195617, -42.462050742410511 ], [ -73.643887239301165, -42.462024947875108 ], [ -73.643851478331754, -42.462002629976723 ], [ -73.643811830976844, -42.461984229129847 ], [ -73.642879015894252, -42.461742525061815 ], [ -73.642795843645871, -42.461707281783774 ], [ -73.642716130592603, -42.461667927679798 ], [ -73.642640249450267, -42.461624646751048 ], [ -73.642568555017689, -42.461577641359014 ], [ -73.642501382517892, -42.461527131279546 ], [ -73.642439046030589, -42.461473352675426 ], [ -73.642381837023606, -42.461416556992127 ], [ -73.642330022990194, -42.461357009782496 ], [ -73.642283846198168, -42.461294989465024 ], [ -73.642243522557223, -42.461230786022398 ], [ -73.642209240609333, -42.461164699645572 ], [ -73.642181160647255, -42.461097039330397 ], [ -73.64215941396499, -42.461028121432861 ], [ -73.64214410224389, -42.460958268190069 ], [ -73.642135297077274, -42.460887806213513 ], [ -73.642152386627231, -42.460765176082383 ], [ -73.642160782281863, -42.460378063841667 ], [ -73.642045868892424, -42.460303024540707 ], [ -73.641942942213589, -42.460212622286114 ], [ -73.641844311713754, -42.460119649766931 ], [ -73.64175009521891, -42.460024218038853 ], [ -73.641660405282011, -42.459926441095575 ], [ -73.64157534904848, -42.459826435732737 ], [ -73.641495028128219, -42.459724321408395 ], [ -73.641419538474238, -42.459620220100369 ], [ -73.641348970268041, -42.459514256160645 ], [ -73.641239262670382, -42.459397619076405 ], [ -73.641124924046125, -42.459283428318095 ], [ -73.641006054570738, -42.459171783945287 ], [ -73.640882758389282, -42.459062783786848 ], [ -73.640755143525197, -42.458956523355027 ], [ -73.640623321785668, -42.458853095762024 ], [ -73.640487408663645, -42.458752591637982 ], [ -73.640347523236628, -42.458655099051889 ], [ -73.640203788062379, -42.458560703434181 ], [ -73.640045552264255, -42.458429072306352 ], [ -73.639882908612691, -42.458300398411801 ], [ -73.639715958629026, -42.458174762086585 ], [ -73.639544806522608, -42.458052241770744 ], [ -73.639369559125697, -42.457932913959432 ], [ -73.639190325826831, -42.45781685315481 ], [ -73.638533081534035, -42.457176828877216 ], [ -73.638364738159595, -42.457044771409976 ], [ -73.63819138755666, -42.456916288187237 ], [ -73.638013169104951, -42.45679148253619 ], [ -73.637830226098203, -42.456670454827098 ], [ -73.637642705628778, -42.4565533023925 ], [ -73.637450758469512, -42.456440119448985 ], [ -73.637254538952433, -42.456330997021219 ], [ -73.637054204844716, -42.456226022868819 ], [ -73.636858999951684, -42.45613991862519 ], [ -73.636666919046178, -42.456050071271612 ], [ -73.636478093945499, -42.455956542450721 ], [ -73.636292654232605, -42.455859396331128 ], [ -73.636110727167249, -42.455758699563638 ], [ -73.635932437598541, -42.455654521235353 ], [ -73.63575790787938, -42.455546932822443 ], [ -73.635587257782404, -42.455436008141071 ], [ -73.634190712587184, -42.45500872013718 ], [ -73.633955066773169, -42.454887986608639 ], [ -73.633723475524079, -42.454763054998239 ], [ -73.633496076183178, -42.454633999370714 ], [ -73.633273003607655, -42.454500896236148 ], [ -73.633054390088802, -42.454363824504689 ], [ -73.632840365273466, -42.454222865439725 ], [ -73.632631056087263, -42.454078102609884 ], [ -73.632426586659193, -42.45392962183945 ], [ -73.632311644755674, -42.45379981559357 ], [ -73.632191027655765, -42.453672843247404 ], [ -73.632064863622233, -42.453548839839421 ], [ -73.631933286816377, -42.453427937251341 ], [ -73.631796437155359, -42.453310264067881 ], [ -73.63165446016346, -42.453195945439766 ], [ -73.631507506817286, -42.453085102950809 ], [ -73.62991324781791, -42.451945321860158 ], [ -73.629800872914771, -42.451825113595845 ], [ -73.629683484196292, -42.451707542689228 ], [ -73.629561195294443, -42.451592722963888 ], [ -73.629434124584648, -42.451480765580456 ], [ -73.629302395071036, -42.451371778929094 ], [ -73.629166134267493, -42.451265868524366 ], [ -73.628225856879823, -42.450723262976823 ], [ -73.628132867264071, -42.450671348260137 ], [ -73.628044335955309, -42.450615350568953 ], [ -73.627960591727273, -42.450555477848127 ], [ -73.627881945576178, -42.450491952432813 ], [ -73.627808689565782, -42.450425010222993 ], [ -73.627741095742806, -42.45035489980765 ], [ -73.627679415126622, -42.450281881541692 ], [ -73.627623876777037, -42.450206226579233 ], [ -73.627574686943689, -42.450128215866847 ], [ -73.627532028300124, -42.450048139100225 ], [ -73.627496059265297, -42.4499662936486 ], [ -73.62746691341539, -42.449882983450507 ], [ -73.627517519415804, -42.44982888200785 ], [ -73.627562720491653, -42.44977223481775 ], [ -73.627602282486237, -42.449713335325136 ], [ -73.627636000455169, -42.449652488643146 ], [ -73.627663699728089, -42.449590009972809 ], [ -73.627685236813491, -42.4495262229701 ], [ -73.627700500142083, -42.449461458069607 ], [ -73.627709410644684, -42.449396050772656 ], [ -73.627711922161922, -42.449330339909473 ], [ -73.62770802168329, -42.449264665883902 ], [ -73.627697729414578, -42.449199368910037 ], [ -73.627681098673179, -42.449134787249768 ], [ -73.627658215611902, -42.449071255460417 ], [ -73.627629198772667, -42.44900910266167 ], [ -73.627594198472423, -42.448948650830332 ], [ -73.627553396024425, -42.448890213132522 ], [ -73.626947944997667, -42.448162001432642 ], [ -73.62688033455666, -42.448073556781253 ], [ -73.626817548226626, -42.44798319648077 ], [ -73.626759685504794, -42.447891063716753 ], [ -73.626706838085951, -42.447797304484112 ], [ -73.626659089717208, -42.447702067355706 ], [ -73.62661651606517, -42.447605503247004 ], [ -73.62656145128507, -42.447489715007926 ], [ -73.626500399940781, -42.447375572687378 ], [ -73.626433452136993, -42.447263244755639 ], [ -73.62636070668087, -42.44715289700585 ], [ -73.62628227093623, -42.447044692309348 ], [ -73.626198260665134, -42.446938790375199 ], [ -73.626108799856965, -42.446835347514437 ], [ -73.626014020545469, -42.446734516409201 ], [ -73.625914062613873, -42.446636445887492 ], [ -73.625809073588499, -42.446541280703258 ], [ -73.625699208420912, -42.446449161322832 ], [ -73.625584629259322, -42.446360223717406 ], [ -73.625465505209263, -42.446274599162386 ], [ -73.625342012083962, -42.446192414043502 ], [ -73.625214332144921, -42.446113789670186 ], [ -73.623592742801364, -42.445190081611351 ], [ -73.623129204012926, -42.445018460947686 ], [ -73.622668620215478, -42.444842560924037 ], [ -73.62221106394064, -42.444662409204817 ], [ -73.621756607243285, -42.444478034123307 ], [ -73.62130532169013, -42.444289464677325 ], [ -73.620857278348524, -42.444096730524578 ], [ -73.620412547775274, -42.443899861978082 ], [ -73.619971200005452, -42.443698890001407 ], [ -73.619533304541449, -42.443493846203801 ], [ -73.619120982416021, -42.443291333057452 ], [ -73.618712367299764, -42.443084768113486 ], [ -73.618307532279431, -42.442874188279141 ], [ -73.61790654976565, -42.44265963117941 ], [ -73.617509491479964, -42.442441135150304 ], [ -73.617116428442017, -42.442218739231997 ], [ -73.616727430956857, -42.441992483161947 ], [ -73.61634256860232, -42.441762407367733 ], [ -73.616119413611017, -42.44149183633067 ], [ -73.615956626381703, -42.441443970902519 ], [ -73.615795657671299, -42.441392865742777 ], [ -73.615636625843749, -42.441338558422302 ], [ -73.615479647838725, -42.441281088866283 ], [ -73.615381936627415, -42.441352256663237 ], [ -73.615279755158497, -42.441419919117294 ], [ -73.615173334085171, -42.441483923506283 ], [ -73.61506291363068, -42.441544125365105 ], [ -73.614948743046028, -42.441600388811864 ], [ -73.614831080047338, -42.441652586854424 ], [ -73.614710190234135, -42.441700601676942 ], [ -73.614586346489816, -42.441744324905777 ], [ -73.614459828365625, -42.441783657853982 ], [ -73.61433092144965, -42.441818511744067 ], [ -73.614199916722228, -42.441848807908201 ], [ -73.614067109899025, -42.441874477965804 ], [ -73.613932800763578, -42.441895463977836 ], [ -73.61379729249056, -42.441911718577458 ], [ -73.613660890961469, -42.441923205077103 ], [ -73.6135239040741, -42.441929897550978 ], [ -73.613258135110527, -42.441977790864399 ], [ -73.612991063014746, -42.442021558728605 ], [ -73.6127228053614, -42.442061181884156 ], [ -73.612453480247126, -42.442096642895336 ], [ -73.612183206238427, -42.442127926158051 ], [ -73.611912102319607, -42.442155017906551 ], [ -73.61164028784026, -42.442177906219534 ], [ -73.611421529879408, -42.442183640356376 ], [ -73.611202638211083, -42.442184646804662 ], [ -73.610983800410963, -42.442180924702129 ], [ -73.610765204008615, -42.442172477237541 ], [ -73.61054703632675, -42.442159311647941 ], [ -73.61032948432063, -42.442141439212335 ], [ -73.610112734418024, -42.442118875242251 ], [ -73.60989697235928, -42.442091639068451 ], [ -73.609682383038205, -42.442059754024463 ], [ -73.609469150343728, -42.442023247426562 ], [ -73.609257457002187, -42.441982150550494 ], [ -73.609047484420813, -42.441936498604541 ], [ -73.608839412532234, -42.441886330699532 ], [ -73.608633419640341, -42.441831689815231 ], [ -73.608429682267456, -42.441772622763615 ], [ -73.608228375003065, -42.441709180148827 ], [ -73.608029670354185, -42.441641416323826 ], [ -73.607973879585145, -42.441621449010412 ], [ -73.60756262959157, -42.44147198509696 ], [ -73.607153566551304, -42.441319287460367 ], [ -73.606746737142359, -42.44116337350129 ], [ -73.606342187787902, -42.441004260987114 ], [ -73.60618728179098, -42.441002709220058 ], [ -73.60603259262821, -42.440996466811946 ], [ -73.605878380994398, -42.440985544281617 ], [ -73.605724906779599, -42.440969960034167 ], [ -73.60557242863112, -42.440949740329998 ], [ -73.605421203517594, -42.440924919240501 ], [ -73.605274687138248, -42.440896220799516 ], [ -73.605129849436253, -42.440863206223177 ], [ -73.604986923773282, -42.440825928697606 ], [ -73.604841340434149, -42.440782948858384 ], [ -73.604698296748424, -42.440735551879349 ], [ -73.604558038673716, -42.440683819247795 ], [ -73.604420807377963, -42.440627839905119 ], [ -73.604286838824578, -42.440567710094236 ], [ -73.604139418099919, -42.440455423106798 ], [ -73.604110591162467, -42.440423541091327 ], [ -73.603960447644184, -42.440273149404184 ], [ -73.603781343339463, -42.440086306839852 ], [ -73.60354470014417, -42.439723217889018 ], [ -73.603495044868538, -42.439222793391714 ], [ -73.603499057642921, -42.439042669374153 ], [ -73.603549995712783, -42.438391864453905 ], [ -73.603583930470947, -42.437958586314849 ], [ -73.603604091360879, -42.43788320789475 ], [ -73.603717355443479, -42.437460380606232 ], [ -73.60396897624949, -42.437148224597337 ], [ -73.604342252301194, -42.436833086955602 ], [ -73.605205559340376, -42.436483322288474 ], [ -73.60557544515018, -42.4363527807512 ], [ -73.606564320496403, -42.435864968511609 ], [ -73.607055680990513, -42.435735873651616 ], [ -73.607616804649581, -42.43524285808202 ], [ -73.607675271499858, -42.434765507931878 ], [ -73.607757706668124, -42.434131863052627 ], [ -73.607845598866462, -42.433498611416773 ], [ -73.607938944541743, -42.432865778636696 ], [ -73.608037739920377, -42.432233390308646 ], [ -73.608302592012237, -42.431856033889261 ], [ -73.608803701023788, -42.431321841217596 ], [ -73.609489968985102, -42.430695218782503 ], [ -73.61011074167736, -42.430247950207267 ], [ -73.610670649017536, -42.429804386219125 ], [ -73.611477210378524, -42.429269375752959 ], [ -73.612346479536257, -42.428644946102544 ], [ -73.613093403542166, -42.428023600798205 ], [ -73.613438604546289, -42.427600040598591 ], [ -73.613568095796168, -42.42751154736289 ], [ -73.614223089809187, -42.427064720889128 ], [ -73.614807516665024, -42.426810583877696 ], [ -73.614881917651161, -42.426734995837997 ], [ -73.61496142266823, -42.426662293970665 ], [ -73.615045826573635, -42.426592665874892 ], [ -73.615134911584406, -42.426526291218927 ], [ -73.615228447839186, -42.426463341276431 ], [ -73.615326193991265, -42.426403978484345 ], [ -73.61542789783141, -42.42634835602378 ], [ -73.615533296938537, -42.426296617424583 ], [ -73.615642119356863, -42.42624889619492 ], [ -73.615754084297606, -42.426205315476686 ], [ -73.615868902863539, -42.42616598772765 ], [ -73.615986278794324, -42.42613101443122 ], [ -73.61609193231385, -42.426110814323593 ], [ -73.616195987826828, -42.426086511298109 ], [ -73.616298153131481, -42.426058173596267 ], [ -73.616398141333917, -42.426025880788657 ], [ -73.616495671653894, -42.425989723551787 ], [ -73.616590470213239, -42.425949803413452 ], [ -73.616682270804873, -42.425906232467632 ], [ -73.616770815640436, -42.425859133059951 ], [ -73.616855856074196, -42.425808637443993 ], [ -73.616934256846463, -42.425756914920797 ], [ -73.617008991794847, -42.425702315504061 ], [ -73.617079867414603, -42.425644980556037 ], [ -73.617146700193572, -42.425585058521882 ], [ -73.617209317087358, -42.425522704545365 ], [ -73.617319788029988, -42.425353025665224 ], [ -73.617424664483394, -42.425181422854884 ], [ -73.617523885033691, -42.425007996586722 ], [ -73.61761739157896, -42.424832848401593 ], [ -73.617705129363316, -42.424656080849317 ], [ -73.617787047009017, -42.424477797428771 ], [ -73.617863096546429, -42.424298102527295 ], [ -73.61793323344223, -42.424117101359521 ], [ -73.617889741500349, -42.42402194191267 ], [ -73.617852719339751, -42.423925302423228 ], [ -73.617822258720778, -42.423827422408351 ], [ -73.617798435140912, -42.423728544460957 ], [ -73.617781307647448, -42.423628913648429 ], [ -73.617770918691363, -42.423528776905279 ], [ -73.617767294021931, -42.423428382421164 ], [ -73.61777044262297, -42.423327979025828 ], [ -73.617780356690631, -42.423227815572147 ], [ -73.617797011652613, -42.423128140319569 ], [ -73.617820366229196, -42.423029200318716 ], [ -73.617850362535421, -42.422931240798974 ], [ -73.617886926224699, -42.42283450456064 ], [ -73.617929966672989, -42.422739231373264 ], [ -73.617979377203412, -42.422645657381018 ], [ -73.618028918881166, -42.422563536485519 ], [ -73.618083378827635, -42.422483130480757 ], [ -73.618142648392578, -42.422404599787399 ], [ -73.6182066093304, -42.422328101085306 ], [ -73.618275134035997, -42.422253787000784 ], [ -73.618453324143971, -42.422192779019056 ], [ -73.618634127142954, -42.422136114831595 ], [ -73.618817348772183, -42.422083855332119 ], [ -73.619002792172211, -42.422036056681115 ], [ -73.619190258096438, -42.421992770245254 ], [ -73.619379545125199, -42.421954042542311 ], [ -73.619570449882218, -42.421919915191161 ], [ -73.619762767253036, -42.421890424866888 ], [ -73.619956290605444, -42.421865603261409 ], [ -73.620150812011474, -42.421845477049516 ], [ -73.620346122470821, -42.421830067859922 ], [ -73.620542012135445, -42.42181939225236 ], [ -73.620738270534915, -42.421813461699422 ], [ -73.620934686802627, -42.421812282574422 ], [ -73.621131049902431, -42.421815856144541 ], [ -73.621174855338893, -42.42183985503091 ], [ -73.621222283958133, -42.421859750085865 ], [ -73.621272633968246, -42.42187524693027 ], [ -73.621325160350125, -42.421886116263686 ], [ -73.621379085881316, -42.421892197257222 ], [ -73.621433612636409, -42.421893399932983 ], [ -73.621487933793816, -42.421889706495513 ], [ -73.62154124557415, -42.421881171595011 ], [ -73.621592759133549, -42.421867921518761 ], [ -73.621641712236112, -42.421850152322634 ], [ -73.621687380532464, -42.421828126930144 ], [ -73.621729088277846, -42.421802171242398 ], [ -73.621766218331075, -42.421772669315942 ], [ -73.621798221286085, -42.421740057680239 ], [ -73.621824623601483, -42.421704818878766 ], [ -73.62184503460746, -42.421667474329105 ], [ -73.621859152286405, -42.42162857660788 ], [ -73.621866767741821, -42.421588701274651 ], [ -73.621867768289292, -42.421548438355543 ], [ -73.621862139123962, -42.421508383612746 ], [ -73.621849963539461, -42.421469129729367 ], [ -73.62183486128302, -42.421436939801531 ], [ -73.621815379299335, -42.42140605857599 ], [ -73.621647116761793, -42.421147336871087 ], [ -73.621596896445823, -42.420804485498522 ], [ -73.62176883938109, -42.42053931484476 ], [ -73.622033645005203, -42.42029026746593 ], [ -73.622302637679553, -42.420043676576448 ], [ -73.62257577555971, -42.419799580565147 ], [ -73.622853016156427, -42.419558017432891 ], [ -73.623134316342203, -42.419319024786738 ], [ -73.623359027790116, -42.419132357008294 ], [ -73.623586216964981, -42.418947330379368 ], [ -73.623815861860066, -42.418763962837232 ], [ -73.623879343106239, -42.418713907611924 ], [ -73.623956138048669, -42.418659351192929 ], [ -73.624036937299053, -42.418608043422253 ], [ -73.624121489045777, -42.418560144209188 ], [ -73.624209529782632, -42.418515802840005 ], [ -73.624300785129861, -42.418475157512624 ], [ -73.624394970689437, -42.418438334905908 ], [ -73.624536292350626, -42.418385963348648 ], [ -73.624674267301785, -42.418328935222448 ], [ -73.624808614199495, -42.418267366800215 ], [ -73.624939059098296, -42.418201383612391 ], [ -73.625065336009214, -42.418131120190942 ], [ -73.625187187442222, -42.418056719795203 ], [ -73.62530436493121, -42.417978334119844 ], [ -73.625416629540695, -42.417896122985745 ], [ -73.625523752352947, -42.417810254014135 ], [ -73.625885734784916, -42.417602062388788 ], [ -73.627915018231931, -42.416584470695312 ], [ -73.628051494214347, -42.416502076577395 ], [ -73.628183824763028, -42.416416075724129 ], [ -73.628311835103318, -42.416326581705881 ], [ -73.628435356166491, -42.416233712706578 ], [ -73.628554224812973, -42.416137591367608 ], [ -73.628668284047848, -42.416038344625839 ], [ -73.628777383228169, -42.41593610354618 ], [ -73.628881378262008, -42.415831003148533 ], [ -73.628980131798627, -42.415723182229492 ], [ -73.629073513410006, -42.415612783179057 ], [ -73.629161399763049, -42.415499951792839 ], [ -73.629243674782458, -42.415384837079323 ], [ -73.629320229804094, -42.415267591063312 ], [ -73.629390963718478, -42.41514836858515 ], [ -73.629412686525939, -42.415065117425939 ], [ -73.629440962856023, -42.414982945804866 ], [ -73.629475696034547, -42.414902134663976 ], [ -73.629516767311955, -42.41482296029492 ], [ -73.629564036269315, -42.414745693394323 ], [ -73.629617341298371, -42.414670598138194 ], [ -73.629676500154133, -42.414597931278593 ], [ -73.629741310577884, -42.414527941265689 ], [ -73.629811550988705, -42.414460867398311 ], [ -73.629886981241071, -42.414396939005606 ], [ -73.62996734344587, -42.414336374662781 ], [ -73.630052362852069, -42.414279381443826 ], [ -73.630141748786087, -42.414226154213367 ], [ -73.630235195645625, -42.414176874960191 ], [ -73.63033238394442, -42.414131712175077 ], [ -73.630432981404567, -42.414090820274517 ], [ -73.630536644092572, -42.414054339072635 ], [ -73.630643017595176, -42.4140223933031 ], [ -73.63078883915945, -42.414006678884505 ], [ -73.630933579544731, -42.413986229495947 ], [ -73.631076956822099, -42.413961084964619 ], [ -73.631218691717692, -42.413931294262099 ], [ -73.631358508156751, -42.413896915408849 ], [ -73.631496133801335, -42.413858015361363 ], [ -73.63163130058075, -42.413814669881809 ], [ -73.631763745213789, -42.413766963390486 ], [ -73.631893209721497, -42.413714988801438 ], [ -73.632019441929657, -42.413658847341566 ], [ -73.632142195960043, -42.413598648353613 ], [ -73.632261232709254, -42.413534509083107 ], [ -73.632376320314563, -42.413466554450267 ], [ -73.632487234605449, -42.413394916806659 ], [ -73.632593759540299, -42.413319735677462 ], [ -73.632631477303633, -42.413276792685942 ], [ -73.632674631063921, -42.413236736803 ], [ -73.632722818156964, -42.413199941792683 ], [ -73.632775588953038, -42.413166750992197 ], [ -73.632832451052153, -42.413137474108133 ], [ -73.632892873878802, -42.41311238432629 ], [ -73.632956293632589, -42.413091715762526 ], [ -73.633022118549007, -42.413075661277929 ], [ -73.633089734421219, -42.41306437067918 ], [ -73.633158510331114, -42.413057949320518 ], [ -73.633227804536361, -42.413056457120597 ], [ -73.633296970458474, -42.413059908003341 ], [ -73.633365362715921, -42.413068269768061 ], [ -73.633432343146239, -42.41308146438989 ], [ -73.633541235804017, -42.413081441020168 ], [ -73.633649892536951, -42.413076151653158 ], [ -73.633757846655385, -42.413065619005799 ], [ -73.633864634487395, -42.413049888314042 ], [ -73.633969797370455, -42.413029027138656 ], [ -73.634072883621243, -42.413003125075029 ], [ -73.634173450475757, -42.41297229336849 ], [ -73.634271065991044, -42.412936664436664 ], [ -73.634420803470803, -42.412514526421113 ], [ -73.63450074449527, -42.412449604586087 ], [ -73.63458582264775, -42.412388344826994 ], [ -73.634675730735708, -42.412330968346119 ], [ -73.634770144127117, -42.412277682324273 ], [ -73.634868721922587, -42.412228679172429 ], [ -73.634971108186292, -42.412184135837002 ], [ -73.63507693323109, -42.412144213160765 ], [ -73.635185814953459, -42.412109055301855 ], [ -73.635297360213045, -42.412078789213204 ], [ -73.635411166252268, -42.412053524184074 ], [ -73.63552682215051, -42.412033351445167 ], [ -73.635643910307863, -42.412018343839435 ], [ -73.63576200795292, -42.412008555558664 ], [ -73.635943569500256, -42.411953161902851 ], [ -73.636127009076176, -42.411901250442952 ], [ -73.636312204183227, -42.411852855853148 ], [ -73.636499031151672, -42.411808010458586 ], [ -73.636687365222059, -42.411766744213786 ], [ -73.636794193419732, -42.411778241507825 ], [ -73.636901780231398, -42.411784838542239 ], [ -73.637009713706291, -42.411786510058505 ], [ -73.637117580566368, -42.411783249656736 ], [ -73.637224967788541, -42.41177506982028 ], [ -73.63733146418636, -42.411762001867906 ], [ -73.637436661984282, -42.411744095833811 ], [ -73.637540158379139, -42.411721420276272 ], [ -73.637630514529803, -42.411682281666224 ], [ -73.63772411709374, -42.411647550016127 ], [ -73.637820572298111, -42.411617371444606 ], [ -73.637919474369369, -42.411591872915331 ], [ -73.638020407240347, -42.411571161702746 ], [ -73.638122946300612, -42.411555324940913 ], [ -73.63822666018271, -42.411544429256494 ], [ -73.638331112576836, -42.411538520488726 ], [ -73.638435864066452, -42.411537623496351 ], [ -73.638540473976661, -42.411541742053146 ], [ -73.638644502228274, -42.41155085883193 ], [ -73.638747511188996, -42.411564935477472 ], [ -73.638812838149803, -42.411600507340914 ], [ -73.638881813489903, -42.411632102559608 ], [ -73.638953994181691, -42.41165951820404 ], [ -73.639028916609618, -42.41168257818957 ], [ -73.639106099548002, -42.411701134407075 ], [ -73.639185047251942, -42.411715067674287 ], [ -73.639265252641479, -42.411724288501148 ], [ -73.639346200558535, -42.41172873766449 ], [ -73.639427371075826, -42.411728386588429 ], [ -73.639508242836257, -42.411723237527823 ], [ -73.639588296401698, -42.411713323553847 ], [ -73.639667017589218, -42.411698708341589 ], [ -73.639743900773809, -42.411679485761113 ], [ -73.639818452135856, -42.411655779274533 ], [ -73.639890192833022, -42.411627741143391 ], [ -73.63995866207587, -42.411595551450425 ], [ -73.640150573661586, -42.411376468601631 ], [ -73.640216680683352, -42.410990037408389 ], [ -73.640221315990203, -42.410773893303144 ], [ -73.639994980962797, -42.410559596278894 ], [ -73.639767060408914, -42.410385779696753 ], [ -73.639540194477149, -42.410166930732032 ], [ -73.639602521388198, -42.409951617508803 ], [ -73.640067572024279, -42.409871538038004 ], [ -73.64052902939919, -42.409922000930713 ], [ -73.640816572935123, -42.410011010468679 ], [ -73.641395237996747, -42.410017846687779 ], [ -73.64186213197577, -42.40985227493573 ], [ -73.642159728558042, -42.409468545118671 ], [ -73.642224763889672, -42.409127073166594 ], [ -73.642405169853234, -42.408827606399598 ], [ -73.642752218691896, -42.408831664963188 ], [ -73.643040542863815, -42.408880072549834 ], [ -73.643328084603098, -42.408969076933602 ], [ -73.643609907667283, -42.409314612921023 ], [ -73.64389193195413, -42.409660139709111 ], [ -73.644410985711801, -42.409751911444218 ], [ -73.644997875748174, -42.409376046692081 ], [ -73.645467792558122, -42.40903487337129 ], [ -73.645762580108496, -42.408781721862482 ], [ -73.646230335571886, -42.408575606163083 ], [ -73.646579120853986, -42.408494173842563 ], [ -73.64693088584788, -42.408282145400413 ], [ -73.647167104140053, -42.408068836773687 ], [ -73.647172606321192, -42.407812240916797 ], [ -73.647352979047085, -42.407512693584621 ], [ -73.647587291114206, -42.407389369307069 ], [ -73.647991906691232, -42.407394097220838 ], [ -73.64863110203332, -42.407271060577486 ], [ -73.64898452352061, -42.406978049393395 ], [ -73.649283009434996, -42.406549274128345 ], [ -73.649581532180335, -42.406125069392886 ], [ -73.650111635216007, -42.405703546186011 ], [ -73.650523567571014, -42.405406602883716 ], [ -73.651226681638832, -42.404987186174615 ], [ -73.651754051999418, -42.404691666274559 ], [ -73.652224619189653, -42.404314521506841 ], [ -73.652642011504938, -42.403760975784984 ], [ -73.653055054177656, -42.403378569195738 ], [ -73.653701401906034, -42.402913431852639 ], [ -73.654115033873552, -42.402531072501219 ], [ -73.654646893115611, -42.402023900056228 ], [ -73.655062613666175, -42.401515404772347 ], [ -73.655477353256444, -42.401047512635088 ], [ -73.655660368825906, -42.400621871010394 ], [ -73.655781272181656, -42.400366625149658 ], [ -73.655964348836577, -42.399936481945417 ], [ -73.656376304547777, -42.399599099525766 ], [ -73.656554727929503, -42.399389598983035 ], [ -73.656967620583544, -42.399007185651698 ], [ -73.657146881195132, -42.398752659622524 ], [ -73.657204411102541, -42.398658838537081 ], [ -73.657331242596854, -42.398444013989518 ], [ -73.657451856957863, -42.398227244838488 ], [ -73.657566199595934, -42.398008629173248 ], [ -73.657674218760008, -42.397788265919701 ], [ -73.657775865561035, -42.397566254795564 ], [ -73.657871093994018, -42.397342696265333 ], [ -73.657951983520462, -42.397138405196451 ], [ -73.658027516419097, -42.396932998100183 ], [ -73.658097664525656, -42.396726551556974 ], [ -73.658162401683725, -42.396519142535602 ], [ -73.658221703754464, -42.396310848364415 ], [ -73.658241392300155, -42.396079209071424 ], [ -73.658266664483833, -42.395847864649213 ], [ -73.65829751228739, -42.395616888500498 ], [ -73.658333925923671, -42.395386353912009 ], [ -73.658375893839647, -42.395156334031078 ], [ -73.658423402720118, -42.394926901842609 ], [ -73.658476437491814, -42.394698130145791 ], [ -73.65853498132833, -42.394470091531048 ], [ -73.658596165118041, -42.394248248360498 ], [ -73.658651171609577, -42.394025523843432 ], [ -73.658699977635521, -42.393802011777268 ], [ -73.658742562639958, -42.393577806291994 ], [ -73.658778908687083, -42.393353001810659 ], [ -73.658809000468821, -42.393127693009667 ], [ -73.658832825311237, -42.392901974778766 ], [ -73.658850373179874, -42.392675942181185 ], [ -73.658861636683966, -42.392449690413535 ], [ -73.658866611079645, -42.392223314765829 ], [ -73.658865294271777, -42.391996910581291 ], [ -73.658857686814969, -42.391770573216114 ], [ -73.658843791913313, -42.391544397999432 ], [ -73.65882361541901, -42.391318480193156 ], [ -73.658759423276607, -42.391196914235131 ], [ -73.65870161597914, -42.391073612845894 ], [ -73.658650279248334, -42.390948758857874 ], [ -73.658605489210814, -42.390822537406748 ], [ -73.658567312285157, -42.390695135657133 ], [ -73.65853580508346, -42.390566742524847 ], [ -73.65855472259085, -42.390497786098557 ], [ -73.658567575497315, -42.390428071681683 ], [ -73.65857431022043, -42.390357889904436 ], [ -73.658574898683824, -42.390287533346424 ], [ -73.658569338434233, -42.390217295316873 ], [ -73.658557652651794, -42.39014746863181 ], [ -73.658539890053319, -42.390078344393423 ], [ -73.658516124689271, -42.390010210776424 ], [ -73.658486455635028, -42.38994335182651 ], [ -73.658451006577863, -42.389878046276422 ], [ -73.658409925301228, -42.389814566383521 ], [ -73.658363383068831, -42.389753176794976 ], [ -73.658311573910439, -42.389694133444159 ], [ -73.658221254183147, -42.389594463962709 ], [ -73.658125717671297, -42.389497483876617 ], [ -73.658025111022511, -42.38940334206216 ], [ -73.657919588666999, -42.389312183039181 ], [ -73.657809312580511, -42.389224146749157 ], [ -73.657694452035756, -42.389139368340359 ], [ -73.657575183342544, -42.389057977960256 ], [ -73.657451689577115, -42.388980100555699 ], [ -73.657324160301201, -42.388905855680996 ], [ -73.657192791270958, -42.388835357314413 ], [ -73.657057784136555, -42.388768713683035 ], [ -73.656919346132625, -42.388706027096575 ], [ -73.656777689760091, -42.388647393790379 ], [ -73.656633032460107, -42.388592903777429 ], [ -73.656485596280191, -42.388542640710241 ], [ -73.656311422204652, -42.388475480483351 ], [ -73.656134187154677, -42.388412840899157 ], [ -73.655954106139461, -42.388354797961263 ], [ -73.655771397620782, -42.388301422096177 ], [ -73.655586283247871, -42.388252778067738 ], [ -73.65539898758864, -42.388208924898606 ], [ -73.655209737857106, -42.38816991579845 ], [ -73.655018763637884, -42.388135798099476 ], [ -73.654826296607624, -42.388106613198907 ], [ -73.654632570253938, -42.388082396508771 ], [ -73.654437819592104, -42.388063177412775 ], [ -73.654242280880112, -42.388048979230831 ], [ -73.654046191331915, -42.388039819190574 ], [ -73.653849788829703, -42.388035708406548 ], [ -73.653653311635324, -42.388036651866642 ], [ -73.65345699810122, -42.388042648426122 ], [ -73.65326108638132, -42.388053690808917 ] ] ] } },
{ "type": "Feature", "properties": { "capa": "colegios", "popup": "<strong>ESCUELA RURAL CHULLEC</strong><br><br><strong>Dirección:</strong> CHULLEC 0", "etiqueta": "" }, "geometry": { "type": "Point", "coordinates": [ -73.539146, -42.467319 ] } },
{ "type": "Feature", "properties": { "capa": "colegios", "popup": "<strong>ESCUELA RURAL HUENAO</strong><br><br><strong>Dirección:</strong> SECTOR HUENAO 0", "etiqueta": "" }, "geometry": { "type": "Point", "coordinates": [ -73.621597, -42.459961 ] } },
{ "type": "Feature", "properties": { "capa": "colegios", "popup": "<strong>ESCUELA RURAL TOLQUIEN</strong><br><br><strong>Dirección:</strong> SECTOR TOLQUIEN RURAL 0", "etiqueta": "" }, "geometry": { "type": "Point", "coordinates": [ -73.542343, -42.453159 ] } },
{ "type": "Feature", "properties": { "capa": "colegios", "popup": "<strong>LICEO ALFREDO DEL CARMEN BARRIA OYARZUN</strong><br><br><strong>Dirección:</strong> GOLETA ANCUD 20", "etiqueta": "" }, "geometry": { "type": "Point", "coordinates": [ -73.600677, -42.435261 ] } },
{ "type": "Feature", "properties": { "capa": "colegios", "popup": "<strong>ESCUELA RURAL VISTA HERMOSA</strong><br><br><strong>Dirección:</strong> SECTOR LOS PALQUIS 0", "etiqueta": "" }, "geometry": { "type": "Point", "coordinates": [ -73.534927, -42.42519 ] } },
{ "type": "Feature", "properties": { "capa": "colegios", "popup": "<strong>ESCUELA RURAL EDUARDO FREI MONTALVA</strong><br><br><strong>Dirección:</strong> GABRIELA MISTRAL 10", "etiqueta": "" }, "geometry": { "type": "Point", "coordinates": [ -73.527458, -42.410141 ] } },
{ "type": "Feature", "properties": { "capa": "colegios", "popup": "<strong>ESCUELA RURAL SAN JAVIER</strong><br><br><strong>Dirección:</strong> GABRIELA MISTRAL 10", "etiqueta": "" }, "geometry": { "type": "Point", "coordinates": [ -73.62851, -42.404289 ] } },
{ "type": "Feature", "properties": { "capa": "colegios", "popup": "<strong>ESCUELA RURAL HUYAR ALTO</strong><br><br><strong>Dirección:</strong> SECTOR HUYAR ALTO 0", "etiqueta": "" }, "geometry": { "type": "Point", "coordinates": [ -73.565971, -42.401459 ] } },
{ "type": "Feature", "properties": { "capa": "colegios", "popup": "<strong>ESCUELA RURAL HUYAR BAJO</strong><br><br><strong>Dirección:</strong> SECTOR HUYAR BAJO 0", "etiqueta": "" }, "geometry": { "type": "Point", "coordinates": [ -73.561043, -42.39587 ] } },
{ "type": "Feature", "properties": { "capa": "colegios", "popup": "<strong>ESCUELA RURAL DOMINGO FAUSTINO SARMIENTO</strong><br><br><strong>Dirección:</strong> CAMINO CURACO-DIAÑ 9", "etiqueta": "" }, "geometry": { "type": "Point", "coordinates": [ -73.602669, -42.384399 ] } },
{ "type": "Feature", "properties": { "capa": "jardines", "popup": "<strong>NA</strong><br><br><strong>Dirección:</strong> NA ", "etiqueta": "" }, "geometry": { "type": "MultiPoint", "coordinates": [ [ -73.599340999629149, -42.439973999970796 ] ] } },
{ "type": "Feature", "properties": { "capa": "jardines", "popup": "<strong>NA</strong><br><br><strong>Dirección:</strong> NA ", "etiqueta": "" }, "geometry": { "type": "MultiPoint", "coordinates": [ [ -73.601475999980934, -42.436935000297751 ] ] } },
{ "type": "Feature", "properties": { "capa": "bomberos", "popup": "<strong>Cuerpo de Bomberos</strong><br><br><strong>Dirección:</strong> Veintiuno De Mayo 6", "etiqueta": "" }, "geometry": { "type": "Point", "coordinates": [ -73.602514669683089, -42.440135767323405 ] } },
{ "type": "Feature", "properties": { "capa": "comisarias", "popup": "<strong>RETEN CURACO DE VELEZ</strong><br><br><strong>Dirección:</strong> GALVARINO RIVEROS 2", "etiqueta": "" }, "geometry": { "type": "Point", "coordinates": [ -73.595318720585425, -42.438861171098075 ] } },
{ "type": "Feature", "properties": { "capa": "salud", "popup": "<strong>Centro de Salud Familiar Curaco de Vélez</strong><br><br><strong>Tipo de atención:</strong> Centro de Salud Familiar (CESFAM)<br><strong>Dirección:</strong>  6", "etiqueta": "" }, "geometry": { "type": "Point", "coordinates": [ -73.60028, -42.43967 ] } },
{ "type": "Feature", "properties": { "capa": "salud", "popup": "<strong>SUR Curaco de Vélez</strong><br><br><strong>Tipo de atención:</strong> Servicio de Urgencia Rural (SUR)<br><strong>Dirección:</strong>  6", "etiqueta": "" }, "geometry": { "type": "Point", "coordinates": [ -73.600279, -42.43967 ] } },
{ "type": "Feature", "properties": { "capa": "salud", "popup": "<strong>Posta de Salud Rural Palqui</strong><br><br><strong>Tipo de atención:</strong> Posta de Salud Rural (PSR)<br><strong>Dirección:</strong>  NA", "etiqueta": "" }, "geometry": { "type": "Point", "coordinates": [ -73.52866, -42.40884 ] } },
{ "type": "Feature", "properties": { "capa": "salud", "popup": "<strong>Posta de Salud Rural Huyar Alto</strong><br><br><strong>Tipo de atención:</strong> Posta de Salud Rural (PSR)<br><strong>Dirección:</strong>  NA", "etiqueta": "" }, "geometry": { "type": "Point", "coordinates": [ -73.56671, -42.40249 ] } }
]
}
