{
"type": "FeatureCollection",
"name": "10203",
"crs": { "type": "name", "properties": { "name": "urn:ogc:def:crs:OGC:1.3:CRS84" } },
"features": [
{ "type": "Feature", "properties": { "capa": "comuna", "popup": "", "etiqueta": "" }, "geometry": { "type": "MultiPolygon", "coordinates": [ [ [ [ -74.166324883143233, -42.821878245504983 ], [ -74.1664890260069, -42.822127097642159 ], [ -74.166553463958863, -42.822222121962405 ], [ -74.166782046571115, -42.82256599782496 ], [ -74.166837295656023, -42.822782532530589 ], [ -74.166892445926266, -42.822999073066583 ], [ -74.167006018130991, -42.823256555223026 ], [ -74.16711761943202, -42.823599601745364 ], [ -74.167523581583623, -42.823773569349811 ], [ -74.167815432541346, -42.82373521468746 ], [ -74.167933337320704, -42.823605463705192 ], [ -74.167934509622157, -42.823519934512923 ], [ -74.167937921423587, -42.823263280997764 ], [ -74.167765137665214, -42.823091004606532 ], [ -74.167533932870654, -42.823003749766123 ], [ -74.167418661053389, -42.822872307887991 ], [ -74.16730536283481, -42.822655302398026 ], [ -74.167132582669709, -42.82248302563039 ], [ -74.167018093285037, -42.822356120369427 ], [ -74.166845307730043, -42.822183768973076 ], [ -74.166847650536297, -42.822012638671282 ], [ -74.166908588651907, -42.821796967707563 ], [ -74.167028470623208, -42.821581726247217 ], [ -74.167378451562954, -42.821543765559767 ], [ -74.167611621871359, -42.821545456933507 ], [ -74.167962044782229, -42.821462413526753 ], [ -74.168312672508989, -42.821379433262223 ], [ -74.168548085910658, -42.821210070525424 ], [ -74.168784140709434, -42.820995617039486 ], [ -74.168669494119627, -42.820823660484272 ], [ -74.168495170648839, -42.820822405940788 ], [ -74.168203863171897, -42.820820324479165 ], [ -74.167970695558424, -42.820818633744516 ], [ -74.167621992921326, -42.820771063858771 ], [ -74.167331203772278, -42.820728393516198 ], [ -74.167098037057116, -42.82072670146124 ], [ -74.166864350217438, -42.820765594993141 ], [ -74.1665718632525, -42.820848964172811 ], [ -74.166394738834668, -42.8210637700181 ], [ -74.166274099583603, -42.821363561187709 ], [ -74.166273680968672, -42.821364538985073 ], [ -74.16626964304146, -42.821661783404522 ], [ -74.166324883143233, -42.821878245504983 ] ] ], [ [ [ -74.169784816325233, -42.767952400952915 ], [ -74.169847429798864, -42.767606115148453 ], [ -74.169850858668298, -42.767349533648641 ], [ -74.169969819866438, -42.767138830479766 ], [ -74.170148762474398, -42.766838388088686 ], [ -74.170152183259006, -42.766581733504331 ], [ -74.170619829127915, -42.766454511757978 ], [ -74.170853791750403, -42.766330197394694 ], [ -74.170799247842993, -42.766068644050449 ], [ -74.170509374975538, -42.765981026516258 ], [ -74.170218847236228, -42.765938350035846 ], [ -74.170044778887004, -42.765937084487035 ], [ -74.169870888404205, -42.765850335967244 ], [ -74.169639098806371, -42.765763035996244 ], [ -74.169406238416741, -42.765761333205056 ], [ -74.169230898951383, -42.765845673412244 ], [ -74.169228018054255, -42.766057243582445 ], [ -74.169225645603589, -42.766232873999478 ], [ -74.169221135162559, -42.766574980463233 ], [ -74.169217709886382, -42.766831635075576 ], [ -74.169213634229934, -42.767133307412387 ], [ -74.169266042841926, -42.767561409950659 ], [ -74.169321258689166, -42.767773448415603 ], [ -74.169376975796354, -42.767949473600844 ], [ -74.169619683518135, -42.768072784972034 ], [ -74.169784816325233, -42.767952400952915 ] ] ], [ [ [ -73.80303693768272, -42.534332506752285 ], [ -73.802855345044662, -42.534758464760777 ], [ -73.802673720965558, -42.535143785665788 ], [ -73.802724045486102, -42.535531532156376 ], [ -73.802835701584357, -42.53578940339834 ], [ -73.803123934128081, -42.535877968015541 ], [ -73.80341216128194, -42.535966458371341 ], [ -73.80344838674408, -42.535975851768207 ], [ -73.803758289347442, -42.536055685986717 ], [ -73.803929336662364, -42.536228531032506 ], [ -73.803926028167169, -42.53639962945023 ], [ -73.803575890022259, -42.536481531629924 ], [ -73.803166902344756, -42.53665285904038 ], [ -73.803044794348182, -42.53699378816124 ], [ -73.803151411795994, -42.53746774699465 ], [ -73.803378547222323, -42.537726740117812 ], [ -73.803778580493073, -42.538028104662885 ], [ -73.804065996468225, -42.538161690096281 ], [ -73.804289934790461, -42.538591849532928 ], [ -73.804572336369702, -42.538982011709528 ], [ -73.804503981763091, -42.539539582476237 ], [ -73.804152920150059, -42.539707004969337 ], [ -73.803741665124775, -42.539959411663204 ], [ -73.80356488027013, -42.54012872799963 ], [ -73.802975991482256, -42.540595326128617 ], [ -73.802502785041725, -42.541063182961466 ], [ -73.801860136575684, -42.54131313326949 ], [ -73.80144885639757, -42.541565458679727 ], [ -73.801092949271876, -42.541989514798679 ], [ -73.800854333376236, -42.542329213508602 ], [ -73.80049494707545, -42.542928874037443 ], [ -73.800485858819741, -42.543401497218873 ], [ -73.800533121881784, -42.543955908598562 ], [ -73.800641211668349, -42.54438931744852 ], [ -73.800457993079633, -42.544855681878751 ], [ -73.800279518493909, -42.545114969978179 ], [ -73.800099516772235, -42.545410239844855 ], [ -73.800210281741712, -42.545668076909294 ], [ -73.800250105854872, -42.545794266680105 ], [ -73.800046300574806, -42.545825984502059 ], [ -73.800012367613249, -42.545815720305605 ], [ -73.799976619156524, -42.545808861843874 ], [ -73.799930253511462, -42.545786544537933 ], [ -73.79991435602588, -42.545779686072997 ], [ -73.799899827572787, -42.545771232615202 ], [ -73.799884215751462, -42.545763824174045 ], [ -73.799856585369952, -42.545745921209793 ], [ -73.799841876355487, -42.545737821160813 ], [ -73.799806038965528, -42.545731253230791 ], [ -73.799787289328933, -42.545732191695663 ], [ -73.799750276044279, -42.5457273193554 ], [ -73.799731739308385, -42.545727012931373 ], [ -73.799713713713899, -42.54572405789191 ], [ -73.799696293583906, -42.545719924807337 ], [ -73.799677770322759, -42.545717460840223 ], [ -73.799659446487581, -42.545717213980225 ], [ -73.799641208890691, -42.545714786413264 ], [ -73.799622919191506, -42.545714592499117 ], [ -73.799606860907488, -42.545708051039554 ], [ -73.799548103003062, -42.545675493965504 ], [ -73.799531540764178, -42.545669574615978 ], [ -73.799512994146809, -42.545668814180722 ], [ -73.798763958201661, -42.545122303047776 ], [ -73.79877701251938, -42.545112702550547 ], [ -73.79878117800736, -42.545111055257031 ], [ -73.798786708036246, -42.545098156199387 ], [ -73.798788025864766, -42.545070983455467 ], [ -73.798777138283512, -42.545044827932706 ], [ -73.798776839144523, -42.545041109108858 ], [ -73.798766340533788, -42.545029972490994 ], [ -73.798762370878563, -42.545028129955334 ], [ -73.798754407313567, -42.545015889401895 ], [ -73.798743988652902, -42.545004594601991 ], [ -73.798732288096318, -42.544994121131936 ], [ -73.798726103195591, -42.544981290880557 ], [ -73.798715025171518, -42.544970082774277 ], [ -73.798700891977148, -42.544961471691039 ], [ -73.798692039080024, -42.544949526301217 ], [ -73.798684964847155, -42.544936991217476 ], [ -73.798685227155204, -42.54493361058303 ], [ -73.798675188481909, -42.54492205963944 ], [ -73.798668707137139, -42.544909325338836 ], [ -73.798668095384429, -42.544905973161676 ], [ -73.797994986843719, -42.544520774045722 ], [ -73.797976599228178, -42.544520425258291 ], [ -73.797958600583158, -42.544523710610768 ], [ -73.79794010786469, -42.544522590122931 ], [ -73.797884639590848, -42.54452164502154 ], [ -73.797866112736443, -42.544522523939357 ], [ -73.797843688990326, -42.544526445977638 ], [ -73.797839957388632, -42.544524369137292 ], [ -73.797838576678032, -42.544521038118198 ], [ -73.797825708311592, -42.544519284915317 ], [ -73.797808552286284, -42.544523895262934 ], [ -73.797045406502974, -42.544671761756 ], [ -73.797015746827228, -42.544684797901375 ], [ -73.79699752360338, -42.544685954125313 ], [ -73.796980503223693, -42.544685760869797 ], [ -73.796964929131619, -42.544678566072243 ], [ -73.796949709874085, -42.544674377986233 ], [ -73.796931562108696, -42.544676869129738 ], [ -73.79517719817288, -42.544993329582432 ], [ -73.79515996399418, -42.544998233747833 ], [ -73.795143982066946, -42.545004896396733 ], [ -73.795114104998916, -42.545021060283169 ], [ -73.795098312616233, -42.545028338431862 ], [ -73.795080438837005, -42.545031280929507 ], [ -73.795061735912782, -42.545031644936181 ], [ -73.795043054548159, -42.545032954698343 ], [ -73.795024741492753, -42.545033052649252 ], [ -73.795007586365799, -42.545027945304646 ], [ -73.794989337090797, -42.54502693601335 ], [ -73.794971024035419, -42.54502703528793 ], [ -73.794952571741163, -42.545029627015552 ], [ -73.793079162165597, -42.54537108354171 ], [ -73.793058173927292, -42.545381308763545 ], [ -73.793044450364704, -42.545390481017741 ], [ -73.793028741525319, -42.54539759565224 ], [ -73.793006866649833, -42.545403631508997 ], [ -73.792987680431992, -42.545427116413094 ], [ -73.792972031779726, -42.545439780454515 ], [ -73.792954306222569, -42.545441450903283 ], [ -73.792937208587759, -42.54543598488241 ], [ -73.792919006025159, -42.545434145006055 ], [ -73.79288286230971, -42.545439072962566 ], [ -73.7928642069962, -42.545438606375221 ], [ -73.790932663845325, -42.545954169342608 ], [ -73.790927748264096, -42.545945919749187 ], [ -73.790923656437968, -42.545943938920061 ], [ -73.790905261635899, -42.545943833028758 ], [ -73.790863841216463, -42.545947294350597 ], [ -73.790856428318733, -42.545955763006425 ], [ -73.790856303452927, -42.545959275287771 ], [ -73.790838628201371, -42.54596273727055 ], [ -73.790832239383079, -42.545964856419559 ], [ -73.789682521583543, -42.546115307873123 ], [ -73.789685263241807, -42.546128752720968 ], [ -73.788890444658193, -42.546246711861436 ], [ -73.788003200211634, -42.546297505004617 ], [ -73.787961565993157, -42.546299887545359 ], [ -73.787966575897499, -42.546295398441423 ], [ -73.787966200401712, -42.546292033764153 ], [ -73.787962939517243, -42.546289557906931 ], [ -73.787960882375231, -42.546282506908518 ], [ -73.787964586129149, -42.546280526090051 ], [ -73.787967551467901, -42.546274888731986 ], [ -73.787965229322893, -42.546271826504089 ], [ -73.787960780865589, -42.546270291088241 ], [ -73.787956347679668, -42.546271830474979 ], [ -73.78794620031023, -42.546270817232902 ], [ -73.78794744537521, -42.546267530648727 ], [ -73.787944490816244, -42.546264951547037 ], [ -73.787940054935362, -42.546263891315824 ], [ -73.787935835548481, -42.546260294339007 ], [ -73.787956830074975, -42.546253637780417 ], [ -73.787955580518414, -42.546250356489885 ], [ -73.787945921832488, -42.546238711150053 ], [ -73.787932854040037, -42.546229223995319 ], [ -73.787926753580948, -42.54622816839619 ], [ -73.787910900112806, -42.546221108787201 ], [ -73.787882825065253, -42.546203666579352 ], [ -73.787865494766791, -42.546199356159335 ], [ -73.787834859520643, -42.54618440569056 ], [ -73.787807397124098, -42.546166143479581 ], [ -73.787774808042229, -42.546153619229194 ], [ -73.787756515648098, -42.546152297577812 ], [ -73.787742098586094, -42.546138603891229 ], [ -73.78772778213542, -42.546129802365414 ], [ -73.787717950074622, -42.546128548880823 ], [ -73.787700469757525, -42.546123535604146 ], [ -73.787682693894666, -42.546120092161175 ], [ -73.787664609011372, -42.546117742704517 ], [ -73.787648255181637, -42.54611153550573 ], [ -73.78763135787112, -42.546106259485548 ], [ -73.787615514284468, -42.546099061542606 ], [ -73.787562672684516, -42.546086790093696 ], [ -73.787544731531653, -42.54608391316588 ], [ -73.787491776743963, -42.546071987845437 ], [ -73.787149763860796, -42.546014508814594 ], [ -73.78638223699383, -42.54594336379791 ], [ -73.786382389707427, -42.5459393438992 ], [ -73.786379683981792, -42.545936408724394 ], [ -73.78637517803233, -42.545935235978106 ], [ -73.78637025975614, -42.545935977879104 ], [ -73.786333277014222, -42.545936954726471 ], [ -73.786312332793358, -42.545927754094272 ], [ -73.786276484623642, -42.545920074986995 ], [ -73.786258257806523, -42.545921227878956 ], [ -73.786239898038758, -42.545920406559262 ], [ -73.78622192005497, -42.545916859199195 ], [ -73.786187453494151, -42.545907489799696 ], [ -73.786169706377379, -42.545903865005847 ], [ -73.786152226958592, -42.545898852372922 ], [ -73.786134271432687, -42.545894886078841 ], [ -73.786115855969371, -42.545893056805156 ], [ -73.786079039415768, -42.545894458542399 ], [ -73.786060902430179, -42.545897053543122 ], [ -73.786043104109439, -42.545893651782386 ], [ -73.786007661978232, -42.545884811174581 ], [ -73.785989119852474, -42.545883229421761 ], [ -73.785952647353611, -42.545888553773729 ], [ -73.785934016294618, -42.545888506784415 ], [ -73.785915271149577, -42.545885829717498 ], [ -73.785878352188035, -42.545884698664977 ], [ -73.785861964222292, -42.545878433864566 ], [ -73.785843815558621, -42.545874225342573 ], [ -73.78582552945268, -42.545871769323412 ], [ -73.785807298144007, -42.545870701805477 ], [ -73.785789278837726, -42.545867851340589 ], [ -73.785772209050691, -42.545871975149858 ], [ -73.785754254423097, -42.545875331246094 ], [ -73.785735832671577, -42.545874256448172 ], [ -73.785725846100561, -42.545869084975749 ], [ -73.785710768776852, -42.545846370598348 ], [ -73.785698341483197, -42.545836259286013 ], [ -73.785690874686551, -42.545834630542586 ], [ -73.785672371188326, -42.545832352551948 ], [ -73.785655698456665, -42.545826763466437 ], [ -73.785637209331497, -42.545825574834325 ], [ -73.785620041628093, -42.545830379661083 ], [ -73.78561609892229, -42.545828607963983 ], [ -73.785609220522176, -42.545819256420423 ], [ -73.785597709510114, -42.545814315919294 ], [ -73.785574594959556, -42.545816030700109 ], [ -73.785568807114174, -42.545814117372686 ], [ -73.785566366391549, -42.545811164322799 ], [ -73.785557151473355, -42.545807720862605 ], [ -73.785552240383694, -42.54580832312071 ], [ -73.785535454464295, -42.545813755356043 ], [ -73.785530161590657, -42.545813115374145 ], [ -73.785526438073802, -42.545810791717003 ], [ -73.785526147019638, -42.545807260896254 ], [ -73.785522970576807, -42.545804619564265 ], [ -73.785517967858979, -42.545803543441501 ], [ -73.785499742838482, -42.545802334292468 ], [ -73.785488283030418, -42.545806478622545 ], [ -73.78548582793475, -42.545810132542236 ], [ -73.785475187390219, -42.545821121434635 ], [ -73.785470631135084, -42.545822154538691 ], [ -73.785468855165774, -42.545825481517461 ], [ -73.785454346475618, -42.545834057404932 ], [ -73.785443163348631, -42.545835303615362 ], [ -73.785424264591711, -42.54583267684464 ], [ -73.785392131853982, -42.545819147219788 ], [ -73.785375145610288, -42.545813421797739 ], [ -73.785359619128911, -42.545805980270515 ], [ -73.785336180286507, -42.545784741072112 ], [ -73.785323162799713, -42.545775031476026 ], [ -73.785314865959762, -42.545762728195918 ], [ -73.78530403676902, -42.54575174458779 ], [ -73.785290668040957, -42.545747557235572 ], [ -73.785253652061371, -42.545748476507349 ], [ -73.785217169681047, -42.5457533250203 ], [ -73.785198517062483, -42.545752327653538 ], [ -73.785180778928876, -42.545748564529738 ], [ -73.785161846934258, -42.545746495671942 ], [ -73.785143424284428, -42.545746790183031 ], [ -73.785124938752503, -42.545744847733303 ], [ -73.785107574318062, -42.545740479703035 ], [ -73.785093257867373, -42.545731679444714 ], [ -73.785076877986498, -42.545725275646149 ], [ -73.785041299311359, -42.545718190831003 ], [ -73.785023788451511, -42.545713735438206 ], [ -73.784989599470123, -42.545703452030409 ], [ -73.784971687961672, -42.545699402334201 ], [ -73.784953532111444, -42.545696324194296 ], [ -73.784935254090385, -42.545696706728137 ], [ -73.784917126087933, -42.545693825149613 ], [ -73.784882426863447, -42.545684533149952 ], [ -73.784864209927804, -42.545682571505395 ], [ -73.78484580793922, -42.545683815733405 ], [ -73.784827627834488, -42.545681155865111 ], [ -73.784809968752626, -42.545685301526902 ], [ -73.784773763053437, -42.545690607364705 ], [ -73.784736809955902, -42.545685073859666 ], [ -73.784718694529886, -42.545681298157177 ], [ -73.784700500950436, -42.545678539015249 ], [ -73.784683108668219, -42.545682666807998 ], [ -73.784664981564106, -42.545685737006693 ], [ -73.784647199413044, -42.5456820566068 ], [ -73.784620011900969, -42.545663634087546 ], [ -73.784615403543555, -42.545662903434291 ], [ -73.784597263863034, -42.545664884272348 ], [ -73.784573266268524, -42.54567932724698 ], [ -73.784556125514598, -42.545684412698094 ], [ -73.78453812147967, -42.545687180443444 ], [ -73.784503955854476, -42.545697246114102 ], [ -73.784485476610769, -42.545696700109907 ], [ -73.784467302794255, -42.54569918988895 ], [ -73.784448855889892, -42.54570063531088 ], [ -73.78443449901502, -42.545708669844181 ], [ -73.784436186949435, -42.545712049113 ], [ -73.784433713887466, -42.545719879141537 ], [ -73.784429194463272, -42.545720911585413 ], [ -73.784410402605843, -42.545721937411066 ], [ -73.784401360164196, -42.545718194140129 ], [ -73.784400196845894, -42.5457146408122 ], [ -73.784391064572731, -42.54570792264586 ], [ -73.784386225348271, -42.545708726099157 ], [ -73.784367927564261, -42.545708186713291 ], [ -73.784365220940302, -42.545705211818238 ], [ -73.784351884551597, -42.545679657496869 ], [ -73.784347387585285, -42.545677010203072 ], [ -73.784330906194768, -42.545671126592161 ], [ -73.784317604840354, -42.545661852458387 ], [ -73.783788845684327, -42.545581939851601 ], [ -73.783784909266771, -42.545584380660202 ], [ -73.783768170958069, -42.545590500550574 ], [ -73.783750314246859, -42.545594554886598 ], [ -73.783741924880431, -42.545592932093328 ], [ -73.783738800539879, -42.545590162358323 ], [ -73.783737782748645, -42.545580150278184 ], [ -73.783742434225189, -42.545578741253834 ], [ -73.783758351473708, -42.545571191159397 ], [ -73.783766558482156, -42.545559120139544 ], [ -73.783764636985751, -42.545555953308224 ], [ -73.783750800235424, -42.545546988891338 ], [ -73.783712569733567, -42.545533832473872 ], [ -73.78370137762343, -42.54552312348288 ], [ -73.783686912052417, -42.545518775291846 ], [ -73.783682451018734, -42.545520055261647 ], [ -73.7836669101643, -42.545527480277343 ], [ -73.783653728285842, -42.545527779422251 ], [ -73.783651656770786, -42.545524662226228 ], [ -73.78363890159207, -42.54551420472724 ], [ -73.783621688972914, -42.545509497826274 ], [ -73.783617161463866, -42.545504490456295 ], [ -73.783621453614288, -42.545502933843196 ], [ -73.783628001434408, -42.545495420139972 ], [ -73.783628095757521, -42.545492692757492 ], [ -73.783631870478331, -42.545479296085858 ], [ -73.783619018281556, -42.545449358399402 ], [ -73.783611102327285, -42.545437044465885 ], [ -73.783587513466244, -42.545416165837239 ], [ -73.783574341469219, -42.545406579945343 ], [ -73.783541782031762, -42.545392976765442 ], [ -73.7835243106978, -42.545388183156064 ], [ -73.783507655932425, -42.545381963310049 ], [ -73.783490052546128, -42.545376819593535 ], [ -73.783474211654394, -42.545370053077519 ], [ -73.783457576651969, -42.545364330923448 ], [ -73.783434657934109, -42.545368468664357 ], [ -73.783416328709066, -42.545368129809049 ], [ -73.783414142209665, -42.54536506224202 ], [ -73.783415397156119, -42.545361657143211 ], [ -73.783428337387775, -42.545352299573231 ], [ -73.7834397998908, -42.54534174144765 ], [ -73.783444754997916, -42.545328385115148 ], [ -73.783439405530387, -42.545311638900188 ], [ -73.78342790529814, -42.545301075473155 ], [ -73.783406511919651, -42.545293576305838 ], [ -73.783388224017088, -42.545291711937658 ], [ -73.783378125156659, -42.545294822527055 ], [ -73.783365906272167, -42.545304949149099 ], [ -73.783359569556154, -42.545306266847454 ], [ -73.78333838009523, -42.545299549960838 ], [ -73.783301681220934, -42.545296312300778 ], [ -73.783293705079515, -42.545291476988886 ], [ -73.783297368409251, -42.545289453781997 ], [ -73.783332587758281, -42.545281625684964 ], [ -73.783348408887065, -42.545274804226906 ], [ -73.783353267874432, -42.545268750488383 ], [ -73.783353761947836, -42.545244942552621 ], [ -73.783349910870214, -42.545240195259829 ], [ -73.783336636465279, -42.545234886074631 ], [ -73.783318612667401, -42.545232330756058 ], [ -73.783300241221539, -42.545235142863937 ], [ -73.783281219395377, -42.545233550505422 ], [ -73.783264657156494, -42.545227664205392 ], [ -73.783250682963939, -42.545218717610766 ], [ -73.783215009965687, -42.545211005324802 ], [ -73.783196391483102, -42.545209582393717 ], [ -73.783177261859123, -42.545211291234658 ], [ -73.783140096759197, -42.545212211176157 ], [ -73.783121341732695, -42.545211321678778 ], [ -73.783103090661058, -42.545209064182053 ], [ -73.783064870938986, -42.545197342537662 ], [ -73.783027755246394, -42.545189426405855 ], [ -73.783009225697043, -42.545188237099822 ], [ -73.782973780870861, -42.545180225001673 ], [ -73.782958176236065, -42.545172374388756 ], [ -73.78294370707178, -42.545163025394196 ], [ -73.782903916196261, -42.545149866910307 ], [ -73.782888261255806, -42.545142783353548 ], [ -73.782861397137253, -42.545124160802743 ], [ -73.782838791033129, -42.545102382643087 ], [ -73.782823276229863, -42.545094764984405 ], [ -73.782809981163638, -42.545084921591418 ], [ -73.782798407269524, -42.545074215170743 ], [ -73.78278411686999, -42.545065335398931 ], [ -73.782771632982488, -42.545063896580601 ], [ -73.782766052647943, -42.54506177740101 ], [ -73.782747169162349, -42.545059653588545 ], [ -73.782741134280258, -42.545058134026796 ], [ -73.782703158899963, -42.545058718422723 ], [ -73.78266617346307, -42.54506010561844 ], [ -73.782628347203087, -42.545058389493221 ], [ -73.782610144640486, -42.54505536691542 ], [ -73.782586333895566, -42.545047456722088 ], [ -73.7825708190923, -42.545039839056685 ], [ -73.782555578275193, -42.545031157167259 ], [ -73.782530029290186, -42.545011504113027 ], [ -73.782516103606653, -42.54500179174935 ], [ -73.782499955491105, -42.544994306444536 ], [ -73.782483621424291, -42.544988120312624 ], [ -73.782454989421254, -42.544971126481663 ], [ -73.782439109003661, -42.544964342052232 ], [ -73.782423908610724, -42.54495665885544 ], [ -73.782406210901328, -42.544952270253219 ], [ -73.782389430371808, -42.544944915985099 ], [ -73.782349539783297, -42.544933288933002 ], [ -73.782331338119008, -42.544930266349141 ], [ -73.782289779359019, -42.544918734598063 ], [ -73.782271478880048, -42.544917244153503 ], [ -73.782234688377599, -42.544915565086903 ], [ -73.782215528210912, -42.544914504832768 ], [ -73.782178662249962, -42.544910824387408 ], [ -73.782161278950895, -42.544906369598834 ], [ -73.78212843115422, -42.544893530063774 ], [ -73.782099167635522, -42.544876667911588 ], [ -73.782080649764254, -42.544873709522726 ], [ -73.782062349285283, -42.544872219738899 ], [ -73.782044651575873, -42.54486783113078 ], [ -73.782010618003014, -42.544857256377462 ], [ -73.781993146669052, -42.544852567296452 ], [ -73.781977630967461, -42.544844950269123 ], [ -73.78197119184351, -42.544835193536812 ], [ -73.781966214278526, -42.544822107123558 ], [ -73.781954096903661, -42.544811765327601 ], [ -73.781938215587743, -42.544804980880841 ], [ -73.781904182014884, -42.544794406116907 ], [ -73.781872330449858, -42.544780603591846 ], [ -73.781855048660432, -42.544774614003174 ], [ -73.781838851137536, -42.544767895735717 ], [ -73.781823790881788, -42.544759679739023 ], [ -73.781807910464209, -42.544752895286614 ], [ -73.781766834997839, -42.54474353299257 ], [ -73.781728662886479, -42.544731044195771 ], [ -73.781711192450828, -42.544726355767111 ], [ -73.781694313106641, -42.544720534940836 ], [ -73.781659322828006, -42.544711923823179 ], [ -73.781609822062606, -42.544692965594038 ], [ -73.781592440560161, -42.544688510128083 ], [ -73.78157446616963, -42.544685187721583 ], [ -73.781556155809199, -42.544685465030021 ], [ -73.781538545236373, -42.544689378454194 ], [ -73.781523308012524, -42.544696834674895 ], [ -73.781516718869909, -42.54471358767308 ], [ -73.781509746146682, -42.544718568633158 ], [ -73.78149597946495, -42.544720926746322 ], [ -73.78147364016047, -42.544715990129284 ], [ -73.781469392925814, -42.544717377994445 ], [ -73.781466715047941, -42.544720204024017 ], [ -73.78145153621459, -42.544725125418537 ], [ -73.781446943128543, -42.544723811017093 ], [ -73.781432199079788, -42.544715529493061 ], [ -73.781414096230165, -42.544710972106337 ], [ -73.781395824497295, -42.544712250107196 ], [ -73.781392832209079, -42.544715141658543 ], [ -73.781378175296908, -42.544723232574547 ], [ -73.781369919779451, -42.544723940736475 ], [ -73.781352536480384, -42.544719486596378 ], [ -73.781334245882874, -42.544716229051232 ], [ -73.781316370307039, -42.544719443577215 ], [ -73.781297821893062, -42.544721785806331 ], [ -73.781279511532617, -42.544722062452756 ], [ -73.781276834553083, -42.544724889143964 ], [ -73.781263749692641, -42.544734420208336 ], [ -73.781261545226926, -42.544741182160408 ], [ -73.781263421807566, -42.544744321897916 ], [ -73.781267767856917, -42.544757540694121 ], [ -73.781265990989283, -42.54476093722208 ], [ -73.78125290433222, -42.544770466957289 ], [ -73.781229614610169, -42.544773795977569 ], [ -73.781191385006608, -42.544771911738856 ], [ -73.781152638871788, -42.544765090886955 ], [ -73.781114093959587, -42.544763270845785 ], [ -73.781094340904787, -42.544763344309295 ], [ -73.781083526087073, -42.54476181018002 ], [ -73.781045818404721, -42.544763093474522 ], [ -73.781008209537035, -42.544762845948924 ], [ -73.781003162801753, -42.544762131169101 ], [ -73.780991519737356, -42.544763795017658 ], [ -73.780973248902811, -42.544765073017459 ], [ -73.780935955343779, -42.544764757984886 ], [ -73.780930908608525, -42.544764043205099 ], [ -73.780912282041101, -42.544764385372829 ], [ -73.780875216654167, -42.544763771853503 ], [ -73.780856649375565, -42.544761579862062 ], [ -73.780819050389354, -42.544759562594543 ], [ -73.780744968124495, -42.5447494987582 ], [ -73.780734075153362, -42.544745963906465 ], [ -73.780710383884369, -42.544741055750258 ], [ -73.780692171440293, -42.544739800252302 ], [ -73.780659648833748, -42.544733197801918 ], [ -73.780654602996805, -42.544732481036284 ], [ -73.780597468348105, -42.54473200451617 ], [ -73.78057477241245, -42.544726132729217 ], [ -73.780555484684982, -42.544723839475935 ], [ -73.780541707223463, -42.544719896271388 ], [ -73.780522735702988, -42.544717536834526 ], [ -73.780462510849716, -42.54471341691999 ], [ -73.780451161534401, -42.544710481025717 ], [ -73.780432181030775, -42.544709888022695 ], [ -73.780413385580076, -42.544707996501913 ], [ -73.780390359962723, -42.544700806339726 ], [ -73.780347132132931, -42.544689369188553 ], [ -73.780272912425829, -42.544679836793613 ], [ -73.780254167280802, -42.544677177544408 ], [ -73.780232055250082, -42.544671942436722 ], [ -73.780213893111664, -42.544669918547946 ], [ -73.780204707837896, -42.544667289742684 ], [ -73.780148730219281, -42.544661781296625 ], [ -73.780124809879894, -42.544657172944738 ], [ -73.780076086157209, -42.544640699887395 ], [ -73.780038814157749, -42.544628780909584 ], [ -73.780020929598749, -42.544625691465683 ], [ -73.780002616543371, -42.544625968112541 ], [ -73.779982825759348, -42.544625039558611 ], [ -73.77994958360226, -42.54461833517356 ], [ -73.779930423435559, -42.544617274914387 ], [ -73.779874355985413, -42.544611534159898 ], [ -73.779837121715204, -42.544608684299369 ], [ -73.779724484656683, -42.544606636582493 ], [ -73.779668497156607, -42.54460289655384 ], [ -73.779650017912886, -42.544600938184466 ], [ -73.779612053312334, -42.544599754161872 ], [ -73.779601961638448, -42.544598323274847 ], [ -73.77958369978704, -42.544597832855175 ], [ -73.779564519857416, -42.54460030811768 ], [ -73.779527502979505, -42.54459892620644 ], [ -73.779509182737598, -42.544600969290727 ], [ -73.779490468135279, -42.544601080478998 ], [ -73.779471713108776, -42.544600188325546 ], [ -73.779452493653253, -42.544601662231813 ], [ -73.779433373910749, -42.5446016046522 ], [ -73.779395685093021, -42.544599353751764 ], [ -73.779358907166966, -42.54459590493007 ], [ -73.779321525573053, -42.544595356930728 ], [ -73.779284342506813, -42.544591740002723 ], [ -73.77913365101621, -42.544588273972877 ], [ -73.779091983560065, -42.544588111823316 ], [ -73.779081168742366, -42.544586577689735 ], [ -73.77904297776638, -42.544585692816298 ], [ -73.779024352097281, -42.544586035646837 ], [ -73.779006138754895, -42.544584778822106 ], [ -73.778985932949212, -42.544585449922828 ], [ -73.778980164866766, -42.544584631894729 ], [ -73.778951415184409, -42.544588844474667 ], [ -73.778932285560444, -42.544590552670769 ], [ -73.778913075986409, -42.544590259477879 ], [ -73.778894686574219, -42.544588536059543 ], [ -73.77885721514879, -42.544587753770543 ], [ -73.778838362205917, -42.544588395088681 ], [ -73.778816467567495, -42.544584625938207 ], [ -73.778791944458547, -42.544582915756422 ], [ -73.778733457845348, -42.544582468355912 ], [ -73.778728865657612, -42.544581153289627 ], [ -73.778710149258671, -42.544581262492422 ], [ -73.778705557969246, -42.544579948087922 ], [ -73.77866778111661, -42.544577462897095 ], [ -73.778610834215797, -42.54457568653158 ], [ -73.778599754395074, -42.544573452176088 ], [ -73.778505743005653, -42.544571060965595 ], [ -73.778467244805853, -42.544568473189969 ], [ -73.778449269517012, -42.544565150777082 ], [ -73.77841249159097, -42.544561701953477 ], [ -73.778394152484438, -42.544559210143561 ], [ -73.778356682855616, -42.544558426530557 ], [ -73.778338242239457, -42.544557469516668 ], [ -73.778315764594424, -42.544553065002361 ], [ -73.778259963943924, -42.544548024463907 ], [ -73.778222909336776, -42.544545642518109 ], [ -73.778218316250715, -42.544544326789172 ], [ -73.778199651055758, -42.544543669586552 ], [ -73.778163157895648, -42.544537386782011 ], [ -73.778145145775881, -42.544533063010235 ], [ -73.778089068444274, -42.544529088025534 ], [ -73.778071004222227, -42.544525530658888 ], [ -73.778033920868978, -42.544528450677795 ], [ -73.777995808046427, -42.544529567194544 ], [ -73.777958563894742, -42.544528483107776 ], [ -73.777922061751497, -42.544523968726701 ], [ -73.777865964656954, -42.544523528605971 ], [ -73.777790828668245, -42.544516959224495 ], [ -73.777772339543077, -42.544516768615793 ], [ -73.77773512683244, -42.5445184543115 ], [ -73.777659890232442, -42.544513419064906 ], [ -73.777641234020621, -42.544510993436631 ], [ -73.777623397970657, -42.544507136919151 ], [ -73.777588960155924, -42.544496392674759 ], [ -73.777492729927758, -42.544455878371934 ], [ -73.777479300114251, -42.544446568318428 ], [ -73.777434838897577, -42.544422020135613 ], [ -73.777408205646026, -42.544403096895785 ], [ -73.777393598141188, -42.544394280564866 ], [ -73.777376266046105, -42.544389059332055 ], [ -73.777338411938359, -42.544384573399896 ], [ -73.777287971535145, -42.544368959997321 ], [ -73.777269907313098, -42.544365403283372 ], [ -73.777251468493574, -42.544364444942865 ], [ -73.77719727942069, -42.544353773475997 ], [ -73.777162792198624, -42.544343794951295 ], [ -73.777132216241299, -42.544327962470234 ], [ -73.77710105009082, -42.544313257756968 ], [ -73.777069289255635, -42.544299688754386 ], [ -73.777040886322993, -42.544282393599609 ], [ -73.777028225467362, -42.544272417049008 ], [ -73.777017826569647, -42.544261214110165 ], [ -73.777010777489608, -42.544248054112508 ], [ -73.77699793966589, -42.544237610298303 ], [ -73.776983510925788, -42.544229261864082 ], [ -73.77696635669713, -42.544224506551991 ], [ -73.776962555026827, -42.544227062573647 ], [ -73.776946732999747, -42.544233882822489 ], [ -73.776923849316205, -42.544229309516446 ], [ -73.776907652691619, -42.544222591190263 ], [ -73.77687293819578, -42.544212911795832 ], [ -73.776840182027271, -42.544200305747374 ], [ -73.776825664353964, -42.544191723678892 ], [ -73.776812144708927, -42.544182177971216 ], [ -73.776794002333446, -42.544176619182601 ], [ -73.776739713547585, -42.544167480503866 ], [ -73.776705228122125, -42.544157503934919 ], [ -73.776687481005382, -42.544153879701284 ], [ -73.776654267594381, -42.544141873267712 ], [ -73.776637074738147, -42.544136115923529 ], [ -73.776619150653289, -42.544132026415269 ], [ -73.776582926089461, -42.544126443795932 ], [ -73.776564447744065, -42.544124486073457 ], [ -73.776544694689292, -42.544124557552173 ], [ -73.776516805592962, -42.544120269491152 ], [ -73.776479454541771, -42.544122487978676 ], [ -73.776442743989364, -42.544122807647376 ], [ -73.776423583822677, -42.544121746717941 ], [ -73.776405105477281, -42.544119788333482 ], [ -73.776367142673379, -42.544118604301772 ], [ -73.776341830843606, -42.544113022343048 ], [ -73.776328093806299, -42.54411007914031 ], [ -73.7763197080331, -42.544109552315597 ], [ -73.776313674947659, -42.54410803273074 ], [ -73.776294919921156, -42.544107140570297 ], [ -73.776220917606381, -42.544115213695427 ], [ -73.77620220120744, -42.544115322237168 ], [ -73.776184177409576, -42.544112764887267 ], [ -73.776166796805441, -42.544108309379915 ], [ -73.776148653531649, -42.544110820401201 ], [ -73.77613291953945, -42.544117874292262 ], [ -73.77611522183004, -42.54412155346067 ], [ -73.776078847247547, -42.544126341872563 ], [ -73.776060486581457, -42.544127385594095 ], [ -73.776042876906956, -42.544131299053255 ], [ -73.776025899646399, -42.544143150618396 ], [ -73.776010146789588, -42.544145670242187 ], [ -73.77599179690327, -42.544144944204042 ], [ -73.775974049786512, -42.544141321293338 ], [ -73.775955295658321, -42.544140429133371 ], [ -73.775936440918841, -42.544141070456064 ], [ -73.775899703416968, -42.544138622310818 ], [ -73.7758812142918, -42.544138431700937 ], [ -73.775843496727973, -42.544141481458567 ], [ -73.775825335487852, -42.544139458214424 ], [ -73.775807073636443, -42.544138967129328 ], [ -73.775788437187558, -42.544141076412636 ], [ -73.77575189641675, -42.544135559316253 ], [ -73.775715207423914, -42.544132344760222 ], [ -73.775696215242178, -42.544133520187764 ], [ -73.775677411706639, -42.544133394438198 ], [ -73.775659089668125, -42.544135438199561 ], [ -73.775641214990586, -42.544138650769938 ], [ -73.775625657966501, -42.544146171916672 ], [ -73.775619791967699, -42.544154955852491 ], [ -73.775617775249884, -42.544168488485354 ], [ -73.775614405669259, -42.544182048912553 ], [ -73.775608380668643, -42.544194901830728 ], [ -73.775604200807621, -42.544208128023456 ], [ -73.775582292694466, -42.544230334704764 ], [ -73.775566560498902, -42.544237387920461 ], [ -73.775561690731749, -42.54423713973096 ], [ -73.775550314466997, -42.54423143534266 ], [ -73.775536882856869, -42.544222123932023 ], [ -73.775519866968764, -42.544216834515417 ], [ -73.775501774898927, -42.544218579122841 ], [ -73.775483711575205, -42.544215021738481 ], [ -73.775466330072774, -42.544210565576599 ], [ -73.775466033628717, -42.54420709555454 ], [ -73.775461056962044, -42.54419400834783 ], [ -73.775450499960826, -42.544186872397283 ], [ -73.775440408286926, -42.544185442162629 ], [ -73.775423064513731, -42.544190055844055 ], [ -73.775409483783264, -42.544199183268233 ], [ -73.775400485359071, -42.544211393537189 ], [ -73.775394637326571, -42.544224713045715 ], [ -73.775384650755555, -42.544236120499313 ], [ -73.775380136721267, -42.544236806164236 ], [ -73.775361106810266, -42.544236979565987 ], [ -73.775322826002764, -42.544235860396682 ], [ -73.775308445771699, -42.54423481469145 ], [ -73.77528964223616, -42.544234689603918 ], [ -73.775252735851041, -42.544238076232773 ], [ -73.775234473999632, -42.544237585810272 ], [ -73.775200754837101, -42.544243082380653 ], [ -73.775185585885211, -42.544246236041836 ], [ -73.77516686050312, -42.544248111030626 ], [ -73.775145231766047, -42.544245042746745 ], [ -73.775122748731093, -42.544245556333536 ], [ -73.775118195170933, -42.544245241298341 ], [ -73.775110611593306, -42.544246818459818 ], [ -73.775091539461513, -42.544245991823352 ], [ -73.775069112122125, -42.544240820216046 ], [ -73.775055246625712, -42.544236642028253 ], [ -73.775031001994506, -42.544233865614672 ], [ -73.775012196662331, -42.54423374052714 ], [ -73.774974251824744, -42.544237088769393 ], [ -73.774969699162881, -42.544236774395991 ], [ -73.774964958753131, -42.544237759873837 ], [ -73.774949592171879, -42.544235912020113 ], [ -73.774939577753088, -42.544236480539581 ], [ -73.774928041588225, -42.544234843812355 ], [ -73.774907277928747, -42.544234495685174 ], [ -73.774890695926899, -42.544232143510179 ], [ -73.774861827666925, -42.544233353351451 ], [ -73.77485678003336, -42.544232637903768 ], [ -73.774826964949071, -42.544234044311132 ], [ -73.77482119686664, -42.544233227602092 ], [ -73.774787360923142, -42.544235722072379 ], [ -73.774781594637332, -42.54423490271602 ], [ -73.774721407513297, -42.544239849960512 ], [ -73.774715640329177, -42.544239031266017 ], [ -73.7746875715698, -42.544242345754213 ], [ -73.774631820326633, -42.544244605271402 ], [ -73.774556020482976, -42.544243468232594 ], [ -73.774537523272954, -42.544245044070422 ], [ -73.774519735732014, -42.544248488278654 ], [ -73.774481919353505, -42.54425307283455 ], [ -73.774465336453346, -42.544250720660244 ], [ -73.774436330751158, -42.544252463281218 ], [ -73.774399551926791, -42.544257083576085 ], [ -73.774362199977276, -42.544259300735106 ], [ -73.774343939024178, -42.544258810312755 ], [ -73.774286567220244, -42.54426039740148 ], [ -73.774230787230991, -42.54425988977134 ], [ -73.774212348411467, -42.544258932091054 ], [ -73.774118455599663, -42.544259538335112 ], [ -73.774099661945598, -42.544257645476996 ], [ -73.774075850302353, -42.544257804318221 ], [ -73.774039251141062, -42.544254820750155 ], [ -73.774004171030896, -42.544245975277391 ], [ -73.773987383314875, -42.544240386711706 ], [ -73.773968954376812, -42.544237661259871 ], [ -73.773950515557289, -42.544236703579237 ], [ -73.773913835547617, -42.544231719933371 ], [ -73.773895773122177, -42.544228162549757 ], [ -73.773877205843576, -42.544225969215859 ], [ -73.77383950804267, -42.544225485411665 ], [ -73.773821239004732, -42.544226761436946 ], [ -73.77380292774599, -42.544227036761917 ], [ -73.773784578757997, -42.544226313372079 ], [ -73.773746684226055, -42.544228895867192 ], [ -73.773728145693539, -42.544229471005117 ], [ -73.773709667348143, -42.544227511962205 ], [ -73.773672325280103, -42.544227962012599 ], [ -73.773654271837842, -42.544230705996334 ], [ -73.773636523822759, -42.544235152229213 ], [ -73.773618813536928, -42.54424059850006 ], [ -73.773602498334753, -42.544247017011386 ], [ -73.773572108328693, -42.544262160539141 ], [ -73.773549697158984, -42.544269592984683 ], [ -73.773546032930952, -42.544271614900929 ], [ -73.77349807187791, -42.544283603439915 ], [ -73.773468048384501, -42.544289844574195 ], [ -73.773448284549929, -42.544291683160623 ], [ -73.773435960562551, -42.544294245136044 ], [ -73.773422419357956, -42.544296304114397 ], [ -73.77340351610944, -42.54429771184406 ], [ -73.773366045582307, -42.544296926904082 ], [ -73.773347280674344, -42.544297801854036 ], [ -73.773324438313281, -42.544294228590083 ], [ -73.773305773118324, -42.54429357006115 ], [ -73.773287294772928, -42.544291611020249 ], [ -73.773281981238, -42.544290194686603 ], [ -73.7732261805875, -42.5442851508177 ], [ -73.773202578251727, -42.544280474930481 ], [ -73.773147343539861, -42.54426346105172 ], [ -73.77311856151816, -42.544253683049689 ], [ -73.773082059374886, -42.544249167325049 ], [ -73.773044867325495, -42.544247316824311 ], [ -73.773016442833296, -42.544249693486748 ], [ -73.772976088714088, -42.544248500853605 ], [ -73.772958786263402, -42.544246046094123 ], [ -73.772939804861451, -42.544245453086695 ], [ -73.772921327414366, -42.544243495367965 ], [ -73.772883352932368, -42.544244075138636 ], [ -73.772864775772291, -42.544243649576373 ], [ -73.772846327071292, -42.544244459666878 ], [ -73.77277202022762, -42.54424275807969 ], [ -73.772715676096382, -42.544238078218278 ], [ -73.772709643010927, -42.544236559298383 ], [ -73.772690532251573, -42.544234731299774 ], [ -73.772672271298475, -42.544234240877245 ], [ -73.772635354133556, -42.544231324153778 ], [ -73.772580167032402, -42.544229682793542 ], [ -73.772526094740499, -42.544238149696838 ], [ -73.772508216469717, -42.544241360938251 ], [ -73.772452168782507, -42.544248220895838 ], [ -73.772416317917845, -42.544256178180994 ], [ -73.772399014568819, -42.544261791895117 ], [ -73.772369560607302, -42.544278505299758 ], [ -73.772352524057922, -42.544284822545933 ], [ -73.772335129979098, -42.544290201966817 ], [ -73.77231890281179, -42.544296854101894 ], [ -73.772306891438149, -42.544307419022537 ], [ -73.772288309786475, -42.54433120415154 ], [ -73.772280754056624, -42.544343616916997 ], [ -73.772274648207627, -42.544346399944047 ], [ -73.772258761501831, -42.544333311442848 ], [ -73.772248047295463, -42.544322172713194 ], [ -73.772242893660646, -42.544308617611115 ], [ -73.772236654861004, -42.54429579383725 ], [ -73.772226484135359, -42.544284291089852 ], [ -73.772217488406113, -42.544272290637885 ], [ -73.772204828448821, -42.544262314085685 ], [ -73.772186611513163, -42.544238614969473 ], [ -73.772180827261053, -42.544225191555206 ], [ -73.772171831531793, -42.544213192415562 ], [ -73.772156909616612, -42.544204442241735 ], [ -73.772143390869914, -42.544194894550486 ], [ -73.772109735487788, -42.54418171733105 ], [ -73.772050461950386, -42.544169326374117 ], [ -73.772031598227741, -42.544163665661038 ], [ -73.771994791555599, -42.544157446354845 ], [ -73.771932989260691, -42.544137511081829 ], [ -73.771927943423734, -42.544136793647489 ], [ -73.771918695267885, -42.544133547985048 ], [ -73.771881423268439, -42.544129695415272 ], [ -73.771861346820131, -42.544123530376595 ], [ -73.77182458865704, -42.544116545317543 ], [ -73.771806851421744, -42.544111153306751 ], [ -73.7717883344488, -42.544108193557904 ], [ -73.771770775079929, -42.544103270791041 ], [ -73.771734452599745, -42.544099220991043 ], [ -73.771716389276008, -42.544095663599897 ], [ -73.771700194448073, -42.544088941950157 ], [ -73.771690655238061, -42.544077307458409 ], [ -73.771684731747087, -42.544064417452958 ], [ -73.771677544326479, -42.544051790195596 ], [ -73.771664657993739, -42.544042112098374 ], [ -73.771659926567139, -42.544041330464388 ], [ -73.771641351203698, -42.544040904900726 ], [ -73.771622497362515, -42.544041546224491 ], [ -73.771604531056838, -42.544044524508031 ], [ -73.771601134526733, -42.54404724798276 ], [ -73.771583967721668, -42.544052328272087 ], [ -73.771565775938839, -42.544055605707101 ], [ -73.771546960725217, -42.544057247071912 ], [ -73.771522123205912, -42.544055601736062 ], [ -73.771503137312408, -42.544051858365208 ], [ -73.771468134457351, -42.54404185927519 ], [ -73.77144974504516, -42.544040133856186 ], [ -73.771430624404346, -42.544040073628693 ], [ -73.771411928666652, -42.544036646616824 ], [ -73.771385527180456, -42.544028643636665 ], [ -73.771367692028804, -42.544024785765714 ], [ -73.771349213683408, -42.5440228273782 ], [ -73.771320484662311, -42.544015432628228 ], [ -73.77129791898237, -42.544010793122098 ], [ -73.771259907669432, -42.544002304347174 ], [ -73.77124134039083, -42.544000111667181 ], [ -73.771229767395013, -42.543997474229762 ], [ -73.771210479667559, -42.543995177640511 ], [ -73.77119499450869, -42.543990328329144 ], [ -73.771171796414791, -42.543985819865732 ], [ -73.771133942307031, -42.543981332580927 ], [ -73.771103278314826, -42.543973332241031 ], [ -73.771087151758849, -42.543970379765909 ], [ -73.771076979236568, -42.543966947455495 ], [ -73.771039619202213, -42.543962860583513 ], [ -73.771021733744888, -42.543959769782987 ], [ -73.770984501271315, -42.54395691658349 ], [ -73.770966073231577, -42.543954192442982 ], [ -73.77094883096801, -42.543949202156121 ], [ -73.770930490963167, -42.543946710321784 ], [ -73.770912112330777, -42.543943217120585 ], [ -73.77089386125914, -42.543940958916174 ], [ -73.770856927924541, -42.543933505914424 ], [ -73.770838064201897, -42.543927843856302 ], [ -73.770831802944386, -42.543926622757802 ], [ -73.770813504262037, -42.54392513162766 ], [ -73.77080891117599, -42.543923816547533 ], [ -73.770789979181387, -42.543922456462099 ], [ -73.770757972207804, -42.543912718117184 ], [ -73.770739671728833, -42.543911225663074 ], [ -73.770722064749265, -42.543907068632151 ], [ -73.770703049211335, -42.543900556104262 ], [ -73.770684063317802, -42.543896812062286 ], [ -73.770664301279851, -42.54389058015451 ], [ -73.770633326470573, -42.543885797019264 ], [ -73.770615994375461, -42.543880573758372 ], [ -73.7706066626763, -42.543880243498968 ], [ -73.770561975084178, -42.543872133280274 ], [ -73.770539774120238, -42.54386666116541 ], [ -73.770520664259195, -42.543864833155951 ], [ -73.77046426263577, -42.543862686800125 ], [ -73.770445962156799, -42.543861195668512 ], [ -73.770408650631481, -42.543856342375697 ], [ -73.770372526678955, -42.543849224918169 ], [ -73.77035551079085, -42.543843936131772 ], [ -73.770324030230029, -42.543829297488806 ], [ -73.770309285282949, -42.543821014522436 ], [ -73.770293317728786, -42.543813994351837 ], [ -73.770259198815978, -42.543803181818262 ], [ -73.770223842923031, -42.54379540118758 ], [ -73.770206689592669, -42.543790644518793 ], [ -73.770191402961473, -42.543782726884928 ], [ -73.770177430565553, -42.543773778759508 ], [ -73.770159149849533, -42.543768752718684 ], [ -73.770136407201477, -42.543763645270701 ], [ -73.770117050303739, -42.54375758145796 ], [ -73.770099532257362, -42.54375365870952 ], [ -73.770066093369223, -42.543741948043234 ], [ -73.770049987474508, -42.543735460648222 ], [ -73.770032883551508, -42.543729938221226 ], [ -73.769960998565836, -42.543714872661972 ], [ -73.769933545152441, -42.543705447337047 ], [ -73.769881046708917, -42.543691142893103 ], [ -73.769845741121614, -42.543682593846867 ], [ -73.7698060319928, -42.543671430512845 ], [ -73.769765296089602, -42.543658462987736 ], [ -73.769704084886143, -42.543634242770203 ], [ -73.769686526415597, -42.543629319304152 ], [ -73.769668137003421, -42.543627593873744 ], [ -73.769650301851783, -42.543623735316153 ], [ -73.769618824884219, -42.543612248329246 ], [ -73.769586030088149, -42.543598639463546 ], [ -73.76956901420003, -42.543593349332262 ], [ -73.769551317388917, -42.543588958648684 ], [ -73.769532888450883, -42.54358623250657 ], [ -73.769515369506209, -42.543582308423694 ], [ -73.769498580891863, -42.543576719136766 ], [ -73.769468324734788, -42.543560818291027 ], [ -73.769455665675807, -42.543550840301421 ], [ -73.769441604346653, -42.543541658511103 ], [ -73.769426545887541, -42.543533442353045 ], [ -73.769378364747283, -42.543513448638279 ], [ -73.769361082957843, -42.543507458266177 ], [ -73.769343929627496, -42.543502700913599 ], [ -73.769326094475844, -42.543498844333854 ], [ -73.769289325532938, -42.543493625011664 ], [ -73.769270947798859, -42.543490131123313 ], [ -73.769251889141799, -42.543487536684374 ], [ -73.769210885540673, -42.543473868225313 ], [ -73.769185129943153, -42.543467116725509 ], [ -73.76916294065731, -42.543459877443752 ], [ -73.769097300759498, -42.54343342606213 ], [ -73.769080424110271, -42.543427603129743 ], [ -73.769062500025399, -42.543423510927688 ], [ -73.769045485035605, -42.543418222105238 ], [ -73.76897937891215, -42.543394135487695 ], [ -73.768930577934356, -42.543372505640335 ], [ -73.768915064029386, -42.543364887770586 ], [ -73.768849236383687, -42.543339735556827 ], [ -73.768798517502745, -42.543322034423021 ], [ -73.768765446025554, -42.543309491732131 ], [ -73.768749793780046, -42.543302405319153 ], [ -73.768739850328174, -42.543290602571233 ], [ -73.768735418938874, -42.543277150493651 ], [ -73.768729496346197, -42.543264260322985 ], [ -73.768709480085036, -42.543255560316688 ], [ -73.768692603435795, -42.543249737367709 ], [ -73.768682208131338, -42.54323853358347 ], [ -73.76867452573903, -42.543225503092764 ], [ -73.768674470043479, -42.543211899437559 ], [ -73.768677525213747, -42.543198402999103 ], [ -73.768672776719157, -42.543185016424765 ], [ -73.768666677158379, -42.543171658307102 ], [ -73.768655648541639, -42.54316058621707 ], [ -73.768637862797334, -42.543155961208086 ], [ -73.768626898859281, -42.543164795583841 ], [ -73.76861691228828, -42.54317620058368 ], [ -73.768605216223278, -42.54318670281824 ], [ -73.768587871551759, -42.543191315249807 ], [ -73.768565533145591, -42.543186375864416 ], [ -73.768548747226191, -42.543180786542017 ], [ -73.768530545561916, -42.543177761887769 ], [ -73.768496568582918, -42.543169567522874 ], [ -73.768470586609965, -42.54316311514642 ], [ -73.768456437245916, -42.543153700327785 ], [ -73.768445002590681, -42.543142459462707 ], [ -73.768431079602081, -42.543132744160857 ], [ -73.768414392497363, -42.54312562198789 ], [ -73.768396152205511, -42.543121595951092 ], [ -73.768358664610389, -42.5431162746724 ], [ -73.768336690920236, -42.54311050267291 ], [ -73.768314589669302, -42.543103496321287 ], [ -73.768284491615702, -42.543091596243713 ], [ -73.768269007355158, -42.543086744876611 ], [ -73.768250855098202, -42.543082953132519 ], [ -73.768214217309335, -42.543078966804032 ], [ -73.76819601564506, -42.543075942144846 ], [ -73.768179291709416, -42.543070970319633 ], [ -73.768160636395905, -42.543068543311634 ], [ -73.768141477127529, -42.543067481040566 ], [ -73.768128196434361, -42.54306393815137 ], [ -73.768089926406631, -42.543061048509124 ], [ -73.76805663214725, -42.543051955996653 ], [ -73.76803798851185, -42.543047760521169 ], [ -73.767987233698292, -42.543032210322018 ], [ -73.767979264743403, -42.543030085116804 ], [ -73.767923140699409, -42.54302687182755 ], [ -73.767864062096436, -42.543008259235194 ], [ -73.767828076484449, -42.54300060822839 ], [ -73.767810340147491, -42.542995216783083 ], [ -73.767738895336308, -42.542966945111061 ], [ -73.767702730061288, -42.542958826169652 ], [ -73.767654235408983, -42.5429388984561 ], [ -73.767633912822319, -42.542928496119607 ], [ -73.767523368838397, -42.542881241811358 ], [ -73.767507726474349, -42.542872388201772 ], [ -73.767470133776357, -42.542854229594766 ], [ -73.767439474275704, -42.542838157806806 ], [ -73.767421009405041, -42.542826360927798 ], [ -73.767411745977824, -42.542821729937408 ], [ -73.767388116692601, -42.542806215422047 ], [ -73.767367933344786, -42.542795280270973 ], [ -73.767295151840472, -42.542760351577343 ], [ -73.767279509476438, -42.542751497950604 ], [ -73.767252789986614, -42.542732339246015 ], [ -73.767222989275382, -42.542715837882881 ], [ -73.767216422590664, -42.542712915131752 ], [ -73.767203043981127, -42.542702835742823 ], [ -73.767187984623703, -42.542694618150669 ], [ -73.767172332378195, -42.542687531667895 ], [ -73.767144665165759, -42.542668570176581 ], [ -73.767122358200623, -42.54265832796407 ], [ -73.767091272000215, -42.542645623647054 ], [ -73.767056700336511, -42.542635409890586 ], [ -73.767002315430901, -42.542627800535008 ], [ -73.766997723243165, -42.54262648476567 ], [ -73.766972264089688, -42.542623201960787 ], [ -73.766942184900728, -42.542615836828574 ], [ -73.766886722915089, -42.542607189680396 ], [ -73.766858528391566, -42.542601197235818 ], [ -73.766840417457132, -42.542598404864961 ], [ -73.766819822680915, -42.542592220481261 ], [ -73.766800989500993, -42.542589324860437 ], [ -73.766761321694673, -42.542579160733958 ], [ -73.766713007603755, -42.542562850606863 ], [ -73.766673121506813, -42.542551219139973 ], [ -73.766647452147566, -42.542541550076137 ], [ -73.766593776911037, -42.542524588672002 ], [ -73.76657543870283, -42.542522096118958 ], [ -73.766519226623913, -42.542518648506203 ], [ -73.766444692506468, -42.542517242722028 ], [ -73.766425434423411, -42.542517713302317 ], [ -73.766388203746487, -42.542514861360637 ], [ -73.766378189327696, -42.542515429233916 ], [ -73.766347484012968, -42.542514498001118 ], [ -73.766321324173575, -42.542515648308587 ], [ -73.766284533671111, -42.542522031918821 ], [ -73.766216396456812, -42.542537452521131 ], [ -73.766212733127077, -42.542539475155316 ], [ -73.766185780075304, -42.542544824942993 ], [ -73.766181227413441, -42.54254450989923 ], [ -73.766130976554749, -42.54255495333485 ], [ -73.766127312326716, -42.542556975968452 ], [ -73.766115934265329, -42.542559340119986 ], [ -73.766101978039075, -42.542562996877109 ], [ -73.766085078931937, -42.54256877885507 ], [ -73.766070421121455, -42.542576867401799 ], [ -73.766019723800071, -42.54259421134455 ], [ -73.766006636244697, -42.542603741410488 ], [ -73.765991167255521, -42.54261149439175 ], [ -73.76597709334996, -42.54262021765274 ], [ -73.765964004896261, -42.542629747052871 ], [ -73.765944344367952, -42.542652492384143 ], [ -73.765930722314977, -42.542668689310567 ], [ -73.76592235450812, -42.542680766184084 ], [ -73.765916503780673, -42.542694086019161 ], [ -73.765907413728314, -42.542706061623996 ], [ -73.765884369246336, -42.54272976396939 ], [ -73.765867959721035, -42.542744015685258 ], [ -73.765850032042906, -42.542756062760773 ], [ -73.765829633099443, -42.542774172419115 ], [ -73.765815295987508, -42.542804637562334 ], [ -73.765807618086768, -42.54282211844555 ], [ -73.765805460333453, -42.542836184159455 ], [ -73.765799906050063, -42.542852973397011 ], [ -73.76579090493091, -42.542865181281876 ], [ -73.765778261143282, -42.542875879477279 ], [ -73.765761666565041, -42.542883361064966 ], [ -73.765752836125799, -42.542889736033558 ], [ -73.765745784350813, -42.542892715033865 ], [ -73.765733151342971, -42.542901644091835 ], [ -73.76572096210289, -42.542911741980539 ], [ -73.765698252692502, -42.542962356489632 ], [ -73.765693023599226, -42.54297731103928 ], [ -73.765692310336902, -42.542983510607485 ], [ -73.76568873324544, -42.54299383682185 ], [ -73.765683247233994, -42.543064196273328 ], [ -73.76567307740666, -42.543091273922329 ], [ -73.765666418195451, -42.543104257449649 ], [ -73.76564269638375, -42.543135159914932 ], [ -73.765620936492638, -42.543166284084677 ], [ -73.765608886491421, -42.543187070806788 ], [ -73.765605109973961, -42.543200463337307 ], [ -73.765593906185728, -42.543219434594818 ], [ -73.765587877591869, -42.543232287711177 ], [ -73.765562870290978, -42.543275057065507 ], [ -73.765538985884206, -42.543306875444721 ], [ -73.76553255394677, -42.543319559109825 ], [ -73.765513445882362, -42.54334824295357 ], [ -73.765499721421463, -42.543374041789292 ], [ -73.765479470700015, -42.543409139572532 ], [ -73.765469214634422, -42.543427914197991 ], [ -73.765448658485766, -42.543472531294704 ], [ -73.765435755983333, -42.54348882993277 ], [ -73.765418577500157, -42.543503746631096 ], [ -73.765402905491712, -42.543519485339004 ], [ -73.765395011995295, -42.543527430141957 ], [ -73.765382821856903, -42.543537528591308 ], [ -73.765364185408018, -42.54355892607358 ], [ -73.765352638463341, -42.543567125682117 ], [ -73.765337169474165, -42.54357488052927 ], [ -73.765325724937441, -42.543584697024691 ], [ -73.765298395491556, -42.54361193660008 ], [ -73.765281913202713, -42.543627339063356 ], [ -73.765278110634114, -42.543629894447569 ], [ -73.765262465575134, -42.543637180038765 ], [ -73.765249968212899, -42.543645576866879 ], [ -73.765242650536592, -42.543647854275505 ], [ -73.765238708729129, -42.543650942444081 ], [ -73.765232603778458, -42.543653722854657 ], [ -73.765223634998662, -42.5436606311915 ], [ -73.7652084444872, -42.543667318471407 ], [ -73.765134664954616, -42.543683153767411 ], [ -73.765119227406458, -42.543685605901615 ], [ -73.765057598486393, -42.543698413254731 ], [ -73.765040947314262, -42.54370036040104 ], [ -73.764998695054899, -42.543707626790514 ], [ -73.764987051092177, -42.543709290667188 ], [ -73.764968088554852, -42.543713230626345 ], [ -73.76495644459213, -42.543714894502841 ], [ -73.764935583016296, -42.543719228920779 ], [ -73.764931919686575, -42.543721251516693 ], [ -73.764902161196133, -42.543728191614584 ], [ -73.764891709297814, -42.543733894063337 ], [ -73.764878703489117, -42.543737352860319 ], [ -73.764865694985488, -42.543740812318966 ], [ -73.764828983534784, -42.543749197881787 ], [ -73.764804562833788, -42.543757172438475 ], [ -73.764758102865599, -42.54376682675349 ], [ -73.76474604208461, -42.543770088981105 ], [ -73.764713805142321, -42.543776787500654 ], [ -73.764697953470815, -42.543780838645262 ], [ -73.764473467176259, -42.54382723518583 ], [ -73.764436853641911, -42.543834085923109 ], [ -73.764419421833807, -42.543838465338141 ], [ -73.76440494099144, -42.543847021643288 ], [ -73.764388623992602, -42.543853438871402 ], [ -73.76435315491193, -42.543865095907506 ], [ -73.764343904959446, -42.543869918093066 ], [ -73.764334690041281, -42.543872589951668 ], [ -73.764329661272299, -42.543876407459649 ], [ -73.764323557219967, -42.543879189183841 ], [ -73.764301334696469, -42.543885319830849 ], [ -73.764288859792103, -42.543890181063517 ], [ -73.764274221744557, -42.543894736524692 ], [ -73.764255526006863, -42.543899378024975 ], [ -73.764245362467733, -42.543902245787628 ], [ -73.764234896196342, -42.543906563646551 ], [ -73.764214305013411, -42.543911600265751 ], [ -73.764203838742034, -42.543915917462151 ], [ -73.764167393192636, -42.543925003892156 ], [ -73.764140845281062, -42.543930521669026 ], [ -73.76411862185924, -42.54393665098732 ], [ -73.764101404748502, -42.543942498360366 ], [ -73.764089196643795, -42.543948061140881 ], [ -73.764068928854357, -42.543959333629324 ], [ -73.764062557104054, -42.543961413135847 ], [ -73.764052107900653, -42.543967115563277 ], [ -73.764047622612452, -42.543970569052604 ], [ -73.764027679114818, -42.543980008898011 ], [ -73.764011411523356, -42.543985658376457 ], [ -73.763977246796458, -42.543998052679022 ], [ -73.76394716131928, -42.544006826046243 ], [ -73.763916138000937, -42.544014029525158 ], [ -73.763906656283112, -42.54401599916423 ], [ -73.763894977286114, -42.544019813354204 ], [ -73.763874383408222, -42.544024847978761 ], [ -73.763858117613381, -42.544030498114971 ], [ -73.763849582719857, -42.544032271848586 ], [ -73.763838056436455, -42.544036936503112 ], [ -73.76383236650743, -42.544038117889002 ], [ -73.76381613934015, -42.544044768727254 ], [ -73.763800849115697, -42.544052989450933 ], [ -73.763792422020018, -42.544059531083903 ], [ -73.763762255694459, -42.544074372857906 ], [ -73.763730520012089, -42.54408777512571 ], [ -73.763721269161294, -42.544092597294046 ], [ -73.76371232014445, -42.54409597003194 ], [ -73.763703070191966, -42.544100792199636 ], [ -73.763694120276796, -42.54410416427524 ], [ -73.763649686009572, -42.544125879246479 ], [ -73.763595696362685, -42.544150714784166 ], [ -73.763550626088247, -42.544169409765871 ], [ -73.763541375237452, -42.544174231927919 ], [ -73.76353030709484, -42.544181449286114 ], [ -73.763509682674211, -42.544191787215482 ], [ -73.763500737250624, -42.544198309640542 ], [ -73.763486217780695, -42.544205865857606 ], [ -73.763461620111585, -42.544224593914706 ], [ -73.763448048364268, -42.54423195290061 ], [ -73.763427157144022, -42.544241589934423 ], [ -73.763390330708944, -42.544269414950158 ], [ -73.763366558591585, -42.544281792650466 ], [ -73.763357611371362, -42.544285164054486 ], [ -73.763350824599385, -42.544288843874881 ], [ -73.763328037933888, -42.544298874693553 ], [ -73.763312301246742, -42.544305926577863 ], [ -73.763251972188897, -42.544327540879564 ], [ -73.763220948870554, -42.544334742335977 ], [ -73.763208889886172, -42.544338004533898 ], [ -73.763177183848214, -42.544346106088177 ], [ -73.763117449475104, -42.544358518188822 ], [ -73.763105389592397, -42.544361779723637 ], [ -73.763091167464822, -42.544364734827624 ], [ -73.763077209441946, -42.544368391479026 ], [ -73.763058247802917, -42.544372332058416 ], [ -73.763040942657284, -42.544377944438466 ], [ -73.763019103714413, -42.54438777801537 ], [ -73.763010154697554, -42.544391150075477 ], [ -73.762990241742656, -42.544395287880882 ], [ -73.762970597384026, -42.544400126571361 ], [ -73.762724476962475, -42.54445151686982 ], [ -73.76270619534813, -42.544454559331946 ], [ -73.762672742086934, -42.544460753458779 ], [ -73.762644446952123, -42.544464363114152 ], [ -73.762630905747528, -42.544466420763264 ], [ -73.762626352187368, -42.544466106391006 ], [ -73.762603734405133, -42.544470301109335 ], [ -73.762584920988132, -42.544471940477749 ], [ -73.762574490649371, -42.544474107329556 ], [ -73.762562846686663, -42.544475771847608 ], [ -73.762558293126489, -42.544475456151751 ], [ -73.762529997093353, -42.544479066468149 ], [ -73.762512319146879, -42.544479208762937 ], [ -73.762506551962744, -42.544478390071596 ], [ -73.762487824784031, -42.544480263729767 ], [ -73.762427502912701, -42.544477668008334 ], [ -73.762420520307998, -42.544476344335948 ], [ -73.762405230981869, -42.544476495234591 ], [ -73.762392482091343, -42.544474352208958 ], [ -73.762350825414984, -42.544472417661659 ], [ -73.762336861103918, -42.544469770978502 ], [ -73.76232847712734, -42.544469244156844 ], [ -73.762322216768155, -42.544468023730765 ], [ -73.762314363695936, -42.544468896692798 ], [ -73.762301121630315, -42.544466354579612 ], [ -73.762292736755469, -42.54446582709609 ], [ -73.762279492893228, -42.544463282335435 ], [ -73.762272323438935, -42.544463259833009 ], [ -73.76224462209052, -42.544457669301238 ], [ -73.762207983403343, -42.544453681736861 ], [ -73.762169948734225, -42.544456793029845 ], [ -73.762126387629465, -42.544448950267991 ], [ -73.762101461176954, -42.544447068666827 ], [ -73.762095199919415, -42.54444584757848 ], [ -73.762088030465137, -42.544445824414218 ], [ -73.762074066154057, -42.544443177729917 ], [ -73.762062772534307, -42.54444262509638 ], [ -73.762050542870028, -42.544440501262848 ], [ -73.762014158406075, -42.544438983009755 ], [ -73.761989697280882, -42.5444347346805 ], [ -73.761980363785085, -42.544434404424017 ], [ -73.761969737613583, -42.544431569777636 ], [ -73.761961353637048, -42.544431042293809 ], [ -73.761951650933668, -42.544428392961557 ], [ -73.761943266058779, -42.544427864815844 ], [ -73.761915072433609, -42.544421872545996 ], [ -73.761896417120099, -42.544419443605008 ], [ -73.761877079086986, -42.54441791410013 ], [ -73.761849034582127, -42.544409619298783 ], [ -73.761816021495434, -42.544402609783781 ], [ -73.76179713800984, -42.544400481977839 ], [ -73.761779807711392, -42.544395256774521 ], [ -73.761763474542889, -42.54438906793591 ], [ -73.76174805046945, -42.544381682495072 ], [ -73.761728587570531, -42.544370848219181 ], [ -73.76160964344038, -42.54431852664846 ], [ -73.76153363159429, -42.544299773469653 ], [ -73.761515609593047, -42.544297213479972 ], [ -73.761479267349927, -42.544288625468248 ], [ -73.761442550509315, -42.544282637817915 ], [ -73.76141211558749, -42.544274336380226 ], [ -73.761402868329952, -42.544271089401263 ], [ -73.761367207908137, -42.544261602609318 ], [ -73.761313169752214, -42.54424862329374 ], [ -73.761308539835241, -42.54424630685854 ], [ -73.761290704683589, -42.544242447015513 ], [ -73.761274055308107, -42.544236324345647 ], [ -73.761258087753944, -42.544229304221737 ], [ -73.761249727133588, -42.544217172053258 ], [ -73.761249673234673, -42.544203565966811 ], [ -73.761253449752118, -42.544190173651444 ], [ -73.761251410576435, -42.544176728386077 ], [ -73.761245172675103, -42.544163903261421 ], [ -73.761227568390467, -42.544151675113469 ], [ -73.761217538700322, -42.544139638234867 ], [ -73.761217186560728, -42.544130633242375 ], [ -73.761220469903094, -42.54411683851265 ], [ -73.76121581213836, -42.544103685764831 ], [ -73.761205486004158, -42.544096248666669 ], [ -73.761190025099808, -42.544079792669159 ], [ -73.761180190344064, -42.544072757967164 ], [ -73.76116928838978, -42.544070988205732 ], [ -73.761165039358474, -42.544072374761519 ], [ -73.761146412791064, -42.544072714947518 ], [ -73.761140153330174, -42.544071495175537 ], [ -73.761094925850571, -42.544055675200362 ], [ -73.761047883774069, -42.544034180597741 ], [ -73.761041346733762, -42.544034026388807 ], [ -73.761030045029173, -42.544038391891114 ], [ -73.761013875354053, -42.544050576379746 ], [ -73.76100682088412, -42.544053555324716 ], [ -73.760990867703001, -42.544067208434548 ], [ -73.760975220847385, -42.544074493974726 ], [ -73.760963843684294, -42.544076858068777 ], [ -73.760937215822651, -42.54408037244135 ], [ -73.760920979672193, -42.544080720569397 ], [ -73.760914342020584, -42.544082099182909 ], [ -73.76090857573476, -42.544081278500848 ], [ -73.760890087507903, -42.544081087228953 ], [ -73.7608713037353, -42.544077423280498 ], [ -73.760854801683536, -42.544077070519556 ], [ -73.760836017012636, -42.54407340789448 ], [ -73.760816543333917, -42.544072410500931 ], [ -73.760779786967419, -42.544065422788762 ], [ -73.760744393345234, -42.544056637516675 ], [ -73.76070378769775, -42.544044901095425 ], [ -73.760691187029266, -42.544040458158186 ], [ -73.760654974143534, -42.54403310510628 ], [ -73.760632735450358, -42.544026630316466 ], [ -73.760602254714442, -42.544011025428311 ], [ -73.760597565508661, -42.544003173344684 ], [ -73.760593540157885, -42.543989889528348 ], [ -73.760584685464138, -42.543977355575556 ], [ -73.760566725446651, -42.543964191547047 ], [ -73.760550076969494, -42.543958068849875 ], [ -73.760514722873168, -42.543950283605604 ], [ -73.760496207696846, -42.543947323187261 ], [ -73.760477275702229, -42.543945959793135 ], [ -73.760447944809897, -42.543941463901518 ], [ -73.760428873576402, -42.543940635275497 ], [ -73.760368557993289, -42.543921898529248 ], [ -73.760327128590703, -42.54390844195477 ], [ -73.760297758172484, -42.543902944693095 ], [ -73.760289374195949, -42.543902417866626 ], [ -73.760223160274663, -42.543889697256731 ], [ -73.760201946559235, -42.543885027296504 ], [ -73.760176715577842, -42.543881443419423 ], [ -73.760125234925539, -42.54387070502392 ], [ -73.760070218504268, -42.543863222230861 ], [ -73.760035230022268, -42.543854605700226 ], [ -73.759996275478301, -42.54383824031153 ], [ -73.75996261201135, -42.543826825504944 ], [ -73.759926943504681, -42.543819105766786 ], [ -73.759909058945681, -42.543816013635443 ], [ -73.759890748585249, -42.543816287638528 ], [ -73.759873049079204, -42.543819964839216 ], [ -73.759854660565324, -42.543818237428567 ], [ -73.759836398713915, -42.543817744355394 ], [ -73.759818434204874, -42.543820720664087 ], [ -73.759804446537586, -42.543829678710424 ], [ -73.759795760727101, -42.543841820881823 ], [ -73.75979374131434, -42.543855352920737 ], [ -73.75978658713143, -42.543867934550676 ], [ -73.759776799088073, -42.543868202596961 ], [ -73.759767198792645, -42.54386717078426 ], [ -73.759731306605474, -42.5438741241028 ], [ -73.759712986363567, -42.543876163901572 ], [ -73.75969841658798, -42.543884487233051 ], [ -73.759692853321411, -42.543894973464234 ], [ -73.759690110764865, -42.543908402906084 ], [ -73.759683046413457, -42.543921218155575 ], [ -73.759675716160729, -42.543925262010553 ], [ -73.75965085708188, -42.543927147598481 ], [ -73.759632891674514, -42.543930125225657 ], [ -73.759629493347788, -42.543932846719841 ], [ -73.759625488658259, -42.543946539566576 ], [ -73.75962658011133, -42.543960182110354 ], [ -73.759618615648023, -42.543972427503654 ], [ -73.759606108404313, -42.543982590079629 ], [ -73.759591222421733, -42.543990977595513 ], [ -73.759561860986679, -42.544014224768269 ], [ -73.759546659695459, -42.544022677802133 ], [ -73.759528096908411, -42.544034854351743 ], [ -73.759513210925832, -42.544043243184305 ], [ -73.759489156737473, -42.544061605954191 ], [ -73.759474180923377, -42.544069759829739 ], [ -73.759466295511814, -42.544075935463198 ], [ -73.759460192357764, -42.544078717178486 ], [ -73.759422415505128, -42.5441067381715 ], [ -73.759411965403416, -42.544112439923815 ], [ -73.759396879994867, -42.544123895050397 ], [ -73.759387629144072, -42.544128717215955 ], [ -73.75937067883298, -42.544135264797525 ], [ -73.759362944338363, -42.544139139869529 ], [ -73.759352887698768, -42.544146776838147 ], [ -73.759314907826877, -42.544163492920937 ], [ -73.759300365899051, -42.544174583364637 ], [ -73.759267912462789, -42.544191033380592 ], [ -73.75925217667394, -42.544198085277095 ], [ -73.759244443077677, -42.544201960345148 ], [ -73.759235473399556, -42.544208867297669 ], [ -73.759225021501237, -42.544214568378806 ], [ -73.759216190163656, -42.544220941887779 ], [ -73.759210085212999, -42.544223724258465 ], [ -73.759205599026458, -42.544227176409898 ], [ -73.759199495872437, -42.544229958118493 ], [ -73.759189439232827, -42.544237595075991 ], [ -73.759130634616014, -42.544267715349143 ], [ -73.759121803278447, -42.544274087529026 ], [ -73.759095338910171, -42.544287907373835 ], [ -73.759045290172438, -42.54433209366146 ], [ -73.75902641207675, -42.544344336996311 ], [ -73.759021927686831, -42.544347789802963 ], [ -73.759015006167601, -42.544355153407182 ], [ -73.758999221869729, -42.544362971692834 ], [ -73.758978820231306, -42.544381078899534 ], [ -73.7589461538943, -42.544410433358188 ], [ -73.758939079661459, -42.544416945171037 ], [ -73.758932292889469, -42.544420624321837 ], [ -73.758900364967658, -42.544443396135961 ], [ -73.758884984013363, -42.544451382517011 ], [ -73.75887547085452, -42.544458654113782 ], [ -73.758852937513922, -42.544471151568949 ], [ -73.758848454022342, -42.544474605030388 ], [ -73.758832757759365, -42.544482656929233 ], [ -73.758788649580609, -42.544524979349781 ], [ -73.75874989536095, -42.544561650330323 ], [ -73.758730049779686, -42.54457762438485 ], [ -73.758709688565446, -42.544588662470026 ], [ -73.758698243130411, -42.54459847880603 ], [ -73.758678566432437, -42.54460861745406 ], [ -73.758631274624307, -42.544643910446233 ], [ -73.758625170571946, -42.544646690812556 ], [ -73.758611310465426, -42.5446568830613 ], [ -73.758605205514741, -42.544659664088876 ], [ -73.758600177644112, -42.544663482872416 ], [ -73.758581597789103, -42.544671124409732 ], [ -73.758571145890755, -42.544676827434166 ], [ -73.758551884214427, -42.544685366416772 ], [ -73.758546856343784, -42.544689183875036 ], [ -73.758507917071171, -42.544707864135141 ], [ -73.758481068223944, -42.544717980263059 ], [ -73.75845342257108, -42.544725993082331 ], [ -73.75843905132318, -42.5447312467168 ], [ -73.758389979952469, -42.544747493403278 ], [ -73.75837697144884, -42.544750953467783 ], [ -73.758364228846531, -42.544755111766165 ], [ -73.758358124794171, -42.544757894113062 ], [ -73.75834322084529, -42.5447617459822 ], [ -73.758324374190622, -42.544768687949933 ], [ -73.758320570723711, -42.544771243287485 ], [ -73.758297781363282, -42.544781272043146 ], [ -73.758288531410784, -42.544786094157921 ], [ -73.758280530116551, -42.544789268308492 ], [ -73.758266956572612, -42.544796627227832 ], [ -73.75825990479764, -42.544799605475347 ], [ -73.758241749845752, -42.544803880914884 ], [ -73.758204140079741, -42.544822915221083 ], [ -73.758179114812563, -42.544833786481099 ], [ -73.758154087748736, -42.544844659062932 ], [ -73.75812174300863, -42.544857809669146 ], [ -73.758105622740857, -42.544861157216076 ], [ -73.758093829657795, -42.544865119604808 ], [ -73.758056850509121, -42.544872802151055 ], [ -73.758008343280423, -42.544885147963811 ], [ -73.757969591755696, -42.544902527004218 ], [ -73.757948966436771, -42.544912864152337 ], [ -73.757916280336829, -42.544926462142243 ], [ -73.757909494463178, -42.544930141924823 ], [ -73.757904465694224, -42.544933960029965 ], [ -73.757891042168936, -42.544939017744888 ], [ -73.757864805074419, -42.544952537633037 ], [ -73.757840120268739, -42.544962960810864 ], [ -73.757833334395073, -42.544966638605835 ], [ -73.757798864241011, -42.544980482123286 ], [ -73.757785974314984, -42.544986940930201 ], [ -73.757780945546031, -42.544990760355553 ], [ -73.757774841493671, -42.544993540706407 ], [ -73.757765328334813, -42.545000813563675 ], [ -73.757757327040579, -42.545003987703332 ], [ -73.757715393683114, -42.545025558744371 ], [ -73.757710364015836, -42.545029376181873 ], [ -73.757702364518238, -42.5450325516437 ], [ -73.757672373364159, -42.545047859776631 ], [ -73.757657320294953, -42.545054012149272 ], [ -73.757650531726341, -42.545057691924349 ], [ -73.757646047336436, -42.545061144691537 ], [ -73.757627052459767, -42.545070386484895 ], [ -73.757613190556611, -42.545080578664482 ], [ -73.757607086504251, -42.5450833596732 ], [ -73.757602057735284, -42.545087178430812 ], [ -73.757594739160666, -42.545089453801332 ], [ -73.757590392213018, -42.54509237445572 ], [ -73.757584968185313, -42.545094257361086 ], [ -73.757558920635347, -42.54510647738244 ], [ -73.757548468737028, -42.545112177057952 ], [ -73.757525492526995, -42.54512350691536 ], [ -73.757507179471602, -42.545131849273552 ], [ -73.757461678904164, -42.545153910023885 ], [ -73.757432100975123, -42.54516446685755 ], [ -73.757412454819843, -42.545169304826658 ], [ -73.757390309551468, -42.545177434731684 ], [ -73.757338431843806, -42.545195271676121 ], [ -73.757326751050172, -42.545199083146748 ], [ -73.757312844231237, -42.545201973351901 ], [ -73.757275076361765, -42.545217004137179 ], [ -73.757260260447779, -42.545221090927079 ], [ -73.757246353628872, -42.545223979807545 ], [ -73.757177220182925, -42.545246661981828 ], [ -73.75713466788622, -42.545258527233607 ], [ -73.757112295344072, -42.545266956935023 ], [ -73.757095760054639, -42.54527190409776 ], [ -73.757087226957751, -42.545273677134276 ], [ -73.757063488976371, -42.545283903033898 ], [ -73.757050746374063, -42.545288062620436 ], [ -73.757036631146008, -42.54529578548609 ], [ -73.757016614884847, -42.545309525023654 ], [ -73.757005240416717, -42.545315040030793 ], [ -73.756995233184441, -42.545321910459677 ], [ -73.75697460786553, -42.545332246876498 ], [ -73.756967533632661, -42.545338758593196 ], [ -73.756960745962374, -42.545342438351504 ], [ -73.756928348221663, -42.54535320230513 ], [ -73.756917203722253, -42.54536156912021 ], [ -73.756867763143958, -42.545386717210299 ], [ -73.756834426663758, -42.545395909980293 ], [ -73.756820053619222, -42.545401164882051 ], [ -73.756765957072801, -42.545413159160582 ], [ -73.756721756367554, -42.545432804146465 ], [ -73.756620138942637, -42.545480388098063 ], [ -73.756603505736834, -42.545486869355322 ], [ -73.756585052544267, -42.54549574575806 ], [ -73.756567918078531, -42.545506743971373 ], [ -73.756517760644641, -42.545526870736452 ], [ -73.756497433566395, -42.545532604788491 ], [ -73.756480255981529, -42.545539452691393 ], [ -73.756470247850942, -42.545546321110066 ], [ -73.75643464581961, -42.545564811170031 ], [ -73.756423097976622, -42.545573009853335 ], [ -73.756404892719075, -42.545578052294495 ], [ -73.756342702351958, -42.545601055986779 ], [ -73.756312590823626, -42.545610211663082 ], [ -73.756266327586488, -42.545628014730816 ], [ -73.756250601679142, -42.545633299395135 ], [ -73.75620510201, -42.545655356659154 ], [ -73.756183108556897, -42.545664338929704 ], [ -73.756173625940761, -42.545666308516694 ], [ -73.756154086685015, -42.545675913561581 ], [ -73.756119525801097, -42.545708812797976 ], [ -73.756110274051977, -42.545713635502935 ], [ -73.756097439821502, -42.545725629721424 ], [ -73.756089705326914, -42.545729507341989 ], [ -73.756066159585018, -42.545752804165872 ], [ -73.75605615145443, -42.545759673884731 ], [ -73.75603811418182, -42.545778171823386 ], [ -73.756017037010324, -42.545792257387788 ], [ -73.756006273396594, -42.545801175441902 ], [ -73.755996265266006, -42.545808045155418 ], [ -73.755972720422406, -42.545831343273655 ], [ -73.75596823423588, -42.545834795998069 ], [ -73.755949860993383, -42.545845673700086 ], [ -73.755944436965692, -42.545847555920922 ], [ -73.75593400662693, -42.545849722063188 ], [ -73.755926005332697, -42.545852896821472 ], [ -73.755921657486709, -42.545855817440156 ], [ -73.755916236153979, -42.545857699660637 ], [ -73.755911889206331, -42.545860620279093 ], [ -73.755879961284478, -42.545875320656954 ], [ -73.75586858232478, -42.545877684682821 ], [ -73.75582964934037, -42.545891445270591 ], [ -73.755804624073193, -42.54590231766818 ], [ -73.7557963559793, -42.54590478956986 ], [ -73.755787103331883, -42.545909612259685 ], [ -73.75576404896843, -42.545918938640504 ], [ -73.755753735410664, -42.545924106799731 ], [ -73.7557393623661, -42.545929360995181 ], [ -73.755723350794497, -42.545937479550311 ], [ -73.75571440447257, -42.545944002454846 ], [ -73.755705510252938, -42.545952909236313 ], [ -73.75569777665666, -42.54595678551911 ], [ -73.755661786553119, -42.545990862647365 ], [ -73.755655000679468, -42.54599454170539 ], [ -73.755643316292563, -42.546006425345993 ], [ -73.75563828842192, -42.546010242723497 ], [ -73.755625129899641, -42.546016001218455 ], [ -73.755607692701673, -42.546028448725345 ], [ -73.755566515725661, -42.546070413377358 ], [ -73.755525030627538, -42.546110674479408 ], [ -73.755509721538459, -42.546125579300345 ], [ -73.755501986145546, -42.546129456234219 ], [ -73.755477048014939, -42.546151782683054 ], [ -73.755452160189989, -42.546173341414793 ], [ -73.755445895339193, -42.546180189909201 ], [ -73.75544086657024, -42.546184007937875 ], [ -73.755434079798277, -42.546187686984553 ], [ -73.755412185159855, -42.546206356207172 ], [ -73.755401158339737, -42.546217723589628 ], [ -73.755382673706137, -42.546231901709319 ], [ -73.755367520025615, -42.546239586734622 ], [ -73.755328920316174, -42.5462690376065 ], [ -73.755305671916602, -42.546287734601137 ], [ -73.755291721080255, -42.546297693622428 ], [ -73.755283485325734, -42.546306084798168 ], [ -73.755274539003807, -42.546312607664177 ], [ -73.755233297349122, -42.546353955312377 ], [ -73.755202425846065, -42.546384447828643 ], [ -73.755155897605917, -42.546438364628493 ], [ -73.75512810732431, -42.546466201239596 ], [ -73.755040799163524, -42.546567166345895 ], [ -73.755021372197177, -42.546587843398186 ], [ -73.754946668298146, -42.546685184882868 ], [ -73.754938338220526, -42.546698262301994 ], [ -73.754932881853492, -42.546705446939612 ], [ -73.754928066883565, -42.546718802315702 ], [ -73.754922952774663, -42.546736759931349 ], [ -73.754915547961772, -42.546753173534327 ], [ -73.754910900976796, -42.546760695027899 ], [ -73.754894866048971, -42.546794788262638 ], [ -73.754887344455099, -42.54680820119718 ], [ -73.754877445918993, -42.546834211706319 ], [ -73.754873863437652, -42.546841386401084 ], [ -73.754872434218015, -42.546853786093045 ], [ -73.754863623541709, -42.546879068591387 ], [ -73.754858343244479, -42.546939673217054 ], [ -73.754858515721011, -42.546959430230231 ], [ -73.754857919239655, -42.546968632033995 ], [ -73.754858687299233, -42.546976037684942 ], [ -73.754853146490561, -42.547042243767997 ], [ -73.75485334771318, -42.547053548126385 ], [ -73.754851558269124, -42.547058712220817 ], [ -73.754848352181881, -42.547097828418742 ], [ -73.75482357754467, -42.547115552307076 ], [ -73.754735521087255, -42.547447348973975 ], [ -73.754718349790608, -42.547471544549026 ], [ -73.754711327660019, -42.547480440523699 ], [ -73.754699585780941, -42.547498008779428 ], [ -73.754691637487326, -42.547514788821651 ], [ -73.75467664011363, -42.547537698485897 ], [ -73.75456832934151, -42.547688413516831 ], [ -73.754562703192903, -42.547701433810808 ], [ -73.754558291566539, -42.547714957071491 ], [ -73.754542555777689, -42.547744449602632 ], [ -73.754526658292107, -42.547778008888294 ], [ -73.754514239083321, -42.547799625958682 ], [ -73.754488992830559, -42.547853914129874 ], [ -73.754477886958711, -42.54787450207472 ], [ -73.754449659197547, -42.547929913254677 ], [ -73.754443479686699, -42.547945064492453 ], [ -73.754441319238438, -42.547959129052145 ], [ -73.754427014465847, -42.547990594290603 ], [ -73.754422149190276, -42.548004715754743 ], [ -73.754413449905073, -42.548018626101936 ], [ -73.754386003678192, -42.548060385582218 ], [ -73.754363635627627, -42.548097558775936 ], [ -73.75435016179668, -42.548125824153765 ], [ -73.75432085965042, -42.548172128122559 ], [ -73.754311065318873, -42.548188535391965 ], [ -73.754303646132939, -42.548203566120002 ], [ -73.754289406039064, -42.548227578746108 ], [ -73.754283929909093, -42.5482382978619 ], [ -73.754279081701512, -42.548256955220744 ], [ -73.754275641153967, -42.548266747817067 ], [ -73.754274926095007, -42.548272947521781 ], [ -73.754272048791151, -42.548278840152584 ], [ -73.754271601430133, -42.548285741359678 ], [ -73.754264057378379, -42.548302689286253 ], [ -73.754260617729159, -42.548312481875399 ], [ -73.754260126350687, -42.548326451715575 ], [ -73.754244292645495, -42.548371849538363 ], [ -73.754242469963785, -42.548404755957314 ], [ -73.754235657140669, -42.548487365068794 ], [ -73.754227644168324, -42.548514749423134 ], [ -73.754123722564685, -42.549068879797353 ], [ -73.754122972471436, -42.549077230893346 ], [ -73.754117821531594, -42.54908611803593 ], [ -73.754104802248179, -42.549113784710656 ], [ -73.754104087189219, -42.549119983669435 ], [ -73.754089377276429, -42.549151280890712 ], [ -73.7540742002397, -42.549196164567576 ], [ -73.7540726713071, -42.549210097811759 ], [ -73.754069071757755, -42.549223958256377 ], [ -73.754064114854003, -42.549237846492936 ], [ -73.753999188218543, -42.549328616293778 ], [ -73.753962665414036, -42.549375662554063 ], [ -73.753944569750942, -42.549399846793158 ], [ -73.753914180643207, -42.549435659223882 ], [ -73.753907006697347, -42.54944370386503 ], [ -73.753889646754473, -42.549458153244998 ], [ -73.75387927570452, -42.549469005829685 ], [ -73.753870176668997, -42.549474677973762 ], [ -73.753860927614838, -42.549482649813747 ], [ -73.75385751850834, -42.549487140673826 ], [ -73.753841095508321, -42.54950315846925 ], [ -73.753827954952342, -42.549513452501444 ], [ -73.753809723643641, -42.549530098321782 ], [ -73.753793982464927, -42.549545219390957 ], [ -73.753739453828857, -42.549583019731607 ], [ -73.75372377822714, -42.549598756245103 ], [ -73.753689328734325, -42.549623435410417 ], [ -73.753662514023105, -42.549642621118601 ], [ -73.753616090885842, -42.549667641745636 ], [ -73.753602633224574, -42.549678002590547 ], [ -73.753561196635459, -42.549706276517689 ], [ -73.753548597763583, -42.549716203889886 ], [ -73.753539593949498, -42.549728412417963 ], [ -73.753532931145045, -42.549741395226761 ], [ -73.753515872137797, -42.549765613736689 ], [ -73.753501888962077, -42.54978087372259 ], [ -73.753493705309864, -42.549791651470024 ], [ -73.753477133189477, -42.549809969533428 ], [ -73.753455996729159, -42.549829738873726 ], [ -73.753431919184607, -42.549854785896926 ], [ -73.753412208350639, -42.549870227850249 ], [ -73.753393832413181, -42.549881102863779 ], [ -73.753382281875247, -42.54988930164199 ], [ -73.753352682386648, -42.549906544286422 ], [ -73.753332681396856, -42.549924817976937 ], [ -73.753319275837868, -42.549934409792783 ], [ -73.753283672009886, -42.549967270387093 ], [ -73.753262742162079, -42.549990276432581 ], [ -73.753247412411767, -42.55001186692752 ], [ -73.753230473778757, -42.550031018103887 ], [ -73.753207640400873, -42.550048116441772 ], [ -73.753192080681856, -42.550055634229459 ], [ -73.753187595393626, -42.550059086720196 ], [ -73.753156109442926, -42.550074954807286 ], [ -73.753144824806313, -42.550083853719777 ], [ -73.753141554040369, -42.550087811806364 ], [ -73.753126456055384, -42.550101032779935 ], [ -73.753109221876656, -42.550116715558978 ], [ -73.753094194858591, -42.550125635642388 ], [ -73.753063615308008, -42.55014837691909 ], [ -73.753042748342281, -42.550160779263017 ], [ -73.753029692227926, -42.550168154093527 ], [ -73.753012563152083, -42.55017423316621 ], [ -73.753004550179767, -42.550179175307591 ], [ -73.75299546192403, -42.550183079122519 ], [ -73.75298719293184, -42.550185554163555 ], [ -73.752971494872241, -42.550193604002267 ], [ -73.752954630799422, -42.550200384554508 ], [ -73.752949889491333, -42.550201368614665 ], [ -73.752940801235624, -42.550205273751786 ], [ -73.752929421377615, -42.550207636951882 ], [ -73.752925756251244, -42.550209658014026 ], [ -73.752918435879991, -42.550211935844928 ], [ -73.752909741984681, -42.55021777601246 ], [ -73.752872605630813, -42.55023582593185 ], [ -73.752846638929228, -42.550256346913599 ], [ -73.752835201579032, -42.550264394757853 ], [ -73.752818032977316, -42.550269474541224 ], [ -73.752799255492945, -42.550272112375438 ], [ -73.75278916292072, -42.550270678971323 ], [ -73.752776301740795, -42.550271836415355 ], [ -73.752757068810567, -42.550275073155603 ], [ -73.752737241195604, -42.550276290821088 ], [ -73.75271970518294, -42.550282202454234 ], [ -73.752702217679314, -42.550295415445319 ], [ -73.752688631558968, -42.550304540653258 ], [ -73.752650066883803, -42.550334990871555 ], [ -73.752636569696662, -42.550344349679939 ], [ -73.752612360998057, -42.550365010922043 ], [ -73.752593608666515, -42.550378486619742 ], [ -73.752581329594904, -42.550391500396636 ], [ -73.752573305842773, -42.550398209455857 ], [ -73.752556972674284, -42.550414461946978 ], [ -73.752546634862, -42.550423163602687 ], [ -73.752517844755459, -42.550440741618544 ], [ -73.752500357251819, -42.550453955237877 ], [ -73.752491104604388, -42.550458776252697 ], [ -73.752450611246331, -42.55048370125732 ], [ -73.752443536115152, -42.55049021376022 ], [ -73.752430376694562, -42.550495971841912 ], [ -73.752416918134955, -42.550506331225833 ], [ -73.752401220075384, -42.550514383008448 ], [ -73.752378080371983, -42.550529778474576 ], [ -73.752364483471837, -42.550540669255724 ], [ -73.75234968372753, -42.550549290819447 ], [ -73.752335643957949, -42.550559014893672 ], [ -73.752306675984983, -42.550576124337056 ], [ -73.752279067163045, -42.550599508029542 ], [ -73.752268759893468, -42.550610979171793 ], [ -73.752257465375408, -42.550621643613091 ], [ -73.752243602573941, -42.550631834886318 ], [ -73.752232030476463, -42.550643568083885 ], [ -73.752213386841049, -42.550664963792293 ], [ -73.752181078033544, -42.550679112445778 ], [ -73.752170762679143, -42.550684280210895 ], [ -73.752149753779577, -42.550705285460957 ], [ -73.752106796342702, -42.550731351258435 ], [ -73.752092133142298, -42.550739438747613 ], [ -73.752078132898617, -42.550750164049738 ], [ -73.752050556416009, -42.550768246241887 ], [ -73.752034906865447, -42.550775529014672 ], [ -73.752020246360019, -42.550783616498123 ], [ -73.752004241076591, -42.550789966174491 ], [ -73.751993927518825, -42.550795133930421 ], [ -73.751988897851533, -42.550798952338603 ], [ -73.751972892568119, -42.550805300689873 ], [ -73.7519489982799, -42.550811523966132 ], [ -73.751945332255204, -42.550813546332257 ], [ -73.751930958312343, -42.55081880011619 ], [ -73.751892798777391, -42.550826976271061 ], [ -73.751879106655835, -42.550831332033574 ], [ -73.751862688147384, -42.550839281200155 ], [ -73.751839330153373, -42.550853208121644 ], [ -73.751817753518552, -42.55086374016782 ], [ -73.751809463865115, -42.550869748363553 ], [ -73.751787165883144, -42.550880177832845 ], [ -73.751772078677931, -42.550891632379319 ], [ -73.75176176422184, -42.550896798803308 ], [ -73.751756734554561, -42.550900617867065 ], [ -73.751740315147799, -42.550908565701242 ], [ -73.751735828961287, -42.550912020130106 ], [ -73.751689640284326, -42.550934974209525 ], [ -73.751673903597165, -42.55094202402065 ], [ -73.751668873929887, -42.550945841758093 ], [ -73.751635164648846, -42.550963937128877 ], [ -73.751622260349791, -42.550972164220845 ], [ -73.751606878497185, -42.55098014976663 ], [ -73.751591050181887, -42.55098696596886 ], [ -73.751573882478496, -42.550992043708156 ], [ -73.751506729817748, -42.55100649206792 ], [ -73.751500773089091, -42.551006973172491 ], [ -73.751465813353178, -42.551015493421502 ], [ -73.751454700294801, -42.551018557402031 ], [ -73.751389534707457, -42.551032844946342 ], [ -73.751371654640039, -42.55103605319114 ], [ -73.75135417072967, -42.551041197103117 ], [ -73.751339192220627, -42.551049351390553 ], [ -73.751325606100266, -42.55105847516473 ], [ -73.751320473126739, -42.551071896447894 ], [ -73.751316994849958, -42.55108383934261 ], [ -73.751308907317437, -42.551101151804261 ], [ -73.751295587098411, -42.551110977704454 ], [ -73.751279799207282, -42.551118795805763 ], [ -73.751270145012938, -42.551126598685528 ], [ -73.751256243583924, -42.551135789286739 ], [ -73.751240594033348, -42.551143072678414 ], [ -73.751228084993016, -42.551153235410617 ], [ -73.751213016652429, -42.551161155418477 ], [ -73.751207595319713, -42.551163037479036 ], [ -73.751197685105495, -42.551168373954212 ], [ -73.751189116974317, -42.551175448224285 ], [ -73.751154675566312, -42.551195207205652 ], [ -73.751134998868338, -42.551208496768183 ], [ -73.751129968302735, -42.551212315151119 ], [ -73.751091516815322, -42.551231393826797 ], [ -73.751079306015669, -42.551236955296062 ], [ -73.751074819829128, -42.551240407059723 ], [ -73.751042960179277, -42.551250805364162 ], [ -73.750994358627437, -42.551262914327488 ], [ -73.750972363377713, -42.551271893805875 ], [ -73.750954574938461, -42.551278488285256 ], [ -73.750942364138808, -42.551284049088544 ], [ -73.750916127044306, -42.551289496729751 ], [ -73.75089791460023, -42.551288236069375 ], [ -73.750879662630297, -42.551285974821837 ], [ -73.750870129708488, -42.551288709892376 ], [ -73.750865387502103, -42.551289694597173 ], [ -73.750850232024945, -42.551297380323341 ], [ -73.75084064610256, -42.551308951263657 ], [ -73.750826159870272, -42.551317507868447 ], [ -73.750808498991788, -42.551322183890321 ], [ -73.750798705558566, -42.551330520787808 ], [ -73.750786782219819, -42.551333249238752 ], [ -73.750766154205934, -42.551332362475677 ], [ -73.750753027124688, -42.551332819754258 ], [ -73.750747259940553, -42.551331999829266 ], [ -73.750735603401438, -42.551335429087679 ], [ -73.750726260024166, -42.551351237291591 ], [ -73.750714244158928, -42.551361801018359 ], [ -73.750703901855061, -42.551364200571655 ], [ -73.750688746377904, -42.551371886288635 ], [ -73.750672964774978, -42.551386006326084 ], [ -73.750661847225032, -42.551397140486529 ], [ -73.750648155103477, -42.551401494885724 ], [ -73.75063018700115, -42.5514044701711 ], [ -73.750618320256265, -42.551412732940186 ], [ -73.750613829578157, -42.551424256212236 ], [ -73.750615071948189, -42.551427527966119 ], [ -73.750611696977657, -42.551441088801774 ], [ -73.750602448821809, -42.551449060390567 ], [ -73.750595378182211, -42.551461874753855 ], [ -73.750592636523962, -42.551475303891422 ], [ -73.750586605235142, -42.551488155307993 ], [ -73.750574410605168, -42.551498251807814 ], [ -73.750565634064841, -42.551510160871125 ], [ -73.750560816399982, -42.551523515880973 ], [ -73.750551723652677, -42.551535489792052 ], [ -73.750539529022689, -42.551545587607762 ], [ -73.750529942201965, -42.551557158502099 ], [ -73.750527200543729, -42.551570588280889 ], [ -73.750529959269969, -42.551584135850248 ], [ -73.750527724261545, -42.551588129576785 ], [ -73.75051364406778, -42.551596852906982 ], [ -73.7505060811514, -42.551609265551257 ], [ -73.75050478039087, -42.551622899802837 ], [ -73.750498116688092, -42.551635882217553 ], [ -73.750484675196503, -42.551650776454629 ], [ -73.750478643009359, -42.55166362783504 ], [ -73.750479570070723, -42.551666965090611 ], [ -73.750472878520185, -42.551677180678297 ], [ -73.750468392333659, -42.551680633079307 ], [ -73.750460559024376, -42.551689194265464 ], [ -73.750448948299336, -42.551699925360225 ], [ -73.750444415400395, -42.551718517493725 ], [ -73.750438067904611, -42.551731434374354 ], [ -73.7504284164052, -42.551742389798243 ], [ -73.750420392653069, -42.551749099374035 ], [ -73.75041080673067, -42.551760671554135 ], [ -73.75039699153993, -42.551770094339346 ], [ -73.750381165021238, -42.55177691244058 ], [ -73.750368250840722, -42.55178690565932 ], [ -73.750361902446613, -42.551799821864073 ], [ -73.750359247924948, -42.551813485191396 ], [ -73.750350066244437, -42.551825224784416 ], [ -73.75032288322393, -42.551856463076305 ], [ -73.750304948359286, -42.55187972915801 ], [ -73.750300041761207, -42.551892849826629 ], [ -73.750293149886346, -42.55190613129956 ], [ -73.750287700705826, -42.551919619899678 ], [ -73.750275506974162, -42.551929716329681 ], [ -73.750264477459098, -42.551941082669856 ], [ -73.750261911870652, -42.55195497956646 ], [ -73.750257005272573, -42.551968102204526 ], [ -73.750240688273749, -42.55198888930461 ], [ -73.750217781234014, -42.552010287198904 ], [ -73.750193918386799, -42.552036799798472 ], [ -73.750189558862715, -42.552041487016332 ], [ -73.750177366029376, -42.552051583426618 ], [ -73.750163869740547, -42.552060942639393 ], [ -73.75014509854438, -42.552084254967738 ], [ -73.750131020147222, -42.552092977566844 ], [ -73.750129555893324, -42.552096306858381 ], [ -73.750128254234482, -42.552109941665314 ], [ -73.750118756346978, -42.552121747378074 ], [ -73.750089204469077, -42.552138221770086 ], [ -73.750079706581587, -42.552150026815767 ], [ -73.750085286916118, -42.552166519067683 ], [ -73.750087009884822, -42.552180030111167 ], [ -73.750064886176006, -42.552213368633232 ], [ -73.750045032509931, -42.552251783450785 ], [ -73.750017702165721, -42.552288472391922 ], [ -73.750010334183756, -42.55230588709118 ], [ -73.750005697080255, -42.552334082402794 ], [ -73.750003905839591, -42.552339245398606 ], [ -73.750003458478574, -42.552346146818515 ], [ -73.750001944817313, -42.55235024306797 ], [ -73.750002807199991, -42.552364183549109 ], [ -73.750002208023702, -42.552373384556127 ], [ -73.749997501749931, -42.552394661217903 ], [ -73.749989937935226, -42.552407073703527 ], [ -73.749984311786619, -42.552420093674996 ], [ -73.74997066368249, -42.552442972421836 ], [ -73.749960850486332, -42.552469217490007 ], [ -73.749958196862977, -42.552482879347281 ], [ -73.749956278061546, -42.552486809488194 ], [ -73.749952760258878, -42.552508970872452 ], [ -73.749950970814837, -42.552514133853791 ], [ -73.749948498651165, -42.552534566735375 ], [ -73.749954676365377, -42.552564299190003 ], [ -73.749952984837705, -42.55257914820649 ], [ -73.749952537476688, -42.552586049599853 ], [ -73.749948934334085, -42.552599908633098 ], [ -73.749946735258277, -42.552627345446638 ], [ -73.749953080957425, -42.552659311923186 ], [ -73.749948088121087, -42.55268657202361 ], [ -73.749947337129512, -42.552694923297302 ], [ -73.749948253411105, -42.552700027367621 ], [ -73.749943262371389, -42.552716066837959 ], [ -73.749944279264298, -42.552734011478591 ], [ -73.749953912797395, -42.552766555606766 ], [ -73.749964416798008, -42.552796902714761 ], [ -73.749974002720393, -42.552822142439346 ], [ -73.749976817142198, -42.552826854744609 ], [ -73.749984221056764, -42.552832880618546 ], [ -73.7499854804948, -42.552834863214308 ], [ -73.749986767780584, -42.552836890147098 ], [ -73.750000566801674, -42.552874118729967 ], [ -73.75001303092624, -42.552893466890481 ], [ -73.750016980818557, -42.552896680995332 ], [ -73.750021540666935, -42.55290329912598 ], [ -73.750025489660928, -42.552906513892083 ], [ -73.750033278054431, -42.552916242893033 ], [ -73.75004840837876, -42.552931382332531 ], [ -73.750092274012403, -42.552985816918543 ], [ -73.750104845036475, -42.553009933584235 ], [ -73.750133519260359, -42.55308542482868 ], [ -73.750139756263366, -42.553098250105649 ], [ -73.750155097691803, -42.553111706684405 ], [ -73.750159502131638, -42.553114323222673 ], [ -73.750171299706253, -42.553124731802818 ], [ -73.750197701192462, -42.553143961433399 ], [ -73.750228805359171, -42.553172426357932 ], [ -73.750285879820751, -42.553217183397194 ], [ -73.750313630576514, -42.553244453180092 ], [ -73.750324679854486, -42.553251992420314 ], [ -73.750336972400845, -42.553262804640767 ], [ -73.750361970718572, -42.553282827658442 ], [ -73.750376120980931, -42.553292245581659 ], [ -73.750397642818513, -42.553312993197935 ], [ -73.75040599625234, -42.553318822487412 ], [ -73.750417340177748, -42.553329831233775 ], [ -73.750430224713867, -42.553339511199788 ], [ -73.750441569537585, -42.553350519942512 ], [ -73.750447946677795, -42.55335474318052 ], [ -73.750460554532808, -42.553365489208979 ], [ -73.750470812395037, -42.55337722718658 ], [ -73.750483622370979, -42.55338805791412 ], [ -73.750490612162196, -42.553395683825151 ], [ -73.750508117632151, -42.55340944672605 ], [ -73.750516258165248, -42.553416961461906 ], [ -73.750531300454682, -42.553435017735275 ], [ -73.750549912649063, -42.553452587623745 ], [ -73.750560192969161, -42.55346394177527 ], [ -73.750568226602752, -42.553477906492084 ], [ -73.750581704026956, -42.553497676655844 ], [ -73.75059310454624, -42.553514220829143 ], [ -73.750613453184059, -42.55353861455977 ], [ -73.750657170595659, -42.553580976500598 ], [ -73.750672004475945, -42.553592646940245 ], [ -73.750677247043953, -42.553598366354862 ], [ -73.750681423311704, -42.553601280655471 ], [ -73.750709890923062, -42.553636722748664 ], [ -73.750729293634876, -42.553650093185219 ], [ -73.750740915139701, -42.553660035811895 ], [ -73.750754890230581, -42.553683357469062 ], [ -73.750761878225177, -42.553690983343984 ], [ -73.75077499362834, -42.553714735781178 ], [ -73.750787543991166, -42.5537423878312 ], [ -73.750805732180723, -42.553792067126629 ], [ -73.750808658891927, -42.553807850224011 ], [ -73.750809289509249, -42.553830160030046 ], [ -73.750815233661484, -42.553853889253467 ], [ -73.750827434579676, -42.553886909247908 ], [ -73.750828349962958, -42.553892014544211 ], [ -73.750834209673542, -42.553907438955299 ], [ -73.750838367974993, -42.553928261143241 ], [ -73.750838535959957, -42.553944867405548 ], [ -73.75083945224155, -42.553949972697097 ], [ -73.750835874251777, -42.553974668670541 ], [ -73.750834222249949, -42.553979298833575 ], [ -73.750835087327587, -42.554007612501543 ], [ -73.750834336335998, -42.554015963598474 ], [ -73.750836402461147, -42.554032176105217 ], [ -73.750834845680757, -42.554043342218606 ], [ -73.750835079242748, -42.554049344814345 ], [ -73.750830893991832, -42.554062569580914 ], [ -73.750823737113961, -42.554075150477082 ], [ -73.750814643468345, -42.55408712389864 ], [ -73.750802497347394, -42.554118895739485 ], [ -73.750803447764952, -42.554133071402823 ], [ -73.750801369961707, -42.554141067131951 ], [ -73.750801571184326, -42.554152372189911 ], [ -73.750802306006236, -42.554165078797354 ], [ -73.750801555014647, -42.554173429873224 ], [ -73.750802438956882, -42.554183836953293 ], [ -73.750809823108526, -42.554193398336601 ], [ -73.750814338939449, -42.554207084962329 ], [ -73.750810244418403, -42.554220542625472 ], [ -73.750798542963508, -42.554231041016799 ], [ -73.750791253134963, -42.554250457576792 ], [ -73.750790089816675, -42.554263557895077 ], [ -73.750799997335946, -42.554303106982836 ], [ -73.750796217225229, -42.554316499113803 ], [ -73.750795230875042, -42.554330067924276 ], [ -73.750799255327522, -42.554343352848925 ], [ -73.750796261242684, -42.55434624395415 ], [ -73.750781598042295, -42.554354331636652 ], [ -73.750774577708341, -42.554366379118569 ], [ -73.750775177782955, -42.554371549225287 ], [ -73.750785344915357, -42.554383054084319 ], [ -73.750796778672282, -42.554394296895744 ], [ -73.750803703784811, -42.554412525598103 ], [ -73.750806954787834, -42.554426475544574 ], [ -73.750805847165068, -42.554430741060521 ], [ -73.750802914165675, -42.554479132081184 ], [ -73.750799840130767, -42.554491243726794 ], [ -73.750800341390701, -42.554497947713209 ], [ -73.750815776243911, -42.554540381793132 ], [ -73.750820389991219, -42.5545606049049 ], [ -73.750822076129012, -42.554576266049764 ], [ -73.750827131847416, -42.554597657763118 ], [ -73.750829314753574, -42.5546168717201 ], [ -73.750828207130809, -42.554621137223052 ], [ -73.750829207854039, -42.554634544505497 ], [ -73.750828759594711, -42.554641446333328 ], [ -73.75082724503514, -42.554645542432119 ], [ -73.750825400793872, -42.554659541956113 ], [ -73.750822214469565, -42.554671802455573 ], [ -73.750821768905183, -42.554681854104587 ], [ -73.750819979461127, -42.554687016906186 ], [ -73.750818259187355, -42.554699099395421 ], [ -73.750824842041766, -42.554729000221108 ], [ -73.750835178057429, -42.55475711039869 ], [ -73.750835518518912, -42.554767881993051 ], [ -73.75082738607064, -42.554803485546771 ], [ -73.750822341132022, -42.554817140937516 ], [ -73.750819920172319, -42.554836806124293 ], [ -73.750812132677112, -42.554863891239656 ], [ -73.750808668773402, -42.554877217077689 ], [ -73.75080822051406, -42.55488411821694 ], [ -73.750794396340154, -42.55493212376188 ], [ -73.750794942515839, -42.554946131162296 ], [ -73.75079982755436, -42.554973355854166 ], [ -73.750789840983344, -42.555013505999689 ], [ -73.750791651088647, -42.555027249353813 ], [ -73.750797511697556, -42.555042675469501 ], [ -73.750803338170485, -42.555063401990452 ], [ -73.750804178993604, -42.555080879440908 ], [ -73.750802643772772, -42.555088508453693 ], [ -73.750802468601293, -42.555102413913588 ], [ -73.750806175948469, -42.5551157648462 ], [ -73.750808390295646, -42.555129677578961 ], [ -73.750804927290233, -42.555143004021957 ], [ -73.750813790068818, -42.555176211925328 ], [ -73.750816636829938, -42.555189994947 ], [ -73.750816869493619, -42.555195997432492 ], [ -73.750740130012147, -42.555985654399329 ], [ -73.750741515214315, -42.556002766325406 ], [ -73.750740312370155, -42.556014865102746 ], [ -73.750739308053667, -42.556017682680313 ], [ -73.750743429524192, -42.556045198058669 ], [ -73.75073317525522, -42.556561397992233 ], [ -73.75073578396281, -42.556568140797012 ], [ -73.75074251414091, -42.556581367676664 ], [ -73.75075921112709, -42.556631609148496 ], [ -73.750763117001966, -42.556641892079384 ], [ -73.750767843936984, -42.556661966287777 ], [ -73.750781263869015, -42.556687419503945 ], [ -73.750796890961695, -42.556728553827355 ], [ -73.750802632094675, -42.556740979346863 ], [ -73.750819678525502, -42.556785852272206 ], [ -73.750821510190363, -42.556796061728356 ], [ -73.750818452325149, -42.556809557212112 ], [ -73.750808054325731, -42.556820793631033 ], [ -73.750796352870836, -42.556831291584921 ], [ -73.750787170292014, -42.556843032219234 ], [ -73.750781067137964, -42.556860183612478 ], [ -73.750773592256479, -42.55687283143854 ], [ -73.7507515817354, -42.556894799371058 ], [ -73.750744108650537, -42.556907444543285 ], [ -73.750739607192656, -42.556920734874652 ], [ -73.750746792816628, -42.556947736372543 ], [ -73.75073452721972, -42.556962134387518 ], [ -73.750733819347289, -42.556974635956429 ], [ -73.750736099271478, -42.55697794513646 ], [ -73.750747355161991, -42.55698871965599 ], [ -73.750761101182448, -42.556997969609 ], [ -73.750778345242665, -42.557002962822907 ], [ -73.750796826282993, -42.557004924111702 ], [ -73.750813250181338, -42.557011347927578 ], [ -73.750828082264974, -42.557019868018578 ], [ -73.750849364252375, -42.557039529864426 ], [ -73.750857719482838, -42.557045358805823 ], [ -73.750873531628471, -42.5570596006364 ], [ -73.750882207557481, -42.557071666785447 ], [ -73.750894006928746, -42.557082078014083 ], [ -73.750906700123707, -42.557101127103984 ], [ -73.750914157937189, -42.557109537340175 ], [ -73.750921404646604, -42.557119632268886 ], [ -73.750935699537706, -42.557146040795864 ], [ -73.750940492948075, -42.557158660772558 ], [ -73.750945437275391, -42.557168981995289 ], [ -73.750950763386712, -42.557183003451058 ], [ -73.750952596848208, -42.557193214165643 ], [ -73.750963899451122, -42.557225664653764 ], [ -73.750967806224295, -42.557235947486767 ], [ -73.750969637889156, -42.55724615753099 ], [ -73.750976474966777, -42.557264155128493 ], [ -73.750980587454137, -42.557277673008826 ], [ -73.75098135371708, -42.55728507743666 ], [ -73.750978790823581, -42.557302125483154 ], [ -73.750975220020322, -42.557310683913066 ], [ -73.750969295631023, -42.557353897547735 ], [ -73.750963442208629, -42.557415250310044 ], [ -73.750957515124384, -42.557432870028769 ], [ -73.750953678419805, -42.557440727040095 ], [ -73.750951340105118, -42.557454324286006 ], [ -73.750950394179128, -42.557468894225686 ], [ -73.750943115130383, -42.557486543043993 ], [ -73.75094058816947, -42.557501439855002 ], [ -73.750938255244705, -42.557506967680617 ], [ -73.750939084389714, -42.557526210518255 ], [ -73.750937975868638, -42.557530475822333 ], [ -73.750944711436645, -42.557561226234377 ], [ -73.750949771646646, -42.557574547526251 ], [ -73.7509629580167, -42.557616440892929 ], [ -73.750975476040182, -42.557649394712044 ], [ -73.750979451983625, -42.557677818541549 ], [ -73.750983427927082, -42.557706243019808 ], [ -73.7509840522562, -42.557722250765565 ], [ -73.750979857123824, -42.557774056228034 ], [ -73.750975558685184, -42.557787429748359 ], [ -73.750972814331988, -42.557800859509918 ], [ -73.75097376474956, -42.557815034336869 ], [ -73.751006603563098, -42.557903277227354 ], [ -73.751009996499917, -42.5579166937301 ], [ -73.751013716423515, -42.55794264932144 ], [ -73.751020499602205, -42.557969480983743 ], [ -73.751028588931362, -42.55798898240068 ], [ -73.751039585208744, -42.558005358636748 ], [ -73.751044259143157, -42.558023047004873 ], [ -73.751043149723799, -42.55802731161333 ], [ -73.751047573926556, -42.5580488344822 ], [ -73.751043078756894, -42.558079648161176 ], [ -73.751046603746062, -42.558123042566798 ], [ -73.751049649034883, -42.558133756674692 ], [ -73.751055711764721, -42.558160487016075 ], [ -73.751062132024074, -42.558180082995129 ], [ -73.751063626820695, -42.558193893144363 ], [ -73.75106129209928, -42.558199419585293 ], [ -73.751059525113092, -42.558215419925901 ], [ -73.751056498688911, -42.558223612977436 ], [ -73.751054160374238, -42.558237210714445 ], [ -73.751056196854975, -42.558250656259752 ], [ -73.751061169928391, -42.558263744489558 ], [ -73.751064017587836, -42.55827752484425 ], [ -73.751063075255118, -42.558306467152285 ], [ -73.751055441371818, -42.558337552658287 ], [ -73.751053523468684, -42.558341481107142 ], [ -73.75105202328217, -42.55835818280169 ], [ -73.751050058666635, -42.558366027786114 ], [ -73.751047446365803, -42.558395063351171 ], [ -73.751045480851957, -42.558402909654326 ], [ -73.751044016598044, -42.55841746084522 ], [ -73.751033027507177, -42.558444201652108 ], [ -73.751021681785119, -42.558503668856538 ], [ -73.751017627688256, -42.558521278342631 ], [ -73.751016253265874, -42.558524842190209 ], [ -73.75101279654865, -42.558558842979963 ], [ -73.751013296910273, -42.558565547191073 ], [ -73.751011604484276, -42.558591618969402 ], [ -73.751004374842864, -42.558608500575687 ], [ -73.750989756558241, -42.558623890075047 ], [ -73.750976257574479, -42.558633249625565 ], [ -73.750955462473982, -42.558655720481255 ], [ -73.750946367930013, -42.558667695670735 ], [ -73.750941955405338, -42.558681219863857 ], [ -73.750940143503414, -42.558689916396894 ], [ -73.750932625502813, -42.558709632636408 ], [ -73.750929633214596, -42.558726896003066 ], [ -73.750944200295237, -42.558771526647156 ], [ -73.750949112283223, -42.558787149680938 ], [ -73.750949761765185, -42.558791553190872 ], [ -73.75094538247815, -42.558825367902045 ], [ -73.750939946772363, -42.55885145876065 ], [ -73.750941505349402, -42.558854665941837 ], [ -73.75093450298175, -42.558871249057674 ], [ -73.750925595287399, -42.558915585811214 ], [ -73.750923260565969, -42.558921112849902 ], [ -73.750931949969711, -42.55894578502059 ], [ -73.750937426998007, -42.558957508053275 ], [ -73.750944212871644, -42.558976270723825 ], [ -73.750949358421607, -42.55899789648781 ], [ -73.750949226369258, -42.559015952469792 ], [ -73.750941807183324, -42.55903413350444 ], [ -73.750942371325323, -42.559052677135327 ], [ -73.750949106893316, -42.559072206004366 ], [ -73.750955645730286, -42.559094803083113 ], [ -73.750956146990205, -42.559101507236676 ], [ -73.750954639617163, -42.559111904893015 ], [ -73.750954499479974, -42.559123660316885 ], [ -73.750956448824141, -42.559136871436223 ], [ -73.750956465892131, -42.559152627376321 ], [ -73.75096695462139, -42.559192810563687 ], [ -73.750975479633439, -42.559215248133896 ], [ -73.750979186082304, -42.559228599509929 ], [ -73.750996056443341, -42.559273004162534 ], [ -73.750997539561865, -42.559288582076576 ], [ -73.75099059558471, -42.559325071685684 ], [ -73.750983770185201, -42.559342122483258 ], [ -73.750986302535992, -42.559355969429291 ], [ -73.750994864378953, -42.559379406736568 ], [ -73.750995727659941, -42.559393348294293 ], [ -73.75099188915874, -42.559401204397098 ], [ -73.750990904605189, -42.559414773425324 ], [ -73.750998213298331, -42.559436706717399 ], [ -73.750999893147906, -42.55944606482263 ], [ -73.751017561212919, -42.559492574776634 ], [ -73.751023835945176, -42.559506401177337 ], [ -73.75103715436758, -42.55954145812953 ], [ -73.751049658916344, -42.559584249393382 ], [ -73.751070791783405, -42.559639874485647 ], [ -73.751080530419401, -42.559647001391205 ], [ -73.751096667755149, -42.559653927808284 ], [ -73.751107949696816, -42.559664717084317 ], [ -73.751116573523532, -42.559676726487226 ], [ -73.75112640558433, -42.559688276023792 ], [ -73.751136124457389, -42.559707862921286 ], [ -73.751140115672186, -42.559713924522903 ], [ -73.75114149368784, -42.559718192985834 ], [ -73.75114874578712, -42.559731197536848 ], [ -73.751156977948384, -42.559748289908903 ], [ -73.751158815901462, -42.559753980969028 ], [ -73.751167595136735, -42.559766465436788 ], [ -73.751191576561553, -42.559784035527748 ], [ -73.751205851689733, -42.559792542668369 ], [ -73.751221255101925, -42.559800349757047 ], [ -73.751237559524327, -42.559806744833182 ], [ -73.751255098231937, -42.559810665911115 ], [ -73.751273273845072, -42.559809212875855 ], [ -73.751291743207318, -42.559809712439446 ], [ -73.751326547534674, -42.559819857880221 ], [ -73.751363253595514, -42.559820145046523 ], [ -73.751399566194237, -42.559825513865142 ], [ -73.751415214846489, -42.559833027166697 ], [ -73.751428680592582, -42.559842178108759 ], [ -73.751445639886853, -42.559847454952909 ], [ -73.751461097197932, -42.559845980083288 ], [ -73.751479378812277, -42.559842752441156 ], [ -73.751497860750945, -42.559842246922756 ], [ -73.751515733631834, -42.559845106012922 ], [ -73.751533015421273, -42.559850325291244 ], [ -73.751570228131911, -42.559854284081808 ], [ -73.751606819208376, -42.559862610576133 ], [ -73.751623367074231, -42.559868711201403 ], [ -73.751639260068245, -42.559875930714995 ], [ -73.751653854996661, -42.559884381600938 ], [ -73.75166747255804, -42.55989400761645 ], [ -73.751679536034004, -42.559906163204879 ], [ -73.751694054605622, -42.559914377207946 ], [ -73.751710377892636, -42.559925029472758 ], [ -73.751717716230203, -42.559932004161091 ], [ -73.751723891249469, -42.55993642744037 ], [ -73.751764114214637, -42.559959150585492 ], [ -73.751788215115383, -42.559973942923747 ], [ -73.751807187534197, -42.559989641087036 ], [ -73.751818469475836, -42.560000431628367 ], [ -73.75182274904985, -42.560003184182143 ], [ -73.751859747961461, -42.560041639198396 ], [ -73.751873519134776, -42.560051738946157 ], [ -73.751898023379084, -42.560071973505295 ], [ -73.751916232229888, -42.560090563144684 ], [ -73.751926687721493, -42.560097740285734 ], [ -73.751946911493476, -42.560115221619547 ], [ -73.751986601757679, -42.560155708555222 ], [ -73.752002916061556, -42.560172626130196 ], [ -73.752014595058554, -42.560183597275689 ], [ -73.752033580053777, -42.560198290971947 ], [ -73.752063790396789, -42.560227793484536 ], [ -73.752077305550245, -42.560241822854671 ], [ -73.752091553728945, -42.560254972202046 ], [ -73.752114036763885, -42.560271051415832 ], [ -73.752123549024432, -42.560282655760858 ], [ -73.752126075985331, -42.5602904799916 ], [ -73.752137277976914, -42.560312562512884 ], [ -73.752149235451654, -42.560343281778806 ], [ -73.752153202411961, -42.560356616371813 ], [ -73.752157955398133, -42.560376578886711 ], [ -73.752161699576234, -42.560394463759557 ], [ -73.752169314594894, -42.560421188500797 ], [ -73.752167964427031, -42.560448493512439 ], [ -73.752176220842784, -42.560475105085594 ], [ -73.752181626005864, -42.560488687775305 ], [ -73.752188724493223, -42.560501219074339 ], [ -73.752201944999271, -42.560510663036503 ], [ -73.752219652590142, -42.560514054075632 ], [ -73.752236611884399, -42.560519330201259 ], [ -73.75226565082427, -42.560535756721542 ], [ -73.752281465664851, -42.56054273994323 ], [ -73.752295328466303, -42.560552070754305 ], [ -73.752304839828554, -42.560563675047071 ], [ -73.752337217806328, -42.560592543511525 ], [ -73.75235059461923, -42.560602463858828 ], [ -73.752361067178796, -42.560613898094303 ], [ -73.75236964519145, -42.560640453355383 ], [ -73.752377236853931, -42.560657659284686 ], [ -73.752384978535048, -42.560670076743527 ], [ -73.752398442484534, -42.560679227562794 ], [ -73.752409725324483, -42.560690017323189 ], [ -73.752418352744485, -42.560702029175431 ], [ -73.752428749845592, -42.560713225193595 ], [ -73.752440276128979, -42.560723721831017 ], [ -73.752453894588683, -42.560733347055404 ], [ -73.752465010342021, -42.560744667460739 ], [ -73.752476858222295, -42.560755106528106 ], [ -73.752490963568889, -42.560764145513801 ], [ -73.752506293319215, -42.560771714282097 ], [ -73.752531103889055, -42.560792898094448 ], [ -73.752560050302463, -42.560810092733441 ], [ -73.75258624876939, -42.560829276987782 ], [ -73.752635573465014, -42.560847636804645 ], [ -73.752651709902452, -42.560854561765154 ], [ -73.752667192366388, -42.560862606257764 ], [ -73.752683662977105, -42.560868469910154 ], [ -73.752699800312882, -42.560875395530012 ], [ -73.752713586757537, -42.560884490077889 ], [ -73.752725678979587, -42.560894635343914 ], [ -73.752746109364097, -42.560903308410303 ], [ -73.75276256739842, -42.560910177785004 ], [ -73.75279215880218, -42.560932521443362 ], [ -73.752821964004994, -42.560968110893334 ], [ -73.752834285297439, -42.560978968754895 ], [ -73.752838564871439, -42.56098172192717 ], [ -73.75285009205318, -42.560992218519374 ], [ -73.752858651201208, -42.560997724200973 ], [ -73.752874046528547, -42.5610117977293 ], [ -73.752903514863121, -42.561048449099154 ], [ -73.752913820336062, -42.561060413904507 ], [ -73.752957487442032, -42.561105334671488 ], [ -73.752968038155032, -42.561117006350663 ], [ -73.752971845215214, -42.561119342009547 ], [ -73.752994715424023, -42.561141868872689 ], [ -73.753005267035363, -42.561153541206671 ], [ -73.753009072298894, -42.561155876864206 ], [ -73.753031700860902, -42.561178697490732 ], [ -73.75307300180441, -42.561226793472251 ], [ -73.753083873215971, -42.561238407564424 ], [ -73.753109738407957, -42.561258652986943 ], [ -73.753119570468741, -42.561270201569009 ], [ -73.753125142718446, -42.561283251450973 ], [ -73.753123792550582, -42.561310556085346 ], [ -73.753119925303281, -42.561323770711567 ], [ -73.753116008648632, -42.561351529225135 ], [ -73.753118694611331, -42.561365088566056 ], [ -73.75312426686105, -42.561378140413119 ], [ -73.753134008191978, -42.561390454510068 ], [ -73.753141824433271, -42.561403110681113 ], [ -73.753146588199229, -42.561416804327088 ], [ -73.753153046187805, -42.561429449244621 ], [ -73.753176573963401, -42.561450859120114 ], [ -73.753202042100028, -42.561470924503261 ], [ -73.753214132525429, -42.561481068350581 ], [ -73.753236134961682, -42.561502999593031 ], [ -73.753251783613948, -42.561510512030921 ], [ -73.753261615674731, -42.561522059243082 ], [ -73.753273219213256, -42.561532792617051 ], [ -73.753289767977421, -42.561538893079017 ], [ -73.75330689705325, -42.561543638470518 ], [ -73.753322789148953, -42.561550856467015 ], [ -73.753341625922147, -42.561553547418455 ], [ -73.753358160313269, -42.561560653594121 ], [ -73.753371138274161, -42.561570391832376 ], [ -73.753385979340976, -42.561578548052402 ], [ -73.753403762390334, -42.561582175244233 ], [ -73.753436524847061, -42.561595438775377 ], [ -73.753472077471073, -42.561603698210249 ], [ -73.753488932560742, -42.561610748139543 ], [ -73.753515066348996, -42.561623426762125 ], [ -73.753529340578851, -42.561631934313645 ], [ -73.753577326784693, -42.561654540390158 ], [ -73.753590457459211, -42.561664753019642 ], [ -73.753602290966441, -42.561676196985275 ], [ -73.753615421640959, -42.561686410272877 ], [ -73.753630658864793, -42.561694748432487 ], [ -73.753716792927506, -42.561739941343866 ], [ -73.75374395259179, -42.561756322550401 ], [ -73.753767557622524, -42.561777969847022 ], [ -73.753798246767587, -42.561796361144047 ], [ -73.753826856312742, -42.561811985405392 ], [ -73.753841117966189, -42.561821498642679 ], [ -73.753852630774873, -42.561832998819959 ], [ -73.753862860789326, -42.561844726603454 ], [ -73.753886452345327, -42.561867377595199 ], [ -73.753905465188311, -42.561880061458851 ], [ -73.753917864634175, -42.561891155371313 ], [ -73.753954012841206, -42.561913846045286 ], [ -73.753973189177572, -42.56193752654098 ], [ -73.754006124110845, -42.56197231349708 ], [ -73.754013737332869, -42.561976984750743 ], [ -73.754025829554919, -42.561987129839117 ], [ -73.754055341906948, -42.562003974797648 ], [ -73.754091977000868, -42.562026077223635 ], [ -73.754104954063465, -42.562035815389265 ], [ -73.754160213029849, -42.562092475100599 ], [ -73.754169558203728, -42.562104609749632 ], [ -73.754180520345159, -42.562115455503715 ], [ -73.754202094285034, -42.562139215320762 ], [ -73.754206373859034, -42.562141969103479 ], [ -73.754238027794713, -42.562176980906095 ], [ -73.754251326454181, -42.562186661484759 ], [ -73.75430374674427, -42.562246078145463 ], [ -73.754314463645599, -42.562257217646547 ], [ -73.754323976804443, -42.56226882162219 ], [ -73.754346696994617, -42.562290875654099 ], [ -73.754358114581876, -42.562297881837026 ], [ -73.75437084730271, -42.562307914393223 ], [ -73.754380680261818, -42.562319460796125 ], [ -73.75439793869505, -42.562331953351958 ], [ -73.754428183174042, -42.562347916242324 ], [ -73.754453848041706, -42.562365439952757 ], [ -73.754466170232448, -42.562376297571149 ], [ -73.75447656823188, -42.562387493288888 ], [ -73.754511059945528, -42.562419748536797 ], [ -73.754522419142305, -42.562430776188684 ], [ -73.754536207383595, -42.56243986984822 ], [ -73.754568989603257, -42.562474181462868 ], [ -73.754580914738654, -42.56248485777153 ], [ -73.754615884356028, -42.562506001965161 ], [ -73.754623970091899, -42.562511091338514 ], [ -73.754635817972186, -42.562521530110345 ], [ -73.754656369629245, -42.562544216585174 ], [ -73.754693422439786, -42.562570755806895 ], [ -73.754725521041522, -42.562591405061646 ], [ -73.754736560438019, -42.562602488261305 ], [ -73.754740840910372, -42.562605242685223 ], [ -73.754753009489193, -42.562615624539937 ], [ -73.754763789272616, -42.562628007203585 ], [ -73.754785115277457, -42.562644165864704 ], [ -73.754789395749782, -42.562646918963495 ], [ -73.754809687793724, -42.56267090486017 ], [ -73.754828545228193, -42.562694643293099 ], [ -73.754848363859992, -42.562718211013198 ], [ -73.754861610417151, -42.562737173692234 ], [ -73.754868246272167, -42.562743022612295 ], [ -73.754870586383475, -42.56274711884096 ], [ -73.754873904760132, -42.562750041977324 ], [ -73.754891616842599, -42.562775485432063 ], [ -73.754901282715068, -42.562787564370296 ], [ -73.754917712901602, -42.562813233429559 ], [ -73.754940461837862, -42.562833277202039 ], [ -73.754952556754844, -42.562846054160779 ], [ -73.754957239672422, -42.562854248589211 ], [ -73.754977847025046, -42.562872916134964 ], [ -73.754993099520249, -42.562897038904424 ], [ -73.75499810852628, -42.562910441100598 ], [ -73.75500070735238, -42.56291323984086 ], [ -73.755035221523912, -42.563016918853407 ], [ -73.75504158878266, -42.563030331610072 ], [ -73.755045121856668, -42.563034971687458 ], [ -73.755048152772432, -42.563041201683895 ], [ -73.755055476736942, -42.563049181053934 ], [ -73.755064639552828, -42.563062851842915 ], [ -73.755071738938526, -42.563075382624945 ], [ -73.755076426347699, -42.563088840360507 ], [ -73.755078346945766, -42.563116821060959 ], [ -73.755086026643113, -42.563144788516084 ], [ -73.755085418483674, -42.563148153608125 ], [ -73.755089326155158, -42.563160245706982 ], [ -73.755088717995719, -42.563163610798213 ], [ -73.755091475823647, -42.563172146590134 ], [ -73.755093500626288, -42.563181563020883 ], [ -73.755107288867592, -42.563224240633183 ], [ -73.755109888592017, -42.563227040682641 ], [ -73.755117621289983, -42.563245724657811 ], [ -73.755120220116112, -42.563248523382988 ], [ -73.755127812676889, -42.563265729916367 ], [ -73.755147708563811, -42.563289533625017 ], [ -73.755160045127596, -42.563299386056585 ], [ -73.755165273322547, -42.563302974111842 ], [ -73.75517567132195, -42.563314170986544 ], [ -73.755186572377923, -42.563323775300596 ], [ -73.755234747229991, -42.563383689090088 ], [ -73.755262126083224, -42.563421211102003 ], [ -73.755277293238464, -42.563434572164198 ], [ -73.755287675068203, -42.56344677403893 ], [ -73.755298577022501, -42.563456378332553 ], [ -73.755300917133809, -42.563460475837665 ], [ -73.755307096644657, -42.563467530850239 ], [ -73.755309436755979, -42.563471627692955 ], [ -73.755318672335392, -42.563480273935724 ], [ -73.755335989159121, -42.563505537128094 ], [ -73.755342201907638, -42.563518474726273 ], [ -73.755351805796352, -42.563546101259881 ], [ -73.755351716863132, -42.563563661023629 ], [ -73.755354115364938, -42.563580530698559 ], [ -73.755357102263261, -42.563589776366243 ], [ -73.755356494103808, -42.563593142095897 ], [ -73.755364508872773, -42.563620047416229 ], [ -73.755369746949214, -42.563634160051024 ], [ -73.755378623202532, -42.56365113887631 ], [ -73.755391609248264, -42.563668770728448 ], [ -73.755404965399904, -42.563691224553153 ], [ -73.755420649984771, -42.563718779553945 ], [ -73.755430751540146, -42.563739552815541 ], [ -73.755441323812718, -42.563772271829826 ], [ -73.75544931432718, -42.563789659505765 ], [ -73.755456887125021, -42.563802606307888 ], [ -73.755463995493855, -42.563808869970828 ], [ -73.755473492483048, -42.563818846707044 ], [ -73.755487236706898, -42.563830956539917 ], [ -73.755500086208713, -42.563849740240464 ], [ -73.755512347314038, -42.563876146580704 ], [ -73.755517828833888, -42.563889966716957 ], [ -73.755531923400696, -42.563916799791578 ], [ -73.755540550820683, -42.563928810360991 ], [ -73.755543867400718, -42.563931732780333 ], [ -73.75555046013659, -42.563940593989052 ], [ -73.755557636777397, -42.563953362119818 ], [ -73.75556669898198, -42.563974066493834 ], [ -73.755583533410416, -42.56400517961125 ], [ -73.755600423534389, -42.564032273318077 ], [ -73.755614617814189, -42.564052070573091 ], [ -73.755623609051867, -42.564061010498477 ], [ -73.755636018379192, -42.564082628545449 ], [ -73.755645010515195, -42.564091567143223 ], [ -73.755648039634323, -42.564097799019017 ], [ -73.755652981266707, -42.564104695830395 ], [ -73.755655508227605, -42.564112520905113 ], [ -73.755658107053719, -42.564115318929801 ], [ -73.755661784756484, -42.564126700252906 ], [ -73.755665275609701, -42.564134353963254 ], [ -73.755686001539914, -42.564195355350954 ], [ -73.755691895386505, -42.564208350367636 ], [ -73.755702634745703, -42.564240537849884 ], [ -73.755708497151275, -42.564252912251519 ], [ -73.755711025908781, -42.564260735984398 ], [ -73.755716166967161, -42.564270354046869 ], [ -73.755729266200632, -42.564310897170962 ], [ -73.755739047057446, -42.564331726473547 ], [ -73.755748560216304, -42.564360121455699 ], [ -73.755760898576739, -42.564386765103329 ], [ -73.75577702333608, -42.564411486719557 ], [ -73.75578294053885, -42.564417208450685 ], [ -73.75581056373386, -42.564454436079771 ], [ -73.755819191153847, -42.564466446545651 ], [ -73.75583441580126, -42.564492580035825 ], [ -73.755853781682163, -42.564519988463857 ], [ -73.755857100058819, -42.56452291019388 ], [ -73.755874583969188, -42.564547643003721 ], [ -73.755881218027568, -42.564553488445959 ], [ -73.755897219717724, -42.564575726263122 ], [ -73.755911419387431, -42.564600786555317 ], [ -73.755917786646151, -42.564614198309847 ], [ -73.755941959412141, -42.564652285930336 ], [ -73.755949541193132, -42.564658966991594 ], [ -73.755959940090861, -42.564670163622942 ], [ -73.755967050256345, -42.564676427860441 ], [ -73.755972496741919, -42.564684362692688 ], [ -73.755979605110738, -42.564690626267115 ], [ -73.755992129422438, -42.5647042040694 ], [ -73.756001704565051, -42.564717050776842 ], [ -73.756010073270247, -42.564730359293449 ], [ -73.756011682152916, -42.564735337332934 ], [ -73.756016825007904, -42.564744955983855 ], [ -73.756026103706475, -42.564767377663408 ], [ -73.756054830032653, -42.564856288882318 ], [ -73.756056952751663, -42.56487020010497 ], [ -73.756055316021218, -42.564884022005877 ], [ -73.756043745720348, -42.564910124886616 ], [ -73.756041941004952, -42.564924478059027 ], [ -73.756037901281118, -42.564932961342102 ], [ -73.756033943303976, -42.564946943340928 ], [ -73.75602512454283, -42.564959527335674 ], [ -73.75600034182078, -42.564986708623351 ], [ -73.755973904401969, -42.565023456239288 ], [ -73.755967637754537, -42.565036591346548 ], [ -73.755964167562581, -42.565049986466938 ], [ -73.755960462012055, -42.565057407174528 ], [ -73.755953278184734, -42.565084491161734 ], [ -73.755950555391081, -42.565112789866717 ], [ -73.75594537211191, -42.565139769956019 ], [ -73.755933646402497, -42.565162766438725 ], [ -73.755928893416325, -42.565176387804939 ], [ -73.755923722713547, -42.565185571044132 ], [ -73.755921124785758, -42.565199562910593 ], [ -73.755917774069744, -42.565226971689633 ], [ -73.755915701656392, -42.565232099214732 ], [ -73.755914539236414, -42.565246339176745 ], [ -73.755906793962012, -42.565262243099248 ], [ -73.755902879104028, -42.565290001183754 ], [ -73.755901683446382, -42.56531778042757 ], [ -73.755902048162383, -42.565331500340569 ], [ -73.755898442324835, -42.56534867718841 ], [ -73.755897270023397, -42.565352392817452 ], [ -73.755896805594375, -42.56536250030652 ], [ -73.755899765543248, -42.565390548795129 ], [ -73.755898593241795, -42.565394265083306 ], [ -73.755901121999329, -42.565402088011432 ], [ -73.755900931556482, -42.56540989175172 ], [ -73.755929247352555, -42.565499627086695 ], [ -73.755930812217784, -42.565507620697787 ], [ -73.755934489022238, -42.56551900176688 ], [ -73.755936092515029, -42.565532879761136 ], [ -73.755942024989153, -42.565554388131972 ], [ -73.755944049791808, -42.565563804864794 ], [ -73.755946347682297, -42.5655709171998 ], [ -73.755948143414543, -42.565579622696731 ], [ -73.755949595990373, -42.565612448588745 ], [ -73.755953776749706, -42.565639029510031 ], [ -73.755965272490386, -42.565679854914329 ], [ -73.755970916605307, -42.565704671951728 ], [ -73.755978060906784, -42.565730979588459 ], [ -73.75601582877627, -42.565847868909593 ], [ -73.75601854438338, -42.565859419288643 ], [ -73.756037466496522, -42.565917982284248 ], [ -73.756038113283523, -42.565923131585635 ], [ -73.75605588555311, -42.565978137054223 ], [ -73.756056533238407, -42.565983285689043 ], [ -73.756080358356385, -42.566057022535126 ], [ -73.75608986702369, -42.566080156294007 ], [ -73.756092208033294, -42.566084253626755 ], [ -73.756096115704793, -42.566096345156524 ], [ -73.756103646281815, -42.566112308406929 ], [ -73.756105714203585, -42.566118710113813 ], [ -73.756113930195198, -42.566131544621079 ], [ -73.756120749306518, -42.566152646559239 ], [ -73.756126581169326, -42.566164399333367 ], [ -73.756129338098944, -42.566172934714693 ], [ -73.756142338517733, -42.566203721887057 ], [ -73.756154604114627, -42.566235389641122 ], [ -73.756161460955184, -42.566248214861908 ], [ -73.756164059781298, -42.566251012790801 ], [ -73.756167549736176, -42.566258668225366 ], [ -73.756174142472062, -42.566267528441927 ], [ -73.756180832225979, -42.566280883601749 ], [ -73.756196468301809, -42.566306192633931 ], [ -73.756214350165862, -42.566331104693219 ], [ -73.75626039780731, -42.5663833747316 ], [ -73.756272275332009, -42.566391804887964 ], [ -73.75628666724117, -42.566409063482702 ], [ -73.756294555347679, -42.56641406123633 ], [ -73.756332787646173, -42.566456307918564 ], [ -73.75634520056677, -42.566466396042308 ], [ -73.756350444033075, -42.566468979602064 ], [ -73.756368254031898, -42.566482124990614 ], [ -73.75637888110171, -42.566494033840925 ], [ -73.756390975120382, -42.566504179517956 ], [ -73.756400489177565, -42.566515782703675 ], [ -73.75642039674257, -42.566533320460302 ], [ -73.756450248657771, -42.566551733511609 ], [ -73.756460338535049, -42.566559349874709 ], [ -73.756466528825669, -42.566562768372386 ], [ -73.756480211964075, -42.566573635184284 ], [ -73.756486390576612, -42.56658069050642 ], [ -73.756490671048937, -42.566583443431504 ], [ -73.756515858012875, -42.566612078211683 ], [ -73.756539685825786, -42.56664070239308 ], [ -73.756559880851682, -42.566654932109564 ], [ -73.756585088476868, -42.56667103283003 ], [ -73.756588405955213, -42.566673955782505 ], [ -73.756603354819859, -42.566682970093076 ], [ -73.75661708377234, -42.566693453817315 ], [ -73.75662814922002, -42.566699895160575 ], [ -73.756639968354207, -42.566709713973552 ], [ -73.756654647724261, -42.566723661832533 ], [ -73.75666253493246, -42.566728660884159 ], [ -73.756676849586512, -42.56674568253289 ], [ -73.756696087008322, -42.566765343960434 ], [ -73.756707937583556, -42.566775782020429 ], [ -73.756717527099212, -42.566787622008299 ], [ -73.756725832922314, -42.566799690245745 ], [ -73.756763245058963, -42.566846217212493 ], [ -73.756771551780403, -42.566858282792218 ], [ -73.756785313970553, -42.566872020229567 ], [ -73.756812673959146, -42.566902651581294 ], [ -73.756835326775672, -42.566932360650249 ], [ -73.756839119462811, -42.566935701720503 ], [ -73.756855104084977, -42.566956312481025 ], [ -73.756858894975466, -42.566959652888343 ], [ -73.756864341461039, -42.566967588091778 ], [ -73.756873087458644, -42.566976820687124 ], [ -73.756882831484532, -42.566989135002231 ], [ -73.75688781533772, -42.566993017917738 ], [ -73.75690707252248, -42.567016935322158 ], [ -73.756912056375668, -42.567020817574324 ], [ -73.756921568636216, -42.567032420002342 ], [ -73.756931537240916, -42.567040183842906 ], [ -73.756941204011682, -42.567052261955439 ], [ -73.756946187864884, -42.567056144205417 ], [ -73.756965521406428, -42.567080299098784 ], [ -73.756970030949162, -42.567083763218058 ], [ -73.756996047058095, -42.56711601140676 ], [ -73.757023070178477, -42.567145073994979 ], [ -73.757031774853587, -42.567157322117296 ], [ -73.757044585727854, -42.567167591404846 ], [ -73.757053534744699, -42.567179544451179 ], [ -73.757076319613574, -42.567202839222993 ], [ -73.757123620404869, -42.567254262351369 ], [ -73.757136906487915, -42.567264949089136 ], [ -73.757146649615493, -42.567277264008936 ], [ -73.757157446466891, -42.567288640124048 ], [ -73.757166959625749, -42.56730024382545 ], [ -73.757178489502408, -42.567310738693031 ], [ -73.757189190234087, -42.567317621917368 ], [ -73.75721377442845, -42.567338092293852 ], [ -73.757227639026553, -42.567347424073397 ], [ -73.757275735725173, -42.567368255670111 ], [ -73.757286455321463, -42.567379395579799 ], [ -73.757295557051918, -42.567391822947876 ], [ -73.757299348840732, -42.567395163993496 ], [ -73.757309753128368, -42.567411621783087 ], [ -73.757353727458153, -42.567466389089113 ], [ -73.757367310883566, -42.567484291115811 ], [ -73.757396274364936, -42.567514639667117 ], [ -73.757425702275341, -42.567551674247881 ], [ -73.757457985031721, -42.567584945676245 ], [ -73.757474562541972, -42.56760319765052 ], [ -73.757479790736909, -42.567606784796652 ], [ -73.757494718041997, -42.567623071178438 ], [ -73.757514050685231, -42.567647227175449 ], [ -73.757524019289932, -42.567654990939481 ], [ -73.757534084014367, -42.567667248223934 ], [ -73.757547382673849, -42.567676930597067 ], [ -73.757558989805631, -42.567687662912135 ], [ -73.757579410308665, -42.567699971794191 ], [ -73.757582729583632, -42.567702894698478 ], [ -73.757593122193157, -42.567708829159706 ], [ -73.757618489718482, -42.567730666251961 ], [ -73.757645473312976, -42.567751214560431 ], [ -73.757648790791322, -42.567754137462323 ], [ -73.757659185197468, -42.567760071257091 ], [ -73.757669890420715, -42.567772216050749 ], [ -73.757678390279935, -42.567779111132751 ], [ -73.757710383778772, -42.567813061891435 ], [ -73.757727409548352, -42.567836370981617 ], [ -73.75775230455983, -42.567860420380356 ], [ -73.757760198056218, -42.567870680289907 ], [ -73.757772734944325, -42.567880623297128 ], [ -73.757776727955772, -42.567886684104728 ], [ -73.757803037813801, -42.567906724923994 ], [ -73.757812776449796, -42.567913778110608 ], [ -73.757824780636952, -42.56792469165989 ], [ -73.757969561212988, -42.568003387450247 ], [ -73.757986055179913, -42.568013507079932 ], [ -73.757997931806273, -42.568021937016027 ], [ -73.75800831812758, -42.568034138655122 ], [ -73.758016818885125, -42.568041033708191 ], [ -73.758027050696214, -42.568052760986262 ], [ -73.758040305338227, -42.568062825696288 ], [ -73.758047341841845, -42.568071483872878 ], [ -73.758052095726342, -42.568074654192912 ], [ -73.758058702835228, -42.568082509864183 ], [ -73.758063931030193, -42.56808609764434 ], [ -73.758068657066914, -42.568091278522886 ], [ -73.758081497585579, -42.568099538420952 ], [ -73.758093317618091, -42.568109355028831 ], [ -73.758098271826881, -42.568115247771466 ], [ -73.758107062740251, -42.568121464690464 ], [ -73.758118333003807, -42.568133258773535 ], [ -73.758128728308279, -42.5681391925322 ], [ -73.75814016476015, -42.568150455359032 ], [ -73.75815190484262, -42.568157405310821 ], [ -73.758155224117587, -42.568160328855257 ], [ -73.758189448133265, -42.568180725519255 ], [ -73.75819395857431, -42.568184191562153 ], [ -73.75819929187216, -42.568186005627652 ], [ -73.758213785290948, -42.568196229758122 ], [ -73.758244326213983, -42.568214145468581 ], [ -73.758265574963701, -42.568227435376372 ], [ -73.758294296798297, -42.568243918086623 ], [ -73.758310790765222, -42.568254037677271 ], [ -73.758315744973999, -42.568259929744691 ], [ -73.75832500929954, -42.56826656477029 ], [ -73.75833741054204, -42.568277657547092 ], [ -73.758355954464434, -42.568289923309784 ], [ -73.758377151111887, -42.568312495879432 ], [ -73.758381660654607, -42.56831595993026 ], [ -73.758392059552349, -42.568327157228431 ], [ -73.758400620497, -42.568332661601119 ], [ -73.758410135452479, -42.568344265108358 ], [ -73.758427715482597, -42.568356699561591 ], [ -73.758438587792497, -42.568368313649671 ], [ -73.758444534639665, -42.568372025790914 ], [ -73.758464998261843, -42.56839548022041 ], [ -73.758474512319012, -42.568407083054367 ], [ -73.758479497070525, -42.568410965219996 ], [ -73.758489484539851, -42.568422985509464 ], [ -73.758494468393053, -42.568426868335713 ], [ -73.75850462384733, -42.568438357371683 ], [ -73.758520540197551, -42.568449833173879 ], [ -73.758535419891899, -42.56846650437619 ], [ -73.758548734721046, -42.568475179697877 ], [ -73.758585378798116, -42.568514073413439 ], [ -73.758590362651319, -42.568517954910845 ], [ -73.758600105778896, -42.568530268921712 ], [ -73.758604141909444, -42.568533316164363 ], [ -73.758614450077346, -42.568545279534263 ], [ -73.758619433930548, -42.568549162352902 ], [ -73.758629102497935, -42.568561239511681 ], [ -73.758634086351123, -42.568565121667739 ], [ -73.758649764647799, -42.568584783845004 ], [ -73.758659261636964, -42.56859476114056 ], [ -73.758686290147239, -42.568629086571235 ], [ -73.758707166994441, -42.568651715913987 ], [ -73.758711676537189, -42.568655179945964 ], [ -73.758720932777862, -42.568668082074083 ], [ -73.758745125306774, -42.568693633599004 ], [ -73.758768788727991, -42.568722789396432 ], [ -73.758782078404309, -42.568736106320564 ], [ -73.758786301384461, -42.568742878903961 ], [ -73.758830177797876, -42.568790520504059 ], [ -73.758833970485, -42.568793860151587 ], [ -73.758875587635487, -42.568857062683044 ], [ -73.75888333201155, -42.568872112250034 ], [ -73.758892668202293, -42.568887881609555 ], [ -73.758900430544685, -42.568904555341071 ], [ -73.758911846335295, -42.568939882890128 ], [ -73.758916560693905, -42.568948699723364 ], [ -73.75893690394183, -42.569003251990793 ], [ -73.758947520231857, -42.569032956751442 ], [ -73.75895266398517, -42.569042575401298 ], [ -73.758955422711409, -42.56905111038882 ], [ -73.758961254574245, -42.56906286195531 ], [ -73.758983043211458, -42.569128187207717 ], [ -73.758983919967193, -42.56913404677541 ], [ -73.758987597669943, -42.569145427844454 ], [ -73.758988704394383, -42.569151999926291 ], [ -73.758994450917257, -42.569169781062698 ], [ -73.758997577952755, -42.569194668161707 ], [ -73.758995181247585, -42.569211381505632 ], [ -73.758995173162745, -42.569220279674127 ], [ -73.758992842034573, -42.569240867847874 ], [ -73.758988089048415, -42.569254488323637 ], [ -73.758986118144676, -42.569269372401436 ], [ -73.758985244083902, -42.56929709496265 ], [ -73.758978585771018, -42.569315313357315 ], [ -73.758975559346837, -42.569342665417501 ], [ -73.758971579810122, -42.569352389209648 ], [ -73.758970217964148, -42.569363907845897 ], [ -73.758968144652471, -42.569369036354097 ], [ -73.758967096318543, -42.569375235285648 ], [ -73.758965024803487, -42.569380363131373 ], [ -73.758960980588085, -42.569400376346323 ], [ -73.758959075261359, -42.569404972286186 ], [ -73.758960081374482, -42.569418579494659 ], [ -73.758965853050185, -42.569445880568566 ], [ -73.758979670935872, -42.569498077208927 ], [ -73.758990244106784, -42.569530796510861 ], [ -73.758992499776454, -42.569540925154747 ], [ -73.758996868283688, -42.569554438390576 ], [ -73.758999468906438, -42.569557238155916 ], [ -73.759008442177802, -42.569578710737595 ], [ -73.759017869996697, -42.569596344222255 ], [ -73.759023975845693, -42.569605791438683 ], [ -73.759030191289142, -42.569618729756534 ], [ -73.759035636876405, -42.56962666462168 ], [ -73.759042849449798, -42.569642683863641 ], [ -73.759054783568359, -42.569675414336416 ], [ -73.759059193398102, -42.569685914096937 ], [ -73.759068613132158, -42.569709813929634 ], [ -73.75907863114422, -42.569736616715147 ], [ -73.759090557177927, -42.569747292442528 ], [ -73.759115067710454, -42.569767525841911 ], [ -73.759125056976416, -42.569779546531493 ], [ -73.759144993287507, -42.569795073527835 ], [ -73.759148527259839, -42.569799712440499 ], [ -73.759163006305599, -42.56981093990445 ], [ -73.759167732342306, -42.569816120639722 ], [ -73.759185285422959, -42.569830565964324 ], [ -73.759189466182278, -42.569840353852435 ], [ -73.759193646941625, -42.569850141738989 ], [ -73.759197942685304, -42.569868681493645 ], [ -73.759197626478326, -42.569873999830037 ], [ -73.759191471221996, -42.569890625665153 ], [ -73.759185249490329, -42.569917538192954 ], [ -73.75918160772018, -42.56992620140467 ], [ -73.759178689093815, -42.569940249764088 ], [ -73.759170565628722, -42.569960230382655 ], [ -73.759169619702718, -42.569976187351777 ], [ -73.759167666765279, -42.569995329093651 ], [ -73.759165596148549, -42.57000045688838 ], [ -73.759163032356739, -42.570020331637224 ], [ -73.759161128826634, -42.570024928854522 ], [ -73.759160641041447, -42.57004230817207 ], [ -73.759166503446991, -42.570068841557813 ], [ -73.759207038127542, -42.570194264197404 ], [ -73.759210989816495, -42.57020334150932 ], [ -73.759213977613129, -42.570212587518597 ], [ -73.759218158372448, -42.570222377331397 ], [ -73.759223444957911, -42.570238735802214 ], [ -73.759228586914588, -42.570248353604562 ], [ -73.759233416257544, -42.570263291031793 ], [ -73.759238056055992, -42.570274501873193 ], [ -73.759244033445896, -42.570292994530782 ], [ -73.759250972033158, -42.5703113191461 ], [ -73.759254691956741, -42.570319683938578 ], [ -73.759262383332199, -42.570341382511948 ], [ -73.759268278975412, -42.570354376909904 ], [ -73.75928344343572, -42.570379268167244 ], [ -73.759303677987518, -42.570402011325129 ], [ -73.759340924834135, -42.570432275761803 ], [ -73.75935422708686, -42.570441956382602 ], [ -73.759364213657861, -42.570453978926928 ], [ -73.759378694500242, -42.570465205611541 ], [ -73.759383419638638, -42.570470386954042 ], [ -73.759406690496093, -42.570487832303492 ], [ -73.759431430098999, -42.570508776639798 ], [ -73.759457787567754, -42.570528434235001 ], [ -73.759471898304255, -42.570537469820017 ], [ -73.759486986407765, -42.57054533311986 ], [ -73.759503910667718, -42.570558885170136 ], [ -73.759515440544376, -42.570569380812607 ], [ -73.759521901227899, -42.570582024536613 ], [ -73.759527876821167, -42.570600517764611 ], [ -73.759530565478826, -42.570614078403153 ], [ -73.759531572490246, -42.570627684686286 ], [ -73.759530525054629, -42.570633884815891 ], [ -73.759531042484227, -42.570648079220383 ], [ -73.759529026664737, -42.570663346669569 ], [ -73.759528743695427, -42.570669061211731 ], [ -73.759519945595528, -42.570677067391578 ], [ -73.759470061249473, -42.57068977526491 ], [ -73.759411683332431, -42.570713599956903 ], [ -73.759391881768622, -42.570738860881619 ], [ -73.759375789348624, -42.570785562869098 ], [ -73.759369247816707, -42.570837463334122 ], [ -73.759369560430443, -42.570895022045086 ], [ -73.759360360783617, -42.57090578291492 ], [ -73.759360036491799, -42.57091736808146 ], [ -73.759366994841997, -42.570939948962049 ], [ -73.759373901988212, -42.570971812116724 ], [ -73.759372629973782, -42.570999354639916 ], [ -73.759371582538137, -42.571005553409442 ], [ -73.759367773681348, -42.571014748360078 ], [ -73.759362077464118, -42.571032796895054 ], [ -73.759356361483967, -42.57104658699901 ], [ -73.759348108661456, -42.571058821124169 ], [ -73.759330525936392, -42.571091499914154 ], [ -73.759324883618092, -42.571100264842087 ], [ -73.759318148948424, -42.571118245873862 ], [ -73.759316949697521, -42.571126602619465 ], [ -73.759313582811828, -42.571135593793763 ], [ -73.759312764446605, -42.57114250371972 ], [ -73.759310692033253, -42.57114763340477 ], [ -73.759311775401486, -42.571161475746031 ], [ -73.759327454596445, -42.57121209050139 ], [ -73.759331200571197, -42.571229975575783 ], [ -73.759329544976126, -42.571239540301114 ], [ -73.759329646485739, -42.571249296875138 ], [ -73.759323288210155, -42.571291521759221 ], [ -73.759313991545284, -42.571315219203477 ], [ -73.759310053331077, -42.571333458178316 ], [ -73.759307980917711, -42.571338585863032 ], [ -73.759307808441193, -42.571350645281413 ], [ -73.759302334107829, -42.571389832255662 ], [ -73.759302580246228, -42.571406330007441 ], [ -73.759305363226986, -42.571424383721563 ], [ -73.75931186074142, -42.571445543408743 ], [ -73.759311254378616, -42.571448908714572 ], [ -73.759328648457455, -42.571502729106143 ], [ -73.759332053970695, -42.571516413258259 ], [ -73.759343700628364, -42.571552450493286 ], [ -73.759347882286008, -42.571562239434257 ], [ -73.759355782968925, -42.571580392997085 ], [ -73.759366070475565, -42.571599630171221 ], [ -73.759377547351633, -42.571619406501313 ], [ -73.759387218613981, -42.571634116027596 ], [ -73.759399012595352, -42.571648575485241 ], [ -73.759408349684406, -42.571666975118752 ], [ -73.75941133927769, -42.571676222234146 ], [ -73.759415519138685, -42.571686009832597 ], [ -73.759422415505128, -42.571707349371898 ], [ -73.759433534851723, -42.571735460500825 ], [ -73.759441121124283, -42.571758932850457 ], [ -73.759451336765707, -42.57178319441639 ], [ -73.759453936490132, -42.571785992758599 ], [ -73.759467375286789, -42.571825475170478 ], [ -73.75946866796248, -42.571835772135984 ], [ -73.75947571794083, -42.571857585952458 ], [ -73.759482404999815, -42.571882469994392 ], [ -73.759488382389691, -42.571900962836807 ], [ -73.759498165043155, -42.571921791589745 ], [ -73.759500765665905, -42.571924590587273 ], [ -73.759504486487799, -42.571932957148015 ], [ -73.759508279174923, -42.571936296627278 ], [ -73.759511080121996, -42.571941817881687 ], [ -73.759518405883128, -42.571949796774817 ], [ -73.759527584868692, -42.571962460726901 ], [ -73.759575201866966, -42.572017462854731 ], [ -73.759578964909693, -42.572022812100471 ], [ -73.759588933514408, -42.572030576642995 ], [ -73.759606248541502, -42.572050575776714 ], [ -73.759621202796041, -42.572062221592638 ], [ -73.759648199865282, -42.572093295614316 ], [ -73.759652193775025, -42.572099356012593 ], [ -73.759695877948971, -42.572149537357866 ], [ -73.759713535234198, -42.572176368864397 ], [ -73.759722486047679, -42.572188322274002 ], [ -73.759754999671088, -42.572236465998905 ], [ -73.759761020180107, -42.572251944752594 ], [ -73.759771764929226, -42.572272603372163 ], [ -73.759783805048983, -42.572303559534724 ], [ -73.759787986706627, -42.572313347034729 ], [ -73.759797267201819, -42.572335768640144 ], [ -73.75981145699005, -42.572361833341098 ], [ -73.759815134692829, -42.572373214482731 ], [ -73.759828625591766, -42.572403415116618 ], [ -73.759835704316217, -42.572423216330371 ], [ -73.75983965420852, -42.572432293979482 ], [ -73.759857817245248, -42.572488485140347 ], [ -73.759863606887251, -42.572503252015551 ], [ -73.759886826540722, -42.572575091801369 ], [ -73.759896052238673, -42.572601538771259 ], [ -73.759901082804276, -42.572619202493648 ], [ -73.759899867383695, -42.572625934963128 ], [ -73.759904160432441, -42.572639215330931 ], [ -73.759906832920407, -42.572653784370743 ], [ -73.759906633494424, -42.572667858577312 ], [ -73.759905149477575, -42.572682158364877 ], [ -73.759903475017879, -42.572687469184473 ], [ -73.759900154844587, -42.572729668618059 ], [ -73.759898144414976, -42.57273604053821 ], [ -73.759897149081652, -42.572749752865796 ], [ -73.759896916417972, -42.572750439540549 ], [ -73.759726912945411, -42.573616886740957 ], [ -73.759736490782956, -42.573555219146463 ], [ -73.759740399352765, -42.573358207907049 ], [ -73.75973999331427, -42.573359099649373 ], [ -73.759738358380446, -42.573372926284641 ], [ -73.759736682124142, -42.573378235060822 ], [ -73.759718466985106, -42.573410030155372 ], [ -73.759706975735995, -42.573441640005605 ], [ -73.759698598047649, -42.573468188483481 ], [ -73.759693292597589, -42.573481158415007 ], [ -73.759687146324424, -42.573508314820565 ], [ -73.759684867298532, -42.573522253882565 ], [ -73.759681151866531, -42.573535946191491 ], [ -73.759677215448946, -42.573542657393077 ], [ -73.75967173033581, -42.573557162715211 ], [ -73.759668809014514, -42.573571216872068 ], [ -73.759664873495254, -42.573577926746864 ], [ -73.759656456281064, -42.573595958663468 ], [ -73.759652184791875, -42.573603733594602 ], [ -73.759642051795467, -42.573618556435527 ], [ -73.75962810814562, -42.573642578466867 ], [ -73.759622802695546, -42.573655549023655 ], [ -73.759600498425371, -42.573693579524715 ], [ -73.759597424390478, -42.573707158013491 ], [ -73.759586173889844, -42.573733211556913 ], [ -73.759583100753247, -42.573746790037063 ], [ -73.759582258133534, -42.573760977117878 ], [ -73.759583937084784, -42.573789257994733 ], [ -73.759589620725578, -42.573817335109048 ], [ -73.759585262998144, -42.573831140473914 ], [ -73.759563646837464, -42.573854510160054 ], [ -73.759533955720698, -42.573871784551152 ], [ -73.759487857773578, -42.57389496568765 ], [ -73.759473653612304, -42.573903489426819 ], [ -73.759460703499158, -42.573913798618221 ], [ -73.759415036743391, -42.573940413047474 ], [ -73.759370039232493, -42.573964902651923 ], [ -73.759348958467726, -42.573973137295802 ], [ -73.759333011574796, -42.573980464990136 ], [ -73.759303013234202, -42.573996790722177 ], [ -73.759276807580733, -42.57401645846393 ], [ -73.759254884196224, -42.574038880780101 ], [ -73.759245115017507, -42.574050634052945 ], [ -73.759231784018695, -42.574076551840797 ], [ -73.759226479466932, -42.57408952164581 ], [ -73.759217505297244, -42.574101634777094 ], [ -73.759198313689524, -42.574134604365398 ], [ -73.759187903113684, -42.574146470078837 ], [ -73.759175748907893, -42.574157138436235 ], [ -73.759144209956588, -42.574191787597222 ], [ -73.759129595265236, -42.574217932228066 ], [ -73.759123007020932, -42.574231128905268 ], [ -73.759113543269407, -42.574243829439283 ], [ -73.759108699553408, -42.574258221478324 ], [ -73.759094725360853, -42.574284253622892 ], [ -73.759066367343948, -42.574320345487834 ], [ -73.759043802562331, -42.574342879491525 ], [ -73.759031495642944, -42.57435307482897 ], [ -73.759002445024962, -42.574370237946759 ], [ -73.758991880837229, -42.574381628644694 ], [ -73.758985934888358, -42.574394711505981 ], [ -73.758977862627219, -42.574422208195884 ], [ -73.758981466668146, -42.574450150075478 ], [ -73.758980913305919, -42.574477824027767 ], [ -73.758979428390774, -42.574492124061834 ], [ -73.75897467989617, -42.57451101237956 ], [ -73.758973685461157, -42.574524724978403 ], [ -73.75897201010315, -42.57453003431808 ], [ -73.758964471441274, -42.574542395432807 ], [ -73.758961398304692, -42.574555975059816 ], [ -73.758953861439451, -42.574568334846376 ], [ -73.758938069955079, -42.57460972926458 ], [ -73.758931940749903, -42.574624348119379 ], [ -73.758915860906313, -42.574652255509577 ], [ -73.758910498862377, -42.574669245889353 ], [ -73.758909167559125, -42.574684021509448 ], [ -73.758900453900864, -42.57471163251396 ], [ -73.758898330283529, -42.574726044952037 ], [ -73.758892472369581, -42.574744603764316 ], [ -73.758841555859263, -42.574788317997864 ], [ -73.75877691578637, -42.57513433093149 ], [ -73.758769358259883, -42.575517058903699 ], [ -73.758378451872417, -42.575936395398045 ], [ -73.758335881609426, -42.575959342918296 ], [ -73.75832242843974, -42.575966594967994 ], [ -73.758309986773043, -42.575973301277536 ], [ -73.75777222290462, -42.57626318078497 ], [ -73.757667900652351, -42.576372624394132 ], [ -73.757688335528456, -42.57650094626532 ], [ -73.757611357095115, -42.57658578314534 ], [ -73.75742075615139, -42.576702229430545 ], [ -73.757185345444654, -42.57682649368617 ], [ -73.756989740884819, -42.576899462951438 ], [ -73.756814144501277, -42.576991819123855 ], [ -73.756627436856007, -42.57696247932811 ], [ -73.75681489100127, -42.577363735591746 ], [ -73.75690061453389, -42.577559271633405 ], [ -73.756916953092272, -42.577698743682035 ], [ -73.756805913238338, -42.577855011777636 ], [ -73.756817299384551, -42.578038934655154 ], [ -73.756721332362758, -42.578283381566031 ], [ -73.756561158256019, -42.578597144116223 ], [ -73.756554540367318, -42.5787470604837 ], [ -73.756564684143513, -42.578746859395977 ], [ -73.756582857061701, -42.578749029688076 ], [ -73.75661986854972, -42.57874747721155 ], [ -73.756638115129789, -42.57874552322096 ], [ -73.756654626164703, -42.578750555044188 ], [ -73.756662191776016, -42.578758119645848 ], [ -73.756663479061828, -42.578766925169113 ], [ -73.756663240109944, -42.578794075965625 ], [ -73.756666206347035, -42.578807522372379 ], [ -73.756689221184601, -42.578819764235746 ], [ -73.756706102325424, -42.578824995817506 ], [ -73.756729359708117, -42.578820499792606 ], [ -73.756747760798405, -42.578819251594936 ], [ -73.756782162680523, -42.578829636704455 ], [ -73.756800446989828, -42.578830824707957 ], [ -73.756817812322566, -42.578835271783205 ], [ -73.756832125179997, -42.578843719439362 ], [ -73.756847242029608, -42.578851342239197 ], [ -73.756863960575359, -42.578857319958288 ], [ -73.756876620532651, -42.578867176545742 ], [ -73.756893984068782, -42.578871623618419 ], [ -73.756912802875675, -42.578872262599816 ], [ -73.756930270616365, -42.578877180639765 ], [ -73.756943357273428, -42.578875604353406 ], [ -73.756960506112208, -42.578880562081387 ], [ -73.756975088464202, -42.578888734559364 ], [ -73.756990791015369, -42.578896045139309 ], [ -73.75700758951119, -42.57889644268348 ], [ -73.757044615372251, -42.578891983044606 ], [ -73.757063055988411, -42.57889387882112 ], [ -73.757080041333793, -42.578899582025599 ], [ -73.757112997826624, -42.578912321297111 ], [ -73.757124906792342, -42.57892323755226 ], [ -73.757139697553498, -42.578932353281992 ], [ -73.757167896568589, -42.578950267231569 ], [ -73.757192999989201, -42.578970491030667 ], [ -73.757226117280482, -42.578982484149215 ], [ -73.757241019432698, -42.578990617587102 ], [ -73.757257900573521, -42.578995849154531 ], [ -73.757263008394247, -42.578995233987321 ], [ -73.757280310844919, -42.578990485954535 ], [ -73.757298823326309, -42.578988254815577 ], [ -73.757317114822115, -42.578987990227496 ], [ -73.757335287740318, -42.578990159849717 ], [ -73.757369311431688, -42.579001802385363 ], [ -73.757388285647124, -42.579003149138394 ], [ -73.757406480124899, -42.579000957688081 ], [ -73.757424920741045, -42.579002852799832 ], [ -73.757442716366825, -42.579006279876047 ], [ -73.757478739708034, -42.579000244623344 ], [ -73.757497290816957, -42.579001158113535 ], [ -73.75752960591268, -42.579013975417737 ], [ -73.757530388345288, -42.579017512958842 ], [ -73.757540500680449, -42.579026224516717 ], [ -73.757545288700911, -42.579025647053605 ], [ -73.757562643253891, -42.579021134506391 ], [ -73.757578520078226, -42.57901437957586 ], [ -73.757615598939879, -42.579010154767296 ], [ -73.757634638732327, -42.579008830504371 ], [ -73.757671665491713, -42.57900437021209 ], [ -73.75770478278298, -42.578983672149825 ], [ -73.757739017578444, -42.5789739783025 ], [ -73.757763383482228, -42.57895966077497 ], [ -73.757799890117042, -42.578952841675125 ], [ -73.757818670296388, -42.578950338008937 ], [ -73.757836818960072, -42.578946455837816 ], [ -73.757839862452244, -42.57894390983725 ], [ -73.757856481284989, -42.578937549134899 ], [ -73.757875625282026, -42.578936695837619 ], [ -73.757881305329562, -42.578938675619554 ], [ -73.757918400360893, -42.578941955852819 ], [ -73.757936350496919, -42.578946091367463 ], [ -73.75797323172921, -42.578949881594205 ], [ -73.758009132899545, -42.578958149314857 ], [ -73.75802531874433, -42.578964675382721 ], [ -73.758042517888768, -42.578969868587009 ], [ -73.7580615981054, -42.578971686969126 ], [ -73.75809712827153, -42.578979756907266 ], [ -73.758166891436488, -42.579000412636752 ], [ -73.758181472890186, -42.579008584437553 ], [ -73.758194131949168, -42.579018441662569 ], [ -73.758208258855319, -42.579043861283601 ], [ -73.758218038813823, -42.579055518361535 ], [ -73.758256511860822, -42.579076189941183 ], [ -73.758262615014843, -42.579078602319569 ], [ -73.758270805853613, -42.579088998630866 ], [ -73.75827754860812, -42.579101745801324 ], [ -73.75829063167194, -42.579112036935172 ], [ -73.758307781409016, -42.579116994644316 ], [ -73.758325738731557, -42.579119673593063 ], [ -73.758340586984872, -42.579127571530186 ], [ -73.758344546758636, -42.579133633229304 ], [ -73.758342616279094, -42.579136771236563 ], [ -73.758344728218347, -42.57915080363049 ], [ -73.758348114866962, -42.579154271048182 ], [ -73.758364783107069, -42.579160012594016 ], [ -73.758382682039098, -42.579163910627074 ], [ -73.758398649593261, -42.579170947326887 ], [ -73.758424875908005, -42.579190307838587 ], [ -73.758441809151094, -42.579195775533371 ], [ -73.75845622800972, -42.579204694767292 ], [ -73.758483976070536, -42.579227988355349 ], [ -73.758490986523, -42.579240464295687 ], [ -73.758495549066339, -42.579253716796259 ], [ -73.75850202591954, -42.579266741087785 ], [ -73.758521294782369, -42.579284276582143 ], [ -73.758534807240878, -42.579293545719445 ], [ -73.75856808263562, -42.57930624786831 ], [ -73.758589145434101, -42.579315575872897 ], [ -73.758617024648942, -42.57933352807742 ], [ -73.758630004406484, -42.57934334622454 ], [ -73.758646240556928, -42.579350107734136 ], [ -73.758656025007014, -42.579349896726342 ], [ -73.758674010177316, -42.57934676203714 ], [ -73.758692072602727, -42.579349913924496 ], [ -73.758706542665308, -42.579359067295428 ], [ -73.758716004620211, -42.579370762679453 ], [ -73.75874196144035, -42.579390398298983 ], [ -73.758752647798957, -42.57940170473524 ], [ -73.758765573657584, -42.579411286728366 ], [ -73.758793135767149, -42.579429276608899 ], [ -73.75881060350784, -42.579434195266366 ], [ -73.758824168966939, -42.579443700524507 ], [ -73.758840568610765, -42.579449716551778 ], [ -73.758855952260006, -42.579457065430944 ], [ -73.758874659675797, -42.57945868602075 ], [ -73.758893010460412, -42.579457202354256 ], [ -73.758928317844365, -42.57946723611952 ], [ -73.758945252884089, -42.579472703790003 ], [ -73.758960904231273, -42.579479778819959 ], [ -73.758970739885342, -42.57947980395565 ], [ -73.758988103421444, -42.579484250984613 ], [ -73.759021965416096, -42.579496638237366 ], [ -73.759040725832492, -42.579498494307607 ], [ -73.759079059640612, -42.57949847777099 ], [ -73.759098464149062, -42.579498804534587 ], [ -73.759135384008914, -42.579505738008123 ], [ -73.759153771624469, -42.579507397623082 ], [ -73.759172656906685, -42.579505364942037 ], [ -73.759209793260538, -42.579499921748614 ], [ -73.759228084756344, -42.579499656501248 ], [ -73.759246316963356, -42.579500607026141 ], [ -73.759263036407418, -42.579506584682946 ], [ -73.759274842965198, -42.579517027886872 ], [ -73.759288355423706, -42.579526298312501 ], [ -73.759296485177018, -42.579527498209067 ], [ -73.759314731757073, -42.579525542258573 ], [ -73.759333406833534, -42.579522565006755 ], [ -73.759371138770391, -42.579515356365825 ], [ -73.759377404519512, -42.579517022595162 ], [ -73.759396750637464, -42.579518567114988 ], [ -73.759415478714502, -42.579515827328621 ], [ -73.75941932350392, -42.579512456504915 ], [ -73.759436625954606, -42.579507709172965 ], [ -73.75949191276878, -42.579498385165934 ], [ -73.759548625209277, -42.579491068703412 ], [ -73.759624134897109, -42.579488750930444 ], [ -73.759642034727491, -42.579492648942974 ], [ -73.759660794245548, -42.579494505674795 ], [ -73.759679613950766, -42.579495145311284 ], [ -73.759697891073515, -42.579497786540273 ], [ -73.759716597591009, -42.579499407129013 ], [ -73.759752581406346, -42.579507301049226 ], [ -73.75977097531009, -42.579507506764756 ], [ -73.75978941682456, -42.579509401861088 ], [ -73.759805653873329, -42.579516163352643 ], [ -73.759819700829425, -42.579524884101382 ], [ -73.759837118264471, -42.579529567269958 ], [ -73.759856263159804, -42.579528713319348 ], [ -73.759874383077388, -42.579530646118513 ], [ -73.759892674573209, -42.57953038087124 ], [ -73.759910609437853, -42.579527008725393 ], [ -73.759929909741743, -42.579526861880275 ], [ -73.759966952670794, -42.579529907924162 ], [ -73.759985550492132, -42.579532509463824 ], [ -73.760004486079993, -42.579530712926392 ], [ -73.760022659896507, -42.579532883191213 ], [ -73.760057545970568, -42.579542483685188 ], [ -73.760075777279269, -42.579543434209427 ], [ -73.76009407596159, -42.57954171307923 ], [ -73.760131771067549, -42.579541773933975 ], [ -73.760150180242661, -42.579539071852125 ], [ -73.760167431489393, -42.579534087056473 ], [ -73.760185261251138, -42.579530243948106 ], [ -73.760203559035176, -42.579528524140514 ], [ -73.760221681647707, -42.579530456939651 ], [ -73.760256351227781, -42.579540568084482 ], [ -73.760293499259745, -42.579544083105908 ], [ -73.760312057555183, -42.579543542689592 ], [ -73.760329307903575, -42.579538558555733 ], [ -73.760347754807938, -42.579538999752486 ], [ -73.760364904545042, -42.579543956766237 ], [ -73.760381357189459, -42.57955020760366 ], [ -73.760399583108267, -42.579552613349065 ], [ -73.76041651635137, -42.579558079689107 ], [ -73.760418523187695, -42.579561228258456 ], [ -73.760418542950632, -42.579579146657601 ], [ -73.760423413616124, -42.579583402516427 ], [ -73.760429359564981, -42.579585107770335 ], [ -73.760447659145626, -42.579583387964213 ], [ -73.760463614123395, -42.579571051661425 ], [ -73.760482082587316, -42.579567131825506 ], [ -73.760513159804574, -42.579572832322548 ], [ -73.760529559448401, -42.579578847675897 ], [ -73.760545847701138, -42.579585843318156 ], [ -73.760564228130164, -42.579588956828502 ], [ -73.76058305142864, -42.5795881425665 ], [ -73.760591543203006, -42.57959099347562 ], [ -73.76060639055801, -42.579598889368619 ], [ -73.760614897603773, -42.579598834467106 ], [ -73.760635144731964, -42.579589614323524 ], [ -73.760669849346328, -42.579580589971918 ], [ -73.760688152520231, -42.579577416267924 ], [ -73.760706963242299, -42.579579507816916 ], [ -73.760723414988391, -42.579585760635162 ], [ -73.760751181015522, -42.579604689743775 ], [ -73.760769561444548, -42.579607803253175 ], [ -73.76078828143676, -42.579606516706392 ], [ -73.76080657113593, -42.57960625013655 ], [ -73.760824624578206, -42.579610855246301 ], [ -73.760843004108906, -42.579613968093923 ], [ -73.760861203078264, -42.579610322106639 ], [ -73.760879610456755, -42.579607620027758 ], [ -73.760898330448953, -42.579606332819495 ], [ -73.760915787409857, -42.579602292599432 ], [ -73.760936587900275, -42.579610439847158 ], [ -73.760953572347333, -42.57961614298609 ], [ -73.760971952776359, -42.579619255833478 ], [ -73.761009496067047, -42.579617153702401 ], [ -73.761079248452219, -42.579639259809788 ], [ -73.761096975806026, -42.579645355855234 ], [ -73.761114390546126, -42.579650037030369 ], [ -73.761171458719517, -42.579656238247424 ], [ -73.761188014670196, -42.579662960035279 ], [ -73.761204894912709, -42.579668190223359 ], [ -73.761220914569165, -42.579675461024188 ], [ -73.76123576282248, -42.579683358229424 ], [ -73.761244317478955, -42.579695402804951 ], [ -73.761258007803875, -42.579701017300145 ], [ -73.761281729615575, -42.579698642649191 ], [ -73.76130001931476, -42.579698376741177 ], [ -73.761319037547651, -42.579701412193309 ], [ -73.761335488395446, -42.57970766367643 ], [ -73.761382169349176, -42.579729157899038 ], [ -73.761411969162097, -42.579745423256014 ], [ -73.761472964769908, -42.579775365656999 ], [ -73.761489519822277, -42.579782086109091 ], [ -73.761507469059964, -42.579786219583653 ], [ -73.761525759657459, -42.579785952353092 ], [ -73.761544140086485, -42.579789065853461 ], [ -73.761561553928274, -42.579793747679268 ], [ -73.761577470278482, -42.579800547504746 ], [ -73.761611649378409, -42.579812893684107 ], [ -73.761623985942208, -42.579812375759758 ], [ -73.761642469677497, -42.579815959557855 ], [ -73.761657317930826, -42.579823857406794 ], [ -73.76167323428102, -42.579830657228989 ], [ -73.761690754124018, -42.579835810012071 ], [ -73.761710201751583, -42.579837824822903 ], [ -73.761728922642121, -42.5798365376194 ], [ -73.761765133731217, -42.579846218764864 ], [ -73.761783423430401, -42.579845952196059 ], [ -73.761817470477979, -42.579863642970849 ], [ -73.761834663334213, -42.57987028800688 ], [ -73.761852508367312, -42.579873949854012 ], [ -73.761871213986481, -42.579875569110072 ], [ -73.761889518058709, -42.579872395421084 ], [ -73.761908577614108, -42.579875481797231 ], [ -73.761915331148387, -42.579880547925256 ], [ -73.761926061524477, -42.579891625407278 ], [ -73.761930356369845, -42.579893067391403 ], [ -73.761955850557612, -42.579906837015336 ], [ -73.761974014492651, -42.579910281901313 ], [ -73.761992099375959, -42.579912634716003 ], [ -73.762009233841695, -42.579917428980799 ], [ -73.762027294470457, -42.579919662070914 ], [ -73.762045133215381, -42.57992314598232 ], [ -73.762077557905556, -42.579935652210743 ], [ -73.762094590861665, -42.579939235340269 ], [ -73.762110535957959, -42.579939394752188 ], [ -73.762142489032613, -42.579943750466889 ], [ -73.762160358320244, -42.57994661855767 ], [ -73.762177249342542, -42.579951809695849 ], [ -73.762195143783003, -42.579954798833448 ], [ -73.762213718248134, -42.579956356571628 ], [ -73.762231347685557, -42.579958886655831 ], [ -73.762248589050827, -42.579963423609179 ], [ -73.762283969198293, -42.579971285720589 ], [ -73.762301262665815, -42.579976060798522 ], [ -73.76231856331988, -42.579980100994383 ], [ -73.762336644609931, -42.579983188026638 ], [ -73.762372252929467, -42.579988328229405 ], [ -73.762390912734546, -42.57998877537608 ], [ -73.762408626613635, -42.579990192222503 ], [ -73.762426938770702, -42.579990558671106 ], [ -73.762464874625152, -42.579989355476151 ], [ -73.762501943605344, -42.579986847882793 ], [ -73.762576501977307, -42.579986375600654 ], [ -73.762613376921394, -42.579987873145207 ], [ -73.762631654942481, -42.579989589632831 ], [ -73.762668800279485, -42.579987439889159 ], [ -73.762687459186239, -42.579988621917472 ], [ -73.762705991430565, -42.579987735561588 ], [ -73.762724430250074, -42.57998943286691 ], [ -73.762742300436031, -42.579992302278512 ], [ -73.762761015936661, -42.579992251346127 ], [ -73.762779258025134, -42.579990051993072 ], [ -73.76283529942414, -42.579990159149517 ], [ -73.762853941262904, -42.57998901482447 ], [ -73.762909314315351, -42.579982342681205 ], [ -73.762965001778113, -42.579977836156381 ], [ -73.762984071214959, -42.579977129717406 ], [ -73.76300244445747, -42.579975528984896 ], [ -73.763020533832346, -42.579971879049957 ], [ -73.763039155908189, -42.579969145898154 ], [ -73.763076043428697, -42.579965067998337 ], [ -73.763278664729256, -42.579958521529939 ], [ -73.763315322281031, -42.579958756348205 ], [ -73.763333589522347, -42.579960472175166 ], [ -73.763349764587346, -42.579966969033912 ], [ -73.763366884680025, -42.579972495530484 ], [ -73.763385071971257, -42.57997385416882 ], [ -73.76343963384501, -42.579967400967178 ], [ -73.763492530242189, -42.57995490598995 ], [ -73.763529537238639, -42.579949222725794 ], [ -73.763600844607566, -42.579933467407812 ], [ -73.76365541366782, -42.579925545098732 ], [ -73.763673813859782, -42.579921858780594 ], [ -73.763710146221456, -42.579916868723878 ], [ -73.763745741066273, -42.579908538291619 ], [ -73.76378261780701, -42.579902259708767 ], [ -73.763855740671119, -42.579892100997448 ], [ -73.76389327947021, -42.57988733252769 ], [ -73.763929949598435, -42.579881995201319 ], [ -73.763966924255527, -42.57987766197197 ], [ -73.763985178920407, -42.579876318545139 ], [ -73.764040928366938, -42.579868498755232 ], [ -73.764097011088452, -42.579864432755144 ], [ -73.764115731080651, -42.579864074243325 ], [ -73.764152702144486, -42.57986047589587 ], [ -73.764208856731216, -42.579863500756723 ], [ -73.764283749276458, -42.579862492690275 ], [ -73.764339346009393, -42.579864483687629 ], [ -73.764357613250695, -42.579866198855761 ], [ -73.764392506511271, -42.579875184801331 ], [ -73.764446323681625, -42.579887574622276 ], [ -73.764503684705787, -42.579892277607442 ], [ -73.764637627107902, -42.579881942945924 ], [ -73.764693961357679, -42.57987902590407 ], [ -73.764751051090627, -42.579873597295375 ], [ -73.764769536622538, -42.579874272646876 ], [ -73.764806809520309, -42.57987994599597 ], [ -73.764825387578696, -42.579883999427267 ], [ -73.764844393235165, -42.579887032224548 ], [ -73.764864156171413, -42.579887554778459 ], [ -73.764882969588413, -42.579886739197448 ], [ -73.764901456916959, -42.5798874145488 ], [ -73.764938665136015, -42.579883898223798 ], [ -73.764957685165541, -42.579884025224267 ], [ -73.765017168908699, -42.579889440602791 ], [ -73.765035641864202, -42.579893021750628 ], [ -73.765073801399154, -42.579890842899324 ], [ -73.765092406407021, -42.579889086059872 ], [ -73.765111218027371, -42.579888269817431 ], [ -73.765149128728993, -42.579893864451435 ], [ -73.765166962982335, -42.579897524312806 ], [ -73.765186607340965, -42.579900479718518 ], [ -73.765223865865693, -42.57990905753806 ], [ -73.765262623678623, -42.579915518021821 ], [ -73.765281199042079, -42.57991957145083 ], [ -73.765318811503008, -42.579920845423402 ], [ -73.765338261825548, -42.579919953774898 ], [ -73.765357596265403, -42.579921495638878 ], [ -73.765395936361728, -42.579926070959658 ], [ -73.765434198304632, -42.579924362407795 ], [ -73.765471276267974, -42.579926186715184 ], [ -73.76548943750808, -42.579928353658971 ], [ -73.765509200444328, -42.579928876212527 ], [ -73.765579559192332, -42.579937577721225 ], [ -73.765619396780238, -42.579940035707033 ], [ -73.765637973940315, -42.579944089134436 ], [ -73.765658479783283, -42.579945005918077 ], [ -73.765777242453751, -42.579931174786779 ], [ -73.765797227273893, -42.579929735449348 ], [ -73.765815816112053, -42.579930882421387 ], [ -73.765855979788398, -42.579931849476189 ], [ -73.765874557846786, -42.579935900919743 ], [ -73.765911087837821, -42.579941178710065 ], [ -73.765929679370942, -42.579942326343328 ], [ -73.765967693378826, -42.579948392593494 ], [ -73.766027424158693, -42.579946033826992 ], [ -73.766045925860283, -42.579943802722234 ], [ -73.766085894602213, -42.579940921402098 ], [ -73.766126085228024, -42.579936076868151 ], [ -73.766145209462124, -42.579936675489584 ], [ -73.766241290569951, -42.579932839020614 ], [ -73.766261796412948, -42.579933755804461 ], [ -73.76627963066629, -42.579937415002007 ], [ -73.766316355591727, -42.579946539843931 ], [ -73.766333866451561, -42.57995168864867 ], [ -73.766350515827042, -42.579958878718287 ], [ -73.766365029907092, -42.579968261526396 ], [ -73.766379870075582, -42.579976152079958 ], [ -73.766394279951044, -42.579985063264736 ], [ -73.766425340100326, -42.580001163851541 ], [ -73.7664330853747, -42.580003618527542 ], [ -73.766451662534777, -42.580007672612282 ], [ -73.766486889968633, -42.580018913452164 ], [ -73.766503331833292, -42.580025158950299 ], [ -73.76652180389047, -42.580028740090349 ], [ -73.76653921054573, -42.580033419252295 ], [ -73.766557046595707, -42.580037077121112 ], [ -73.766592584846663, -42.580049733477857 ], [ -73.766625780291349, -42.58006363866626 ], [ -73.76664423977212, -42.580070126915246 ], [ -73.766662284231231, -42.580074728683456 ], [ -73.766699660435265, -42.580080870988468 ], [ -73.766763060833057, -42.580089201397705 ], [ -73.766781253514196, -42.580095962164904 ], [ -73.766800260967301, -42.580098995613334 ], [ -73.766836035475166, -42.580106783624281 ], [ -73.766854626109975, -42.580107930593037 ], [ -73.766930216646188, -42.580100269582225 ], [ -73.766949978684124, -42.580100792134353 ], [ -73.766969755993429, -42.580098409561153 ], [ -73.766989088636649, -42.580099950759276 ], [ -73.767007367556047, -42.580099682868607 ], [ -73.767064521069386, -42.580103441936672 ], [ -73.7671017795941, -42.580112019066846 ], [ -73.767159113668797, -42.580122531622457 ], [ -73.767178433735609, -42.58012697926705 ], [ -73.767197557969695, -42.58012757788665 ], [ -73.767253523910213, -42.580134867816142 ], [ -73.767272635567878, -42.580138372220759 ], [ -73.767308827792348, -42.580148046043313 ], [ -73.767326011665432, -42.580154686418858 ], [ -73.767342023237049, -42.580161950548359 ], [ -73.767371170873076, -42.580178283261056 ], [ -73.767412160101173, -42.580206739159713 ], [ -73.76741777097844, -42.580211385896924 ], [ -73.767424449952586, -42.580214937260692 ], [ -73.767438637944167, -42.580225810293072 ], [ -73.76749868133777, -42.580258987648307 ], [ -73.767584220715747, -42.58030530415391 ], [ -73.767606363289175, -42.580319576393443 ], [ -73.767630066236279, -42.580340917608822 ], [ -73.767654943281428, -42.580361635064257 ], [ -73.767669248952345, -42.58037007457613 ], [ -73.767685468933109, -42.580378282577442 ], [ -73.767700725021584, -42.580388060872771 ], [ -73.7677274103754, -42.580408076508604 ], [ -73.767743839663638, -42.580417228401323 ], [ -73.767782866072835, -42.580433819014566 ], [ -73.767799309734116, -42.580440065132578 ], [ -73.767815320407422, -42.580447330551728 ], [ -73.767833573275681, -42.580452874203552 ], [ -73.767838974845503, -42.580456579672493 ], [ -73.767868357840115, -42.580468041357278 ], [ -73.767933264712653, -42.5804950663982 ], [ -73.767951947873939, -42.580499590083463 ], [ -73.767969664447975, -42.580505682737545 ], [ -73.767987709805396, -42.580510283150694 ], [ -73.768082199098572, -42.580528900433855 ], [ -73.768135912962663, -42.580540818508418 ], [ -73.768153422924172, -42.580545967925524 ], [ -73.768189732827963, -42.580553206212734 ], [ -73.768207449401984, -42.580559298861552 ], [ -73.768226561059663, -42.580562802580872 ], [ -73.768261580982696, -42.580573102072499 ], [ -73.768290726822087, -42.58058943070882 ], [ -73.768303965294422, -42.58059896754061 ], [ -73.768325692846204, -42.58061135258756 ], [ -73.768337864119999, -42.58062198610488 ], [ -73.768352704288475, -42.580629877237151 ], [ -73.768371553638104, -42.580644060106302 ], [ -73.768389334890827, -42.580659340321851 ], [ -73.768401075871594, -42.58067099445195 ], [ -73.768427761225411, -42.580691009335546 ], [ -73.768459445703797, -42.580709938108598 ], [ -73.768467816205629, -42.580715219802158 ], [ -73.768499369529977, -42.580739489128518 ], [ -73.768514849298953, -42.580747302856132 ], [ -73.768531928967448, -42.580753472214354 ], [ -73.768562352211177, -42.580769648669659 ], [ -73.768576124282802, -42.580778635807917 ], [ -73.768588830054185, -42.580788721615171 ], [ -73.76860036262579, -42.580799430507646 ], [ -73.768691863224007, -42.580866809176534 ], [ -73.768723298869062, -42.580893511918489 ], [ -73.768824862395078, -42.580967903831969 ], [ -73.768833856327703, -42.580976017167401 ], [ -73.768866121117753, -42.580996084868971 ], [ -73.768899692058241, -42.581020593530468 ], [ -73.768938428311614, -42.581043269970237 ], [ -73.768971909420557, -42.581064401258864 ], [ -73.76899372680387, -42.581080164228467 ], [ -73.769009251488612, -42.581089666589889 ], [ -73.769041443515121, -42.581113858381173 ], [ -73.769048121590956, -42.581117409693519 ], [ -73.769053731569898, -42.581122057024302 ], [ -73.769060409645732, -42.581125608336215 ], [ -73.769077774978484, -42.581139002647291 ], [ -73.769092824454447, -42.581147836938008 ], [ -73.769100127757696, -42.58115421659685 ], [ -73.769115650645801, -42.581163717624115 ], [ -73.769130478237884, -42.581174515086055 ], [ -73.769156435956347, -42.581191229849829 ], [ -73.769181311204875, -42.581211947022702 ], [ -73.7691968942801, -42.581220232302456 ], [ -73.769212907648352, -42.581227498953602 ], [ -73.769238162884264, -42.581235101618638 ], [ -73.76925610224049, -42.581239231028178 ], [ -73.769273078602737, -42.581244928726576 ], [ -73.769287919669523, -42.581252819118589 ], [ -73.769298425466786, -42.581255908072173 ], [ -73.76931433373214, -42.581262703108102 ], [ -73.769348494865767, -42.58127504172198 ], [ -73.769367281333317, -42.581280036961601 ], [ -73.769384361001812, -42.581286205605679 ], [ -73.769439923598753, -42.581312418698317 ], [ -73.769451808309967, -42.581315825804239 ], [ -73.769470387266679, -42.581319879142228 ], [ -73.769488951850335, -42.581326836886731 ], [ -73.769504964320276, -42.581334102202547 ], [ -73.769535282461121, -42.58134980689681 ], [ -73.769601897929334, -42.581375656829465 ], [ -73.769634991864379, -42.581389091434936 ], [ -73.769651967328315, -42.581394789119649 ], [ -73.769689762147266, -42.581402816411689 ], [ -73.769743346653954, -42.58142007217581 ], [ -73.769759892723187, -42.581426789143414 ], [ -73.769776764880859, -42.581432015214865 ], [ -73.769791710152234, -42.581440377854364 ], [ -73.769805482223845, -42.581449365557411 ], [ -73.769818825799078, -42.581459372544316 ], [ -73.769832598769014, -42.581468360244635 ], [ -73.769873342757037, -42.581504589500582 ], [ -73.769885098110848, -42.581513335106067 ], [ -73.769900550930373, -42.581526961500437 ], [ -73.76991145917286, -42.581534841935095 ], [ -73.769942141131381, -42.581564053905311 ], [ -73.769964140872702, -42.58158657073978 ], [ -73.769981881701256, -42.581610568535602 ], [ -73.769987347949751, -42.581623462030734 ], [ -73.769994726711502, -42.581636123357001 ], [ -73.770009424047842, -42.581652260558208 ], [ -73.770018718017795, -42.581664692358267 ], [ -73.77004062702926, -42.58168383117421 ], [ -73.770061466147212, -42.58170406665409 ], [ -73.770070851745288, -42.581719874439948 ], [ -73.770075081911969, -42.581724204895529 ], [ -73.770084675020897, -42.581740956552643 ], [ -73.770098286294072, -42.581784812721466 ], [ -73.770106485217681, -42.581804151255511 ], [ -73.770116372974016, -42.58184894067157 ], [ -73.770121304724924, -42.581862382450893 ], [ -73.770124961766442, -42.581875977681321 ], [ -73.770132340528178, -42.581888639617745 ], [ -73.770142168995719, -42.581900522376088 ], [ -73.77015715289464, -42.581925353464307 ], [ -73.770173419587792, -42.581949671927561 ], [ -73.770178038724993, -42.581962800163282 ], [ -73.770184522764723, -42.581989569902575 ], [ -73.770192886080011, -42.582000367221518 ], [ -73.770199074574009, -42.582010582473053 ], [ -73.770213541941672, -42.58201858653549 ], [ -73.770221321352025, -42.582021961192403 ], [ -73.770233129706426, -42.582032403974992 ], [ -73.770243765759389, -42.582043472476037 ], [ -73.770259151205266, -42.582050819726611 ], [ -73.770287628698071, -42.582067001798237 ], [ -73.770313220802223, -42.582086437476008 ], [ -73.77033614131669, -42.582108619434614 ], [ -73.77034624107543, -42.582120235591965 ], [ -73.770359543328155, -42.582130014275499 ], [ -73.770382629132641, -42.582144787466362 ], [ -73.770467675335524, -42.582190837335197 ], [ -73.770484286083459, -42.58219779630538 ], [ -73.770535948195459, -42.582213605288963 ], [ -73.770552402636511, -42.58221985519733 ], [ -73.770586652703329, -42.582229528696921 ], [ -73.77060236333935, -42.582235383726548 ], [ -73.770619299277399, -42.582240849169985 ], [ -73.77063548602051, -42.58224737290994 ], [ -73.770650709769626, -42.582255467558667 ], [ -73.770683936655345, -42.582267929003081 ], [ -73.77073336825049, -42.582294419485756 ], [ -73.770764829946685, -42.5823092746556 ], [ -73.770799829208471, -42.582317888522681 ], [ -73.770834607484687, -42.582328466849852 ], [ -73.770885892304264, -42.582345532526027 ], [ -73.770902132047979, -42.582352293710038 ], [ -73.770936904934302, -42.582369532675486 ], [ -73.77099263102464, -42.582391872616157 ], [ -73.771023772920586, -42.582406766125949 ], [ -73.771064190820184, -42.582428047097913 ], [ -73.771097582097596, -42.582439761749335 ], [ -73.771129948397274, -42.582454264340512 ], [ -73.771163380098898, -42.582474328920583 ], [ -73.771195752686779, -42.582487376350976 ], [ -73.771234218547249, -42.582505746329346 ], [ -73.771256689904092, -42.582521440806985 ], [ -73.771280144916162, -42.582543072298996 ], [ -73.771298212731466, -42.5825566349708 ], [ -73.771321225772425, -42.582570326618956 ], [ -73.771377243815223, -42.582598445418505 ], [ -73.771429728784014, -42.582626142211986 ], [ -73.771480615649892, -42.582660691421275 ], [ -73.771495139611432, -42.582670079775689 ], [ -73.771557418911769, -42.582701318499467 ], [ -73.771593017349844, -42.582718577872775 ], [ -73.771695328274177, -42.582773807967499 ], [ -73.771709274618971, -42.5827820553382 ], [ -73.771780100490901, -42.582816378913591 ], [ -73.771814077469898, -42.582827781958763 ], [ -73.771831867705785, -42.582832660000946 ], [ -73.771848588048158, -42.582838634692614 ], [ -73.771884343691411, -42.582844736378149 ], [ -73.771903484095162, -42.582845335633074 ], [ -73.771940152426765, -42.582849630954712 ], [ -73.771977745124772, -42.582849216238579 ], [ -73.771995913551393, -42.582852837563607 ], [ -73.772030690929299, -42.582863415800013 ], [ -73.772047621477469, -42.582870334347973 ], [ -73.77206556802021, -42.582875920115811 ], [ -73.772101550038926, -42.582885264783499 ], [ -73.772120302370482, -42.582888571927718 ], [ -73.772136913118388, -42.582895529497186 ], [ -73.772171432679798, -42.582904930383364 ], [ -73.772205512965058, -42.582916803026599 ], [ -73.772260231145651, -42.582927156366495 ], [ -73.772295573563866, -42.582936578413616 ], [ -73.772312028004919, -42.582942829572353 ], [ -73.77235122150077, -42.582964498619567 ], [ -73.77236097810308, -42.582970102898969 ], [ -73.772374228253511, -42.582979644658025 ], [ -73.772389666699979, -42.582987227928015 ], [ -73.772407242238529, -42.582992617241338 ], [ -73.772475687574953, -42.583018387783021 ], [ -73.772511051552755, -42.583028654459085 ], [ -73.772561483871115, -42.583046305306638 ], [ -73.772595724056487, -42.583064093064557 ], [ -73.772598954398248, -42.583066850553536 ], [ -73.772671699071637, -42.583106150545461 ], [ -73.772689377916436, -42.583112010122726 ], [ -73.772707249899, -42.583116516421043 ], [ -73.772761383276347, -42.583127181259556 ], [ -73.77279568005558, -42.583138545223747 ], [ -73.772845621893794, -42.583158434305673 ], [ -73.772901141371619, -42.58316796479172 ], [ -73.772919637683316, -42.58317009392151 ], [ -73.772955906264599, -42.583180008694086 ], [ -73.772989291253822, -42.583193175694859 ], [ -73.773045310194931, -42.583204222162756 ], [ -73.773064657211208, -42.58320576262269 ], [ -73.773083913497643, -42.583203925182715 ], [ -73.773121619383389, -42.583202526929227 ], [ -73.773177049927995, -42.583196811551261 ], [ -73.773195981024287, -42.583196465625662 ], [ -73.773214207841391, -42.583198867923272 ], [ -73.773268171437152, -42.583211735955771 ], [ -73.77328714744921, -42.583213079972154 ], [ -73.77330473017426, -42.583217013468804 ], [ -73.773323222892699, -42.583219142596938 ], [ -73.773340642124396, -42.583223822180912 ], [ -73.773361018609961, -42.583232988873107 ], [ -73.773403761349513, -42.583257380244476 ], [ -73.773441027060755, -42.583282188303876 ], [ -73.773457535400723, -42.583288673572241 ], [ -73.773525895397214, -42.58332147890011 ], [ -73.773559369319642, -42.583332818356205 ], [ -73.773577914140375, -42.583335183608767 ], [ -73.773635404521926, -42.583332853411669 ], [ -73.77367311579755, -42.583330000689401 ], [ -73.773710547697135, -42.58333033007861 ], [ -73.773784497909631, -42.583332793222063 ], [ -73.773803220596776, -42.583331505429285 ], [ -73.773861205051745, -42.583325481178044 ], [ -73.773900031136648, -42.583323221091533 ], [ -73.773937358831631, -42.583323078885321 ], [ -73.773956602541659, -42.58332414774685 ], [ -73.77399392754171, -42.583324006202069 ], [ -73.774051313718687, -42.583321202424777 ], [ -73.774069546823995, -42.583322151568574 ], [ -73.774087982948586, -42.583325499036498 ], [ -73.774107173657995, -42.583326332430985 ], [ -73.774125666376435, -42.583328461555382 ], [ -73.774143085608117, -42.583333141131156 ], [ -73.774179474563638, -42.583340619191731 ], [ -73.774214632827224, -42.58334994063992 ], [ -73.774231516662994, -42.583355169857299 ], [ -73.774268069111912, -42.583361901829164 ], [ -73.7742862060975, -42.583366132295708 ], [ -73.774322985820163, -42.583369446028684 ], [ -73.774378443314248, -42.583369780709091 ], [ -73.774396637792009, -42.583367586766542 ], [ -73.774415262562798, -42.583364371585645 ], [ -73.774433255817925, -42.583359779981571 ], [ -73.774451827588123, -42.58335632867194 ], [ -73.774467815803547, -42.583348590012235 ], [ -73.774503645108666, -42.583338698416291 ], [ -73.774522321981721, -42.583335718700859 ], [ -73.774528537425184, -42.583337148699719 ], [ -73.774547083144199, -42.583339514613591 ], [ -73.774582944788662, -42.583346086522532 ], [ -73.774601490507706, -42.583348451774619 ], [ -73.774619977836252, -42.583352033385211 ], [ -73.774638530741825, -42.583352944165924 ], [ -73.774657128563163, -42.583355545546077 ], [ -73.774675771300224, -42.583359835541181 ], [ -73.774751064494097, -42.583371338361928 ], [ -73.774769773706524, -42.583372958188555 ], [ -73.77478811730461, -42.583372925778804 ], [ -73.774806520191518, -42.583371675688021 ], [ -73.774844085940074, -42.583371865516604 ], [ -73.774881606772851, -42.583375574780618 ], [ -73.774919508491323, -42.583378027339506 ], [ -73.774938594097861, -42.5833783904611 ], [ -73.774995987461367, -42.583374131554187 ], [ -73.775034610527001, -42.583369473147037 ], [ -73.775071736999379, -42.583366932618453 ], [ -73.775166965606019, -42.583355932479023 ], [ -73.775186482403882, -42.58335527370086 ], [ -73.775225476473736, -42.583350813719484 ], [ -73.775283442064065, -42.58334915023832 ], [ -73.775321049135115, -42.583345824598638 ], [ -73.775394630140042, -42.583336225351722 ], [ -73.775470111980127, -42.583329299579788 ], [ -73.775546186708269, -42.583320609127256 ], [ -73.775564797106, -42.583320301564974 ], [ -73.775583397622285, -42.583322901623646 ], [ -73.775621220289011, -42.583319067347318 ], [ -73.775639420156651, -42.583315418930958 ], [ -73.77565688610072, -42.583309921171946 ], [ -73.775690494770458, -42.583297393131907 ], [ -73.775708323633893, -42.583293546286946 ], [ -73.77574471348774, -42.583289157073601 ], [ -73.775763273579813, -42.583288614705467 ], [ -73.775820006681599, -42.583288795274363 ], [ -73.775857081051683, -42.583286017952489 ], [ -73.775893925453047, -42.583286659534359 ], [ -73.775912967042146, -42.583285332055162 ], [ -73.775951674549418, -42.583285507332675 ], [ -73.775989119923722, -42.583282927776629 ], [ -73.776175855416781, -42.583260405601976 ], [ -73.776213091483612, -42.583256883514352 ], [ -73.776268508553486, -42.583254073781248 ], [ -73.776304910983754, -42.583258642243202 ], [ -73.776323893284015, -42.583258533108094 ], [ -73.776342446189588, -42.583259443890178 ], [ -73.776360725108987, -42.58326208231405 ], [ -73.77637996792069, -42.583263150515172 ], [ -73.776398261213131, -42.583262883299547 ], [ -73.77643587547071, -42.583258103181905 ], [ -73.776454166966531, -42.583257833981975 ], [ -73.776491043707253, -42.583263073128485 ], [ -73.776508411734952, -42.583267517241921 ], [ -73.776542553105642, -42.583278170810402 ], [ -73.776561634220599, -42.583279987082584 ], [ -73.776580010158042, -42.583284550912687 ], [ -73.776596464599109, -42.583290801375107 ], [ -73.776649413098582, -42.583304998190251 ], [ -73.776703826750278, -42.583312480884182 ], [ -73.776755602050002, -42.583327304724513 ], [ -73.77678364565655, -42.583345959529119 ], [ -73.776793852314796, -42.583358048373967 ], [ -73.776811543736002, -42.583372866250677 ], [ -73.776821191642156, -42.583379452046003 ], [ -73.776836095591037, -42.583387582926036 ], [ -73.776852708135578, -42.583394539778382 ], [ -73.776908443209081, -42.583403558286626 ], [ -73.776945118727184, -42.583406400422753 ], [ -73.776962969150176, -42.583410058755121 ], [ -73.776980171887885, -42.58341524762065 ], [ -73.776996680227853, -42.583421734198033 ], [ -73.777014306970358, -42.583427357617587 ], [ -73.777032906588317, -42.583429957010374 ], [ -73.777068551738793, -42.58343703952837 ], [ -73.777084524682863, -42.583444073100267 ], [ -73.777097507135352, -42.583453889277273 ], [ -73.777109317286389, -42.583464331158623 ], [ -73.777127022182327, -42.58348810797802 ], [ -73.777138402938661, -42.583499571089781 ], [ -73.777157111252762, -42.583513054844282 ], [ -73.777171931658316, -42.583528219930706 ], [ -73.777224674443602, -42.583575620061922 ], [ -73.777235632093422, -42.583586649265129 ], [ -73.777245200947846, -42.583598814126759 ], [ -73.777257381204763, -42.583621320305049 ], [ -73.77726775225473, -42.583632661029419 ], [ -73.777279828307087, -42.583642829052593 ], [ -73.77729465859413, -42.583661747008222 ], [ -73.777325272280692, -42.583682391926779 ], [ -73.777333264591775, -42.583690388498987 ], [ -73.777342859497324, -42.583696737472344 ], [ -73.77734698186616, -42.583702052645258 ], [ -73.777354715462437, -42.583708869902878 ], [ -73.777368042868005, -42.583724699007313 ], [ -73.777372544325885, -42.583728757480067 ], [ -73.777383439093654, -42.583747664165472 ], [ -73.777388802934198, -42.583754887529722 ], [ -73.777395603180921, -42.583767871195867 ], [ -73.777412389998617, -42.583794907373488 ], [ -73.777424356456521, -42.583806056254737 ], [ -73.777427522119581, -42.583811487828136 ], [ -73.777432023577461, -42.583815544310937 ], [ -73.777447918368111, -42.583840024745925 ], [ -73.777454666512526, -42.583852772267925 ], [ -73.77746381226045, -42.583864503848496 ], [ -73.777474449211724, -42.583875572685692 ], [ -73.777487751464434, -42.583885350432489 ], [ -73.777502570073366, -42.583900514105544 ], [ -73.77751311090492, -42.583909656887165 ], [ -73.77753417100844, -42.58393230185095 ], [ -73.777541823756351, -42.583944697479886 ], [ -73.777554683139627, -42.58397026986426 ], [ -73.777565424295489, -42.583981809611736 ], [ -73.777573984341828, -42.583993854018303 ], [ -73.777580178225719, -42.58401151319103 ], [ -73.777585240232327, -42.584021073310382 ], [ -73.777591591321396, -42.584027573053071 ], [ -73.777596847364137, -42.584040983937562 ], [ -73.777609099486284, -42.58409496278454 ], [ -73.777615241267867, -42.584112385803166 ], [ -73.777620302376192, -42.584121945907043 ], [ -73.777624425643353, -42.584127261043726 ], [ -73.777628842659595, -42.584138352983807 ], [ -73.777635975282948, -42.584148390625685 ], [ -73.777648461865397, -42.584173765163328 ], [ -73.777651850310647, -42.584177231640282 ], [ -73.777652788151812, -42.584181476602623 ], [ -73.77766946357842, -42.584221361243912 ], [ -73.777678466494208, -42.584229478124442 ], [ -73.777684484308296, -42.584238923785684 ], [ -73.777698992100142, -42.584252671946011 ], [ -73.777709786256594, -42.584264448427511 ], [ -73.777734715404051, -42.584301642384318 ], [ -73.777741835450982, -42.58431458691318 ], [ -73.777749723557491, -42.584322111154982 ], [ -73.777755898576757, -42.584332264514622 ], [ -73.777759287022008, -42.584335729659919 ], [ -73.777768471397465, -42.584350605508625 ], [ -73.77777254974886, -42.584354230714908 ], [ -73.777785407335514, -42.584379802269844 ], [ -73.777800396624343, -42.584404633032037 ], [ -73.777806506964907, -42.584417457823832 ], [ -73.777815424540748, -42.584444473877397 ], [ -73.777831050735102, -42.584469227890033 ], [ -73.777842594086508, -42.584479944087278 ], [ -73.777852645336225, -42.584491323678762 ], [ -73.777863869785691, -42.584502080218357 ], [ -73.777889516687068, -42.584521750599521 ], [ -73.777910583977089, -42.584542942220438 ], [ -73.777945317337554, -42.584575563016088 ], [ -73.777956006391136, -42.584586865866463 ], [ -73.777972859684169, -42.58461123091314 ], [ -73.777994721983234, -42.584621186463984 ], [ -73.778008238035014, -42.584630452823674 ], [ -73.778020316782317, -42.584640620022725 ], [ -73.778049297331691, -42.584675387042317 ], [ -73.778054502170463, -42.584688564309801 ], [ -73.778058514046506, -42.584695454214597 ], [ -73.778060066335314, -42.584699650197336 ], [ -73.778079168111532, -42.584748331910184 ], [ -73.778088057839568, -42.584769031365866 ], [ -73.778087789243301, -42.584782764858289 ], [ -73.77810880173611, -42.584817331391903 ], [ -73.778108488224078, -42.584833353346085 ], [ -73.778120028880537, -42.584876975846989 ], [ -73.778120292985236, -42.584894125485768 ], [ -73.778120255255985, -42.584899746788288 ], [ -73.778124657000888, -42.584913741507812 ], [ -73.77813630186192, -42.584924927227796 ], [ -73.778137133701875, -42.584928699894483 ], [ -73.778151956802361, -42.584942406234077 ], [ -73.778193271220601, -42.58497519018816 ], [ -73.778206400098483, -42.584987164293736 ], [ -73.778223358494401, -42.584998675412507 ], [ -73.778226746939652, -42.58500214250499 ], [ -73.778231200786848, -42.585004508355624 ], [ -73.778234585638828, -42.58500797346359 ], [ -73.778239041282646, -42.58501034262104 ], [ -73.778241151425249, -42.585013961174923 ], [ -73.778244329664716, -42.585016483117002 ], [ -73.778253602973408, -42.585034732635684 ], [ -73.778265635906635, -42.585053617760032 ], [ -73.778271106646713, -42.585066515172947 ], [ -73.778273607556457, -42.585077833808029 ], [ -73.778277384972228, -42.585088999656413 ], [ -73.778281786717116, -42.58510299499487 ], [ -73.778286632229765, -42.585113062906068 ], [ -73.77829100882181, -42.585132871328106 ], [ -73.778305308204523, -42.58516794562636 ], [ -73.778313774826074, -42.585176609365199 ], [ -73.778320520275543, -42.585189351984056 ], [ -73.778341673803851, -42.585213915877944 ], [ -73.778357772512067, -42.585227468047655 ], [ -73.778361575080652, -42.585232820790125 ], [ -73.778429122101812, -42.585295366424013 ], [ -73.778439282047685, -42.585305761698734 ], [ -73.77845558916502, -42.585320256347813 ], [ -73.77845939173362, -42.585325609082311 ], [ -73.778470620674668, -42.585334907084622 ], [ -73.778487135302868, -42.585350345548598 ], [ -73.778498362447294, -42.585359644208623 ], [ -73.778502166812501, -42.585364995616935 ], [ -73.778532879313758, -42.585391311496267 ], [ -73.778544940094761, -42.58540438146526 ], [ -73.778549056175393, -42.585410583432797 ], [ -73.778564581758459, -42.585433970605678 ], [ -73.778582583098427, -42.585450199420116 ], [ -73.778586385667026, -42.585455550159232 ], [ -73.778597613709763, -42.585464847480779 ], [ -73.778601416278363, -42.585470199541462 ], [ -73.778634031411386, -42.585499192066784 ], [ -73.778637624672513, -42.585503599643793 ], [ -73.778648853613561, -42.585512898942341 ], [ -73.77865265618216, -42.585518249676099 ], [ -73.778680191342261, -42.585542043569987 ], [ -73.77868399391086, -42.585547395624054 ], [ -73.778700302824845, -42.585561890878353 ], [ -73.778703037296566, -42.585568340193966 ], [ -73.778721037738222, -42.585584568312008 ], [ -73.778758289076421, -42.585622684795396 ], [ -73.778775404677532, -42.585646767019647 ], [ -73.778788950373709, -42.585660627307405 ], [ -73.77881954609397, -42.585689378994921 ], [ -73.778833092688458, -42.585703237950405 ], [ -73.778850207391244, -42.585727320804942 ], [ -73.778858674012795, -42.585735983143273 ], [ -73.778875162589841, -42.58575723652288 ], [ -73.778936564236133, -42.585815680964558 ], [ -73.778951178029175, -42.58582844395611 ], [ -73.778953289070088, -42.58583206312386 ], [ -73.778966625458793, -42.585844979556263 ], [ -73.778970428925717, -42.585850332245727 ], [ -73.779004737383048, -42.585881056131825 ], [ -73.779008540849958, -42.585886406834 ], [ -73.779024847967321, -42.585900903993654 ], [ -73.779038392765159, -42.585914762902142 ], [ -73.779042197130408, -42.58592011558558 ], [ -73.779060198470361, -42.585936344273478 ], [ -73.779070357517938, -42.585946739441304 ], [ -73.779152728537909, -42.586022991122327 ], [ -73.779163956580632, -42.586032288359199 ], [ -73.779167759149232, -42.586037639709772 ], [ -73.779195296105954, -42.586061432744025 ], [ -73.779197405350246, -42.586065052559697 ], [ -73.779205871971797, -42.586073715512455 ], [ -73.779228327158947, -42.586092312615335 ], [ -73.779251798340695, -42.586121436468872 ], [ -73.779254117790771, -42.586125999429555 ], [ -73.779267663486934, -42.586139860933557 ], [ -73.779269123249264, -42.586146462971435 ], [ -73.779282668945427, -42.586160323148128 ], [ -73.779293609527286, -42.58618611949754 ], [ -73.779307155223449, -42.586199979004 ], [ -73.779319191749934, -42.586218863775379 ], [ -73.77932192622167, -42.586225313023021 ], [ -73.779333961849844, -42.586244197786691 ], [ -73.779348263029163, -42.586279272121075 ], [ -73.779351857188615, -42.586283680304291 ], [ -73.779358813742192, -42.586297367165585 ], [ -73.779367278567094, -42.586306030086085 ], [ -73.779376580621857, -42.586318466249359 ], [ -73.779386948078567, -42.586329803837522 ], [ -73.77938905822117, -42.586333423637598 ], [ -73.779408543577986, -42.586350441258645 ], [ -73.779422324632762, -42.586359430899435 ], [ -73.779435453510629, -42.586371404077738 ], [ -73.779454758306102, -42.586381664910519 ], [ -73.77947447812322, -42.586393812691959 ], [ -73.779496751850687, -42.586405652262563 ], [ -73.779509880728554, -42.586417624770604 ], [ -73.779514337270697, -42.586419993874522 ], [ -73.779522594584776, -42.586427713634023 ], [ -73.779544867413918, -42.586439551875436 ], [ -73.779597724285253, -42.586459322176694 ], [ -73.779614711427257, -42.586465019398041 ], [ -73.779630835288302, -42.586472758993693 ], [ -73.779657589812416, -42.586481152703797 ], [ -73.779675644152988, -42.586485752676019 ], [ -73.779683067830504, -42.58648969985542 ], [ -73.779690074689711, -42.58649175942579 ], [ -73.779694948050135, -42.586496014151344 ], [ -73.779699193488156, -42.586497438125214 ], [ -73.779713391361241, -42.58650831469172 ], [ -73.779717846106735, -42.586510682469395 ], [ -73.779730975882913, -42.586522656280039 ], [ -73.779744965346836, -42.586532590361152 ], [ -73.77974835109714, -42.586536054722757 ], [ -73.779767655892613, -42.586546315528409 ], [ -73.779779299855306, -42.586557500294049 ], [ -73.779792013711528, -42.586567587150661 ], [ -73.77981001505151, -42.586583815008588 ], [ -73.779824863304853, -42.586591707370502 ], [ -73.779870817521513, -42.586633615643244 ], [ -73.779877591717067, -42.586640547000592 ], [ -73.77988204556425, -42.586642914111849 ], [ -73.779894757623822, -42.586653001616021 ], [ -73.779908538678626, -42.586661991213177 ], [ -73.779918907931929, -42.586673330061629 ], [ -73.779935215049292, -42.586687825715529 ], [ -73.779970149632376, -42.586721378607535 ], [ -73.779984763425418, -42.58673414141365 ], [ -73.77999323094528, -42.58674280427347 ], [ -73.78000953896094, -42.586757301233973 ], [ -73.780012274330986, -42.58676374778036 ], [ -73.780046584584937, -42.586794473200477 ], [ -73.780050387153537, -42.586799823824229 ], [ -73.7800666942709, -42.586814320110129 ], [ -73.780088708385264, -42.586836841662254 ], [ -73.780101370139178, -42.586858557637257 ], [ -73.780102410388281, -42.586863273985685 ], [ -73.780110616498391, -42.586882620203873 ], [ -73.780129998548972, -42.586970343795848 ], [ -73.780132317999033, -42.586974906033049 ], [ -73.780136902101944, -42.586995657660232 ], [ -73.780141305643454, -42.587009652570643 ], [ -73.780147817530946, -42.587027267899082 ], [ -73.780151412588722, -42.587031674706651 ], [ -73.780153731140459, -42.587036238262101 ], [ -73.78015690937994, -42.587038760122383 ], [ -73.780176786402237, -42.587063476728773 ], [ -73.780190957325843, -42.587080167426642 ], [ -73.780202186266891, -42.58708946450588 ], [ -73.780214247946205, -42.587102536102989 ], [ -73.780246448057554, -42.58712964027977 ], [ -73.780253638173107, -42.587138457848404 ], [ -73.780268462171918, -42.587152163702143 ], [ -73.780274167372284, -42.587160190914311 ], [ -73.780282633993849, -42.587168854376294 ], [ -73.780331558040857, -42.587212340320789 ], [ -73.780340023764069, -42.587221003114145 ], [ -73.780401414630603, -42.587306080040776 ], [ -73.780419415970599, -42.587322308367845 ], [ -73.78044680919686, -42.58735434966178 ], [ -73.780487762492328, -42.587421070448045 ], [ -73.780521992796238, -42.587469236143271 ], [ -73.78054024296955, -42.587501412944533 ], [ -73.780554155178365, -42.587528786129376 ], [ -73.78056919926442, -42.587564255245752 ], [ -73.780620236148977, -42.587706265107791 ], [ -73.780626488423351, -42.587734562808279 ], [ -73.78063656931748, -42.587762397531961 ], [ -73.780670541804895, -42.587916150326855 ], [ -73.780679347989619, -42.587944141053995 ], [ -73.78069260891985, -42.587974498829269 ], [ -73.780699355267615, -42.587987242198935 ], [ -73.780711000128647, -42.587998426706086 ], [ -73.780722229069696, -42.588007725632458 ], [ -73.780729001468643, -42.588014654852884 ], [ -73.780743826365764, -42.588028361175354 ], [ -73.780754194720771, -42.588039700436667 ], [ -73.780761826807421, -42.588044589314364 ], [ -73.780788531924188, -42.58806460910597 ], [ -73.780796164010852, -42.58806949996584 ], [ -73.780832663459165, -42.588086400711227 ], [ -73.780837768584917, -42.5880857849723 ], [ -73.780880024437565, -42.588099086518532 ], [ -73.780911859832912, -42.588112675759312 ], [ -73.780928845178323, -42.588118375475027 ], [ -73.780964953859467, -42.588127577161664 ], [ -73.780983659478622, -42.588129192896496 ], [ -73.781062198285611, -42.588135355571943 ], [ -73.781098338407801, -42.588144718631078 ], [ -73.781116206797122, -42.588150473237846 ], [ -73.781146179984887, -42.588167520124635 ], [ -73.781148662928331, -42.588166898434181 ], [ -73.781153229963252, -42.588167800546707 ], [ -73.781164428361578, -42.588168065757209 ], [ -73.781164848773116, -42.588168983081289 ], [ -73.78116733171656, -42.588168360729512 ], [ -73.781172320959669, -42.588170181488827 ], [ -73.781176045374821, -42.58816924829182 ], [ -73.781198483493981, -42.588175905008697 ], [ -73.781215111309891, -42.588181971119099 ], [ -73.781252575548834, -42.588203280542849 ], [ -73.781279664246227, -42.588223095258037 ], [ -73.781297574856339, -42.588234977470442 ], [ -73.781318370855175, -42.588244093161499 ], [ -73.781341269810085, -42.588257795465275 ], [ -73.781344195622964, -42.588261154572891 ], [ -73.781365853106152, -42.588275169040323 ], [ -73.781370843247558, -42.588276990457906 ], [ -73.781393320892604, -42.588289773448025 ], [ -73.781405422996102, -42.588301065704428 ], [ -73.781418345261457, -42.588311128469535 ], [ -73.781433753165217, -42.588320570205461 ], [ -73.781446676328898, -42.588330633628793 ], [ -73.781457094989563, -42.588338255268766 ], [ -73.781472501096687, -42.58834769567784 ], [ -73.781488729162291, -42.588355907919897 ], [ -73.781510345322971, -42.588363793443705 ], [ -73.78152779419905, -42.588368631370464 ], [ -73.781544843324838, -42.58837561478316 ], [ -73.781559829918706, -42.588384138527069 ], [ -73.781587275247276, -42.588395678780252 ], [ -73.781603944385694, -42.588407873126492 ], [ -73.781615183208203, -42.588414265269847 ], [ -73.781628527681761, -42.58842524599838 ], [ -73.781639388313536, -42.58843684973543 ], [ -73.781653278962779, -42.588467131213264 ], [ -73.781660413382767, -42.588479667473557 ], [ -73.781668791071098, -42.588491891565006 ], [ -73.78168089317461, -42.588503183123422 ], [ -73.781706739501971, -42.588523310570842 ], [ -73.781723408640374, -42.588535504230769 ], [ -73.781736331804055, -42.588545567619391 ], [ -73.781752623650036, -42.588562971537208 ], [ -73.781830141072533, -42.588620286377306 ], [ -73.781839759334304, -42.588632200259667 ], [ -73.781848137022635, -42.58864442432116 ], [ -73.781855271442609, -42.58865695988446 ], [ -73.781878844133999, -42.588708348127994 ], [ -73.781888346513057, -42.588720021917304 ], [ -73.781898985260966, -42.588731153383591 ], [ -73.781908793965556, -42.588741982603295 ], [ -73.781928010726119, -42.588765784525869 ], [ -73.78193637853299, -42.588777995995251 ], [ -73.781948357567302, -42.58878828222516 ], [ -73.781981929406101, -42.588821517853681 ], [ -73.781993808727421, -42.588832339121332 ], [ -73.782025524646841, -42.588866807511501 ], [ -73.782032809085493, -42.588872136132309 ], [ -73.782043142406195, -42.588884112134842 ], [ -73.782047306995864, -42.588887157060242 ], [ -73.78205598382317, -42.588899289803386 ], [ -73.782080467406246, -42.588951154690932 ], [ -73.782096067549475, -42.58897611788926 ], [ -73.782107988193289, -42.588993060716113 ], [ -73.782112150986322, -42.588996106297515 ], [ -73.782121554550713, -42.589008313753595 ], [ -73.782133523703578, -42.589017068888296 ], [ -73.782136345311869, -42.589020961014207 ], [ -73.782160801945466, -42.589038850901517 ], [ -73.782163626248732, -42.58904274302602 ], [ -73.782171950936473, -42.589048833522519 ], [ -73.782188166425655, -42.589072876725488 ], [ -73.782196050938921, -42.589090064230369 ], [ -73.782195252336621, -42.589094351846754 ], [ -73.782197190901002, -42.589105362878179 ], [ -73.782199539995474, -42.58913083526393 ], [ -73.782198840207869, -42.589134586512458 ], [ -73.782199802303523, -42.58913894423025 ], [ -73.782199003701251, -42.589143232504647 ], [ -73.782202099295731, -42.589156765302008 ], [ -73.782214087313193, -42.589183653642912 ], [ -73.782244222197704, -42.589228993962422 ], [ -73.782253420047894, -42.58924150890595 ], [ -73.78227480713818, -42.589264766337514 ], [ -73.78228627143784, -42.58927543607652 ], [ -73.782303422971552, -42.5893000102648 ], [ -73.782309308733304, -42.589312843969928 ], [ -73.782316646172546, -42.58932582383305 ], [ -73.782328147303119, -42.589341851242139 ], [ -73.782401820834522, -42.589393912846688 ], [ -73.782408064125761, -42.589398481520085 ], [ -73.782416831682909, -42.589408548737531 ], [ -73.782433485549973, -42.58942072965845 ], [ -73.78243557592964, -42.589423782493938 ], [ -73.782446393442285, -42.589430780338333 ], [ -73.782458473087914, -42.589440530759461 ], [ -73.782465758424877, -42.589445859331235 ], [ -73.782478941201674, -42.589465551961389 ], [ -73.782499155990507, -42.589483994617098 ], [ -73.782505431621075, -42.589493152452462 ], [ -73.782510225929755, -42.589497571651521 ], [ -73.782531020131941, -42.589539886028753 ], [ -73.782541720863605, -42.589560198983023 ], [ -73.782547597642207, -42.589571501590981 ], [ -73.782556817051969, -42.589587076568179 ], [ -73.782560600755943, -42.589595326344323 ], [ -73.782568348725263, -42.589607693731566 ], [ -73.78257878714885, -42.589619897761068 ], [ -73.782590467044187, -42.589631790950278 ], [ -73.782600495836007, -42.58964460673041 ], [ -73.782611534334222, -42.589653595896131 ], [ -73.782632160551472, -42.589671423434311 ], [ -73.782645690077956, -42.589681321300382 ], [ -73.782655089150794, -42.589692763432609 ], [ -73.782688803821699, -42.589716510760915 ], [ -73.782699451552759, -42.589729173089012 ], [ -73.78270465549322, -42.589732979855448 ], [ -73.782706746771197, -42.589736032675667 ], [ -73.782731094708652, -42.589752928339671 ], [ -73.782747149399412, -42.589768324044094 ], [ -73.782763390041438, -42.589781119294152 ], [ -73.782779412392827, -42.58979192452265 ], [ -73.782784205803196, -42.589796344361865 ], [ -73.782823534944654, -42.589823284673926 ], [ -73.782833531397131, -42.589831511271385 ], [ -73.782842929571643, -42.589842953376085 ], [ -73.782852926024134, -42.589851180632294 ], [ -73.782863156038573, -42.589862925633867 ], [ -73.78287939847722, -42.589875720203132 ], [ -73.782896271533204, -42.589889889064565 ], [ -73.782905249296164, -42.589900415182619 ], [ -73.782934327761893, -42.589942698202712 ], [ -73.782944324214384, -42.589950924784418 ], [ -73.782956025669279, -42.589965877332943 ], [ -73.7829612287114, -42.589969684746301 ], [ -73.782974381843786, -42.589984785433487 ], [ -73.782997698515302, -42.590002450845411 ], [ -73.783008546570684, -42.590014040400476 ], [ -73.783062667371595, -42.590053627669491 ], [ -73.783075787266313, -42.590064137887445 ], [ -73.783089727322917, -42.590073421294598 ], [ -73.783103268527483, -42.59008484748238 ], [ -73.783127584125609, -42.590097152605381 ], [ -73.783132788066041, -42.590100957365316 ], [ -73.783143794224912, -42.590105355358013 ], [ -73.783158355915674, -42.590114482679873 ], [ -73.783183081145538, -42.590126174723679 ], [ -73.783222546830913, -42.590142861294765 ], [ -73.783236486887503, -42.590152144028814 ], [ -73.783292583982046, -42.590177948646598 ], [ -73.78330796403803, -42.590185849812372 ], [ -73.78334222578296, -42.590198728968318 ], [ -73.783358016369036, -42.590206015736157 ], [ -73.783392467658487, -42.590216293132883 ], [ -73.78341195840521, -42.590219587322494 ], [ -73.783466110647169, -42.590233617222083 ], [ -73.78348458180605, -42.590239210266397 ], [ -73.78350285353892, -42.590245876021143 ], [ -73.783557227664744, -42.590261893934724 ], [ -73.783573228456575, -42.590269639011112 ], [ -73.783609948890444, -42.590278836412097 ], [ -73.783627790330328, -42.590283053843557 ], [ -73.783646451033718, -42.590286044469885 ], [ -73.783663880146861, -42.59029087761801 ], [ -73.783700719158347, -42.590286760712303 ], [ -73.783774731354598, -42.590297348930285 ], [ -73.783814239260778, -42.590307604487357 ], [ -73.783850235652551, -42.590301653658734 ], [ -73.783869074222366, -42.590300511506946 ], [ -73.783906102778374, -42.590293792188682 ], [ -73.783925141672512, -42.590291578649307 ], [ -73.783943779918033, -42.590291509207518 ], [ -73.783962030989656, -42.590295113566484 ], [ -73.78397946189942, -42.590299946052561 ], [ -73.784010433115483, -42.59031620402228 ], [ -73.784019432437987, -42.590329790134312 ], [ -73.784024225848356, -42.590334209935406 ], [ -73.784039365155834, -42.590367209299245 ], [ -73.784045483581238, -42.590383561163058 ], [ -73.784044957168476, -42.590397489839305 ], [ -73.784040174537893, -42.590424747339 ], [ -73.784033329375447, -42.590453543123559 ], [ -73.784028452421751, -42.590467028680699 ], [ -73.784021502156406, -42.590480521509761 ], [ -73.784004270672625, -42.590504767194346 ], [ -73.783989742219532, -42.590530377229896 ], [ -73.783979881412662, -42.590572193572775 ], [ -73.783978324632272, -42.590586890692279 ], [ -73.783975465294745, -42.590592716499074 ], [ -73.783971343824206, -42.590625941245264 ], [ -73.783968483588353, -42.590631767048414 ], [ -73.783969209427099, -42.590646914530794 ], [ -73.783966821705064, -42.590661308736024 ], [ -73.783961944751383, -42.590674794248208 ], [ -73.783954574972796, -42.590687371067979 ], [ -73.783949696222493, -42.590700855913212 ], [ -73.783930078813313, -42.590739493715184 ], [ -73.783922709034726, -42.590752071183253 ], [ -73.783913889375256, -42.590764499184715 ], [ -73.783911081241683, -42.59077797739981 ], [ -73.783904542404727, -42.590790857094746 ], [ -73.783899453448655, -42.590803884266961 ], [ -73.783892084568379, -42.590816461060655 ], [ -73.783883368215172, -42.590844192561086 ], [ -73.783872067408893, -42.590887390241001 ], [ -73.783866358615271, -42.590900573470158 ], [ -73.783864380525017, -42.590914353889886 ], [ -73.783869952774722, -42.590941573466964 ], [ -73.783878626907097, -42.590968015954026 ], [ -73.783880801728401, -42.590983311495549 ], [ -73.783881516787375, -42.590996929206625 ], [ -73.783879750699512, -42.591011167915475 ], [ -73.783879845022625, -42.591024940374652 ], [ -73.783877291112276, -42.591044996905502 ], [ -73.783874072448612, -42.591059089446802 ], [ -73.783869814434169, -42.591072418796188 ], [ -73.783868049244617, -42.591086657487814 ], [ -73.783868563979297, -42.591101347211229 ], [ -73.783862939627298, -42.591126772487392 ], [ -73.783858512729566, -42.591145764887493 ], [ -73.783854254715123, -42.591159095541066 ], [ -73.783855800715727, -42.591173016107888 ], [ -73.783863380700097, -42.591191044920421 ], [ -73.783863211816822, -42.59119670930361 ], [ -73.783890335548506, -42.591255831148374 ], [ -73.78389457110508, -42.591269589004 ], [ -73.783900049031672, -42.591283035365535 ], [ -73.783901426149001, -42.591302617632884 ], [ -73.783903677327132, -42.591328625466872 ], [ -73.783900857515434, -42.591370721020567 ], [ -73.783898051178483, -42.591384198443201 ], [ -73.783875941842723, -42.591421929126781 ], [ -73.783869822518994, -42.59143572398068 ], [ -73.783864419152565, -42.591463138424771 ], [ -73.783855891445583, -42.591548564038078 ], [ -73.783853904372165, -42.591590961673987 ], [ -73.7838540004919, -42.591604735327707 ], [ -73.783856258856517, -42.591632272705965 ], [ -73.783859970695275, -42.591659957549922 ], [ -73.783863302546678, -42.591662699447944 ], [ -73.783864148759662, -42.591680370336277 ], [ -73.783866313699491, -42.591694132727525 ], [ -73.783870135132716, -42.591707737717961 ], [ -73.783876027182657, -42.591721334108044 ], [ -73.783878564923342, -42.591729127941875 ], [ -73.78388234862733, -42.59173737677316 ], [ -73.78388671713455, -42.591755186520643 ], [ -73.783892535522639, -42.591773143740674 ], [ -73.78389745469714, -42.591795925389583 ], [ -73.783895857492581, -42.591804500249808 ], [ -73.783905626671284, -42.591855187530008 ], [ -73.783905174818699, -42.591864753721168 ], [ -73.783911245633377, -42.591889289192608 ], [ -73.78391474636804, -42.591901441852741 ], [ -73.783918494139414, -42.59191940630528 ], [ -73.783917095462513, -42.591926909789173 ], [ -73.783919334962505, -42.591936313281423 ], [ -73.783916938257335, -42.591949173558383 ], [ -73.783917147564793, -42.591964704293453 ], [ -73.783918535461908, -42.591985815346959 ], [ -73.783921089372257, -42.59199590529316 ], [ -73.783918793278403, -42.59200823120149 ], [ -73.783920715673105, -42.592016946896244 ], [ -73.783919675424002, -42.592031257457265 ], [ -73.78391664001667, -42.592041597379463 ], [ -73.783903574020854, -42.592068882597445 ], [ -73.783904235180913, -42.59207484714527 ], [ -73.783899642094852, -42.592099500912276 ], [ -73.783899736417965, -42.592113271808273 ], [ -73.783905207158043, -42.5921410238943 ], [ -73.783913365657455, -42.592167848121463 ], [ -73.783915534190541, -42.592182375564143 ], [ -73.783917112530517, -42.592185812497206 ], [ -73.783923235447475, -42.592218000090341 ], [ -73.783924884754342, -42.592232146595421 ], [ -73.783922934511864, -42.592249751189392 ], [ -73.783914447229066, -42.592295304871826 ], [ -73.783913993579844, -42.592304871656758 ], [ -73.783912396375271, -42.592313445124311 ], [ -73.783913357572601, -42.592317803281141 ], [ -73.78391265868332, -42.592321554337921 ], [ -73.783914718520265, -42.592335088429238 ], [ -73.783923601061787, -42.59236198664162 ], [ -73.783927112576251, -42.592375668200312 ], [ -73.783948184357868, -42.592428380001202 ], [ -73.783953329009492, -42.592453912532413 ], [ -73.783958894072683, -42.592495436600963 ], [ -73.783960835331996, -42.592506446370223 ], [ -73.783961495593744, -42.59251241219885 ], [ -73.783959098888573, -42.592525274340886 ], [ -73.783960130154526, -42.5925395775106 ], [ -73.783951640176767, -42.592585130981213 ], [ -73.783948414326574, -42.592597691543688 ], [ -73.783947714538968, -42.592601443244924 ], [ -73.783949337794681, -42.592656981358786 ], [ -73.783944862387955, -42.592684163140646 ], [ -73.783938322652688, -42.592697045086986 ], [ -73.783928563355431, -42.592724023163449 ], [ -73.783923370194785, -42.59275189930645 ], [ -73.783919036721855, -42.592784672540155 ], [ -73.78391914182474, -42.59279997953967 ], [ -73.783915145220035, -42.592821422955943 ], [ -73.783916847527493, -42.592828152582896 ], [ -73.783916890646623, -42.592834275114349 ], [ -73.783914891895122, -42.592844996486832 ], [ -73.783916280690548, -42.592866116500694 ], [ -73.783917984794641, -42.592872844138888 ], [ -73.78391558719116, -42.59288571083578 ], [ -73.783920697706805, -42.592905897048411 ], [ -73.783917500602712, -42.592923052414193 ], [ -73.783917163734486, -42.592934381526561 ], [ -73.783922356895133, -42.592966812099547 ], [ -73.783922021823528, -42.592978139881346 ], [ -73.783923724131, -42.592984868168728 ], [ -73.78392666880849, -42.592991285634234 ], [ -73.783936490089502, -42.593033801987886 ], [ -73.783944061989033, -42.593050305917274 ], [ -73.783945764296476, -42.593057033535537 ], [ -73.783948709872305, -42.593063452316272 ], [ -73.78395255735667, -42.59308088737734 ], [ -73.78396517688978, -42.593108392359987 ], [ -73.783966880993873, -42.593115121294623 ], [ -73.783998849339895, -42.593184800610359 ], [ -73.784000130337489, -42.593190612286641 ], [ -73.784016534472883, -42.59322636916167 ], [ -73.784021644988542, -42.593246554602644 ], [ -73.784027954755103, -42.593260307389578 ], [ -73.784029657960886, -42.593267035646527 ], [ -73.784040594051149, -42.593290872874967 ], [ -73.784042298155242, -42.593297602451237 ], [ -73.784041962185327, -42.593308930172881 ], [ -73.784050038039723, -42.593338594258057 ], [ -73.784049701171483, -42.593349922633578 ], [ -73.784052645848988, -42.593356340722806 ], [ -73.784056495129988, -42.59337377570192 ], [ -73.784059017599304, -42.593379277202644 ], [ -73.784059460468725, -42.593383255688721 ], [ -73.784061143013261, -42.59338692269403 ], [ -73.78406040639473, -42.593400395051461 ], [ -73.78406168918896, -42.593406208030238 ], [ -73.784067156335766, -42.593418126288327 ], [ -73.784070122572857, -42.593427604284408 ], [ -73.784078955707017, -42.593446859187466 ], [ -73.784079397678155, -42.593450837007921 ], [ -73.784092058533773, -42.593484463633587 ], [ -73.784195533674719, -42.593710004524233 ], [ -73.784201905425036, -42.593732942196525 ], [ -73.784207794780045, -42.59374577763414 ], [ -73.784209498884124, -42.593752505177342 ], [ -73.784219593252971, -42.593774508398269 ], [ -73.784224703768629, -42.593794695645641 ], [ -73.784233558462375, -42.593817010330035 ], [ -73.784242077186221, -42.593850653952224 ], [ -73.784242328714512, -42.593887389190584 ], [ -73.784238332109794, -42.593908833555325 ], [ -73.784241698097176, -42.593916168826524 ], [ -73.784239699345662, -42.593926890674211 ], [ -73.784248216272871, -42.593960533575789 ], [ -73.784251161848672, -42.593966951602141 ], [ -73.78426100468927, -42.594012529159301 ], [ -73.784268217262664, -42.594037299211756 ], [ -73.784269921366771, -42.59404402738484 ], [ -73.784272866942587, -42.594050444741271 ], [ -73.784279238692889, -42.594073381626963 ], [ -73.784283467062934, -42.59408561057316 ], [ -73.784289775032846, -42.594099363836264 ], [ -73.784291479136954, -42.594106091341303 ], [ -73.784297367593638, -42.594118928686008 ], [ -73.784302478109296, -42.594139113837905 ], [ -73.784387868366935, -42.594325231171439 ], [ -73.784388309439734, -42.594329208935839 ], [ -73.784392957323021, -42.594342356387685 ], [ -73.78439884667803, -42.594355191699805 ], [ -73.784403495459628, -42.594368337823575 ], [ -73.784406902769504, -42.594381794097501 ], [ -73.784413990477077, -42.594388196870398 ], [ -73.78441992115458, -42.594407155872616 ], [ -73.784424127066757, -42.594416322904237 ], [ -73.784432643993966, -42.594449966864204 ], [ -73.784439796380255, -42.594465552525875 ], [ -73.784444022953664, -42.594477782717732 ], [ -73.784446966732858, -42.594484200029527 ], [ -73.784446231910934, -42.594497673472368 ], [ -73.784449175690128, -42.594504090782081 ], [ -73.784450879794221, -42.594510818904759 ], [ -73.784448881941046, -42.594521541311465 ], [ -73.784448545072792, -42.594532869471955 ], [ -73.784459208075234, -42.594577219894802 ], [ -73.784456010971127, -42.594594376123126 ], [ -73.784460701973543, -42.594613644553085 ], [ -73.784468274771385, -42.594630146741487 ], [ -73.784473362829161, -42.594647271873939 ], [ -73.784602080629583, -42.594927823540964 ], [ -73.78460500464584, -42.59493117832131 ], [ -73.784612996058598, -42.594948598311234 ], [ -73.784618022132619, -42.594956539872847 ], [ -73.784623911487628, -42.594969375719764 ], [ -73.784642314374523, -42.594994409250802 ], [ -73.784652347657953, -42.595007229218709 ], [ -73.784659856675404, -42.595014548489402 ], [ -73.784663620616456, -42.595019738372912 ], [ -73.784674031192253, -42.59502735192067 ], [ -73.784697819479319, -42.595052060730225 ], [ -73.784718640630956, -42.5950672891395 ], [ -73.784723646942055, -42.595072168207807 ], [ -73.784727411781404, -42.595077359409139 ], [ -73.784746970800086, -42.595089837468208 ], [ -73.784756983422227, -42.59509959626223 ], [ -73.784773639984238, -42.595111778716124 ], [ -73.784781590972813, -42.595123076349594 ], [ -73.784806577612443, -42.595141350022658 ], [ -73.784815747614871, -42.595149275027268 ], [ -73.784819511555895, -42.595154466222162 ], [ -73.784824096557116, -42.595158427401145 ], [ -73.78484365737242, -42.595170906105281 ], [ -73.784850304007207, -42.595173329764279 ], [ -73.784861976716002, -42.595183694955836 ], [ -73.784910686963983, -42.595217493245322 ], [ -73.784913610980212, -42.595220850655252 ], [ -73.7849306888521, -42.595233950305541 ], [ -73.784935695163156, -42.595238829360824 ], [ -73.784955254181853, -42.595251306726254 ], [ -73.784965665655989, -42.595258920907014 ], [ -73.784970671068749, -42.595263801944235 ], [ -73.78498316393943, -42.59527293843017 ], [ -73.785002725653058, -42.59528541578878 ], [ -73.785081848364953, -42.595343284565608 ], [ -73.785113902949249, -42.595364900366469 ], [ -73.785134724100899, -42.595380128699283 ], [ -73.78513973041197, -42.595385007743118 ], [ -73.78515014188612, -42.595392622568845 ], [ -73.78515514729888, -42.595397501611707 ], [ -73.785168461229702, -42.595405410712601 ], [ -73.78517763033382, -42.595413337006235 ], [ -73.785225479097406, -42.59544223959977 ], [ -73.785241274175064, -42.59544952839979 ], [ -73.785291121690179, -42.595467708073187 ], [ -73.785306097504275, -42.595476224234268 ], [ -73.785311102018724, -42.595481103270593 ], [ -73.785333102658356, -42.595486837361157 ], [ -73.785353020104836, -42.595491048488576 ], [ -73.785391214674064, -42.59550192613095 ], [ -73.785409472033905, -42.595505530849877 ], [ -73.785428547758968, -42.595507907543919 ], [ -73.785446804220484, -42.595511512923764 ], [ -73.785487859025608, -42.595516562571397 ], [ -73.785506114588799, -42.595520168612083 ], [ -73.785526853095462, -42.595523151712847 ], [ -73.785563365120183, -42.595530361809345 ], [ -73.785617334105822, -42.595545464455782 ], [ -73.785635591465649, -42.595549071156064 ], [ -73.785653026866996, -42.595553903234752 ], [ -73.785669642106498, -42.595559962675502 ], [ -73.785688741187755, -42.595565402482826 ], [ -73.785705354630622, -42.595571462583727 ], [ -73.785722791828604, -42.595576294660667 ], [ -73.785741047391809, -42.59557990003659 ], [ -73.785776340402691, -42.595590482065006 ], [ -73.7858108132517, -42.595602290791867 ], [ -73.78587275388719, -42.59563175407478 ], [ -73.785912253708545, -42.595651504266897 ], [ -73.785917258222995, -42.59565638328948 ], [ -73.785933474610488, -42.59566458795566 ], [ -73.785938480921587, -42.595669466315925 ], [ -73.785959302971548, -42.595684695235597 ], [ -73.786009255589548, -42.595718181784484 ], [ -73.786023389682242, -42.595724864808169 ], [ -73.786028395993299, -42.595729743825032 ], [ -73.786051299439777, -42.595746495686413 ], [ -73.786056306649186, -42.595751373378967 ], [ -73.786105396884537, -42.595779967653662 ], [ -73.786122033683583, -42.5957890875316 ], [ -73.786126198273237, -42.595792132780979 ], [ -73.786140332365903, -42.595798815796726 ], [ -73.786167338418309, -42.595809427546101 ], [ -73.786200591355183, -42.595824610141172 ], [ -73.786218069875645, -42.595835565096415 ], [ -73.786223873890705, -42.595836155629677 ], [ -73.786250459531544, -42.595845853468035 ], [ -73.786267895831216, -42.595850684862427 ], [ -73.786304406957626, -42.595857894259744 ], [ -73.786344222985946, -42.595863254686144 ], [ -73.786384858277827, -42.595867387094486 ], [ -73.786403935799513, -42.595869765097312 ], [ -73.786421369404238, -42.595874597812447 ], [ -73.786439626764079, -42.595878202509816 ], [ -73.786458702489128, -42.595880579189632 ], [ -73.786476980510216, -42.595887245002345 ], [ -73.786516816301486, -42.595895666541487 ], [ -73.786535093424263, -42.595902332352594 ], [ -73.786553771195656, -42.595906854919861 ], [ -73.786575328965853, -42.595908610646653 ], [ -73.786616406228831, -42.595916721376348 ], [ -73.786634683351608, -42.59592338784649 ], [ -73.786689452736169, -42.595934201929495 ], [ -73.786706067975658, -42.59594026265583 ], [ -73.786725167056929, -42.595945699784821 ], [ -73.786747608769332, -42.595955412815776 ], [ -73.78680323873995, -42.595971121762162 ], [ -73.786823978144895, -42.595974104841368 ], [ -73.786841415342892, -42.595978938209683 ], [ -73.786860911479494, -42.595982232094784 ], [ -73.786878347779165, -42.595987064139884 ], [ -73.786896562019862, -42.595984546609387 ], [ -73.786915594625796, -42.595980801063412 ], [ -73.786961152685421, -42.59597756669433 ], [ -73.787006728711376, -42.595977394758989 ], [ -73.787047365799864, -42.595981527821046 ], [ -73.787070165041783, -42.595982972739456 ], [ -73.787110357464229, -42.595983126820002 ], [ -73.787131915234411, -42.595984881883361 ], [ -73.787153453241672, -42.595983577158407 ], [ -73.787171708804863, -42.595987181188192 ], [ -73.787206581404192, -42.595996845938579 ], [ -73.787226078439119, -42.596000139822713 ], [ -73.787248057519179, -42.596002812755678 ], [ -73.787291131737049, -42.596000200661379 ], [ -73.787309787948871, -42.596001661450323 ], [ -73.787330505794273, -42.596001582756834 ], [ -73.78739061745982, -42.596005947929974 ], [ -73.787409250315434, -42.596004346286428 ], [ -73.787427464556146, -42.596001828756613 ], [ -73.787489637855273, -42.596004655769967 ], [ -73.787529431425739, -42.596006954412815 ], [ -73.787547645666422, -42.596004436221797 ], [ -73.787567541553344, -42.596005585543246 ], [ -73.787586177103904, -42.596003985222247 ], [ -73.787710123053571, -42.596011781826981 ], [ -73.787730438453707, -42.596013848356911 ], [ -73.78775281908068, -42.596014376065973 ], [ -73.787795935519398, -42.596017887513426 ], [ -73.787817051318456, -42.596015664258019 ], [ -73.787836107280569, -42.59601498048464 ], [ -73.787854741034522, -42.596013378841292 ], [ -73.787872955275219, -42.596010859989285 ], [ -73.787942446250653, -42.595993454844667 ], [ -73.787960240079798, -42.595990019444173 ], [ -73.78799498511836, -42.595981315546958 ], [ -73.788079743860365, -42.59595497371911 ], [ -73.788112807252716, -42.595942602301008 ], [ -73.788128915842378, -42.595935501365112 ], [ -73.788145449335204, -42.595929316315733 ], [ -73.788161137513299, -42.595921296845802 ], [ -73.788177249696247, -42.595914195907483 ], [ -73.788192939671006, -42.595906177096886 ], [ -73.78820778702601, -42.595896323864586 ], [ -73.788218891999563, -42.595884341935182 ], [ -73.788228335089812, -42.595871754260891 ], [ -73.788242339825103, -42.595860069246541 ], [ -73.788265392391921, -42.595837939793988 ], [ -73.788298198866087, -42.595788834918082 ], [ -73.788310858823394, -42.595762152443356 ], [ -73.788312835117011, -42.595748368466474 ], [ -73.788311908953958, -42.595734289550066 ], [ -73.788306018700638, -42.595721455183273 ], [ -73.788297519739743, -42.595690873035039 ], [ -73.788289947840227, -42.595674370466241 ], [ -73.788287781103762, -42.59566060167969 ], [ -73.788284371997236, -42.595647144359305 ], [ -73.788280037625995, -42.595619609416261 ], [ -73.788281256639834, -42.59561623681806 ], [ -73.788279574095299, -42.595612569943896 ], [ -73.788282412771608, -42.595603682154291 ], [ -73.788290034078486, -42.595597685540767 ], [ -73.788306351975621, -42.59559104218107 ], [ -73.78831313335769, -42.595583212459005 ], [ -73.788315108753011, -42.595569431749006 ], [ -73.788311080707274, -42.595556132458306 ], [ -73.78831015454422, -42.59554205746624 ], [ -73.788314202352879, -42.595528268811599 ], [ -73.788319911146516, -42.595515085899983 ], [ -73.788321886541823, -42.595501305174928 ], [ -73.78831445118621, -42.595474552479793 ], [ -73.788309804201248, -42.595461409234552 ], [ -73.788313683126646, -42.595453283897129 ], [ -73.78832131521331, -42.595448816845767 ], [ -73.788331460786125, -42.595448318890185 ], [ -73.788349502550304, -42.59545146401183 ], [ -73.788367713197744, -42.595448947121007 ], [ -73.788377407816284, -42.595442942557014 ], [ -73.788390180062976, -42.595433099170897 ], [ -73.788403995253731, -42.595424017596017 ], [ -73.788435754292294, -42.595374161822548 ], [ -73.788450072539618, -42.595348091530994 ], [ -73.788455781333226, -42.595334908581265 ], [ -73.788462940007733, -42.595321873759282 ], [ -73.788472074975871, -42.595295058163892 ], [ -73.788493142265906, -42.595256566026308 ], [ -73.788501130983732, -42.595243834062288 ], [ -73.788505388998175, -42.595230503621103 ], [ -73.788505912715991, -42.595216576024953 ], [ -73.788503746877836, -42.595202811105011 ], [ -73.788517087758123, -42.595185161054324 ], [ -73.788531406903743, -42.595159090683687 ], [ -73.788534833078245, -42.595145458010798 ], [ -73.788534737856807, -42.595131684478325 ], [ -73.788538994074642, -42.595118354674419 ], [ -73.788546363853229, -42.595105777426191 ], [ -73.788558096749156, -42.595095175476487 ], [ -73.788573993336428, -42.595087614840978 ], [ -73.788590730746805, -42.595081889310556 ], [ -73.788609150701703, -42.595079830024012 ], [ -73.788681117434052, -42.595070559927258 ], [ -73.788738463186831, -42.595095266735783 ], [ -73.788790684949262, -42.595154974099543 ], [ -73.788797040529886, -42.595202924848316 ], [ -73.788801690209795, -42.595216067486753 ], [ -73.788805842223056, -42.59521758252054 ], [ -73.788820814443895, -42.595226095409309 ], [ -73.788836606826578, -42.595233381589388 ], [ -73.788851368841648, -42.59524143751927 ], [ -73.788867162122656, -42.595248723036271 ], [ -73.788896496608245, -42.595267435112738 ], [ -73.788907758786991, -42.595278410666147 ], [ -73.788960845627003, -42.59531723343872 ], [ -73.788971928142658, -42.595332341427159 ], [ -73.788970983115007, -42.595345353101607 ], [ -73.788958735484414, -42.595371414797469 ], [ -73.788952197545754, -42.595384294865752 ], [ -73.788944313930841, -42.595412330513803 ], [ -73.788934558226856, -42.595439301463202 ], [ -73.78892740045066, -42.595452335599333 ], [ -73.788917129113713, -42.595464618501197 ], [ -73.788908929291793, -42.595476892142479 ], [ -73.788899276894071, -42.595489018312534 ], [ -73.788885369176839, -42.595514475524851 ], [ -73.788854957611207, -42.595579324049382 ], [ -73.788850080657525, -42.595592809820033 ], [ -73.788832859055233, -42.59561858573354 ], [ -73.788809247736296, -42.595648516543214 ], [ -73.788796894104493, -42.595659275786566 ], [ -73.788785394770557, -42.595673398365271 ], [ -73.78878047379942, -42.595680762525681 ], [ -73.788764451448017, -42.595700106007115 ], [ -73.78875255146545, -42.595716373810212 ], [ -73.788716532615823, -42.595749411985857 ], [ -73.788688913014084, -42.595769104608252 ], [ -73.788676780367865, -42.595781852997241 ], [ -73.788661326650029, -42.595793388574293 ], [ -73.788645650150002, -42.595802936967374 ], [ -73.788627967711946, -42.595821674006515 ], [ -73.788607760109642, -42.595834912401742 ], [ -73.788580561817781, -42.59585552220809 ], [ -73.78855835905722, -42.59587947880145 ], [ -73.788545795219662, -42.595889779069061 ], [ -73.788537595397742, -42.595902053287908 ], [ -73.788511069944036, -42.595930159461091 ], [ -73.788490317064344, -42.595954264816015 ], [ -73.788479445652769, -42.595969762149863 ], [ -73.788472233079361, -42.595975145711805 ], [ -73.788461553008929, -42.595988040864995 ], [ -73.78845048217137, -42.596004610141016 ], [ -73.788444531730931, -42.596012745325922 ], [ -73.788423663866894, -42.596050163062792 ], [ -73.788418743794068, -42.59605752850122 ], [ -73.788408158945089, -42.596084196301149 ], [ -73.788400693945079, -42.596113148180208 ], [ -73.788389656345174, -42.596134308747665 ], [ -73.788379411059353, -42.59615041574439 ], [ -73.78836717510687, -42.596178008646199 ], [ -73.788357135535264, -42.596193810116723 ], [ -73.78834509721213, -42.596220329729924 ], [ -73.788340221156773, -42.596233815361899 ], [ -73.788332851378172, -42.596246391721195 ], [ -73.788334321920317, -42.596249600286086 ], [ -73.788335248981682, -42.596263676440955 ], [ -73.788328920350494, -42.596277014596588 ], [ -73.788320100691038, -42.596289444141512 ], [ -73.788296013265011, -42.596310807002759 ], [ -73.788285321516497, -42.596322171870057 ], [ -73.788268090931041, -42.596346415943422 ], [ -73.788263213079034, -42.5963599022094 ], [ -73.78825688354955, -42.59637324034442 ], [ -73.788252006595883, -42.596386725282017 ], [ -73.788249199360621, -42.596400203603807 ], [ -73.788247844701161, -42.59641382872806 ], [ -73.788240581822109, -42.596441708510937 ], [ -73.788229584646373, -42.596468991141215 ], [ -73.788225327530242, -42.596482321317502 ], [ -73.788222520294994, -42.596495798296047 ], [ -73.788218263178862, -42.596509128466607 ], [ -73.788206847388238, -42.59653549386644 ], [ -73.788203419417115, -42.59654912623521 ], [ -73.788204965417705, -42.596563048243283 ], [ -73.788219952011588, -42.596603239072039 ], [ -73.788222738585603, -42.596616848281059 ], [ -73.78821962861808, -42.596646242972184 ], [ -73.788216820484507, -42.59665972057654 ], [ -73.788204574650564, -42.596685782384057 ], [ -73.788183811889382, -42.596738506410283 ], [ -73.788182045801548, -42.596752744468695 ], [ -73.788177788685417, -42.596766074584266 ], [ -73.788173836996492, -42.59679363547199 ], [ -73.7881727976457, -42.596823022805602 ], [ -73.788173650146902, -42.596826386080551 ], [ -73.788171769973019, -42.596853939667525 ], [ -73.788164547518122, -42.596887941386711 ], [ -73.788160501506084, -42.596901729079221 ], [ -73.788158324888158, -42.596916582090756 ], [ -73.788155066698621, -42.596924551836615 ], [ -73.788154069568662, -42.596929912171269 ], [ -73.788151208434471, -42.596935738707707 ], [ -73.788143009510875, -42.596948012059251 ], [ -73.788132315965726, -42.596959376810318 ], [ -73.788125986436256, -42.596972714155775 ], [ -73.788122192850793, -42.596993082880203 ], [ -73.788116276546333, -42.597035956239417 ], [ -73.788116171443448, -42.597050799961039 ], [ -73.788112261975328, -42.597084482836713 ], [ -73.788104589464481, -42.597112975985468 ], [ -73.788101991536706, -42.597126912415703 ], [ -73.788096284539677, -42.597140094986308 ], [ -73.788080713142548, -42.59716494579407 ], [ -73.788066340996309, -42.597183364349362 ], [ -73.788053895736383, -42.597210498528952 ], [ -73.788043266869934, -42.597231045720363 ], [ -73.78803869444512, -42.597258761802379 ], [ -73.788035634783284, -42.597265660236914 ], [ -73.788033637828406, -42.597276380847063 ], [ -73.788030378740558, -42.597284349885669 ], [ -73.788026638155699, -42.597312370130794 ], [ -73.788027772727929, -42.597326902987064 ], [ -73.788024778643077, -42.597342983885781 ], [ -73.788020730834404, -42.597356773461435 ], [ -73.788021456673135, -42.597371920631964 ], [ -73.788014436339211, -42.597404849480775 ], [ -73.788013079883129, -42.597418474385371 ], [ -73.788010273546192, -42.597431952484008 ], [ -73.788007720534139, -42.597452008936898 ], [ -73.788004460547981, -42.597459979275563 ], [ -73.78800165421103, -42.59747345736524 ], [ -73.787994283534132, -42.597486033474325 ], [ -73.787990657035323, -42.59750073888253 ], [ -73.787988691521477, -42.597516050013915 ], [ -73.78798543333194, -42.59752402034438 ], [ -73.787981407082825, -42.59754086959191 ], [ -73.78797823333494, -42.597561082070165 ], [ -73.787971914585242, -42.597575950133816 ], [ -73.787967289159823, -42.597596015136851 ], [ -73.787966039603276, -42.597624943830283 ], [ -73.787961257871018, -42.597652201475469 ], [ -73.78795264751902, -42.597665089668894 ], [ -73.787946107783753, -42.597677969263145 ], [ -73.787938117269292, -42.597690702052383 ], [ -73.787916322343875, -42.597714044941533 ], [ -73.78788010406825, -42.597748155962442 ], [ -73.787871072406389, -42.59776012629186 ], [ -73.787852064953285, -42.597797080751342 ], [ -73.78785106602669, -42.597802439688387 ], [ -73.78784800726315, -42.597809338062746 ], [ -73.787847008336556, -42.597814698321294 ], [ -73.787839060042927, -42.597833552461637 ], [ -73.787836095602486, -42.597854221782583 ], [ -73.787835570088049, -42.597868150773039 ], [ -73.787830588929793, -42.597896480229863 ], [ -73.78782654112112, -42.597910269683027 ], [ -73.787826846548313, -42.597924500861062 ], [ -73.787825323005592, -42.597943788760695 ], [ -73.787819088697518, -42.597970900126015 ], [ -73.78781442284793, -42.597984842977048 ], [ -73.78781025017345, -42.598010416214272 ], [ -73.787806822202313, -42.598024048260385 ], [ -73.787805362439983, -42.598052519818943 ], [ -73.787800737014578, -42.598072585329803 ], [ -73.787791758353322, -42.598092205801187 ], [ -73.787790759426727, -42.598097566696659 ], [ -73.787784220589771, -42.598110446862769 ], [ -73.787754436048203, -42.598146522290762 ], [ -73.787733881696184, -42.598169554875078 ], [ -73.787720907328548, -42.598180469742104 ], [ -73.787702202607704, -42.598201507273316 ], [ -73.787697283433204, -42.598208871134929 ], [ -73.787687421728009, -42.598220537854679 ], [ -73.787673511315845, -42.598245995273651 ], [ -73.787667392890455, -42.598259791262144 ], [ -73.787662936348312, -42.598274193628114 ], [ -73.787656396613045, -42.598287072435191 ], [ -73.787634234276666, -42.598317151409091 ], [ -73.787604673415615, -42.598355981546277 ], [ -73.787593256726666, -42.59838234550341 ], [ -73.78754572596668, -42.598458125699878 ], [ -73.78752588577531, -42.598494774903088 ], [ -73.787519767349892, -42.598508570836486 ], [ -73.787504196851074, -42.598533422421042 ], [ -73.787473580469566, -42.598569194745963 ], [ -73.787469123927465, -42.598583596379157 ], [ -73.78746175325054, -42.598596175570528 ], [ -73.787460607898552, -42.598610257146674 ], [ -73.787456770295677, -42.598624504035094 ], [ -73.787453512106126, -42.598632474223812 ], [ -73.787411342491751, -42.598704865814732 ], [ -73.787391070210717, -42.598739068869747 ], [ -73.78737144292009, -42.598776177483593 ], [ -73.78735751184665, -42.598798573703036 ], [ -73.787344611140867, -42.598820200208017 ], [ -73.787336673627024, -42.598840584198804 ], [ -73.787330134790054, -42.598853464211338 ], [ -73.787321934069823, -42.598865737185186 ], [ -73.787308444967522, -42.598892110184302 ], [ -73.787305271219637, -42.598912322885504 ], [ -73.7872989515716, -42.598927191288027 ], [ -73.787297754117333, -42.598933623350575 ], [ -73.787291435367621, -42.598948491086709 ], [ -73.787280994249073, -42.598966435653963 ], [ -73.787277536633539, -42.598975477698389 ], [ -73.787265697736416, -42.599000926212547 ], [ -73.787264500282134, -42.59900735760624 ], [ -73.787261440620284, -42.599014256508468 ], [ -73.787260441693704, -42.599019616002103 ], [ -73.787257182605842, -42.599027586140267 ], [ -73.787254585576349, -42.599041522803518 ], [ -73.787240192768877, -42.599056881166824 ], [ -73.787230331063682, -42.599068548389077 ], [ -73.787217566003505, -42.599079921349741 ], [ -73.787207703399972, -42.599091589228912 ], [ -73.787199711987228, -42.599104321068054 ], [ -73.78718601357744, -42.599130236376702 ], [ -73.787167119312087, -42.599153873646856 ], [ -73.787159129695951, -42.599166606795748 ], [ -73.787153420003989, -42.599179788273617 ], [ -73.787146050225402, -42.59919236602213 ], [ -73.787137228769325, -42.599204794985553 ], [ -73.787124664931753, -42.599215095364805 ], [ -73.787108976753629, -42.599223112427111 ], [ -73.787103825813787, -42.59922695630528 ], [ -73.787088138533989, -42.599234973366059 ], [ -73.787058014429249, -42.59925222816161 ], [ -73.787046281533307, -42.599262832710338 ], [ -73.787038290120549, -42.599275564514492 ], [ -73.787033202062773, -42.599288591896929 ], [ -73.787033297284211, -42.599302364510685 ], [ -73.787030796374452, -42.599330073720111 ], [ -73.787031100903334, -42.599344303251335 ], [ -73.787019316803452, -42.59940755218561 ], [ -73.787016688332926, -42.599416896358861 ], [ -73.787013828097059, -42.599422722662737 ], [ -73.787009580862374, -42.599437583669655 ], [ -73.786986839112672, -42.599473938700534 ], [ -73.786935751922442, -42.599544986972148 ], [ -73.786929169966371, -42.599551744968167 ], [ -73.786912349012667, -42.599575376127149 ], [ -73.786907195377879, -42.599579221306058 ], [ -73.786896093099301, -42.599591200541234 ], [ -73.786877124273744, -42.599604125363733 ], [ -73.786862269732211, -42.599612445890344 ], [ -73.786859608024031, -42.599617200287575 ], [ -73.786834311465611, -42.599643464523481 ], [ -73.786828759877167, -42.599649454135175 ], [ -73.786815784611193, -42.599660368081729 ], [ -73.786776702506458, -42.599700305637597 ], [ -73.786741208272943, -42.599749562824996 ], [ -73.786704407889019, -42.599789949312118 ], [ -73.786699256050866, -42.599793793816545 ], [ -73.786682203331836, -42.599813908360382 ], [ -73.7866685965502, -42.599823446879952 ], [ -73.786656156680166, -42.599831022810854 ], [ -73.786652920050187, -42.599832993994248 ], [ -73.786625560959891, -42.599860796203778 ], [ -73.786618348386469, -42.599866180090793 ], [ -73.786603123739042, -42.599881235399017 ], [ -73.786594880798006, -42.599887387654995 ], [ -73.786586238106636, -42.599895683016342 ], [ -73.786571811163171, -42.599906449461415 ], [ -73.786558185516952, -42.599912929032726 ], [ -73.786544989265437, -42.599921855221375 ], [ -73.786540857015126, -42.599923401219414 ], [ -73.786521269250358, -42.599936482027488 ], [ -73.786495720265364, -42.599956166714271 ], [ -73.786479620658838, -42.599964797980235 ], [ -73.786463512967472, -42.59997189779574 ], [ -73.786448445525224, -42.599979758706269 ], [ -73.786427060231574, -42.600002488422952 ], [ -73.786410657892787, -42.600027036560576 ], [ -73.786405368612407, -42.600041136328272 ], [ -73.786395969539569, -42.600059841675709 ], [ -73.786391512997454, -42.600074243625613 ], [ -73.786385592201412, -42.600086967328998 ], [ -73.786366562290439, -42.600120860162221 ], [ -73.786348109996197, -42.600148476433297 ], [ -73.786341127391495, -42.600157378122105 ], [ -73.786328825861986, -42.600175787857978 ], [ -73.786310342126697, -42.600198813079736 ], [ -73.786242660358255, -42.600297010552701 ], [ -73.78623300975714, -42.600309137107295 ], [ -73.786202485902109, -42.600358682115534 ], [ -73.786161685320224, -42.600419743951456 ], [ -73.786156365497106, -42.600429253283565 ], [ -73.786140330569296, -42.600447065175857 ], [ -73.786127566407401, -42.600458436562455 ], [ -73.786118523965754, -42.600468877579047 ], [ -73.786101236786436, -42.600485470129549 ], [ -73.786087643479561, -42.600496540644016 ], [ -73.786076540302645, -42.600508518380359 ], [ -73.78601107198304, -42.60059721862379 ], [ -73.785981741989033, -42.600639567123231 ], [ -73.785955171619548, -42.600691698639373 ], [ -73.785953194427606, -42.600705479539059 ], [ -73.785951113929414, -42.600734105263683 ], [ -73.785944522091867, -42.600769481565479 ], [ -73.785938698313885, -42.600795977410492 ], [ -73.78593107431206, -42.600832122697433 ], [ -73.785930548797609, -42.600846051022209 ], [ -73.785927490932394, -42.600852948398412 ], [ -73.785925493079205, -42.600863668391376 ], [ -73.785919173431168, -42.600878537650715 ], [ -73.785913548180858, -42.600903962244331 ], [ -73.785907228532849, -42.600918831494049 ], [ -73.785904117667016, -42.600948224155808 ], [ -73.785903592152579, -42.600962152454656 ], [ -73.78590176228434, -42.600967209595453 ], [ -73.785898019004563, -42.600995228845733 ], [ -73.7858939720942, -42.601009017613165 ], [ -73.785888262402239, -42.601022200023728 ], [ -73.785872070269249, -42.601047206657519 ], [ -73.785862259768024, -42.601066525329863 ], [ -73.785860703885959, -42.601081222619513 ], [ -73.785843345739721, -42.601117250041071 ], [ -73.785824792834177, -42.601160477629577 ], [ -73.785807423009828, -42.60119497556974 ], [ -73.78580622465725, -42.601201406736976 ], [ -73.785803164995386, -42.601208305396263 ], [ -73.785802166068805, -42.60121366536243 ], [ -73.78578926895625, -42.601236055415875 ], [ -73.785781088897281, -42.601251390095065 ], [ -73.785780089970672, -42.60125675071874 ], [ -73.785769450324452, -42.601275767142333 ], [ -73.785702775567444, -42.601370134380666 ], [ -73.785691704729871, -42.601386704209261 ], [ -73.785683892081863, -42.601395302215508 ], [ -73.785669739124543, -42.601415709829467 ], [ -73.785659875622741, -42.601427377271229 ], [ -73.785643746371804, -42.601461564945943 ], [ -73.785620609363335, -42.601500828213815 ], [ -73.785619410112446, -42.601507261994399 ], [ -73.785609601407856, -42.60152658052413 ], [ -73.785594039892189, -42.601552960331794 ], [ -73.785587088728519, -42.601566453405681 ], [ -73.785584702803121, -42.601580847733807 ], [ -73.785578993111173, -42.601594031345883 ], [ -73.785571217294077, -42.601607986610823 ], [ -73.785557485646649, -42.601629309958618 ], [ -73.785549304689354, -42.60164464321857 ], [ -73.785546497454078, -42.601658121725542 ], [ -73.785522651674867, -42.601714679318221 ], [ -73.785507515062349, -42.60174274385718 ], [ -73.78550116487159, -42.601753020012616 ], [ -73.785500165944995, -42.601758379931887 ], [ -73.785491984987701, -42.601773714482562 ], [ -73.785489387059897, -42.601787650531612 ], [ -73.78548284732463, -42.601800529934955 ], [ -73.785479252266867, -42.601819825891972 ], [ -73.785476392929311, -42.601825651971204 ], [ -73.785473762662164, -42.601834997104248 ], [ -73.785470703000314, -42.601841896354628 ], [ -73.785470388589957, -42.601856282023178 ], [ -73.785467329826417, -42.601863179287498 ], [ -73.785459242293911, -42.601892286514847 ], [ -73.785455193586941, -42.60190607508374 ], [ -73.785452019839028, -42.601926288129711 ], [ -73.785452944205446, -42.601940363663459 ], [ -73.785449086839634, -42.601957911294384 ], [ -73.785447120427463, -42.601966859671776 ], [ -73.785447215648901, -42.601980633015962 ], [ -73.785443188501475, -42.601997481719614 ], [ -73.785443599031552, -42.602027015374823 ], [ -73.78544224167716, -42.602040640591191 ], [ -73.785445954414243, -42.602068325440008 ], [ -73.785443662811929, -42.602096494293221 ], [ -73.785445840328194, -42.602111789087139 ], [ -73.785444841401599, -42.602117148975573 ], [ -73.785447427651292, -42.602131830147975 ], [ -73.785445892430474, -42.602149587994354 ], [ -73.785450539415436, -42.602162731812598 ], [ -73.785457669343856, -42.602175253416135 ], [ -73.78547017209597, -42.602185918961212 ], [ -73.785510970881219, -42.602214536070989 ], [ -73.785519078176662, -42.602218638303064 ], [ -73.785529719619532, -42.602229770003362 ], [ -73.785536785767547, -42.602233110504912 ], [ -73.785541989707994, -42.602236916507628 ], [ -73.785550097901748, -42.602241017415807 ], [ -73.785578404714684, -42.602260499701401 ], [ -73.785611432174406, -42.60227368978186 ], [ -73.78562928708898, -42.602279438455547 ], [ -73.785668445550542, -42.602280361522915 ], [ -73.785706603288872, -42.602286646447816 ], [ -73.785723849145697, -42.602294079916305 ], [ -73.785753574398427, -42.602309118768545 ], [ -73.785773322063335, -42.602318992145968 ], [ -73.785778527800403, -42.602322798143447 ], [ -73.785785593948418, -42.602326137978778 ], [ -73.785800578745679, -42.602336182610117 ], [ -73.785808685142811, -42.602340283511779 ], [ -73.78584908507608, -42.602371044893943 ], [ -73.785878390815597, -42.602385167273987 ], [ -73.785974967793479, -42.602421532486993 ], [ -73.785991990868098, -42.602426976323898 ], [ -73.786036290388026, -42.602452674031262 ], [ -73.786058151788779, -42.602468659052541 ], [ -73.786070834203969, -42.602475191916312 ], [ -73.786076039941037, -42.602478999226697 ], [ -73.786092253633598, -42.602487201672112 ], [ -73.786109913613771, -42.602494787858674 ], [ -73.786127349015104, -42.602499618737554 ], [ -73.786168587974871, -42.602502065254235 ], [ -73.786203855832923, -42.60250958399449 ], [ -73.786221290335945, -42.602514414872225 ], [ -73.786238988045369, -42.602527356280049 ], [ -73.786303771848708, -42.602579603913789 ], [ -73.786315244233208, -42.602591038388262 ], [ -73.786326695058122, -42.602599411413593 ], [ -73.786337326619517, -42.602609013644994 ], [ -73.78636893563943, -42.602626647046137 ], [ -73.786407026004099, -42.602653132183093 ], [ -73.786437999915108, -42.602668623883623 ], [ -73.786451311150984, -42.602676531400476 ], [ -73.786482900407947, -42.602691104001188 ], [ -73.786496211643822, -42.60269901151517 ], [ -73.78653409898925, -42.602725803426672 ], [ -73.786541849653517, -42.602738170191998 ], [ -73.786554668612624, -42.602764595771944 ], [ -73.786572766072325, -42.602805541678428 ], [ -73.786577562177627, -42.602809962578398 ], [ -73.786592198428565, -42.602829801743397 ], [ -73.786605321916554, -42.602840310467968 ], [ -73.786630758612134, -42.602864089153513 ], [ -73.786660305998453, -42.602883260472439 ], [ -73.786675280015928, -42.602891772975191 ], [ -73.786692925623058, -42.602897063368815 ], [ -73.786709539065924, -42.602903122095462 ], [ -73.786725953082779, -42.602910252653288 ], [ -73.786739896732627, -42.602919536130543 ], [ -73.786772774173713, -42.602933914276896 ], [ -73.78679052129047, -42.602936292010035 ], [ -73.786827619016748, -42.602935042972803 ], [ -73.786839425574541, -42.602937906038541 ], [ -73.786849538807999, -42.602951707600326 ], [ -73.786850145170817, -42.602970098657735 ], [ -73.786863252489141, -42.602993905064771 ], [ -73.786875683376039, -42.60302400557029 ], [ -73.786879322451242, -42.603040979622627 ], [ -73.786880667229241, -42.603055972009535 ], [ -73.786879668302632, -42.603061331155502 ], [ -73.786874790450639, -42.603074816629359 ], [ -73.786872194319457, -42.603088753048631 ], [ -73.786856895111868, -42.603123243970174 ], [ -73.786855896185273, -42.603128603110363 ], [ -73.78685017661185, -42.60314025634591 ], [ -73.786840420009568, -42.603167226595339 ], [ -73.78683782208175, -42.603181163655115 ], [ -73.786833564965633, -42.603194493717915 ], [ -73.786834491128687, -42.603208567642739 ], [ -73.786827100688825, -42.603248233149479 ], [ -73.786822210260439, -42.60326018721441 ], [ -73.786817206644301, -42.603285456773662 ], [ -73.786815682203255, -42.603304744997487 ], [ -73.786814684174985, -42.6033101054445 ], [ -73.786811223864504, -42.603319146858539 ], [ -73.78680822798303, -42.603335227533243 ], [ -73.786809081382557, -42.603338591117932 ], [ -73.786807882131654, -42.603345022725108 ], [ -73.786807977353064, -42.603358796425823 ], [ -73.786804780248971, -42.603375947591644 ], [ -73.786807777927081, -42.603390016185756 ], [ -73.786858055735209, -42.603501082391404 ], [ -73.786857886851948, -42.603506744994498 ], [ -73.786876395740052, -42.60354707747193 ], [ -73.786880422887478, -42.60356037637959 ], [ -73.786885261213584, -42.603570917380175 ], [ -73.786891844067995, -42.603594305673504 ], [ -73.786893222083634, -42.603613890023325 ], [ -73.786888460114326, -42.603644207766891 ], [ -73.786880069849573, -42.603689232088286 ], [ -73.786877305733441, -42.603708830954794 ], [ -73.786877400056539, -42.603722604575104 ], [ -73.786871407395267, -42.60375476372846 ], [ -73.786870052735821, -42.603768389228172 ], [ -73.786871188206348, -42.603782923223491 ], [ -73.786868592075194, -42.603796859484341 ], [ -73.786872000283381, -42.603840460779004 ], [ -73.786863212064944, -42.603887628588438 ], [ -73.786857187064328, -42.603915198227924 ], [ -73.786847814042659, -42.603967877126003 ], [ -73.786849644809209, -42.603992967872898 ], [ -73.78684278347707, -42.604019468959137 ], [ -73.786845434405478, -42.604043332490022 ], [ -73.786842837375985, -42.604057268031383 ], [ -73.7868477170246, -42.604073931036311 ], [ -73.786898373921787, -42.604179793678469 ], [ -73.786910352057788, -42.604204386454448 ], [ -73.786929292137245, -42.60424716558957 ], [ -73.786931254057819, -42.604260729489802 ], [ -73.786928465687183, -42.604274129409013 ], [ -73.786909059382097, -42.604313419336137 ], [ -73.786889437481349, -42.604336404017943 ], [ -73.786870764201538, -42.604360201307315 ], [ -73.78685950920935, -42.604386080708672 ], [ -73.786851670510188, -42.604398442516001 ], [ -73.786848463524606, -42.604426285005168 ], [ -73.786850145170817, -42.604454700081078 ], [ -73.786852086430144, -42.604468207072969 ], [ -73.786859758940992, -42.604496494518202 ], [ -73.786858680962638, -42.604503134944892 ], [ -73.786861251940977, -42.604516523571583 ], [ -73.786861304043271, -42.604530383630411 ], [ -73.786853835450017, -42.604557537091338 ], [ -73.786848686306797, -42.604571872542941 ], [ -73.786843276652164, -42.604601118017683 ], [ -73.786834077005338, -42.604629090672304 ], [ -73.786833028671396, -42.604643650914745 ], [ -73.786827566914468, -42.604659035006279 ], [ -73.786826517682215, -42.604673595902923 ], [ -73.786819680604594, -42.604700630947121 ], [ -73.786810425262203, -42.604755856772321 ], [ -73.786809158637666, -42.604797206683493 ], [ -73.786809579947544, -42.604825857637195 ], [ -73.786805374035382, -42.604882122089471 ], [ -73.786803063568456, -42.604896918980685 ], [ -73.786802079913215, -42.604929299028193 ], [ -73.786799291542579, -42.604942699464758 ], [ -73.786797924306711, -42.604956328671854 ], [ -73.786793084183969, -42.604969616038353 ], [ -73.78679376600526, -42.604983358303791 ], [ -73.78681131279771, -42.60503852966049 ], [ -73.786819978845259, -42.605079510438117 ], [ -73.786817980093758, -42.605093257307672 ], [ -73.786812982765824, -42.605106079165054 ], [ -73.786797307164122, -42.60513080249153 ], [ -73.786788049126812, -42.605142934717257 ], [ -73.786755599283779, -42.60519308285604 ], [ -73.786749339822904, -42.605206139416048 ], [ -73.786745292014231, -42.605219775177432 ], [ -73.786739874274744, -42.605247040740466 ], [ -73.786735507564146, -42.605259744212951 ], [ -73.786731457958851, -42.605273379962583 ], [ -73.786724569677247, -42.605286555520166 ], [ -73.786720362866774, -42.605299724463087 ], [ -73.786718363216949, -42.605313471283992 ], [ -73.786709634287334, -42.605340860448678 ], [ -73.786694119484068, -42.605366049159969 ], [ -73.786684441933517, -42.60539262569899 ], [ -73.786682442283691, -42.60540637117704 ], [ -73.786679024194029, -42.605419888541611 ], [ -73.786667928203642, -42.605446232318961 ], [ -73.786665297936494, -42.605460097460472 ], [ -73.786661090227696, -42.605473269011448 ], [ -73.786655832388348, -42.605500998618133 ], [ -73.786651783681364, -42.605514634314957 ], [ -73.786648335947305, -42.605520231938556 ], [ -73.786644447140432, -42.605534333107883 ], [ -73.786625671452683, -42.605573505209911 ], [ -73.786608947517038, -42.605612789028037 ], [ -73.786603660033265, -42.60563260019179 ], [ -73.786594916730607, -42.605656027382381 ], [ -73.786593866600057, -42.605670589368358 ], [ -73.786590448510395, -42.605684107336778 ], [ -73.786589708298592, -42.605697619351602 ], [ -73.786587239728192, -42.605711948590162 ], [ -73.786590130506781, -42.605726270552402 ], [ -73.786589602297397, -42.605754107158639 ], [ -73.786592807486315, -42.605810471933928 ], [ -73.786591249807614, -42.60581571645784 ], [ -73.78659485205192, -42.60585169882583 ], [ -73.786594083992355, -42.605857291129659 ], [ -73.786600851899692, -42.605896644193209 ], [ -73.786621920088052, -42.605966018296229 ], [ -73.78664152492081, -42.606023282089168 ], [ -73.786647407987601, -42.606036548731424 ], [ -73.786665633906409, -42.606062367929944 ], [ -73.786684485052646, -42.606086090507532 ], [ -73.786695562178409, -42.606096899520942 ], [ -73.786722907793973, -42.606116062572028 ], [ -73.786737918642373, -42.606124650007864 ], [ -73.786762904383693, -42.606144749284219 ], [ -73.786778545849415, -42.606153219686867 ], [ -73.786835913161767, -42.606189559559148 ], [ -73.786861970593208, -42.606201037670196 ], [ -73.786877139545098, -42.606210091227133 ], [ -73.786901937538531, -42.606221804714956 ], [ -73.786918359640239, -42.606228643973232 ], [ -73.786931639435068, -42.606238050596879 ], [ -73.78694774982138, -42.606245937825229 ], [ -73.786960717002529, -42.606256394401477 ], [ -73.787003371707144, -42.60627913637434 ], [ -73.787028167903927, -42.606290849849131 ], [ -73.787045063417807, -42.606297105277541 ], [ -73.787080884638058, -42.606305768062953 ], [ -73.787097148636292, -42.606312140518753 ], [ -73.787114353170608, -42.606317347313173 ], [ -73.787130306351742, -42.60632476972188 ], [ -73.787146568553325, -42.606331141514552 ], [ -73.787164404603288, -42.606336229294975 ], [ -73.787181297422222, -42.606342486702353 ], [ -73.787197091601541, -42.606349442315022 ], [ -73.787214295237547, -42.606354649106336 ], [ -73.787228676366936, -42.606363354860456 ], [ -73.787260109317032, -42.606378781503992 ], [ -73.787273867015614, -42.606389585177148 ], [ -73.787285573860387, -42.606400277770291 ], [ -73.787298381141397, -42.606410267528105 ], [ -73.787326830786455, -42.606428728971856 ], [ -73.787371616294919, -42.606473363169009 ], [ -73.787383322241411, -42.606484055086611 ], [ -73.78739298721554, -42.606496613508803 ], [ -73.787405382169823, -42.606523028238044 ], [ -73.787414417424969, -42.606535705003211 ], [ -73.787426124269743, -42.606546396910097 ], [ -73.787436418962898, -42.606558838291292 ], [ -73.787467737826972, -42.606585678792356 ], [ -73.787478814952749, -42.606596488380248 ], [ -73.78750969094736, -42.606631834245071 ], [ -73.787519355023178, -42.606644391976303 ], [ -73.787687333693114, -42.606788359740548 ], [ -73.787697628386269, -42.606800800412223 ], [ -73.787702374185912, -42.606804867300042 ], [ -73.787713943588471, -42.606821033027742 ], [ -73.787724418842984, -42.606839880475768 ], [ -73.787729165540952, -42.606843946699868 ], [ -73.787737727383927, -42.606857207877958 ], [ -73.787748334690789, -42.606868600574529 ], [ -73.787758151480233, -42.60687964483018 ], [ -73.787789142459204, -42.606903575366353 ], [ -73.787798648431533, -42.606915668898729 ], [ -73.787809413841913, -42.606927527050921 ], [ -73.787818135585013, -42.606941253677412 ], [ -73.787833321604879, -42.606954266894782 ], [ -73.787844239728855, -42.606964610291499 ], [ -73.78785894604836, -42.606976227767277 ], [ -73.787876506315541, -42.606992265182953 ], [ -73.78790402889922, -42.607015852527198 ], [ -73.787915120398026, -42.607030622464713 ], [ -73.787953922228411, -42.607077365369797 ], [ -73.787962797583404, -42.607089575234674 ], [ -73.787970412602078, -42.607102022457937 ], [ -73.787998298105123, -42.607138421943304 ], [ -73.788008273896352, -42.607149932276933 ], [ -73.788026813327193, -42.607174702396613 ], [ -73.7880315573302, -42.607178768598857 ], [ -73.788042810525766, -42.60719400396205 ], [ -73.78805278631701, -42.607205514946571 ], [ -73.788063231927126, -42.607216442115273 ], [ -73.788067651638315, -42.607217597841597 ], [ -73.788082054327262, -42.607232242770053 ], [ -73.788094231889261, -42.607242352066294 ], [ -73.788134700992799, -42.607270455107795 ], [ -73.788159056116797, -42.60729067104154 ], [ -73.788164310362887, -42.607304055763265 ], [ -73.788161521992251, -42.607317455027882 ], [ -73.788143796435065, -42.607342066400307 ], [ -73.788136119432636, -42.607354893084228 ], [ -73.788129389254536, -42.607368533664577 ], [ -73.788115982797237, -42.607409674895798 ], [ -73.788102727256899, -42.607449302685815 ], [ -73.788096515406721, -42.607474238639597 ], [ -73.788082188176247, -42.607522486690051 ], [ -73.788079400703921, -42.60753588723 ], [ -73.788052534788733, -42.607604310733514 ], [ -73.788038599223725, -42.607630194737666 ], [ -73.788020832344031, -42.607686020287773 ], [ -73.788017072894561, -42.607692666986111 ], [ -73.788007417801879, -42.607725182441662 ], [ -73.788001160137625, -42.607738239793299 ], [ -73.787992531819313, -42.607750253823816 ], [ -73.787987853393318, -42.607764006054516 ], [ -73.787984754205596, -42.607778455149727 ], [ -73.787980074881261, -42.607792208696516 ], [ -73.787973816318683, -42.607805266034106 ], [ -73.787970391042506, -42.60781680335225 ], [ -73.787962872143581, -42.607830096720278 ], [ -73.787961003647794, -42.607836389680458 ], [ -73.787949101868591, -42.607858427598146 ], [ -73.78794754418989, -42.607863670627353 ], [ -73.78793971537219, -42.607878011268632 ], [ -73.787937845978078, -42.607884305546293 ], [ -73.787934086528608, -42.607890952223464 ], [ -73.787932218032836, -42.607897245838657 ], [ -73.787928458583366, -42.607903892514457 ], [ -73.787926778733777, -42.60791857033972 ], [ -73.787922099409457, -42.607932323855543 ], [ -73.787919000221748, -42.607946770267077 ], [ -73.787915241670589, -42.607953418259932 ], [ -73.787913683991889, -42.607958663264618 ], [ -73.787906476808359, -42.607970908659574 ], [ -73.78790279820727, -42.60799933269729 ], [ -73.787890027757186, -42.608042337327305 ], [ -73.787888348805936, -42.608057015781121 ], [ -73.787884140198827, -42.608070184799509 ], [ -73.78787851225357, -42.608083124392103 ], [ -73.787869414116372, -42.6080957221616 ], [ -73.78786438624573, -42.608100624011584 ], [ -73.787854970104917, -42.608112290201454 ], [ -73.787843503110309, -42.608123844652916 ], [ -73.787827037889457, -42.608148219672366 ], [ -73.787821568047704, -42.608161625366975 ], [ -73.787818120313645, -42.608167222752719 ], [ -73.787813094239638, -42.60817212525825 ], [ -73.787812638793781, -42.608176668092113 ], [ -73.787803857761872, -42.608190195434105 ], [ -73.787802300981483, -42.608195440418847 ], [ -73.787796338862947, -42.608203488722467 ], [ -73.787794782082571, -42.608208733044911 ], [ -73.787783814551247, -42.608227624370826 ], [ -73.787781186979046, -42.608241489554423 ], [ -73.787777738346676, -42.608247086271845 ], [ -73.787772761680003, -42.608265848659983 ], [ -73.787769002230533, -42.60827249529644 ], [ -73.787767004377358, -42.608286242783713 ], [ -73.787759797193829, -42.608298487453091 ], [ -73.787754169248558, -42.608311426998256 ], [ -73.787750720616188, -42.608317023709361 ], [ -73.787748251147477, -42.608331354990064 ], [ -73.787742310588513, -42.608345343126089 ], [ -73.787735263305095, -42.608358053239499 ], [ -73.787726635885107, -42.608370067150503 ], [ -73.787711749902542, -42.608395138273124 ], [ -73.787705493136599, -42.60840819548433 ], [ -73.787696872903126, -42.608422188892369 ], [ -73.78768259508, -42.608441203790008 ], [ -73.787674757279134, -42.608453564792683 ], [ -73.787663129486106, -42.608464653726024 ], [ -73.787650932161156, -42.608491698364631 ], [ -73.787646253735176, -42.608505452415088 ], [ -73.7876434644662, -42.608518852082419 ], [ -73.787636417182824, -42.608531561499262 ], [ -73.787627948764623, -42.608544041492209 ], [ -73.787621689303734, -42.608557099333346 ], [ -73.787617800496875, -42.608571199815266 ], [ -73.787617433085927, -42.608599502587516 ], [ -73.787618744626229, -42.608613127027624 ], [ -73.78762483789879, -42.608640718377444 ], [ -73.787646228582346, -42.608711022975122 ], [ -73.787689600142571, -42.608841616119946 ], [ -73.787686971672045, -42.608855480505731 ], [ -73.78768592064317, -42.608870041082668 ], [ -73.787684363862795, -42.608875286010182 ], [ -73.787683786246063, -42.608889263445626 ], [ -73.787677245612471, -42.608911290412365 ], [ -73.787677730702725, -42.608914666257888 ], [ -73.787675862206939, -42.608920959108502 ], [ -73.787676443416913, -42.608950076261422 ], [ -73.787678756578771, -42.60897837291116 ], [ -73.787681328455434, -42.608991762559512 ], [ -73.787694254314061, -42.609033432962029 ], [ -73.787720708800862, -42.60910873475396 ], [ -73.787731374498222, -42.609135968201947 ], [ -73.787737887284038, -42.60914911649661 ], [ -73.787745479844816, -42.609155622874979 ], [ -73.787750717921256, -42.609165047568808 ], [ -73.787759593276249, -42.609177256363367 ], [ -73.787761339601161, -42.609180399469764 ], [ -73.787766084502493, -42.609184466202223 ], [ -73.787769577152332, -42.609190747786009 ], [ -73.78777716881477, -42.609197255482357 ], [ -73.787793042944173, -42.609225991022988 ], [ -73.78782188784794, -42.609308276954977 ], [ -73.787825881757698, -42.609321896612009 ], [ -73.787828453634361, -42.60933528486418 ], [ -73.787827244501983, -42.609349380541907 ], [ -73.787829345661436, -42.609363352581759 ], [ -73.78784306203751, -42.609405371821531 ], [ -73.787859611699986, -42.609445869072616 ], [ -73.787896286319778, -42.609513814452733 ], [ -73.78790453105745, -42.609526142846398 ], [ -73.787914507747004, -42.609537652738794 ], [ -73.78793714169889, -42.609560668550394 ], [ -73.787983190238677, -42.609605066458009 ], [ -73.788025154138865, -42.609653200463384 ], [ -73.788034660111194, -42.609665294784207 ], [ -73.788039405012526, -42.609669360823887 ], [ -73.788049229886795, -42.609682384710773 ], [ -73.788059669208707, -42.60969133330093 ], [ -73.788068544563714, -42.609703543975783 ], [ -73.788073289465046, -42.609707611996384 ], [ -73.788081534202732, -42.609719939690507 ], [ -73.788086280002361, -42.609724007710042 ], [ -73.788088026327287, -42.609727148144266 ], [ -73.788103379433792, -42.609742607673105 ], [ -73.788124750354413, -42.609765858776079 ], [ -73.788147385204624, -42.60978887318106 ], [ -73.788169966155934, -42.609798028693753 ], [ -73.788184826087345, -42.60980813030104 ], [ -73.788194301516967, -42.609812304758833 ], [ -73.788221188093431, -42.609834030579179 ], [ -73.788232585019429, -42.609845771153516 ], [ -73.788252543788417, -42.609870770278782 ], [ -73.788257288689749, -42.609874838288476 ], [ -73.788267114462315, -42.609887862793528 ], [ -73.788277423528527, -42.609904265071194 ], [ -73.788284068366679, -42.609909957504811 ], [ -73.788298826788491, -42.609935435932137 ], [ -73.788303100972612, -42.609940085081199 ], [ -73.788308984937714, -42.609953350889313 ], [ -73.788313745110401, -42.609961377809256 ], [ -73.788324192517166, -42.609972304494512 ], [ -73.788327538741598, -42.609982082114264 ], [ -73.788332763343291, -42.609987545124753 ], [ -73.788337523515992, -42.60999557204029 ], [ -73.788350116997947, -42.610032350651949 ], [ -73.788355832978084, -42.610043171542266 ], [ -73.788371442104477, -42.610084835291111 ], [ -73.788410490073232, -42.610196917632166 ], [ -73.788414642086494, -42.610211001875527 ], [ -73.788417230132822, -42.610228349496431 ], [ -73.788415049023314, -42.610235694085894 ], [ -73.78841461603534, -42.610246177099086 ], [ -73.788411188962527, -42.610257713965133 ], [ -73.788414603458932, -42.610285311197863 ], [ -73.788415656284457, -42.610313843928367 ], [ -73.788414098605742, -42.610319087412009 ], [ -73.788414583695996, -42.610322465164671 ], [ -73.788408978208636, -42.610341344610141 ], [ -73.788409712132207, -42.610368947094912 ], [ -73.788409343822948, -42.610397249050322 ], [ -73.788407786144248, -42.610402493849215 ], [ -73.788410065170112, -42.610463985496821 ], [ -73.788408118520906, -42.610491593216324 ], [ -73.788404280918002, -42.610519553308869 ], [ -73.788395233984787, -42.610546010628312 ], [ -73.788391244566597, -42.610575486017893 ], [ -73.788390506151444, -42.610588998955159 ], [ -73.788383828973934, -42.610616499515416 ], [ -73.78836673313576, -42.610640992563596 ], [ -73.78836252363034, -42.610654163019113 ], [ -73.788345798796385, -42.610693447600056 ], [ -73.788338120895645, -42.610706274254973 ], [ -73.788332652850514, -42.610719680060214 ], [ -73.788312297924492, -42.610758156034059 ], [ -73.788308878038194, -42.610771674220715 ], [ -73.788304039712074, -42.610784961007973 ], [ -73.788302041858884, -42.61079870926298 ], [ -73.788297202634453, -42.610811996044482 ], [ -73.788288337160907, -42.610844858949505 ], [ -73.788271871041758, -42.610869234887524 ], [ -73.788253036963511, -42.610892568211398 ], [ -73.788244409543509, -42.610904580972417 ], [ -73.788224943949629, -42.61092803064215 ], [ -73.788209109346113, -42.610952289527468 ], [ -73.788191063988677, -42.610975968591603 ], [ -73.788183227086151, -42.610988330413534 ], [ -73.78818130648807, -42.611002322580802 ], [ -73.788177489546413, -42.611015679398655 ], [ -73.788168771396585, -42.611027473301839 ], [ -73.788156242593317, -42.611053615046494 ], [ -73.788151002720269, -42.611066740457922 ], [ -73.78813912609391, -42.61108959571115 ], [ -73.788137447142631, -42.611092826651237 ], [ -73.788122074273176, -42.611118508222553 ], [ -73.788116044780978, -42.611131287849759 ], [ -73.788108359693737, -42.61114412829825 ], [ -73.788086737244839, -42.611166264876111 ], [ -73.788039661032386, -42.611218943592618 ], [ -73.788032209507108, -42.611231491804439 ], [ -73.788021337197222, -42.611257571317445 ], [ -73.788016653381334, -42.611271339301965 ], [ -73.787989436224862, -42.611337908207936 ], [ -73.787981905647811, -42.611350223679139 ], [ -73.787965008337338, -42.611369495522318 ], [ -73.787953369764509, -42.611380595175675 ], [ -73.78791576449008, -42.611412909046017 ], [ -73.787893117961772, -42.611434989993789 ], [ -73.787867288702415, -42.61147130100089 ], [ -73.787850244068196, -42.61151464900226 ], [ -73.787837792520037, -42.611541025241756 ], [ -73.78783050269152, -42.611554038820408 ], [ -73.787799687782325, -42.611597851534484 ], [ -73.787757789459164, -42.611653405112513 ], [ -73.787746781503671, -42.611664386374173 ], [ -73.787720337796657, -42.61168420156347 ], [ -73.787705771614327, -42.611693616618993 ], [ -73.787702153200357, -42.611696772159704 ], [ -73.787673494247841, -42.611715018493996 ], [ -73.787661064259254, -42.611725769674081 ], [ -73.787641974161147, -42.611749417371406 ], [ -73.78762786252635, -42.611774863312448 ], [ -73.787602961226682, -42.611827612254224 ], [ -73.787582971914972, -42.611864320366344 ], [ -73.787560867969106, -42.611894357746095 ], [ -73.787497161245781, -42.611974933801861 ], [ -73.787488922796314, -42.611988125131134 ], [ -73.787461393924431, -42.612023886425327 ], [ -73.787448091671692, -42.612034057750272 ], [ -73.787407849841927, -42.612081251750631 ], [ -73.787397477893649, -42.612094100597794 ], [ -73.787384886208315, -42.612104388268165 ], [ -73.787363183809347, -42.612127288757812 ], [ -73.787348385861691, -42.612138980638242 ], [ -73.787308144031897, -42.61218617389801 ], [ -73.787295870350164, -42.612197394390414 ], [ -73.787266320268898, -42.612232672287604 ], [ -73.787238351222527, -42.612268646321056 ], [ -73.78721006327423, -42.612303688159258 ], [ -73.787202215591904, -42.612316064923306 ], [ -73.787183355462545, -42.61233942613319 ], [ -73.787186366615359, -42.612342336367036 ], [ -73.787186228274805, -42.612347815698428 ], [ -73.787154011993763, -42.612387060866396 ], [ -73.78714300313996, -42.612398043982097 ], [ -73.787097314824607, -42.612423440074458 ], [ -73.787083461904615, -42.612433962386355 ], [ -73.787038950382296, -42.612478478568747 ], [ -73.787010664230607, -42.612513516983292 ], [ -73.786978585391836, -42.612547280750171 ], [ -73.786964884287116, -42.612556287767909 ], [ -73.786947854025954, -42.612561453051335 ], [ -73.786929233746747, -42.612563938178575 ], [ -73.786910767977773, -42.612564909354916 ], [ -73.786892308496988, -42.612567861228428 ], [ -73.786889952216001, -42.612570779384981 ], [ -73.786883054052936, -42.612583970588098 ], [ -73.786877578821276, -42.612597391194754 ], [ -73.786870520758086, -42.612610116307245 ], [ -73.786862043356763, -42.612622609366369 ], [ -73.786851192606434, -42.612634059186384 ], [ -73.786824109298948, -42.612653004703638 ], [ -73.786807079037786, -42.6126581686568 ], [ -73.786792428413804, -42.612666361167484 ], [ -73.786783789315734, -42.61267838879197 ], [ -73.786772678952289, -42.612704764538655 ], [ -73.786763779342778, -42.612731717425028 ], [ -73.78676167099681, -42.612758891772231 ], [ -73.786751510152612, -42.612786080652015 ], [ -73.786735184170652, -42.612810951002679 ], [ -73.786704684570125, -42.612845410758126 ], [ -73.786679720388378, -42.612882308670201 ], [ -73.786673454639271, -42.612895380146298 ], [ -73.786665606058634, -42.612907756131698 ], [ -73.786642165419607, -42.612929491450075 ], [ -73.786628623316702, -42.612938965156118 ], [ -73.786614131694549, -42.61294762305122 ], [ -73.78660074949174, -42.612957560853573 ], [ -73.786586417769698, -42.612966686150571 ], [ -73.786573035566917, -42.612976623949876 ], [ -73.786562815433925, -42.612987955366236 ], [ -73.786550223748606, -42.61299824222786 ], [ -73.786532157729923, -42.613021947619657 ], [ -73.786511088643238, -42.613044728772323 ], [ -73.78650323916429, -42.613057105389125 ], [ -73.786492860927808, -42.613067970048199 ], [ -73.786465524295394, -42.613103823277498 ], [ -73.786456885197325, -42.613115852139728 ], [ -73.786449828930742, -42.613128575824078 ], [ -73.786441350631108, -42.61314106944031 ], [ -73.786401422313361, -42.613187209457926 ], [ -73.786362856739899, -42.613217720874495 ], [ -73.786349156533504, -42.613226726473016 ], [ -73.786334504112887, -42.613234918247826 ], [ -73.786319861573773, -42.613245092680501 ], [ -73.786290245017156, -42.613262526722416 ], [ -73.786273069228926, -42.613271189861386 ], [ -73.786259057307134, -42.61328124595012 ], [ -73.786228652029706, -42.613298332240092 ], [ -73.786164621014578, -42.613358395685296 ], [ -73.786145762681826, -42.613381755181976 ], [ -73.786135544345441, -42.613393087185749 ], [ -73.786123742279258, -42.613403721060592 ], [ -73.786115263979596, -42.613416214621608 ], [ -73.786099575801487, -42.61344294903558 ], [ -73.786079461623942, -42.613468526505557 ], [ -73.786066871735244, -42.613478812626688 ], [ -73.786044218918732, -42.613500896808681 ], [ -73.786013721114827, -42.613535357504581 ], [ -73.785996914534167, -42.613558827339133 ], [ -73.785975213931863, -42.613581726632866 ], [ -73.785965783417993, -42.613593406340421 ], [ -73.785957936634006, -42.613605781525997 ], [ -73.7859205388704, -42.613653432479317 ], [ -73.785903582271118, -42.613678420159808 ], [ -73.785894312555698, -42.613690564603907 ], [ -73.78587102912185, -42.613712767047979 ], [ -73.785851380271637, -42.613735777350193 ], [ -73.78584147904057, -42.61374804078131 ], [ -73.785829678771009, -42.613758675256641 ], [ -73.785819458638002, -42.613770006530743 ], [ -73.785807818268552, -42.613781107739598 ], [ -73.785795225684893, -42.613791395131301 ], [ -73.78578437583289, -42.613802843414291 ], [ -73.785774946217373, -42.613814522419247 ], [ -73.785752133500722, -42.613836140406399 ], [ -73.78574207416618, -42.613847938403183 ], [ -73.785720844281059, -42.613870252517088 ], [ -73.785673226384489, -42.61392923319098 ], [ -73.78564351819972, -42.613964042049069 ], [ -73.785634087685878, -42.613975721684916 ], [ -73.78562323783386, -42.61398716993402 ], [ -73.78561380911664, -42.613998849565547 ], [ -73.785588623949337, -42.614019423614224 ], [ -73.785573973325384, -42.61402761462363 ], [ -73.78553959300281, -42.614037010814172 ], [ -73.785523831162834, -42.614043924579562 ], [ -73.785509178742231, -42.614052114924675 ], [ -73.785495006022018, -42.614061704813231 ], [ -73.785482414336656, -42.6140719921586 ], [ -73.78547298651776, -42.614083670452004 ], [ -73.785449542285477, -42.614105406021082 ], [ -73.785409613069419, -42.614151545985365 ], [ -73.785400185250495, -42.614163225586047 ], [ -73.785357882685446, -42.614208319652917 ], [ -73.785347821554282, -42.614220116257023 ], [ -73.78532263728529, -42.614240690232599 ], [ -73.78530172809873, -42.614263934367685 ], [ -73.78529071654998, -42.614274919135646 ], [ -73.785271227599907, -42.61429839596358 ], [ -73.785249206299014, -42.614320361518871 ], [ -73.785219495419327, -42.614355169497273 ], [ -73.785176403235141, -42.614399915689489 ], [ -73.785149479827766, -42.614419326079869 ], [ -73.785112610273529, -42.614439107337937 ], [ -73.785104582029845, -42.61444506842232 ], [ -73.785088979191684, -42.61445244623031 ], [ -73.785074485772881, -42.614461104576108 ], [ -73.785058412217509, -42.614469066127938 ], [ -73.785001400638009, -42.614506493935998 ], [ -73.784987076102482, -42.614517599641218 ], [ -73.784973374099465, -42.614526605712904 ], [ -73.784962362550715, -42.614537590434551 ], [ -73.784950401482689, -42.614547758043514 ], [ -73.784930753530801, -42.61457076803719 ], [ -73.784907470096954, -42.614592969506383 ], [ -73.784881495310501, -42.614613194963233 ], [ -73.784858370878467, -42.614635861826024 ], [ -73.784844987777376, -42.61464580002005 ], [ -73.784834767644369, -42.614657131132759 ], [ -73.78480863385613, -42.61467688851598 ], [ -73.784791167912076, -42.614692550432366 ], [ -73.784761991529948, -42.614722051625485 ], [ -73.784742958025703, -42.61474097931918 ], [ -73.784729415922783, -42.614750451427497 ], [ -73.784722967815696, -42.614757110593793 ], [ -73.78470911399738, -42.61476763251143 ], [ -73.784631066568863, -42.614837751699177 ], [ -73.78460366885102, -42.614857745695183 ], [ -73.784567793731824, -42.614890234272274 ], [ -73.784554410630719, -42.614900173086838 ], [ -73.784542769362943, -42.614911273433151 ], [ -73.784513472606591, -42.614929638482785 ], [ -73.784499930503685, -42.614939111223499 ], [ -73.784488128437474, -42.614949744834355 ], [ -73.784430485342341, -42.614987290688319 ], [ -73.784392549487876, -42.615017684210429 ], [ -73.784379007384985, -42.615027156276632 ], [ -73.784346228758565, -42.615043196908125 ], [ -73.78431457392459, -42.615064480619665 ], [ -73.784301981340946, -42.615074767799392 ], [ -73.784286226687485, -42.615083662727848 ], [ -73.784272684584579, -42.615093133461883 ], [ -73.784242118508729, -42.615109751866328 ], [ -73.784208701180162, -42.615123928211958 ], [ -73.784195318977353, -42.615133866328122 ], [ -73.784180194941257, -42.615142642252557 ], [ -73.784143367607854, -42.615174315561759 ], [ -73.784132357855725, -42.615185297524825 ], [ -73.784106063269036, -42.615204590658202 ], [ -73.784095841339436, -42.615215922330307 ], [ -73.784030748515633, -42.615245435174991 ], [ -73.78398173553542, -42.615268970473629 ], [ -73.783977479317599, -42.615270262234084 ], [ -73.783971654641306, -42.615274821077378 ], [ -73.783938555316325, -42.615289928854168 ], [ -73.783913822001608, -42.615303970958585 ], [ -73.783876815005158, -42.615329232326921 ], [ -73.783832545129656, -42.615354856620264 ], [ -73.783815681056836, -42.615362469666458 ], [ -73.783801027737908, -42.615370660499231 ], [ -73.783784003764964, -42.615377807479234 ], [ -73.783754698923772, -42.615394191122938 ], [ -73.783670129726289, -42.615451146116662 ], [ -73.783654685889928, -42.615458989869097 ], [ -73.783640984785208, -42.615467994482486 ], [ -73.783610736712959, -42.615485546235945 ], [ -73.7835938645553, -42.615491176678773 ], [ -73.783578102715325, -42.615498088299503 ], [ -73.783563610194847, -42.615506745177711 ], [ -73.783547534842839, -42.615514705934793 ], [ -73.78351603990896, -42.615536458192565 ], [ -73.783500278068999, -42.615543369147169 ], [ -73.78348483602926, -42.615551211565851 ], [ -73.783381580975558, -42.615592812132824 ], [ -73.783368037076031, -42.615602284111603 ], [ -73.783352275236041, -42.615609195058902 ], [ -73.783324399614457, -42.61562779128117 ], [ -73.783276647868902, -42.615651089768278 ], [ -73.782360805555271, -42.615994209107583 ], [ -73.782346153134668, -42.616002400518383 ], [ -73.782330549398196, -42.616009776819709 ], [ -73.782273368037096, -42.616044755733839 ], [ -73.782257764300624, -42.616052132030177 ], [ -73.782206829824005, -42.616068091085225 ], [ -73.782157329058577, -42.616088245988905 ], [ -73.782123745541696, -42.616099972162786 ], [ -73.782106713483913, -42.616105137152324 ], [ -73.782091269647538, -42.616112979500251 ], [ -73.782072976355096, -42.616118379831832 ], [ -73.782000258631157, -42.61613543162855 ], [ -73.781982116255676, -42.616139314788853 ], [ -73.781965403099804, -42.616145411231031 ], [ -73.781948371042034, -42.616150574894661 ], [ -73.7819303903633, -42.616154926095696 ], [ -73.781893627708627, -42.616161294238488 ], [ -73.781876437547339, -42.616165992503483 ], [ -73.781863053547937, -42.616175931114441 ], [ -73.781853782035867, -42.616188077054723 ], [ -73.781854762097851, -42.616196819115743 ], [ -73.781867918823494, -42.616211717769133 ], [ -73.781886690019675, -42.616250861341101 ], [ -73.781896185212233, -42.616257021896622 ], [ -73.781912627975188, -42.616263869969188 ], [ -73.781930639196631, -42.61626744770502 ], [ -73.781945509009546, -42.616275581566356 ], [ -73.781952675768864, -42.616292592333416 ], [ -73.781949402307987, -42.616304608680394 ], [ -73.781936721689434, -42.616323922621419 ], [ -73.781826495709126, -42.616253498368302 ], [ -73.781816118370955, -42.61624449254635 ], [ -73.781757506891921, -42.616193638682176 ], [ -73.781766426264397, -42.61617413893854 ], [ -73.781782755839615, -42.616149269930936 ], [ -73.781786811733127, -42.616135619374127 ], [ -73.781788814077899, -42.61612185643137 ], [ -73.781783295727095, -42.616080238368724 ], [ -73.781784980068267, -42.616065543295512 ], [ -73.7817877729305, -42.616052128724789 ], [ -73.781794830993675, -42.616039403654533 ], [ -73.781799990018342, -42.616025052331828 ], [ -73.781813313830639, -42.615999256434108 ], [ -73.781831385239201, -42.615975548870161 ], [ -73.78185240042697, -42.615936910849953 ], [ -73.781862781358399, -42.615882902728281 ], [ -73.781867627769358, -42.615869599840522 ], [ -73.78187468762917, -42.61585687671618 ], [ -73.781887438316303, -42.61584705638748 ], [ -73.781906770959537, -42.615823113421399 ], [ -73.781916832090715, -42.615811317120944 ], [ -73.781925471188799, -42.615799289440396 ], [ -73.781932370250203, -42.615786099579452 ], [ -73.781941799865734, -42.615774420283103 ], [ -73.781948068309774, -42.61576134742802 ], [ -73.7819559159921, -42.615748972009698 ], [ -73.781962815053504, -42.615735782138088 ], [ -73.781962763849506, -42.615721906723287 ], [ -73.781954251413879, -42.615681344800514 ], [ -73.781950885426511, -42.61566759233466 ], [ -73.78194625910281, -42.615654075210642 ], [ -73.781932905646102, -42.61562879943029 ], [ -73.78191103795713, -42.615606103841316 ], [ -73.781904045470966, -42.61559352345683 ], [ -73.78188858276998, -42.615552276569268 ], [ -73.781874853817513, -42.615510208589782 ], [ -73.781856017044305, -42.615453225884579 ], [ -73.781852652853559, -42.615439474029436 ], [ -73.781850853528042, -42.61542245245198 ], [ -73.781851115836133, -42.615407526505358 ], [ -73.781854547400499, -42.615395975388317 ], [ -73.781853060688704, -42.615377904658615 ], [ -73.781849535699521, -42.615363686722446 ], [ -73.781844908477495, -42.615350169532498 ], [ -73.781830591128511, -42.615320112664755 ], [ -73.781824702671813, -42.615306832133669 ], [ -73.781799054872124, -42.615286827043384 ], [ -73.781769308958133, -42.615268579111188 ], [ -73.781737648734264, -42.615244735746586 ], [ -73.781723089738463, -42.615235553268917 ], [ -73.781709635670438, -42.615225668055835 ], [ -73.78169397534009, -42.615217186987344 ], [ -73.781679729856322, -42.615206954040168 ], [ -73.781660908354482, -42.615197080061037 ], [ -73.781633525907992, -42.615177894682354 ], [ -73.781581593403104, -42.615136018826163 ], [ -73.781557678453609, -42.615115193933349 ], [ -73.781551034513768, -42.615111475319829 ], [ -73.781546282425921, -42.61510740302456 ], [ -73.78152583048184, -42.615082957347838 ], [ -73.781514261079309, -42.615070735828034 ], [ -73.781489237608739, -42.615048630386859 ], [ -73.781443511564149, -42.615020967833779 ], [ -73.781417887120682, -42.615006910460515 ], [ -73.781392730699466, -42.614992267360009 ], [ -73.781379748246977, -42.614981799028463 ], [ -73.781367708127206, -42.614970161229877 ], [ -73.781354254059195, -42.614960277296831 ], [ -73.781327635180716, -42.614933509157581 ], [ -73.781317182384072, -42.614924552065339 ], [ -73.781295785412311, -42.614901272478001 ], [ -73.78128201154405, -42.6148904550761 ], [ -73.78126698362766, -42.614881856949147 ], [ -73.781238658848437, -42.614863838957412 ], [ -73.781225045778626, -42.614853488278243 ], [ -73.781211118298458, -42.614844186746744 ], [ -73.781195776870035, -42.614836637101803 ], [ -73.781179021493358, -42.614830840666286 ], [ -73.781164152578796, -42.614822707277327 ], [ -73.781150858410896, -42.614813287406086 ], [ -73.781106555297697, -42.614785857452262 ], [ -73.781062403999812, -42.614756908961176 ], [ -73.781032346370395, -42.614739710685917 ], [ -73.781016534224761, -42.614732744771587 ], [ -73.780993752050861, -42.614719146791536 ], [ -73.780984264943129, -42.614714967373857 ], [ -73.780966232162115, -42.614705442372845 ], [ -73.780946780042953, -42.614695685327334 ], [ -73.780938241556186, -42.61469232037259 ], [ -73.780891817520612, -42.614667516882399 ], [ -73.780805162435058, -42.614628157460331 ], [ -73.780739818981274, -42.614588290955481 ], [ -73.780707403274263, -42.614574012018515 ], [ -73.78069981700169, -42.614571461523298 ], [ -73.780685891318143, -42.614562161271877 ], [ -73.780632433473897, -42.614535445848951 ], [ -73.78062595662071, -42.614534175889318 ], [ -73.780610782278941, -42.614529076217707 ], [ -73.780595441748815, -42.614521525873478 ], [ -73.780562404407618, -42.614509347875646 ], [ -73.780527167092288, -42.614500554673548 ], [ -73.780491922590429, -42.61448977885091 ], [ -73.780437580803948, -42.614480091847526 ], [ -73.780418155634237, -42.614478263923743 ], [ -73.780380242237669, -42.61447145862595 ], [ -73.780266080738102, -42.61446550217174 ], [ -73.780247599697759, -42.614462506094902 ], [ -73.780229430372827, -42.614458461523128 ], [ -73.78020506626568, -42.614444166690184 ], [ -73.780094055157818, -42.614392494904116 ], [ -73.780084568948425, -42.614388315464502 ], [ -73.780069219435148, -42.614378783802621 ], [ -73.780022256410433, -42.614357304833746 ], [ -73.780011340083078, -42.614350913368128 ], [ -73.779992539242528, -42.614346984480783 ], [ -73.779983052134781, -42.61434280636032 ], [ -73.779964098580621, -42.614340393363399 ], [ -73.779944659037881, -42.61433460217043 ], [ -73.779934708399452, -42.614332988437241 ], [ -73.779903417383181, -42.614323954571546 ], [ -73.77986992998602, -42.614318306173651 ], [ -73.779857598812114, -42.614313666606733 ], [ -73.779850490443252, -42.614312515639718 ], [ -73.779836266519055, -42.614308227775098 ], [ -73.779829159946857, -42.614307076146908 ], [ -73.779782222973253, -42.614293525011718 ], [ -73.779771314730752, -42.614289116165317 ], [ -73.779764205463593, -42.614287962553476 ], [ -73.779719162138605, -42.614274059711171 ], [ -73.779712053769785, -42.614272906099053 ], [ -73.779695458293219, -42.614267575683627 ], [ -73.779688351720992, -42.614266422732477 ], [ -73.779657531421918, -42.61425680444831 ], [ -73.779638897667979, -42.614255325576693 ], [ -73.779629888464001, -42.614252544345945 ], [ -73.779611094809937, -42.61425059741822 ], [ -73.779592294867669, -42.614246670507789 ], [ -73.779573661113744, -42.614245191635888 ], [ -73.779537640467467, -42.614238031303969 ], [ -73.779460878528141, -42.614227572101022 ], [ -73.779453292255553, -42.614225021591622 ], [ -73.779427701948052, -42.614220872551222 ], [ -73.779348047433501, -42.61419607548423 ], [ -73.779337138292689, -42.614191665969805 ], [ -73.77933002902553, -42.614190513678381 ], [ -73.77930190277398, -42.61418287272285 ], [ -73.779265866856363, -42.614171748447184 ], [ -73.77925875938584, -42.614170596816479 ], [ -73.77923884193936, -42.614163406065529 ], [ -73.779219404193228, -42.614157614195001 ], [ -73.779212294926083, -42.614156461902915 ], [ -73.779192856281639, -42.614150668709556 ], [ -73.779185747014466, -42.614149516417363 ], [ -73.779142127519236, -42.614135842283787 ], [ -73.779135019150388, -42.614134689991317 ], [ -73.77912411000959, -42.614130280472573 ], [ -73.779117001640728, -42.614129128179975 ], [ -73.779098984131082, -42.614123565707054 ], [ -73.779072603306147, -42.614119070244861 ], [ -73.779055066395159, -42.614114906653271 ], [ -73.779020322254922, -42.614111476218518 ], [ -73.778972458219954, -42.614103057141449 ], [ -73.778957299149539, -42.61410192071471 ], [ -73.778931707943698, -42.614097772988309 ], [ -73.778907069850405, -42.614094439072829 ], [ -73.778898540346788, -42.614093057378703 ], [ -73.778841853957417, -42.614090253002246 ], [ -73.778822277870745, -42.614089940964156 ], [ -73.778799531629431, -42.614086253360995 ], [ -73.778794952916442, -42.614086612337076 ], [ -73.7787632064543, -42.614082126127549 ], [ -73.778758628639608, -42.614082485103673 ], [ -73.778743941184715, -42.614080765588263 ], [ -73.778739364268333, -42.614081123242194 ], [ -73.778725148428961, -42.614078818655194 ], [ -73.778720570614283, -42.6140791782924 ], [ -73.778713463143731, -42.614078025998914 ], [ -73.778688677726748, -42.614078190612233 ], [ -73.778650162458945, -42.614079431492868 ], [ -73.778611305831319, -42.614073794311437 ], [ -73.778606729813276, -42.614074151965397 ], [ -73.778576403587607, -42.614069896478192 ], [ -73.778571825772914, -42.614070254793276 ], [ -73.778564718302377, -42.614069103160681 ], [ -73.778503152264378, -42.614069690215636 ], [ -73.77842736679375, -42.614067971360988 ], [ -73.778420259323212, -42.614066819067276 ], [ -73.778399580105386, -42.614067209115028 ], [ -73.778378254998856, -42.614063752894829 ], [ -73.778359467632995, -42.614063789255233 ], [ -73.778352361060783, -42.614062636961421 ], [ -73.778332943077601, -42.614062790997259 ], [ -73.778307041953013, -42.61405969309191 ], [ -73.778286673552259, -42.614059032654971 ], [ -73.778279566980061, -42.614057881022177 ], [ -73.778274987368732, -42.614058239337339 ], [ -73.778220966280813, -42.61404948243193 ], [ -73.778191097297608, -42.614040678587308 ], [ -73.778158400417894, -42.614035377901395 ], [ -73.778131236262027, -42.614032515345741 ], [ -73.778124127893179, -42.614031363712414 ], [ -73.778115119587511, -42.614028583132765 ], [ -73.778069313592866, -42.614022259065464 ], [ -73.778015452405057, -42.614013966907258 ], [ -73.777997288470004, -42.614011903618746 ], [ -73.777961428622177, -42.614005210656714 ], [ -73.777926345817079, -42.61399490016187 ], [ -73.777889688265276, -42.613985876163632 ], [ -73.777869945091965, -42.613983116737117 ], [ -73.777852718099766, -42.613977901989173 ], [ -73.777815748832538, -42.613969928474766 ], [ -73.777763589952201, -42.613952888646011 ], [ -73.777730233709093, -42.613939777064772 ], [ -73.77771410266152, -42.613931879571908 ], [ -73.777615135266686, -42.613891842718687 ], [ -73.777598852403827, -42.613885461121818 ], [ -73.777592209362311, -42.61388174111265 ], [ -73.777559170224478, -42.613869561667535 ], [ -73.777542415746126, -42.613863763819801 ], [ -73.77751079325148, -42.613849833116582 ], [ -73.777492782030038, -42.613846253919647 ], [ -73.777475085218938, -42.613841622911856 ], [ -73.777437803338003, -42.61383469920748 ], [ -73.777420576345818, -42.613829484447123 ], [ -73.777402407020887, -42.613825439173162 ], [ -73.777354500765085, -42.613805126195153 ], [ -73.777337588183229, -42.613798862265348 ], [ -73.777301415721695, -42.613793218447526 ], [ -73.777283407195185, -42.613789639247337 ], [ -73.777245979787196, -42.61378621210018 ], [ -73.777228440181275, -42.613782048486321 ], [ -73.777194771324417, -42.613769987358786 ], [ -73.77717628309756, -42.613765008606123 ], [ -73.777139168303279, -42.613760532951076 ], [ -73.777084668413309, -42.613750376452323 ], [ -73.777049120280878, -42.61374263297207 ], [ -73.777030799140661, -42.613740103598069 ], [ -73.776993219019062, -42.613738193676028 ], [ -73.77697900317969, -42.613735889076331 ], [ -73.776959107292782, -42.61373464422222 ], [ -73.776951998923948, -42.613733492583421 ], [ -73.776947421109256, -42.613733851561534 ], [ -73.776888836579687, -42.613729416892561 ], [ -73.776869258696379, -42.613729105513713 ], [ -73.776855042857008, -42.613726800252593 ], [ -73.776740425911584, -42.613725388800745 ], [ -73.776682493558923, -42.613726784386181 ], [ -73.776660697735181, -42.613723911238672 ], [ -73.776641752265832, -42.613723480200434 ], [ -73.77662248699626, -42.61372211833109 ], [ -73.776604317671314, -42.613718071727959 ], [ -73.776585212301853, -42.613717176596317 ], [ -73.7765664195461, -42.613715230312927 ], [ -73.776546211045485, -42.613715035949049 ], [ -73.77652694667421, -42.613713674079527 ], [ -73.776519838305362, -42.613712522440373 ], [ -73.776500261320379, -42.613712210400323 ], [ -73.776493153849856, -42.613711056777824 ], [ -73.776435678739659, -42.613707902661339 ], [ -73.776405823231201, -42.613703064718393 ], [ -73.77640124721313, -42.613703421052271 ], [ -73.776387030475448, -42.613701117112399 ], [ -73.776368404806348, -42.613701620210911 ], [ -73.776331615202196, -42.613700057366131 ], [ -73.776288993735236, -42.613701072157475 ], [ -73.776252059502312, -42.613703009185855 ], [ -73.776178058984172, -42.613714346419982 ], [ -73.776028657474328, -42.613742734781702 ], [ -73.77596586523596, -42.613753467100921 ], [ -73.775947717470601, -42.613755367105995 ], [ -73.775909991821933, -42.613756957054512 ], [ -73.775891046352569, -42.613756526016509 ], [ -73.775842584937934, -42.61375813579803 ], [ -73.775835477467425, -42.613756982176369 ], [ -73.775826324532972, -42.613757699471215 ], [ -73.775819215265827, -42.613756547171754 ], [ -73.775779118963115, -42.61375709059697 ], [ -73.775772010594281, -42.61375593829748 ], [ -73.775752434507609, -42.613755626918788 ], [ -73.775716893561707, -42.613749864759903 ], [ -73.775703148439533, -42.613746976408152 ], [ -73.775683412452736, -42.613746198291857 ], [ -73.775645825144622, -42.61374230572688 ], [ -73.775626720673486, -42.613741409273402 ], [ -73.775590389210123, -42.613735298051594 ], [ -73.775573633833446, -42.613729500852465 ], [ -73.775555937920672, -42.61372487115819 ], [ -73.775501589845973, -42.613713198086288 ], [ -73.775483892136577, -42.613708567068628 ], [ -73.775429078734575, -42.613699460391182 ], [ -73.775411382821773, -42.613694830694676 ], [ -73.775398440793481, -42.613696254708159 ], [ -73.775380127738103, -42.613695707315799 ], [ -73.775344905694126, -42.613690877305125 ], [ -73.775329266923336, -42.613688341979092 ], [ -73.775306376053265, -42.61368815290394 ], [ -73.775283158196444, -42.613685049030046 ], [ -73.775259469622398, -42.61368252824802 ], [ -73.775222368302849, -42.613682016555018 ], [ -73.77520263860427, -42.613683220421855 ], [ -73.775194109998964, -42.613681837396378 ], [ -73.775184955267889, -42.613682554692097 ], [ -73.775162216213104, -42.613680849709908 ], [ -73.775143908547619, -42.613682283640266 ], [ -73.775087426075814, -42.613691836564058 ], [ -73.775067861667253, -42.613695489813281 ], [ -73.775049880988519, -42.613699837880333 ], [ -73.775030948993901, -42.613703372791832 ], [ -73.774958072268177, -42.613719953223246 ], [ -73.774940881208579, -42.613724651011367 ], [ -73.774935368247682, -42.613728158155226 ], [ -73.774892005670594, -42.613742701065533 ], [ -73.774886492709697, -42.613746210191685 ], [ -73.774863787790892, -42.613754415120148 ], [ -73.774851657839605, -42.613762134138199 ], [ -73.774847401621784, -42.613763425929925 ], [ -73.774836375699991, -42.613770442196355 ], [ -73.774822186810084, -42.613776066844331 ], [ -73.774803441665057, -42.61378799641156 ], [ -73.774782950195103, -42.613796781781097 ], [ -73.774777437234206, -42.613800289581981 ], [ -73.774773178321439, -42.613801580711794 ], [ -73.774766563127699, -42.613805791262493 ], [ -73.774762304214917, -42.613807081731103 ], [ -73.774756792152345, -42.613810590853625 ], [ -73.774744018109004, -42.613814462259086 ], [ -73.774738505148093, -42.613817971381195 ], [ -73.77473424623534, -42.61381926317177 ], [ -73.774721328461553, -42.613826633120688 ], [ -73.774685842312891, -42.613836728785756 ], [ -73.774668970155219, -42.613842359377635 ], [ -73.774649094929558, -42.613847060462007 ], [ -73.774636176257459, -42.613854431068738 ], [ -73.774623568402447, -42.613860751847575 ], [ -73.774612688007721, -42.613864270883575 ], [ -73.774600558954759, -42.613871989887961 ], [ -73.774596301838613, -42.613873281016325 ], [ -73.77455881244687, -42.613897140111334 ], [ -73.774532183686915, -42.61391153291256 ], [ -73.774526669827694, -42.613915042029177 ], [ -73.774522411813251, -42.613916332495549 ], [ -73.774495635729565, -42.613934225152512 ], [ -73.774491378613433, -42.613935514296287 ], [ -73.774485865652537, -42.613939023411554 ], [ -73.774450241163322, -42.613954600892811 ], [ -73.774433057290253, -42.61396127997719 ], [ -73.774411795964113, -42.613975662847125 ], [ -73.774407537051346, -42.613976953973321 ], [ -73.774402024090449, -42.613980461764058 ], [ -73.77438484021738, -42.613987141506755 ], [ -73.77436813424805, -42.613995219472564 ], [ -73.774350949476641, -42.614001899213683 ], [ -73.77434543741407, -42.61400540700302 ], [ -73.774328723359886, -42.614011502331927 ], [ -73.774321005933274, -42.614016414955032 ], [ -73.774310124640266, -42.614019933321138 ], [ -73.774302407213654, -42.614024845943582 ], [ -73.774283730340571, -42.614034035210743 ], [ -73.774268293690739, -42.614043859130845 ], [ -73.774241498742441, -42.614055803852068 ], [ -73.77422606119427, -42.614065628429834 ], [ -73.774207387016148, -42.614074817690991 ], [ -73.774183439727295, -42.614089205823468 ], [ -73.774169251735714, -42.614094829781578 ], [ -73.774163737876506, -42.614098338226768 ], [ -73.774155222745932, -42.614100919812955 ], [ -73.77414088832893, -42.614110041636934 ], [ -73.774104937751261, -42.614122704297202 ], [ -73.774082393630891, -42.614131375910773 ], [ -73.774076880669995, -42.614134885014991 ], [ -73.774068363742785, -42.614137466599679 ], [ -73.774043545088119, -42.614150281306671 ], [ -73.774039286175352, -42.614151572429257 ], [ -73.774027158020701, -42.614159292059171 ], [ -73.774008711116338, -42.614166207133174 ], [ -73.773990277686721, -42.614177085481806 ], [ -73.773976568497162, -42.614184108312621 ], [ -73.773966007902686, -42.614188558815563 ], [ -73.773960492246843, -42.614192068577651 ], [ -73.773947720000123, -42.614195939959423 ], [ -73.773942206140902, -42.614199449721106 ], [ -73.773892532898955, -42.614215167950761 ], [ -73.773879612430235, -42.614222539175032 ], [ -73.773875354415779, -42.614223830957215 ], [ -73.773868739222038, -42.614228040818269 ], [ -73.773855965178683, -42.614231912197795 ], [ -73.773836429516209, -42.614243493280092 ], [ -73.773822240626288, -42.614249117885329 ], [ -73.773800500498112, -42.61426210247101 ], [ -73.773788204358496, -42.614267373388287 ], [ -73.773781588266431, -42.614271583907517 ], [ -73.773777329353649, -42.61427287370536 ], [ -73.773744861544358, -42.614287862066931 ], [ -73.773710326711566, -42.614298770804723 ], [ -73.773704812852344, -42.614302280560629 ], [ -73.773687469079178, -42.614308492874358 ], [ -73.773665416337252, -42.614322527928017 ], [ -73.773646193288485, -42.614333058513331 ], [ -73.773634064235523, -42.614340778120727 ], [ -73.773619874447292, -42.614346402717182 ], [ -73.77360774629264, -42.614354120339634 ], [ -73.773589147573006, -42.614362551943579 ], [ -73.77356930019512, -42.614375182819956 ], [ -73.773530193835839, -42.614388432478279 ], [ -73.773462683645633, -42.61440500347198 ], [ -73.773451802352582, -42.614408522477191 ], [ -73.773405270519191, -42.614419688359497 ], [ -73.773398966142523, -42.614422847728683 ], [ -73.773389500594362, -42.614424614833389 ], [ -73.77338209398485, -42.614428478267534 ], [ -73.77333809180729, -42.61444115408495 ], [ -73.773295984176656, -42.614453477536742 ], [ -73.773284624081569, -42.614455598986893 ], [ -73.773257183244596, -42.614463696063638 ], [ -73.773242057411835, -42.61447247009923 ], [ -73.773223604219254, -42.614477403840993 ], [ -73.77321588679267, -42.614482315105171 ], [ -73.773206419447888, -42.614484082208193 ], [ -73.773199013736686, -42.614487944316508 ], [ -73.773177966209573, -42.61449608964886 ], [ -73.773168499763116, -42.614497854768238 ], [ -73.773157619368391, -42.614501373768206 ], [ -73.77314815292192, -42.614503139548503 ], [ -73.773130177633092, -42.614509472161217 ], [ -73.773116468443547, -42.614516494293426 ], [ -73.77309990710296, -42.61452107236358 ], [ -73.773092500493433, -42.614524935130682 ], [ -73.773022778650983, -42.614540925648463 ], [ -73.773012215361575, -42.614545376787007 ], [ -73.772994705400038, -42.614549141049729 ], [ -73.772977838632258, -42.61455675353335 ], [ -73.772956549458343, -42.614563206459444 ], [ -73.772937950738708, -42.614571637373977 ], [ -73.772904204626741, -42.614582894457769 ], [ -73.77288590414777, -42.614586310983633 ], [ -73.772867291055078, -42.6145907779851 ], [ -73.772853268353501, -42.614598850583889 ], [ -73.772833553027965, -42.614604019664462 ], [ -73.772814149417812, -42.614608135624728 ], [ -73.772800438431631, -42.614615157745817 ], [ -73.772792720106722, -42.614620069660248 ], [ -73.772778532115112, -42.614625694231464 ], [ -73.772728218374368, -42.614639549396642 ], [ -73.772722704515161, -42.614643057811143 ], [ -73.77269984778107, -42.614652779165972 ], [ -73.772693231689004, -42.614656988998014 ], [ -73.772680936447713, -42.614662259881882 ], [ -73.772674319457323, -42.614666470374395 ], [ -73.772655873451285, -42.614673384069917 ], [ -73.772643264697948, -42.614679704765649 ], [ -73.772620559779142, -42.614687910893338 ], [ -73.77252467180908, -42.614715726967518 ], [ -73.772507798753097, -42.61472135747993 ], [ -73.772476590381828, -42.614736107079757 ], [ -73.772459559222355, -42.614741271521325 ], [ -73.77242850446298, -42.614754505896649 ], [ -73.772416688023739, -42.61476117563997 ], [ -73.772380411357631, -42.614770921436666 ], [ -73.772306769267246, -42.614795081644914 ], [ -73.772301255408038, -42.614798591372832 ], [ -73.772288960166748, -42.614803860261475 ], [ -73.772273523516901, -42.61481368406011 ], [ -73.772244666036713, -42.614823532978662 ], [ -73.772224340755102, -42.614834765556587 ], [ -73.772218036378447, -42.614837926226869 ], [ -73.772181766898839, -42.61484965528058 ], [ -73.772171204507714, -42.614854107058108 ], [ -73.772150565714071, -42.61486638944065 ], [ -73.77212786079528, -42.614874594221561 ], [ -73.772114150707409, -42.614881615651534 ], [ -73.772109891794642, -42.614882906097854 ], [ -73.772104379732056, -42.614886415159738 ], [ -73.772054717269882, -42.614906098428278 ], [ -73.772020195911821, -42.61492097226909 ], [ -73.77200475117715, -42.614928814105049 ], [ -73.771977503477956, -42.61494729021237 ], [ -73.771963009160856, -42.614955945844976 ], [ -73.771937820400282, -42.614976516272037 ], [ -73.77191374195742, -42.614998365897769 ], [ -73.771877499427262, -42.615018024009565 ], [ -73.771862852396552, -42.615028196828781 ], [ -73.771845036109539, -42.615034993471625 ], [ -73.771827541419356, -42.615042721586164 ], [ -73.771808481863985, -42.615055701378751 ], [ -73.771791456992716, -42.615062845750593 ], [ -73.771785943133509, -42.615066354802352 ], [ -73.771768758362128, -42.615073033767473 ], [ -73.771753473527568, -42.615081341650743 ], [ -73.771736607658113, -42.615088952086026 ], [ -73.771725580837995, -42.615095970186388 ], [ -73.771714722002841, -42.615105435629864 ], [ -73.771703694284412, -42.615112452406201 ], [ -73.771693935885466, -42.61512121643409 ], [ -73.771679600570167, -42.615130338769731 ], [ -73.771652519059316, -42.615151261498291 ], [ -73.771632865717507, -42.615174269285703 ], [ -73.771624541928091, -42.615187228557254 ], [ -73.771605838105557, -42.6152110507891 ], [ -73.771581183842585, -42.615248878107927 ], [ -73.771560738186736, -42.615271537467407 ], [ -73.771547041573598, -42.615282523379832 ], [ -73.771534766095229, -42.615293740670026 ], [ -73.771521381197502, -42.615303678098023 ], [ -73.771506255364741, -42.615312452676349 ], [ -73.771492080847864, -42.615322040387568 ], [ -73.771470046072267, -42.615342020345324 ], [ -73.771441854243704, -42.615361665126983 ], [ -73.771436820084858, -42.615366571693805 ], [ -73.77142232666607, -42.615375227268167 ], [ -73.771408940870018, -42.615385164683133 ], [ -73.771384078197912, -42.615408647703354 ], [ -73.771366859290524, -42.615427978449311 ], [ -73.771354105010133, -42.615437797521942 ], [ -73.771324996899963, -42.61546653679428 ], [ -73.771300154889104, -42.615495968207021 ], [ -73.771276920862618, -42.615534025409424 ], [ -73.771270651520226, -42.6155470956679 ], [ -73.771265962314459, -42.615560864026328 ], [ -73.771234779994302, -42.615628669858339 ], [ -73.771225054833039, -42.615647346065629 ], [ -73.77121533865494, -42.615668002865924 ], [ -73.771202383151902, -42.61568802436075 ], [ -73.771182456722272, -42.61572397656596 ], [ -73.771172269826948, -42.615745219057843 ], [ -73.77113331258802, -42.615802077873987 ], [ -73.771110236664995, -42.615840600950094 ], [ -73.771101596668601, -42.615852627300498 ], [ -73.771087794054267, -42.615879006330381 ], [ -73.771081524711889, -42.615892077177541 ], [ -73.771073041920658, -42.615904570239394 ], [ -73.771063609610195, -42.615916249511315 ], [ -73.771055287617401, -42.615929207306266 ], [ -73.771051069128802, -42.615942391848286 ], [ -73.771044010167316, -42.615955113633007 ], [ -73.771038848447688, -42.615969466293983 ], [ -73.771025518347187, -42.615995262204052 ], [ -73.77101440618712, -42.616023617794347 ], [ -73.771009718777961, -42.616037386047431 ], [ -73.771002027402503, -42.616050226145475 ], [ -73.770992587905496, -42.616059922820803 ], [ -73.770962869839266, -42.616094727182606 ], [ -73.77095422804625, -42.616106754145001 ], [ -73.770944165118422, -42.616118549067309 ], [ -73.770929253084716, -42.616143646819467 ], [ -73.770919555771229, -42.616170251152873 ], [ -73.770909028414408, -42.616184613680389 ], [ -73.770905130624385, -42.616198729623491 ], [ -73.770903125584681, -42.616212492549252 ], [ -73.770892006238086, -42.616238866799193 ], [ -73.770887789546151, -42.616252050614591 ], [ -73.770881415100902, -42.616280515165251 ], [ -73.770878354540727, -42.616308856082043 ], [ -73.770874477411937, -42.616328919018507 ], [ -73.770870314618932, -42.616357961312389 ], [ -73.770866860596655, -42.616363564572289 ], [ -73.770862948433603, -42.616373716017343 ], [ -73.770860471778349, -42.616388063293279 ], [ -73.770849513230203, -42.616414903525325 ], [ -73.770841030438987, -42.616427395160144 ], [ -73.770818372232554, -42.616449476313306 ], [ -73.770792233952747, -42.616469231805773 ], [ -73.770777898637434, -42.616478353282872 ], [ -73.770760712967729, -42.616485032757645 ], [ -73.770728561365402, -42.616500951376366 ], [ -73.770701159155976, -42.616520942194107 ], [ -73.770651730255778, -42.616562895786522 ], [ -73.770607196275577, -42.616862642054556 ], [ -73.770606898933224, -42.616863106785551 ], [ -73.77045293398173, -42.61711070478885 ], [ -73.77045265999557, -42.617117259254414 ], [ -73.770449540146572, -42.617127758958091 ], [ -73.770448796341526, -42.617141287661411 ], [ -73.770450737600868, -42.617154809090074 ], [ -73.770468453276564, -42.617210513061494 ], [ -73.77047040172242, -42.617226017668408 ], [ -73.770466488661043, -42.617236169633948 ], [ -73.770466973751297, -42.617239550316768 ], [ -73.770463249336132, -42.617258097794519 ], [ -73.77046187491375, -42.617271742816783 ], [ -73.770458149600259, -42.617290289623874 ], [ -73.770453966145979, -42.617313385203524 ], [ -73.770452784861391, -42.617337408246357 ], [ -73.770446251414327, -42.617365404929402 ], [ -73.770440611790974, -42.617378359778577 ], [ -73.770437343719962, -42.617392357120863 ], [ -73.770409668422687, -42.617470418655948 ], [ -73.770408175422688, -42.617495490742883 ], [ -73.770404278530989, -42.617509608372011 ], [ -73.770400850559867, -42.61752314161982 ], [ -73.770399469849281, -42.617534803400595 ], [ -73.77039947613747, -42.61753678658399 ], [ -73.770397915763837, -42.617542036070155 ], [ -73.77039796427286, -42.617555911740446 ], [ -73.770401739891994, -42.617598348531864 ], [ -73.770404000053247, -42.617612803278469 ], [ -73.770403622760824, -42.617641138961496 ], [ -73.770404947775873, -42.61765874430936 ], [ -73.770404558805353, -42.617683115597359 ], [ -73.770406074263235, -42.617711098242729 ], [ -73.770403577845059, -42.617719497661326 ], [ -73.770389212885348, -42.61774325414072 ], [ -73.770387359660916, -42.617755500917312 ], [ -73.770379203856464, -42.617770907551844 ], [ -73.770376706539977, -42.61777930828449 ], [ -73.770364776014688, -42.61779938595155 ], [ -73.770362278698187, -42.617807786019256 ], [ -73.770350349969533, -42.617827865660296 ], [ -73.770344563920801, -42.617844316748382 ], [ -73.770342559779394, -42.617858079971533 ], [ -73.770341815974348, -42.617871606533001 ], [ -73.770345225979156, -42.617899236750119 ], [ -73.770345918580247, -42.617916960354265 ], [ -73.770349218092278, -42.617957996781648 ], [ -73.77034926570299, -42.617971873681384 ], [ -73.770357818562815, -42.618026312321895 ], [ -73.770358705199996, -42.618054412480959 ], [ -73.770357144826349, -42.618059662584557 ], [ -73.770357351438861, -42.618074004844637 ], [ -73.770355977914789, -42.6180876496881 ], [ -73.770343220939438, -42.618142593934238 ], [ -73.770341215001423, -42.618156357091443 ], [ -73.770340839505607, -42.618184693849237 ], [ -73.770340095700575, -42.618198220339764 ], [ -73.770340662537507, -42.618225388996414 ], [ -73.770337866980356, -42.618238803760036 ], [ -73.770336180842563, -42.618253498981431 ], [ -73.770334016801044, -42.618266796071495 ], [ -73.770334065310067, -42.61828067224134 ], [ -73.770329111101276, -42.618309365911138 ], [ -73.77032762349117, -42.618336420818252 ], [ -73.770315243808227, -42.618363030164318 ], [ -73.770304914080782, -42.618389751877871 ], [ -73.770300857288959, -42.618403401940554 ], [ -73.77029537666742, -42.61841682195422 ], [ -73.770288316807594, -42.618429544555561 ], [ -73.770270184313574, -42.618482517245717 ], [ -73.770263961683625, -42.618509464987355 ], [ -73.770265948757014, -42.618536863553807 ], [ -73.770265997266037, -42.618550739002401 ], [ -73.770256454462782, -42.618608146572413 ], [ -73.770263461322003, -42.618895250394282 ], [ -73.770288536894839, -42.618896165282926 ], [ -73.770290564392425, -42.619115962259578 ], [ -73.770249392806321, -42.619116650406752 ], [ -73.770262839687817, -42.619220581035243 ], [ -73.770295877029028, -42.619354237226418 ], [ -73.770371315749941, -42.61942634759378 ], [ -73.770469927411952, -42.619407823898278 ], [ -73.770486187816914, -42.6194329355287 ], [ -73.770610748214196, -42.619625306093596 ], [ -73.77062047696873, -42.61964032952406 ], [ -73.770604638771957, -42.61965228440949 ], [ -73.770687358338265, -42.61979684546553 ], [ -73.770813644399226, -42.619997700612998 ], [ -73.770844645259686, -42.620036660020553 ], [ -73.770828343532202, -42.620275028635874 ], [ -73.770538873109999, -42.620612786014497 ], [ -73.770279822338267, -42.620827142635441 ], [ -73.77013200725321, -42.620949454174948 ], [ -73.770054865326486, -42.621015443594239 ], [ -73.769982875237943, -42.621064077769326 ], [ -73.769861569436912, -42.621153860584613 ], [ -73.769678418221844, -42.621270780191317 ], [ -73.769655035075004, -42.621248283643105 ], [ -73.769565102036964, -42.621301520987807 ], [ -73.76958702003158, -42.621332438261703 ], [ -73.769464642540427, -42.621393225707486 ], [ -73.76944793297784, -42.621404890729551 ], [ -73.769433105385744, -42.621392657230103 ], [ -73.76923281431506, -42.621507312398457 ], [ -73.769108287155433, -42.621704038605031 ], [ -73.769092674435797, -42.621712562417173 ], [ -73.769077886369573, -42.621721911837987 ], [ -73.769062273649936, -42.621730436969706 ], [ -73.769045012521758, -42.621737314847067 ], [ -73.769006609543368, -42.621750640938913 ], [ -73.768997976733473, -42.621754080207111 ], [ -73.768959621365809, -42.621762286063557 ], [ -73.768954627631132, -42.621762465198962 ], [ -73.768935426141923, -42.621769128242526 ], [ -73.768911229121443, -42.621775971081782 ], [ -73.768904828625054, -42.621778191434892 ], [ -73.768889554570265, -42.621780163245873 ], [ -73.768870935189369, -42.621783960783127 ], [ -73.768853672264555, -42.621790838654583 ], [ -73.768793155458809, -42.621795859070609 ], [ -73.768736422357051, -42.621811550925308 ], [ -73.768711983689741, -42.621814705292316 ], [ -73.7686836166897, -42.621822550887288 ], [ -73.768649092636707, -42.621836307281939 ], [ -73.768630471459176, -42.621840104154735 ], [ -73.768607924643845, -42.621848595558511 ], [ -73.768587850890512, -42.621859555853042 ], [ -73.76856923061132, -42.621863353385436 ], [ -73.768458824967951, -42.621923637941784 ], [ -73.76843627815262, -42.621932126690098 ], [ -73.768146323538488, -42.62209044738465 ], [ -73.768137691626904, -42.622093885973023 ], [ -73.768048475444473, -42.622142600610239 ], [ -73.768034267689941, -42.622149084478835 ], [ -73.76797962227289, -42.622178921238508 ], [ -73.767961001993683, -42.622182719412436 ], [ -73.76791750736426, -42.622206468239931 ], [ -73.767862375958629, -42.622228927425269 ], [ -73.767838956879174, -42.62224171468776 ], [ -73.767787169901354, -42.622262348148183 ], [ -73.767760403699171, -42.622276961115702 ], [ -73.76773785598553, -42.622285450476816 ], [ -73.767714436906061, -42.62229823838873 ], [ -73.767689998238765, -42.62230139273111 ], [ -73.767666578260986, -42.622314179978723 ], [ -73.767618137507611, -42.62233298572194 ], [ -73.767612560766324, -42.62233602967386 ], [ -73.767606160269935, -42.622338251329012 ], [ -73.767600585325283, -42.622341295280698 ], [ -73.767569405700073, -42.622353225190153 ], [ -73.767561598441958, -42.622357486721427 ], [ -73.767556604707295, -42.622357666516123 ], [ -73.767541038700031, -42.622361070717233 ], [ -73.767516599134424, -42.62236422439544 ], [ -73.767459866032638, -42.622379914784837 ], [ -73.767435425568721, -42.622383068462078 ], [ -73.767409532528958, -42.622393385500239 ], [ -73.767390911351441, -42.622397183000068 ], [ -73.767369526057792, -42.622399942714772 ], [ -73.767350906676896, -42.622403740875207 ], [ -73.767344214228032, -42.622407395596397 ], [ -73.767336698922364, -42.622410224055635 ], [ -73.767328358064944, -42.62241222955808 ], [ -73.76731972795001, -42.622415668789685 ], [ -73.767302999522798, -42.622424801954914 ], [ -73.767295483318819, -42.622427633057399 ], [ -73.767287676958986, -42.622431894583585 ], [ -73.767247866320531, -42.622447262383524 ], [ -73.767224447241091, -42.622460049601187 ], [ -73.767215815329521, -42.622463488169181 ], [ -73.767173437305999, -42.622486625456638 ], [ -73.767150889592358, -42.622495116772193 ], [ -73.767136391681987, -42.622503031687273 ], [ -73.767127760668757, -42.622506470913926 ], [ -73.767106570309522, -42.622518040542225 ], [ -73.767084022595867, -42.622526531192513 ], [ -73.767070640393086, -42.622533837976199 ], [ -73.767063125087432, -42.622536667751703 ], [ -73.767051972503182, -42.622542756957507 ], [ -73.767010756001298, -42.622560164600181 ], [ -73.767002948743169, -42.622564427439329 ], [ -73.766980401927853, -42.622572916761264 ], [ -73.766972595568035, -42.622577179599517 ], [ -73.766938070616717, -42.622590935166443 ], [ -73.766929730657623, -42.622592940663054 ], [ -73.76691581305893, -42.622597991420733 ], [ -73.766902721011974, -42.622603865793174 ], [ -73.766847344366283, -42.622622636415485 ], [ -73.766841234924044, -42.62262342367498 ], [ -73.766835950135217, -42.622625036532327 ], [ -73.766827027169498, -42.622629908815547 ], [ -73.766816457591872, -42.622633132546845 ], [ -73.76680753552445, -42.622638003507383 ], [ -73.766790563653799, -42.622643448221538 ], [ -73.76676966524704, -42.622653584761672 ], [ -73.766764379559902, -42.622655197618251 ], [ -73.766747942186825, -42.622662898346817 ], [ -73.766734025486457, -42.622667949098847 ], [ -73.766700419511679, -42.622672284641297 ], [ -73.76669207955257, -42.622674292118333 ], [ -73.766654791383445, -42.622687007900659 ], [ -73.766639515532049, -42.622688979682863 ], [ -73.766630885417101, -42.622692417577213 ], [ -73.766585059659519, -42.622698330940104 ], [ -73.766563626755158, -42.622706211457022 ], [ -73.766545831129378, -42.622710833212501 ], [ -73.76650660259925, -42.622723334821416 ], [ -73.766484054885609, -42.622731824121672 ], [ -73.766479592953601, -42.622734259928635 ], [ -73.766463736790499, -42.622739096508958 ], [ -73.766446474763995, -42.622745973613902 ], [ -73.766424217206222, -42.62275303051166 ], [ -73.766405886184529, -42.622755394268147 ], [ -73.766392261436607, -42.622759013935401 ], [ -73.766383630423363, -42.622762451825857 ], [ -73.766368356368588, -42.622764424266691 ], [ -73.766353614116454, -42.622768650736496 ], [ -73.766344983103224, -42.622772088626427 ], [ -73.766276562021275, -42.622791612744123 ], [ -73.766259299994786, -42.622798491165291 ], [ -73.766244025041686, -42.622800460960967 ], [ -73.766235394028442, -42.622803900171128 ], [ -73.766203679905644, -42.622813571998563 ], [ -73.766161638750347, -42.62283015661442 ], [ -73.766153832390515, -42.62283441811303 ], [ -73.766129392824908, -42.622837571767235 ], [ -73.766103497988539, -42.622847888069067 ], [ -73.766089001874789, -42.622855804922324 ], [ -73.766064560512532, -42.622858957914467 ], [ -73.766056754152729, -42.622863220072112 ], [ -73.766040606037166, -42.622869488378207 ], [ -73.76602198665627, -42.622873286510021 ], [ -73.766007487847588, -42.62288120203803 ], [ -73.76600220216045, -42.622882812905701 ], [ -73.765989934766935, -42.622889513506628 ], [ -73.765982418562956, -42.622892341282935 ], [ -73.765975727012403, -42.622895995975426 ], [ -73.765953179298776, -42.622904483930149 ], [ -73.765935627116434, -42.622912794734624 ], [ -73.765928934667585, -42.622916448103922 ], [ -73.765921417565281, -42.622919277862046 ], [ -73.765891306036963, -42.62293571768987 ], [ -73.765882675922015, -42.622939156892606 ], [ -73.765874869562197, -42.622943418383755 ], [ -73.765866237650641, -42.622946856925054 ], [ -73.765858431290809, -42.622951119076696 ], [ -73.765849799379254, -42.622954558939554 ], [ -73.76581857304167, -42.622971608203258 ], [ -73.765809941130087, -42.622975046081969 ], [ -73.76579432751214, -42.622983571703088 ], [ -73.765778761504905, -42.622986975209002 ], [ -73.765770955145072, -42.622991237357887 ], [ -73.765762325030153, -42.622994675896521 ], [ -73.765738903255738, -42.62300746300177 ], [ -73.765730272242493, -42.623010901539509 ], [ -73.765714706235244, -42.623014305043903 ], [ -73.765706075222013, -42.623017743581258 ], [ -73.765678194210523, -42.623032965155019 ], [ -73.765669561400657, -42.623036404352355 ], [ -73.765662871646725, -42.623040057714398 ], [ -73.765654239735156, -42.623043497572354 ], [ -73.765646433375338, -42.623047759056355 ], [ -73.765615253750141, -42.623059687508452 ], [ -73.765607446491998, -42.62306394899138 ], [ -73.765599930288019, -42.623066778742789 ], [ -73.765593240534102, -42.623070432103034 ], [ -73.765586837342752, -42.623072652409959 ], [ -73.765582378105677, -42.623075088203592 ], [ -73.765577090621932, -42.623076700388239 ], [ -73.765565938037668, -42.623082789541222 ], [ -73.765547318656772, -42.623086588321023 ], [ -73.765538686745217, -42.623090025532399 ], [ -73.76552307312727, -42.623098549815779 ], [ -73.7655144412157, -42.623101988348481 ], [ -73.765498877005086, -42.623105391847908 ], [ -73.765481614978597, -42.62311226957339 ], [ -73.765431860888256, -42.6231228740265 ], [ -73.765415131562719, -42.623132007748964 ], [ -73.765393747167394, -42.623134767431097 ], [ -73.765328428866454, -42.623148774055437 ], [ -73.76531979695487, -42.623152211924371 ], [ -73.765291429954829, -42.623160058011784 ], [ -73.765260298838669, -42.623166863682087 ], [ -73.76525278263469, -42.623169694089782 ], [ -73.765234451612997, -42.623172059152481 ], [ -73.765226644354868, -42.623176320627735 ], [ -73.765211078347619, -42.62317972478408 ], [ -73.765164043457659, -42.62319648843367 ], [ -73.76514847745041, -42.623199892588929 ], [ -73.765123699219941, -42.623209598726888 ], [ -73.765108132314367, -42.62321300222041 ], [ -73.765100325954563, -42.623217263692837 ], [ -73.765049653785994, -42.623237286726386 ], [ -73.765041845629568, -42.62324154951915 ], [ -73.765019297915927, -42.623250038087747 ], [ -73.765012606365374, -42.623253691437256 ], [ -73.764996459148151, -42.623259960365004 ], [ -73.764989767597598, -42.62326361437492 ], [ -73.764958587972387, -42.62327554080268 ], [ -73.764943021965166, -42.623278944292593 ], [ -73.764934390053583, -42.623282383476372 ], [ -73.764925467986188, -42.623287254386099 ], [ -73.764917951782223, -42.623290084788351 ], [ -73.764910144524066, -42.623294346255506 ], [ -73.764886238557736, -42.623299755879238 ], [ -73.764879547007183, -42.623303408564823 ], [ -73.764874261320045, -42.623305020743565 ], [ -73.764805986663518, -42.623338474599812 ], [ -73.764797355650245, -42.623341912458287 ], [ -73.764777280998601, -42.623352872489953 ], [ -73.764768649087046, -42.623356312330607 ], [ -73.764760842727227, -42.623360573793207 ], [ -73.764745277618289, -42.623363977939484 ], [ -73.764738585169425, -42.623367631282292 ], [ -73.764729954156167, -42.623371069139147 ], [ -73.764713223932318, -42.623380202825246 ], [ -73.764695961905815, -42.623387079859356 ], [ -73.764670891722872, -42.623398220335744 ], [ -73.764655615871462, -42.62340019011242 ], [ -73.764640050762537, -42.623403594256558 ], [ -73.764631418850982, -42.623407032111423 ], [ -73.764622496783574, -42.623411903011402 ], [ -73.764554608402619, -42.623433682255445 ], [ -73.764545978287686, -42.623437120108662 ], [ -73.76449622419733, -42.623447723845452 ], [ -73.7644875931841, -42.623451163680862 ], [ -73.764472027176851, -42.623454565178221 ], [ -73.764455879959613, -42.623460834085748 ], [ -73.764448073599794, -42.623465097524182 ], [ -73.76443221653841, -42.623469932064751 ], [ -73.764427755504698, -42.623472367842837 ], [ -73.764409134327181, -42.623476165276863 ], [ -73.76437795380366, -42.623488092324855 ], [ -73.764373492769963, -42.623490528102231 ], [ -73.764368207082853, -42.623492138293152 ], [ -73.764361516430597, -42.623495793611418 ], [ -73.764331452512991, -42.623507111876769 ], [ -73.764322529547258, -42.623511982768918 ], [ -73.764313896737391, -42.623515421939814 ], [ -73.764298331628467, -42.623518824755628 ], [ -73.76425517476558, -42.623536018623248 ], [ -73.76423960786002, -42.623539420776943 ], [ -73.764232918106117, -42.623543074770424 ], [ -73.764217351200543, -42.623546476923735 ], [ -73.764209543044103, -42.623550740356322 ], [ -73.764175018991111, -42.623564494386152 ], [ -73.764158288767248, -42.623573628043829 ], [ -73.764149657754004, -42.623577066550297 ], [ -73.7641262368779, -42.623589852874964 ], [ -73.764108973953086, -42.623596729885918 ], [ -73.764101166694957, -42.623600991993051 ], [ -73.764092534783387, -42.623604429837023 ], [ -73.764076968776138, -42.623607833969992 ], [ -73.764068337762907, -42.623611271813559 ], [ -73.764049716585362, -42.623615069239136 ], [ -73.764040794517982, -42.623619940122836 ], [ -73.764035507932533, -42.623621552293386 ], [ -73.763989247390342, -42.62364426016385 ], [ -73.763983962601529, -42.6236458716728 ], [ -73.763956662800041, -42.623658228996788 ], [ -73.763929071944389, -42.623672018696659 ], [ -73.763920440032834, -42.623675457197685 ], [ -73.763903710707282, -42.623684590178108 ], [ -73.763895078795741, -42.623688029339448 ], [ -73.763887272435923, -42.623692290779353 ], [ -73.763878641422664, -42.62369573060127 ], [ -73.763863075415429, -42.623699132085243 ], [ -73.763840526803477, -42.623707621913468 ], [ -73.763820452151819, -42.623718581880738 ], [ -73.76381516466806, -42.623720194048715 ], [ -73.763808474015832, -42.623723847370613 ], [ -73.763802072621104, -42.62372606765426 ], [ -73.76379315055371, -42.623730938529306 ], [ -73.763775886730571, -42.623737816185688 ], [ -73.763758091104805, -42.623742436542585 ], [ -73.763738646172158, -42.623745410360122 ], [ -73.763724194974188, -42.6237482043868 ], [ -73.763702809680524, -42.623750963380637 ], [ -73.76369752309509, -42.623752575547776 ], [ -73.763652522889231, -42.623759310426841 ], [ -73.76361586084586, -42.623764039846336 ], [ -73.763577551292258, -42.623767122727003 ], [ -73.763557572760334, -42.623767840567531 ], [ -73.76351703268989, -42.623772139017696 ], [ -73.763498411512359, -42.623775936433447 ], [ -73.763440120731872, -42.623779736492935 ], [ -73.763437939622378, -42.623775831996248 ], [ -73.763431828383489, -42.623776620563156 ], [ -73.763393276284759, -42.623776014430831 ], [ -73.763374993772089, -42.623773257421121 ], [ -73.763299053791258, -42.623766314330148 ], [ -73.763261372160017, -42.623761411069118 ], [ -73.763223402169587, -42.623757938862077 ], [ -73.763190620848235, -42.62376309660646 ], [ -73.763164483466753, -42.6237697237422 ], [ -73.763147511596074, -42.623775167696387 ], [ -73.763131897079802, -42.623783692546944 ], [ -73.763115457011779, -42.623791392474949 ], [ -73.763021773507447, -42.623842537581574 ], [ -73.763011396169276, -42.623854572301418 ], [ -73.762962323900254, -42.623881362384559 ], [ -73.762945352029604, -42.62388680765099 ], [ -73.762925663653519, -42.623886092455791 ], [ -73.762867956777967, -42.623887025778899 ], [ -73.762791431993861, -42.623882946786601 ], [ -73.76277203467194, -42.623880800539858 ], [ -73.762734645891499, -42.623874462931255 ], [ -73.762714957515414, -42.623873747735907 ], [ -73.762677276782512, -42.623868843161354 ], [ -73.762657588406427, -42.623868127965949 ], [ -73.762651477167537, -42.623868915870666 ], [ -73.762612682523695, -42.623864620071174 ], [ -73.762586302597057, -42.6238675575282 ], [ -73.762566322268498, -42.623868274706588 ], [ -73.762527526726331, -42.623863979568071 ], [ -73.762521417284077, -42.623864767472838 ], [ -73.762502019063831, -42.623862619903463 ], [ -73.762462642311661, -42.623861189512532 ], [ -73.762443779487327, -42.623861297915532 ], [ -73.762407117443956, -42.623866026666271 ], [ -73.762388496266439, -42.623869824076301 ], [ -73.762350721210424, -42.623875162262713 ], [ -73.762297330739813, -42.623889023962839 ], [ -73.762278999718134, -42.623891388337213 ], [ -73.762255092853479, -42.62389679790909 ], [ -73.762238120084504, -42.623902241191189 ], [ -73.762220856261365, -42.623909118167639 ], [ -73.762186913418361, -42.623920006051172 ], [ -73.762169649595236, -42.623926883025689 ], [ -73.762136773052475, -42.623942284167278 ], [ -73.762064277212417, -42.623981861117763 ], [ -73.762047838042704, -42.623989561682237 ], [ -73.761922924607489, -42.624057753609357 ], [ -73.761888882949805, -42.624078884855642 ], [ -73.761873269331858, -42.624087409003629 ], [ -73.761809647948482, -42.624127235055511 ], [ -73.761776769609085, -42.624142634825574 ], [ -73.761758924575958, -42.624152376510068 ], [ -73.761735551310608, -42.624160043342926 ], [ -73.761717997331615, -42.62416835133584 ], [ -73.76170102366433, -42.624173795916157 ], [ -73.761685410046383, -42.624182319390172 ], [ -73.761668147121554, -42.624189196996682 ], [ -73.761581492036001, -42.624230133446794 ], [ -73.761566701274845, -42.624239481828553 ], [ -73.761554674629807, -42.624249867962995 ], [ -73.761525095802455, -42.624268562736255 ], [ -73.761508364680296, -42.624277695629658 ], [ -73.761490569054516, -42.624282317268502 ], [ -73.76147359538723, -42.624287761177854 ], [ -73.761417730956339, -42.624299150686049 ], [ -73.76140075908566, -42.624304595254969 ], [ -73.76138349616086, -42.624311472186974 ], [ -73.761367881644588, -42.624319995642132 ], [ -73.76136288611329, -42.624320176092148 ], [ -73.761345185708933, -42.624314554379538 ], [ -73.761328600113842, -42.624308323895328 ], [ -73.761323315325029, -42.624309934726078 ], [ -73.761281901193783, -42.624318530890221 ], [ -73.761275453985007, -42.624325873157012 ], [ -73.761274289768409, -42.624331602609793 ], [ -73.761268616009076, -42.624344889808995 ], [ -73.761256590262363, -42.624355276586854 ], [ -73.761241799501192, -42.624364623627869 ], [ -73.761226184984935, -42.624373148397716 ], [ -73.761212316793575, -42.624373075688965 ], [ -73.761190494020369, -42.624363336682954 ], [ -73.761172791819391, -42.624357713652273 ], [ -73.76115446259432, -42.624360078669831 ], [ -73.761138848078062, -42.624368603440317 ], [ -73.761126822331349, -42.624378988892211 ], [ -73.761112031570207, -42.624388336590663 ], [ -73.761096417053921, -42.624396859374293 ], [ -73.761081627191103, -42.624406207731049 ], [ -73.761070426996127, -42.624417417428823 ], [ -73.761060049657971, -42.624429451376564 ], [ -73.761048846768063, -42.624440660409171 ], [ -73.76100447717954, -42.624468704133463 ], [ -73.760856138376695, -42.624549681002243 ], [ -73.760842219879692, -42.624554730940204 ], [ -73.760825491452451, -42.624563864452625 ], [ -73.760795668283322, -42.624578870827783 ], [ -73.760790091542049, -42.624581915330886 ], [ -73.760784805854925, -42.624583527476524 ], [ -73.760769191338639, -42.62459205023346 ], [ -73.760736313897567, -42.624607450549533 ], [ -73.76072069848297, -42.624615974625129 ], [ -73.760687820143573, -42.624631374935298 ], [ -73.760667744593604, -42.624642334078956 ], [ -73.760651304525595, -42.624650033900757 ], [ -73.760557617427992, -42.624701178301983 ], [ -73.760542826666835, -42.624710525291043 ], [ -73.760527212150564, -42.624719048691574 ], [ -73.760513246042848, -42.624729220586929 ], [ -73.760486963134269, -42.624751209563236 ], [ -73.760475762040983, -42.624762419859877 ], [ -73.76047008828165, -42.624775706967149 ], [ -73.760459710943479, -42.624787740184608 ], [ -73.760451273966339, -42.6247999882196 ], [ -73.760514378818414, -42.625075336365171 ], [ -73.760477869488639, -42.625123213190058 ], [ -73.760477043936902, -42.625127278881479 ], [ -73.760472194830982, -42.62514138883143 ], [ -73.760469382205827, -42.625145471707157 ], [ -73.76046453309992, -42.625159582974952 ], [ -73.760457744531337, -42.625173477438096 ], [ -73.760453042749134, -42.625201518849359 ], [ -73.760447369888112, -42.625214805862889 ], [ -73.760442667207613, -42.625242847255507 ], [ -73.760445867904963, -42.625256384110337 ], [ -73.760456294650453, -42.625268523652565 ], [ -73.760454453104131, -42.62528736155231 ], [ -73.760450720604112, -42.62530086402657 ], [ -73.760439374882083, -42.625327436025437 ], [ -73.760431760761719, -42.625340508194157 ], [ -73.76042041503969, -42.625367080837073 ], [ -73.76041197806255, -42.625379330741012 ], [ -73.760404363942214, -42.625392401576875 ], [ -73.760395926965046, -42.625404649492893 ], [ -73.760389138396448, -42.625418544562301 ], [ -73.760384289290556, -42.62543265444625 ], [ -73.760381526971045, -42.625460911880225 ], [ -73.760386668029412, -42.625474662844148 ], [ -73.76040752331707, -42.625498943823985 ], [ -73.760413924711784, -42.625526018080322 ], [ -73.760416011498165, -42.625540163632607 ], [ -73.760422414689515, -42.62556723787101 ], [ -73.760431725727443, -42.62557998743322 ], [ -73.760454811531929, -42.625603049533183 ], [ -73.760474112734116, -42.62561544017845 ], [ -73.760489292465792, -42.625623711623504 ], [ -73.76049971921131, -42.625635852416018 ], [ -73.760505782839459, -42.625669480178104 ], [ -73.76050689944536, -42.625698166477029 ], [ -73.760514854027207, -42.625707836532868 ], [ -73.760527511289553, -42.625718757811512 ], [ -73.760544921538084, -42.625725812389348 ], [ -73.760562622840752, -42.625731433974558 ], [ -73.760579208435843, -42.625737664316361 ], [ -73.760594388167519, -42.625745937067094 ], [ -73.760607045429879, -42.625756860321957 ], [ -73.760612185589935, -42.625770610559542 ], [ -73.760609277743342, -42.625784936502029 ], [ -73.760609425067045, -42.625798867840118 ], [ -73.760613451316146, -42.62581322814674 ], [ -73.760622762354075, -42.625825976997547 ], [ -73.760634304807155, -42.625837508333547 ], [ -73.760654383052085, -42.625855843721816 ], [ -73.760658795576759, -42.625858530576188 ], [ -73.760679406522627, -42.625879121857643 ], [ -73.760706954259135, -42.625899747502807 ], [ -73.760721842936647, -42.625909453219855 ], [ -73.760734500198993, -42.625920375785071 ], [ -73.760748565121403, -42.625929257266776 ], [ -73.760761222383763, -42.625940179167536 ], [ -73.760765635806749, -42.625942864696334 ], [ -73.760768934420469, -42.625946160302036 ], [ -73.760804239109461, -42.625967646510055 ], [ -73.760820534548714, -42.625975310475503 ], [ -73.760839350660646, -42.625980322622439 ], [ -73.76087334740258, -42.625993607486812 ], [ -73.760891339759397, -42.625997796723041 ], [ -73.760925334704723, -42.626011081583691 ], [ -73.760939109471266, -42.62602139669869 ], [ -73.760945365338912, -42.626034539445548 ], [ -73.760947451226997, -42.626048684882292 ], [ -73.760947744976107, -42.6260765474373 ], [ -73.760950946571768, -42.626090084110814 ], [ -73.760957202439414, -42.626103227504167 ], [ -73.760967629184904, -42.626115367542226 ], [ -73.7609861075303, -42.626126933855986 ], [ -73.76099764908507, -42.626138465136243 ], [ -73.761010308144051, -42.626149387000311 ], [ -73.76102073488957, -42.626161528351282 ], [ -73.761028931118204, -42.626174885222675 ], [ -73.761039067707884, -42.62618845822815 ], [ -73.761052793067122, -42.626203893180659 ], [ -73.7610579350238, -42.626217644641407 ], [ -73.761064338215149, -42.626244719246138 ], [ -73.761071710688668, -42.626257252532866 ], [ -73.761078306119501, -42.626263842388866 ], [ -73.761085678593034, -42.626276376993694 ], [ -73.761097221046114, -42.626287907585265 ], [ -73.761102362104481, -42.626301659027469 ], [ -73.761101539247676, -42.62633013088152 ], [ -73.761103625135775, -42.62634427625111 ], [ -73.761112937072014, -42.626357024332229 ], [ -73.761124480423419, -42.626368557552745 ], [ -73.761138545345801, -42.626377436326656 ], [ -73.761155130940892, -42.626383667925715 ], [ -73.761157847446327, -42.626389828139715 ], [ -73.761141893366869, -42.626404906120129 ], [ -73.761127101707416, -42.626414253514369 ], [ -73.761115075960703, -42.626424639946968 ], [ -73.761106639881874, -42.626436887659885 ], [ -73.761107658571404, -42.626446521908782 ], [ -73.761117794262759, -42.62646009419408 ], [ -73.76112822190656, -42.626472234162527 ], [ -73.761140880965556, -42.62648315728994 ], [ -73.761154944091317, -42.626492037369424 ], [ -73.761171529686408, -42.626498268296061 ], [ -73.761189521144928, -42.626502457498319 ], [ -73.76120780635253, -42.626505214387166 ], [ -73.761211442732801, -42.626501955164208 ], [ -73.761216437365775, -42.626501776042417 ], [ -73.76123472077677, -42.626504532931314 ], [ -73.761251305473522, -42.626510764517647 ], [ -73.761266487001848, -42.626519035843756 ], [ -73.761270560861647, -42.626528275483416 ], [ -73.761272647648056, -42.626542422129923 ], [ -73.76127182389294, -42.626570891890985 ], [ -73.761275025488601, -42.626584429778966 ], [ -73.761285454030741, -42.626596569062166 ], [ -73.761308149966396, -42.62660201144724 ], [ -73.761326480988075, -42.626599647836755 ], [ -73.761338363902667, -42.626604624902335 ], [ -73.7613405459105, -42.626608529221592 ], [ -73.761350972656004, -42.626620669161085 ], [ -73.761367268095242, -42.626628331724191 ], [ -73.761385551506223, -42.626631090590372 ], [ -73.761404706283031, -42.626629548559983 ], [ -73.761409168215053, -42.62662711290546 ], [ -73.761426141882339, -42.626621668539684 ], [ -73.761431136515313, -42.626621489418248 ], [ -73.761448837817994, -42.626627111583517 ], [ -73.761486764689295, -42.626664999385603 ], [ -73.761487832786159, -42.626669512449062 ], [ -73.761499373442618, -42.626681043628786 ], [ -73.761508686277168, -42.626693792301921 ], [ -73.761507136683306, -42.626711196801061 ], [ -73.761503549710369, -42.626738630094266 ], [ -73.761505730819877, -42.626742533083188 ], [ -73.761501126954059, -42.626760332163727 ], [ -73.761493512833695, -42.626773404031546 ], [ -73.761489051799998, -42.62677583968037 ], [ -73.761461120482863, -42.626796181475399 ], [ -73.761450742246396, -42.626808214963354 ], [ -73.761446962135679, -42.626826838245329 ], [ -73.761445992853496, -42.62684137809655 ], [ -73.761441290172968, -42.626869419417488 ], [ -73.761430912834811, -42.626881452230251 ], [ -73.761416945828771, -42.626891625094252 ], [ -73.761405743837173, -42.626902834344484 ], [ -73.761390954872653, -42.626912182324915 ], [ -73.761359724043487, -42.626929229843839 ], [ -73.761343283975478, -42.626936930043748 ], [ -73.761326310308192, -42.626942374381933 ], [ -73.761309870240169, -42.626950074580186 ], [ -73.761294255723911, -42.626958598996026 ], [ -73.761280290514506, -42.626968769864526 ], [ -73.761269913176335, -42.626980802658096 ], [ -73.761269039115561, -42.626985100886415 ], [ -73.761283881080686, -42.626999926896644 ], [ -73.761294307826191, -42.627012066098857 ], [ -73.761309051874946, -42.627037135004684 ], [ -73.761329908060901, -42.627061416697039 ], [ -73.761341450513981, -42.62707294648223 ], [ -73.761348822987529, -42.627085480924137 ], [ -73.761353964045909, -42.627099232190162 ], [ -73.761363276880445, -42.62711198077762 ], [ -73.761378456612121, -42.627120253345765 ], [ -73.761395043105523, -42.627126484209505 ], [ -73.761407702164504, -42.627137406561168 ], [ -73.761413958032136, -42.627150549072411 ], [ -73.761417983382927, -42.627164909728208 ], [ -73.761424241047195, -42.627178053555532 ], [ -73.761433553881744, -42.627190802126883 ], [ -73.761445096334853, -42.62720233321005 ], [ -73.761452468808372, -42.627214866964955 ], [ -73.761451595645909, -42.627219164516141 ], [ -73.761453488396228, -42.627224501093451 ], [ -73.761452666437734, -42.627252971864458 ], [ -73.761451697155536, -42.627267511616168 ], [ -73.761459068730773, -42.627280046018889 ], [ -73.761471725993118, -42.627290967682661 ], [ -73.76148831248652, -42.627297199190274 ], [ -73.761502377408917, -42.627306079814602 ], [ -73.761514500173689, -42.627315157402919 ], [ -73.761546511638841, -42.627332937812938 ], [ -73.761558054091921, -42.627344468869786 ], [ -73.761568480837425, -42.627356609326718 ], [ -73.761614653344722, -42.627402733523716 ], [ -73.761628766776127, -42.62740649370447 ], [ -73.761647874840548, -42.627410073443876 ], [ -73.76166416938149, -42.627417737231696 ], [ -73.761676827542161, -42.62742866019321 ], [ -73.761680030036146, -42.627442195911797 ], [ -73.761686286802089, -42.627455339019654 ], [ -73.7617003517245, -42.627464220282363 ], [ -73.761716938217901, -42.62747045045073 ], [ -73.761735756126484, -42.627475464460154 ], [ -73.761752342619886, -42.627481694627399 ], [ -73.761770625132542, -42.62748445147291 ], [ -73.761789200495983, -42.627485776027733 ], [ -73.76179671490334, -42.627482947138127 ], [ -73.761814514122378, -42.627478325736909 ], [ -73.761851757375752, -42.627470732017834 ], [ -73.761870913949181, -42.627469191330199 ], [ -73.761889246767495, -42.627466826430748 ], [ -73.7619070432916, -42.627462207011192 ], [ -73.761924017857197, -42.627456762057527 ], [ -73.761970863202635, -42.627431189011219 ], [ -73.761988126127463, -42.627424312423813 ], [ -73.762003742440356, -42.627415788732733 ], [ -73.762023188271314, -42.627412815090558 ], [ -73.76204176273643, -42.627414140307856 ], [ -73.762060628255711, -42.627414031250069 ], [ -73.762098600941101, -42.627417502592252 ], [ -73.762117223915254, -42.627413706720539 ], [ -73.762134196684229, -42.62740826308454 ], [ -73.762151461405679, -42.627401385833643 ], [ -73.76216843417464, -42.627395942196578 ], [ -73.762185892932209, -42.627397875494147 ], [ -73.762203594234876, -42.627403496928345 ], [ -73.762221587490018, -42.62740768606966 ], [ -73.76227299537878, -42.627428024353456 ], [ -73.76228706030119, -42.62743690562008 ], [ -73.762314607139359, -42.627457532071013 ], [ -73.762327266198355, -42.627468455025578 ], [ -73.762361895354232, -42.627503047453409 ], [ -73.762375669222493, -42.62751336166022 ], [ -73.762378967836199, -42.627516655860852 ], [ -73.762405738529992, -42.627531338317262 ], [ -73.762419513296564, -42.627541651858436 ], [ -73.762431055749644, -42.627553182876589 ], [ -73.762451911935599, -42.627577462384771 ], [ -73.7624749977401, -42.627600524405757 ], [ -73.762503127584893, -42.627618286227523 ], [ -73.762515786643874, -42.627629208492898 ], [ -73.762538872448346, -42.6276522704947 ], [ -73.76254818618122, -42.627665019629873 ], [ -73.762551386878584, -42.627678556618925 ], [ -73.762547653480269, -42.627692057913606 ], [ -73.762542610338258, -42.627697358758908 ], [ -73.762542439658375, -42.627705848702803 ], [ -73.76271008684995, -42.627883611140419 ], [ -73.762727497996778, -42.627890665472947 ], [ -73.762741562020864, -42.6278995460126 ], [ -73.762764649621971, -42.62792260857519 ], [ -73.76277396155821, -42.627935356994058 ], [ -73.762774108881914, -42.627949288511807 ], [ -73.762769407099725, -42.627977329994593 ], [ -73.762765677294666, -42.628020125849389 ], [ -73.762767764081062, -42.628034272156839 ], [ -73.762784253556418, -42.628050745003378 ], [ -73.762794682098558, -42.62806288466161 ], [ -73.762803994933122, -42.62807563437363 ], [ -73.762805112437334, -42.628104320224715 ], [ -73.762808897039605, -42.62811499124426 ], [ -73.762810305597981, -42.628142245462719 ], [ -73.762810452023373, -42.628156176273215 ], [ -73.762812538809783, -42.62817032188881 ], [ -73.762815740405443, -42.628183858768018 ], [ -73.762821998069711, -42.628197001719293 ], [ -73.762819089324822, -42.628211326442432 ], [ -73.762818121839274, -42.628225867292173 ], [ -73.762811332372337, -42.628239761731884 ], [ -73.762799305727327, -42.628250149181774 ], [ -73.762789997384345, -42.628266695336308 ], [ -73.762777969841011, -42.628277080798888 ], [ -73.76276400463162, -42.628287252112891 ], [ -73.762748389217023, -42.62829577634561 ], [ -73.762737186327115, -42.628306986003949 ], [ -73.762740341210389, -42.628325644528658 ], [ -73.762745484065391, -42.628339396181666 ], [ -73.762744194084632, -42.62834574457181 ], [ -73.762764062123779, -42.628399310286035 ], [ -73.76276920408047, -42.628413062583675 ], [ -73.76277240657447, -42.628426598088225 ], [ -73.762763920189983, -42.628443968394677 ], [ -73.762754367505238, -42.628456825101757 ], [ -73.762742341758539, -42.628467211854471 ], [ -73.762728374752484, -42.628477382476461 ], [ -73.762723913718787, -42.628479818719569 ], [ -73.762711887073763, -42.628490204146551 ], [ -73.762703450096623, -42.628502453435928 ], [ -73.762695837772895, -42.628515524937903 ], [ -73.762687400795755, -42.628527773561352 ], [ -73.762677022559288, -42.628539806053588 ], [ -73.762650594123613, -42.628577160631664 ], [ -73.762639393030341, -42.628588369578402 ], [ -73.762618638354027, -42.628612437180884 ], [ -73.762609085669283, -42.628625294514123 ], [ -73.762600405248691, -42.628633854391474 ], [ -73.762590270455675, -42.628649576247909 ], [ -73.762580717770931, -42.628662434234407 ], [ -73.762565492225178, -42.628688577829408 ], [ -73.762557054349713, -42.628700825757839 ], [ -73.762534214683626, -42.628740041452502 ], [ -73.76252369451332, -42.628767438821669 ], [ -73.76251996111499, -42.628780940541091 ], [ -73.762509438249765, -42.628808337892245 ], [ -73.762506627421246, -42.628812419866527 ], [ -73.762499546900173, -42.628827748417834 ], [ -73.762491934576445, -42.628840820512465 ], [ -73.762480732584862, -42.628852030733611 ], [ -73.762466766477132, -42.628862201292698 ], [ -73.762437184056523, -42.62888089732462 ], [ -73.762428747079369, -42.628893147198021 ], [ -73.762418225112441, -42.628920543177927 ], [ -73.762410611890417, -42.628933614592114 ], [ -73.762391360095549, -42.628945397831508 ], [ -73.762374094475803, -42.628952274911825 ], [ -73.762348732340385, -42.628964845987952 ], [ -73.762331466720624, -42.628971723066101 ], [ -73.762314493951649, -42.628977167226331 ], [ -73.762295870079171, -42.628980963663622 ], [ -73.762278072656756, -42.628985584953291 ], [ -73.762257170656724, -42.628995721121711 ], [ -73.762242378997257, -42.629005068126929 ], [ -73.76223166389255, -42.629023655721902 ], [ -73.762225990133217, -42.629036942580562 ], [ -73.762214011098891, -42.629042207620628 ], [ -73.762167986813637, -42.629039309403176 ], [ -73.76216352667825, -42.629041744302405 ], [ -73.762145175893636, -42.629057589651381 ], [ -73.762114252288299, -42.629338827070626 ], [ -73.761757606747452, -42.62976264807903 ], [ -73.761227991496966, -42.630099194719392 ], [ -73.760992967065818, -42.630227210343946 ], [ -73.760828113634759, -42.630377950286316 ], [ -73.760830355829711, -42.630385949458535 ], [ -73.76082856099579, -42.630399664966426 ], [ -73.760821919750882, -42.630427491866783 ], [ -73.760824102657011, -42.630431394624416 ], [ -73.760835646008431, -42.630442925768207 ], [ -73.760849420775003, -42.630453238826966 ], [ -73.760882593761792, -42.630465701208422 ], [ -73.760897774391793, -42.63047397333083 ], [ -73.760930366168608, -42.630489300812044 ], [ -73.760941910418325, -42.630500831945078 ], [ -73.760955684286586, -42.630511145655163 ], [ -73.76096499622281, -42.630523894204806 ], [ -73.760970139077799, -42.630537645372158 ], [ -73.760968345142189, -42.630551362168497 ], [ -73.760977949030888, -42.630562677829204 ], [ -73.760983477263139, -42.630564755109617 ], [ -73.761020869636852, -42.630571092698041 ], [ -73.761038281681991, -42.630578146726023 ], [ -73.761052347502712, -42.630587027543172 ], [ -73.761065005663383, -42.630597950609463 ], [ -73.761076549913099, -42.630609481722395 ], [ -73.761083922386646, -42.630622016774026 ], [ -73.761087948635748, -42.630636377289832 ], [ -73.761093089694128, -42.630650128432322 ], [ -73.761093236119521, -42.630664059342507 ], [ -73.761089504517827, -42.630677561311465 ], [ -73.761072626970261, -42.630702056383164 ], [ -73.761061424978664, -42.630713266269105 ], [ -73.761007883591105, -42.630742491537909 ], [ -73.761003130604948, -42.630746359907945 ], [ -73.760988338945467, -42.630755706650248 ], [ -73.760972723530898, -42.630764231866721 ], [ -73.760957930973106, -42.630773577284536 ], [ -73.760884312238943, -42.630813762565012 ], [ -73.760871266006063, -42.630814516014013 ], [ -73.760848858429611, -42.630807639800359 ], [ -73.760810592893478, -42.630805600861429 ], [ -73.760772278848279, -42.63080868141062 ], [ -73.760752830322375, -42.63081165422966 ], [ -73.760735032899973, -42.630816274722484 ], [ -73.760718057436037, -42.630821719382297 ], [ -73.760702441123158, -42.630830243267923 ], [ -73.760686001055134, -42.630837942985274 ], [ -73.760654768429333, -42.630854990089965 ], [ -73.760629598533384, -42.630876372161126 ], [ -73.76057373050925, -42.630917056369128 ], [ -73.760563352272754, -42.63092909038226 ], [ -73.760554912600668, -42.630941338530761 ], [ -73.760540897983915, -42.630956630207223 ], [ -73.76048759914147, -42.630989543285999 ], [ -73.760471983726902, -42.63099806780955 ], [ -73.76045719116911, -42.631007413853148 ], [ -73.760321523103343, -42.631081466377935 ], [ -73.760246516472051, -42.631136417663022 ], [ -73.760235314480454, -42.631147627470718 ], [ -73.760223286937105, -42.631158013113549 ], [ -73.760212084945522, -42.631169222917357 ], [ -73.760206411186189, -42.631182509978899 ], [ -73.760203501543003, -42.631196834675933 ], [ -73.760194919038753, -42.631224446422273 ], [ -73.760182454914201, -42.631251627900376 ], [ -73.760177605808295, -42.63126573844491 ], [ -73.760170962766765, -42.631293565618996 ], [ -73.76015961614641, -42.631320138364408 ], [ -73.76015200112775, -42.631333211257427 ], [ -73.760141623789593, -42.631345242546423 ], [ -73.76013483342436, -42.631359138933469 ], [ -73.760124455187878, -42.631371171539293 ], [ -73.760109228743815, -42.631397315979328 ], [ -73.760109615917699, -42.631414935943035 ], [ -73.760116844660786, -42.631442833107265 ], [ -73.760124218032644, -42.631455366669229 ], [ -73.760147304735426, -42.631478429897065 ], [ -73.760161030094665, -42.631493864198809 ], [ -73.760168403466508, -42.631506399072308 ], [ -73.760174660232479, -42.631519543304762 ], [ -73.760179802189171, -42.631533294252172 ], [ -73.760180771471354, -42.631548049122379 ], [ -73.760179803087482, -42.631562589192676 ], [ -73.760181985095301, -42.63156649187912 ], [ -73.760188631730088, -42.631597255350094 ], [ -73.76019377368678, -42.631611006941249 ], [ -73.760197508881717, -42.631626800085058 ], [ -73.760195569419011, -42.631655879524487 ], [ -73.760199596566437, -42.631670240462661 ], [ -73.760192127973184, -42.631697243961078 ], [ -73.760185727476767, -42.631699463960331 ], [ -73.760171469416591, -42.631711067569377 ], [ -73.760102308122867, -42.631748816129502 ], [ -73.760087033169768, -42.631750785641984 ], [ -73.760070590406812, -42.63175848524542 ], [ -73.760036642173915, -42.631769374399724 ], [ -73.760031644845967, -42.631769552845455 ], [ -73.760013846525254, -42.631774173267139 ], [ -73.759970488439748, -42.631782554926708 ], [ -73.759947402635277, -42.631788785323778 ], [ -73.759932731350048, -42.631795657463542 ], [ -73.759930962567267, -42.63179648624434 ], [ -73.759848417274114, -42.631841540443894 ], [ -73.759836389730779, -42.631851926631846 ], [ -73.759827950058678, -42.631864175259615 ], [ -73.759820336836654, -42.631877246716556 ], [ -73.75980346108571, -42.631901742637943 ], [ -73.75979584606705, -42.631914814747915 ], [ -73.759787408191585, -42.631927062702431 ], [ -73.759779794071235, -42.631940133485216 ], [ -73.759768591181327, -42.631951344469996 ], [ -73.75976485598639, -42.631964845498786 ], [ -73.759768059378686, -42.631978382874543 ], [ -73.75975559525412, -42.632005564023395 ], [ -73.75974715648033, -42.632017811960047 ], [ -73.759736633615105, -42.63204520920825 ], [ -73.759718640359964, -42.63207031441965 ], [ -73.75970380019146, -42.632084782989985 ], [ -73.759678968960372, -42.632099610429179 ], [ -73.75962877200061, -42.632127007641429 ], [ -73.759603941667848, -42.63214183507057 ], [ -73.759547051360911, -42.632172885090263 ], [ -73.759526391007682, -42.632186709914727 ], [ -73.759510773796492, -42.632195233613416 ], [ -73.759507137416193, -42.632198491877396 ], [ -73.759492343960119, -42.632207839723449 ], [ -73.759478376954078, -42.632218011056025 ], [ -73.759437105654982, -42.632240537346412 ], [ -73.759399760891981, -42.632258373187319 ], [ -73.759379680850444, -42.632269331649169 ], [ -73.75936323898577, -42.632277032510295 ], [ -73.759348447326317, -42.632286378361862 ], [ -73.759337243538084, -42.632297589284235 ], [ -73.759325215994764, -42.632307974735163 ], [ -73.759290346090381, -42.632328281016221 ], [ -73.759264981260017, -42.632340851410504 ], [ -73.759242427258172, -42.632349339399248 ], [ -73.759233505190764, -42.63235421092137 ], [ -73.75922821680868, -42.632355821543911 ], [ -73.759212600495786, -42.63236434588034 ], [ -73.759187818672046, -42.632374050589412 ], [ -73.759171376807402, -42.632381749454879 ], [ -73.759155758697872, -42.632390275109564 ], [ -73.759139317731538, -42.632397974633889 ], [ -73.759134032044429, -42.632399585916225 ], [ -73.759113952901188, -42.632410545675 ], [ -73.759096396227278, -42.632418854549535 ], [ -73.75908077991437, -42.632427378216398 ], [ -73.759065986458268, -42.632436725367178 ], [ -73.759050370145374, -42.632445248370729 ], [ -73.75903834260204, -42.632455634457919 ], [ -73.759020882946174, -42.632482995824688 ], [ -73.759013269724136, -42.632496067151628 ], [ -73.758996488296333, -42.632510320829795 ], [ -73.758886054805188, -42.632570595737029 ], [ -73.758852007757582, -42.632591725415402 ], [ -73.758835809336389, -42.632603114065233 ], [ -73.758825430201597, -42.632615147091471 ], [ -73.758774506504778, -42.632660773038275 ], [ -73.758752099826637, -42.632683192102547 ], [ -73.758737307268873, -42.632692539214908 ], [ -73.758721690057641, -42.632701063505209 ], [ -73.758703889940278, -42.63270568319686 ], [ -73.758685266067815, -42.632709479406756 ], [ -73.758650733929969, -42.632723230752113 ], [ -73.758633759364372, -42.63272867590603 ], [ -73.758615960145335, -42.632733295595628 ], [ -73.75859680267358, -42.632734835492087 ], [ -73.758578468058644, -42.632737198869577 ], [ -73.758559893593514, -42.632735875748295 ], [ -73.758522208369016, -42.632730968567472 ], [ -73.758484232988707, -42.632727494878011 ], [ -73.758447662573488, -42.632721980990432 ], [ -73.758429087210033, -42.632720656547029 ], [ -73.758410753493408, -42.632723019264162 ], [ -73.758391886177478, -42.632723127651737 ], [ -73.758373554257489, -42.632725491029689 ], [ -73.758335238415668, -42.632728571483838 ], [ -73.758299638180958, -42.632737811523619 ], [ -73.758280189655068, -42.632740783589661 ], [ -73.758238480876415, -42.632750811419932 ], [ -73.758221214358343, -42.632757688740675 ], [ -73.758201764035832, -42.632760660805744 ], [ -73.758184790368517, -42.632766103973644 ], [ -73.758167524748757, -42.632772979970923 ], [ -73.758151908435863, -42.632781504250204 ], [ -73.75813711497976, -42.632790851347806 ], [ -73.758104231250471, -42.632806251618234 ], [ -73.758072997726373, -42.632823296862043 ], [ -73.75805820427027, -42.632832645275151 ], [ -73.758046177625246, -42.632843029975881 ], [ -73.758035798490454, -42.632855063616624 ], [ -73.758021830586102, -42.63286523418256 ], [ -73.758007037129985, -42.632874581928469 ], [ -73.757960186394669, -42.632900152077497 ], [ -73.757949807259877, -42.63291218438539 ], [ -73.757918571939129, -42.632929232243768 ], [ -73.757913286251991, -42.632930844173231 ], [ -73.757897669040787, -42.632939367109103 ], [ -73.757880694475162, -42.632944811583187 ], [ -73.757846161439019, -42.632958562876588 ], [ -73.757829185975098, -42.632964007348974 ], [ -73.757812745008763, -42.632971706802365 ], [ -73.757795479389003, -42.632978582776914 ], [ -73.757770111863707, -42.632991152378942 ], [ -73.757752846243946, -42.632998028351331 ], [ -73.757713802766744, -42.633019338309445 ], [ -73.75770628476613, -42.633022167608296 ], [ -73.757687661791977, -42.633025963137982 ], [ -73.757679853635523, -42.633030225260434 ], [ -73.757671219927332, -42.633033662583685 ], [ -73.757652595156543, -42.633037459434448 ], [ -73.757648134122832, -42.63303989483817 ], [ -73.757630867604774, -42.633046770805194 ], [ -73.757608071956113, -42.633051568252327 ], [ -73.757581688436218, -42.63305450593672 ], [ -73.757567234543302, -42.633057300206495 ], [ -73.757553072602846, -42.633058660992035 ], [ -73.757515920977639, -42.633056010797723 ], [ -73.757497586362689, -42.633058374163021 ], [ -73.757478720843409, -42.633058481889123 ], [ -73.757460920726061, -42.633063101554264 ], [ -73.757438075670066, -42.633073021606535 ], [ -73.757397676635108, -42.63309125110289 ], [ -73.75738317333483, -42.633099166653444 ], [ -73.757377887647706, -42.633100777256743 ], [ -73.757362270436502, -42.633109299508455 ], [ -73.757336904707813, -42.633121869744961 ], [ -73.757322693360024, -42.633128352470059 ], [ -73.757263571637921, -42.633160620027532 ], [ -73.757247129773276, -42.633168318795676 ], [ -73.757215894452528, -42.633185365922991 ], [ -73.757199453486209, -42.633193066009895 ], [ -73.757080092537777, -42.633258209063662 ], [ -73.757062826019691, -42.633265085006563 ], [ -73.757050845188743, -42.633270349028088 ], [ -73.757014906289172, -42.633286141089954 ], [ -73.756997931723561, -42.633291586194602 ], [ -73.756974020367338, -42.633296993627802 ], [ -73.756954571841419, -42.633299965667121 ], [ -73.756935413471368, -42.633301504888649 ], [ -73.756910969414179, -42.633304656690832 ], [ -73.75690568282873, -42.633306268610582 ], [ -73.756899862644005, -42.633305624239206 ], [ -73.756874302879226, -42.633309384063352 ], [ -73.756855678108423, -42.633313180236399 ], [ -73.756837878889399, -42.63331779988264 ], [ -73.756819253220286, -42.633321596055183 ], [ -73.756801454899559, -42.633326215700755 ], [ -73.756745581485532, -42.633337603555269 ], [ -73.756726131162992, -42.633340576253531 ], [ -73.75668699156607, -42.63334283320421 ], [ -73.756681704082311, -42.63334444380115 ], [ -73.756673653380744, -42.633345017456527 ], [ -73.756661141645452, -42.633348025842672 ], [ -73.756655029508266, -42.633348812966517 ], [ -73.756642225820514, -42.633353254168931 ], [ -73.756626947274171, -42.633355223630602 ], [ -73.75661637410326, -42.633358446145628 ], [ -73.756611910374616, -42.633360880875912 ], [ -73.756605509878227, -42.633363102137622 ], [ -73.756589068911879, -42.633370801541595 ], [ -73.756558948400411, -42.633387239270284 ], [ -73.756529362386544, -42.63340593328212 ], [ -73.756509283243304, -42.633416891541913 ], [ -73.756492840480348, -42.633424590939242 ], [ -73.75648755479321, -42.633426202855887 ], [ -73.756454671063921, -42.633441602969086 ], [ -73.756437404545849, -42.633448478230839 ], [ -73.756414269334016, -42.633459831035694 ], [ -73.756408981850242, -42.633461441629628 ], [ -73.756362129318305, -42.633487012198437 ], [ -73.756347336760513, -42.633496358529172 ], [ -73.756324976794772, -42.633513656044535 ], [ -73.75630256921832, -42.63353607480159 ], [ -73.756295875871146, -42.633539726886532 ], [ -73.756273468294694, -42.633562146295091 ], [ -73.756265030419243, -42.633574393264496 ], [ -73.756261391344012, -42.633577653438969 ], [ -73.756252079407787, -42.633594198177292 ], [ -73.756241700272994, -42.633606230351013 ], [ -73.756233259702583, -42.633618477972689 ], [ -73.756217593982342, -42.633632123374788 ], [ -73.75621313205032, -42.633634558094336 ], [ -73.756206100038284, -42.633644764881829 ], [ -73.756187959459425, -42.633655937888804 ], [ -73.756180684003965, -42.633662455585423 ], [ -73.756159490051445, -42.633674022479539 ], [ -73.756141883071876, -42.633687451758547 ], [ -73.756136839031555, -42.633692753415048 ], [ -73.756126993496054, -42.633707041185382 ], [ -73.756107106592282, -42.633726810367946 ], [ -73.756064425836513, -42.633751376937397 ], [ -73.756048808625295, -42.633759900421794 ], [ -73.756019221713089, -42.633778594321647 ], [ -73.755987986392341, -42.633795641281843 ], [ -73.755976781705812, -42.633806849949707 ], [ -73.755964753264166, -42.633817235148761 ], [ -73.755954374129374, -42.63382926794025 ], [ -73.755945935355584, -42.633841516178904 ], [ -73.755916349341703, -42.63386021005428 ], [ -73.755900732130499, -42.633868731541106 ], [ -73.755881281807945, -42.633871704874871 ], [ -73.755874636071496, -42.633870237043311 ], [ -73.755856061606352, -42.63386891130255 ], [ -73.75583607858286, -42.633869627043964 ], [ -73.755817453812071, -42.633873423843738 ], [ -73.755800478348164, -42.63387886625344 ], [ -73.755773996013573, -42.633892046333678 ], [ -73.755760900373375, -42.63389791831856 ], [ -73.755731896467779, -42.633913747891782 ], [ -73.755705997139827, -42.633924061036311 ], [ -73.755672530403913, -42.633942324649503 ], [ -73.755664089833502, -42.633954572865889 ], [ -73.755653564273331, -42.633981969922424 ], [ -73.755640421022392, -42.633992963768655 ], [ -73.755535559780967, -42.634050189895682 ], [ -73.755506312431947, -42.634062330366483 ], [ -73.755448303722488, -42.634093987442562 ], [ -73.75544301713704, -42.634095598680979 ], [ -73.755382777012386, -42.634128473751105 ], [ -73.755367983556297, -42.634137820646409 ], [ -73.75533674823555, -42.63415486750818 ], [ -73.755321953881136, -42.634164213077746 ], [ -73.755307985078474, -42.634174383429716 ], [ -73.755295958433436, -42.634184770550107 ], [ -73.755285578400347, -42.634196802609637 ], [ -73.755277138728246, -42.634209051436869 ], [ -73.755265108489951, -42.634219436568799 ], [ -73.75525114148391, -42.634229606911738 ], [ -73.755236348027822, -42.634238953130975 ], [ -73.755182801250356, -42.634268176083424 ], [ -73.755141864124553, -42.634284146991462 ], [ -73.75511683706074, -42.634290163672809 ], [ -73.755110434767701, -42.63429238357957 ], [ -73.755094816658186, -42.634300906328981 ], [ -73.755080024100408, -42.634310253198372 ], [ -73.755061301413249, -42.634324291674133 ], [ -73.755052911148482, -42.634331417973833 ], [ -73.75504917595353, -42.634344919147168 ], [ -73.755047382017906, -42.634358635104434 ], [ -73.755037534685769, -42.634372924043682 ], [ -73.755029918768798, -42.634385995634581 ], [ -73.755025456836776, -42.63438843098556 ], [ -73.755000282449259, -42.634409810521028 ], [ -73.754989078661026, -42.634421019078282 ], [ -73.754984616729018, -42.634423455088729 ], [ -73.754977050219381, -42.634431404174876 ], [ -73.754967494839704, -42.634444260966966 ], [ -73.754959880719369, -42.63445733254288 ], [ -73.754953234084567, -42.634485158289991 ], [ -73.754947559426924, -42.634498445304544 ], [ -73.754939943509925, -42.634511516869111 ], [ -73.754931504736163, -42.634523763651707 ], [ -73.754921124703046, -42.634535796967505 ], [ -73.754911568425072, -42.634548653738015 ], [ -73.754911810970185, -42.634552342111995 ], [ -73.754906135414217, -42.634565629112195 ], [ -73.754897695742116, -42.634577876545045 ], [ -73.754894930727687, -42.634606132471056 ], [ -73.754890080723456, -42.63462024225506 ], [ -73.754881641051355, -42.634632489677173 ], [ -73.754870434568204, -42.63464369951604 ], [ -73.754856466663853, -42.634653869789695 ], [ -73.754852005630141, -42.634656304469289 ], [ -73.754810096527194, -42.634686815939851 ], [ -73.75479806898386, -42.634697200992093 ], [ -73.754784098384562, -42.634707371256965 ], [ -73.754737244954285, -42.634732940652995 ], [ -73.75471318807098, -42.634753711401189 ], [ -73.754703632691289, -42.634766567465824 ], [ -73.754699896598026, -42.634780069866544 ], [ -73.754698101764092, -42.634793785067011 ], [ -73.754704357631724, -42.634806927944325 ], [ -73.754704503158806, -42.634820859906718 ], [ -73.754698052356758, -42.634828200934777 ], [ -73.754686023915099, -42.634838586624269 ], [ -73.754671229560685, -42.634847933412907 ], [ -73.754639994239952, -42.634864980080152 ], [ -73.754610406429435, -42.634883672987243 ], [ -73.754599202641202, -42.634894881459132 ], [ -73.754588822608113, -42.63490691470313 ], [ -73.754584117232639, -42.634934955034076 ], [ -73.754586202222399, -42.634949101752603 ], [ -73.754596628967917, -42.634961241387174 ], [ -73.754605940005831, -42.634973991668772 ], [ -73.754611081064198, -42.634987744496421 ], [ -73.754614136234466, -42.635016643929127 ], [ -73.754612340502234, -42.635030361060068 ], [ -73.754603900830134, -42.63504260906236 ], [ -73.754596284913163, -42.635055680512579 ], [ -73.754585905778356, -42.635067712403746 ], [ -73.754572759832513, -42.635078706719071 ], [ -73.754557966376396, -42.635088053471627 ], [ -73.754511112047808, -42.635113622711245 ], [ -73.754496318591706, -42.635122969458557 ], [ -73.75441822894237, -42.635165583286131 ], [ -73.754388641131868, -42.635184277424628 ], [ -73.75437467053257, -42.63519444760994 ], [ -73.754363466744337, -42.635205657347591 ], [ -73.754355851725691, -42.635218728102721 ], [ -73.754347411155265, -42.635230976728792 ], [ -73.754340766317114, -42.635258801469114 ], [ -73.754335915414586, -42.635272912426892 ], [ -73.754333003974736, -42.635287238165084 ], [ -73.754327328418782, -42.635300523686631 ], [ -73.754319712501811, -42.635313595082735 ], [ -73.75431127282971, -42.635325843029229 ], [ -73.754288864354947, -42.635348259811749 ], [ -73.754275718409076, -42.635359254738347 ], [ -73.754204322106929, -42.635398216428442 ], [ -73.754187878445634, -42.635405915580648 ], [ -73.754172260336119, -42.63541443883846 ], [ -73.754157465981706, -42.63542378554061 ], [ -73.75414543754006, -42.63543417046985 ], [ -73.754135056608632, -42.635446203609568 ], [ -73.754119438499103, -42.635454726200969 ], [ -73.754100813728314, -42.635458521582315 ], [ -73.7540807821958, -42.635464358393243 ], [ -73.754076319365453, -42.635466794362877 ], [ -73.754071323834168, -42.635466973458868 ], [ -73.754039262961669, -42.635483195190076 ], [ -73.754028057376829, -42.635494405536612 ], [ -73.754022383617496, -42.63550769167481 ], [ -73.754019569195691, -42.635511773209743 ], [ -73.754016657755855, -42.635526097571216 ], [ -73.754011807751638, -42.635540207807509 ], [ -73.754008897210142, -42.635554532823285 ], [ -73.754003221654159, -42.635567818948658 ], [ -73.753994780185423, -42.635580065523421 ], [ -73.753987165166777, -42.63559313686077 ], [ -73.753983527888195, -42.635596396268603 ], [ -73.75397901654884, -42.635603953309399 ], [ -73.753968635617412, -42.63561598509456 ], [ -73.753960195945311, -42.635628232981567 ], [ -73.753948992157092, -42.635639442641107 ], [ -73.753936962817122, -42.635649828195234 ], [ -73.753932499088464, -42.635652262835848 ], [ -73.753930802170899, -42.635655736362061 ], [ -73.753927164892318, -42.635658994444874 ], [ -73.753920131083646, -42.635669201561207 ], [ -73.753907810689512, -42.63568101921237 ], [ -73.753898254411538, -42.635693875746327 ], [ -73.753883412446413, -42.635708343474249 ], [ -73.753867793438559, -42.635716866690643 ], [ -73.753850526920473, -42.635723741701028 ], [ -73.753831075699622, -42.63572671296356 ], [ -73.753812450928848, -42.635730509650024 ], [ -73.753795474566601, -42.635735952558214 ], [ -73.75377820804853, -42.635742827566489 ], [ -73.753748620238014, -42.635761520209869 ], [ -73.753739063061715, -42.635774377388053 ], [ -73.75372383212607, -42.635800519978403 ], [ -73.753713452991278, -42.635812553047288 ], [ -73.753705011522555, -42.635824800895598 ], [ -73.753689393413012, -42.635833323435165 ], [ -73.753674599956923, -42.635842670074418 ], [ -73.753658981847394, -42.635851192611518 ], [ -73.75360717959822, -42.635871818917593 ], [ -73.753590735038614, -42.635879518011251 ], [ -73.753570654997077, -42.63589047583546 ], [ -73.753565901112594, -42.635894342563773 ], [ -73.753551108554817, -42.635903690515576 ], [ -73.753539902969962, -42.635914899464623 ], [ -73.753536165978375, -42.635928400955329 ], [ -73.753537137057208, -42.635943154122714 ], [ -73.75354339292484, -42.63595629873992 ], [ -73.753546592723893, -42.635969835247487 ], [ -73.753547562904387, -42.635984590387658 ], [ -73.753544748482611, -42.635988672552159 ], [ -73.753543875320148, -42.635992970819302 ], [ -73.753544943417012, -42.635997483206452 ], [ -73.753540333262976, -42.636015281623116 ], [ -73.753524809476559, -42.636042856205925 ], [ -73.753508852702168, -42.636057933830649 ], [ -73.753488673845951, -42.636079133037526 ], [ -73.753473879491537, -42.636088480961568 ], [ -73.753445940987874, -42.636108821034952 ], [ -73.753433910749592, -42.636119206510713 ], [ -73.753408590834979, -42.636155949206504 ], [ -73.753409366081073, -42.636161893672792 ], [ -73.753414507139453, -42.63617564557704 ], [ -73.753416592129241, -42.636189792013525 ], [ -73.753414796396967, -42.636203506903314 ], [ -73.753411061202016, -42.63621700965313 ], [ -73.7533966540215, -42.636243975492228 ], [ -73.753370217501015, -42.636281326768326 ], [ -73.753355956745864, -42.63629293018397 ], [ -73.75334116239145, -42.636302276093318 ], [ -73.75332554338361, -42.636310799889209 ], [ -73.753283635178974, -42.636341309226886 ], [ -73.753234547638584, -42.636368096579588 ], [ -73.753218104875629, -42.636375795611819 ], [ -73.753200836560907, -42.63638266988854 ], [ -73.753133900394161, -42.636419196327353 ], [ -73.753130262217255, -42.636422455031038 ], [ -73.753105426494585, -42.636437280775958 ], [ -73.753095047359793, -42.636449313721748 ], [ -73.753087965042099, -42.636464641713964 ], [ -73.753083257870017, -42.636492682003862 ], [ -73.753078406069164, -42.636506792020981 ], [ -73.753064339350132, -42.636527204652182 ], [ -73.753057838242412, -42.636539666478257 ], [ -73.753046634454194, -42.636550875312786 ], [ -73.7530418796714, -42.636554743321739 ], [ -73.753027085316987, -42.636564089852648 ], [ -73.752986923437248, -42.636586005918964 ], [ -73.752972129082835, -42.636595351784273 ], [ -73.752960099742879, -42.63660573717889 ], [ -73.752951658274142, -42.636617984871073 ], [ -73.752945982718188, -42.636631270769406 ], [ -73.752936570170633, -42.636687352508147 ], [ -73.752926041915501, -42.636714748361591 ], [ -73.752919250651956, -42.636728643549752 ], [ -73.752914545276496, -42.636756685042414 ], [ -73.752919684538242, -42.636770438136978 ], [ -73.752928997372777, -42.636783186726191 ], [ -73.752927298658591, -42.636786660189244 ], [ -73.752915269318621, -42.63679704555193 ], [ -73.75290765250331, -42.636810116633661 ], [ -73.752896448715106, -42.636821326080309 ], [ -73.752889656553236, -42.636835221244645 ], [ -73.752887861719287, -42.636848936653045 ], [ -73.752891061518341, -42.636862474949027 ], [ -73.752902603971421, -42.636874006883865 ], [ -73.752901050784303, -42.636891410519041 ], [ -73.752888583964804, -42.636918592165564 ], [ -73.752876213265012, -42.636935531207094 ], [ -73.752868597348026, -42.636948601598874 ], [ -73.752858217314937, -42.636960634445757 ], [ -73.75285254086063, -42.636973921592649 ], [ -73.752849728235503, -42.636978002370562 ], [ -73.752844052679535, -42.636991290174549 ], [ -73.752843178618761, -42.636995587050777 ], [ -73.752837503062793, -42.63700887419018 ], [ -73.752834592521253, -42.637023198207004 ], [ -73.752833619645799, -42.637037738319876 ], [ -73.75283876160249, -42.637051490030593 ], [ -73.752855152263166, -42.63707820636624 ], [ -73.752856122443688, -42.637092961243617 ], [ -73.752853308920209, -42.637097044657118 ], [ -73.752851754834779, -42.637114449551589 ], [ -73.752844139816091, -42.637127519905818 ], [ -73.752835698347369, -42.637139767495327 ], [ -73.752828083328723, -42.637152839165921 ], [ -73.752811202187885, -42.637177333671715 ], [ -73.752788791916501, -42.637199751769835 ], [ -73.752774822215514, -42.637209922286587 ], [ -73.752766379848481, -42.637222169199049 ], [ -73.752766864938735, -42.637229546951517 ], [ -73.752770163552455, -42.637232840637921 ], [ -73.752777443499511, -42.637244705573472 ], [ -73.752778359781118, -42.637246200420385 ], [ -73.752777388702299, -42.637260739820277 ], [ -73.752763950803953, -42.637302460695601 ], [ -73.752757157743773, -42.637316356413358 ], [ -73.752756186664953, -42.637330895796865 ], [ -73.752759240936911, -42.637359796123967 ], [ -73.752758269858106, -42.63737433615816 ], [ -73.752754533764829, -42.637387837993053 ], [ -73.752731152414626, -42.637424794716026 ], [ -73.752714221866455, -42.63745441136053 ], [ -73.7527030162816, -42.637465619369436 ], [ -73.752689872132365, -42.637476613921947 ], [ -73.752627396100991, -42.637510705150824 ], [ -73.752597806493839, -42.637529397263158 ], [ -73.752578694836174, -42.637555110886346 ], [ -73.752572047303076, -42.637582935909208 ], [ -73.752570250672491, -42.637596653135354 ], [ -73.752555697964894, -42.637638982426161 ], [ -73.752545168811452, -42.637666379182399 ], [ -73.752536581815647, -42.637693989380189 ], [ -73.752528140346925, -42.637706236858207 ], [ -73.752516935660395, -42.637717445482586 ], [ -73.752502140407643, -42.637726793160525 ], [ -73.752486521399817, -42.637735314117911 ], [ -73.752472552597155, -42.637745485207979 ], [ -73.75246323886428, -42.637762029499108 ], [ -73.752457562410001, -42.637775316474887 ], [ -73.752449120941279, -42.637787563936868 ], [ -73.752433890005634, -42.637813705681495 ], [ -73.752422537995386, -42.637840278947266 ], [ -73.752414919383469, -42.637853349149005 ], [ -73.752406480609693, -42.637865597917362 ], [ -73.752396099678265, -42.637877629265262 ], [ -73.752384894991721, -42.637888839180434 ], [ -73.752356952894814, -42.637909178665311 ], [ -73.75234574820827, -42.637920387914001 ], [ -73.752338132291285, -42.637933458759761 ], [ -73.752331484758187, -42.637961284274262 ], [ -73.752305433614936, -42.638016255257817 ], [ -73.752296993044538, -42.638028502672427 ], [ -73.752286463891082, -42.638055898596299 ], [ -73.752280642808046, -42.638084548788072 ], [ -73.752276905816473, -42.638098051129738 ], [ -73.752278990806246, -42.638112195807501 ], [ -73.752279133638368, -42.638126127029921 ], [ -73.752282335234042, -42.638139663726356 ], [ -73.75227859914078, -42.638153165395224 ], [ -73.752270983223809, -42.638166236852946 ], [ -73.752251869769495, -42.638191948891283 ], [ -73.752244253852524, -42.638205019679994 ], [ -73.752235812383802, -42.638217267718275 ], [ -73.752232078087161, -42.638230768048608 ], [ -73.752209373168355, -42.638283914212607 ], [ -73.752199670464975, -42.638312133431356 ], [ -73.752174732334367, -42.638366494810519 ], [ -73.752167941070809, -42.638380391612337 ], [ -73.752168230328337, -42.638408253273177 ], [ -73.752166434596106, -42.638421968334846 ], [ -73.752166578326538, -42.638435900148792 ], [ -73.75216381241377, -42.63846415630556 ], [ -73.752160900075637, -42.638478480648281 ], [ -73.752164099874662, -42.638492017928897 ], [ -73.752171472348209, -42.638504552053746 ], [ -73.752180784284434, -42.63851730227023 ], [ -73.75219232853415, -42.638528832576725 ], [ -73.75219145357508, -42.638533131990087 ], [ -73.752191598203837, -42.638547062457441 ], [ -73.752187862110574, -42.638560563377048 ], [ -73.752186066378314, -42.638574280387679 ], [ -73.752188150469777, -42.638588424957199 ], [ -73.752201876727327, -42.63860386146073 ], [ -73.752209100978817, -42.638631760028346 ], [ -73.752209246505899, -42.638645690473645 ], [ -73.752203570051634, -42.638658976599878 ], [ -73.752188337319339, -42.638685118639231 ], [ -73.752186541587108, -42.638698835622385 ], [ -73.752188625678542, -42.638712982146117 ], [ -73.752197936716485, -42.638725730998196 ], [ -73.752221024317606, -42.638748795496831 ], [ -73.752222090617835, -42.638753308344981 ], [ -73.752228347383777, -42.638766451046905 ], [ -73.752250462109458, -42.638804055230558 ], [ -73.7522556022695, -42.638817807872591 ], [ -73.752257687259274, -42.638831953047593 ], [ -73.75226394312692, -42.638845097054585 ], [ -73.752266028116694, -42.638859242223347 ], [ -73.752263260407318, -42.638887498187934 ], [ -73.752263405036061, -42.638901429897615 ], [ -73.752265490025835, -42.63891557637529 ], [ -73.75227174499517, -42.638928719042909 ], [ -73.75228105872803, -42.638941468511639 ], [ -73.752292602079422, -42.63895300138288 ], [ -73.752303029723237, -42.638965142218879 ], [ -73.752302931806881, -42.63897538381709 ], [ -73.752306132504231, -42.638988922311277 ], [ -73.752307099989807, -42.639003675413939 ], [ -73.752297397286412, -42.639031896288763 ], [ -73.752291720832147, -42.63904518167169 ], [ -73.752289925099888, -42.639058897914666 ], [ -73.752295066158254, -42.639072649839548 ], [ -73.752292298448879, -42.639100906368036 ], [ -73.752291471998817, -42.639129377654058 ], [ -73.752295497349579, -42.639143737528507 ], [ -73.752304808387521, -42.639156487614009 ], [ -73.752312179064418, -42.639169023587492 ], [ -73.752321492797293, -42.639181771685323 ], [ -73.752320763365262, -42.639200000053116 ], [ -73.752313291178737, -42.639227002927733 ], [ -73.752309699714232, -42.639254433347979 ], [ -73.752309845241314, -42.639268366297152 ], [ -73.75231779802651, -42.639278034905637 ], [ -73.752330457983831, -42.639288959089903 ], [ -73.752342000436911, -42.639300491235929 ], [ -73.752354659495893, -42.6393114140946 ], [ -73.752370957630077, -42.639319078399524 ], [ -73.752387545920115, -42.639325311346226 ], [ -73.752405250816054, -42.639330934346475 ], [ -73.752421547153617, -42.639338598649012 ], [ -73.752435612974338, -42.639347481520232 ], [ -73.752470243926865, -42.639382076597649 ], [ -73.752484018693437, -42.63939239214011 ], [ -73.752498084514158, -42.639401274342831 ], [ -73.752510743573126, -42.639412197183816 ], [ -73.752527040809014, -42.639419861476327 ], [ -73.752545035860791, -42.639424051791394 ], [ -73.752561624150815, -42.6394302853884 ], [ -73.752577339278417, -42.639440813709669 ], [ -73.752620215866912, -42.639483648601164 ], [ -73.752625355128671, -42.639497399110518 ], [ -73.75262632351253, -42.63951215473589 ], [ -73.752632581176798, -42.639525297277515 ], [ -73.752643008820613, -42.639537438662707 ], [ -73.75265930695484, -42.639545102939771 ], [ -73.752675894346552, -42.639551335203009 ], [ -73.752708488818314, -42.639566664413628 ], [ -73.752720033966355, -42.639578197169001 ], [ -73.752732110018712, -42.63959198466376 ], [ -73.752734292026517, -42.639595888829206 ], [ -73.752736619561432, -42.639613723222936 ], [ -73.752740644013898, -42.639628083646478 ], [ -73.752742729003685, -42.639642229298097 ], [ -73.752749954153501, -42.639670128060999 ], [ -73.752755094313571, -42.639683881172459 ], [ -73.752762467685429, -42.639696415057259 ], [ -73.752771778723343, -42.63970916502948 ], [ -73.752776919781709, -42.639722916149836 ], [ -73.752783176547652, -42.639736060629403 ], [ -73.752795834708323, -42.639746983411641 ], [ -73.752807087903903, -42.639759947480862 ], [ -73.752813343771535, -42.639773091952648 ], [ -73.752821540898509, -42.639786449207229 ], [ -73.752831969440635, -42.639798591202279 ], [ -73.752849383282424, -42.639805645506001 ], [ -73.752867086381727, -42.639811268462893 ], [ -73.752882268808335, -42.639819543308093 ], [ -73.752895459669972, -42.639832723451782 ], [ -73.752897644372737, -42.639836626280463 ], [ -73.75290869724401, -42.639899370198272 ], [ -73.752910782233769, -42.639913515788244 ], [ -73.752897342538816, -42.639955236867429 ], [ -73.752893608242175, -42.639968738142308 ], [ -73.752888901070079, -42.639996779496499 ], [ -73.752885988731933, -42.640011104147227 ], [ -73.752889383465401, -42.640033450516434 ], [ -73.752896755040609, -42.640045985652463 ], [ -73.752918435879991, -42.640071090940424 ], [ -73.752922268092988, -42.640076640522047 ], [ -73.752932986790952, -42.640087349799089 ], [ -73.75294118301963, -42.640100708968696 ], [ -73.752947292461869, -42.640129215481558 ], [ -73.75295112467488, -42.64013476770134 ], [ -73.752954857174871, -42.640150559342935 ], [ -73.752957574578602, -42.640156719516021 ], [ -73.752960241676675, -42.640168001710933 ], [ -73.752961501114711, -42.640181323196437 ], [ -73.752964168212785, -42.640192604065234 ], [ -73.752965428549132, -42.640205925545452 ], [ -73.752967319502801, -42.640211262991762 ], [ -73.752971199326524, -42.640240986684525 ], [ -73.752965375548541, -42.640269636531016 ], [ -73.752963578917971, -42.640283352504049 ], [ -73.752965664806055, -42.640297498006696 ], [ -73.75298040885481, -42.640322568169807 ], [ -73.75298972168936, -42.640335317352893 ], [ -73.753003009569042, -42.640367549454254 ], [ -73.753008150627409, -42.640381301089931 ], [ -73.753010235617197, -42.640395446570309 ], [ -73.753004412737525, -42.640424097006502 ], [ -73.753001599214045, -42.640428180201404 ], [ -73.752994077620187, -42.640460303219712 ], [ -73.752988401165894, -42.640473589619326 ], [ -73.75298092987768, -42.640500591280421 ], [ -73.752979134145434, -42.640514307863356 ], [ -73.752979422504637, -42.640542169229505 ], [ -73.752986503924021, -42.640556136913645 ], [ -73.753034328433117, -42.640603912620996 ], [ -73.753038354682218, -42.640618272815964 ], [ -73.753036849105797, -42.640630558045743 ], [ -73.753032482395213, -42.640652044471281 ], [ -73.753033548695456, -42.640656556520604 ], [ -73.75303044411784, -42.640662072348427 ], [ -73.753025736047434, -42.640690112729338 ], [ -73.753019090310943, -42.640717939654401 ], [ -73.753016322601553, -42.640746194774898 ], [ -73.753008851313339, -42.640773196978515 ], [ -73.753006037789874, -42.640777279489676 ], [ -73.753005162830775, -42.640781576104459 ], [ -73.752993326628598, -42.640800770774604 ], [ -73.75298294569717, -42.640812804859031 ], [ -73.752974213174312, -42.640826484367565 ], [ -73.752968536720019, -42.640839771349782 ], [ -73.752960919904723, -42.640852841582301 ], [ -73.752951364525046, -42.64086569836936 ], [ -73.752940983593618, -42.640877730458783 ], [ -73.752928612893854, -42.640894669083359 ], [ -73.752914785126691, -42.640918770915015 ], [ -73.752903725068904, -42.640943910213103 ], [ -73.752889946709075, -42.640962891390757 ], [ -73.75287733526082, -42.640976141338342 ], [ -73.75286389736246, -42.640988567250432 ], [ -73.752849103008046, -42.640997913776154 ], [ -73.752845463932843, -42.641001172900886 ], [ -73.752839886293231, -42.641004216600756 ], [ -73.752835131510437, -42.641008083672112 ], [ -73.752829553870839, -42.641011128032439 ], [ -73.752824799088046, -42.641014995764202 ], [ -73.752810002936997, -42.641024340964336 ], [ -73.752785943358745, -42.641045112255853 ], [ -73.752781480528398, -42.641047546685378 ], [ -73.752750432955551, -42.641073402250768 ], [ -73.752728021785842, -42.641095820927674 ], [ -73.752717348901967, -42.641109284949685 ], [ -73.752706142418788, -42.641120494282667 ], [ -73.75270527105296, -42.641124791534551 ], [ -73.752696828685927, -42.641137039658908 ], [ -73.752691152231648, -42.641150325253179 ], [ -73.752671116207537, -42.641185455905898 ], [ -73.752660444221974, -42.641198920569337 ], [ -73.752651420644938, -42.641214033950064 ], [ -73.752634587114841, -42.641233408226974 ], [ -73.752622264924071, -42.641245224821432 ], [ -73.752611009931883, -42.641261555401506 ], [ -73.752608835110593, -42.641263504127814 ], [ -73.752607372653301, -42.641264813851635 ], [ -73.752600871545582, -42.641277276711364 ], [ -73.752597233368689, -42.641280535160654 ], [ -73.752595534654489, -42.641284009033498 ], [ -73.752591071824142, -42.641286443453687 ], [ -73.752581757192971, -42.641302988785775 ], [ -73.752576711356014, -42.641308288471883 ], [ -73.752553085664047, -42.64134155819913 ], [ -73.752544694500983, -42.641348684356039 ], [ -73.752534312671244, -42.641360715691242 ], [ -73.752529850739236, -42.641363151430063 ], [ -73.752515879241614, -42.641373321927119 ], [ -73.752390919992322, -42.64144150273961 ], [ -73.752362637433933, -42.641468396929916 ], [ -73.752349491488062, -42.641479390775174 ], [ -73.752329116799103, -42.64149178222479 ], [ -73.75231514530148, -42.641501950718428 ], [ -73.752291375879068, -42.641521289222112 ], [ -73.752277987388069, -42.641528594436998 ], [ -73.752264840543887, -42.641539588271598 ], [ -73.752250869944604, -42.641549758739828 ], [ -73.752202019559448, -42.641580231807787 ], [ -73.752176066332567, -42.641595667569057 ], [ -73.752129206614086, -42.641621233473927 ], [ -73.75209185466457, -42.641639066626325 ], [ -73.75206061485224, -42.641656112094076 ], [ -73.752044171190974, -42.641663811132844 ], [ -73.751948217643886, -42.641716164703354 ], [ -73.751937012059059, -42.641727373266185 ], [ -73.751909456237698, -42.641765332494501 ], [ -73.751898103329154, -42.641791905394278 ], [ -73.75189630759688, -42.641805621692569 ], [ -73.751890631142615, -42.641818907804868 ], [ -73.751883014327319, -42.641831979153331 ], [ -73.751878162526467, -42.641846088620547 ], [ -73.75187083676532, -42.641866898625111 ], [ -73.751861773662412, -42.641892477634578 ], [ -73.751856281362791, -42.641910518861962 ], [ -73.75185532375869, -42.641929871776334 ], [ -73.751852901900691, -42.64193700116985 ], [ -73.751844777537258, -42.641944069108007 ], [ -73.751829200750223, -42.641953159759879 ], [ -73.751808118188819, -42.641952509530839 ], [ -73.751790614515514, -42.641943899942696 ], [ -73.751767168486595, -42.641933393851474 ], [ -73.751756740842779, -42.64192125293382 ], [ -73.751754558834946, -42.641917349575088 ], [ -73.751751260221241, -42.641914054154242 ], [ -73.751750193022659, -42.641909541535348 ], [ -73.751748011014854, -42.641905638836668 ], [ -73.751743744017261, -42.641887588356639 ], [ -73.75173278367248, -42.641873191449641 ], [ -73.751721239422764, -42.641861658458836 ], [ -73.751695920406462, -42.641839812974141 ], [ -73.751682143843269, -42.641829497837463 ], [ -73.751666962314957, -42.641821225241962 ], [ -73.75163378393826, -42.641808760508781 ], [ -73.75161273281789, -42.641804962210742 ], [ -73.751607202789003, -42.6418028859663 ], [ -73.751588091131339, -42.641799302429057 ], [ -73.7515686875212, -42.641797152835274 ], [ -73.751548995551858, -42.641796436524231 ], [ -73.751529833588535, -42.641797974874819 ], [ -73.751469829720818, -42.641805241730587 ], [ -73.751450668655806, -42.64180678074176 ], [ -73.751432090597405, -42.641805454509289 ], [ -73.75139435237233, -42.641805666627192 ], [ -73.751356662656278, -42.641800759500747 ], [ -73.751337259046124, -42.641798609907013 ], [ -73.751325034771753, -42.641800185262511 ], [ -73.751319213688703, -42.641799539657491 ], [ -73.751299228868575, -42.641800255968505 ], [ -73.751280649911877, -42.641798928414296 ], [ -73.751262022446156, -42.64180272406945 ], [ -73.751257560514134, -42.64180515979097 ], [ -73.751231122196984, -42.641813216305927 ], [ -73.75121584275233, -42.641815184839047 ], [ -73.751188629189102, -42.64181729610565 ], [ -73.751173057791988, -42.641820697920963 ], [ -73.751157779245617, -42.641822666453855 ], [ -73.751150260346691, -42.641825495352521 ], [ -73.751129159818987, -42.641826818941347 ], [ -73.751116642693816, -42.641829826917423 ], [ -73.751098599133016, -42.641830756667495 ], [ -73.751093310750932, -42.641832368366387 ], [ -73.751087490566206, -42.641831723422513 ], [ -73.75105081864136, -42.641836447504069 ], [ -73.751045530259304, -42.641838059202776 ], [ -73.751026078140143, -42.641841030173381 ], [ -73.751019675847104, -42.6418432511324 ], [ -73.750998767558869, -42.641853384546025 ], [ -73.750899466889052, -42.641907563093142 ], [ -73.750887775315618, -42.64191139442503 ], [ -73.750881082866741, -42.641915046679252 ], [ -73.750862989000296, -42.641921098306121 ], [ -73.750845185289691, -42.64192571665253 ], [ -73.750828207130809, -42.641931159018824 ], [ -73.750810404318528, -42.641935778686104 ], [ -73.750791776852793, -42.641939573011328 ], [ -73.750772617584417, -42.641941112019168 ], [ -73.750734828155345, -42.641946446012597 ], [ -73.750695682270219, -42.641948700007937 ], [ -73.750677880356207, -42.641953318352336 ], [ -73.750657795823102, -42.641964276428595 ], [ -73.750645764686496, -42.641974660927112 ], [ -73.750634559101641, -42.641985868782612 ], [ -73.750628882647362, -42.641999156178045 ], [ -73.750621264933756, -42.64201222616704 ], [ -73.750610882205706, -42.642024259356326 ], [ -73.75059885196741, -42.642034643844845 ], [ -73.75057653691745, -42.642046819102006 ], [ -73.750561740766415, -42.642056164807954 ], [ -73.75053050005576, -42.642073210161435 ], [ -73.750513230842742, -42.642080085130345 ], [ -73.750494360831894, -42.642080190858422 ], [ -73.750455555408237, -42.642075891690141 ], [ -73.750436443750573, -42.642072308829412 ], [ -73.750379351322692, -42.642065250817843 ], [ -73.750347965983295, -42.642068363849731 ], [ -73.750322111571109, -42.642073556420918 ], [ -73.750301203282859, -42.642083689797033 ], [ -73.750294800989835, -42.642085908104178 ], [ -73.750225622628122, -42.64212365169292 ], [ -73.750198409963218, -42.642125762288245 ], [ -73.75018113985189, -42.642132637251358 ], [ -73.750144468825354, -42.64213736197086 ], [ -73.750125597916181, -42.64213746902044 ], [ -73.750113374540106, -42.642139043706578 ], [ -73.750089217943795, -42.642140760464677 ], [ -73.750076992771099, -42.642142335811556 ], [ -73.750032366264421, -42.642137390385244 ], [ -73.750013789104344, -42.642136063499031 ], [ -73.749995451794447, -42.642138426519509 ], [ -73.749987108242095, -42.642140432047142 ], [ -73.749942675771507, -42.642144295743876 ], [ -73.749905662486839, -42.642155574935174 ], [ -73.749887859674558, -42.642160194585784 ], [ -73.749837408491558, -42.64218389812595 ], [ -73.749809563412711, -42.642193995800945 ], [ -73.749795932376585, -42.642197611694613 ], [ -73.749774539896393, -42.642200367888286 ], [ -73.749766196344041, -42.642202372753147 ], [ -73.749757562635864, -42.642205811552152 ], [ -73.749739517278428, -42.642206739314197 ], [ -73.749731172827765, -42.64220874550044 ], [ -73.749715893383083, -42.642210714021068 ], [ -73.749703087000384, -42.642215154591035 ], [ -73.749698089672464, -42.642215332345977 ], [ -73.749692803087015, -42.642216944034914 ], [ -73.749671409708526, -42.642219700227727 ], [ -73.749663067054485, -42.642221704431179 ], [ -73.749638909559877, -42.64222342184776 ], [ -73.749631390660923, -42.642226250728157 ], [ -73.749625278523737, -42.642227039061332 ], [ -73.749619457440701, -42.642226392799948 ], [ -73.749599472620574, -42.642227108445233 ], [ -73.749580845154853, -42.642230902752672 ], [ -73.749561392137366, -42.642233875686927 ], [ -73.749534422017589, -42.642239673536004 ], [ -73.749513029537411, -42.64224243038862 ], [ -73.74950550974016, -42.642245257946591 ], [ -73.749498816392986, -42.642248910842014 ], [ -73.749492413201651, -42.642251131125683 ], [ -73.749487949472993, -42.642253566168833 ], [ -73.749481546281658, -42.642255785791505 ], [ -73.749439438651038, -42.642277485093715 ], [ -73.749422993193122, -42.642285184055588 ], [ -73.749389037773696, -42.642296068064013 ], [ -73.7493701183555, -42.642301294977706 ], [ -73.749348725875322, -42.642304051166796 ], [ -73.749327042340994, -42.642308240626832 ], [ -73.749308705929408, -42.642310602319164 ], [ -73.749289543966086, -42.642312141317824 ], [ -73.749284257380637, -42.642313751682657 ], [ -73.749279261849352, -42.642313930758903 ], [ -73.74921702476982, -42.642322414083424 ], [ -73.749199220160904, -42.642327031739271 ], [ -73.749156921189112, -42.642339921922378 ], [ -73.749117724998314, -42.642347295764068 ], [ -73.749104093962202, -42.642350912970457 ], [ -73.749069895099339, -42.642358108395499 ], [ -73.749054614756361, -42.642360077572192 ], [ -73.749046272102305, -42.642362082431909 ], [ -73.749010471543286, -42.642362509307098 ], [ -73.748986314048679, -42.642364226058994 ], [ -73.748969832658162, -42.642361738817193 ], [ -73.748950650931889, -42.64236083682858 ], [ -73.748933822791685, -42.64235541894935 ], [ -73.748895885140598, -42.642356590543507 ], [ -73.748877396015416, -42.642354661675334 ], [ -73.74885918267303, -42.642351296893864 ], [ -73.748840837278308, -42.642351215615761 ], [ -73.748822348153126, -42.642349286747432 ], [ -73.7488044087969, -42.642344484730707 ], [ -73.748786069690368, -42.642346968008439 ], [ -73.748769697894318, -42.642359915676792 ], [ -73.748755958162036, -42.642369473451694 ], [ -73.748738876696905, -42.642375751687865 ], [ -73.748722630665014, -42.642382848651245 ], [ -73.748704576324428, -42.64238902644486 ], [ -73.748678875524163, -42.64239367383162 ], [ -73.748642188327935, -42.642396075168541 ], [ -73.748624547212401, -42.642400096119125 ], [ -73.748608301180482, -42.642407196383701 ], [ -73.748597321971076, -42.642407515548676 ], [ -73.748579664685863, -42.642403841517037 ], [ -73.748561039016764, -42.642402631597577 ], [ -73.748543116728513, -42.642405525227986 ], [ -73.748528960177964, -42.642414672640953 ], [ -73.748518281904168, -42.642426381961968 ], [ -73.748503706738688, -42.64243512033871 ], [ -73.748487880220011, -42.642442628310846 ], [ -73.748470934400501, -42.642448188253702 ], [ -73.748435375488299, -42.642457668701866 ], [ -73.748397304886552, -42.642462123130933 ], [ -73.748378689997239, -42.64246604363619 ], [ -73.748323108535658, -42.642471237495776 ], [ -73.748304625698694, -42.642471873842688 ], [ -73.748285999131269, -42.642470663263751 ], [ -73.748267659126427, -42.642473147197215 ], [ -73.748231392341779, -42.642475958885591 ], [ -73.7482027711185, -42.642480299656398 ], [ -73.748186105573353, -42.642486988896586 ], [ -73.748170696771297, -42.642494907216872 ], [ -73.748153894682218, -42.6425023134192 ], [ -73.748137928924677, -42.642510539668393 ], [ -73.748126681119004, -42.642514862595291 ], [ -73.748114454149672, -42.642516517889 ], [ -73.74809390339091, -42.642525365945183 ], [ -73.748076261377051, -42.642529387548187 ], [ -73.748057502757277, -42.642531460464397 ], [ -73.748020674525591, -42.642532014211206 ], [ -73.748001910515924, -42.642531522579183 ], [ -73.747984131059823, -42.642536263127489 ], [ -73.747969557690965, -42.642545000828022 ], [ -73.747967342445463, -42.642548799741661 ], [ -73.747953184996604, -42.642557947133568 ], [ -73.747935821460459, -42.642563097372985 ], [ -73.747879812400825, -42.64256275045544 ], [ -73.747860223737746, -42.642566568531031 ], [ -73.747813538292419, -42.64257195665607 ], [ -73.747798545410333, -42.642580285319333 ], [ -73.747770649127517, -42.642598991107086 ], [ -73.747740664261613, -42.642615647103675 ], [ -73.747723720238739, -42.642621206370265 ], [ -73.747704681344601, -42.642622151967572 ], [ -73.747687023161077, -42.642618479270219 ], [ -73.74767881076275, -42.642612125727929 ], [ -73.747662950108094, -42.642604243105531 ], [ -73.747647660781936, -42.642603747509312 ], [ -73.747615845149525, -42.642609220873652 ], [ -73.747577773649468, -42.642613676613465 ], [ -73.74756194623248, -42.642621183903259 ], [ -73.747517385302814, -42.642646577580152 ], [ -73.747499183638524, -42.642648342562211 ], [ -73.747462756953752, -42.642641611709294 ], [ -73.747424949558408, -42.642639499809889 ], [ -73.747407307544535, -42.642643521405518 ], [ -73.747390641999374, -42.642650209967385 ], [ -73.747320676713485, -42.642689073259689 ], [ -73.747303875522718, -42.642696480099708 ], [ -73.747285403465526, -42.642702246848387 ], [ -73.747251657353573, -42.642715212945049 ], [ -73.747197899472027, -42.642729022872459 ], [ -73.747180681462979, -42.642736019354921 ], [ -73.747162901108553, -42.64274075856607 ], [ -73.747132053860014, -42.64274376914117 ], [ -73.747112602639163, -42.642746869584016 ], [ -73.747095939788963, -42.642753558134793 ], [ -73.747019584786443, -42.642794685899922 ], [ -73.747001808923599, -42.642801989643687 ], [ -73.746984866697332, -42.642807550876014 ], [ -73.746947635122069, -42.642815390521157 ], [ -73.746934155002933, -42.642815816071639 ], [ -73.74690448185244, -42.642815284794324 ], [ -73.746877325781412, -42.642822343381596 ], [ -73.746850994363797, -42.642825091618086 ], [ -73.746827089295778, -42.642825529062769 ], [ -73.746785401178386, -42.642828141175848 ], [ -73.746771910279449, -42.642823436993389 ], [ -73.746741026199985, -42.642808489862574 ], [ -73.746721422265537, -42.642804613652032 ], [ -73.746703071480908, -42.64280196717673 ], [ -73.746684444015173, -42.642800755943448 ], [ -73.746666093230559, -42.64279810880717 ], [ -73.74664746845977, -42.642796898895391 ], [ -73.746627599522327, -42.642799589644021 ], [ -73.746608142911583, -42.642800122903878 ], [ -73.746570615790574, -42.642799139644076 ], [ -73.746546595738195, -42.642810554839961 ], [ -73.746529640935535, -42.642810984355251 ], [ -73.746507244138868, -42.642800953520492 ], [ -73.746489586853656, -42.642797280172907 ], [ -73.746452757723631, -42.642797834578147 ], [ -73.746434697094841, -42.642801445811173 ], [ -73.746399555899245, -42.642811333914622 ], [ -73.746352905488209, -42.642834679057181 ], [ -73.746334428041152, -42.642837879935961 ], [ -73.746307192020026, -42.642840168260228 ], [ -73.746288709183077, -42.642840803942548 ], [ -73.746270370076545, -42.642843287200492 ], [ -73.746218694489826, -42.642856581681507 ], [ -73.746194516333958, -42.642858455027529 ], [ -73.746176594045721, -42.642861347315133 ], [ -73.746137124767088, -42.642862726388472 ], [ -73.746100010871132, -42.642859587625445 ], [ -73.746081935869285, -42.642855502607723 ], [ -73.746063447642427, -42.642853572433438 ], [ -73.746044689022654, -42.642855645999646 ], [ -73.746026211575582, -42.642858848198919 ], [ -73.745993020622478, -42.642871505012238 ], [ -73.74594135132395, -42.642887364020829 ], [ -73.745910531024862, -42.642903199236841 ], [ -73.745893173776963, -42.642910913319483 ], [ -73.745860119367748, -42.642922853163356 ], [ -73.745842059637283, -42.642926465049932 ], [ -73.745823439358077, -42.642927819672543 ], [ -73.745805797344204, -42.642931841249542 ], [ -73.745789550413988, -42.642938937488701 ], [ -73.745774558430213, -42.64294726676362 ], [ -73.745732085185267, -42.642974709420407 ], [ -73.745717093201492, -42.642983037368957 ], [ -73.745685854287473, -42.642998462870366 ], [ -73.745671279121979, -42.643007200505934 ], [ -73.74565753759309, -42.643016757520606 ], [ -73.745642127892708, -42.643024675773439 ], [ -73.745624765254902, -42.643029825313441 ], [ -73.745605172100227, -42.643031078172072 ], [ -73.745586545532817, -42.643029866943237 ], [ -73.745567644080921, -42.643030093594348 ], [ -73.745531381787856, -42.643035469785012 ], [ -73.745459562379196, -42.643052889538197 ], [ -73.745423025201646, -42.643059702284596 ], [ -73.745404262090318, -42.643059209995947 ], [ -73.745385778355015, -42.643059846336826 ], [ -73.745369252947057, -42.643065815914383 ], [ -73.745353423733448, -42.643073323149608 ], [ -73.745334533959635, -42.64307867951284 ], [ -73.745316472432521, -42.643082291390378 ], [ -73.745298126139488, -42.643082208130835 ], [ -73.745279785236335, -42.64308469203992 ], [ -73.745243528333162, -42.643092632090159 ], [ -73.745225187430009, -42.643095115998818 ], [ -73.745188363689863, -42.643098234265487 ], [ -73.74516959968021, -42.643097741977151 ], [ -73.745151957666337, -42.643101762882395 ], [ -73.745084466340728, -42.643127693584901 ], [ -73.745023520140293, -42.643160902868253 ], [ -73.744991861713046, -42.6431759192972 ], [ -73.744975198862846, -42.643182605819469 ], [ -73.7449570007918, -42.643186936629128 ], [ -73.744919759335076, -42.643189645862982 ], [ -73.744901837046854, -42.643192538135189 ], [ -73.744885170603382, -42.643199225977234 ], [ -73.744881565664144, -42.643202513400588 ], [ -73.744865318733929, -42.643209611591239 ], [ -73.744846707437858, -42.643216095247801 ], [ -73.744820725464891, -42.643219613285417 ], [ -73.744802664836115, -42.643223223833182 ], [ -73.744786001985901, -42.643229911671916 ], [ -73.744706455269181, -42.643274736230182 ], [ -73.744676331164442, -42.64329210966126 ], [ -73.744660919667425, -42.643300026557441 ], [ -73.744628008988684, -42.643313812566703 ], [ -73.744610926625228, -42.643320090046764 ], [ -73.744592866894749, -42.643323700588745 ], [ -73.74455604225632, -42.643326818843946 ], [ -73.744523550192497, -42.643341015196079 ], [ -73.744488407200265, -42.643350904535311 ], [ -73.744471742553429, -42.64335759236036 ], [ -73.744380255429945, -42.643407763910488 ], [ -73.744334021837219, -42.643431516534292 ], [ -73.744285282843151, -42.643452809703888 ], [ -73.744222389993496, -42.643485814630921 ], [ -73.744204747081312, -42.643489836171867 ], [ -73.744186126802106, -42.64349119144299 ], [ -73.744169878973551, -42.643498288279147 ], [ -73.744138638262939, -42.643513713652773 ], [ -73.74410614530079, -42.643527907979887 ], [ -73.744087673243584, -42.643533673990724 ], [ -73.744051689428261, -42.643540178097879 ], [ -73.744033068250744, -42.64354153336793 ], [ -73.744014728245887, -42.643544015276291 ], [ -73.743997507541891, -42.643551011667107 ], [ -73.743965712570741, -42.643566745614123 ], [ -73.74393572590823, -42.643583400030082 ], [ -73.74390156118136, -42.643595955595963 ], [ -73.743853657620505, -42.643618068081629 ], [ -73.743820465769076, -42.643630725401287 ], [ -73.74380198742368, -42.643633925578314 ], [ -73.743766147338789, -42.643642276566091 ], [ -73.743748508918173, -42.643648863259855 ], [ -73.74371643367266, -42.643663467902826 ], [ -73.743670479455972, -42.643688349047146 ], [ -73.743656739723704, -42.64369790595719 ], [ -73.743523612991865, -42.64377633890669 ], [ -73.742889548826668, -42.644252403121605 ], [ -73.742884127493923, -42.644252203566808 ], [ -73.742864136385592, -42.644263306609218 ], [ -73.742850395755013, -42.644272864091711 ], [ -73.742846660560062, -42.644281999996927 ], [ -73.742848475156933, -42.644285486917724 ], [ -73.742845305900602, -42.644299444510629 ], [ -73.742829211683983, -42.644313518397105 ], [ -73.742819507183967, -42.644325329120363 ], [ -73.742807157145435, -42.644335398695134 ], [ -73.742792581979941, -42.644344135482186 ], [ -73.742776751868007, -42.644351641902418 ], [ -73.742759806946808, -42.644357202335435 ], [ -73.742729400771069, -42.644373446197811 ], [ -73.742716079653732, -42.644383412683737 ], [ -73.742695832525527, -42.644406214078721 ], [ -73.742688909209633, -42.644419047665103 ], [ -73.742676976887736, -42.644429525584037 ], [ -73.742663653973736, -42.644439493382571 ], [ -73.742649078808256, -42.644448230154985 ], [ -73.742639372511604, -42.644460040852671 ], [ -73.742625633677648, -42.644469597644168 ], [ -73.742611320820231, -42.644471768290451 ], [ -73.742606038726365, -42.644470850473795 ], [ -73.742593535974237, -42.644473942240516 ], [ -73.742564801563248, -42.644491826115711 ], [ -73.742559935389352, -42.644491318640583 ], [ -73.742542573649857, -42.644496467398397 ], [ -73.7425212117124, -42.644517320127576 ], [ -73.74251386978159, -42.644529743350091 ], [ -73.742504165281559, -42.644541553371511 ], [ -73.74249306749455, -42.644552852612236 ], [ -73.742484334971678, -42.644564762406155 ], [ -73.742480192839906, -42.644578620159514 ], [ -73.74247757964072, -42.644592269105267 ], [ -73.742460369716525, -42.644604395625436 ], [ -73.742445376834425, -42.644612722695086 ], [ -73.742433443614189, -42.644623201242169 ], [ -73.742403736327731, -42.64464098397611 ], [ -73.742378064273552, -42.644661020602058 ], [ -73.742363070493155, -42.644669348324889 ], [ -73.742348356987108, -42.644678803985997 ], [ -73.742336425563522, -42.644689282521938 ], [ -73.742326301550264, -42.644700682833999 ], [ -73.742319795052651, -42.644713926038648 ], [ -73.742319413268675, -42.644731470868649 ], [ -73.742316800069489, -42.644745121102396 ], [ -73.742318079270461, -42.644759176386422 ], [ -73.742315464274682, -42.644772825953339 ], [ -73.742309513834229, -42.644785760562179 ], [ -73.742306900635057, -42.644799410123255 ], [ -73.742306233186824, -42.644813262538165 ], [ -73.742302646213872, -42.644826810995205 ], [ -73.742284209190998, -42.644850532681779 ], [ -73.742273111403975, -42.644861831205603 ], [ -73.742245631041115, -42.644880945324438 ], [ -73.742237734849766, -42.644893677054242 ], [ -73.742237621662042, -42.644907220868362 ], [ -73.742223198311848, -42.644922936631616 ], [ -73.742208621349718, -42.644931672675384 ], [ -73.742197943075951, -42.644943381522673 ], [ -73.742195329876765, -42.644957031709957 ], [ -73.742198137112041, -42.644970879464388 ], [ -73.742198024822628, -42.644984423261683 ], [ -73.742206110558513, -42.644996624372375 ], [ -73.742216833748046, -42.645008003483518 ], [ -73.742223809166248, -42.645020820426573 ], [ -73.742236886840132, -42.645027681193589 ], [ -73.74224189045627, -42.645027471068978 ], [ -73.742252461830546, -42.645031870470227 ], [ -73.742255248404547, -42.645035459768188 ], [ -73.742257082764368, -42.645049207068318 ], [ -73.742254032085654, -42.64505218581477 ], [ -73.742238619690312, -42.645060102487015 ], [ -73.742221674769127, -42.645065662195982 ], [ -73.742190433160161, -42.645081086520229 ], [ -73.742173905955568, -42.64508705458227 ], [ -73.742157658127027, -42.64509415255791 ], [ -73.74214266434663, -42.645102480222754 ], [ -73.742128505101107, -42.645111627899993 ], [ -73.742116574575832, -42.645122105702264 ], [ -73.74210227788808, -42.645131971631542 ], [ -73.74204049805104, -42.645166925593358 ], [ -73.741993708401154, -42.645190984802433 ], [ -73.741977460572599, -42.645198082105445 ], [ -73.741929420467841, -42.645223477373612 ], [ -73.741899432907033, -42.645240131346021 ], [ -73.741886527709667, -42.645250508690118 ], [ -73.741875849435885, -42.645262216155849 ], [ -73.741848678991801, -42.645297850633824 ], [ -73.741836746669875, -42.645308329065493 ], [ -73.74181552666623, -42.64533102770276 ], [ -73.741808184735419, -42.645343451423528 ], [ -73.741805876963454, -42.64537105425012 ], [ -73.741807155266102, -42.645385110053518 ], [ -73.741815240103648, -42.645397312407148 ], [ -73.741827075407514, -42.645408071647267 ], [ -73.741828766935214, -42.645419972687534 ], [ -73.741820599452623, -42.645436706559927 ], [ -73.741822988971293, -42.645450144533456 ], [ -73.741827879399693, -42.645463479424798 ], [ -73.74183460508624, -42.645490558872844 ], [ -73.741829627521255, -42.645503595750917 ], [ -73.741831440321491, -42.645507082603245 ], [ -73.74184319208203, -42.645555927588923 ], [ -73.741832117651228, -42.645607038292759 ], [ -73.741811477060935, -42.645673530843233 ], [ -73.741812337646977, -42.645687176244927 ], [ -73.741805582316047, -42.645714681786998 ], [ -73.741800603852724, -42.645727717957364 ], [ -73.741800492461635, -42.645741262250652 ], [ -73.74180010349113, -42.64574329343187 ], [ -73.741797877465856, -42.645754911602083 ], [ -73.741793736232381, -42.645768767108059 ], [ -73.741788202610223, -42.645782112503326 ], [ -73.741779470087366, -42.645794024044207 ], [ -73.741772545873147, -42.645806858005059 ], [ -73.741762820711884, -42.645815721451541 ], [ -73.741759920950145, -42.645818362512571 ], [ -73.741708981981958, -42.645853714527242 ], [ -73.74169218887603, -42.645866249812173 ], [ -73.74168025745243, -42.645876728808858 ], [ -73.741660153156374, -42.645901375159013 ], [ -73.741637123047425, -42.645923151820071 ], [ -73.741598112807921, -42.645945459063363 ], [ -73.741593675130389, -42.645950493389485 ], [ -73.741578543009439, -42.645959537863547 ], [ -73.741568418097884, -42.645970938603604 ], [ -73.741554433125529, -42.645997322051613 ], [ -73.741551819926372, -42.646010972668371 ], [ -73.741543505120092, -42.646023293835789 ], [ -73.741540600866784, -42.64603068442063 ], [ -73.741537136064736, -42.646035818514392 ], [ -73.741534231811414, -42.646043209097755 ], [ -73.741515523497327, -42.646070932532602 ], [ -73.74150331539262, -42.646082848643459 ], [ -73.741492228385368, -42.646099277067442 ], [ -73.741481413567655, -42.646111703938587 ], [ -73.741472542704244, -42.646124333659813 ], [ -73.741453130110941, -42.646147953755779 ], [ -73.741443704088681, -42.646160892704017 ], [ -73.741422626018831, -42.646185437845737 ], [ -73.741413200894883, -42.646198376786188 ], [ -73.74140669439727, -42.646211620332764 ], [ -73.741397991518809, -42.646238922130003 ], [ -73.741383199859328, -42.646279877776799 ], [ -73.741377249418889, -42.646292813393821 ], [ -73.741374635321421, -42.646306461302736 ], [ -73.741370075473043, -42.646319907678212 ], [ -73.74135761763668, -42.646346086144099 ], [ -73.7413419617979, -42.646370830760745 ], [ -73.741330339394764, -42.646397828540977 ], [ -73.741318132188354, -42.646409743928473 ], [ -73.741289120197948, -42.646429065048601 ], [ -73.741276215000568, -42.646439441533595 ], [ -73.741269153344135, -42.646452992940226 ], [ -73.741259615032433, -42.646479475957605 ], [ -73.741251162783925, -42.646492515271447 ], [ -73.74123700353843, -42.646501662744264 ], [ -73.741224098341064, -42.646512040538653 ], [ -73.741210357710472, -42.646521597014925 ], [ -73.741195780748356, -42.646530334155706 ], [ -73.741184265244726, -42.646541222046743 ], [ -73.741177759645424, -42.646554465520289 ], [ -73.741175144649645, -42.646568114693309 ], [ -73.74116780271882, -42.646580539488539 ], [ -73.741159069297638, -42.646592448894282 ], [ -73.741147138772334, -42.646602928429452 ], [ -73.741132286027423, -42.646613102034443 ], [ -73.741102159227751, -42.646630474533239 ], [ -73.741088417698862, -42.646640030330545 ], [ -73.741042329633203, -42.646668195542361 ], [ -73.741019983142195, -42.646683813730263 ], [ -73.741006949485737, -42.6467000404663 ], [ -73.7410030624755, -42.646702200462734 ], [ -73.740993905049493, -42.646711136464312 ], [ -73.740980583033831, -42.646721102575746 ], [ -73.74096558835511, -42.64672943068355 ], [ -73.740949203084327, -42.646737246047422 ], [ -73.740927539312935, -42.646746707340988 ], [ -73.740891711804466, -42.646762753675652 ], [ -73.740884068039719, -42.646763787750594 ], [ -73.740879763312861, -42.646765536097121 ], [ -73.740829048923501, -42.646773798123895 ], [ -73.74081613294635, -42.646779045144669 ], [ -73.740786555915619, -42.646793544654223 ], [ -73.740758233831329, -42.6468092738167 ], [ -73.740729635065946, -42.646826440767441 ], [ -73.740725197388443, -42.646831471718478 ], [ -73.740707843733801, -42.646841751006129 ], [ -73.740683969208476, -42.64685757860812 ], [ -73.740628987821509, -42.646888110525957 ], [ -73.740612184834134, -42.646895514883823 ], [ -73.74060441081366, -42.646899833541525 ], [ -73.740585522836497, -42.64690775394314 ], [ -73.740568435083148, -42.646911466032215 ], [ -73.740557183684231, -42.646915787992583 ], [ -73.740544548879754, -42.646922162900054 ], [ -73.740521773892354, -42.646932241965786 ], [ -73.740512466447683, -42.646934201086452 ], [ -73.740495800004226, -42.646940888526274 ], [ -73.740473575684106, -42.646948095313931 ], [ -73.740416648546244, -42.646978423676835 ], [ -73.740356253013047, -42.647011321674512 ], [ -73.740342093767552, -42.647020469071073 ], [ -73.740326682270521, -42.647028385492789 ], [ -73.740292513950394, -42.647040940363425 ], [ -73.740284871083944, -42.647041975094531 ], [ -73.740262785104377, -42.647048462316192 ], [ -73.740229590558002, -42.647061117616403 ], [ -73.74021264923006, -42.647069241507715 ], [ -73.740165862275106, -42.647095865662642 ], [ -73.740151010428505, -42.647106040508561 ], [ -73.740140885516936, -42.647117440377734 ], [ -73.740133267803344, -42.647131299544711 ], [ -73.740112744892343, -42.647155536395651 ], [ -73.740089581832763, -42.647180597187806 ], [ -73.740078494825511, -42.647197025982614 ], [ -73.740075024633583, -42.647199593642149 ], [ -73.740068095927782, -42.647209862957766 ], [ -73.740055469208144, -42.647221367205795 ], [ -73.740052001711149, -42.647223936846558 ], [ -73.740048534214154, -42.647229070181076 ], [ -73.740044647203931, -42.647231228837661 ], [ -73.74003951692535, -42.647237288537077 ], [ -73.739946639209805, -42.647292074906439 ], [ -73.739896793491312, -42.64731911325304 ], [ -73.739879847671801, -42.647324672099366 ], [ -73.739843607836619, -42.647342872312429 ], [ -73.739782934724005, -42.647377207236119 ], [ -73.739753923631895, -42.647396526734255 ], [ -73.739623410997524, -42.647469002384838 ], [ -73.739590223637677, -42.647484222604348 ], [ -73.739572721760993, -42.647490090002869 ], [ -73.739519234272336, -42.647502459111578 ], [ -73.739402605999018, -42.64756722443812 ], [ -73.739386357272153, -42.647574320809291 ], [ -73.739345241381599, -42.647586881516418 ], [ -73.739293301690182, -42.647609305114408 ], [ -73.739276773587278, -42.647615273594653 ], [ -73.739259409152822, -42.647620422093951 ], [ -73.739242881049918, -42.647626389912361 ], [ -73.739175385232713, -42.647654883726766 ], [ -73.739157603081665, -42.647659621902427 ], [ -73.73914010210332, -42.647665489284471 ], [ -73.73912343745647, -42.647672176645663 ], [ -73.739091637095413, -42.647687908228946 ], [ -73.739061509397416, -42.647705279766832 ], [ -73.739046794993058, -42.647714736287966 ], [ -73.739020009926236, -42.647735387073268 ], [ -73.738959336813622, -42.6477697217803 ], [ -73.738911850071077, -42.647794806772424 ], [ -73.738851176958491, -42.647829141446657 ], [ -73.738798003880177, -42.64786059461872 ], [ -73.738791339279089, -42.648212020939447 ], [ -73.738535789241993, -42.648431093977173 ], [ -73.738495801635452, -42.648465374120129 ], [ -73.738466677355632, -42.648519932115988 ], [ -73.738453067879064, -42.648534254804332 ], [ -73.738443778400722, -42.648546474380034 ], [ -73.73843921855233, -42.648559921592764 ], [ -73.738423146793593, -42.648586819313202 ], [ -73.73841302278035, -42.648598218911033 ], [ -73.738407069644936, -42.648611154045966 ], [ -73.738388354144305, -42.648636312039891 ], [ -73.738377256357296, -42.648647609876079 ], [ -73.738370325854888, -42.648657877631194 ], [ -73.738358118648492, -42.648669791925087 ], [ -73.738354653846429, -42.648674927122471 ], [ -73.73834452893486, -42.648686326043403 ], [ -73.73831663265203, -42.648707595610311 ], [ -73.738311500576827, -42.648713653844453 ], [ -73.738302757274155, -42.648720435577367 ], [ -73.738297625198939, -42.648726494471035 ], [ -73.738288881896281, -42.648733275541801 ], [ -73.73827959331625, -42.648745494417653 ], [ -73.738272652932366, -42.648750632251691 ], [ -73.73826780202981, -42.648757820990006 ], [ -73.738256418578544, -42.648765424665598 ], [ -73.738247675275872, -42.648772207714316 ], [ -73.738191310483387, -42.648807355867262 ], [ -73.738173544502004, -42.648819789465456 ], [ -73.738155791097057, -42.648839919890413 ], [ -73.738148852509781, -42.648845057055951 ], [ -73.738143586585593, -42.648854399097722 ], [ -73.738118609827438, -42.6488759725422 ], [ -73.738011837869394, -42.648935902555039 ], [ -73.737992536667207, -42.648945977990842 ], [ -73.737976430772463, -42.648954922259541 ], [ -73.737964079835635, -42.648964989763499 ], [ -73.737951871730914, -42.648976904659278 ], [ -73.737933159823541, -42.649004628768843 ], [ -73.737921505979358, -42.649016235097591 ], [ -73.737918041177323, -42.649021368944943 ], [ -73.737906388231437, -42.649032974609845 ], [ -73.737902922531092, -42.649038110437999 ], [ -73.737899452339136, -42.649040678021528 ], [ -73.737888924982329, -42.649059362705685 ], [ -73.737875240945598, -42.649099701359681 ], [ -73.737873599723585, -42.649113453047441 ], [ -73.737870430467254, -42.649127409557124 ], [ -73.737864895946785, -42.64914075357111 ], [ -73.737862281849317, -42.649154403498052 ], [ -73.737853577174221, -42.649181706646644 ], [ -73.737840005426904, -42.649208500364423 ], [ -73.737832663496093, -42.649220922650095 ], [ -73.737823791734343, -42.649233553061556 ], [ -73.737816448905221, -42.649245974681477 ], [ -73.737807050730694, -42.649274304555128 ], [ -73.737801265580273, -42.649301911584018 ], [ -73.737790166894939, -42.64931320996007 ], [ -73.737772841986356, -42.649338879069965 ], [ -73.737763136588029, -42.649350689499848 ], [ -73.737760520693939, -42.64936433739858 ], [ -73.737763188690309, -42.649378905681445 ], [ -73.737763075502599, -42.649392449179771 ], [ -73.737764909862406, -42.649406196838456 ], [ -73.737764520891901, -42.649421177402402 ], [ -73.737772049672287, -42.649433686860952 ], [ -73.737781108283627, -42.649445991493103 ], [ -73.73778549745208, -42.649487848895873 ], [ -73.737789600956305, -42.649504852569862 ], [ -73.737789931536327, -42.64951664248585 ], [ -73.737780656431042, -42.649524118549472 ], [ -73.737770292567603, -42.649529054799189 ], [ -73.737756813346749, -42.649533948762368 ], [ -73.737754734645193, -42.649537029045177 ], [ -73.737749874759501, -42.649539086531291 ], [ -73.737731387430955, -42.64953972148443 ], [ -73.737693994158946, -42.649538015502074 ], [ -73.737674954366497, -42.649538959012069 ], [ -73.737655221074633, -42.649540929282921 ], [ -73.737636180383888, -42.649541873453607 ], [ -73.737617546629934, -42.649538096110078 ], [ -73.737598635296578, -42.649533190254274 ], [ -73.737591267314613, -42.649532787214227 ], [ -73.737572914733363, -42.649530138382261 ], [ -73.737551927393383, -42.649530878390216 ], [ -73.737513575618962, -42.649536767399539 ], [ -73.737477731042489, -42.649545114952012 ], [ -73.737458838573758, -42.649550470097303 ], [ -73.737440357533401, -42.649553670630546 ], [ -73.737402138709641, -42.649556273871731 ], [ -73.737383796009865, -42.649558756200868 ], [ -73.737365173934037, -42.64956010935763 ], [ -73.737347111508612, -42.649563720198131 ], [ -73.73729818746159, -42.649565206820405 ], [ -73.737282900830408, -42.649567274877136 ], [ -73.73726511867936, -42.64957201356787 ], [ -73.737226904347182, -42.649577183708992 ], [ -73.737200506454244, -42.649582852693882 ], [ -73.737182164652765, -42.649585335682723 ], [ -73.737145065129837, -42.649592452966694 ], [ -73.737095876978159, -42.649600507812437 ], [ -73.737085176246481, -42.649601954790626 ], [ -73.737073925745875, -42.649606274581878 ], [ -73.737064617402893, -42.649608234939784 ], [ -73.737060311777739, -42.649609983867059 ], [ -73.737052531469061, -42.649611736097889 ], [ -73.737008513121822, -42.649634252127505 ], [ -73.736996848497853, -42.649640727846574 ], [ -73.736976166585066, -42.64965542160153 ], [ -73.736963279354001, -42.649676059188884 ], [ -73.736956338970117, -42.649681196285364 ], [ -73.736952180668666, -42.649687358157685 ], [ -73.736934830607282, -42.649700201226118 ], [ -73.736929699430377, -42.649706260685029 ], [ -73.736861941305136, -42.649743884024737 ], [ -73.73685263206383, -42.649745841735452 ], [ -73.736831383314097, -42.649755715520726 ], [ -73.736792496143764, -42.64977217204634 ], [ -73.736775971634117, -42.649780705889903 ], [ -73.736759722907252, -42.649787802008532 ], [ -73.736733471439706, -42.649797883913529 ], [ -73.73672582857327, -42.649798918598727 ], [ -73.736709161231488, -42.649805604409138 ], [ -73.736701518365052, -42.649806638433517 ], [ -73.736693325729661, -42.649810545922293 ], [ -73.736658458520211, -42.649821560757793 ], [ -73.736650815653775, -42.649822594781895 ], [ -73.73664650913031, -42.649824344363857 ], [ -73.736631224295763, -42.64982641175127 ], [ -73.736613721520754, -42.649832278268171 ], [ -73.736606078654319, -42.649833312292117 ], [ -73.736588715118188, -42.649838460607818 ], [ -73.736570513453913, -42.649842788311247 ], [ -73.736553011577215, -42.649848654826648 ], [ -73.736537725844343, -42.649850724195339 ], [ -73.736529945535679, -42.649852475758685 ], [ -73.736506613592809, -42.649862861583394 ], [ -73.736490506799754, -42.649871805720267 ], [ -73.736473702015729, -42.649879211044379 ], [ -73.736437183702805, -42.649898845588375 ], [ -73.736421627577045, -42.649904914938688 ], [ -73.73637760833148, -42.649927431522912 ], [ -73.736364690557693, -42.649932676295521 ], [ -73.736357046792932, -42.64993371097848 ], [ -73.736353159782695, -42.649935869541196 ], [ -73.736340931915052, -42.649937524637458 ], [ -73.73633315609797, -42.649941841101821 ], [ -73.736298293380102, -42.649955421477713 ], [ -73.736281344865645, -42.649960980088444 ], [ -73.736264679320499, -42.649967665881427 ], [ -73.736245923395657, -42.649972302130571 ], [ -73.736143509165075, -42.649986156697167 ], [ -73.73613920264161, -42.649987906274546 ], [ -73.73611627583891, -42.6499910070171 ], [ -73.736093075948389, -42.649998110379634 ], [ -73.73608390504765, -42.649999351205032 ], [ -73.736079599422496, -42.650001100782028 ], [ -73.736062647314782, -42.650004093827135 ], [ -73.736046397689591, -42.65001118992032 ], [ -73.73598099764196, -42.650046860660126 ], [ -73.735946282247809, -42.650064852611997 ], [ -73.735929477463785, -42.650072257913138 ], [ -73.735908642837416, -42.650079974410431 ], [ -73.735889887810913, -42.650084609990486 ], [ -73.735852925730228, -42.650091009680409 ], [ -73.735813737624284, -42.650096077367522 ], [ -73.735795252092345, -42.650096712314983 ], [ -73.73577872309113, -42.650102680556557 ], [ -73.735742602731875, -42.650112465088647 ], [ -73.7357334300345, -42.650113705251066 ], [ -73.735713982406907, -42.65011936890135 ], [ -73.735686467009771, -42.650123090048801 ], [ -73.735667573642701, -42.650128445805059 ], [ -73.735629359310522, -42.650133613917745 ], [ -73.73561157715946, -42.650138352565328 ], [ -73.735587119627525, -42.650141660764859 ], [ -73.735569057202127, -42.650145270250185 ], [ -73.735550713604013, -42.650147751895098 ], [ -73.735531402520365, -42.650152696684607 ], [ -73.735512916988441, -42.650153331631515 ], [ -73.735494711730908, -42.65015509375776 ], [ -73.73547594682293, -42.650154600203841 ], [ -73.735438562534057, -42.650158024688288 ], [ -73.735420077002146, -42.650158658974398 ], [ -73.735401733404046, -42.650161139958087 ], [ -73.735343590845602, -42.650165363246145 ], [ -73.735015013165807, -42.650293689752807 ], [ -73.735000852123676, -42.650302835345201 ], [ -73.734961714323362, -42.650333553875164 ], [ -73.734948530648268, -42.650345367419774 ], [ -73.734945064947894, -42.650350501818124 ], [ -73.734932714011052, -42.650360569096208 ], [ -73.734866205442373, -42.650399421625444 ], [ -73.734856208091571, -42.65040497160723 ], [ -73.734832041613785, -42.650414539378261 ], [ -73.734822731474182, -42.650416499049982 ], [ -73.734769411970504, -42.650446102903288 ], [ -73.734761630763515, -42.650447855110556 ], [ -73.734750380262895, -42.650452176164485 ], [ -73.734741071021602, -42.650454135174321 ], [ -73.734729821419307, -42.650458454906385 ], [ -73.734712730971012, -42.650462167444282 ], [ -73.734677739794066, -42.650481595001644 ], [ -73.734664414185133, -42.650491561169716 ], [ -73.734648872432416, -42.650505325763994 ], [ -73.73464540224046, -42.650507893947655 ], [ -73.734641242142402, -42.650514054416682 ], [ -73.734620706654994, -42.650533160852397 ], [ -73.734611829503365, -42.650543224797381 ], [ -73.734600445153774, -42.650550828254737 ], [ -73.734539212390729, -42.650585469298619 ], [ -73.734486447147589, -42.650614765180727 ], [ -73.734477702946606, -42.650621545384936 ], [ -73.734311632298343, -42.650713750671017 ], [ -73.734298577980624, -42.650719714889163 ], [ -73.734272179189375, -42.650725383769938 ], [ -73.734234822748292, -42.650744200089719 ], [ -73.734227041541303, -42.650745951627876 ], [ -73.734202323497939, -42.650758392767067 ], [ -73.734162329603166, -42.650778030337065 ], [ -73.734154548396177, -42.650779781874299 ], [ -73.734137605271613, -42.650787905279934 ], [ -73.73412829603032, -42.650789864279204 ], [ -73.734103296814283, -42.650801176259833 ], [ -73.734083986628917, -42.650806119675977 ], [ -73.734012142067442, -42.650815837365961 ], [ -73.733978108494597, -42.650827671300853 ], [ -73.733959215127541, -42.650833026335711 ], [ -73.733923368754446, -42.650841372392811 ], [ -73.733798023229582, -42.65085832680446 ], [ -73.733756903745785, -42.650870886187718 ], [ -73.733749259082714, -42.650871919533678 ], [ -73.733744954355885, -42.650873668425405 ], [ -73.733689925358206, -42.650881111290573 ], [ -73.733672559127115, -42.650886258198128 ], [ -73.733654496701703, -42.650889867640224 ], [ -73.733636712754034, -42.650894606230203 ], [ -73.733618370054231, -42.6508970858631 ], [ -73.733598360081274, -42.650900492467585 ], [ -73.73356167468171, -42.650905455697057 ], [ -73.733545005543291, -42.650912140067113 ], [ -73.733509028016172, -42.650923771146758 ], [ -73.733470811887358, -42.650928939854133 ], [ -73.73343413636924, -42.650939032145452 ], [ -73.733402034174247, -42.650943372986426 ], [ -73.733383558523812, -42.650949137649249 ], [ -73.733311714860648, -42.650958855316844 ], [ -73.733293650638601, -42.650962464094029 ], [ -73.733274186841342, -42.650960431761824 ], [ -73.733253336943591, -42.650960452904442 ], [ -73.733216209572902, -42.650952177558885 ], [ -73.73319786148322, -42.650952094309872 ], [ -73.733179656225673, -42.650953857074221 ], [ -73.733153950035501, -42.650958500517618 ], [ -73.733136304428371, -42.650962518932666 ], [ -73.733128661561949, -42.650963552937789 ], [ -73.733093232905446, -42.650972309275836 ], [ -73.73307531151552, -42.650977765386273 ], [ -73.733050853983599, -42.650981072880434 ], [ -73.733033901875871, -42.650984065217671 ], [ -73.733025289727237, -42.650987562334109 ], [ -73.733014589893898, -42.650989009940723 ], [ -73.732997921653791, -42.650995696283907 ], [ -73.732949732428708, -42.651019240531106 ], [ -73.732933065086925, -42.651025926871064 ], [ -73.732895818240294, -42.651028631799285 ], [ -73.732877480032087, -42.651033678267417 ], [ -73.732833012527195, -42.651040391034016 ], [ -73.732813562204683, -42.651046053939211 ], [ -73.732778404839394, -42.651050809034921 ], [ -73.732746028658241, -42.651056586901845 ], [ -73.732729499657012, -42.65106255505134 ], [ -73.732709223782734, -42.651072527072678 ], [ -73.732693662267067, -42.651076030791181 ], [ -73.732655474884339, -42.65109659060473 ], [ -73.732638531759761, -42.651104713308271 ], [ -73.732622534561187, -42.651111284676425 ], [ -73.73260498327717, -42.651116467243 ], [ -73.732586774426352, -42.651120150670629 ], [ -73.732568127197695, -42.651120833839094 ], [ -73.732550159095382, -42.651117889739822 ], [ -73.732531647512317, -42.65111784877616 ], [ -73.732513437763188, -42.651121530882286 ], [ -73.732497074950302, -42.651128727935742 ], [ -73.732481556553765, -42.651136750868766 ], [ -73.73246575159466, -42.651143634746639 ], [ -73.732447255282949, -42.651146181100728 ], [ -73.732428184947793, -42.65114645066808 ], [ -73.732390874320771, -42.651145229025957 ], [ -73.732354019139606, -42.651149594959321 ], [ -73.732334947007814, -42.651149864526623 ], [ -73.732297244715326, -42.651153405900914 ], [ -73.732278445671383, -42.651152225883315 ], [ -73.732260055360896, -42.651148870166843 ], [ -73.732210152150216, -42.651129365515509 ], [ -73.732192184946229, -42.651126422738052 ], [ -73.73217382517845, -42.651128244300139 ], [ -73.732137544020759, -42.651134885700436 ], [ -73.732115479600751, -42.651127090049513 ], [ -73.732097101866671, -42.651126322971685 ], [ -73.732085770517685, -42.651130708727514 ], [ -73.732055580835933, -42.651147577829406 ], [ -73.732039775876814, -42.651154462366804 ], [ -73.732021567924335, -42.651158145792188 ], [ -73.732004205286515, -42.65116265509743 ], [ -73.731987977220896, -42.651169126693183 ], [ -73.731969480909214, -42.651171673706919 ], [ -73.73195137716128, -42.651169454402343 ], [ -73.731913946160034, -42.651171544208957 ], [ -73.731895873853148, -42.651174502841172 ], [ -73.731879933248408, -42.651182112167668 ], [ -73.73186934211121, -42.651193223883723 ], [ -73.731854246821186, -42.651201659087505 ], [ -73.731831127779031, -42.651204841036083 ], [ -73.731812918928227, -42.651208523137086 ], [ -73.73179443878621, -42.651213657464197 ], [ -73.73177849818147, -42.651221267446594 ], [ -73.731761422106246, -42.651226913157053 ], [ -73.731728542868524, -42.65123944339495 ], [ -73.731711179332393, -42.651243952694287 ], [ -73.731673221918385, -42.651251530959257 ], [ -73.731656994751106, -42.651258003206436 ], [ -73.731630885217356, -42.651277136502465 ], [ -73.731602387961615, -42.651295657321242 ], [ -73.731231531971289, -42.651423691448031 ], [ -73.731193966222733, -42.651426506035392 ], [ -73.731175893017536, -42.65142946465545 ], [ -73.731158394734109, -42.65143469740876 ], [ -73.731139761878495, -42.651437969200785 ], [ -73.731122401037311, -42.651442477164338 ], [ -73.731105325860398, -42.651448124176099 ], [ -73.731089384357347, -42.651455733469113 ], [ -73.731074289067323, -42.651464166655167 ], [ -73.731058348462611, -42.651471777928364 ], [ -73.731024198108756, -42.651483068642555 ], [ -73.731005991054587, -42.651486752709197 ], [ -73.730986951262139, -42.65149219886397 ], [ -73.730969180789202, -42.651498881849562 ], [ -73.730936603385402, -42.651515137721759 ], [ -73.730887406250559, -42.651542629454958 ], [ -73.730850277981546, -42.651548446257529 ], [ -73.730831629854563, -42.651549127439161 ], [ -73.730813845008583, -42.651553223117922 ], [ -73.730779272446554, -42.651564102862082 ], [ -73.730743700059605, -42.651572295538742 ], [ -73.730726201776193, -42.651577529601482 ], [ -73.730689497511989, -42.651583757355887 ], [ -73.730653789479447, -42.651592673495891 ], [ -73.730635173691823, -42.651598532578568 ], [ -73.730618945626233, -42.651605004128925 ], [ -73.730572679694149, -42.651630207160849 ], [ -73.730495391342046, -42.651674043207528 ], [ -73.730457071906969, -42.651691560307235 ], [ -73.730439724540517, -42.651698656868547 ], [ -73.730430477282979, -42.651699930034255 ], [ -73.730388123513961, -42.651722946777831 ], [ -73.730374298441731, -42.651732618736375 ], [ -73.730348900373713, -42.65175330320475 ], [ -73.730321384976563, -42.651771922986384 ], [ -73.730290499998773, -42.651789830530703 ], [ -73.730277233678649, -42.65179919062976 ], [ -73.730257744728561, -42.65182306426059 ], [ -73.730228823467996, -42.651841171320598 ], [ -73.73018396250103, -42.65186688893948 ], [ -73.730154483386656, -42.651885308496112 ], [ -73.730138254422741, -42.651891780016648 ], [ -73.730119214630292, -42.65189722547526 ], [ -73.730070392092927, -42.65191736547542 ], [ -73.730053740920809, -42.651923424057621 ], [ -73.730035532070005, -42.651927107437487 ], [ -73.730017171403915, -42.651928926333326 ], [ -73.729998523276919, -42.651929609492889 ], [ -73.729981160639127, -42.651934117420794 ], [ -73.729964931675198, -42.651940588275551 ], [ -73.729948431420055, -42.651948510678118 ], [ -73.729918664844803, -42.651965791832218 ], [ -73.729905399423004, -42.651975152565477 ], [ -73.729890726341139, -42.651983999937052 ], [ -73.729878730238852, -42.651994597489015 ], [ -73.729871372138362, -42.652007148714482 ], [ -73.729859469460834, -42.652033274574123 ], [ -73.729847472460222, -42.652043873439069 ], [ -73.729830972205079, -42.652051795167736 ], [ -73.729812763354261, -42.652055477879337 ], [ -73.729792726431853, -42.652058234957636 ], [ -73.729773928286235, -42.652057054957197 ], [ -73.729754025212785, -42.652059085932166 ], [ -73.729736662574965, -42.652063594511404 ], [ -73.729698521904638, -42.652064134298783 ], [ -73.729679314127239, -42.65206512864394 ], [ -73.729642426606716, -42.652064317971842 ], [ -73.729585788726368, -42.652067401432816 ], [ -73.729567714622846, -42.652070360683105 ], [ -73.729552198022958, -42.652078382833942 ], [ -73.729542029093935, -42.652089906002359 ], [ -73.729541213423659, -42.652094256012774 ], [ -73.729546322142681, -42.652104385113866 ], [ -73.729547247407424, -42.652118150011873 ], [ -73.72953890744833, -42.652130598804909 ], [ -73.72953491982679, -42.652143863552062 ], [ -73.729535783107764, -42.652147276695189 ], [ -73.729529829972392, -42.652160338605881 ], [ -73.729525782163705, -42.652163250281838 ], [ -73.729508706088467, -42.652168897228158 ], [ -73.729492116001808, -42.652185307527461 ], [ -73.729477021610094, -42.65219374259663 ], [ -73.729459523326668, -42.652198975946369 ], [ -73.729440875199685, -42.652199657781566 ], [ -73.729422634907849, -42.652198165276005 ], [ -73.729403563674367, -42.652198434838752 ], [ -73.729385203008277, -42.652200254387367 ], [ -73.729370531723035, -42.652209101726939 ], [ -73.729367480146038, -42.652214701099204 ], [ -73.729368795279598, -42.652223703699512 ], [ -73.729371758821728, -42.652226592908946 ], [ -73.729378849224261, -42.652239508789911 ], [ -73.729377185544365, -42.65224303358486 ], [ -73.729363648831338, -42.652253843835631 ], [ -73.729290576272874, -42.652299219515726 ], [ -73.729278579272247, -42.652309817013958 ], [ -73.729270663317962, -42.652322678700948 ], [ -73.729261570570657, -42.652349831142494 ], [ -73.729243270990011, -42.652362001738126 ], [ -73.729228176598284, -42.652370437444048 ], [ -73.72917808474142, -42.652389337834627 ], [ -73.729162143238383, -42.652396947673189 ], [ -73.729130274605367, -42.65241475329114 ], [ -73.729120891702223, -42.652416751880637 ], [ -73.729102441204603, -42.652427060637045 ], [ -73.729093057403148, -42.652429057904726 ], [ -73.72906510272982, -42.652444677949596 ], [ -73.72905241133148, -42.652456314028207 ], [ -73.729032497478258, -42.652479775136236 ], [ -73.729023175660572, -42.652492123432012 ], [ -73.729010060257409, -42.652503346570633 ], [ -73.728995389870505, -42.652512193867075 ], [ -73.728979869677332, -42.652520215300257 ], [ -73.728962370495609, -42.652525448622505 ], [ -73.728944162543115, -42.652529131966702 ], [ -73.728926663361378, -42.652534364627527 ], [ -73.728910011290964, -42.652540423149659 ], [ -73.728892513007537, -42.652545656470181 ], [ -73.728875860937123, -42.65255171499124 ], [ -73.728844551954523, -42.652569210041008 ], [ -73.728831286532724, -42.652578568701379 ], [ -73.728819998302853, -42.652590717449478 ], [ -73.728810540839547, -42.652603791820162 ], [ -73.728779068363565, -42.652640852482797 ], [ -73.728752824082548, -42.652660710128274 ], [ -73.728733813934511, -42.652671330688982 ], [ -73.728706585998239, -42.652691089221605 ], [ -73.728690675037925, -42.652703874189974 ], [ -73.7286872003544, -42.652709061248622 ], [ -73.728683710399523, -42.652711661054319 ], [ -73.728662389784574, -42.652734608051283 ], [ -73.728630946054679, -42.652752827162722 ], [ -73.728626488614239, -42.652757914453545 ], [ -73.728571833315726, -42.652787802609105 ], [ -73.728556315817528, -42.652795824667429 ], [ -73.728540509061787, -42.65280270902236 ], [ -73.728506358707932, -42.652814000816335 ], [ -73.728490551952191, -42.652820884508543 ], [ -73.728475457560478, -42.652829318830896 ], [ -73.728434962405771, -42.65285843725291 ], [ -73.728419020004438, -42.652866046373383 ], [ -73.728401673536297, -42.652873141479375 ], [ -73.728366676071161, -42.6528836087247 ], [ -73.728347771924291, -42.652888328002881 ], [ -73.728314768719088, -42.652904171904837 ], [ -73.728269059742473, -42.652929061906185 ], [ -73.728238732618479, -42.652946655952597 ], [ -73.728224483541453, -42.652955916114117 ], [ -73.728193734209285, -42.652973097224894 ], [ -73.72817792745353, -42.652979980899545 ], [ -73.728140390451074, -42.652987970559515 ], [ -73.728124161487145, -42.652994441965326 ], [ -73.728084027455196, -42.653013620314368 ], [ -73.728064986764437, -42.653019066335453 ], [ -73.728046491351051, -42.653021611291393 ], [ -73.728009043281816, -42.653021111814084 ], [ -73.727971779367195, -42.653027651266896 ], [ -73.727936630086745, -42.65303625535703 ], [ -73.72791769360056, -42.653035799484947 ], [ -73.72791417310296, -42.653033222816738 ], [ -73.727898001631218, -42.653026029287105 ], [ -73.727862472363412, -42.653017967617416 ], [ -73.727842433644383, -42.653020724653075 ], [ -73.727822682386233, -42.653024618726221 ], [ -73.727774282955352, -42.653045169967413 ], [ -73.727744515481774, -42.653062451477538 ], [ -73.72772783556357, -42.653087351325787 ], [ -73.727716261669457, -42.653098360956221 ], [ -73.727687338612256, -42.653116468966324 ], [ -73.727655606523172, -42.653133548948254 ], [ -73.727638954452729, -42.653139608072706 ], [ -73.727621168708424, -42.653143701664668 ], [ -73.727584038642789, -42.6531495176568 ], [ -73.72756483086539, -42.653150511984606 ], [ -73.727549026804596, -42.65315739563961 ], [ -73.727532372937532, -42.653163454101026 ], [ -73.727504190092134, -42.653164270044265 ], [ -73.727485404522909, -42.653165678619928 ], [ -73.727467333114333, -42.65316863517522 ], [ -73.727449592285794, -42.653180494429108 ], [ -73.727437171280343, -42.653190680171988 ], [ -73.727428832219587, -42.653203128750341 ], [ -73.727426249563138, -42.653216905958139 ], [ -73.727419314569133, -42.653229867881201 ], [ -73.72740731756852, -42.653240465881552 ], [ -73.727394050350085, -42.653249827083641 ], [ -73.727360897126218, -42.653263805789045 ], [ -73.727343125754942, -42.653270489244953 ], [ -73.727327184251919, -42.653278098315042 ], [ -73.727315896920373, -42.653290246265847 ], [ -73.72730376427414, -42.653301569023284 ], [ -73.727290497055705, -42.653310930216172 ], [ -73.727273284436563, -42.653317300504156 ], [ -73.727265443042441, -42.653319086325283 ], [ -73.72719742710072, -42.65334280609477 ], [ -73.727162277820256, -42.653351409480578 ], [ -73.727143780610248, -42.653353954422954 ], [ -73.727106347812352, -42.653356042834773 ], [ -73.727087988044588, -42.653357861688839 ], [ -73.727070911969349, -42.653363508526709 ], [ -73.727054969568016, -42.653371118246092 ], [ -73.727024778089614, -42.653387985418995 ], [ -73.726961129756802, -42.653415108325532 ], [ -73.726943344012483, -42.65341920388142 ], [ -73.726925844830745, -42.653424436467333 ], [ -73.726910038075005, -42.653431320092011 ], [ -73.726879423490118, -42.653447776305775 ], [ -73.726863616734377, -42.653454659267169 ], [ -73.726846540659153, -42.653460305435573 ], [ -73.726830598257806, -42.653467914482434 ], [ -73.726815503866078, -42.653476348717007 ], [ -73.726799274003852, -42.653482819411309 ], [ -73.726795752607927, -42.653480242761653 ], [ -73.726783677453881, -42.653477900653037 ], [ -73.726764469676482, -42.653478894975628 ], [ -73.726746397369595, -42.653481852837359 ], [ -73.726728034906856, -42.653483671687731 ], [ -73.726709524222116, -42.653483629404242 ], [ -73.726690603007285, -42.653485761416583 ], [ -73.726673527830386, -42.653491406921468 ], [ -73.726657721074645, -42.653498290538742 ], [ -73.726643049789416, -42.653507137032967 ], [ -73.726635689892291, -42.653519687292537 ], [ -73.726637597015639, -42.653533551639853 ], [ -73.726644685621537, -42.653546468570788 ], [ -73.726641528941641, -42.653557969664803 ], [ -73.726621975312852, -42.653571491111421 ], [ -73.726604477029426, -42.653576723684544 ], [ -73.726586403824214, -42.653579681541672 ], [ -73.726569749957179, -42.653585740622638 ], [ -73.72655507867195, -42.653594587104422 ], [ -73.726539271916209, -42.653601470710292 ], [ -73.726533936821752, -42.653600555671048 ], [ -73.726515863616541, -42.653603513527031 ], [ -73.726499784671276, -42.65361184665948 ], [ -73.726486519249477, -42.65362120714498 ], [ -73.726468691284353, -42.653665571651658 ], [ -73.72646133408216, -42.653678121218604 ], [ -73.726431142603786, -42.653694988968915 ], [ -73.72641222049063, -42.65369712097398 ], [ -73.726393572363662, -42.653697803453461 ], [ -73.726376497186735, -42.653703449599782 ], [ -73.726370362591666, -42.653709472992148 ], [ -73.726363005389473, -42.653722021228859 ], [ -73.726348331409326, -42.653730869012612 ], [ -73.7263328139111, -42.653738890288615 ], [ -73.726315736937536, -42.653744536431198 ], [ -73.726310401843079, -42.653743622715439 ], [ -73.726294232167959, -42.653736427946619 ], [ -73.726277229754572, -42.653730997183899 ], [ -73.726258580729279, -42.653731678341643 ], [ -73.726241081547542, -42.653736911561943 ], [ -73.726226410262328, -42.653745758022254 ], [ -73.726225729339347, -42.653749383815324 ], [ -73.726228194316491, -42.653762936932822 ], [ -73.726238502484364, -42.653774705560721 ], [ -73.726238836657643, -42.6537836055304 ], [ -73.726235361075808, -42.653788793159691 ], [ -73.726224769938611, -42.653799903749402 ], [ -73.726195845983099, -42.653818011555209 ], [ -73.726145103745964, -42.653845711704662 ], [ -73.726129584451115, -42.653853733626498 ], [ -73.726078355327104, -42.653870670039446 ], [ -73.726062837828863, -42.653878691297386 ], [ -73.726037994919693, -42.653899061892112 ], [ -73.726007803441306, -42.653915929582503 ], [ -73.725991437035134, -42.653923126312584 ], [ -73.725973938751721, -42.653928358856135 ], [ -73.725957708889482, -42.653934829503392 ], [ -73.725942189594633, -42.653942851413781 ], [ -73.725927939619282, -42.653952110105607 ], [ -73.725911709757042, -42.65395858207178 ], [ -73.725896191360519, -42.653966602657711 ], [ -73.725884192563271, -42.653977200532516 ], [ -73.725875098917641, -42.6540043535731 ], [ -73.725871533504275, -42.654018028199005 ], [ -73.7258655812672, -42.654031091038142 ], [ -73.725856499299681, -42.654036814453008 ], [ -73.725844924507243, -42.65404782457604 ], [ -73.725840377235272, -42.65406140075207 ], [ -73.725833443139592, -42.654074364481133 ], [ -73.725820175921172, -42.654083723575688 ], [ -73.725775732670797, -42.654109851205696 ], [ -73.725761483593772, -42.654119110533351 ], [ -73.725748639481836, -42.654128882541514 ], [ -73.725738048344652, -42.65413999439177 ], [ -73.725692623235659, -42.654166020915305 ], [ -73.725646353710317, -42.654191222909454 ], [ -73.725631407540618, -42.654201519479656 ], [ -73.725619833646505, -42.65421253089486 ], [ -73.725601322961765, -42.654236503360742 ], [ -73.72557043618734, -42.654254408874067 ], [ -73.725557168968905, -42.654263767941522 ], [ -73.725548405005, -42.654275805367718 ], [ -73.725532885710166, -42.654283825912785 ], [ -73.725516520202305, -42.654291021939606 ], [ -73.725511742961629, -42.654289795734584 ], [ -73.725493502669778, -42.65428830195787 ], [ -73.725487066240774, -42.654290601092299 ], [ -73.725471274756401, -42.654300071807661 ], [ -73.725458429746155, -42.654309844448065 ], [ -73.725451844196797, -42.654334296523096 ], [ -73.725446179420615, -42.654348496969924 ], [ -73.725436431801469, -42.654360433297228 ], [ -73.725414506620311, -42.654375929311783 ], [ -73.725397037981324, -42.654386337504569 ], [ -73.725367419628085, -42.654405481069588 ], [ -73.725356828490888, -42.654416592209763 ], [ -73.725349891700262, -42.654429553882807 ], [ -73.725341129532978, -42.654441591276942 ], [ -73.725326879557628, -42.654450850555186 ], [ -73.725311781572643, -42.654459284656454 ], [ -73.725299783673705, -42.654469882447316 ], [ -73.725293272684524, -42.654483257027223 ], [ -73.725273357034666, -42.654506717370623 ], [ -73.725251190206734, -42.654528838530602 ], [ -73.725241019481075, -42.654540361905681 ], [ -73.725232680420305, -42.654552812195888 ], [ -73.725234131199485, -42.65456108904435 ], [ -73.7252414614522, -42.654567379924138 ], [ -73.725254383717569, -42.65457054650517 ], [ -73.725263641754879, -42.654576926574144 ], [ -73.725266882876426, -42.654585802644988 ], [ -73.725261007894474, -42.654594154805196 ], [ -73.725250215534643, -42.654600787907398 ], [ -73.725236949214533, -42.654610148244082 ], [ -73.725220717555658, -42.654616618159757 ], [ -73.725202221243961, -42.654619163050306 ], [ -73.725183573116979, -42.654619843537645 ], [ -73.725165194484575, -42.65461907584222 ], [ -73.725146804174074, -42.654615718991479 ], [ -73.725091234390618, -42.654610411850356 ], [ -73.72507229970104, -42.65460995731118 ], [ -73.725035258568624, -42.654607280947417 ], [ -73.724998489625733, -42.65460315640042 ], [ -73.724980128061318, -42.654604975878634 ], [ -73.724942862350076, -42.65461151516493 ], [ -73.724924364241758, -42.654614058734381 ], [ -73.724907288166506, -42.654619703476193 ], [ -73.724861575596648, -42.65464459279098 ], [ -73.724832654336083, -42.654662699690178 ], [ -73.724817557249409, -42.654671133762747 ], [ -73.724801614848076, -42.654678741340113 ], [ -73.72478425041362, -42.65468324972943 ], [ -73.724764635699387, -42.654686418286573 ], [ -73.724729212432791, -42.654696470988839 ], [ -73.724711002683662, -42.654700152883109 ], [ -73.724692943851522, -42.654705697195801 ], [ -73.724677137994078, -42.654712580678677 ], [ -73.724661617800933, -42.654720602488716 ], [ -73.724617175448884, -42.654746729851148 ], [ -73.724573578411508, -42.654773683034712 ], [ -73.724543385136485, -42.65479055048791 ], [ -73.724508809879524, -42.654801427683736 ], [ -73.724492021265178, -42.65480821139554 ], [ -73.724460557772346, -42.654823840092206 ], [ -73.724430364497337, -42.654840708853122 ], [ -73.724387193261407, -42.654868073590052 ], [ -73.724372094378111, -42.654876506974091 ], [ -73.724356289419006, -42.654883390438009 ], [ -73.724339211547147, -42.654889035816034 ], [ -73.724323404791392, -42.654895919278609 ], [ -73.724306751822652, -42.654901976910025 ], [ -73.72427202475042, -42.654910992334635 ], [ -73.724253104433899, -42.654913123637378 ], [ -73.724235316892944, -42.654917219094592 ], [ -73.724220220704623, -42.654925652471967 ], [ -73.724192566966906, -42.654944996712786 ], [ -73.724158824448196, -42.65497812833582 ], [ -73.724145979437949, -42.654987900869692 ], [ -73.724117056380749, -42.655006006347612 ], [ -73.72408530632535, -42.65502049799349 ], [ -73.724053269707369, -42.655033851974416 ], [ -73.72402307643236, -42.655050720678361 ], [ -73.724011500741611, -42.655061730621888 ], [ -73.724001330015952, -42.655073253898209 ], [ -73.723988909010515, -42.655083438009775 ], [ -73.723974235928665, -42.655092284939201 ], [ -73.723958716633831, -42.655100306700284 ], [ -73.723941216553769, -42.655105538484065 ], [ -73.723922855887679, -42.655107357947621 ], [ -73.723904781784157, -42.655110315071262 ], [ -73.723887417349715, -42.65511482342928 ], [ -73.723857224074706, -42.655131690789943 ], [ -73.723847477353871, -42.655143625645586 ], [ -73.723843488834007, -42.655156889750124 ], [ -73.723845332176992, -42.65516040314845 ], [ -73.723842734249175, -42.65517159145115 ], [ -73.723822620969969, -42.655185425039775 ], [ -73.72381146928403, -42.655196846551377 ], [ -73.723812329870057, -42.655200260848275 ], [ -73.723810668885093, -42.655203786136056 ], [ -73.723786489830914, -42.655217942120053 ], [ -73.723770260866999, -42.655224412633146 ], [ -73.723739507941559, -42.655241593117246 ], [ -73.72372285497282, -42.655247651375667 ], [ -73.72370775788616, -42.655256085368876 ], [ -73.723693507012499, -42.65526534386521 ], [ -73.723682354428249, -42.655276768004761 ], [ -73.723675420332569, -42.655289730159168 ], [ -73.723671431812704, -42.655302992911224 ], [ -73.723666823455304, -42.655330233901374 ], [ -73.723658288561765, -42.655357073198616 ], [ -73.723651351771153, -42.655370035336276 ], [ -73.723640623191713, -42.655381871047311 ], [ -73.723629048399289, -42.655392881592853 ], [ -73.723583486746378, -42.655419632995439 ], [ -73.723568541475004, -42.655429929362235 ], [ -73.723559777511085, -42.65544196524143 ], [ -73.723553822579078, -42.655455028442162 ], [ -73.723539105479773, -42.655480127511929 ], [ -73.723528935652453, -42.655491651371392 ], [ -73.723516513748692, -42.655501836075096 ], [ -73.723461295206491, -42.655532034742379 ], [ -73.723428140185987, -42.655546013595462 ], [ -73.723411061415803, -42.655551658913311 ], [ -73.723375216839329, -42.655561297904235 ], [ -73.723294926317564, -42.655597063898881 ], [ -73.723278710828367, -42.655606122165409 ], [ -73.72326334245048, -42.655616006251556 ], [ -73.723250921445043, -42.655626191595523 ], [ -73.723243985552742, -42.655639153016459 ], [ -73.723248852624963, -42.655655907923318 ], [ -73.72325173981028, -42.655669873535444 ], [ -73.72324676943181, -42.655683035786709 ], [ -73.723234347528049, -42.655693221119705 ], [ -73.723204999567727, -42.655710914143143 ], [ -73.723157383467779, -42.655748361419533 ], [ -73.722848143821111, -42.656103057002767 ], [ -73.722829632238046, -42.656103011417812 ], [ -73.722792062896232, -42.65610582447205 ], [ -73.72277354861825, -42.656105780869062 ], [ -73.722755187952131, -42.656107600303358 ], [ -73.722681406622911, -42.656105972457986 ], [ -73.722643806738375, -42.656103610628769 ], [ -73.722626729764826, -42.656109255235343 ], [ -73.722580592291834, -42.656133731046978 ], [ -73.722545441214763, -42.65614233338605 ], [ -73.722527077853726, -42.656144150837306 ], [ -73.722509003750204, -42.656147107911643 ], [ -73.722493060450546, -42.656154715969116 ], [ -73.72241672880422, -42.656196058834809 ], [ -73.72240247972718, -42.656205318512477 ], [ -73.722392731209737, -42.656217253822739 ], [ -73.722385373109233, -42.656229804196045 ], [ -73.722372255909463, -42.656241026660133 ], [ -73.72235507293469, -42.656252571519424 ], [ -73.722350614595939, -42.656257659184618 ], [ -73.722334957858848, -42.65626640420691 ], [ -73.72229318889309, -42.656294282301857 ], [ -73.722231409954375, -42.656330090817086 ], [ -73.722217159080699, -42.656339349814168 ], [ -73.722204738075277, -42.656349535039659 ], [ -73.722194144243119, -42.656360645832521 ], [ -73.722177038523498, -42.656385130794277 ], [ -73.722165039726235, -42.656395728917573 ], [ -73.722103396433113, -42.656430811982808 ], [ -73.72205725896012, -42.656455288328523 ], [ -73.722025947282575, -42.656472780298266 ], [ -73.721967673570106, -42.656508577479727 ], [ -73.721952576483446, -42.656517011301922 ], [ -73.721925056594728, -42.656535629657391 ], [ -73.721907555616355, -42.656540861320444 ], [ -73.721889345867226, -42.656544544426836 ], [ -73.721874249678891, -42.656552975601585 ], [ -73.721859997008579, -42.656562235886767 ], [ -73.721847151100022, -42.656572008832299 ], [ -73.721835575409258, -42.656583018506495 ], [ -73.721822730399012, -42.65659279012749 ], [ -73.721777862245517, -42.656618503799564 ], [ -73.7217463987527, -42.656634132701917 ], [ -73.721730590200337, -42.656641015310676 ], [ -73.721713513226774, -42.656646660529134 ], [ -73.721698417038425, -42.656655093671965 ], [ -73.721680341138267, -42.656658050722022 ], [ -73.721661693011285, -42.656658731187036 ], [ -73.721622732179114, -42.656663619304048 ], [ -73.721604656278956, -42.656666574371727 ], [ -73.72158842641673, -42.656673046055417 ], [ -73.721557808238572, -42.656689499429426 ], [ -73.721507422632598, -42.65670726021586 ], [ -73.721474131068177, -42.656721962871636 ], [ -73.721440822435753, -42.656734076456878 ], [ -73.721423035793137, -42.656738172454808 ], [ -73.721385903032555, -42.656743984146935 ], [ -73.721368539496424, -42.656748491725899 ], [ -73.721355270481354, -42.656757849757362 ], [ -73.721348756797227, -42.656771225166501 ], [ -73.721352203632989, -42.656784879364665 ], [ -73.721361528145621, -42.656796547002756 ], [ -73.721357191079434, -42.656798321493063 ], [ -73.721320043945809, -42.656801545436494 ], [ -73.721282034429507, -42.656801356492281 ], [ -73.721263794137656, -42.656799862115228 ], [ -73.721245718237512, -42.656802818497752 ], [ -73.721227357571422, -42.656804637911613 ], [ -73.721196738494953, -42.656821091911482 ], [ -73.721164988439554, -42.656835582473725 ], [ -73.721152565637496, -42.656845766957339 ], [ -73.721145205740385, -42.656858317203778 ], [ -73.721134612806537, -42.656869427905747 ], [ -73.721103994628407, -42.656885881888471 ], [ -73.721088050430424, -42.656893489194879 ], [ -73.721072954242061, -42.656901922964884 ], [ -73.721056722583199, -42.65690839198151 ], [ -73.72103922160484, -42.656913624273855 ], [ -73.721025953488095, -42.656922984262373 ], [ -73.721026255322016, -42.656926709627292 ], [ -73.721020725293144, -42.656940185417795 ], [ -73.721008726495882, -42.656950782125207 ], [ -73.720978107419427, -42.656967237407677 ], [ -73.720961453552363, -42.656973293516046 ], [ -73.720942533235871, -42.656975426730028 ], [ -73.720924458234038, -42.656978380461645 ], [ -73.720907092901285, -42.656982889344889 ], [ -73.720890439034235, -42.656988946112364 ], [ -73.720874494836252, -42.656996554727485 ], [ -73.720859396851267, -42.657004987162217 ], [ -73.720846127836197, -42.657014346476387 ], [ -73.720834129038948, -42.657024943831793 ], [ -73.720821284028702, -42.657034716043967 ], [ -73.720807032256715, -42.657043974936144 ], [ -73.72079545656598, -42.657054984526759 ], [ -73.720786692602047, -42.657067020752073 ], [ -73.720787554086414, -42.657070435606947 ], [ -73.720786933350567, -42.657084411471629 ], [ -73.720780980215153, -42.65709747432733 ], [ -73.720761833523198, -42.657108818192789 ], [ -73.720729234559855, -42.657122483547703 ], [ -73.720717234864296, -42.657133081545332 ], [ -73.720706641930462, -42.657144191537554 ], [ -73.720676869067006, -42.657161471908609 ], [ -73.720661063209576, -42.65716835511963 ], [ -73.720643561332892, -42.657173586068836 ], [ -73.72060118420768, -42.657169995489333 ], [ -73.72058267082798, -42.657169950565809 ], [ -73.720546385178707, -42.657176589339016 ], [ -73.720527720882046, -42.657174682731522 ], [ -73.720508935312836, -42.657176087252509 ], [ -73.720490860311003, -42.657179044277783 ], [ -73.720454862122637, -42.657186820011589 ], [ -73.720422838081049, -42.657202759932495 ], [ -73.720412667355419, -42.657214283472754 ], [ -73.720399821446847, -42.657224055655163 ], [ -73.720384300355377, -42.657232075819984 ], [ -73.720373705624908, -42.65724318645514 ], [ -73.720367193737417, -42.657256561099238 ], [ -73.720354770935359, -42.657266746174535 ], [ -73.720324153655525, -42.65728320005212 ], [ -73.720305956482804, -42.657289469516087 ], [ -73.720275339202985, -42.657305922727026 ], [ -73.720246413450838, -42.657324027530116 ], [ -73.72023356754228, -42.657333800355929 ], [ -73.720211397121062, -42.657355919849635 ], [ -73.720186129308757, -42.657375877727851 ], [ -73.72016395978585, -42.657397997206594 ], [ -73.720139113283423, -42.657418366648507 ], [ -73.720124862409747, -42.657427624822887 ], [ -73.720109764424762, -42.657436058520481 ], [ -73.72009126631643, -42.657438601313771 ], [ -73.720087049624482, -42.657437062689304 ], [ -73.720068944978252, -42.657434844268927 ], [ -73.720031222024531, -42.657435791622966 ], [ -73.719994362351784, -42.657440153811571 ], [ -73.719956791213349, -42.657442966144686 ], [ -73.719938399106226, -42.657439608125102 ], [ -73.719920022270458, -42.657438837821935 ], [ -73.719901492721092, -42.657436205181995 ], [ -73.71988657529748, -42.657427661818616 ], [ -73.719868456278206, -42.657422854359453 ], [ -73.719855565453869, -42.657424862036891 ], [ -73.71984004256575, -42.657432882836424 ], [ -73.719812521778707, -42.657451500917659 ], [ -73.719781905397213, -42.657467954085725 ], [ -73.719748172759978, -42.657479656609461 ], [ -73.719686239311017, -42.65751360078638 ], [ -73.719669161439157, -42.657519245264993 ], [ -73.719632874891573, -42.657525883340291 ], [ -73.719595849928822, -42.657525794154353 ], [ -73.719578846617125, -42.657520361740673 ], [ -73.719561013262094, -42.657516691904803 ], [ -73.719542772071947, -42.657515196884312 ], [ -73.719523986502708, -42.657516602718893 ], [ -73.719508177950345, -42.657523485890614 ], [ -73.719505533310169, -42.657526910629961 ], [ -73.71950527729031, -42.657530948439671 ], [ -73.719509282878136, -42.657544289990078 ], [ -73.719505398562859, -42.657551652780583 ], [ -73.719501483704846, -42.657553838164993 ], [ -73.719483273057421, -42.65755751989014 ], [ -73.71946490969637, -42.657559337300022 ], [ -73.719447122155415, -42.657563431922327 ], [ -73.719415657764287, -42.657579060587238 ], [ -73.719400982885816, -42.657587905840337 ], [ -73.719388560982054, -42.657598090200722 ], [ -73.719378389358084, -42.657609613667702 ], [ -73.719363670462172, -42.657634712528498 ], [ -73.719366268389962, -42.657647540082486 ], [ -73.719377694062061, -42.657658684335821 ], [ -73.719381910754009, -42.657660222294162 ], [ -73.719378843007334, -42.65766323478973 ], [ -73.719349070143849, -42.657680513695283 ], [ -73.719336225133603, -42.657690285804435 ], [ -73.719318134860416, -42.65771467048684 ], [ -73.71931414544224, -42.657727934042974 ], [ -73.719306784646804, -42.657740483450759 ], [ -73.719297265199728, -42.657767221952049 ], [ -73.719289905302603, -42.657779771351905 ], [ -73.719263335831457, -42.657793313020925 ], [ -73.719250065918089, -42.657802670895137 ], [ -73.719238489329015, -42.657813682333348 ], [ -73.719223816247165, -42.657822527553087 ], [ -73.719208007694803, -42.657829410690937 ], [ -73.719193755922817, -42.657838668804153 ], [ -73.71917805426996, -42.65786366715632 ], [ -73.719166054574401, -42.657874265027615 ], [ -73.719148267033447, -42.657878358307933 ], [ -73.719111541209685, -42.657881995090818 ], [ -73.719107323619426, -42.657880455816695 ], [ -73.719089492061045, -42.657876786002099 ], [ -73.719070825967762, -42.657874878094773 ], [ -73.719032546058557, -42.657876139242667 ], [ -73.719014848349147, -42.657871744713667 ], [ -73.718996878450184, -42.657868800273341 ], [ -73.718985815697465, -42.657871732822265 ], [ -73.718970718610805, -42.657880166459606 ], [ -73.71895871711861, -42.65789076366746 ], [ -73.718948970397776, -42.657902699975502 ], [ -73.718937393808716, -42.657913708753469 ], [ -73.718923428599297, -42.657924105123413 ], [ -73.718909176827324, -42.657933364543766 ], [ -73.718883061903682, -42.657952494464894 ], [ -73.718871062208137, -42.657963092321047 ], [ -73.718844947284509, -42.657982222893658 ], [ -73.718830695512523, -42.657991481644743 ], [ -73.718819118923449, -42.65800249106762 ], [ -73.718793003999835, -42.65802162030684 ], [ -73.718762808029879, -42.658038488860967 ], [ -73.718744309023236, -42.658041031629608 ], [ -73.718726098375797, -42.658044712665252 ], [ -73.718710727302962, -42.658054596363755 ], [ -73.718700134369129, -42.658065706851971 ], [ -73.718694178538797, -42.65807876884093 ], [ -73.718690189120622, -42.658092031658761 ], [ -73.718678144509283, -42.658118881655362 ], [ -73.718664875494227, -42.658128241462492 ], [ -73.718648506393109, -42.658135435723239 ], [ -73.718630296644008, -42.65813911675329 ], [ -73.718614063188511, -42.658145586962469 ], [ -73.718598118990528, -42.65815319477543 ], [ -73.718582463151748, -42.658161940191761 ], [ -73.718570039451379, -42.658172124458126 ], [ -73.718567575372546, -42.658182587508456 ], [ -73.718564085417668, -42.658185185764076 ], [ -73.718548565224509, -42.658193207126189 ], [ -73.718529641314731, -42.658195336995192 ], [ -73.71851097701807, -42.658193430418891 ], [ -73.718474085904305, -42.658192615862937 ], [ -73.718455300335066, -42.658194021021536 ], [ -73.718437935900624, -42.658198527174129 ], [ -73.718421280236953, -42.658204585144475 ], [ -73.718384148374682, -42.658210396038889 ], [ -73.718349282063556, -42.658220134372712 ], [ -73.718332627298182, -42.658226191680299 ], [ -73.718286063125447, -42.658250251783876 ], [ -73.718269695820965, -42.658257447351758 ], [ -73.718252194842592, -42.658262678869946 ], [ -73.718198829524837, -42.658274960615287 ], [ -73.718181329444789, -42.658280191471384 ], [ -73.718165384348481, -42.658287799267882 ], [ -73.718091585951271, -42.658331616748747 ], [ -73.71807733417927, -42.658340874126544 ], [ -73.718072150900099, -42.658341821466792 ], [ -73.718053909709937, -42.658340327126737 ], [ -73.718034835781495, -42.658340594020387 ], [ -73.718022805543214, -42.658346016453002 ], [ -73.717964091656242, -42.658378811326003 ], [ -73.717938126751264, -42.658399804078677 ], [ -73.717923875877602, -42.658409063428238 ], [ -73.717906795310796, -42.658414707825528 ], [ -73.717890564550231, -42.658421177345396 ], [ -73.717877295535175, -42.658430535785755 ], [ -73.717870100928081, -42.658447535033048 ], [ -73.717858525237318, -42.658458545696419 ], [ -73.717834826781811, -42.658459449433479 ], [ -73.717817326701763, -42.658464680934699 ], [ -73.717814258056762, -42.658467692730703 ], [ -73.717800382678874, -42.658493616367238 ], [ -73.717791616918319, -42.658505652314069 ], [ -73.717779194116261, -42.658515836524145 ], [ -73.717734322369495, -42.658541547419134 ], [ -73.71771837817154, -42.658549155183671 ], [ -73.717701300299666, -42.658554800228885 ], [ -73.717685068640805, -42.658561269734172 ], [ -73.717609576919273, -42.658603434138634 ], [ -73.717583038889131, -42.658622152284337 ], [ -73.717579441136422, -42.658630651882362 ], [ -73.717571098482381, -42.658643101353661 ], [ -73.717555727409575, -42.658652983635825 ], [ -73.71754062942459, -42.658661417167188 ], [ -73.717524685226607, -42.658669024256433 ], [ -73.717508030461232, -42.658675080859695 ], [ -73.7174730285045, -42.658685544486012 ], [ -73.717457506514705, -42.658693565122931 ], [ -73.717441273957519, -42.658700033953153 ], [ -73.717423485518268, -42.658704127839734 ], [ -73.717404851764314, -42.658707395285589 ], [ -73.717388196998954, -42.658713453206339 ], [ -73.71635001402511, -42.659330285841754 ], [ -73.716346705529915, -42.659327917528785 ], [ -73.716332884050942, -42.659325579604157 ], [ -73.716311614639963, -42.659332269014776 ], [ -73.71628955111828, -42.659359189161862 ], [ -73.716277980817424, -42.659370192397041 ], [ -73.716274549253029, -42.659395140587229 ], [ -73.716266702469042, -42.659407632845536 ], [ -73.716257729197665, -42.65941945589698 ], [ -73.716242100308335, -42.65944407970494 ], [ -73.7162155137692, -42.659464443191681 ], [ -73.716185542378057, -42.6594815055754 ], [ -73.71616925682028, -42.659489627844451 ], [ -73.716153245248634, -42.65949630072204 ], [ -73.716135827813602, -42.659502460300722 ], [ -73.716117474334013, -42.659504276993175 ], [ -73.716099111871301, -42.659504800861193 ], [ -73.716080985665499, -42.659509410635422 ], [ -73.716062275554748, -42.659510453086412 ], [ -73.716044240078801, -42.65950657791663 ], [ -73.716025863243033, -42.659504515475341 ], [ -73.716021527973481, -42.659506287906453 ], [ -73.716007139657577, -42.659514972355922 ], [ -73.715996202668975, -42.659526595881196 ], [ -73.715979698820576, -42.659533217887464 ], [ -73.715961351629218, -42.659536327402726 ], [ -73.715944069839793, -42.659541762282764 ], [ -73.715933617941459, -42.65955214318636 ], [ -73.715921410735049, -42.659562528051936 ], [ -73.715909371513618, -42.659565358786288 ], [ -73.715872972676635, -42.659562008148086 ], [ -73.71585519322052, -42.659566099996084 ], [ -73.715837420950933, -42.659571485327405 ], [ -73.715818976741531, -42.659569784905116 ], [ -73.71580097809651, -42.659572375836028 ], [ -73.715785530666864, -42.659580029056819 ], [ -73.715775576435206, -42.659591752983346 ], [ -73.715773551632552, -42.659605209699095 ], [ -73.715765703950225, -42.659617703236421 ], [ -73.715737840006753, -42.659635535854022 ], [ -73.715728374458607, -42.659647308655472 ], [ -73.715728396916475, -42.659651188440805 ], [ -73.715720202484462, -42.659664199890088 ], [ -73.715700774619819, -42.659674401086342 ], [ -73.71566279744286, -42.659676797131873 ], [ -73.715642457788192, -42.659686535896647 ], [ -73.715631165965078, -42.659697383829737 ], [ -73.715623105382022, -42.659709669915969 ], [ -73.715600302546861, -42.659717863501427 ], [ -73.715572779064871, -42.659721882671768 ], [ -73.715554274668321, -42.65972183775007 ], [ -73.715535580727277, -42.659725465837141 ], [ -73.715519568257321, -42.659732138689435 ], [ -73.715507081674872, -42.659742680090183 ], [ -73.715496915440809, -42.659754197214227 ], [ -73.71548955823863, -42.659766739606958 ], [ -73.715484587860175, -42.659779895706166 ], [ -73.715465584000327, -42.659790510426788 ], [ -73.715447947376362, -42.659795169725768 ], [ -73.715429509455149, -42.659794762788529 ], [ -73.715410378932859, -42.659795391691489 ], [ -73.715392953412987, -42.659800258422322 ], [ -73.715377582340153, -42.659808842417661 ], [ -73.71536607851462, -42.659819484218474 ], [ -73.715351477298, -42.659827962513219 ], [ -73.715346779109055, -42.659827667219659 ], [ -73.715328281899048, -42.659828915776295 ], [ -73.715310713547026, -42.659833213057055 ], [ -73.715295832954368, -42.659841849236166 ], [ -73.715285454717872, -42.659853158909769 ], [ -73.715268393015677, -42.659860092689939 ], [ -73.715252214357406, -42.659862315648077 ], [ -73.715244237317691, -42.659864824650953 ], [ -73.715211759626911, -42.659860581542539 ], [ -73.715203293005359, -42.659863040339012 ], [ -73.715187287721946, -42.659871005993303 ], [ -73.715174869411456, -42.659881184694839 ], [ -73.71516659772432, -42.65989326529467 ], [ -73.715159385150898, -42.659906375784928 ], [ -73.715144715662319, -42.659915217403928 ], [ -73.715128915194796, -42.659922095685886 ], [ -73.715111490573221, -42.659926962406793 ], [ -73.715094842994361, -42.65993301492383 ], [ -73.715079396463054, -42.659940668760868 ], [ -73.715061404106237, -42.659944554473398 ], [ -73.715044333420877, -42.659950196088879 ], [ -73.715029734000879, -42.659958673044613 ], [ -73.715011590727087, -42.659960696494821 ], [ -73.714993155500835, -42.659960288898112 ], [ -73.714976931028488, -42.659966754954105 ], [ -73.714974564866026, -42.65997002167299 ], [ -73.714973106900317, -42.659984459313193 ], [ -73.714962939767943, -42.659995977053065 ], [ -73.714948973660213, -42.660005074976041 ], [ -73.714933173192691, -42.660011953248024 ], [ -73.714904252830436, -42.660028723491948 ], [ -73.714888200834608, -42.660035406881441 ], [ -73.714887505538584, -42.660038856585601 ], [ -73.71487885745735, -42.660046818253718 ], [ -73.714855612651064, -42.660049832615513 ], [ -73.714838400031894, -42.660055367202702 ], [ -73.714824501297812, -42.660064421516765 ], [ -73.714811618558315, -42.660074051880883 ], [ -73.714788557008347, -42.66007179589986 ], [ -73.714770522430712, -42.660083274647604 ], [ -73.714763210144298, -42.66009583547099 ], [ -73.71474353434462, -42.660119199229953 ], [ -73.714737660260994, -42.660132105544477 ], [ -73.714726213029323, -42.66014272747168 ], [ -73.71471154354073, -42.660146870808909 ], [ -73.71469499567489, -42.660152849977017 ], [ -73.714677338389663, -42.660156851282764 ], [ -73.714666201076767, -42.660154698359648 ], [ -73.714649040559891, -42.660149379800309 ], [ -73.714630762538803, -42.660147093433999 ], [ -73.714613027100157, -42.660152106131811 ], [ -73.714582992826948, -42.660168205159842 ], [ -73.714570387666882, -42.660178329642847 ], [ -73.714559112013433, -42.66018934330279 ], [ -73.714549062560351, -42.660201140441892 ], [ -73.714538033045287, -42.660212179861531 ], [ -73.714525181746836, -42.660222277913057 ], [ -73.714507732870757, -42.660226486645165 ], [ -73.714489020963384, -42.660225730909879 ], [ -73.714470813010891, -42.660228092582592 ], [ -73.714453919293661, -42.660233291565213 ], [ -73.714438381134187, -42.660240494830902 ], [ -73.714425498394704, -42.660250125167742 ], [ -73.714424556061985, -42.660253548435719 ], [ -73.714415527095056, -42.660260910244801 ], [ -73.714385913233386, -42.660277426087809 ], [ -73.714368427526381, -42.660281817143741 ], [ -73.714352293783875, -42.660288861858142 ], [ -73.714338461525131, -42.660298201520405 ], [ -73.714326380082881, -42.660308848522313 ], [ -73.714312936794656, -42.660318137314853 ], [ -73.714297917861415, -42.660326510505165 ], [ -73.714287133586438, -42.660337578969198 ], [ -73.714280837294623, -42.660350717771855 ], [ -73.714270822875818, -42.660362333213612 ], [ -73.714256679799988, -42.660371361058715 ], [ -73.714241450660964, -42.660379526150955 ], [ -73.714225598989472, -42.660386416933029 ], [ -73.714208768154307, -42.660392549338681 ], [ -73.714190549422028, -42.660396209756343 ], [ -73.714173409566413, -42.660401381640078 ], [ -73.714156850920773, -42.660408658213527 ], [ -73.714126115961648, -42.660424494254066 ], [ -73.714102435472441, -42.660424678563039 ], [ -73.714084641643296, -42.660428105785023 ], [ -73.714069027127024, -42.660436321736398 ], [ -73.714058698297876, -42.66044762535644 ], [ -73.714060573081895, -42.660450800886487 ], [ -73.714074222982646, -42.660459818809684 ], [ -73.714074160100552, -42.660463245369122 ], [ -73.714070396159514, -42.660467566387815 ], [ -73.714065741988037, -42.660468818234619 ], [ -73.714047277117373, -42.660468088926514 ], [ -73.714029230861627, -42.660472139096754 ], [ -73.714014070892901, -42.660480590878315 ], [ -73.713996954393465, -42.660504978430119 ], [ -73.713985049919316, -42.660515364457773 ], [ -73.713969371622682, -42.660522645642139 ], [ -73.713954388622042, -42.660530837799271 ], [ -73.713949917706884, -42.660539906577377 ], [ -73.713951435859713, -42.660543601337778 ], [ -73.713948966390987, -42.660557716469945 ], [ -73.713940603075685, -42.66056988479869 ], [ -73.713927540673154, -42.660579774701866 ], [ -73.713916862399373, -42.660590945514443 ], [ -73.713889311967918, -42.660626529592683 ], [ -73.713866693287372, -42.66064827071061 ], [ -73.713863736931771, -42.660661682937288 ], [ -73.713856214439602, -42.660674036875108 ], [ -73.713834396157978, -42.660696791341081 ], [ -73.71382567890646, -42.660708828843255 ], [ -73.713820964547836, -42.66072223379026 ], [ -73.713812212262013, -42.660734452953164 ], [ -73.713802339777061, -42.660745991693346 ], [ -73.71378910489797, -42.660755489170889 ], [ -73.713773249633221, -42.660763029283117 ], [ -73.713755585161451, -42.660767677939582 ], [ -73.713737266716194, -42.660770585248891 ], [ -73.713721865100652, -42.66077836053357 ], [ -73.713708422710724, -42.660787649916578 ], [ -73.713703181041041, -42.660787445790618 ], [ -73.713669066619815, -42.660777014887501 ], [ -73.713651150619796, -42.660773561260697 ], [ -73.71363398920461, -42.660768241433061 ], [ -73.713619313427813, -42.660759946253279 ], [ -73.713605251200349, -42.66075858673419 ], [ -73.71358453066, -42.660767169936626 ], [ -73.713559323933126, -42.660786769994985 ], [ -73.713529290558228, -42.660802868858667 ], [ -73.713518329315136, -42.660814194211902 ], [ -73.713511120334999, -42.660826861244466 ], [ -73.713501039440871, -42.660838191217543 ], [ -73.713488500756128, -42.660848601631749 ], [ -73.713472543981737, -42.660855387326286 ], [ -73.713453802429967, -42.660858526502487 ], [ -73.71343388139023, -42.660859401138225 ], [ -73.713415484791511, -42.660858957874957 ], [ -73.71337870686547, -42.660864847793441 ], [ -73.71336347772646, -42.660873013481464 ], [ -73.713340753044719, -42.660894649477704 ], [ -73.713334419023653, -42.660907967845958 ], [ -73.713326546188512, -42.660920190935968 ], [ -73.713305442965847, -42.66092817495165 ], [ -73.713300931626492, -42.660933712103059 ], [ -73.713273091039198, -42.660943925642435 ], [ -73.713259542648103, -42.660953111286531 ], [ -73.713259931618609, -42.660970511488827 ], [ -73.713244383577674, -42.660983374687675 ], [ -73.713226668800274, -42.660994516361328 ], [ -73.713203952203372, -42.661001767101986 ], [ -73.713188053819465, -42.661010135576042 ], [ -73.71318556099456, -42.661013760945551 ], [ -73.713166485269497, -42.661023545742871 ], [ -73.713149727197873, -42.661029315416719 ], [ -73.713133629387968, -42.661036178381629 ], [ -73.713103873592502, -42.661052773290557 ], [ -73.713088438739291, -42.661060080175332 ], [ -73.713070367330729, -42.661063013894953 ], [ -73.713066121892695, -42.661065980644373 ], [ -73.713054530930577, -42.66107668168388 ], [ -73.713047957957656, -42.661089324220804 ], [ -73.713017217608638, -42.661120092913357 ], [ -73.712982808539991, -42.661130398245248 ], [ -73.712668951552757, -42.661101992518518 ], [ -73.712410328379093, -42.661101044559743 ], [ -73.712077535803985, -42.661140710181449 ], [ -73.711947950230993, -42.661181119610745 ], [ -73.711836653458874, -42.661248855270586 ], [ -73.711614054524716, -42.661384324387107 ], [ -73.711299185136156, -42.661505822964799 ], [ -73.711021718901108, -42.661559319177748 ], [ -73.71070749090967, -42.661585418564329 ], [ -73.710467062213752, -42.661625419458197 ], [ -73.710170754713914, -42.661733356939045 ], [ -73.709929308226805, -42.661923265543834 ], [ -73.709836943449289, -42.661922926000692 ], [ -73.709319784238545, -42.661907388928455 ], [ -73.709097829396455, -42.661947455013518 ], [ -73.708912449461153, -42.662042170919293 ], [ -73.708782485697441, -42.662137089481135 ], [ -73.708633312359666, -42.662340968233039 ], [ -73.708540206472051, -42.662449651592304 ], [ -73.708355285575863, -42.662476223583184 ], [ -73.708014636335278, -42.662583991798932 ], [ -73.707718225529192, -42.662705550126958 ], [ -73.707384591232682, -42.662867856749102 ], [ -73.706939831742247, -42.663070634564214 ], [ -73.706475758473218, -42.663395996551245 ], [ -73.70588152740433, -42.663843528590398 ], [ -73.705787852883134, -42.664033980341593 ], [ -73.7057943746521, -42.664052395633917 ], [ -73.705860352316463, -42.664238677918902 ], [ -73.705896460099311, -42.664361470908254 ], [ -73.705877520918165, -42.66442954197209 ], [ -73.70584019861306, -42.664483918180856 ], [ -73.705692128406454, -42.664524252114852 ], [ -73.705293451591785, -42.66454376709747 ], [ -73.705174666463463, -42.664549580702278 ], [ -73.704712815626436, -42.664547857296462 ], [ -73.704324675151739, -42.664573664120866 ], [ -73.703806747881416, -42.66466712822686 ], [ -73.703010766877824, -42.664895831709565 ], [ -73.700582920702161, -42.666004248290022 ], [ -73.700000001219351, -42.666479874858062 ], [ -73.699777632253912, -42.666596583149605 ], [ -73.699676650836196, -42.666649582880204 ], [ -73.699305297179208, -42.666920698745955 ], [ -73.699038063653546, -42.667126063205487 ], [ -73.698952411986156, -42.667191885427499 ], [ -73.698249893501355, -42.667270957871153 ], [ -73.697529473389594, -42.6672681975041 ], [ -73.697326086724416, -42.667294672318782 ], [ -73.697029858276323, -42.667388921669172 ], [ -73.696605185115658, -42.667360037934664 ], [ -73.696439222265241, -42.667318519524372 ], [ -73.696291831184993, -42.667263445630041 ], [ -73.696163293047618, -42.667153937752587 ], [ -73.69584984389553, -42.66707097196673 ], [ -73.69570216445608, -42.667056777067423 ], [ -73.69548068841604, -42.667028671289366 ], [ -73.695315016619773, -42.666946274058148 ], [ -73.69516781957563, -42.666863944753061 ], [ -73.694843490028816, -42.666753679855347 ], [ -73.694437780303801, -42.666656727935589 ], [ -73.693589129278465, -42.666503554598826 ], [ -73.692758662849442, -42.666391325269778 ], [ -73.692039225494582, -42.666252266439471 ], [ -73.691467762226594, -42.666086526550636 ], [ -73.690747551422277, -42.666056471723813 ], [ -73.69050732125406, -42.666069162789029 ], [ -73.690358960891629, -42.666150345780423 ], [ -73.690062727053629, -42.66624457704954 ], [ -73.689951604554679, -42.666285024775739 ], [ -73.689656052537998, -42.666283872127558 ], [ -73.688916978909333, -42.666308237586719 ], [ -73.688454787610837, -42.666360937016321 ], [ -73.687475477525737, -42.666397980232546 ], [ -73.687032149051575, -42.666396240364456 ], [ -73.68681029032922, -42.666422623735158 ], [ -73.686051758293189, -42.666583162295098 ], [ -73.685478830771288, -42.666621786050669 ], [ -73.684296421481946, -42.666644376507627 ], [ -73.683484050716004, -42.666586658534307 ], [ -73.683333334072586, -42.666595322178573 ], [ -73.682977595830167, -42.666720295575281 ], [ -73.682279894111929, -42.666735059275169 ], [ -73.681141465440575, -42.666737042211984 ], [ -73.680462206135118, -42.666778852968484 ], [ -73.680150444917444, -42.66690129746133 ], [ -73.679728338243535, -42.666969750176101 ], [ -73.678918145892169, -42.66704951051954 ], [ -73.678868145663444, -42.667065323070936 ], [ -73.678802587512322, -42.667072491857809 ], [ -73.678713134174657, -42.667078573403337 ], [ -73.67860960333816, -42.667081072206962 ], [ -73.678501059004063, -42.667078198219485 ], [ -73.678393220745775, -42.667070830612218 ], [ -73.678291297893637, -42.667060738957296 ], [ -73.678199024744288, -42.667050217292271 ], [ -73.678114580412625, -42.667044470635361 ], [ -73.678034432722981, -42.667049128730177 ], [ -73.677956668263789, -42.667067953321599 ], [ -73.677882736915905, -42.667095917727458 ], [ -73.67775609961366, -42.667152180071206 ], [ -73.677694742883133, -42.667174165946854 ], [ -73.677620639957027, -42.667192942281446 ], [ -73.677525965610926, -42.667209319552569 ], [ -73.677418399542177, -42.667223657092244 ], [ -73.677205452107458, -42.667247043272944 ], [ -73.677099857840744, -42.667254737823193 ], [ -73.676980570554164, -42.667257864126135 ], [ -73.676840650762145, -42.667255706825181 ], [ -73.676548837533673, -42.667246302154751 ], [ -73.676424013929989, -42.667245849689522 ], [ -73.676309014302262, -42.667253887056567 ], [ -73.67619129727079, -42.667275039303824 ], [ -73.676061050537754, -42.66731153703607 ], [ -73.675769928113738, -42.667401827795686 ], [ -73.675616101502797, -42.667439672936943 ], [ -73.675458996939412, -42.667470995974654 ], [ -73.675299288159962, -42.66749850641478 ], [ -73.674980834493454, -42.667548315677344 ], [ -73.674564815702212, -42.66761266447201 ], [ -73.674430406176143, -42.667638214399375 ], [ -73.674287089854047, -42.667669515539608 ], [ -73.674141399284636, -42.667703490482666 ], [ -73.67388071088412, -42.667762519226997 ], [ -73.673455540955089, -42.667855395293621 ], [ -73.673360383315355, -42.667871403155864 ], [ -73.67327433369428, -42.667878060602284 ], [ -73.673191244022092, -42.667877458862691 ], [ -73.67310312019103, -42.667872654853589 ], [ -73.673003804249845, -42.667866190940885 ], [ -73.672896955934988, -42.66785810939772 ], [ -73.672788198700189, -42.667848023154804 ], [ -73.67268254334806, -42.667835542500271 ], [ -73.672301964891417, -42.667782591999313 ], [ -73.672207583396073, -42.667773663648958 ], [ -73.671882705876953, -42.667752425702751 ], [ -73.671763170655353, -42.667738522251916 ], [ -73.671459505953337, -42.667695376552473 ], [ -73.67138425498031, -42.667687750091233 ], [ -73.671304795400161, -42.667682866143551 ], [ -73.671212356960794, -42.66768008201575 ], [ -73.671116708840927, -42.667679062820177 ], [ -73.671032245644653, -42.667679973689033 ], [ -73.6709689728076, -42.667682931535857 ], [ -73.670919531331009, -42.667689562581309 ], [ -73.670872050876653, -42.667701528713593 ], [ -73.670818097162382, -42.667719543960501 ], [ -73.670763219979989, -42.667740790504766 ], [ -73.670716411465477, -42.667761319708738 ], [ -73.670684082895036, -42.667778054175464 ], [ -73.670663171911855, -42.667791589703754 ], [ -73.670648152080304, -42.66780348249786 ], [ -73.670633372098933, -42.667815648747919 ], [ -73.670482524301477, -42.66793682166788 ], [ -73.670428093581776, -42.667977163269484 ], [ -73.670378228998686, -42.668009365195189 ], [ -73.67032499034336, -42.66803387331192 ], [ -73.670257230421484, -42.668052627589518 ], [ -73.670168073527847, -42.668067622156528 ], [ -73.670068250936851, -42.668079159535736 ], [ -73.669972400696039, -42.668087593770103 ], [ -73.669891740966676, -42.668093230683553 ], [ -73.669821255556215, -42.668096734764127 ], [ -73.669752135585, -42.668099174079678 ], [ -73.669592193243602, -42.668103080419073 ], [ -73.669283431500659, -42.668110119623535 ], [ -73.669087751482323, -42.668113248525579 ], [ -73.669003682646462, -42.668112812579771 ], [ -73.668922216229973, -42.668110514616899 ], [ -73.668838972945863, -42.668105675618037 ], [ -73.668755424234547, -42.668098038638732 ], [ -73.668674012615284, -42.668087457702107 ], [ -73.66859706562299, -42.668073505447367 ], [ -73.668524339814226, -42.668056179890712 ], [ -73.668455835188979, -42.668035482350312 ], [ -73.668390461192487, -42.668011037644625 ], [ -73.668326283751952, -42.667982015488846 ], [ -73.668260640260883, -42.667947300909191 ], [ -73.668191475373902, -42.667906152125248 ], [ -73.668119136739023, -42.66785920322986 ], [ -73.668044465179335, -42.667807363755784 ], [ -73.667886424571407, -42.667693678994489 ], [ -73.667798617845634, -42.667634031929616 ], [ -73.667702761316619, -42.667574202501328 ], [ -73.667602115868803, -42.667515756826432 ], [ -73.667501407538936, -42.667460283485639 ], [ -73.667403910686218, -42.667408717799461 ], [ -73.667109983721872, -42.667252745655389 ], [ -73.667010383913066, -42.667196834146061 ], [ -73.666917450501984, -42.667142980811249 ], [ -73.666688466342805, -42.667008835405937 ], [ -73.666615930078564, -42.666971340747018 ], [ -73.666540802174708, -42.666935163835753 ], [ -73.666461536630663, -42.666898489519184 ], [ -73.666009205240712, -42.666686277159783 ], [ -73.66579002170127, -42.666578991644101 ], [ -73.665674868461636, -42.666520105773799 ], [ -73.665568597763524, -42.666462403538091 ], [ -73.665477390914404, -42.666407848731865 ], [ -73.665391570363738, -42.6663525461435 ], [ -73.665060905897548, -42.666140397314301 ], [ -73.66469956576104, -42.665913391393019 ], [ -73.664598363357754, -42.665847011635826 ], [ -73.664509863132594, -42.665785823720604 ], [ -73.664431632447759, -42.665729438599151 ], [ -73.66429283734648, -42.665629301229401 ], [ -73.664222733720024, -42.665586608524961 ], [ -73.664143579567082, -42.665550563578648 ], [ -73.664052303547678, -42.665522212715516 ], [ -73.663958832045751, -42.665499419721932 ], [ -73.663876646078705, -42.665479640157976 ], [ -73.663815559741067, -42.665460285983322 ], [ -73.663773178124302, -42.665439348458641 ], [ -73.663743443888393, -42.665414687391859 ], [ -73.663721506130827, -42.665384983654405 ], [ -73.663706725251146, -42.665351580804405 ], [ -73.66369966718797, -42.665316466441901 ], [ -73.663700179227675, -42.665281172388873 ], [ -73.66370569847679, -42.665245664956728 ], [ -73.663718729438287, -42.66517287379876 ], [ -73.663721093804114, -42.665136518811948 ], [ -73.663718050311942, -42.665101992883329 ], [ -73.663707868806497, -42.665070354887682 ], [ -73.663689722837759, -42.665040156228791 ], [ -73.663663168637967, -42.665009497807596 ], [ -73.663627993306392, -42.664976847791152 ], [ -73.66358406748563, -42.664942565519638 ], [ -73.663531617551129, -42.66490746215559 ], [ -73.663471356765243, -42.664872448607667 ], [ -73.663405812987165, -42.664839083794682 ], [ -73.663338369272267, -42.664808940510397 ], [ -73.663270951608496, -42.664783297602412 ], [ -73.663200522791911, -42.664761583031662 ], [ -73.663122709823696, -42.664742753778469 ], [ -73.663033621202018, -42.664726225249886 ], [ -73.662932023540009, -42.664712611108037 ], [ -73.662817288915306, -42.664702806413949 ], [ -73.66268940115819, -42.664697440683319 ], [ -73.66255070038001, -42.664695642638307 ], [ -73.662404506754044, -42.664696185618837 ], [ -73.662255598419293, -42.66469804905929 ], [ -73.66200483999593, -42.664703854722966 ], [ -73.66160285288943, -42.664768499750473 ], [ -73.661416909523041, -42.66481153356294 ], [ -73.661233215715129, -42.664859507709167 ], [ -73.661052014133688, -42.664912358801757 ], [ -73.660873544154356, -42.664970017009608 ], [ -73.660698041544279, -42.66503240615031 ], [ -73.660525738150483, -42.665099443790815 ], [ -73.660356861593726, -42.66517104135638 ], [ -73.660191634967774, -42.665247104247769 ], [ -73.660030276544589, -42.665327531966156 ], [ -73.659872999486154, -42.665412218246118 ], [ -73.659751011623868, -42.665482496592183 ], [ -73.659631829741699, -42.665555331578574 ], [ -73.659515552910349, -42.665630662651843 ], [ -73.659402277785702, -42.665708427183574 ], [ -73.659218466308886, -42.666134032303212 ], [ -73.659150356044051, -42.666606032174499 ], [ -73.659142978180626, -42.666948109028105 ], [ -73.659134673255821, -42.667335214478378 ], [ -73.659010438946964, -42.667720997122352 ], [ -73.65876956738164, -42.668105411408419 ], [ -73.658647351587248, -42.668360640673171 ], [ -73.658410098435866, -42.668614509542628 ], [ -73.658171081891581, -42.668908940966006 ], [ -73.657990012073014, -42.669208460242281 ], [ -73.657925575917687, -42.669509347971193 ], [ -73.657862074010254, -42.669765280855174 ], [ -73.65756327188889, -42.670149029922477 ], [ -73.657383129131688, -42.670403594259348 ], [ -73.65726067169048, -42.670703820990447 ], [ -73.657133984980902, -42.671170609891448 ], [ -73.657005011160635, -42.671772461987274 ], [ -73.656818506534592, -42.672324143559038 ], [ -73.656634528869461, -42.672794741134346 ], [ -73.656453346761495, -42.673094336132991 ], [ -73.65621613223766, -42.673307634881809 ], [ -73.655979687570053, -42.673516550042891 ], [ -73.655797728419358, -42.673856592947374 ], [ -73.655733278789299, -42.67415747997017 ], [ -73.655550293762573, -42.674542627842932 ], [ -73.655541097708991, -42.674970186190819 ], [ -73.655762609681645, -42.675486144284619 ], [ -73.655986888465364, -42.675876018627996 ], [ -73.656270022171569, -42.676221527614516 ], [ -73.65666808453858, -42.676613466482827 ], [ -73.657353879986047, -42.677179759972375 ], [ -73.657867045287034, -42.677613616462331 ], [ -73.658209019542667, -42.677959746488284 ], [ -73.658724951654733, -42.678267514332468 ], [ -73.659126662080112, -42.678528897204679 ], [ -73.660103168523207, -42.679053601249272 ], [ -73.661262602500841, -42.679197787891482 ], [ -73.661904517043311, -42.679074694667129 ], [ -73.662726408154626, -42.678701532293097 ], [ -73.66302445299624, -42.678358291092216 ], [ -73.663324121991849, -42.677934075324025 ], [ -73.663619285038024, -42.677725847322669 ], [ -73.663860156603363, -42.677341421871404 ], [ -73.663930024871206, -42.676783940676444 ], [ -73.663999987462162, -42.676226381832031 ], [ -73.664295968873546, -42.675973202512068 ], [ -73.66459026324884, -42.675805570619012 ], [ -73.665000239971462, -42.675679756912352 ], [ -73.665237362867131, -42.675470869496955 ], [ -73.665249296087353, -42.674912728241068 ], [ -73.665198829633027, -42.674524851016784 ], [ -73.665322912126584, -42.67418405818448 ], [ -73.665677826613859, -42.673886576635596 ], [ -73.666149313678943, -42.673594881984435 ], [ -73.666384863624543, -42.673426474231341 ], [ -73.666625703748849, -42.673042043978683 ], [ -73.667157048256257, -42.672661020062868 ], [ -73.667569965164788, -42.672364187739646 ], [ -73.668215233118218, -42.672115024924288 ], [ -73.669034419402223, -42.671827408375982 ], [ -73.669558520793487, -42.671788444402814 ], [ -73.67002170023882, -42.671879340267537 ], [ -73.670424589253855, -42.672055154896299 ], [ -73.670877480294237, -42.672400407724687 ], [ -73.671168379936077, -42.672622166911822 ], [ -73.671549542297626, -42.672953327392342 ], [ -73.673195648461927, -42.674307551427596 ], [ -73.673208224875907, -42.674318773931027 ], [ -73.673228583395172, -42.674337021062058 ], [ -73.67329449907578, -42.674399471279408 ], [ -73.673578005582826, -42.674674718167189 ], [ -73.673622835108759, -42.674724497242366 ], [ -73.673663189227952, -42.674778096338677 ], [ -73.673695162065542, -42.674835560356968 ], [ -73.673717062992168, -42.674896060419456 ], [ -73.673735070620367, -42.674956065745086 ], [ -73.673756958970586, -42.675011431347144 ], [ -73.673789013554853, -42.675059350325093 ], [ -73.673828112727605, -42.675103119660932 ], [ -73.673869278923803, -42.675147272026521 ], [ -73.673908053804738, -42.675194819727558 ], [ -73.673942186192278, -42.67524258401923 ], [ -73.674012467685159, -42.675352362959387 ], [ -73.674037756158711, -42.675385615137046 ], [ -73.674108879373023, -42.675473070762642 ], [ -73.674141997562586, -42.675528387031186 ], [ -73.674165559474176, -42.675591157687769 ], [ -73.674206453480863, -42.675728512816704 ], [ -73.674236715027845, -42.675797663804424 ], [ -73.674273716634403, -42.675865453545164 ], [ -73.674314168669966, -42.675931750615597 ], [ -73.674355625021988, -42.675996708903106 ], [ -73.674439700146067, -42.676129431478806 ], [ -73.674613649917688, -42.676414845378083 ], [ -73.674658845956259, -42.67648191721311 ], [ -73.674707248082072, -42.676547405914732 ], [ -73.674811984457705, -42.676678566050811 ], [ -73.674861522952355, -42.676748030347078 ], [ -73.674905466739418, -42.676822384399948 ], [ -73.674990156311139, -42.676983659556477 ], [ -73.675038519809405, -42.677068328565447 ], [ -73.675136460429911, -42.677226335950884 ], [ -73.67526658589037, -42.677432084409723 ], [ -73.675284559382575, -42.677470745011924 ], [ -73.675294793888611, -42.677511838592373 ], [ -73.675296856420502, -42.67755832978775 ], [ -73.675293717706907, -42.677608453275198 ], [ -73.675286705457793, -42.677708692203744 ], [ -73.675287625332629, -42.677803259935978 ], [ -73.675294292628678, -42.677903026350023 ], [ -73.675303557852516, -42.678041456153146 ], [ -73.675310270064315, -42.678208044500217 ], [ -73.67531008411305, -42.678285757662401 ], [ -73.675303071863951, -42.678363034193104 ], [ -73.675285039981262, -42.678447746891166 ], [ -73.675253570200226, -42.678544460501634 ], [ -73.675213710154438, -42.678645490414716 ], [ -73.675172884419723, -42.678740295129593 ], [ -73.675135901677791, -42.678820826256768 ], [ -73.675099269278817, -42.678890553642873 ], [ -73.675057362870817, -42.678955718847426 ], [ -73.675005936117429, -42.679020953326464 ], [ -73.674947220433822, -42.679084573041102 ], [ -73.674924393344142, -42.679106095713038 ], [ -73.674884947421702, -42.679143287849953 ], [ -73.674822106674313, -42.679194252076833 ], [ -73.674760387922717, -42.679238384365107 ], [ -73.674700861060415, -42.6792769606324 ], [ -73.67464423755311, -42.679310974798547 ], [ -73.674589055841835, -42.679340413662942 ], [ -73.67453361721239, -42.67936462739415 ], [ -73.674476584073332, -42.679383509673244 ], [ -73.674320551200054, -42.679426099784422 ], [ -73.674280586949692, -42.679440136003564 ], [ -73.674248070631336, -42.679453988627429 ], [ -73.674222512663192, -42.679467740866876 ], [ -73.674199752048864, -42.679481975197582 ], [ -73.674144609863447, -42.679515287903769 ], [ -73.674026688914424, -42.679579301372272 ], [ -73.673981012277167, -42.6796093912657 ], [ -73.673931160270456, -42.679652129812347 ], [ -73.673877190386506, -42.679710581245416 ], [ -73.673822926753473, -42.67977713176959 ], [ -73.673773220273844, -42.679841666023414 ], [ -73.673730922200392, -42.67989655905 ], [ -73.673690245586002, -42.679943997453393 ], [ -73.673643394850657, -42.679989111881 ], [ -73.673584921712205, -42.680035442727593 ], [ -73.673517902002118, -42.68008194524279 ], [ -73.673447381557366, -42.680126605217602 ], [ -73.673249730635291, -42.68024354742019 ], [ -73.673191808164091, -42.680281240115832 ], [ -73.673134316884202, -42.680321547949717 ], [ -73.673002658897872, -42.680417281261754 ], [ -73.672929367150459, -42.680471724052452 ], [ -73.672857897186461, -42.68052654982278 ], [ -73.672792947194779, -42.680578929454803 ], [ -73.672735859258466, -42.680628966636071 ], [ -73.672687113976224, -42.680677032511603 ], [ -73.672645825609138, -42.680724463715237 ], [ -73.672606767758907, -42.680776061279374 ], [ -73.672563357571093, -42.680837245004177 ], [ -73.672511602034319, -42.680911929641049 ], [ -73.672456821869986, -42.680996936038269 ], [ -73.672406809064853, -42.681087220785244 ], [ -73.67236691398476, -42.681178163144608 ], [ -73.672298529733766, -42.681345951583658 ], [ -73.672258340006266, -42.681416267838877 ], [ -73.672212831353974, -42.681478507544298 ], [ -73.672163776152942, -42.681535303664482 ], [ -73.672012542978223, -42.68169600790791 ], [ -73.671966450420996, -42.68175121693853 ], [ -73.67192302316522, -42.6818073563933 ], [ -73.671840719518897, -42.681917978924567 ], [ -73.671802065910526, -42.681973454550096 ], [ -73.671766648932135, -42.682031759177086 ], [ -73.67173529503377, -42.682094072227983 ], [ -73.671708935768393, -42.682156895025635 ], [ -73.671688278110111, -42.682215550799476 ], [ -73.671673648147404, -42.682266351375262 ], [ -73.671672161435595, -42.682273145297813 ], [ -73.671664315549918, -42.682309018755134 ], [ -73.671658929251464, -42.682344167102499 ], [ -73.671657218859167, -42.682372874818263 ], [ -73.671660832781555, -42.682398042265866 ], [ -73.671672260250276, -42.682423118571926 ], [ -73.671692917908544, -42.682450374754488 ], [ -73.67171918015589, -42.682478055543825 ], [ -73.671746347006717, -42.682503405871564 ], [ -73.671771407308199, -42.682524499438991 ], [ -73.671797018276948, -42.682542716424997 ], [ -73.671827409181319, -42.682559999641882 ], [ -73.671963773441462, -42.682627500687929 ], [ -73.672020420304946, -42.682661297739436 ], [ -73.672082383398291, -42.682703439854826 ], [ -73.67215073530997, -42.682755023228552 ], [ -73.672226556713198, -42.68281695782369 ], [ -73.672403582316335, -42.682964087569381 ], [ -73.672714764120656, -42.683213721970212 ], [ -73.672810223594325, -42.683299297752498 ], [ -73.672896117806843, -42.683386925160505 ], [ -73.67297179547964, -42.683478666491929 ], [ -73.673037241341362, -42.683575153032315 ], [ -73.673154881117696, -42.683759864589739 ], [ -73.673215755452929, -42.683835945669991 ], [ -73.673278843237028, -42.683899893934324 ], [ -73.673342150210033, -42.68395348841819 ], [ -73.673405135586179, -42.683999245761768 ], [ -73.673472317891338, -42.684042889276469 ], [ -73.673549168763884, -42.684090967699063 ], [ -73.673740774024097, -42.68421286829367 ], [ -73.673959362878819, -42.684351649873854 ], [ -73.674075263516769, -42.684423235222958 ], [ -73.674198799834642, -42.684497338403496 ], [ -73.674332547302356, -42.684573450937755 ], [ -73.674476877822414, -42.684645544499425 ], [ -73.674631831819042, -42.684705961712204 ], [ -73.674794459224799, -42.684749989712806 ], [ -73.674949615342371, -42.684783753252745 ], [ -73.675079534190331, -42.684816055427682 ], [ -73.675171851357149, -42.684854496162764 ], [ -73.675237248709834, -42.684901720130512 ], [ -73.675292053128686, -42.684959267895557 ], [ -73.6754164500326, -42.685102181558108 ], [ -73.675491995653047, -42.685177349061426 ], [ -73.675578000358342, -42.685248586119265 ], [ -73.675673032233931, -42.685314434051683 ], [ -73.675775015273203, -42.685374778636827 ], [ -73.675881274293218, -42.685429228309182 ], [ -73.675988283406483, -42.685477113500149 ], [ -73.676091782801947, -42.68551784388179 ], [ -73.676189083821939, -42.685551568044403 ], [ -73.676378819688054, -42.685612477648519 ], [ -73.676479514543189, -42.685647320371679 ], [ -73.676587678889916, -42.685686842885033 ], [ -73.676831946087034, -42.68577800764831 ], [ -73.676962583587226, -42.685822652963381 ], [ -73.67709024496888, -42.685857988178817 ], [ -73.677208930384225, -42.685879170412854 ], [ -73.677318092759222, -42.685888895827972 ], [ -73.677418729223874, -42.685892039682948 ], [ -73.6777442229873, -42.685894447264317 ], [ -73.677904627961055, -42.685899631553951 ], [ -73.678080006053989, -42.685912461860056 ], [ -73.678245727257604, -42.685937518258235 ], [ -73.678383544093535, -42.685977471785151 ], [ -73.67850113176759, -42.686027457734902 ], [ -73.678613159768361, -42.686080532021954 ], [ -73.678731218159626, -42.686131332739031 ], [ -73.678855186567148, -42.686179771407275 ], [ -73.678982476046286, -42.68622698710395 ], [ -73.679227889493703, -42.68631617932774 ], [ -73.679274909112308, -42.68633230129452 ], [ -73.67933113556424, -42.686351680665638 ], [ -73.679414322254502, -42.686377674555033 ], [ -73.679487377744977, -42.686397878003383 ], [ -73.679652859098425, -42.686440040035308 ], [ -73.679750028964392, -42.686468537194536 ], [ -73.679846440652256, -42.68650413947563 ], [ -73.679934015612687, -42.686547654447601 ], [ -73.680007672076073, -42.686597132146701 ], [ -73.680063316419734, -42.686649824278071 ], [ -73.680097334721211, -42.68670352864504 ], [ -73.680109510486574, -42.686756890256504 ], [ -73.680100103328911, -42.686809102856209 ], [ -73.680071819872211, -42.686859297459733 ], [ -73.680001221274011, -42.686953670336024 ], [ -73.679940365803418, -42.687481315605098 ], [ -73.679969919477955, -42.687532537119587 ], [ -73.680035889057464, -42.68758768945888 ], [ -73.680143133529356, -42.687647820534558 ], [ -73.680384683322728, -42.68776992611091 ], [ -73.680467636450999, -42.687824373023581 ], [ -73.680526920768173, -42.687872424088035 ], [ -73.680578891900637, -42.687914178366029 ], [ -73.680637104527662, -42.687949429192344 ], [ -73.680703761318398, -42.687977933582907 ], [ -73.680778380775777, -42.687999325733749 ], [ -73.680860324197667, -42.688014947407218 ], [ -73.680949538583505, -42.688033086187055 ], [ -73.681045940389893, -42.688063463844124 ], [ -73.68114853158859, -42.688112823460777 ], [ -73.681251096736162, -42.688174972598048 ], [ -73.681346998180942, -42.688240553964818 ], [ -73.681510920059054, -42.688356720219261 ], [ -73.681593878577218, -42.688405223183054 ], [ -73.681688057951618, -42.68844836308908 ], [ -73.681922352052425, -42.688544445066476 ], [ -73.682064030745792, -42.688610014157632 ], [ -73.682208320841667, -42.688684888202673 ], [ -73.682338754424293, -42.688762753997132 ], [ -73.682442737113362, -42.688838785370429 ], [ -73.682523762457052, -42.688915272259607 ], [ -73.682589068181585, -42.688996171853042 ], [ -73.682644576879625, -42.689084431717482 ], [ -73.682691040441057, -42.689178982795774 ], [ -73.682728134574091, -42.689277928680475 ], [ -73.682755508935742, -42.689380454542949 ], [ -73.682775518908713, -42.689490640999487 ], [ -73.68279061779198, -42.689613738018565 ], [ -73.682802967830511, -42.689751391636278 ], [ -73.682812120764936, -42.689890090191945 ], [ -73.682817588810082, -42.69001262649244 ], [ -73.682818660500217, -42.690106294670407 ], [ -73.682816940226459, -42.690176156635623 ], [ -73.682804711460477, -42.690639252881169 ], [ -73.682802201567569, -42.690856254353655 ], [ -73.682801679646388, -42.691175488104669 ], [ -73.682805032159038, -42.691334562937591 ], [ -73.682809179680703, -42.691415568985903 ], [ -73.682815201986358, -42.691488762549305 ], [ -73.682827209766771, -42.691596423678043 ], [ -73.682826265637402, -42.691635315806352 ], [ -73.682815911655439, -42.691668877521877 ], [ -73.682794450004977, -42.691702400263168 ], [ -73.682760418228767, -42.691741543228773 ], [ -73.682713840581286, -42.691790897281543 ], [ -73.68265948801502, -42.691850066894396 ], [ -73.682603622685818, -42.691917235633923 ], [ -73.682551652451693, -42.691990661681473 ], [ -73.682505811422729, -42.692068661328101 ], [ -73.682467732736157, -42.692149091325113 ], [ -73.68243740920542, -42.692232223033024 ], [ -73.682371503406287, -42.692439398813505 ], [ -73.682322042166746, -42.692578864535783 ], [ -73.682263854692536, -42.692732726305209 ], [ -73.682203488803751, -42.692885662668338 ], [ -73.682145831335561, -42.693025934225162 ], [ -73.682088370598422, -42.693156930825005 ], [ -73.682026682389534, -42.693285718590943 ], [ -73.681957485163196, -42.693417481859115 ], [ -73.681884251806281, -42.693549557807998 ], [ -73.681811597862733, -42.693677318727765 ], [ -73.681674458356511, -42.693916003413811 ], [ -73.681525075711292, -42.694167874957877 ], [ -73.681440148086025, -42.694304499723522 ], [ -73.681432417184681, -42.694316301611934 ], [ -73.681401181863947, -42.694443382883698 ], [ -73.681260289196459, -42.694571029723399 ], [ -73.68074850011449, -42.69503469995869 ], [ -73.680543311428849, -42.695298296041628 ], [ -73.680456353611049, -42.695305103724323 ], [ -73.680305468084356, -42.695316242546852 ], [ -73.680225791111909, -42.695325770394696 ], [ -73.680130737676734, -42.695340704241815 ], [ -73.680022991944938, -42.695361255359302 ], [ -73.679908295947769, -42.695387129937409 ], [ -73.679667742386059, -42.695447124717035 ], [ -73.679535611885854, -42.695471897330215 ], [ -73.67939256056674, -42.695487807626805 ], [ -73.679244887415521, -42.695497091822382 ], [ -73.679101427362937, -42.695503451845468 ], [ -73.678837067547889, -42.695517332578746 ], [ -73.678699893905673, -42.695526556028526 ], [ -73.678392726672385, -42.695549937500552 ], [ -73.677952875576651, -42.695583765154851 ], [ -73.677814531429632, -42.695596396051329 ], [ -73.677672575156862, -42.695612407331446 ], [ -73.677524643290823, -42.695633843729354 ], [ -73.677368863742473, -42.695662662824809 ], [ -73.677204846642937, -42.695699942104042 ], [ -73.677037158128854, -42.695743392533551 ], [ -73.676871729776025, -42.695789659472958 ], [ -73.676274439943612, -42.695964756124702 ], [ -73.676018606937205, -42.696036903808853 ], [ -73.675812819075304, -42.696097921972047 ], [ -73.675556986068898, -42.696175742160712 ], [ -73.675452723105465, -42.696204614482951 ], [ -73.675321854738229, -42.696238761989733 ], [ -73.674814343433624, -42.696371123097151 ], [ -73.674633436210144, -42.696421710728949 ], [ -73.674464989517958, -42.696471902846227 ], [ -73.674316715393786, -42.696520796926521 ], [ -73.674180685306936, -42.696573704454572 ], [ -73.674045153785073, -42.69663760461421 ], [ -73.673901357762617, -42.696716988187582 ], [ -73.673751838573452, -42.696807110782039 ], [ -73.673457579232476, -42.696992185066023 ], [ -73.673183281355406, -42.697168574989568 ], [ -73.673053006774595, -42.697254958135737 ], [ -73.672691833724713, -42.697497610147629 ], [ -73.672462165049282, -42.697647679368465 ], [ -73.672084929223828, -42.697893385285731 ], [ -73.671954455217019, -42.697983276420992 ], [ -73.671828976741494, -42.698073585336211 ], [ -73.671715549165512, -42.698159892620296 ], [ -73.67161887337295, -42.698239189741535 ], [ -73.671535360594248, -42.698313866001286 ], [ -73.671459441274635, -42.698387368992023 ], [ -73.671385300619292, -42.698463325204003 ], [ -73.67112079168389, -42.698735459604912 ], [ -73.671011464018875, -42.698841175113515 ], [ -73.670897759761772, -42.69894602888602 ], [ -73.67066009428369, -42.699155706851364 ], [ -73.670521433929693, -42.699285755688535 ], [ -73.670362855230906, -42.699445112115477 ], [ -73.670200016721026, -42.699615313060796 ], [ -73.669971932673761, -42.699854988310548 ], [ -73.66923759945486, -42.700435328531405 ], [ -73.669071836928737, -42.700641373128306 ], [ -73.669045330339657, -42.700664623279607 ], [ -73.668926902740807, -42.700773021763105 ], [ -73.668810854779153, -42.700884419235251 ], [ -73.668703066826524, -42.700991951846298 ], [ -73.668333273543183, -42.701361915815816 ], [ -73.667777458029136, -42.701906309195174 ], [ -73.667590853690101, -42.702033905705783 ], [ -73.667529823048014, -42.702078762471409 ], [ -73.667465766880056, -42.702128086523665 ], [ -73.667394098388371, -42.702185066433373 ], [ -73.667311960032052, -42.702252012083072 ], [ -73.667105089700215, -42.702421862051303 ], [ -73.667035314857159, -42.702479149985514 ], [ -73.66686771886954, -42.702619843498361 ], [ -73.666799009428402, -42.702681090868708 ], [ -73.666659626828931, -42.702804192110754 ], [ -73.666570898431686, -42.702876643441165 ], [ -73.666470045473048, -42.702956517454311 ], [ -73.666100899875019, -42.703251220534291 ], [ -73.665797578329446, -42.703610198745196 ], [ -73.665441708933017, -42.703907720175458 ], [ -73.665286015622925, -42.704034626025027 ], [ -73.665286975921973, -42.704076599826841 ], [ -73.665284293552517, -42.704150502642456 ], [ -73.665269275517602, -42.704218858212634 ], [ -73.665235863578914, -42.704273851163826 ], [ -73.665186081640812, -42.704317757691214 ], [ -73.665123861629297, -42.704355305731873 ], [ -73.665052901908382, -42.704390409917771 ], [ -73.664977342813202, -42.704423569317377 ], [ -73.664828929450152, -42.704483435881414 ], [ -73.664761731873639, -42.704513899891964 ], [ -73.664701253695455, -42.704549846982665 ], [ -73.664648918745328, -42.704593272735728 ], [ -73.664606333210955, -42.704637532869931 ], [ -73.66457200049912, -42.704675808186273 ], [ -73.663727425130247, -42.70513035522238 ], [ -73.66385542877002, -42.705038647850451 ], [ -73.663803211499186, -42.705061773570669 ], [ -73.663716843874496, -42.705097868213436 ], [ -73.663621152635514, -42.705136014520548 ], [ -73.663507630736405, -42.705179987111315 ], [ -73.663381338387254, -42.705227321710176 ], [ -73.663250417019412, -42.705274153254699 ], [ -73.663121650709954, -42.705317316430097 ], [ -73.662994401655027, -42.70535797570988 ], [ -73.662363481593331, -42.705557821891311 ], [ -73.66228635314134, -42.705584388653158 ], [ -73.662188397249494, -42.705619895480588 ], [ -73.661825880319952, -42.705750289225399 ], [ -73.661624289387049, -42.705818445657279 ], [ -73.661514864703989, -42.705853458578993 ], [ -73.661113628589064, -42.705978715428486 ], [ -73.661007336331394, -42.706015655153209 ], [ -73.660846850509245, -42.706074385434924 ], [ -73.660732830045191, -42.706113035473685 ], [ -73.660657954567938, -42.70613692389211 ], [ -73.660344025715489, -42.706239155894764 ], [ -73.660232795418693, -42.706278558365746 ], [ -73.6601821726575, -42.706298948755069 ], [ -73.660111467159794, -42.706327659262165 ], [ -73.659917904470575, -42.706408423293645 ], [ -73.65971849464718, -42.706494161854174 ], [ -73.659596054273962, -42.706543788692024 ], [ -73.65946629083453, -42.706593331655654 ], [ -73.659344133430622, -42.706635487239268 ], [ -73.659232175498445, -42.706668937210125 ], [ -73.659130044237159, -42.706694036723519 ], [ -73.659036393970482, -42.706710860382415 ], [ -73.658948058137014, -42.706719012125411 ], [ -73.658860777824003, -42.706717899834018 ], [ -73.658771498759492, -42.706707488521772 ], [ -73.658679474443488, -42.706688489786714 ], [ -73.658584677028188, -42.706662164439074 ], [ -73.658487806301196, -42.706630141632182 ], [ -73.658051341854105, -42.706474278498163 ], [ -73.6579751997523, -42.706443578467784 ], [ -73.657906255850875, -42.706413143129112 ], [ -73.657850304283414, -42.706386102097767 ], [ -73.657812803213545, -42.706364139337545 ], [ -73.657795772054087, -42.706344218313205 ], [ -73.657800404666006, -42.706321848905617 ], [ -73.657825924904913, -42.706293511362574 ], [ -73.657862923816523, -42.706259455200687 ], [ -73.657900142815365, -42.706220807893565 ], [ -73.657927174918896, -42.706178979447529 ], [ -73.657938224196911, -42.706136513297587 ], [ -73.65792859695199, -42.706095966088036 ], [ -73.657895913547009, -42.706060102407683 ], [ -73.657846361577626, -42.706030704591043 ], [ -73.657788450784523, -42.70600958335951 ], [ -73.657729115263365, -42.705997992291806 ], [ -73.657668107977486, -42.705995925452186 ], [ -73.657603614329972, -42.7060026448261 ], [ -73.657535281282932, -42.706017512733801 ], [ -73.657469025140855, -42.706038079461145 ], [ -73.657412220173853, -42.706061997613837 ], [ -73.657370046067896, -42.706086898016267 ], [ -73.657339238345216, -42.706111301998504 ], [ -73.657290948508816, -42.706153690931686 ], [ -73.657261999400461, -42.706171181457606 ], [ -73.65722172792627, -42.706187098914512 ], [ -73.657165598492384, -42.70620229089652 ], [ -73.657094831010923, -42.706216860382646 ], [ -73.657012344108281, -42.706231291900515 ], [ -73.656921063597309, -42.706245800648944 ], [ -73.656826000280702, -42.706260174729813 ], [ -73.656549888705072, -42.706301422877438 ], [ -73.65633411247552, -42.706330589524697 ], [ -73.656127092125018, -42.70635571755993 ], [ -73.655620267133301, -42.706416588278692 ], [ -73.655498431326265, -42.706426775200086 ], [ -73.655421533741318, -42.706414166310168 ], [ -73.655405032587851, -42.706409288706851 ], [ -73.655393427252704, -42.706403838781824 ], [ -73.655386935128135, -42.706399170434779 ], [ -73.655378050789977, -42.706392132267254 ], [ -73.655363052517984, -42.706385562121966 ], [ -73.655337065155152, -42.706378953029059 ], [ -73.65530152420925, -42.706373673411591 ], [ -73.655260928443226, -42.706370675159 ], [ -73.655221866101428, -42.706370125941426 ], [ -73.655185944269846, -42.706371235598588 ], [ -73.655146199208403, -42.706374010071393 ], [ -73.655094434688465, -42.706379346458888 ], [ -73.655044940211283, -42.706386959589885 ], [ -73.655010594923027, -42.706394211635924 ], [ -73.654892823094315, -42.706419754198699 ], [ -73.654845214180895, -42.70642486746285 ], [ -73.654812822728374, -42.706432051512444 ], [ -73.654788948203063, -42.706440686497345 ], [ -73.654760800391955, -42.706454945012709 ], [ -73.654750464376292, -42.706464279057599 ], [ -73.654745933274, -42.706470529038199 ], [ -73.654735507426821, -42.706489679006495 ], [ -73.654719237140398, -42.706502365114623 ], [ -73.65470933501102, -42.706514226075477 ], [ -73.654702831208354, -42.70652702769884 ], [ -73.654696884361186, -42.706542356241521 ], [ -73.654688089854545, -42.706553780198384 ], [ -73.654679483095805, -42.706562143859017 ], [ -73.654667597486267, -42.706569749046182 ], [ -73.654658618825025, -42.706572795477562 ], [ -73.654641870634862, -42.706573678711564 ], [ -73.654499237930679, -42.706574345427839 ], [ -73.654463894614139, -42.706576900733353 ], [ -73.654275219658388, -42.706594945636574 ], [ -73.654119859623265, -42.706602576564201 ], [ -73.654028721944442, -42.706610420707939 ], [ -73.653969447508715, -42.706612875674566 ], [ -73.653921710136188, -42.706612674999683 ], [ -73.653866435898465, -42.706610854403316 ], [ -73.653801813791858, -42.706612166051265 ], [ -73.653744603684686, -42.70661518607595 ], [ -73.653671782654484, -42.706622975428608 ], [ -73.65363789191376, -42.706620506599982 ], [ -73.65359122802802, -42.706615724069422 ], [ -73.653330129097426, -42.706589330038945 ], [ -73.653247108595494, -42.706583130899205 ], [ -73.653209147588228, -42.706576921196941 ], [ -73.653187774870986, -42.706571445542117 ], [ -73.653137577012913, -42.706555096468342 ], [ -73.653081871583822, -42.706533729852261 ], [ -73.653019061379155, -42.706513359343511 ], [ -73.652946665252102, -42.706495847790286 ], [ -73.652926346258681, -42.706486873513427 ], [ -73.652913453637723, -42.706478886768956 ], [ -73.652901683012558, -42.706469833275705 ], [ -73.65289006240603, -42.706459520939269 ], [ -73.652881487986662, -42.706449513574945 ], [ -73.65286406067014, -42.706425354628976 ], [ -73.652854181896956, -42.706407858233604 ], [ -73.652842884683949, -42.706376926469254 ], [ -73.652837164212229, -42.706370465901834 ], [ -73.65281983032051, -42.706353241459389 ], [ -73.652802368868009, -42.70633070306495 ], [ -73.652796183967268, -42.706317482226268 ], [ -73.652790980925147, -42.706298330224485 ], [ -73.652776447980486, -42.706230709015678 ], [ -73.652766419188637, -42.706203215063169 ], [ -73.652752654303541, -42.706179098268983 ], [ -73.652737818626647, -42.706159382482454 ], [ -73.652725185618792, -42.706145005077651 ], [ -73.652710988644046, -42.706129619666555 ], [ -73.65269236926315, -42.706115442271212 ], [ -73.652643038279322, -42.706081630256158 ], [ -73.652629364124053, -42.706075887868977 ], [ -73.652607440739558, -42.706067705015883 ], [ -73.652589949642675, -42.706063446578419 ], [ -73.65256707673889, -42.706059665407842 ], [ -73.652541267242469, -42.706056119900133 ], [ -73.652442573833795, -42.706040730506267 ], [ -73.652403884292809, -42.706039914596971 ], [ -73.652357332696468, -42.706041347719186 ], [ -73.652315260100124, -42.706044545344135 ], [ -73.652283913388302, -42.706048588583535 ], [ -73.652249722610279, -42.706054309849364 ], [ -73.652229824028396, -42.706059750563426 ], [ -73.65217968366251, -42.706074648822963 ], [ -73.652160204593883, -42.706077660952388 ], [ -73.652138906436818, -42.706080022202954 ], [ -73.652099655448794, -42.706082622417036 ], [ -73.65203560556904, -42.706085740825415 ], [ -73.651881089051969, -42.706043126744639 ], [ -73.651798212280482, -42.706013515040731 ], [ -73.651700242913918, -42.705975979885189 ], [ -73.651595670930007, -42.705933233704705 ], [ -73.651492610810706, -42.70588834407738 ], [ -73.651398538335854, -42.705845631502797 ], [ -73.651147796082157, -42.705730202312921 ], [ -73.651068811710815, -42.705690008004609 ], [ -73.650984661128248, -42.705645881305848 ], [ -73.650914300583622, -42.705607770298691 ], [ -73.650870912853719, -42.705581503904078 ], [ -73.650843860987251, -42.705556421104141 ], [ -73.650816615983004, -42.705517646615057 ], [ -73.650777064059355, -42.705455224376514 ], [ -73.650730982281914, -42.705378586224171 ], [ -73.650688439866684, -42.705301989565299 ], [ -73.650626489349762, -42.705180047183113 ], [ -73.650590016850899, -42.705127657269117 ], [ -73.650539979791262, -42.705075827102007 ], [ -73.650485443968677, -42.705028716172215 ], [ -73.650409547106946, -42.704970007345707 ], [ -73.650386046280801, -42.704955772914168 ], [ -73.650353279332492, -42.704940887588727 ], [ -73.650300391020139, -42.70491919233109 ], [ -73.650232802676484, -42.704894080877821 ], [ -73.650160031951941, -42.704871430391073 ], [ -73.650088967128127, -42.7048546544234 ], [ -73.65001631408289, -42.704837857326943 ], [ -73.649936397260277, -42.704812600611348 ], [ -73.649845449125976, -42.704772355538715 ], [ -73.649748227157701, -42.704717357087858 ], [ -73.64965152890727, -42.704649487266224 ], [ -73.6495615419703, -42.704570620158819 ], [ -73.649480654068867, -42.704483124956724 ], [ -73.649410530679475, -42.704389093601932 ], [ -73.649353176841856, -42.704291878252583 ], [ -73.649311250670905, -42.704198268437821 ], [ -73.649287514486147, -42.704116039978203 ], [ -73.649283193589639, -42.704050610704108 ], [ -73.649291187697344, -42.703997302899026 ], [ -73.649302611572821, -42.703949078809778 ], [ -73.649309537583648, -42.703899900775639 ], [ -73.649308571894736, -42.703848738969604 ], [ -73.649297144426001, -42.70379574323961 ], [ -73.649272936625721, -42.703740885854828 ], [ -73.649234010827826, -42.703683511945641 ], [ -73.64917854614724, -42.703623063021183 ], [ -73.649106191342696, -42.703558810930062 ], [ -73.648937677276862, -42.70341886155218 ], [ -73.64885544459743, -42.703342877074491 ], [ -73.648775406502239, -42.703261334038274 ], [ -73.648695155506346, -42.703172764905247 ], [ -73.648612874317905, -42.7030765180751 ], [ -73.648531652243179, -42.702976411179186 ], [ -73.64845541312333, -42.702877442888187 ], [ -73.648252274393158, -42.702600291620747 ], [ -73.648101235254558, -42.7024092160392 ], [ -73.64803388855772, -42.702311253588746 ], [ -73.647980586121989, -42.702213096236065 ], [ -73.647888764825225, -42.702022088780012 ], [ -73.647834447293278, -42.701931394130057 ], [ -73.647713711024139, -42.701750671860871 ], [ -73.647656526069795, -42.701657061515263 ], [ -73.647635293489728, -42.701619068209929 ], [ -73.64764019739286, -42.701596190090676 ], [ -73.647541291083456, -42.701428234531569 ], [ -73.647529859123154, -42.701389637030431 ], [ -73.647519827636387, -42.701328642551893 ], [ -73.647510557022642, -42.701243883153928 ], [ -73.647505093469078, -42.70114683122361 ], [ -73.647508189961869, -42.701054832112021 ], [ -73.64752248575131, -42.700981247776561 ], [ -73.647541681850598, -42.700923749844875 ], [ -73.6475573682321, -42.700876026422137 ], [ -73.647562589240536, -42.700832411899256 ], [ -73.647556186947497, -42.700789831182377 ], [ -73.647537969113543, -42.700746030429016 ], [ -73.647508840342127, -42.700698677889434 ], [ -73.647472498997317, -42.700646107926147 ], [ -73.64743349145273, -42.700587022614378 ], [ -73.647353894430353, -42.700457305932531 ], [ -73.64730647326482, -42.700403344103911 ], [ -73.647248786152218, -42.700366731130302 ], [ -73.647178680729112, -42.700345370966701 ], [ -73.647094291194719, -42.700335188989037 ], [ -73.646996075689756, -42.70033204718542 ], [ -73.646894222906212, -42.700333275122951 ], [ -73.646801485327842, -42.700336501429732 ], [ -73.646655322244598, -42.700342969887089 ], [ -73.646468335223261, -42.700351566768255 ], [ -73.646345726865079, -42.700358402284806 ], [ -73.646216581466575, -42.700368312264033 ], [ -73.646089189579513, -42.700381845314894 ], [ -73.645964418976419, -42.700398380865025 ], [ -73.645840820674792, -42.700417091705809 ], [ -73.645466216014796, -42.700474347820609 ], [ -73.645338171052515, -42.700489853465633 ], [ -73.645076347181487, -42.700520526071976 ], [ -73.644942612290194, -42.700539386076471 ], [ -73.644668866877041, -42.700579281357605 ], [ -73.644528942593439, -42.700596357541478 ], [ -73.644388103824895, -42.70061063060276 ], [ -73.644248057370419, -42.700622120348662 ], [ -73.644109652137942, -42.700631108016744 ], [ -73.643831351367979, -42.700650325804155 ], [ -73.643688314421922, -42.700664571785737 ], [ -73.643401005346277, -42.700693679684775 ], [ -73.643260759465818, -42.700703093817175 ], [ -73.64297895526623, -42.700720556830944 ], [ -73.642832136412821, -42.700734666139716 ], [ -73.64268293702392, -42.700751538946321 ], [ -73.642389602049363, -42.700782642518789 ], [ -73.642247221771768, -42.700794733653716 ], [ -73.64210598504954, -42.700804765695956 ], [ -73.641964532731649, -42.700813534819197 ], [ -73.64182187217969, -42.700821658949032 ], [ -73.641530179325471, -42.700839001777368 ], [ -73.641235005499524, -42.700859184017432 ], [ -73.640669294144288, -42.70090082921817 ], [ -73.640386128997079, -42.700918989981567 ], [ -73.640237626700809, -42.70092623276372 ], [ -73.640086226439465, -42.700932089837529 ], [ -73.639935466676903, -42.700936513010546 ], [ -73.639787422521451, -42.700939528029949 ], [ -73.639640015271539, -42.700941378500531 ], [ -73.639336467350489, -42.700942456566281 ], [ -73.639030661064865, -42.70094071238394 ], [ -73.63845159535461, -42.700934010286872 ], [ -73.637724147722366, -42.70092914215563 ], [ -73.637085266790621, -42.70092757423965 ], [ -73.636648269642549, -42.700923092970569 ], [ -73.636359280717343, -42.700922804474004 ], [ -73.635579233131963, -42.70092242817416 ], [ -73.635422666659409, -42.700924435106757 ], [ -73.635266037304788, -42.700929232599613 ], [ -73.634956948575081, -42.700943559718695 ], [ -73.634049960056885, -42.700986146931925 ], [ -73.633890779486862, -42.70099586536039 ], [ -73.633729608250164, -42.701007359656238 ], [ -73.633567788429829, -42.701020648963535 ], [ -73.633406655820693, -42.701035926051915 ], [ -73.633248139105646, -42.701054387154862 ], [ -73.633094158882798, -42.70107758433759 ], [ -73.632947748762845, -42.701106274813547 ], [ -73.632815932672997, -42.701137570978759 ], [ -73.632706605906293, -42.701167784445161 ], [ -73.632622982634814, -42.70119515255432 ], [ -73.632549168966236, -42.701226060493646 ], [ -73.632464474004607, -42.701268814536483 ], [ -73.632356097655475, -42.701328036515008 ], [ -73.632241874172152, -42.701392231499419 ], [ -73.632089385152668, -42.70148082429791 ], [ -73.632052562310875, -42.701506409812779 ], [ -73.632017770559912, -42.701534938349226 ], [ -73.632012402227787, -42.701539339693745 ], [ -73.631951685097704, -42.701591025595853 ], [ -73.631880505289544, -42.70165213204514 ], [ -73.631815904742524, -42.701708273979747 ], [ -73.631606414923311, -42.701896143977613 ], [ -73.631518335109703, -42.701970646837289 ], [ -73.631427252228107, -42.70204286148163 ], [ -73.63134277376048, -42.702103448598372 ], [ -73.631183505155548, -42.702211591067872 ], [ -73.631102078264917, -42.702272213668635 ], [ -73.630886528410826, -42.702441188870878 ], [ -73.630840885011239, -42.702479095852503 ], [ -73.630773157428706, -42.702538621669589 ], [ -73.63069226234073, -42.70261384068904 ], [ -73.630612955474206, -42.702694661044355 ], [ -73.630546755027652, -42.702773477722481 ], [ -73.630493090570894, -42.702854153296123 ], [ -73.630448892560608, -42.702942957898358 ], [ -73.630411160623723, -42.703043095875444 ], [ -73.630378890443765, -42.703144740817038 ], [ -73.630327400808312, -42.703304149393837 ], [ -73.630282980015835, -42.703425281497559 ], [ -73.630235753784703, -42.703579608863294 ], [ -73.630129434577569, -42.703939180624481 ], [ -73.630094612283898, -42.704062407439508 ], [ -73.630087116741166, -42.704103472207827 ], [ -73.630082277516735, -42.704151412976721 ], [ -73.630077396969781, -42.704217903649983 ], [ -73.630072433777841, -42.704293669870836 ], [ -73.63006856024235, -42.704364315304254 ], [ -73.630065641616, -42.704469282535214 ], [ -73.630068336561834, -42.704596560873917 ], [ -73.630073286279057, -42.70468244056525 ], [ -73.630083157865712, -42.704777656416638 ], [ -73.630099032893426, -42.704877533982476 ], [ -73.630118627844709, -42.704980339733503 ], [ -73.630156756836939, -42.705189810504081 ], [ -73.630172008433846, -42.705295804819784 ], [ -73.630184049451898, -42.705403473038075 ], [ -73.630192754127009, -42.705512901626726 ], [ -73.63019963791703, -42.705621857372819 ], [ -73.630227102110211, -42.706022114437332 ], [ -73.630244884261259, -42.706340666220534 ], [ -73.63025560565417, -42.706458314246618 ], [ -73.630269362454428, -42.706576808317273 ], [ -73.630284830545321, -42.706689650927032 ], [ -73.630361927556251, -42.707170557869034 ], [ -73.630431391582235, -42.707665422276108 ], [ -73.630449307582268, -42.707766946112031 ], [ -73.630470119750754, -42.707870036202415 ], [ -73.630494058954767, -42.707975234481687 ], [ -73.630521599504746, -42.708083267708197 ], [ -73.630552966877843, -42.708195038881037 ], [ -73.630623772986837, -42.708429034554449 ], [ -73.630656210253434, -42.708547661502728 ], [ -73.630683055507404, -42.708665142303083 ], [ -73.63070613053209, -42.708781946287154 ], [ -73.630773862606205, -42.70913360448678 ], [ -73.630793773764466, -42.709249922425634 ], [ -73.63080908285356, -42.709364562869474 ], [ -73.630820983734438, -42.709478623547632 ], [ -73.630831155358379, -42.709593651697851 ], [ -73.630932346083583, -42.710745293762933 ], [ -73.630944980888046, -42.710859362464895 ], [ -73.630962745072793, -42.710973401914273 ], [ -73.630988073970528, -42.711087713101719 ], [ -73.631019297613193, -42.711200563352826 ], [ -73.631054149551261, -42.711309404165554 ], [ -73.631090102823876, -42.711412584081771 ], [ -73.63112407171802, -42.711511597511432 ], [ -73.631152956147687, -42.711608660961332 ], [ -73.631174881328832, -42.711705641091775 ], [ -73.631191314210312, -42.711802463976532 ], [ -73.631204949738006, -42.711898804867545 ], [ -73.631229174606275, -42.71209117729456 ], [ -73.631238958158036, -42.71219053419059 ], [ -73.631246706127357, -42.712293647296612 ], [ -73.631262095166505, -42.712493569496914 ], [ -73.631270260852432, -42.712599839783692 ], [ -73.631282432126227, -42.712696162935735 ], [ -73.631297790622625, -42.712791892554208 ], [ -73.631316663328434, -42.712888835853263 ], [ -73.631337603057702, -42.712986253574599 ], [ -73.631418077734111, -42.713375254967588 ], [ -73.631464476616841, -42.713581131210425 ], [ -73.631484226976681, -42.713682677052454 ], [ -73.631498202067561, -42.713780191213424 ], [ -73.631531200781197, -42.714079112018489 ], [ -73.631584887695851, -42.714503545604366 ], [ -73.631638086825291, -42.714911311282023 ], [ -73.63164831953469, -42.715018057267244 ], [ -73.63166982879585, -42.715234082515238 ], [ -73.631685587042568, -42.715339453119689 ], [ -73.63170529518159, -42.715442979447161 ], [ -73.63172843398668, -42.715545917524338 ], [ -73.631779299293001, -42.715754276812341 ], [ -73.631801109489786, -42.715862151295568 ], [ -73.631816986314121, -42.715973286726182 ], [ -73.631827961031945, -42.71608517371368 ], [ -73.631835460167949, -42.716194048201103 ], [ -73.631841001874932, -42.716297584983089 ], [ -73.631844789172163, -42.716397589875513 ], [ -73.631847008010908, -42.71649667455344 ], [ -73.631847870393599, -42.716596374201075 ], [ -73.631848502807557, -42.716778829989174 ], [ -73.631852848856894, -42.716914502114065 ], [ -73.63186012880395, -42.717022292739898 ], [ -73.631866515825635, -42.717070638673576 ], [ -73.631877782495934, -42.717113728305797 ], [ -73.631894683399679, -42.717150401362815 ], [ -73.631914316978538, -42.717179543112159 ], [ -73.631952279782439, -42.717224843674934 ], [ -73.631957366043565, -42.717243455063972 ], [ -73.6319611704088, -42.71727600897642 ], [ -73.631964018068246, -42.717324222052298 ], [ -73.6319660249046, -42.717388543715181 ], [ -73.631967074136853, -42.717468613555411 ], [ -73.631973926485827, -42.717762629323197 ], [ -73.631994003832432, -42.718321829635414 ], [ -73.632014435115266, -42.719242957880958 ], [ -73.632014715389616, -42.719452515815419 ], [ -73.632011906357732, -42.719769379093563 ], [ -73.632013264610435, -42.720096649161682 ], [ -73.63201754687941, -42.720418730156418 ], [ -73.632025506851136, -42.720917990539967 ], [ -73.632024083919731, -42.721243966309551 ], [ -73.632018700316223, -42.721689124937733 ], [ -73.632013400256042, -42.721896995032367 ], [ -73.632008207993707, -42.721999863667648 ], [ -73.631996304417882, -42.722208104932342 ], [ -73.631989052318588, -42.722421444245448 ], [ -73.631987832406438, -42.722526972251266 ], [ -73.631988134240373, -42.722629905836428 ], [ -73.631988692094154, -42.722932491561878 ], [ -73.631983613917853, -42.723135770915079 ], [ -73.631978686658528, -42.723237742620626 ], [ -73.631969825676563, -42.723340838030936 ], [ -73.631954323449705, -42.723446014707015 ], [ -73.631930946591069, -42.723553799266107 ], [ -73.63187707642011, -42.723770904144686 ], [ -73.631855940858102, -42.723876734743342 ], [ -73.631838500066863, -42.72398116808975 ], [ -73.631804919244914, -42.724192031196431 ], [ -73.631783418068579, -42.724297857117129 ], [ -73.631755009746044, -42.724401168541192 ], [ -73.631718018020962, -42.724500415978582 ], [ -73.631675246535323, -42.724595900373878 ], [ -73.631630826641171, -42.724688575332372 ], [ -73.631588036290907, -42.724779377955265 ], [ -73.631548673911794, -42.724869771294486 ], [ -73.631513930669868, -42.72496121047449 ], [ -73.631484635710137, -42.725054786336038 ], [ -73.631459583493509, -42.725149852150281 ], [ -73.631437334020546, -42.725245224680023 ], [ -73.631392067913367, -42.725432412360334 ], [ -73.631391518144426, -42.725434688405542 ], [ -73.631359758207552, -42.725529224386953 ], [ -73.631317611949356, -42.725623997132907 ], [ -73.631265951633992, -42.725718205509736 ], [ -73.63120686764114, -42.725811154634286 ], [ -73.631142569826352, -42.725902329782727 ], [ -73.631073661857542, -42.72599209985183 ], [ -73.631001109423622, -42.726080926123082 ], [ -73.630925994994513, -42.726169630184422 ], [ -73.630774713310785, -42.72635044963436 ], [ -73.630702419591657, -42.726444140863229 ], [ -73.630634005696251, -42.726539139217962 ], [ -73.630570732859198, -42.726633658998473 ], [ -73.630396525271095, -42.726912631839319 ], [ -73.630331286021914, -42.727007577344679 ], [ -73.630136842983717, -42.727284595875176 ], [ -73.630080338054043, -42.727371181935588 ], [ -73.629911334406373, -42.727629954174191 ], [ -73.62985116974022, -42.727716315389898 ], [ -73.629788578724472, -42.727801928170834 ], [ -73.629664535756788, -42.727971274678481 ], [ -73.629607349005795, -42.72805550992414 ], [ -73.62955345008875, -42.728140235350523 ], [ -73.629450311816029, -42.728314243674241 ], [ -73.629295391955395, -42.728582188944877 ], [ -73.629241166051585, -42.728670602381683 ], [ -73.629184518289776, -42.72875799683905 ], [ -73.6290079436409, -42.729016315896068 ], [ -73.628955340992803, -42.72910303745325 ], [ -73.628867740879571, -42.72925363801361 ], [ -73.628806429963092, -42.729347549874191 ], [ -73.628786305005789, -42.729385041200828 ], [ -73.628773099771124, -42.729424417099445 ], [ -73.628766886124296, -42.729462524699741 ], [ -73.628767044227786, -42.729494134523975 ], [ -73.628773413283142, -42.7295155539436 ], [ -73.628784972804226, -42.729528659642106 ], [ -73.62880079393301, -42.729536863817216 ], [ -73.628819589383696, -42.729543123352002 ], [ -73.628839996412012, -42.729548319834372 ], [ -73.62889659027492, -42.729563135910588 ], [ -73.628911437629924, -42.72957123846107 ], [ -73.628923885584825, -42.729582824466348 ], [ -73.628934076073392, -42.729597084263702 ], [ -73.628942155521074, -42.729612940283495 ], [ -73.628952649640212, -42.729646656335255 ], [ -73.628955672471136, -42.729664703109179 ], [ -73.62895693550243, -42.729684980236122 ], [ -73.62895459179785, -42.729713769007155 ], [ -73.628946392874255, -42.729758787232981 ], [ -73.628929429088444, -42.729824682987328 ], [ -73.628898605196085, -42.729904191068783 ], [ -73.628848521424061, -42.729987520332884 ], [ -73.628776298671838, -42.730066533306704 ], [ -73.628690594902153, -42.730142052197749 ], [ -73.62860294897483, -42.730217007473293 ], [ -73.628522350330925, -42.730293668403718 ], [ -73.628449648776652, -42.730372314104258 ], [ -73.628383021630356, -42.730452383685417 ], [ -73.628321126808956, -42.730533860645153 ], [ -73.628263216914178, -42.730617456306405 ], [ -73.628208778109638, -42.730704245569939 ], [ -73.628157187862868, -42.730794852647598 ], [ -73.627957299237423, -42.731168248380612 ], [ -73.62790430761882, -42.731261448660788 ], [ -73.627848608477933, -42.731355517165497 ], [ -73.627788825595786, -42.731451967587887 ], [ -73.627723578261751, -42.731552496389774 ], [ -73.627651872040815, -42.7316578089291 ], [ -73.627575144237454, -42.731763782456511 ], [ -73.627495455586924, -42.731865487918419 ], [ -73.627414103256484, -42.731959518555676 ], [ -73.627331036042136, -42.732048216190158 ], [ -73.627157833668846, -42.732224894489839 ], [ -73.626976795291327, -42.732407783363563 ], [ -73.62679303681513, -42.732592170190927 ], [ -73.626747806640566, -42.732636978478617 ], [ -73.626605332938198, -42.732778128860204 ], [ -73.626508755062005, -42.732870086230655 ], [ -73.626409682564258, -42.732958771345707 ], [ -73.626307656405857, -42.73304300707634 ], [ -73.626103004014453, -42.733205259279522 ], [ -73.626004440861493, -42.733287465695149 ], [ -73.625908181887212, -42.733370419589313 ], [ -73.62562531138741, -42.733617282648559 ], [ -73.625532052786198, -42.733702614116503 ], [ -73.625439561346212, -42.733791916957493 ], [ -73.625348381446571, -42.733882677222503 ], [ -73.625172071800691, -42.734055713353165 ], [ -73.625086616864337, -42.734136094893685 ], [ -73.624835022109465, -42.7343714443561 ], [ -73.624758188304895, -42.734454181039681 ], [ -73.62468833530842, -42.734541593740587 ], [ -73.624681487450985, -42.734550900467539 ], [ -73.624225100167507, -42.734983682511867 ], [ -73.623635840375442, -42.735318765620576 ], [ -73.622676999302413, -42.736477302834935 ], [ -73.622440297716622, -42.736763292518681 ], [ -73.622077802346652, -42.736977108948977 ], [ -73.621437750011779, -42.737354634680585 ], [ -73.620668674449277, -42.737944123815382 ], [ -73.620311353375342, -42.738327045257016 ], [ -73.618712719580557, -42.739550562572127 ], [ -73.618292616149745, -42.740144371379095 ], [ -73.617632012157785, -42.74108192793053 ], [ -73.617035968288661, -42.741718610546442 ], [ -73.61644086765061, -42.742310262368143 ], [ -73.615903943706954, -42.742902585425398 ], [ -73.615367803992584, -42.743454457871437 ], [ -73.614830694097691, -42.744051282457733 ], [ -73.614498701023166, -42.744389501001343 ], [ -73.615136466247364, -42.744824932377398 ], [ -73.615728819837273, -42.744940183294098 ], [ -73.616236435346451, -42.745495698943031 ], [ -73.616748579262975, -42.745884567094727 ], [ -73.617266123850982, -42.745998848927513 ], [ -73.617639097170425, -42.745949336765243 ], [ -73.618835745655346, -42.745635094941626 ], [ -73.620399367611938, -42.745545927242681 ], [ -73.62158646431044, -42.745668224386286 ], [ -73.622325521769412, -42.745843739757618 ], [ -73.622842698048146, -42.746012072526717 ], [ -73.623427719588733, -42.746455784820661 ], [ -73.62378728106097, -42.747009512335623 ], [ -73.623998104878382, -42.747561365373862 ], [ -73.623985972232148, -42.748110512137337 ], [ -73.623976267732132, -42.748547160192672 ], [ -73.623966663843433, -42.748983803852816 ], [ -73.623955716075073, -42.749478987853117 ], [ -73.624317917695947, -42.74992005848366 ], [ -73.62476246877722, -42.749979436548969 ], [ -73.625353639285919, -42.750153097306942 ], [ -73.625795838577787, -42.750320543018624 ], [ -73.625938729098451, -42.750596941572837 ], [ -73.625856570080899, -42.750924638055274 ], [ -73.625774132585576, -42.751306332215435 ], [ -73.626062552877215, -42.75169705904721 ], [ -73.626425858527583, -42.752084089482523 ], [ -73.627014703297988, -42.752365811285607 ], [ -73.627676203808605, -42.752702485798494 ], [ -73.628342197692263, -42.752872511662517 ], [ -73.629369595492818, -42.753488191728458 ], [ -73.630182518722663, -42.753718558893361 ], [ -73.630922662244799, -42.753889547641435 ], [ -73.631435438575281, -42.754224333993605 ], [ -73.631724606265252, -42.75461501604515 ], [ -73.632013238559296, -42.755001145713798 ], [ -73.632376707703045, -42.75538822345414 ], [ -73.632820232009948, -42.755501599950861 ], [ -73.633249208100821, -42.756276693268319 ], [ -73.633384753995742, -42.756881658939044 ], [ -73.633738705489051, -42.757705298576347 ], [ -73.634476398407102, -42.757988764447887 ], [ -73.635970298521229, -42.757677922411247 ], [ -73.636801314719207, -42.757084488657426 ], [ -73.636964637421016, -42.757019964772695 ], [ -73.63752931840861, -42.757026625854778 ], [ -73.639073251989117, -42.75745921605909 ], [ -73.639819529208012, -42.757774234273512 ], [ -73.640616607952893, -42.75799086121485 ], [ -73.641450441267594, -42.758144847745704 ], [ -73.642297397171973, -42.758249396194223 ], [ -73.643147255533023, -42.758291056964829 ], [ -73.644004419892312, -42.758283218695183 ], [ -73.644861418961568, -42.758243741740351 ], [ -73.645718427013975, -42.758204405247916 ], [ -73.646579787403937, -42.758147037506284 ], [ -73.647419102238501, -42.758039890188932 ], [ -73.648185463990529, -42.757783254557502 ], [ -73.648893221450066, -42.757404429201507 ], [ -73.649696703386269, -42.757229319885532 ], [ -73.650544865728094, -42.757140302759467 ], [ -73.651408878843071, -42.75709186141686 ], [ -73.652267748204764, -42.757074968311727 ], [ -73.653126452276425, -42.757134632374573 ], [ -73.653935592700606, -42.757328769384429 ], [ -73.654461847353616, -42.757821178518654 ], [ -73.654574991061963, -42.758452917274816 ], [ -73.654652229108407, -42.759079627727388 ], [ -73.654778621170564, -42.759702418072443 ], [ -73.654983681397098, -42.760317136602985 ], [ -73.655281887935445, -42.760905933850751 ], [ -73.65579971279783, -42.761402809267437 ], [ -73.656306668045261, -42.761940099766235 ], [ -73.656984474774916, -42.762173124389484 ], [ -73.657843980143824, -42.762021119849855 ], [ -73.658654240767149, -42.761814547644349 ], [ -73.659488140557187, -42.761680243321301 ], [ -73.660334261028353, -42.761582089527685 ], [ -73.661179573914069, -42.76148388941143 ], [ -73.662022901523031, -42.761376617936442 ], [ -73.662864530417778, -42.761269409590909 ], [ -73.66370711511999, -42.761157657527733 ], [ -73.664547680409441, -42.761032411163889 ], [ -73.665389565324034, -42.760920748370303 ], [ -73.666239469499175, -42.760858535542681 ], [ -73.667099656689373, -42.760850548542344 ], [ -73.667947572892786, -42.760918947834533 ], [ -73.668783308839267, -42.761050235113842 ], [ -73.669610676080566, -42.761221906035537 ], [ -73.6704235984121, -42.761424989976241 ], [ -73.671220622359712, -42.761654826394732 ], [ -73.671997830370501, -42.761920500627646 ], [ -73.672750712003378, -42.762221902733138 ], [ -73.67349479463806, -42.762536640181068 ], [ -73.674220794186056, -42.762878294183842 ], [ -73.674904795697898, -42.763250942059599 ], [ -73.675489480370246, -42.76369889490234 ], [ -73.675985574985887, -42.764222381244629 ], [ -73.676532060597424, -42.764710464696044 ], [ -73.677111083188521, -42.765171917332836 ], [ -73.677690917856651, -42.765633406760983 ], [ -73.678245906920651, -42.766117077715556 ], [ -73.678822687316824, -42.766582964747201 ], [ -73.679475284624644, -42.767000164079505 ], [ -73.680171821227944, -42.767399923613084 ], [ -73.680913800906552, -42.767714624203684 ], [ -73.681706589297605, -42.767858858170207 ], [ -73.682553936867464, -42.76785061554115 ], [ -73.683426492062495, -42.767770529628102 ], [ -73.684294166710586, -42.76770406155871 ], [ -73.685377977812664, -42.767599369473189 ], [ -73.687780743025598, -42.767077624973659 ], [ -73.690104092675838, -42.767203326021381 ], [ -73.690724434176758, -42.767084343007973 ], [ -73.692118704837654, -42.76656901681509 ], [ -73.693048672260829, -42.766516517166281 ], [ -73.693427926600734, -42.766570416224802 ], [ -73.694409805867537, -42.76684279667154 ], [ -73.696335135371584, -42.767301418151725 ], [ -73.698499121195468, -42.767704318090473 ], [ -73.701531460793817, -42.768116883756754 ], [ -73.70374069565689, -42.768258948486206 ], [ -73.706233511587172, -42.768026056224464 ], [ -73.709201855204668, -42.767739881032171 ], [ -73.711501130903613, -42.767329064403775 ], [ -73.714061739095115, -42.766736461697157 ], [ -73.714180292458124, -42.781611860423723 ], [ -73.714185370634425, -42.782248804454099 ], [ -73.714368059217122, -42.8059066376589 ], [ -73.714795390492725, -42.806901927578103 ], [ -73.719788310385169, -42.811591500844557 ], [ -73.719832735669229, -42.811617101564721 ], [ -73.720651806070563, -42.812069883555871 ], [ -73.721321476758689, -42.812465479897725 ], [ -73.72213948624966, -42.812973683382438 ], [ -73.722507993145513, -42.813365936876941 ], [ -73.723251807183928, -42.813817828312196 ], [ -73.724072106480563, -42.814215072758145 ], [ -73.724592407099863, -42.814553546142662 ], [ -73.725032904982584, -42.815113035141515 ], [ -73.725546237370224, -42.815784048222 ], [ -73.726433936364302, -42.816570262616068 ], [ -73.726571982270642, -42.817181790127599 ], [ -73.726783173499001, -42.817904975944188 ], [ -73.726770616847972, -42.818514767830237 ], [ -73.726988582271872, -42.818905343492858 ], [ -73.727437070669055, -42.81907669983795 ], [ -73.727814656837481, -42.819025378050597 ], [ -73.728566618595522, -42.819089251556093 ], [ -73.729089129968727, -42.819316761465984 ], [ -73.729156611412876, -42.81970574342882 ], [ -73.729364312686329, -42.820595160519183 ], [ -73.729506999289427, -42.820984937635188 ], [ -73.729723817564718, -42.821430942856644 ], [ -73.729942887018126, -42.821766078347693 ], [ -73.730010366665638, -42.822154911806862 ], [ -73.730077653175357, -42.822543827157325 ], [ -73.730143866198318, -42.822988175261607 ], [ -73.730289982569175, -42.823211570655765 ], [ -73.730738405389332, -42.823382843249597 ], [ -73.73096551206956, -42.82332999842977 ], [ -73.731193678761841, -42.823221573671404 ], [ -73.731122869059575, -42.822999044076063 ], [ -73.730980265101479, -42.822609265162178 ], [ -73.731282672162095, -42.822557210337607 ], [ -73.731658035000208, -42.822616818560348 ], [ -73.731804056149628, -42.822840215955253 ], [ -73.731947838697366, -42.82317455645299 ], [ -73.732088397191561, -42.823675121298045 ], [ -73.732459278334701, -42.823956466069426 ], [ -73.732530094325185, -42.824178994854059 ], [ -73.732523266230714, -42.824511682280509 ], [ -73.732516432746351, -42.824844294783553 ], [ -73.732737875548736, -42.825068549204389 ], [ -73.733116664561322, -42.824961771996705 ], [ -73.733349431526165, -42.824631746803448 ], [ -73.733576526528296, -42.824578749537018 ], [ -73.733951909129331, -42.824638423014207 ], [ -73.734099115156639, -42.824806379583862 ], [ -73.734918464934012, -42.82525904589977 ], [ -73.735743467809471, -42.825434455668599 ], [ -73.736341578702067, -42.825662854733672 ], [ -73.737089045290404, -42.825948336566057 ], [ -73.737464433281346, -42.826007925048089 ], [ -73.737760143401502, -42.826288460029261 ], [ -73.737603883254465, -42.826563989865186 ], [ -73.737592607601016, -42.827118341988289 ], [ -73.73750815069296, -42.827560967321638 ], [ -73.737644109812891, -42.828283416402684 ], [ -73.738316399090067, -42.828568025718646 ], [ -73.740124044800297, -42.828587958203919 ], [ -73.74178095590085, -42.828606152726358 ], [ -73.742910668218997, -42.828618554276318 ], [ -73.743965168191679, -42.828630159315651 ], [ -73.744717148814331, -42.828693850288907 ], [ -73.745619856860188, -42.828759166491437 ], [ -73.746070684470354, -42.828819575780976 ], [ -73.746814853343295, -42.829271294989042 ], [ -73.747411778459693, -42.829555071637444 ], [ -73.748084121635785, -42.829839620417502 ], [ -73.748611333892882, -42.829845438304687 ], [ -73.749123436486897, -42.829710498888431 ], [ -73.749120569962827, -42.829854656271777 ], [ -73.749183623610932, -42.830404737550559 ], [ -73.749174842579038, -42.830841350272145 ], [ -73.748942661315752, -42.831280020596587 ], [ -73.748267447124022, -42.831547340808719 ], [ -73.747812438754508, -42.831925130875788 ], [ -73.747436856727489, -42.832083082536592 ], [ -73.74690958787653, -42.832405977548802 ], [ -73.746603536350804, -42.832789817135072 ], [ -73.746369257521337, -42.833332118620852 ], [ -73.746210905197998, -42.833825686208812 ], [ -73.746046411093062, -42.834589369793406 ], [ -73.746036480217597, -42.835084441799538 ], [ -73.74595010810134, -42.835686901096963 ], [ -73.745638593920376, -42.83634082666012 ], [ -73.745107172157844, -42.83682577315605 ], [ -73.744951098860398, -42.837206844998526 ], [ -73.744640641996526, -42.837806810118835 ], [ -73.74425721767706, -42.838351836146479 ], [ -73.743256571705658, -42.839308951841211 ], [ -73.743053503044109, -42.839594914731755 ], [ -73.742699724027347, -42.8398026870872 ], [ -73.742346942140529, -42.839929362215592 ], [ -73.741939408835478, -42.83992489165086 ], [ -73.741530909841501, -42.839965373732447 ], [ -73.741178988540739, -42.840047094655461 ], [ -73.740826963035403, -42.840169309274813 ], [ -73.740533907436898, -42.840251535803397 ], [ -73.740295509831853, -42.840505623009236 ], [ -73.740409037120827, -42.840677992483116 ], [ -73.740637855990002, -42.840896613690305 ], [ -73.74092737941281, -42.840985345072994 ], [ -73.741333257122804, -42.841075368664335 ], [ -73.741681860046896, -42.841124179032889 ], [ -73.741855233998422, -42.841211681647664 ], [ -73.742143857309316, -42.841340937231109 ], [ -73.742377068041918, -42.841343499496979 ], [ -73.742784710941422, -42.841347964689653 ], [ -73.7428992021227, -42.841434738488289 ], [ -73.742895627726199, -42.84161034408659 ], [ -73.742599154038032, -42.841863750562986 ], [ -73.74195652802986, -42.841942201294586 ], [ -73.74166180964977, -42.842110052223056 ], [ -73.741658381678647, -42.842281078803119 ], [ -73.741709414071593, -42.842623901841442 ], [ -73.741938238330661, -42.842842447662079 ], [ -73.742227877636154, -42.842931244751185 ], [ -73.742281731637433, -42.843143481488795 ], [ -73.742104671898304, -42.843272080299101 ], [ -73.741810755713757, -42.843399482059738 ], [ -73.741572347328926, -42.843653499675391 ], [ -73.741566350176086, -42.843950529554441 ], [ -73.741795191503144, -42.844169221513042 ], [ -73.741962476673663, -42.844513193291661 ], [ -73.741841934440643, -42.844728022286986 ], [ -73.741430842010431, -42.844894582611559 ], [ -73.741191473326552, -42.845193700995964 ], [ -73.740887114226837, -42.845829689529751 ], [ -73.740821115901213, -42.846216163894191 ], [ -73.740869715656402, -42.846689408845258 ], [ -73.740632101382289, -42.846902974282671 ], [ -73.740222758870246, -42.846984051778172 ], [ -73.740043376986122, -42.847193723765905 ], [ -73.739863831608602, -42.847407828841696 ], [ -73.739797029290813, -42.84783489934582 ], [ -73.739443125408201, -42.848047018469906 ], [ -73.739205556948164, -42.848256080931634 ], [ -73.739257581081219, -42.848558299549914 ], [ -73.739724059140286, -42.848563432044763 ], [ -73.740078861338148, -42.848310710996323 ], [ -73.740200221038094, -42.848095922780317 ], [ -73.74055305143392, -42.847928687450185 ], [ -73.740898168894716, -42.848148604166752 ], [ -73.740895604204582, -42.848274680633942 ], [ -73.741068133739745, -42.848407133456298 ], [ -73.741476688429259, -42.848366650319981 ], [ -73.741657026120876, -42.848111946056413 ], [ -73.741661256287543, -42.847900395535966 ], [ -73.741898071959383, -42.847686861208679 ], [ -73.742130449055381, -42.847734447262987 ], [ -73.742241429620535, -42.848032815571834 ], [ -73.742236143933397, -42.84828939916499 ], [ -73.742230100966466, -42.848591003143746 ], [ -73.742226581367191, -42.848762108596496 ], [ -73.742400076591281, -42.848809040490679 ], [ -73.742634272775746, -42.848766571935776 ], [ -73.7429855418996, -42.848684873742513 ], [ -73.743106729123028, -42.84847451396471 ], [ -73.74305307993761, -42.84821278149321 ], [ -73.742884011611267, -42.847954291565422 ], [ -73.742831915612982, -42.847656576221247 ], [ -73.743009843124668, -42.847482949822094 ], [ -73.743364525846616, -42.847230223694382 ], [ -73.74371729066543, -42.84710804477686 ], [ -73.744240332044669, -42.847154250154723 ], [ -73.744471807232131, -42.847242358718802 ], [ -73.745229589174897, -42.84725063753735 ], [ -73.7465172846088, -42.84696754939263 ], [ -73.747158195733093, -42.846974549866353 ], [ -73.747564827129608, -42.847064593051286 ], [ -73.747969855033332, -42.847195117401128 ], [ -73.748897626973928, -42.847421398954111 ], [ -73.749362338046822, -42.847511970355029 ], [ -73.749600826381709, -42.84725793369806 ], [ -73.749953731337698, -42.847090740885278 ], [ -73.750298071755779, -42.84735107723467 ], [ -73.750406488529109, -42.847780013319074 ], [ -73.750696056867696, -42.847868716374599 ], [ -73.751101041652277, -42.848003731398492 ], [ -73.751330876516036, -42.848177299693589 ], [ -73.751439299577555, -42.848565743741879 ], [ -73.751320488398079, -42.848690533108282 ], [ -73.751315341051523, -42.848947111334923 ], [ -73.751715187472669, -42.849338700601727 ], [ -73.751888593763539, -42.849426111891887 ], [ -73.752120088713937, -42.849514204043565 ], [ -73.752288348556561, -42.849817702732054 ], [ -73.752226769043844, -42.849988125123893 ], [ -73.751873861392895, -42.85015539966205 ], [ -73.751406578443337, -42.850190840151654 ], [ -73.751170731155383, -42.850318801270667 ], [ -73.750934691627975, -42.85048733346482 ], [ -73.750580121195441, -42.850699589026434 ], [ -73.750167366881939, -42.850951728655382 ], [ -73.749873384222056, -42.851074580938189 ], [ -73.749523010718534, -42.851115773561723 ], [ -73.748882157984738, -42.851108785411704 ], [ -73.748352319053751, -42.851359663519311 ], [ -73.748232736221439, -42.851488907749349 ], [ -73.747997536618811, -42.851612409631493 ], [ -73.747760883542043, -42.851780961345753 ], [ -73.74746868852958, -42.851822753454002 ], [ -73.747177253491856, -42.851819596935428 ], [ -73.746774958263217, -42.851513500139767 ], [ -73.746427992069556, -42.851383656001111 ], [ -73.746021332825279, -42.851334100330099 ], [ -73.74561030956535, -42.851460182808111 ], [ -73.745491479521249, -42.851584966985371 ], [ -73.745312904324223, -42.851754123999569 ], [ -73.745138443411207, -42.851752225344654 ], [ -73.744791579625499, -42.851622373146427 ], [ -73.74479419192636, -42.851491796246059 ], [ -73.744563503663073, -42.851363238914033 ], [ -73.744388439980497, -42.851361290854086 ], [ -73.744208804771461, -42.851615969864454 ], [ -73.744205384885177, -42.851786997129203 ], [ -73.743854254101862, -42.851823630667162 ], [ -73.743446641745066, -42.851819168207371 ], [ -73.743157864822237, -42.851689922692699 ], [ -73.74286819407574, -42.851601277151808 ], [ -73.742577711252196, -42.851553007845197 ], [ -73.742111210735246, -42.851547887453066 ], [ -73.741643749919291, -42.851628284475588 ], [ -73.740939617161914, -42.85183672827452 ], [ -73.740762530473347, -42.851965326110708 ], [ -73.740177284353948, -42.852084975089873 ], [ -73.739654351670865, -42.851993608918818 ], [ -73.739191280921673, -42.851817450002194 ], [ -73.738842713031872, -42.851768556541145 ], [ -73.738435904667256, -42.851723553211436 ], [ -73.738086383664921, -42.851719759851036 ], [ -73.737436877459999, -42.852099750666717 ], [ -73.736843688436863, -42.852606543699849 ], [ -73.736606736221106, -42.852820073532072 ], [ -73.73636649886636, -42.853159561119213 ], [ -73.736295260667688, -42.853802613534647 ], [ -73.736349006871151, -42.854014858361403 ], [ -73.736693341899326, -42.854275310406557 ], [ -73.736983029713841, -42.854364117403293 ], [ -73.737216290752087, -42.854366688348591 ], [ -73.737507640449877, -42.854369873054253 ], [ -73.73767851528828, -42.854547314769242 ], [ -73.738408512339305, -42.854199680730702 ], [ -73.739571253913809, -42.853861301926855 ], [ -73.740053050045105, -42.853564887372748 ], [ -73.740800983757396, -42.853573160734001 ], [ -73.741272515738231, -42.85378097037318 ], [ -73.741872978420218, -42.854386410340425 ], [ -73.742475792891639, -42.854843286022877 ], [ -73.742884343089585, -42.854798298762979 ], [ -73.743630355305498, -42.854905461689079 ], [ -73.744170030788851, -42.8551140425974 ], [ -73.744566366593887, -42.855717251577055 ], [ -73.744690617970718, -42.856267890221226 ], [ -73.745019695113811, -42.856825288222751 ], [ -73.745620541376425, -42.857381278568454 ], [ -73.746366488913623, -42.857488425817621 ], [ -73.74698134440311, -42.857346569199514 ], [ -73.748276299122836, -42.857207639995515 ], [ -73.749841378146812, -42.857175247830455 ], [ -73.750853838760818, -42.857537456329432 ], [ -73.751798891592529, -42.857898994322603 ], [ -73.752405890416554, -42.858153264442414 ], [ -73.753212900036857, -42.858612355093854 ], [ -73.753816740384337, -42.859019638812775 ], [ -73.754694904659999, -42.859330833955916 ], [ -73.755433821083471, -42.859789202056021 ], [ -73.755763465063495, -42.860292482878648 ], [ -73.755955663211793, -42.860893455805822 ], [ -73.756210126287385, -42.861747240115001 ], [ -73.756596383893253, -42.862854481134917 ], [ -73.757528879175624, -42.863814698377439 ], [ -73.758536392767354, -42.864473970964958 ], [ -73.758932972015842, -42.865032055372978 ], [ -73.759593006475896, -42.866038859942485 ], [ -73.75991338253715, -42.867041893201694 ], [ -73.760371139751413, -42.867947378020681 ], [ -73.760490219527156, -42.868799565631207 ], [ -73.760750936673759, -42.869351799400498 ], [ -73.761422871116395, -42.869759743073139 ], [ -73.761828351771015, -42.869917191789391 ], [ -73.762847128439802, -42.86997775045095 ], [ -73.763455186377513, -42.870182428964704 ], [ -73.764302221333651, -42.87052928765879 ], [ -73.764967733720312, -42.870806642722478 ], [ -73.765780467405619, -42.87114408069403 ], [ -73.766297155899167, -42.871370256063308 ], [ -73.766814451653843, -42.871596478005465 ], [ -73.767256883609363, -42.87182183996498 ], [ -73.767773535271985, -42.872043511692794 ], [ -73.769111383648209, -42.872224481413532 ], [ -73.769629800500354, -42.872392232272702 ], [ -73.770221375250941, -42.872619172016869 ], [ -73.770818532132679, -42.872571590653806 ], [ -73.771339477742373, -42.872577193187773 ], [ -73.771859037251545, -42.872690826423018 ], [ -73.772149036781457, -42.873076604047334 ], [ -73.772362642681301, -42.873574210973842 ], [ -73.773024939099244, -42.874018036768959 ], [ -73.773396766168375, -42.874022043375646 ], [ -73.773920701371324, -42.873919536441164 ], [ -73.774293332432649, -42.873923580579188 ], [ -73.774586476066062, -42.874147334956923 ], [ -73.774577796543781, -42.874583942698024 ], [ -73.77419554991566, -42.875070679792017 ], [ -73.773816024284528, -42.875453829023911 ], [ -73.773286708173032, -42.875830845014072 ], [ -73.772090304029874, -42.876038664006067 ], [ -73.771718966542565, -42.875976219964485 ], [ -73.771270958744068, -42.876029893339215 ], [ -73.770971102898855, -42.876134755489986 ], [ -73.770669596848464, -42.876293600012687 ], [ -73.770293668071744, -42.876456139854852 ], [ -73.77006270133073, -42.876836390540525 ], [ -73.770128964659335, -42.877273851500121 ], [ -73.77026969024017, -42.877662623356301 ], [ -73.770561647199102, -42.877994337539761 ], [ -73.770777400970772, -42.878379384228822 ], [ -73.770766561898554, -42.878928627954025 ], [ -73.770535490054641, -42.879308883810211 ], [ -73.77067274724017, -42.879913673225204 ], [ -73.771116355090399, -42.880080557968441 ], [ -73.771560954680709, -42.880197911071157 ], [ -73.771705827783208, -42.880415550470779 ], [ -73.771700360636402, -42.880690137222551 ], [ -73.771546887961676, -42.880909101934471 ], [ -73.771391129972869, -42.881236136247182 ], [ -73.771385661029427, -42.881510722638275 ], [ -73.771606901710854, -42.881621180479179 ], [ -73.772055936283735, -42.881517975914221 ], [ -73.77243188392508, -42.881355354617028 ], [ -73.77265530661434, -42.881357745393451 ], [ -73.773397280004744, -42.881532362661709 ], [ -73.77376444661418, -42.881806423110305 ], [ -73.774134888481143, -42.881922956703669 ], [ -73.774510832529231, -42.881760329233174 ], [ -73.774967392289241, -42.881274465748703 ], [ -73.775199533128315, -42.880835670555783 ], [ -73.775575320869564, -42.880677618422453 ], [ -73.775870837851954, -42.880788872274032 ], [ -73.77578913967011, -42.881170710302285 ], [ -73.775486227756318, -42.881388036891508 ], [ -73.775478699874228, -42.881770684149153 ], [ -73.776227163592537, -42.881616592472312 ], [ -73.77645282039191, -42.881506484154926 ], [ -73.776679453659995, -42.881346773624642 ], [ -73.777205676871972, -42.881131756709784 ], [ -73.777733275404628, -42.880808781328824 ], [ -73.77803917781003, -42.880429289086003 ], [ -73.778486020493602, -42.880434124029868 ], [ -73.778857543033865, -42.880492038004746 ], [ -73.779222603992281, -42.880878640370604 ], [ -73.77937219055508, -42.880826285756768 ], [ -73.779675914545891, -42.880554854660645 ], [ -73.779899332743568, -42.88055723230287 ], [ -73.780122751839571, -42.880559609944996 ], [ -73.780415721199816, -42.880837416258586 ], [ -73.7806316447531, -42.881222436648663 ], [ -73.780699351674372, -42.881551783054093 ], [ -73.780765979718993, -42.881939733452356 ], [ -73.781433851081587, -42.882108917890953 ], [ -73.781657280957361, -42.882111365905523 ], [ -73.78210851101278, -42.881895482768343 ], [ -73.782712092645454, -42.881519224617669 ], [ -73.784797858564303, -42.881541319489891 ], [ -73.785764413470673, -42.881664187925409 ], [ -73.786573177500728, -42.882217513804427 ], [ -73.787309789745521, -42.882666549275214 ], [ -73.789683705563107, -42.883182489677857 ], [ -73.792451201154421, -42.882666891559715 ], [ -73.793201826219317, -42.882400199348574 ], [ -73.794700193655331, -42.881974673862182 ], [ -73.796046886843854, -42.881714210966386 ], [ -73.798515959402863, -42.881195359987544 ], [ -73.799109805992785, -42.88130965469702 ], [ -73.799700652209665, -42.881590531007099 ], [ -73.800741343279796, -42.881709491974782 ], [ -73.801941998250896, -42.881285321677659 ], [ -73.802635593769963, -42.880085862283984 ], [ -73.803853084067796, -42.878783830688619 ], [ -73.805967430785714, -42.877324574578203 ], [ -73.806720960103917, -42.876895712706649 ], [ -73.808748276240493, -42.876092773785722 ], [ -73.80965241799754, -42.87555739658908 ], [ -73.812347677361927, -42.874874065483134 ], [ -73.813851794015775, -42.874173689231206 ], [ -73.814303754401521, -42.873903736452824 ], [ -73.816103167052191, -42.873323489611955 ], [ -73.8170782999712, -42.872946356260293 ], [ -73.817686928339143, -42.872295270547596 ], [ -73.818742106539844, -42.871648796998969 ], [ -73.819720052084023, -42.871168122108003 ], [ -73.820692773924819, -42.870957443238638 ], [ -73.821818110549231, -42.870532333273403 ], [ -73.822941039688658, -42.870269273520194 ], [ -73.824136012815586, -42.870114894380343 ], [ -73.825104568270078, -42.870124798948197 ], [ -73.827195174311669, -42.869876129556843 ], [ -73.828981972819122, -42.869948474491281 ], [ -73.830776394430075, -42.869579581198678 ], [ -73.832349063319896, -42.869158826826393 ], [ -73.833024370936414, -42.868891078117016 ], [ -73.834302604415456, -42.86830080950007 ], [ -73.8352075277068, -42.867706638174674 ], [ -73.836185072602333, -42.86722583974791 ], [ -73.836713304447272, -42.866848505851408 ], [ -73.837392474819524, -42.86641418338651 ], [ -73.838823040112871, -42.86560913809739 ], [ -73.840170408834467, -42.865240080601957 ], [ -73.841516502846673, -42.864979107897796 ], [ -73.842789687793797, -42.864609255858944 ], [ -73.843617183494189, -42.864176351055917 ], [ -73.844303327487978, -42.863363788084655 ], [ -73.845213125038072, -42.862494975176432 ], [ -73.845661968269781, -42.862391414663513 ], [ -73.846708699611867, -42.862181358369511 ], [ -73.84753198041696, -42.861969048109962 ], [ -73.848135917782457, -42.861538371475255 ], [ -73.848367564548141, -42.861099451091022 ], [ -73.848821046679973, -42.860775312041511 ], [ -73.850161274693392, -42.8607888436594 ], [ -73.850829180191965, -42.860907984323738 ], [ -73.851576342251448, -42.860803014651289 ], [ -73.852478792480824, -42.860321284704533 ], [ -73.85330389686591, -42.860054869277953 ], [ -73.853827822187384, -42.859898009770191 ], [ -73.854953452560892, -42.85946806277915 ], [ -73.855484557218105, -42.858924063280035 ], [ -73.856238561745101, -42.858440795567986 ], [ -73.85676444898715, -42.858171367288698 ], [ -73.857815932417097, -42.857745061662072 ], [ -73.858566102934461, -42.857423901217516 ], [ -73.860068219938483, -42.856781489051755 ], [ -73.860970689032484, -42.856295191838626 ], [ -73.862618085177516, -42.855820764675663 ], [ -73.863894935250997, -42.855230078696259 ], [ -73.864517464149628, -42.854823894762234 ], [ -73.864689466373719, -42.854711619467182 ], [ -73.874753235907832, -42.854026053626335 ], [ -73.874599976133851, -42.844247677879565 ], [ -73.879149171395085, -42.84266957244315 ], [ -73.884583553960866, -42.839651934967357 ], [ -73.884870463286205, -42.839479181902341 ], [ -73.885319947016725, -42.839316880634904 ], [ -73.885701287244729, -42.8388298142088 ], [ -73.885708194390944, -42.838442692892137 ], [ -73.885861210721487, -42.838228093669493 ], [ -73.886163643833243, -42.837956363265796 ], [ -73.88661604888506, -42.837632047411063 ], [ -73.886770987610319, -42.837304821591196 ], [ -73.887076102193191, -42.836925074394784 ], [ -73.887827992086017, -42.836491178444483 ], [ -73.888276463415181, -42.836387467608681 ], [ -73.889321346922756, -42.836289498125005 ], [ -73.88984303274421, -42.836236043152041 ], [ -73.890442607890705, -42.836025700928388 ], [ -73.891119262081858, -42.835649579485974 ], [ -73.891800609072021, -42.835052810742226 ], [ -73.892323320769549, -42.834945314300704 ], [ -73.892844813453223, -42.834950413012876 ], [ -73.893359517568314, -42.835283994353865 ], [ -73.893650914876815, -42.835674045775463 ], [ -73.893794171011777, -42.836004141126232 ], [ -73.894085653660255, -42.836335629252609 ], [ -73.89438390870761, -42.836338484862488 ], [ -73.895139579609449, -42.835688433985979 ], [ -73.895516876520347, -42.835417453921565 ], [ -73.896039301655321, -42.835368436810498 ], [ -73.896557086093495, -42.835535561877563 ], [ -73.896926496694533, -42.835705652141385 ], [ -73.897748294381046, -42.83554703189354 ], [ -73.89812660459161, -42.835221938590223 ], [ -73.898282509005796, -42.834840670057517 ], [ -73.898512529820806, -42.834460205486842 ], [ -73.899184343889189, -42.83435409996315 ], [ -73.899625906275531, -42.834633042411355 ], [ -73.899923219888478, -42.834689910442989 ], [ -73.900593958673468, -42.834642328174581 ], [ -73.900891406135401, -42.834645201649003 ], [ -73.901335738027754, -42.834816045996895 ], [ -73.901632248546832, -42.83487287038264 ], [ -73.902374083596669, -42.835042154187512 ], [ -73.904468047540803, -42.834517351012487 ], [ -73.905221496908936, -42.834029214480687 ], [ -73.905821039716088, -42.833814367388236 ], [ -73.906641807933312, -42.833714137567249 ], [ -73.907388688820092, -42.833559182177218 ], [ -73.90761566524462, -42.833340714193334 ], [ -73.908292050839478, -42.833018489421292 ], [ -73.908515278594322, -42.833020623173752 ], [ -73.909185057978576, -42.833026944060883 ], [ -73.909407367655206, -42.833083175882777 ], [ -73.910300256216686, -42.833145687684905 ], [ -73.910822861913019, -42.833042535799272 ], [ -73.911348170640039, -42.832827015965407 ], [ -73.912020811158456, -42.832671240155548 ], [ -73.912690590542738, -42.832677614438978 ], [ -73.913583380289538, -42.832740177376735 ], [ -73.914402276417704, -42.832747944955422 ], [ -73.914926853017761, -42.83253221921553 ], [ -73.915605945236564, -42.832047877383317 ], [ -73.91613341261521, -42.831665638644111 ], [ -73.916955151911239, -42.831511381041473 ], [ -73.917624693241962, -42.831571648637699 ], [ -73.918290549683377, -42.831798601398887 ], [ -73.918737094126271, -42.831802825508369 ], [ -73.919930284097362, -42.831701508068306 ], [ -73.920749063444532, -42.831709234274236 ], [ -73.921046341124878, -42.831770620289696 ], [ -73.921340010272715, -42.831989473281027 ], [ -73.92163069791215, -42.832374911008955 ], [ -73.922150190945999, -42.83249243122394 ], [ -73.922900593228704, -42.832170839726196 ], [ -73.923814607470717, -42.830972663211945 ], [ -73.924265842017718, -42.830702234961272 ], [ -73.925090317582118, -42.830381343672919 ], [ -73.925838852267347, -42.830167711901069 ], [ -73.926587339341864, -42.82995857571138 ], [ -73.927556459836666, -42.829855115457207 ], [ -73.928826272508218, -42.829650908705155 ], [ -73.929499779900894, -42.829436580684828 ], [ -73.929874012658388, -42.829332001559372 ], [ -73.930173383413333, -42.829222245333192 ], [ -73.931070747381568, -42.829014470343253 ], [ -73.9322638583009, -42.828913100239035 ], [ -73.93270761886474, -42.829083772671581 ], [ -73.93322633665251, -42.829196704606204 ], [ -73.934195178669583, -42.829151611046086 ], [ -73.934570307945705, -42.828993064892316 ], [ -73.935538150137859, -42.82900206294341 ], [ -73.935981966397264, -42.829168295410227 ], [ -73.936577492836761, -42.829173828754712 ], [ -73.936874899874496, -42.829176535804493 ], [ -73.937396328777808, -42.829181433396784 ], [ -73.937689897314343, -42.82940474711819 ], [ -73.93768525841422, -42.829679374995294 ], [ -73.937604516039855, -42.830061355910324 ], [ -73.937969403623413, -42.830501512084751 ], [ -73.939231850109636, -42.830679832680964 ], [ -73.940278647927059, -42.830414857326879 ], [ -73.940651967097907, -42.830364267651866 ], [ -73.941618930737704, -42.830427236773659 ], [ -73.94198856681588, -42.830592746003717 ], [ -73.942357258764673, -42.830762720089382 ], [ -73.942576556390151, -42.831039384181864 ], [ -73.942677688724842, -42.831166433020933 ], [ -73.942795162312848, -42.831316153100623 ], [ -73.94338980660676, -42.831375600698131 ], [ -73.944205888313135, -42.831545232039211 ], [ -73.945029458375728, -42.831278148322646 ], [ -73.945258371568002, -42.830951550942302 ], [ -73.945338972008557, -42.830569644043436 ], [ -73.945496461949219, -42.830080345829742 ], [ -73.945653983330928, -42.829586473609098 ], [ -73.946106889642664, -42.829207915568901 ], [ -73.946629494440671, -42.82910467475979 ], [ -73.947000811266733, -42.82916204857402 ], [ -73.947295363458494, -42.82938094308367 ], [ -73.947588175613561, -42.829658248449036 ], [ -73.948254103920206, -42.829885022453965 ], [ -73.948772759724207, -42.830051870501052 ], [ -73.948995040654751, -42.830112450473962 ], [ -73.949514595672369, -42.830225344295229 ], [ -73.950034428269404, -42.83028409066317 ], [ -73.950627156456804, -42.830456128288645 ], [ -73.950925371978315, -42.830458837917448 ], [ -73.951146810289103, -42.830568936497571 ], [ -73.951515442050777, -42.830792942867454 ], [ -73.95180818503556, -42.831070314364766 ], [ -73.952026958943236, -42.831342411029411 ], [ -73.952313960795038, -42.832002428844682 ], [ -73.952682786592817, -42.832172362161998 ], [ -73.953205121896247, -42.832123161971765 ], [ -73.953730343486654, -42.83190730427124 ], [ -73.954549208173802, -42.83191478274987 ], [ -73.955289390323514, -42.832142201983622 ], [ -73.95558197700143, -42.832473630455212 ], [ -73.956694636600545, -42.832699850643309 ], [ -73.956991058186432, -42.832815092210097 ], [ -73.957362415436663, -42.832872579182485 ], [ -73.958255591459036, -42.832880640556127 ], [ -73.959297585984658, -42.832890124872506 ], [ -73.960639869343439, -42.832794296121278 ], [ -73.961309529251764, -42.832800389096704 ], [ -73.962570405482879, -42.833086415704777 ], [ -73.963091852352491, -42.833091120626982 ], [ -73.963907998737568, -42.833260606942375 ], [ -73.964426995003066, -42.833373383023222 ], [ -73.965686611796144, -42.833771973505407 ], [ -73.965979570376618, -42.834044800037432 ], [ -73.966493660044037, -42.834490764397238 ], [ -73.966933848906294, -42.834877400600334 ], [ -73.967294362592753, -42.835592077310714 ], [ -73.967740920510366, -42.835596107490915 ], [ -73.968187478428007, -42.835600137012129 ], [ -73.968411679058306, -42.835548125405182 ], [ -73.969230582373001, -42.835555496068331 ], [ -73.969452069192812, -42.835665557243523 ], [ -73.969668921604082, -42.836054745288109 ], [ -73.969658996118525, -42.836653444316624 ], [ -73.970324999883616, -42.836934069314921 ], [ -73.970547269136063, -42.836990182963305 ], [ -73.970844813616054, -42.836992868591487 ], [ -73.971295657395899, -42.836780755646053 ], [ -73.972634484037457, -42.836846818863656 ], [ -73.972990221381565, -42.836881554245252 ], [ -73.973377150927249, -42.8366598267528 ], [ -73.974128170352543, -42.836283885710756 ], [ -73.974726589367279, -42.836122637273789 ], [ -73.975403645105331, -42.835691940461281 ], [ -73.975855633338853, -42.835367291254926 ], [ -73.976455774423968, -42.835098061389886 ], [ -73.976836377135129, -42.834606154137489 ], [ -73.977065022629446, -42.834279430734867 ], [ -73.97759003670906, -42.834068044966671 ], [ -73.977887566815994, -42.8340707129354 ], [ -73.978407182919042, -42.834183323507609 ], [ -73.978852007088165, -42.8342954312443 ], [ -73.979150137269713, -42.834298069559246 ], [ -73.979521768506117, -42.834301338302772 ], [ -73.979894973590916, -42.834250698449779 ], [ -73.980788860180681, -42.834258626574972 ], [ -73.981383557475198, -42.834317946178736 ], [ -73.982123951627301, -42.834545181341277 ], [ -73.983160769161927, -42.834883158725887 ], [ -73.983606292220344, -42.834995068886194 ], [ -73.983977932439899, -42.834998396221444 ], [ -73.984948610613429, -42.834844892641556 ], [ -73.9854717777568, -42.834741447813094 ], [ -73.986217606716394, -42.834635508118915 ], [ -73.986590906124277, -42.834584842189628 ], [ -73.987190119249703, -42.834369434452455 ], [ -73.987714241302228, -42.834212025521275 ], [ -73.988160783050176, -42.834215977399502 ], [ -73.988907397137325, -42.834109984762698 ], [ -73.990253227044846, -42.833739152053546 ], [ -73.990560223598266, -42.833197092613098 ], [ -73.990714874862618, -42.832811183721184 ], [ -73.991164768224891, -42.832653093602566 ], [ -73.992132130716698, -42.832661629979967 ], [ -73.992356995201988, -42.832609542117268 ], [ -73.993027589358221, -42.832561421346504 ], [ -73.993849220856433, -42.832401967582605 ], [ -73.994595669653563, -42.832300518051866 ], [ -73.995269041400647, -42.83208580790474 ], [ -73.995864672044732, -42.832091026091803 ], [ -73.996607658734746, -42.832151523695138 ], [ -73.996905979359141, -42.832154181206121 ], [ -73.997282671703857, -42.831882817385853 ], [ -73.997732780661806, -42.831670633539083 ], [ -73.998107873107017, -42.83150730777389 ], [ -73.998333620636217, -42.831347199091468 ], [ -73.998414962186871, -42.8309065930559 ], [ -73.998271031417104, -42.830630721557405 ], [ -73.998650587590959, -42.830143213126846 ], [ -73.998881885810306, -42.829650023271505 ], [ -73.998961251965653, -42.829376032989842 ], [ -73.999335245771277, -42.829271236355062 ], [ -73.999781846808034, -42.829275139138574 ], [ -74.000154993502321, -42.82922436274648 ], [ -74.000455065841507, -42.829060404646377 ], [ -74.001733685596122, -42.828252013769045 ], [ -74.002260378626971, -42.827927971785307 ], [ -74.002787060878049, -42.827603852996596 ], [ -74.003383662600967, -42.827496446375768 ], [ -74.003904174324362, -42.827559562043504 ], [ -74.004050646428055, -42.827722918664122 ], [ -74.004122078662817, -42.82789007890046 ], [ -74.004191839132844, -42.828165430962976 ], [ -74.00441055015844, -42.828495985427047 ], [ -74.004931245138138, -42.82850053126495 ], [ -74.005679433073666, -42.828286390313266 ], [ -74.006130460109844, -42.828015648568886 ], [ -74.00674176276236, -42.827034889684917 ], [ -74.006823885847325, -42.826540331657547 ], [ -74.006308382231637, -42.826207155746566 ], [ -74.005943156881528, -42.82576723845991 ], [ -74.005947593660707, -42.825492617578753 ], [ -74.00633031459931, -42.824838490261641 ], [ -74.006933866587559, -42.824353010242731 ], [ -74.007310468202434, -42.824081617443333 ], [ -74.007610589948953, -42.823917565979556 ], [ -74.008359549537303, -42.823649387866006 ], [ -74.008813051432085, -42.82321664529875 ], [ -74.009709440728244, -42.82300372209334 ], [ -74.010153263275825, -42.822476334032594 ], [ -74.011438849465449, -42.861201623744222 ], [ -74.011489407547955, -42.861093204190546 ], [ -74.012835656968718, -42.860722156130286 ], [ -74.013580732241778, -42.860728536738407 ], [ -74.014250870053857, -42.860734294430088 ], [ -74.015363232310605, -42.86107263820697 ], [ -74.01626013723974, -42.860859711097262 ], [ -74.017235583670768, -42.860431295176369 ], [ -74.019179456198913, -42.859952715140004 ], [ -74.019852865675247, -42.859796414425141 ], [ -74.020752407159719, -42.85942138064943 ], [ -74.022090882560022, -42.859594915541443 ], [ -74.023127390175873, -42.859986447833116 ], [ -74.024166480448159, -42.860215976234919 ], [ -74.024984860045038, -42.860276951353498 ], [ -74.025877577028311, -42.860338557891879 ], [ -74.026621827647929, -42.860398948161851 ], [ -74.027589249428544, -42.860465660403698 ], [ -74.028407737721579, -42.860526680052025 ], [ -74.029526255234671, -42.86042358770689 ], [ -74.030573950469062, -42.860162312154458 ], [ -74.031325918515307, -42.859673408286163 ], [ -74.031779479698884, -42.859240423436916 ], [ -74.032383064924815, -42.858750307223922 ], [ -74.033209185304486, -42.858320516865938 ], [ -74.033811083494314, -42.857942863160794 ], [ -74.034790585818854, -42.857235267160249 ], [ -74.035398380550205, -42.856474950617446 ], [ -74.035632692617341, -42.855765466922506 ], [ -74.035866293218774, -42.855110072299766 ], [ -74.036396583104022, -42.854565200037648 ], [ -74.036773310483042, -42.854293631050048 ], [ -74.037375963257702, -42.853862013815828 ], [ -74.037755357734795, -42.853369884525812 ], [ -74.03813727378288, -42.852769745207588 ], [ -74.038453285828481, -42.851624254682527 ], [ -74.038763625911372, -42.850802849738052 ], [ -74.03922055038737, -42.850149322228212 ], [ -74.039610756088905, -42.849004462117435 ], [ -74.03999171992281, -42.848458344572506 ], [ -74.040519259166686, -42.848080028587304 ], [ -74.041638429754983, -42.847922804745814 ], [ -74.042604150126451, -42.848097510025973 ], [ -74.043640570605717, -42.848488859019689 ], [ -74.044380420378758, -42.848823679862349 ], [ -74.045121292434615, -42.849050553456451 ], [ -74.045789478207553, -42.849218167076415 ], [ -74.046606920861606, -42.849333088055552 ], [ -74.047651935523191, -42.849179671457705 ], [ -74.04854853592343, -42.848966504440824 ], [ -74.049293551009356, -42.848972655095501 ], [ -74.050035839708414, -42.849145448792328 ], [ -74.050854185169314, -42.849206313002199 ], [ -74.051526709805088, -42.849045292575482 ], [ -74.052425081683083, -42.84872397228996 ], [ -74.05333155905987, -42.847912070060211 ], [ -74.053559926974756, -42.847585208232495 ], [ -74.05415910237096, -42.847369523751951 ], [ -74.054906611180115, -42.847155087917074 ], [ -74.055135770510788, -42.84677427633369 ], [ -74.055289911532071, -42.846446861825946 ], [ -74.055519060082943, -42.846065976061766 ], [ -74.055895760512513, -42.845794492866503 ], [ -74.05634735887719, -42.845469468625424 ], [ -74.056798075994593, -42.845252599770618 ], [ -74.057545510243585, -42.845042574749229 ], [ -74.058067029876739, -42.845046912556874 ], [ -74.05866117560565, -42.845159836397997 ], [ -74.059177798522185, -42.845438736653925 ], [ -74.059621106335101, -42.845663061911161 ], [ -74.059991117010739, -42.845828167430405 ], [ -74.060660195709076, -42.845941743205543 ], [ -74.061402557171675, -42.846060400101486 ], [ -74.062219279376848, -42.846229151382552 ], [ -74.062735021944405, -42.846620617593082 ], [ -74.063247532373552, -42.847169605177761 ], [ -74.063540851178431, -42.847500717927062 ], [ -74.064207440645134, -42.847726778384114 ], [ -74.065100690329359, -42.847788127412706 ], [ -74.065621626955888, -42.847792382701137 ], [ -74.06636573294675, -42.847852446714995 ], [ -74.066958121570977, -42.848077946726335 ], [ -74.067989842962987, -42.848797763930769 ], [ -74.068953276223752, -42.849134227615977 ], [ -74.069694904661063, -42.849306847650247 ], [ -74.070884106112274, -42.849478690720453 ], [ -74.071626540338414, -42.849651263032051 ], [ -74.072371452118091, -42.849657266752665 ], [ -74.073931488000056, -42.849886060365108 ], [ -74.076244536668924, -42.849634587490826 ], [ -74.078780251645611, -42.849380317859215 ], [ -74.079748523232482, -42.849388139326692 ], [ -74.081907649170688, -42.849459489426124 ], [ -74.083100925380037, -42.849302541754305 ], [ -74.0842174261753, -42.849369954215668 ], [ -74.085478432662129, -42.849708736317233 ], [ -74.086294287993056, -42.849931337689377 ], [ -74.086812637471567, -42.850156122131125 ], [ -74.087403679521159, -42.850489544985379 ], [ -74.088068076200258, -42.850877516121876 ], [ -74.088583146827972, -42.851322877575662 ], [ -74.089321018510773, -42.851765460608121 ], [ -74.090207893749749, -42.852263347334784 ], [ -74.091173740783674, -42.852383573295889 ], [ -74.091993005221099, -42.852390114796364 ], [ -74.092739593257093, -42.852283441428142 ], [ -74.093784403102816, -42.852129609359729 ], [ -74.094829342305914, -42.851971337509177 ], [ -74.095800874777268, -42.851762862553173 ], [ -74.097591575566312, -42.85155631387309 ], [ -74.098850292247477, -42.85206157558985 ], [ -74.100255702916229, -42.852729968929935 ], [ -74.10114503684413, -42.853065705223663 ], [ -74.101737709335978, -42.853286438036697 ], [ -74.102254686188729, -42.853565198208258 ], [ -74.102617614546659, -42.854225413954964 ], [ -74.102984646408828, -42.854611022494431 ], [ -74.103577309917526, -42.85483624429466 ], [ -74.104394890013793, -42.854950667504603 ], [ -74.105218029783359, -42.854686942740308 ], [ -74.106042821554738, -42.854306171665691 ], [ -74.106939318648728, -42.854097048022531 ], [ -74.107239251749036, -42.853986874799951 ], [ -74.107910869984693, -42.853884044174208 ], [ -74.108506764733477, -42.853888657950471 ], [ -74.109177531366228, -42.853839843179088 ], [ -74.109550800231403, -42.85378870040384 ], [ -74.110371694212759, -42.853682568144094 ], [ -74.111043196565745, -42.853579652058706 ], [ -74.111565615412488, -42.853529717507705 ], [ -74.111938139574278, -42.853532659910066 ], [ -74.112530821049276, -42.853757833617763 ], [ -74.113051790015149, -42.853761869198514 ], [ -74.113500050240248, -42.853652781983683 ], [ -74.113798351101693, -42.85365513234477 ], [ -74.114543388645515, -42.853660852500177 ], [ -74.115287526975749, -42.853666608875237 ], [ -74.115736594786256, -42.853507989956121 ], [ -74.115817810572807, -42.853067385197889 ], [ -74.115824810245485, -42.852576637162521 ], [ -74.115829483281601, -42.852247948137077 ], [ -74.116354367105473, -42.851977296880314 ], [ -74.116875923569552, -42.851981362212946 ], [ -74.11739438982903, -42.852206001553917 ], [ -74.117836457966874, -42.852538122563047 ], [ -74.118204203091366, -42.852869591790139 ], [ -74.118573698134028, -42.853034527896554 ], [ -74.119167241093379, -42.853205717188601 ], [ -74.119538085405622, -42.853316678774988 ], [ -74.120431523736045, -42.853377509898181 ], [ -74.121176498397801, -42.85332927885873 ], [ -74.121249081374444, -42.853496384978776 ], [ -74.121094553179262, -42.853877962497414 ], [ -74.121013371528747, -42.854368129236953 ], [ -74.121007883720651, -42.854750766882553 ], [ -74.121376531652004, -42.854974214738867 ], [ -74.122195806869215, -42.854980464234046 ], [ -74.122720557742454, -42.854763921820457 ], [ -74.12301888555335, -42.854712115346032 ], [ -74.123613190284075, -42.854829262492444 ], [ -74.124059909898435, -42.854886728983708 ], [ -74.124730666649754, -42.854837822147609 ], [ -74.124886041956231, -42.854397791905129 ], [ -74.124297172931293, -42.853902440666602 ], [ -74.124227612785575, -42.853519188605723 ], [ -74.124606251779525, -42.853080792062407 ], [ -74.125206028148639, -42.852810722669219 ], [ -74.125876866646621, -42.852761879386328 ], [ -74.126401578892299, -42.852545248849083 ], [ -74.126778708716557, -42.852219454704873 ], [ -74.127080910062972, -42.851893041105626 ], [ -74.127308032014568, -42.851624646532002 ], [ -74.127759339325095, -42.85135341299916 ], [ -74.128131767367165, -42.851302173330247 ], [ -74.128871432985591, -42.851690506185605 ], [ -74.128938034080761, -42.85223591617347 ], [ -74.12938231297251, -42.852459849269074 ], [ -74.130053143385652, -42.852410982659052 ], [ -74.130655073914824, -42.851978833316565 ], [ -74.131925515407062, -42.851659712769255 ], [ -74.132598636524193, -42.851444201232084 ], [ -74.133343537524098, -42.851449805024991 ], [ -74.134162863945264, -42.851456039729648 ], [ -74.134758623946752, -42.85146052197284 ], [ -74.135578574697064, -42.851412733972957 ], [ -74.13647191511113, -42.851419458659493 ], [ -74.136915494215287, -42.851697452779895 ], [ -74.137584137230732, -42.851810592986702 ], [ -74.138111055738719, -42.85143178187122 ], [ -74.13811561199384, -42.851103096631554 ], [ -74.138193571387461, -42.85082907633624 ], [ -74.13812472989396, -42.850445800593228 ], [ -74.137978603641642, -42.850224047357592 ], [ -74.137610054524984, -42.849946664361383 ], [ -74.137317766087733, -42.849561714927752 ], [ -74.136578177724402, -42.849173433888843 ], [ -74.136283652482106, -42.848896551978974 ], [ -74.136290618018819, -42.848401306120287 ], [ -74.136592729533717, -42.848128930237138 ], [ -74.137040049222691, -42.848078276030485 ], [ -74.13748674458256, -42.848081631639992 ], [ -74.138156769206887, -42.848140723267633 ], [ -74.138678302314759, -42.848090630863439 ], [ -74.138978209363955, -42.84798480099272 ], [ -74.140168238163525, -42.84804776335632 ], [ -74.141129719385177, -42.848550298837232 ], [ -74.141424910279113, -42.848768655090751 ], [ -74.141718653088816, -42.849045485544693 ], [ -74.14208731988478, -42.849322923299809 ], [ -74.142755836237754, -42.849435965115745 ], [ -74.143430385676197, -42.849170913439309 ], [ -74.143881539374789, -42.848841065593525 ], [ -74.144257801426505, -42.848573662785775 ], [ -74.144633292723697, -42.848301868553158 ], [ -74.145304039593498, -42.848306899643987 ], [ -74.145600070412243, -42.848417164665975 ], [ -74.146120963919614, -42.848475036896403 ], [ -74.146865837970054, -42.848426568882424 ], [ -74.14776300880051, -42.848212595107441 ], [ -74.148361686530038, -42.848000936919817 ], [ -74.148883305876168, -42.847950794347923 ], [ -74.149552621729754, -42.848063834064725 ], [ -74.150072009660732, -42.848175813875486 ], [ -74.150667830747636, -42.848180210079185 ], [ -74.151576909645499, -42.848038386743802 ], [ -74.1515783262887, -42.847930279969056 ], [ -74.15152610991619, -42.847502087186612 ], [ -74.15130098851273, -42.846901672189155 ], [ -74.151309784815993, -42.846257812893789 ], [ -74.151266477036145, -42.845185829599394 ], [ -74.151403789917197, -42.843642479050011 ], [ -74.151419008276449, -42.842525890869489 ], [ -74.151601810945181, -42.841968949372315 ], [ -74.151845588560462, -42.841200841724145 ], [ -74.1518543839654, -42.840556982293926 ], [ -74.152042231572779, -42.83957228776503 ], [ -74.15239821236031, -42.839102225164972 ], [ -74.153215875101594, -42.838982213121746 ], [ -74.154040054221952, -42.838384891625992 ], [ -74.154392414798892, -42.838175837915415 ], [ -74.154805410759181, -42.837832256384701 ], [ -74.155913740478624, -42.837714370195521 ], [ -74.156503464699725, -42.837200922408393 ], [ -74.156681437127176, -42.836990592032535 ], [ -74.157152635833043, -42.836651821864209 ], [ -74.157795633743746, -42.836485459992687 ], [ -74.158204516318349, -42.836402903697063 ], [ -74.15867615609703, -42.836019120805624 ], [ -74.159260560494999, -42.835892861888254 ], [ -74.160134711996307, -42.835899309618121 ], [ -74.160542205775471, -42.835902282503547 ], [ -74.161240708790956, -42.83599299068262 ], [ -74.161765043744197, -42.835956310866926 ], [ -74.162000101413014, -42.835827465612134 ], [ -74.162296641576518, -42.835442363637043 ], [ -74.162474063336688, -42.835272537463958 ], [ -74.162766623065181, -42.835189175219341 ], [ -74.163060249093888, -42.83502014148258 ], [ -74.163178163754708, -42.834894967459896 ], [ -74.163184504962288, -42.834422316606677 ], [ -74.1631879320351, -42.834165661584798 ], [ -74.163193188077841, -42.833778462299662 ], [ -74.163314273791599, -42.833477621317279 ], [ -74.163318979167073, -42.83313543330835 ], [ -74.163321233938447, -42.83296438141339 ], [ -74.163265806987084, -42.832707289499737 ], [ -74.1632692403481, -42.83245070904352 ], [ -74.163450728781584, -42.831979209489674 ], [ -74.163455339833945, -42.831637099484972 ], [ -74.163398913057677, -42.831506091656749 ], [ -74.163169784269741, -42.831202721724196 ], [ -74.162820998987627, -42.831159639592023 ], [ -74.162530294280231, -42.831112528933829 ], [ -74.161890047010928, -42.831067280638258 ], [ -74.161717248879512, -42.830894921247236 ], [ -74.16154500500862, -42.830677551277873 ], [ -74.161432342797255, -42.830420095418894 ], [ -74.161318402283243, -42.830248174300451 ], [ -74.161091643251027, -42.829773668293726 ], [ -74.161037592518696, -42.82947167466957 ], [ -74.160982706353138, -42.829174069220343 ], [ -74.160987979463869, -42.82878686896801 ], [ -74.160932742955367, -42.82857032959933 ], [ -74.160936287707472, -42.82831374382765 ], [ -74.161177019135636, -42.827757193384713 ], [ -74.161646291853529, -42.827548954267556 ], [ -74.162171760480646, -42.827422247830647 ], [ -74.162463632099616, -42.827383904655591 ], [ -74.163047941276162, -42.827257558260527 ], [ -74.163456701679905, -42.827219974615161 ], [ -74.16363114372831, -42.827221232981799 ], [ -74.163981889134362, -42.827178822058677 ], [ -74.164214383909666, -42.827180550831613 ], [ -74.164564471748932, -42.827183081401934 ], [ -74.16491555581986, -42.827059529363616 ], [ -74.165266244632051, -42.826972057438674 ], [ -74.165383616710443, -42.826887394000487 ], [ -74.165559831134885, -42.826803092805648 ], [ -74.165736578260294, -42.826678352125676 ], [ -74.165856292246616, -42.826422558331217 ], [ -74.165859712132928, -42.826165903689535 ], [ -74.165628899003821, -42.825988653210025 ], [ -74.165456260772515, -42.825861353249579 ], [ -74.165282286746375, -42.825774454801852 ], [ -74.165167819819615, -42.82564304912156 ], [ -74.164993953591321, -42.825556218887215 ], [ -74.164757986827439, -42.825532008178683 ], [ -74.164587055395174, -42.825512746733857 ], [ -74.164584701809119, -42.825683804097949 ], [ -74.164581828996845, -42.825895446502358 ], [ -74.164520625878225, -42.82606606731224 ], [ -74.164344558777486, -42.82619534732914 ], [ -74.164168969580487, -42.826239130634306 ], [ -74.16387818132975, -42.826191953635771 ], [ -74.163881089176328, -42.825975884156335 ], [ -74.163885693042147, -42.825633700733412 ], [ -74.163653686052044, -42.825546473859092 ], [ -74.163421297277921, -42.825544739110853 ], [ -74.163188110799851, -42.825543040599214 ], [ -74.16295545163284, -42.825500828814818 ], [ -74.162607803617888, -42.825367720083314 ], [ -74.16226068381232, -42.82519409825035 ], [ -74.162091338804856, -42.824765083766394 ], [ -74.162036210094172, -42.824548614643035 ], [ -74.161923301744423, -42.824246036775868 ], [ -74.161925662517007, -42.824074978727701 ], [ -74.161988572434652, -42.82377824401415 ], [ -74.161992661565819, -42.823476572276782 ], [ -74.162170988827839, -42.823176243169968 ], [ -74.162583262542626, -42.822882078374981 ], [ -74.162877392526212, -42.822668109693716 ], [ -74.163284897085191, -42.822671072014664 ], [ -74.163576218935205, -42.82267324038601 ], [ -74.163865712713616, -42.822805952344815 ], [ -74.164273218170877, -42.822808910705874 ], [ -74.16450866750516, -42.8226349818963 ], [ -74.164628633918099, -42.822424238904262 ], [ -74.165037765326062, -42.822296660144048 ], [ -74.1652709383294, -42.822298355450457 ], [ -74.16544761179297, -42.82212848525392 ], [ -74.165508709808705, -42.821957868071905 ], [ -74.165218567446644, -42.821870176107488 ], [ -74.164869060817367, -42.821822634045191 ], [ -74.164577847663509, -42.821820538780571 ], [ -74.1644035223961, -42.821819277009546 ], [ -74.164230193360353, -42.82169193354234 ], [ -74.163997573719215, -42.821645223521216 ], [ -74.163765101401793, -42.821643492616822 ], [ -74.16341504410525, -42.821640957866386 ], [ -74.163182670602481, -42.821639222349653 ], [ -74.162774995363634, -42.821595704614005 ], [ -74.162426190318584, -42.821548122807165 ], [ -74.162194727707529, -42.821420380151523 ], [ -74.161906326280501, -42.821202138749769 ], [ -74.161559886499603, -42.820983497285987 ], [ -74.161211613257223, -42.820895398717219 ], [ -74.16057803508059, -42.820377401816543 ], [ -74.160112229859678, -42.820333477966734 ], [ -74.159762784315845, -42.820330976766705 ], [ -74.159587756565884, -42.820329666865256 ], [ -74.159123405717438, -42.820240685749845 ], [ -74.158890793262813, -42.820193964748754 ], [ -74.158717507346182, -42.820062111669195 ], [ -74.158608231783461, -42.819547999983492 ], [ -74.158557652141383, -42.818989274602586 ], [ -74.158857051642428, -42.818392686978726 ], [ -74.159209312506349, -42.818179125791964 ], [ -74.159795887234068, -42.817886241902983 ], [ -74.159972566087518, -42.81771637869339 ], [ -74.15997667228666, -42.817414779512923 ], [ -74.160040697911938, -42.817028022213798 ], [ -74.160800943933509, -42.816776918376036 ], [ -74.161151556388901, -42.816693961475686 ], [ -74.161445109654068, -42.816525009606124 ], [ -74.161507950401457, -42.816223852699466 ], [ -74.161451997935657, -42.816011771272713 ], [ -74.161396252082397, -42.815835818151207 ], [ -74.161163103333564, -42.815834112783307 ], [ -74.160986394835717, -42.816008330234908 ], [ -74.160690481696278, -42.816348412177312 ], [ -74.160513758825374, -42.81647321653189 ], [ -74.160106917223089, -42.816429652328772 ], [ -74.159874418854514, -42.816382927789071 ], [ -74.159761035295972, -42.816170416614497 ], [ -74.159763965600447, -42.815954419519123 ], [ -74.159884238338876, -42.815653545160757 ], [ -74.160180158664843, -42.815313539130813 ], [ -74.160242168470589, -42.81501677291061 ], [ -74.160423125101417, -42.814585938251923 ], [ -74.160367346908785, -42.814414336846724 ], [ -74.160192871622741, -42.814372587307965 ], [ -74.16001733093475, -42.814411788620617 ], [ -74.159840661064464, -42.814581651023239 ], [ -74.159721413303757, -42.814751795654651 ], [ -74.15965862106539, -42.815098082684358 ], [ -74.159654536425791, -42.81539518194645 ], [ -74.159126654025499, -42.815648023126172 ], [ -74.158833098065372, -42.815816969484395 ], [ -74.158479762816356, -42.816116054001 ], [ -74.158012976635149, -42.816198201829337 ], [ -74.157313622016815, -42.816193060715484 ], [ -74.15702404739001, -42.816064833870364 ], [ -74.15667580918192, -42.81597672038599 ], [ -74.156270186593474, -42.815843112090825 ], [ -74.156154959691975, -42.81571173076938 ], [ -74.155866674147646, -42.81549789344637 ], [ -74.155695208217779, -42.815280625507931 ], [ -74.155406826553687, -42.815066791306904 ], [ -74.155058555107942, -42.814933687787317 ], [ -74.154769644336142, -42.814760364157557 ], [ -74.154539052192604, -42.814628141673474 ], [ -74.154365765377662, -42.81450078010095 ], [ -74.15425243571805, -42.814283835507695 ], [ -74.154139588453745, -42.813981246943456 ], [ -74.154029813427712, -42.813512214082373 ], [ -74.153915223431753, -42.81334023935181 ], [ -74.153744958549424, -42.81303736478548 ], [ -74.153926872784353, -42.812480386203248 ], [ -74.153989836600942, -42.81217908109646 ], [ -74.15399450873872, -42.811836968269048 ], [ -74.153997428263395, -42.811625396359219 ], [ -74.153715523452504, -42.8109344032802 ], [ -74.153601473344054, -42.810721915558879 ], [ -74.153370195785953, -42.810589647536197 ], [ -74.153197747099156, -42.810457747616844 ], [ -74.152965711362967, -42.810370499332045 ], [ -74.152675084808976, -42.810327858716995 ], [ -74.152442515473496, -42.810281122317974 ], [ -74.152094949205221, -42.810152474626946 ], [ -74.15203800859264, -42.810066470788037 ], [ -74.151984121353692, -42.809764390780089 ], [ -74.152047396885678, -42.809377670648495 ], [ -74.152400797711707, -42.809083027657792 ], [ -74.15257940075648, -42.80882318911231 ], [ -74.152759568666511, -42.808396827648622 ], [ -74.152761859370472, -42.808225773862119 ], [ -74.15247474343262, -42.807921900194131 ], [ -74.152483442717838, -42.807282616467447 ], [ -74.152545717526607, -42.806981417189746 ], [ -74.152842196604652, -42.806596343102164 ], [ -74.153078238827021, -42.806386495801419 ], [ -74.153197510842233, -42.80621178529347 ], [ -74.153434493600713, -42.805871284468829 ], [ -74.153679897166668, -42.804972563107363 ], [ -74.153745648455569, -42.804414778350719 ], [ -74.153983426223078, -42.804074314429442 ], [ -74.154225236527878, -42.803432180605014 ], [ -74.154517004840585, -42.803393863415707 ], [ -74.154752487412537, -42.803224452078965 ], [ -74.154579794383991, -42.803052077676767 ], [ -74.154347884411933, -42.802964826855209 ], [ -74.154175924408662, -42.802787992319736 ], [ -74.154120711256368, -42.802575874046667 ], [ -74.154125386987403, -42.802233760831257 ], [ -74.15418939913792, -42.80180194536284 ], [ -74.154192219847914, -42.801590378015398 ], [ -74.154313139373372, -42.801249066757158 ], [ -74.154317180893841, -42.800947470318889 ], [ -74.154440550125059, -42.800475584175437 ], [ -74.154444685968642, -42.800173910145475 ], [ -74.154508014501218, -42.799791685256153 ], [ -74.154513243594479, -42.799404486869328 ], [ -74.154399241096726, -42.799187499212508 ], [ -74.154343509616496, -42.799016038983204 ], [ -74.154345232585229, -42.798889923320999 ], [ -74.154348174567772, -42.798673778870644 ], [ -74.154350462576801, -42.798502724564266 ], [ -74.154467409752058, -42.798503641423395 ], [ -74.15469915802737, -42.79854583868088 ], [ -74.154931050931438, -42.798633089802017 ], [ -74.15516291688607, -42.798724840051257 ], [ -74.155159438609289, -42.798981423378521 ], [ -74.155215184462548, -42.799153029371446 ], [ -74.155269832574533, -42.799410087472012 ], [ -74.155502387536984, -42.799452319045031 ], [ -74.155677350608244, -42.799453566771625 ], [ -74.155795221251608, -42.799328402463651 ], [ -74.155856277046539, -42.799112657659613 ], [ -74.155977888274734, -42.798771386123114 ], [ -74.155979638192917, -42.798640844528485 ], [ -74.156042319040196, -42.798299062852827 ], [ -74.155927900622444, -42.798172142896505 ], [ -74.155405899492322, -42.79799724901914 ], [ -74.154649817162067, -42.797906076418677 ], [ -74.154361030357805, -42.797728394924498 ], [ -74.154365134760326, -42.79743114818141 ], [ -74.154310499224749, -42.797174162935164 ], [ -74.154079702265321, -42.797001312247119 ], [ -74.154024628351891, -42.796784761092553 ], [ -74.154143718009095, -42.796569570339969 ], [ -74.154204822313048, -42.796398884619165 ], [ -74.154440124323614, -42.796189067985708 ], [ -74.154618680656014, -42.795929154847535 ], [ -74.1550888409094, -42.795635429302315 ], [ -74.155091786485229, -42.795419357857504 ], [ -74.154802318757973, -42.795291120903713 ], [ -74.154452970232185, -42.795243537314818 ], [ -74.154278716830007, -42.795242256544761 ], [ -74.154104853296658, -42.795155409329283 ], [ -74.154291571721714, -42.79429679907841 ], [ -74.154294489449754, -42.794085154652265 ], [ -74.154188664316024, -42.793269468704054 ], [ -74.154132927445914, -42.793097862215234 ], [ -74.154135884699826, -42.792881863650877 ], [ -74.15396391661173, -42.792709380671845 ], [ -74.153788972405096, -42.792708130831613 ], [ -74.153611635984845, -42.792877940112739 ], [ -74.153608155013117, -42.793134596464419 ], [ -74.153487872393214, -42.793435317345903 ], [ -74.153195601023938, -42.793518789286857 ], [ -74.152788841168359, -42.793470693462737 ], [ -74.152556970722159, -42.793383437040148 ], [ -74.152559901026621, -42.793171865297694 ], [ -74.152562851094004, -42.79295572065012 ], [ -74.152567440586793, -42.792613610275019 ], [ -74.152691305688052, -42.792056155106515 ], [ -74.15298772188406, -42.791671084366278 ], [ -74.153339741101178, -42.791462125158965 ], [ -74.153807048305225, -42.791379972824522 ], [ -74.154040668669595, -42.791336684956725 ], [ -74.154275456843834, -42.791212367801528 ], [ -74.154452082696679, -42.791042515716036 ], [ -74.154513149271381, -42.790826919353087 ], [ -74.15451489918955, -42.790696304306273 ], [ -74.15463879393522, -42.790183980248806 ], [ -74.154759588594843, -42.789842599481219 ], [ -74.154881752286968, -42.789456317142644 ], [ -74.155118669468436, -42.78911581639813 ], [ -74.155705563996364, -42.788777953378606 ], [ -74.156116490238261, -42.788564850953108 ], [ -74.156526057329103, -42.788396795954043 ], [ -74.156643079064551, -42.78839763319435 ], [ -74.157225198148438, -42.788401953881575 ], [ -74.157690029595571, -42.788450360852238 ], [ -74.158097477560673, -42.78849383532679 ], [ -74.158561584965696, -42.788582833109636 ], [ -74.159260169727858, -42.788632991544404 ], [ -74.159958508351622, -42.788638095394418 ], [ -74.160365889841401, -42.788641076485682 ], [ -74.160773350382925, -42.788684687289241 ], [ -74.16117997099964, -42.788732612793027 ], [ -74.161644886888411, -42.788821635942881 ], [ -74.161994708826356, -42.788779127485554 ], [ -74.162230125821296, -42.788609777657584 ], [ -74.162467173258477, -42.788309818490497 ], [ -74.162587926595592, -42.787968505177645 ], [ -74.162593085620273, -42.787585808027757 ], [ -74.162652932282811, -42.78745566344157 ], [ -74.162888890961867, -42.787241227402397 ], [ -74.163298428408311, -42.787073149691217 ], [ -74.163997551261346, -42.787078267514296 ], [ -74.164403640075406, -42.787166767615247 ], [ -74.164925574730219, -42.787341698034332 ], [ -74.16515795721611, -42.787388343645333 ], [ -74.165622723086244, -42.787432370002691 ], [ -74.165798829712855, -42.78734807369473 ], [ -74.166034750662661, -42.787138131443051 ], [ -74.166270695866984, -42.786923689029798 ], [ -74.166565830167059, -42.786624190428277 ], [ -74.166861038128999, -42.786329186574491 ], [ -74.167095520876018, -42.786159721923767 ], [ -74.167273358556187, -42.785944957034225 ], [ -74.16750929387905, -42.785730512465371 ], [ -74.167687576225262, -42.785434675642939 ], [ -74.167749811508159, -42.785178457427271 ], [ -74.16751732391937, -42.785131673680254 ], [ -74.167341224479273, -42.785215971687848 ], [ -74.167164645338815, -42.785385766582458 ], [ -74.167162915183582, -42.785516307789088 ], [ -74.167160140287663, -42.785727945916541 ], [ -74.166924202269868, -42.785942389835007 ], [ -74.166576777935404, -42.785809281662878 ], [ -74.166521403086364, -42.785552262660438 ], [ -74.166408164156593, -42.785339751049719 ], [ -74.166176861445663, -42.785207509192034 ], [ -74.166122187282525, -42.784950459342035 ], [ -74.1661814715997, -42.784865325003388 ], [ -74.166473062045981, -42.78482241364474 ], [ -74.166591155471536, -42.784737717553405 ], [ -74.166710703269558, -42.784481930263361 ], [ -74.166537383216962, -42.784354589034479 ], [ -74.166188894378891, -42.784307075492443 ], [ -74.165782817242913, -42.784218507352129 ], [ -74.165608425500167, -42.784176762487157 ], [ -74.165320199244618, -42.783958520866555 ], [ -74.165321279917919, -42.783872996840493 ], [ -74.165324722262099, -42.78361641416403 ], [ -74.165503180678115, -42.78336106133348 ], [ -74.165912804362847, -42.783188397546581 ], [ -74.166147530553332, -42.783063984909909 ], [ -74.166323631790036, -42.782979762428937 ], [ -74.166440918528494, -42.782895028214327 ], [ -74.166327616716643, -42.782678094752072 ], [ -74.166092859983436, -42.782806933411976 ], [ -74.165742547565358, -42.782889965426847 ], [ -74.165392612439689, -42.782887428428907 ], [ -74.165102136802687, -42.782840313298806 ], [ -74.164697251731084, -42.782666212092508 ], [ -74.164582226950515, -42.782579890498525 ], [ -74.164235203264695, -42.782361206786312 ], [ -74.164062693492482, -42.782233824933229 ], [ -74.163831936058926, -42.782061065039585 ], [ -74.16342479891091, -42.782058085609421 ], [ -74.163131960704703, -42.782182022926669 ], [ -74.162780289135583, -42.782310019362463 ], [ -74.162490346199533, -42.782222383926147 ], [ -74.162205688950621, -42.781747472469462 ], [ -74.162149850570884, -42.781575948097377 ], [ -74.162157411690615, -42.781017692001512 ], [ -74.162158497753808, -42.78093216786889 ], [ -74.162102866884894, -42.780760707830041 ], [ -74.162105786409555, -42.780544563357552 ], [ -74.162168423239365, -42.780202780642611 ], [ -74.162347417949647, -42.779906920042457 ], [ -74.163343792431846, -42.779396372618663 ], [ -74.16423071797648, -42.778376289773469 ], [ -74.16458457245173, -42.778032104269542 ], [ -74.165283592896813, -42.778037219543243 ], [ -74.165576960210728, -42.777868266273295 ], [ -74.165639577277602, -42.777526482631892 ], [ -74.165583840407479, -42.777355028327378 ], [ -74.165471558183484, -42.777012010158238 ], [ -74.165474995137771, -42.776755354211048 ], [ -74.165480168535481, -42.776368157420002 ], [ -74.165718966789157, -42.775942147291381 ], [ -74.165782788496827, -42.775510334971479 ], [ -74.165789667795266, -42.774997097264006 ], [ -74.165382477646659, -42.774994126065927 ], [ -74.165094378053567, -42.774780450658547 ], [ -74.165275098427486, -42.774349472284236 ], [ -74.165569625466418, -42.774094918008757 ], [ -74.16574542666585, -42.773970146850395 ], [ -74.166387987096996, -42.773799262311712 ], [ -74.166679499389843, -42.773760852262008 ], [ -74.166974570807852, -42.773461282729919 ], [ -74.166976928885461, -42.773290224682341 ], [ -74.166748731650486, -42.772986892926973 ], [ -74.16616718838668, -42.772942105230115 ], [ -74.165759868880656, -42.772894154973343 ], [ -74.165471050635347, -42.772721000409788 ], [ -74.165359018143008, -42.772422883813164 ], [ -74.165310727408283, -42.771693179402661 ], [ -74.165197825346752, -42.771390602780563 ], [ -74.164909215510576, -42.771217437419082 ], [ -74.164503132984706, -42.771128938258386 ], [ -74.164213243049247, -42.771041304142301 ], [ -74.163867624328518, -42.770782142007462 ], [ -74.16369500047027, -42.770609702959661 ], [ -74.163525307814794, -42.770221266907335 ], [ -74.1635892903209, -42.769834508677249 ], [ -74.164121266343955, -42.769194501080136 ], [ -74.16482189207845, -42.769073509909184 ], [ -74.16564154548638, -42.768732815286072 ], [ -74.166048040338964, -42.768780803715579 ], [ -74.166218925957153, -42.769083706325851 ], [ -74.166330495817121, -42.769426756539666 ], [ -74.166326399499425, -42.76972835490983 ], [ -74.166612850683975, -42.770072639980647 ], [ -74.16702056634702, -42.770030668622617 ], [ -74.167483701774898, -42.770250063893663 ], [ -74.167653978335323, -42.770593554084449 ], [ -74.167707460434073, -42.770936133675427 ], [ -74.16781849040656, -42.771324193987631 ], [ -74.167990470172768, -42.771541568158717 ], [ -74.168281544087762, -42.771543663148201 ], [ -74.168341794093863, -42.771373009307467 ], [ -74.168344694753912, -42.771156866356129 ], [ -74.168348122725035, -42.770900211860244 ], [ -74.1681749715557, -42.770768439010759 ], [ -74.168237822184565, -42.770471703764528 ], [ -74.168357365491005, -42.770211416223418 ], [ -74.168360799750332, -42.769954834964338 ], [ -74.168308493546277, -42.769526726546438 ], [ -74.168139188963011, -42.769097644459414 ], [ -74.16808355539915, -42.768926187261606 ], [ -74.168029019576551, -42.768664632348816 ], [ -74.168092145988197, -42.768282335527871 ], [ -74.168098484500845, -42.767809610110511 ], [ -74.168100741967152, -42.76763855755641 ], [ -74.168106002501446, -42.767251356522962 ], [ -74.168111683447307, -42.766823574324683 ], [ -74.167940796930807, -42.766520674511213 ], [ -74.167650919571784, -42.76643297584107 ], [ -74.166953263667637, -42.766387397306339 ], [ -74.166602615279629, -42.766510934690444 ], [ -74.166368477485648, -42.766594832687311 ], [ -74.166133779142953, -42.766723669200061 ], [ -74.165956715810566, -42.766933972162107 ], [ -74.165545969231715, -42.767147174762016 ], [ -74.164555638614743, -42.767225517183441 ], [ -74.164381283702937, -42.767183620394711 ], [ -74.164148323600315, -42.76718198490854 ], [ -74.163800359378371, -42.767093878962001 ], [ -74.163451963965102, -42.767046278973353 ], [ -74.163161465870189, -42.76699915904387 ], [ -74.163047652916973, -42.766827231767714 ], [ -74.163049369597474, -42.766701190326984 ], [ -74.163112649621027, -42.766314390333108 ], [ -74.163058019475343, -42.766057409112477 ], [ -74.162941789155681, -42.766011481435029 ], [ -74.162705904138477, -42.766225913843478 ], [ -74.162703632299142, -42.766396967001022 ], [ -74.162759064640355, -42.766653986381591 ], [ -74.162693137281664, -42.767171294235524 ], [ -74.162168831972835, -42.767253033553871 ], [ -74.161934153393076, -42.767377436412325 ], [ -74.161697730285013, -42.767632379684429 ], [ -74.161113332175233, -42.767799133212044 ], [ -74.160414577631485, -42.767839114503218 ], [ -74.160125260821204, -42.767706383533827 ], [ -74.159953293631418, -42.76749349544594 ], [ -74.159899851956837, -42.767150835483257 ], [ -74.159903348199919, -42.766889752511098 ], [ -74.159848270693232, -42.766677777628267 ], [ -74.159910282295598, -42.766376512609398 ], [ -74.160029828296985, -42.766120731902895 ], [ -74.160147898366361, -42.766036043203982 ], [ -74.160324342759509, -42.765866191289625 ], [ -74.160326189695752, -42.765735644925719 ], [ -74.160211204441055, -42.765649317535747 ], [ -74.159978243440108, -42.765647600232704 ], [ -74.159803270487387, -42.76564628587596 ], [ -74.159625076176056, -42.765946679311682 ], [ -74.159623453818654, -42.766072716352262 ], [ -74.159560683139858, -42.76641900347451 ], [ -74.159498325686101, -42.766675223479197 ], [ -74.159317840670795, -42.767146595746794 ], [ -74.159256935792826, -42.767357763154983 ], [ -74.159021033707646, -42.767572188924824 ], [ -74.158844437499198, -42.767696984183317 ], [ -74.158606682189586, -42.768041956492787 ], [ -74.158602679296692, -42.768339126091902 ], [ -74.158715430441262, -42.768641567924838 ], [ -74.158886773301916, -42.768858985802339 ], [ -74.158825208162227, -42.769115169996091 ], [ -74.158706216421365, -42.769326010201937 ], [ -74.158356594807756, -42.769368424526377 ], [ -74.157949300454561, -42.769320445124954 ], [ -74.157717511755067, -42.769233120369165 ], [ -74.157428733035616, -42.769059943700121 ], [ -74.157139388377544, -42.768931706212406 ], [ -74.156851266326598, -42.768713436575666 ], [ -74.156619757003142, -42.768666733370672 ], [ -74.156387312533482, -42.768624423419091 ], [ -74.156098004706337, -42.768491755461888 ], [ -74.155809867384008, -42.76827805762025 ], [ -74.155695369914525, -42.768106079817883 ], [ -74.155463763573024, -42.768059378792813 ], [ -74.15511270555325, -42.76814226242135 ], [ -74.154880537764711, -42.768140572225285 ], [ -74.154648102278202, -42.768098332476555 ], [ -74.154651052345613, -42.767882187330201 ], [ -74.154769532046728, -42.767712010086044 ], [ -74.154888610924161, -42.767541805995741 ], [ -74.154832204809168, -42.767370228424888 ], [ -74.154541147063853, -42.767368098342459 ], [ -74.154365238964914, -42.767492856422479 ], [ -74.154305388709105, -42.767622996149854 ], [ -74.154186216406885, -42.767793278493272 ], [ -74.153833671675315, -42.768047324505808 ], [ -74.153425960503824, -42.768089320948363 ], [ -74.152553532869575, -42.768037823650012 ], [ -74.151506669475111, -42.767944553354127 ], [ -74.151276000974775, -42.767771763485179 ], [ -74.151044227546649, -42.767684424675693 ], [ -74.150696373817482, -42.767596273281171 ], [ -74.150349086026949, -42.767463107862007 ], [ -74.149947088140692, -42.7670773822882 ], [ -74.149602621060154, -42.766687660528987 ], [ -74.149030064542458, -42.765994489860837 ], [ -74.148049057539808, -42.765388313968778 ], [ -74.14764786184908, -42.764957630981051 ], [ -74.14707159978083, -42.764525616769134 ], [ -74.146616910313256, -42.763707131488751 ], [ -74.145922403902489, -42.763440844977708 ], [ -74.145352215343877, -42.762581095749695 ], [ -74.145129856259928, -42.761809514790677 ], [ -74.144961412262688, -42.761335443996806 ], [ -74.144816797874981, -42.761131698908855 ], [ -74.144562041050293, -42.760774130506597 ], [ -74.14428039944579, -42.760087595975087 ], [ -74.144230625592542, -42.759483912114618 ], [ -74.14406405188771, -42.758883791244017 ], [ -74.143438840619638, -42.75780739944252 ], [ -74.143399150355435, -42.756474319528387 ], [ -74.143407343889137, -42.755875546075373 ], [ -74.143419743335002, -42.754975094810035 ], [ -74.143426278578701, -42.754502361513325 ], [ -74.143489557703958, -42.754120143518094 ], [ -74.14361457624203, -42.753477170203588 ], [ -74.143503200418166, -42.753129662346254 ], [ -74.143330119317426, -42.75300227379627 ], [ -74.14321517448694, -42.752915852147787 ], [ -74.143160636867719, -42.752658782370382 ], [ -74.143161851389991, -42.752573252056905 ], [ -74.143166632223924, -42.752226561689071 ], [ -74.143458165178032, -42.752188210821728 ], [ -74.143807799368076, -42.752145768903723 ], [ -74.14400087517042, -42.752043633643332 ], [ -74.144278689053479, -42.75172159350921 ], [ -74.144866525015843, -42.751298270763854 ], [ -74.145451823237536, -42.751045936443539 ], [ -74.145573416499445, -42.750704602430389 ], [ -74.145578184756971, -42.750357912823773 ], [ -74.145582832640258, -42.750015799929372 ], [ -74.145588686062652, -42.749588084088359 ], [ -74.145303763810716, -42.749158200284889 ], [ -74.145072645254416, -42.749025906230358 ], [ -74.144608501018482, -42.748896363355747 ], [ -74.14432118924789, -42.748633038429624 ], [ -74.144210337141843, -42.748249517667446 ], [ -74.14410381581375, -42.747559741243919 ], [ -74.143991626116247, -42.747216769170961 ], [ -74.143819928421038, -42.747044331157703 ], [ -74.143645677713806, -42.746997971805882 ], [ -74.143180441126475, -42.74695402291043 ], [ -74.142833825275787, -42.746780240383046 ], [ -74.14283615730227, -42.746609184523763 ], [ -74.142838589940041, -42.746438122914924 ], [ -74.143131338314717, -42.746309744266817 ], [ -74.143367124517241, -42.746095357057918 ], [ -74.14348503019491, -42.745970204273291 ], [ -74.143201152683659, -42.74545471895879 ], [ -74.143031722336232, -42.745106727417102 ], [ -74.142689324974128, -42.744635986381248 ], [ -74.142695321228629, -42.744203691281797 ], [ -74.142705319477756, -42.743474372920119 ], [ -74.142767375995902, -42.743177612500695 ], [ -74.142717173646247, -42.742618933777834 ], [ -74.142722506045772, -42.74223172944717 ], [ -74.142785132994121, -42.741889956331171 ], [ -74.142791016060926, -42.741462312411578 ], [ -74.142795132141543, -42.741160638460393 ], [ -74.142860297728873, -42.740647872899416 ], [ -74.142978754073823, -42.740477561475906 ], [ -74.143098498602882, -42.740262425726641 ], [ -74.142927809715744, -42.739959403985537 ], [ -74.142754922651108, -42.739872493742226 ], [ -74.142815870648192, -42.739661406839424 ], [ -74.142992968116559, -42.739446565812521 ], [ -74.143053423836875, -42.73931647774522 ], [ -74.143113820268368, -42.739145830800972 ], [ -74.143175433018769, -42.738889652665669 ], [ -74.143180193191455, -42.738547461303291 ], [ -74.143184852752825, -42.738205274650248 ], [ -74.143187858515759, -42.737989200065947 ], [ -74.143191966511566, -42.737687452475001 ], [ -74.143195517551888, -42.737430865184692 ], [ -74.143204526755881, -42.737331930062197 ], [ -74.143264121890141, -42.736661443335876 ], [ -74.143265822400977, -42.736544325641049 ], [ -74.143268336785454, -42.736359765820438 ], [ -74.143389156597905, -42.736063530199452 ], [ -74.143508853516252, -42.735803261080321 ], [ -74.143800881442075, -42.735719902020989 ], [ -74.144037273109092, -42.735464997676736 ], [ -74.144214229541959, -42.735254658510129 ], [ -74.144100660930476, -42.73507820196081 ], [ -74.143987510933925, -42.734865736220868 ], [ -74.1441065395057, -42.734650557907337 ], [ -74.144283745670222, -42.734480696502587 ], [ -74.1444014285657, -42.734355553262709 ], [ -74.144289072679854, -42.734093492815539 ], [ -74.144114193151921, -42.734092223317241 ], [ -74.143935738329162, -42.734352041702664 ], [ -74.14364317231248, -42.734475914799354 ], [ -74.14352890840496, -42.734348974201083 ], [ -74.143654384185538, -42.733661065484327 ], [ -74.143833922376544, -42.733320148434181 ], [ -74.14430260849457, -42.733107587593693 ], [ -74.14448066626197, -42.732811649859414 ], [ -74.144365766347249, -42.7327253010167 ], [ -74.144073314416602, -42.732849244006005 ], [ -74.143550114035563, -42.7328047341176 ], [ -74.143551332151077, -42.732719203463112 ], [ -74.143852224652136, -42.731992052209748 ], [ -74.144035326459857, -42.73138997460255 ], [ -74.144340871335771, -42.730320708916388 ], [ -74.144462748465315, -42.729893740754768 ], [ -74.144756640395343, -42.729679905181143 ], [ -74.144931407633877, -42.729681178728981 ], [ -74.14504509302634, -42.729853131201871 ], [ -74.14504152042646, -42.730114217789911 ], [ -74.145039191993234, -42.730285274288178 ], [ -74.144859668175286, -42.730626192184069 ], [ -74.144740111394114, -42.730881957734212 ], [ -74.144622212902974, -42.73101168341929 ], [ -74.144555830098412, -42.73156506717995 ], [ -74.144670188329044, -42.73174148819578 ], [ -74.144785758386973, -42.731782818384922 ], [ -74.144960537303589, -42.731784164472735 ], [ -74.145367993353531, -42.731746710228059 ], [ -74.145605034502495, -42.731446786441566 ], [ -74.145665889074792, -42.731231130409356 ], [ -74.145610354325612, -42.731059581628649 ], [ -74.14579453051843, -42.730376549758191 ], [ -74.14591643639406, -42.729945227521895 ], [ -74.145924619147991, -42.729346381239324 ], [ -74.145872428826593, -42.728918254884547 ], [ -74.145767473262069, -42.728057457249555 ], [ -74.145712956304109, -42.727800388648987 ], [ -74.145556046675111, -42.726556441866023 ], [ -74.145560155569214, -42.726254767988166 ], [ -74.146030281686649, -42.725875608719988 ], [ -74.14626608046558, -42.725661140956667 ], [ -74.146384515250944, -42.725490975128416 ], [ -74.146678268840432, -42.725276993713408 ], [ -74.146970149442538, -42.72519370629513 ], [ -74.147204165963942, -42.725109854535134 ], [ -74.147847372283792, -42.72485799699141 ], [ -74.148140553646442, -42.724689098650892 ], [ -74.148728011418058, -42.72426562695329 ], [ -74.148908073326879, -42.723879765146812 ], [ -74.149143866715903, -42.723665439628533 ], [ -74.14949860962497, -42.723240284701298 ], [ -74.149560754178026, -42.722939092292705 ], [ -74.149624544444649, -42.722511786904796 ], [ -74.14991760543306, -42.722342815522047 ], [ -74.150095341603588, -42.722128082784778 ], [ -74.150389707844099, -42.721873575306255 ], [ -74.150394334167814, -42.721531389706811 ], [ -74.15069047188608, -42.721146339144525 ], [ -74.151507797759123, -42.720940742744951 ], [ -74.151684155015687, -42.720770982386199 ], [ -74.151746545707113, -42.720510266312239 ], [ -74.151810219192782, -42.720082965315378 ], [ -74.151876410656186, -42.719484673242221 ], [ -74.151939075333758, -42.719142894215878 ], [ -74.152117457392976, -42.71888306689933 ], [ -74.152473262110732, -42.718372379582043 ], [ -74.153057662017119, -42.718165036892231 ], [ -74.153702002909171, -42.717823121237991 ], [ -74.15434389679038, -42.717656689295673 ], [ -74.154695209033378, -42.717533236028004 ], [ -74.155221516686993, -42.717280491705026 ], [ -74.155803060849095, -42.717284777093006 ], [ -74.157024996010946, -42.71729378016871 ], [ -74.157663389157506, -42.717384062314345 ], [ -74.157893766603692, -42.717556780812096 ], [ -74.157948320392578, -42.717813841700938 ], [ -74.158178811026517, -42.717986700901086 ], [ -74.158352946749375, -42.717987981948923 ], [ -74.158644867775678, -42.717904590366061 ], [ -74.158590874535534, -42.717602516698079 ], [ -74.158476080621995, -42.71751610312301 ], [ -74.158244934217933, -42.717388335155142 ], [ -74.158014578331318, -42.717211045014928 ], [ -74.157841476569317, -42.71708367770097 ], [ -74.157495004449075, -42.716910006818892 ], [ -74.157321634989131, -42.716863702817655 ], [ -74.156914664029443, -42.716820200508003 ], [ -74.156624401293158, -42.716772976390487 ], [ -74.156450912357272, -42.716731248776334 ], [ -74.156335319841475, -42.716644795707509 ], [ -74.156165455607763, -42.716341904093021 ], [ -74.156112410090245, -42.715913748050902 ], [ -74.156295901766796, -42.715271219358982 ], [ -74.15635690096785, -42.715055476730903 ], [ -74.156651115393075, -42.714801034625573 ], [ -74.1568868432051, -42.714586622963296 ], [ -74.157121906263811, -42.714417227378668 ], [ -74.157299331617267, -42.714161934512283 ], [ -74.1572443214842, -42.713949880933122 ], [ -74.157012655853876, -42.71386262204382 ], [ -74.156723613928079, -42.713729941143868 ], [ -74.156609924942359, -42.713557926819036 ], [ -74.15649681267503, -42.71334104692091 ], [ -74.15644100304138, -42.713128955554495 ], [ -74.156501509965665, -42.71299885848935 ], [ -74.156967428374287, -42.71291668657048 ], [ -74.157144009311381, -42.712787396300364 ], [ -74.157090003494801, -42.712489821060608 ], [ -74.156801505049728, -42.712316627742346 ], [ -74.156395128774776, -42.712228109812003 ], [ -74.155758012134243, -42.712047713882974 ], [ -74.155353544779246, -42.711873703498384 ], [ -74.155123091874586, -42.711700910437742 ], [ -74.154836331669586, -42.711401520753853 ], [ -74.154547405626431, -42.711268829971942 ], [ -74.154375664812079, -42.71105149586888 ], [ -74.154322239307191, -42.710708906031904 ], [ -74.154442264110628, -42.710412621172956 ], [ -74.154563204297332, -42.710111723598501 ], [ -74.15439136736326, -42.709894393364671 ], [ -74.153985141106944, -42.709850846564784 ], [ -74.153694353754531, -42.709848700643832 ], [ -74.152937626433925, -42.70988364990491 ], [ -74.152763513168907, -42.709882358788583 ], [ -74.152067010701586, -42.709751156542723 ], [ -74.151661453690139, -42.709662584127138 ], [ -74.150789759081164, -42.709611106930225 ], [ -74.150500750393007, -42.709478409680337 ], [ -74.150270854443804, -42.709265017945512 ], [ -74.150038877996423, -42.70921832076904 ], [ -74.149400476765024, -42.70912799505961 ], [ -74.149167726868171, -42.709126244506379 ], [ -74.148819449134194, -42.709083165170256 ], [ -74.148528863004415, -42.709080995459558 ], [ -74.147831886226612, -42.709030766668683 ], [ -74.147657171090373, -42.709029421407308 ], [ -74.147308451385285, -42.709026844419796 ], [ -74.146724556332074, -42.709193646712414 ], [ -74.146601885990137, -42.709625004312201 ], [ -74.146481253925572, -42.70996629515566 ], [ -74.146420341861102, -42.710177456060322 ], [ -74.146185135970256, -42.710351334565068 ], [ -74.14583586290297, -42.71038926774019 ], [ -74.145487128824826, -42.71038661226028 ], [ -74.144906095804131, -42.710341835425858 ], [ -74.144674579294147, -42.710249972054157 ], [ -74.144329398951271, -42.709990725996107 ], [ -74.144097197026753, -42.709948526485547 ], [ -74.143807073529317, -42.709901262814789 ], [ -74.143399606699603, -42.709898222487475 ], [ -74.142876865357664, -42.709894323396206 ], [ -74.142353321820181, -42.709890384699911 ], [ -74.14206196313927, -42.709933295155558 ], [ -74.141827446256258, -42.710057646726618 ], [ -74.141709669935977, -42.710187289883585 ], [ -74.141302870554512, -42.710139151132282 ], [ -74.140780453504405, -42.710049752192432 ], [ -74.140318535293716, -42.709834613868829 ], [ -74.139971708338933, -42.709701466260846 ], [ -74.139509774856904, -42.709441338019062 ], [ -74.139106484294956, -42.709181666127648 ], [ -74.138818818588135, -42.708963327980797 ], [ -74.138532160791073, -42.708664040608049 ], [ -74.13841718451954, -42.708532553926716 ], [ -74.138361602159677, -42.708361079017671 ], [ -74.138190368893447, -42.708103134046333 ], [ -74.13772624711541, -42.708054536889897 ], [ -74.13720047216276, -42.708221773499226 ], [ -74.136733173043538, -42.70834883951445 ], [ -74.136268277816015, -42.708345333083145 ], [ -74.136094793371711, -42.708258438608894 ], [ -74.135923814328748, -42.708040967885843 ], [ -74.135809952866481, -42.707828525056378 ], [ -74.135522889929234, -42.70756523696619 ], [ -74.135235116424596, -42.707351393082078 ], [ -74.135004733588517, -42.707178555086209 ], [ -74.134599112796707, -42.707089924210571 ], [ -74.133785595780452, -42.707038798699145 ], [ -74.133494817411204, -42.707036600532263 ], [ -74.132913359487361, -42.707032196276899 ], [ -74.132739351325256, -42.707030870115389 ], [ -74.132216479727589, -42.70698636414604 ], [ -74.131637394254412, -42.706810895245326 ], [ -74.131232246874745, -42.70663225663904 ], [ -74.130826827305569, -42.706543529266675 ], [ -74.130198174591641, -42.705768849265347 ], [ -74.130084915898934, -42.705511311382232 ], [ -74.129860133160349, -42.704991808866815 ], [ -74.129456862361309, -42.704691538548254 ], [ -74.12922774525147, -42.704433156500507 ], [ -74.129056707817995, -42.704215750932867 ], [ -74.128825206579378, -42.704128352931527 ], [ -74.12853454049953, -42.704126135517448 ], [ -74.128128396888229, -42.704078067321738 ], [ -74.127489371327712, -42.703987646333623 ], [ -74.127145444134655, -42.703642887877244 ], [ -74.126975067861252, -42.703384887652192 ], [ -74.126806375030682, -42.702955786004139 ], [ -74.126693938296455, -42.702698282662048 ], [ -74.126641350919712, -42.702265665532785 ], [ -74.126646118278927, -42.701923473476135 ], [ -74.126476312435727, -42.701625032165538 ], [ -74.125954663445171, -42.70149046738964 ], [ -74.125721937802822, -42.701488667108315 ], [ -74.125552260418715, -42.701185646072375 ], [ -74.125386563469604, -42.700540467450104 ], [ -74.125334562692757, -42.700112396495399 ], [ -74.125346599219256, -42.699256874235836 ], [ -74.125356187836587, -42.698568062098936 ], [ -74.125305430328098, -42.698054385237008 ], [ -74.125314990199342, -42.697370073637067 ], [ -74.125319308400918, -42.697068389905468 ], [ -74.125093771077488, -42.696553335959521 ], [ -74.124339467411502, -42.696417032388197 ], [ -74.124208130123705, -42.696333833657242 ], [ -74.12399389540316, -42.696198302728114 ], [ -74.123823410433602, -42.695899739486322 ], [ -74.12371647677881, -42.695255020923298 ], [ -74.123673206728213, -42.695086673196684 ], [ -74.123606467292475, -42.694826452683046 ], [ -74.123619717442935, -42.693880973856189 ], [ -74.123688010065777, -42.693152064064805 ], [ -74.123417150939616, -42.691736119087359 ], [ -74.123364609376964, -42.691348485539869 ], [ -74.123259950256482, -42.690492148576077 ], [ -74.123154385634194, -42.689761890309555 ], [ -74.123048413176747, -42.688986589549707 ], [ -74.122939772722916, -42.688472482808585 ], [ -74.122830472905662, -42.687998894549644 ], [ -74.122719777106468, -42.687570208224862 ], [ -74.122553021941954, -42.687055610366762 ], [ -74.12255785397987, -42.686708990204231 ], [ -74.122503343310129, -42.686411345424524 ], [ -74.122509427599525, -42.685979193276097 ], [ -74.122517288756583, -42.685425420789109 ], [ -74.122582077051504, -42.684993586011181 ], [ -74.122528165558052, -42.684651000296412 ], [ -74.122360860624582, -42.684176915372582 ], [ -74.122308209467462, -42.683793785172469 ], [ -74.122372301568049, -42.683361981315848 ], [ -74.122494282902153, -42.68293517805467 ], [ -74.122673264137688, -42.682634881639579 ], [ -74.122850752373211, -42.68237956637148 ], [ -74.123089347607618, -42.681953580511639 ], [ -74.12303508936445, -42.681696561966362 ], [ -74.122862750272134, -42.681524118124926 ], [ -74.122690064430117, -42.681437240925412 ], [ -74.12263514592523, -42.681220738817949 ], [ -74.122584319246471, -42.680661928720269 ], [ -74.122590938931779, -42.680193761539279 ], [ -74.122594523209756, -42.679932673604107 ], [ -74.122828973617459, -42.679808364719037 ], [ -74.123119528306219, -42.67981060149264 ], [ -74.123354005663359, -42.67968179239103 ], [ -74.12359084918296, -42.67938634809034 ], [ -74.123652999125895, -42.679085168068106 ], [ -74.12365779343456, -42.678742974417027 ], [ -74.123604125384546, -42.678440941323252 ], [ -74.12337207707192, -42.67839411793922 ], [ -74.123138157568576, -42.678482340694089 ], [ -74.123019945565389, -42.678652620222465 ], [ -74.122900725652457, -42.67882279758107 ], [ -74.122839262920721, -42.679078958917934 ], [ -74.122719690868195, -42.679334701822981 ], [ -74.122600568871633, -42.679504874011506 ], [ -74.122484645775785, -42.679503950768286 ], [ -74.122253159808537, -42.679416685068198 ], [ -74.122138956986475, -42.679289792966664 ], [ -74.122087126889525, -42.678857065593164 ], [ -74.122090094024912, -42.678645491075102 ], [ -74.122094926062829, -42.678298796911491 ], [ -74.122101544849841, -42.677830557110013 ], [ -74.122105095890149, -42.677573895309031 ], [ -74.122110034827585, -42.677227270455226 ], [ -74.12217044114054, -42.677056559062997 ], [ -74.122288172545069, -42.676931436717787 ], [ -74.122465199046516, -42.676761691385373 ], [ -74.122697832162387, -42.67676350361085 ], [ -74.122694276630497, -42.677020091488849 ], [ -74.122457992761312, -42.67727494600841 ], [ -74.122397582855072, -42.677445583493558 ], [ -74.122335882968102, -42.677661266623055 ], [ -74.122331665377843, -42.677958372816079 ], [ -74.122387976271426, -42.678129971973689 ], [ -74.122501488289046, -42.678301882373567 ], [ -74.122733536601672, -42.678348707147961 ], [ -74.122851293159016, -42.67821901071806 ], [ -74.122912165697613, -42.678007863960097 ], [ -74.122975773606228, -42.677666129974028 ], [ -74.123095469626264, -42.67740588270604 ], [ -74.123099024259844, -42.677149294439765 ], [ -74.123103822161781, -42.676807100694695 ], [ -74.122992148995564, -42.676504571450877 ], [ -74.122820487232957, -42.676291608609425 ], [ -74.122767972619769, -42.675903973787605 ], [ -74.122773926653466, -42.675476252129684 ], [ -74.122781260499465, -42.674958492903308 ], [ -74.12290802805741, -42.674189496407223 ], [ -74.122803461463391, -42.673373642754122 ], [ -74.122763652621572, -42.672085540366055 ], [ -74.122649918720072, -42.671873151532814 ], [ -74.122367889043375, -42.67126755080794 ], [ -74.122140089762041, -42.670923616637673 ], [ -74.121972243144484, -42.670494541686743 ], [ -74.121860348992683, -42.670151457928938 ], [ -74.12180660189091, -42.669849427331314 ], [ -74.121410410714631, -42.669116929020873 ], [ -74.121238805545914, -42.668899462567929 ], [ -74.121126466728043, -42.668641948801202 ], [ -74.121130130956089, -42.668385355394513 ], [ -74.120968165608687, -42.667483573139862 ], [ -74.120980206626754, -42.666628123269184 ], [ -74.120929560509353, -42.666109865599864 ], [ -74.120822044746248, -42.665510155007617 ], [ -74.120721093871268, -42.664392720853336 ], [ -74.120443820773986, -42.663449495101268 ], [ -74.120278553219578, -42.662844850736128 ], [ -74.120283379867601, -42.662502729504325 ], [ -74.120231256021569, -42.662029525273184 ], [ -74.120234228546821, -42.661817876291593 ], [ -74.120237899063085, -42.661561283122452 ], [ -74.120241463578125, -42.661304620192347 ], [ -74.12036125571791, -42.661089433219587 ], [ -74.120597493773005, -42.660834584995207 ], [ -74.120829858292609, -42.660791351928872 ], [ -74.121067249784531, -42.660450974625711 ], [ -74.121187500963416, -42.660195277545455 ], [ -74.121247897394895, -42.660024566934624 ], [ -74.121252157205973, -42.659722960131738 ], [ -74.121199576117462, -42.659335326351332 ], [ -74.121203237650548, -42.659078659517412 ], [ -74.120796098705895, -42.659075520911983 ], [ -74.120274132610064, -42.658985930208608 ], [ -74.120161918658027, -42.658728409067272 ], [ -74.12022417280555, -42.658427226705896 ], [ -74.120463974477374, -42.657915790405845 ], [ -74.120590094349993, -42.657187313509681 ], [ -74.120538185201312, -42.656759161136875 ], [ -74.120602744425824, -42.656286848012279 ], [ -74.120671770972251, -42.655557906089527 ], [ -74.120793057908685, -42.655171550490131 ], [ -74.120863113026104, -42.654316671817739 ], [ -74.120925918739189, -42.653974901386455 ], [ -74.120990020721223, -42.653588158705155 ], [ -74.120996686220636, -42.653115343822662 ], [ -74.121118637910357, -42.65268854359141 ], [ -74.121302843747571, -42.65200562184819 ], [ -74.121427791318752, -42.651362672352604 ], [ -74.121604189897838, -42.651233446852217 ], [ -74.121837738396977, -42.651109106333372 ], [ -74.122074528915974, -42.650809243502486 ], [ -74.12219360599677, -42.650639074013135 ], [ -74.122255247493257, -42.650382831801942 ], [ -74.122256995614805, -42.650252289445461 ], [ -74.122319136574575, -42.64995111096075 ], [ -74.122322611258099, -42.649706768778358 ], [ -74.122324513889865, -42.649568402067139 ], [ -74.122329359402514, -42.649221706930277 ], [ -74.122447735797394, -42.649051568776791 ], [ -74.122512946300503, -42.648583724447242 ], [ -74.122516641071272, -42.648322631247844 ], [ -74.12257943510626, -42.647980860914828 ], [ -74.122698859835069, -42.647725124451803 ], [ -74.12264398265269, -42.647508621199748 ], [ -74.122411460029582, -42.647506803496107 ], [ -74.122293853490902, -42.647636492650676 ], [ -74.122232870459527, -42.647852143104117 ], [ -74.122171684408897, -42.648022815110423 ], [ -74.122110137235524, -42.648278979166385 ], [ -74.121990708913444, -42.648534714673794 ], [ -74.121755774313826, -42.648704030310491 ], [ -74.121581696981437, -42.648662200130929 ], [ -74.121527409992183, -42.648400607746495 ], [ -74.121531637463917, -42.648103427663031 ], [ -74.121594444075313, -42.647761730128508 ], [ -74.121784164670061, -42.646686947675093 ], [ -74.121788885316874, -42.646344756704607 ], [ -74.121793711066587, -42.646002635213776 ], [ -74.121857106972811, -42.645615923572912 ], [ -74.121982146172158, -42.64501795797397 ], [ -74.122281017463806, -42.644421343199731 ], [ -74.122592555899303, -42.642919837310593 ], [ -74.122600377530475, -42.642361567670633 ], [ -74.122604039063589, -42.64210490016707 ], [ -74.122667991925269, -42.64167767547962 ], [ -74.122733787231638, -42.641119830167888 ], [ -74.122797046593931, -42.640737623347071 ], [ -74.122803141663141, -42.640305322108468 ], [ -74.122867092728228, -42.639878096298105 ], [ -74.123046082946885, -42.639715195724477 ], [ -74.123102678606429, -42.639663688310236 ], [ -74.123570071150439, -42.6394961884737 ], [ -74.123743790953341, -42.639497543171025 ], [ -74.124153765879342, -42.639289029798753 ], [ -74.124449629611419, -42.638904060678783 ], [ -74.124864397947789, -42.638308363336002 ], [ -74.124925857984564, -42.638047702156918 ], [ -74.125166802313444, -42.637450655091072 ], [ -74.125351022523716, -42.636767578609089 ], [ -74.125533780276697, -42.636125055816102 ], [ -74.125662921183618, -42.635225486193576 ], [ -74.12566957500492, -42.634752817893691 ], [ -74.125675525445359, -42.634325021949692 ], [ -74.125915236387343, -42.633809080447925 ], [ -74.126042521374913, -42.63299506951558 ], [ -74.126107003344316, -42.632527255784034 ], [ -74.126292951014875, -42.631713710550905 ], [ -74.126419071785833, -42.63098515346654 ], [ -74.12642927215586, -42.630255823823489 ], [ -74.126440057329162, -42.629481406626311 ], [ -74.126449077312941, -42.628842105381949 ], [ -74.126512921478508, -42.628410309745 ], [ -74.126519437857567, -42.627942073574907 ], [ -74.126468223106599, -42.627468905136382 ], [ -74.12647601509336, -42.626910562308041 ], [ -74.126072788311788, -42.626691398290596 ], [ -74.125665862267851, -42.626688265982438 ], [ -74.125494585882521, -42.626515851971604 ], [ -74.125496296274818, -42.626389736926264 ], [ -74.125501139990831, -42.626043114881476 ], [ -74.125738853079625, -42.625662225979447 ], [ -74.125916286517921, -42.625406908053272 ], [ -74.125979642898272, -42.625020123268271 ], [ -74.125985603220187, -42.624592399895171 ], [ -74.126221030994913, -42.62437806615231 ], [ -74.126692544111123, -42.623908879548992 ], [ -74.127046745336074, -42.623483821617022 ], [ -74.127166114369359, -42.6232280836143 ], [ -74.127403339672952, -42.622887628983328 ], [ -74.127534286193608, -42.621857511332898 ], [ -74.127537933353651, -42.621600844529745 ], [ -74.127778599204788, -42.620958817591877 ], [ -74.127900008312068, -42.620617511045822 ], [ -74.128074627328573, -42.620439901710689 ], [ -74.128194519181349, -42.620318069079133 ], [ -74.128548131111458, -42.61993352135287 ], [ -74.128726142166471, -42.619678248019753 ], [ -74.128905948953758, -42.619251866221255 ], [ -74.12908703853526, -42.618780439697012 ], [ -74.12921117672434, -42.618182433043671 ], [ -74.129273364396539, -42.617881248056889 ], [ -74.129337398106614, -42.617494505100083 ], [ -74.129402439726434, -42.616981677200897 ], [ -74.129523725764543, -42.616595386779409 ], [ -74.129529077028693, -42.616212678972474 ], [ -74.129417993157276, -42.615865066161803 ], [ -74.129601234203861, -42.615182100512428 ], [ -74.129663526978945, -42.614925898703312 ], [ -74.129843111882337, -42.614499452630945 ], [ -74.129966341874677, -42.614027672139208 ], [ -74.130085676771984, -42.613771858936012 ], [ -74.130093446300876, -42.613213517556197 ], [ -74.130101788954903, -42.612614808890172 ], [ -74.1301084113352, -42.612141994015971 ], [ -74.130123276656519, -42.611070475841238 ], [ -74.13007081055234, -42.610682841030098 ], [ -74.12989866998771, -42.610510397241079 ], [ -74.129202921206897, -42.610460137022855 ], [ -74.12908757572778, -42.610373643152371 ], [ -74.129034990147687, -42.609990511665536 ], [ -74.129329549525977, -42.609691065537433 ], [ -74.129853398490653, -42.609609508032086 ], [ -74.130203297683707, -42.609481550505421 ], [ -74.130438075976457, -42.6093123000433 ], [ -74.130845426025218, -42.609229772797129 ], [ -74.131024088358799, -42.608929478058954 ], [ -74.131039496262559, -42.607817373275864 ], [ -74.130986342048885, -42.607474756995252 ], [ -74.130469141515633, -42.607083578404186 ], [ -74.130121577043994, -42.607035905233928 ], [ -74.12960071138437, -42.606905889475293 ], [ -74.129311651492259, -42.606818122535891 ], [ -74.129024893982191, -42.606559299132087 ], [ -74.129026729240337, -42.606428678722274 ], [ -74.129267447193754, -42.605831707889315 ], [ -74.129849204256587, -42.605750575101879 ], [ -74.130256432134445, -42.605668055699418 ], [ -74.130605266823892, -42.605625696071691 ], [ -74.130899111143208, -42.605371265290131 ], [ -74.130959490506726, -42.605241187211142 ], [ -74.131137993838507, -42.6049002639676 ], [ -74.131256282198493, -42.604775108175112 ], [ -74.13154658356234, -42.604777338391152 ], [ -74.131544193145373, -42.60494847169516 ], [ -74.131541231399879, -42.605159972327947 ], [ -74.131478953896178, -42.605416174638727 ], [ -74.131360196615617, -42.605631473528305 ], [ -74.131357899623438, -42.605802529772028 ], [ -74.131356063466995, -42.605933076780929 ], [ -74.131588424393343, -42.605934810406147 ], [ -74.131822520864802, -42.605806002319113 ], [ -74.132058873005946, -42.605465650128103 ], [ -74.132294871210874, -42.605210790240498 ], [ -74.132414984947502, -42.60495501421682 ], [ -74.132421501326576, -42.604482278065241 ], [ -74.132427428410821, -42.604054556432871 ], [ -74.132429843980617, -42.603878922488349 ], [ -74.132378380396318, -42.603365204888505 ], [ -74.132210038807003, -42.602976728006432 ], [ -74.131982373374669, -42.602632804982001 ], [ -74.131813305946608, -42.602248785468774 ], [ -74.131818119119913, -42.601902091851962 ], [ -74.131994924635805, -42.601732342727743 ], [ -74.132345434683273, -42.601563864026453 ], [ -74.132759361298184, -42.601053653048396 ], [ -74.132881751365773, -42.600581834190493 ], [ -74.132885290727984, -42.600325245669893 ], [ -74.132939523818322, -42.600278264279311 ], [ -74.133178997605071, -42.600070742325428 ], [ -74.133414414600011, -42.599856394932004 ], [ -74.13365142879951, -42.599515936838422 ], [ -74.133892623758371, -42.598833384404216 ], [ -74.134013895423408, -42.598487579036103 ], [ -74.134084639548661, -42.59810156405829 ], [ -74.134139215795429, -42.597804112041672 ], [ -74.134143326486168, -42.59750236297095 ], [ -74.134381678277123, -42.597076440370707 ], [ -74.134563822480757, -42.596519482194175 ], [ -74.134975102658871, -42.596135347631552 ], [ -74.135216865352959, -42.59545269402151 ], [ -74.135459872213744, -42.594684580654324 ], [ -74.135754920275545, -42.594340109265445 ], [ -74.13617740963177, -42.593145543344782 ], [ -74.136534453126274, -42.592504315575297 ], [ -74.136601156629382, -42.591860945100883 ], [ -74.136668654243195, -42.591217538886212 ], [ -74.136788026869738, -42.590961717983305 ], [ -74.136964794656393, -42.590792036934204 ], [ -74.13725922647393, -42.590492503155389 ], [ -74.137380321170852, -42.590106139721804 ], [ -74.137386223102268, -42.589678419266875 ], [ -74.137391575264729, -42.5892912849311 ], [ -74.137395093965694, -42.589034624788106 ], [ -74.137747217387385, -42.588740091755824 ], [ -74.138045159821033, -42.588183969125915 ], [ -74.138166364112436, -42.587842661546148 ], [ -74.138283939210083, -42.587713031662815 ], [ -74.138518055444479, -42.587584209053674 ], [ -74.13858356328997, -42.587030793080608 ], [ -74.138587106245424, -42.586769632146584 ], [ -74.1388252936447, -42.586343708286691 ], [ -74.139058234882711, -42.586304912994038 ], [ -74.139234761920889, -42.586090104879304 ], [ -74.139358335069673, -42.585577736708714 ], [ -74.139304463102093, -42.585235082791627 ], [ -74.139014256061344, -42.585232868411197 ], [ -74.138721680163215, -42.585401859538877 ], [ -74.138660338704028, -42.585658023377846 ], [ -74.138130810590127, -42.58616740469455 ], [ -74.137667485617726, -42.586123335993911 ], [ -74.137497226125291, -42.585820355723854 ], [ -74.137679875182116, -42.585222881210647 ], [ -74.137684664100902, -42.584876187448955 ], [ -74.13769056693063, -42.584448466823474 ], [ -74.137870132071086, -42.584022083293867 ], [ -74.137937031406935, -42.583423691349175 ], [ -74.138175676048675, -42.582907625043639 ], [ -74.138468810698939, -42.582698269303322 ], [ -74.138547513897606, -42.582575402449478 ], [ -74.138677451610192, -42.582373015127168 ], [ -74.138825234355892, -42.582142537920056 ], [ -74.139120183603012, -42.581802560491489 ], [ -74.139356437827814, -42.58145762699364 ], [ -74.139596871015286, -42.580860500263455 ], [ -74.139835032363408, -42.580434575057474 ], [ -74.139956752287773, -42.580007693117516 ], [ -74.140079757701315, -42.579535837952747 ], [ -74.140141090177323, -42.57927967409416 ], [ -74.140086230062948, -42.579063104093201 ], [ -74.139972656959884, -42.578846077586057 ], [ -74.139917677369553, -42.578634085463555 ], [ -74.139922428559089, -42.578291892137329 ], [ -74.13992538491469, -42.578075745360159 ], [ -74.140330849399632, -42.578164371033701 ], [ -74.14044544388716, -42.578250814365298 ], [ -74.140618641768896, -42.578337570455723 ], [ -74.14061681998551, -42.578468116133728 ], [ -74.140848279901604, -42.578469872351747 ], [ -74.140965953813932, -42.578385297333774 ], [ -74.140970722071458, -42.578038531152174 ], [ -74.140976612324778, -42.577610884669085 ], [ -74.140979565087122, -42.577394737515796 ], [ -74.140806912482773, -42.57726732173861 ], [ -74.140575898131033, -42.577180068703584 ], [ -74.140461989956393, -42.577048607471774 ], [ -74.140407588881104, -42.576791527810613 ], [ -74.140411787606737, -42.57648992242364 ], [ -74.140594728616037, -42.575806879673571 ], [ -74.140597098371757, -42.57563574704313 ], [ -74.140894279932368, -42.575124639131808 ], [ -74.141072123002431, -42.574869280074928 ], [ -74.141134130113215, -42.574568098023242 ], [ -74.141253605147682, -42.574352829405257 ], [ -74.141434356064337, -42.573840837105294 ], [ -74.141613336401548, -42.573500024546931 ], [ -74.141966041033214, -42.57316046505241 ], [ -74.142315814462137, -42.573032478981844 ], [ -74.142434605878677, -42.572862301933327 ], [ -74.142438792027917, -42.572560623297008 ], [ -74.142615919140681, -42.572305220664447 ], [ -74.142792062598232, -42.572175975246608 ], [ -74.142968618382469, -42.571965732727058 ], [ -74.14291544889744, -42.571623122418437 ], [ -74.1428019997619, -42.571451154015854 ], [ -74.142805524751083, -42.571189921205217 ], [ -74.143272112404588, -42.570981818138897 ], [ -74.143220305663846, -42.570549171489482 ], [ -74.143049507182241, -42.570336272607378 ], [ -74.142820231070587, -42.570118407958866 ], [ -74.142826682770973, -42.569645601384359 ], [ -74.143060148625096, -42.569561859885468 ], [ -74.143291575303536, -42.569563613046448 ], [ -74.143581704190836, -42.569565747933368 ], [ -74.143870596996322, -42.569653412532652 ], [ -74.144160156351745, -42.569700706113728 ], [ -74.144450284340749, -42.569702837688119 ], [ -74.144740894725047, -42.569659960082923 ], [ -74.144859774176496, -42.569489777140227 ], [ -74.145093222962629, -42.569405885255321 ], [ -74.14521061929554, -42.569280681995906 ], [ -74.145155080953089, -42.569109205962455 ], [ -74.145099330608247, -42.56895573492956 ], [ -74.144869470591658, -42.568782888535445 ], [ -74.144638938635254, -42.568655133635403 ], [ -74.144351171418819, -42.568481795514714 ], [ -74.144355256956729, -42.56818019492821 ], [ -74.144646612044411, -42.568096794824967 ], [ -74.144820372271496, -42.568138605706068 ], [ -74.144934372074303, -42.568270058594926 ], [ -74.145108685663615, -42.568271355299366 ], [ -74.145228467921925, -42.56797052047478 ], [ -74.145235461306413, -42.567457273668126 ], [ -74.145239636675853, -42.567155595352503 ], [ -74.145243136512192, -42.566899008820414 ], [ -74.145362336662203, -42.566643186705463 ], [ -74.1456588894021, -42.566172583401844 ], [ -74.146070130054312, -42.56583340082954 ], [ -74.146305834510159, -42.56557852640492 ], [ -74.146539610283071, -42.565409214258764 ], [ -74.146776537345986, -42.565068734073101 ], [ -74.146955008338423, -42.564768350246318 ], [ -74.146901182184919, -42.564466334069536 ], [ -74.146846067847292, -42.564209217098991 ], [ -74.146733856590203, -42.563951719293307 ], [ -74.146559555577312, -42.563950424483998 ], [ -74.146383138133615, -42.564160740334238 ], [ -74.146322293442793, -42.564376396775849 ], [ -74.146203527179068, -42.564546575805238 ], [ -74.145964791807486, -42.56501767501809 ], [ -74.145613937705278, -42.565231196770355 ], [ -74.145440228682162, -42.565229873538087 ], [ -74.145150895702201, -42.565182646037044 ], [ -74.145035432543779, -42.565096321546342 ], [ -74.145038474239314, -42.564880170055233 ], [ -74.14504128955943, -42.564668528093179 ], [ -74.145160258842395, -42.56449834079536 ], [ -74.145396318132768, -42.56415332944443 ], [ -74.145459653851873, -42.56381167065571 ], [ -74.145580080202222, -42.563470316332811 ], [ -74.145641374050697, -42.563214077220138 ], [ -74.145876618569076, -42.56299971357469 ], [ -74.146112867403971, -42.562704326438038 ], [ -74.146234996061793, -42.562232357553931 ], [ -74.146359614849587, -42.561634458524736 ], [ -74.146481845915346, -42.561162558299877 ], [ -74.146835619542216, -42.560732961967048 ], [ -74.147422093658605, -42.560268988994387 ], [ -74.147718605076022, -42.559798382601052 ], [ -74.147725584087468, -42.559285136051507 ], [ -74.147786993818599, -42.55902439222357 ], [ -74.148023219297301, -42.558729002146734 ], [ -74.148546607426226, -42.558647308468402 ], [ -74.148780023873016, -42.558563558160522 ], [ -74.148956546419612, -42.558348736528664 ], [ -74.149078219631591, -42.557962335359193 ], [ -74.148965868237312, -42.557664358315485 ], [ -74.148910327199928, -42.557492810649528 ], [ -74.148798051264137, -42.557230820627929 ], [ -74.14880153313419, -42.556974160853159 ], [ -74.148921932535089, -42.556632805515335 ], [ -74.149100379272994, -42.556332493563716 ], [ -74.149336032524857, -42.556077541946244 ], [ -74.149747524705376, -42.555652857605232 ], [ -74.150042292492827, -42.555312788704875 ], [ -74.150452747119161, -42.554973625837917 ], [ -74.150869078524124, -42.554247303097576 ], [ -74.15110471740293, -42.553992348255171 ], [ -74.151515085791033, -42.553648686989959 ], [ -74.151694605117399, -42.55326727206787 ], [ -74.151761241246845, -42.552623821628941 ], [ -74.151823728956344, -42.552282050075149 ], [ -74.151941208832554, -42.5521523376636 ], [ -74.152235757431086, -42.551812346966905 ], [ -74.152356931179753, -42.551471025599994 ], [ -74.152595479701759, -42.550999996824821 ], [ -74.15277421300226, -42.550614042510411 ], [ -74.152839043518, -42.550101212121383 ], [ -74.152899875632414, -42.549930540374767 ], [ -74.15325487096807, -42.549415393420873 ], [ -74.153492732278892, -42.548989380537208 ], [ -74.153670977794192, -42.54864843485192 ], [ -74.153852172478594, -42.548136477769063 ], [ -74.154090245791821, -42.547705881781923 ], [ -74.15438408741619, -42.547410904702254 ], [ -74.154562353592766, -42.547065458037707 ], [ -74.154682838333613, -42.546769227107355 ], [ -74.154743636312034, -42.546553494590178 ], [ -74.154921201802665, -42.5462576397898 ], [ -74.155097249140482, -42.546128379455247 ], [ -74.155100711247584, -42.54587172034865 ], [ -74.15510305495215, -42.545700662445618 ], [ -74.155046964145825, -42.54556963123882 ], [ -74.155049877382282, -42.545353486228869 ], [ -74.155520268502713, -42.544843672932792 ], [ -74.155754740469973, -42.544674311141002 ], [ -74.155928986685623, -42.544675595099143 ], [ -74.156043529070871, -42.544761951812333 ], [ -74.156041833051617, -42.544892492311554 ], [ -74.155982184018441, -42.545018123741535 ], [ -74.156035492742348, -42.545360795444665 ], [ -74.15626704877819, -42.545407504516767 ], [ -74.156441298587112, -42.54540878779796 ], [ -74.156618305325651, -42.545153442772595 ], [ -74.157201681152614, -42.544901002144037 ], [ -74.157382965668532, -42.544384535675157 ], [ -74.157101530676528, -42.543743073839828 ], [ -74.157104443014688, -42.543527001927416 ], [ -74.157168689625493, -42.543054684147656 ], [ -74.157287803537201, -42.54279885428253 ], [ -74.157408836250397, -42.542457534591236 ], [ -74.157582474306608, -42.54245876961749 ], [ -74.15776308328941, -42.541987395514745 ], [ -74.157649652120185, -42.541815367265187 ], [ -74.157301748983684, -42.541767789124407 ], [ -74.157129872523754, -42.541640435596349 ], [ -74.157131566746386, -42.541509896239639 ], [ -74.157597441137554, -42.541342257516348 ], [ -74.157829556823813, -42.54134394991641 ], [ -74.15800555834754, -42.541219186747803 ], [ -74.158240031213111, -42.541045247541184 ], [ -74.158589465977172, -42.540921726774812 ], [ -74.15882157807016, -42.540923417862558 ], [ -74.159115021740874, -42.540668935449496 ], [ -74.159117929587453, -42.54045286414997 ], [ -74.159120984757735, -42.540227715064141 ], [ -74.159122041176502, -42.540151114840072 ], [ -74.159125939864836, -42.539854021096325 ], [ -74.159130057742104, -42.539552345009533 ], [ -74.159305916433695, -42.539382451927608 ], [ -74.159598806742196, -42.539168481656148 ], [ -74.159837707403796, -42.538656933323928 ], [ -74.160834204056897, -42.537849215435322 ], [ -74.161069201538609, -42.537634758040383 ], [ -74.161714356304287, -42.537085684472061 ], [ -74.162007791890176, -42.53682662249836 ], [ -74.162591075190647, -42.536574231603502 ], [ -74.163000831826039, -42.536320605864731 ], [ -74.163239887896196, -42.535808969995223 ], [ -74.163998455864814, -42.535427260062669 ], [ -74.164288326935647, -42.535429428552227 ], [ -74.164869466855876, -42.535348075058927 ], [ -74.165453290043871, -42.535050657943934 ], [ -74.165628150707192, -42.535011411077704 ], [ -74.165801574066037, -42.535012717740379 ], [ -74.166612480578081, -42.535104090727742 ], [ -74.166959681232015, -42.535147172787724 ], [ -74.167249650219205, -42.535149328048341 ], [ -74.16753961201988, -42.535151410496013 ], [ -74.16800322804643, -42.535199771451474 ], [ -74.168234218143638, -42.535287044810445 ], [ -74.168463999108496, -42.535459773497905 ], [ -74.168635212611747, -42.535632128379127 ], [ -74.168808327848467, -42.535718919911517 ], [ -74.169097727303765, -42.535766010848569 ], [ -74.169156709787003, -42.535680963565696 ], [ -74.169391670437776, -42.53546649144311 ], [ -74.16951016002038, -42.535255738652801 ], [ -74.169513033730979, -42.535039668479669 ], [ -74.169631141529592, -42.534909909648306 ], [ -74.170384585507833, -42.534915355408735 ], [ -74.170789789481361, -42.535003813369777 ], [ -74.171134197273091, -42.535267446939137 ], [ -74.171420231639317, -42.535566760776895 ], [ -74.171533481348888, -42.535738710262407 ], [ -74.171763371908185, -42.535911427109809 ], [ -74.171818387431131, -42.536127975485975 ], [ -74.171872201906552, -42.53643005269312 ], [ -74.171870006423987, -42.53660117835927 ], [ -74.171867168646003, -42.536812747386676 ], [ -74.17186484739932, -42.536988377001677 ], [ -74.171862110232638, -42.537199942069606 ], [ -74.172034039693187, -42.537372331862727 ], [ -74.17220836226565, -42.537373587508846 ], [ -74.172557308346185, -42.537290534771593 ], [ -74.172675691927594, -42.537079783503643 ], [ -74.172736427023949, -42.536864118777501 ], [ -74.17279728788445, -42.536693361858653 ], [ -74.173144505606373, -42.536736497099547 ], [ -74.173318556887622, -42.536697128175938 ], [ -74.173497927093663, -42.53631118736665 ], [ -74.173559757236347, -42.536009996565305 ], [ -74.173507568711614, -42.535581881256675 ], [ -74.173161461307373, -42.535453294509374 ], [ -74.172929927729413, -42.535406544231662 ], [ -74.172641695185661, -42.535278359579017 ], [ -74.172644020025615, -42.535102803263101 ], [ -74.172705720810896, -42.534806043608967 ], [ -74.172707914496826, -42.534634918981105 ], [ -74.172942300225827, -42.534465526187375 ], [ -74.173180101349516, -42.534034977565312 ], [ -74.173416112130852, -42.533739471865978 ], [ -74.173994930804383, -42.533829203096715 ], [ -74.174283258569545, -42.533957380794632 ], [ -74.1745139800705, -42.534004016978393 ], [ -74.174745536106329, -42.534046263758533 ], [ -74.174920947436931, -42.533961989936259 ], [ -74.175096752229607, -42.533792147839492 ], [ -74.175214185393443, -42.533707402365742 ], [ -74.175505869264498, -42.533583420928444 ], [ -74.175678747345984, -42.533625151671146 ], [ -74.175969501460727, -42.533627249394534 ], [ -74.17608514967209, -42.533628133099363 ], [ -74.176203079604292, -42.53345788762725 ], [ -74.176148587799148, -42.533200829568919 ], [ -74.175917595905304, -42.53311357249126 ], [ -74.175745280169195, -42.533026829632732 ], [ -74.175286158413996, -42.532636318464121 ], [ -74.17523056886759, -42.532464712601239 ], [ -74.175175553344644, -42.532248240226032 ], [ -74.175002434514667, -42.532161384955252 ], [ -74.174712487087035, -42.532159320942945 ], [ -74.17424833117299, -42.532155999855654 ], [ -74.173900607699537, -42.532153452607375 ], [ -74.173437152471436, -42.532150168589936 ], [ -74.173147298468606, -42.532148023817285 ], [ -74.172916320049481, -42.532060834113395 ], [ -74.173037549493714, -42.531633940212259 ], [ -74.173387560976167, -42.531465359464882 ], [ -74.173620835489146, -42.531381492584579 ], [ -74.17379789522829, -42.531166608510397 ], [ -74.17408783816434, -42.531168675203403 ], [ -74.174322206825337, -42.530999280951967 ], [ -74.17420852233117, -42.530782293110086 ], [ -74.17391987835903, -42.530694692394611 ], [ -74.173573162795336, -42.530606622210186 ], [ -74.173284415516932, -42.530518951078051 ], [ -74.172937806852772, -42.530430947506318 ], [ -74.172824671229264, -42.530173518854262 ], [ -74.17282642114742, -42.530042828423646 ], [ -74.172946349831122, -42.529787020052176 ], [ -74.173123149957121, -42.529531660127361 ], [ -74.173355218931007, -42.529533323719768 ], [ -74.173587287006555, -42.529534986650162 ], [ -74.173821652972606, -42.529365594588043 ], [ -74.174227226153704, -42.529368547091764 ], [ -74.174459829625164, -42.529329695176884 ], [ -74.174635228379344, -42.529245422272368 ], [ -74.174809845599214, -42.529156539096206 ], [ -74.174813236739425, -42.528899957187498 ], [ -74.174582269100085, -42.528812770231504 ], [ -74.174292336943822, -42.528810704784533 ], [ -74.174061066572236, -42.528809006748752 ], [ -74.173654799891736, -42.528806084670705 ], [ -74.173424364953377, -42.528678308829129 ], [ -74.173484594298202, -42.52854821637068 ], [ -74.173603715396467, -42.528292370101774 ], [ -74.173778470956904, -42.528248542526057 ], [ -74.17418413756279, -42.528251490448532 ], [ -74.174473966412805, -42.528253561210057 ], [ -74.174706029996784, -42.528255222850497 ], [ -74.174880730759966, -42.528170981596823 ], [ -74.17482568918588, -42.527958934450062 ], [ -74.174652854223538, -42.52791270221369 ], [ -74.174421883889252, -42.527825441058305 ], [ -74.174190358396132, -42.527783266201801 ], [ -74.173958195997471, -42.527781607858891 ], [ -74.173785793124779, -42.52769479205584 ], [ -74.173671660371298, -42.527522885301209 ], [ -74.173558884972223, -42.527305929737764 ], [ -74.173504411133393, -42.527048868868569 ], [ -74.173509465953487, -42.526661674804807 ], [ -74.173685913041595, -42.526446745364026 ], [ -74.174151131662612, -42.526364619499638 ], [ -74.174441581248487, -42.52632609937875 ], [ -74.174847697910337, -42.526284037378964 ], [ -74.175082576814418, -42.526074055984708 ], [ -74.175318024352066, -42.525819135036286 ], [ -74.176016238110009, -42.525608008080809 ], [ -74.176191625186092, -42.525523734127546 ], [ -74.176655830507471, -42.525527045636935 ], [ -74.176827035925896, -42.525699388206846 ], [ -74.177231625451768, -42.525832837813454 ], [ -74.177464105854042, -42.525744500594385 ], [ -74.177526144405874, -42.525488286004077 ], [ -74.177411900261305, -42.525316314255853 ], [ -74.177180942503441, -42.52522913156659 ], [ -74.177067599369096, -42.525057192869085 ], [ -74.176954158318395, -42.524885257670633 ], [ -74.176723763804219, -42.524753061939663 ], [ -74.176492802453097, -42.524665804977218 ], [ -74.176319150023829, -42.52462403580823 ], [ -74.176321994988342, -42.524407894427924 ], [ -74.176386229921036, -42.523980627789193 ], [ -74.176736752544898, -42.523767028463027 ], [ -74.176799087540786, -42.523425249881662 ], [ -74.176977746281125, -42.523084324153849 ], [ -74.177558749657436, -42.523002913532515 ], [ -74.17791035564953, -42.522703784449718 ], [ -74.178322091273472, -42.522233854834525 ], [ -74.179193324148414, -42.522114062732641 ], [ -74.179830988761282, -42.522118646927396 ], [ -74.1802362169893, -42.52220706938418 ], [ -74.180467725414431, -42.522249233439723 ], [ -74.180814202026269, -42.52233729289685 ], [ -74.18110071519456, -42.52260049728357 ], [ -74.181387918268982, -42.52281425750764 ], [ -74.181674986596136, -42.523032375364387 ], [ -74.181961531205459, -42.523291077458246 ], [ -74.182190749824926, -42.52350886526937 ], [ -74.182535622943959, -42.523723031536235 ], [ -74.182882303473349, -42.523811002848944 ], [ -74.183172739584492, -42.523772534779994 ], [ -74.183349196554076, -42.523602725222773 ], [ -74.183350838674414, -42.523472187221458 ], [ -74.183178916400394, -42.523299739860391 ], [ -74.182890099053395, -42.523212169699136 ], [ -74.182834505913718, -42.523040641226402 ], [ -74.182545690363355, -42.522953070039932 ], [ -74.182372595787882, -42.522866298505548 ], [ -74.182375951893789, -42.522609644415198 ], [ -74.18237759042087, -42.522479032173408 ], [ -74.182205292651062, -42.522392224228845 ], [ -74.18197325242329, -42.522390576997999 ], [ -74.181683909561841, -42.522343516362525 ], [ -74.181628326303624, -42.522172060319136 ], [ -74.181862924933355, -42.521917016192383 ], [ -74.182156185347736, -42.521662484134986 ], [ -74.182334373370864, -42.521361986071476 ], [ -74.182396025647122, -42.521065298182307 ], [ -74.182514713757399, -42.520895011185786 ], [ -74.18309397440207, -42.520939690066072 ], [ -74.183266794093058, -42.520985910248697 ], [ -74.183322386334424, -42.521157439727936 ], [ -74.183494397541637, -42.521329808255651 ], [ -74.184074187294016, -42.521333895284748 ], [ -74.184364080822718, -42.52133593846817 ], [ -74.184656800451307, -42.521121911663208 ], [ -74.184776194637408, -42.520825553015413 ], [ -74.185009967715374, -42.520696652514587 ], [ -74.185531894285347, -42.520700334387179 ], [ -74.18582070175087, -42.520787897475621 ], [ -74.185876306568645, -42.520959498341597 ], [ -74.185695583499779, -42.521516544097686 ], [ -74.18592629601757, -42.52155873311618 ], [ -74.186100020312054, -42.521604981972324 ], [ -74.186389816822711, -42.521607023822732 ], [ -74.186565274865686, -42.521522730568641 ], [ -74.186858963776459, -42.521223105120029 ], [ -74.187091479213038, -42.52113917152149 ], [ -74.187210586836557, -42.520928446526447 ], [ -74.187213943840774, -42.520667220037382 ], [ -74.187216106983968, -42.520496169227876 ], [ -74.187335158911949, -42.520240311830747 ], [ -74.187628818178325, -42.519945257965595 ], [ -74.187920986241338, -42.51977166404744 ], [ -74.188385046035634, -42.51977493547372 ], [ -74.188731714886927, -42.519862962664916 ], [ -74.189077083876015, -42.520041022823669 ], [ -74.189365372115304, -42.520169163931243 ], [ -74.189478453839911, -42.520426578195917 ], [ -74.189590747741988, -42.520684101968818 ], [ -74.189585145847886, -42.521116382601761 ], [ -74.189872883419923, -42.521289460994616 ], [ -74.190221190798283, -42.521246946049772 ], [ -74.190337510051165, -42.521247784246079 ], [ -74.190455479509225, -42.521077522906097 ], [ -74.190690186835084, -42.520867517391082 ], [ -74.190983424791597, -42.520608390794209 ], [ -74.191158499253945, -42.520483545811835 ], [ -74.191335568874536, -42.520268634179494 ], [ -74.191396096460068, -42.520057394449054 ], [ -74.191455034925852, -42.519972339018295 ], [ -74.191631477522392, -42.519797944699178 ], [ -74.191807344298837, -42.519673062344147 ], [ -74.192101103278205, -42.519373494235822 ], [ -74.192164001517767, -42.518986696212977 ], [ -74.192050256836481, -42.518774227909887 ], [ -74.19182065104313, -42.518642027193742 ], [ -74.191707013261365, -42.518429627240472 ], [ -74.191651396765494, -42.518258030682489 ], [ -74.191654197712552, -42.518041964610013 ], [ -74.191655272995959, -42.51795643898101 ], [ -74.191775278934756, -42.517615058330492 ], [ -74.191778599108048, -42.517358405181582 ], [ -74.191780769437784, -42.517182783269888 ], [ -74.191957802227449, -42.516972371360914 ], [ -74.192073417201144, -42.516973239410291 ], [ -74.192245981770597, -42.51710051015386 ], [ -74.1923015937749, -42.517272032421914 ], [ -74.192416805405017, -42.517362894379488 ], [ -74.192648228490199, -42.51736454902624 ], [ -74.192881347594636, -42.517276150836274 ], [ -74.192999999772312, -42.517105854837432 ], [ -74.193525482772486, -42.51676736039915 ], [ -74.193875499644847, -42.516643706199837 ], [ -74.194106398113888, -42.516685870036866 ], [ -74.194163232725288, -42.516816847303716 ], [ -74.194217776632712, -42.517073893993675 ], [ -74.194215016109837, -42.517285533139415 ], [ -74.194210084358929, -42.517672721749641 ], [ -74.194206127280111, -42.517974390301823 ], [ -74.194202269015975, -42.518276054749158 ], [ -74.194141197051366, -42.518532234030147 ], [ -74.193964266669639, -42.51874264465944 ], [ -74.193846311584636, -42.518912909713372 ], [ -74.193724971647626, -42.519299341387892 ], [ -74.193722184175314, -42.519515480578448 ], [ -74.193835287459464, -42.519772963745893 ], [ -74.194007163021098, -42.519900187737214 ], [ -74.194413470125781, -42.519903108907663 ], [ -74.194818421672707, -42.519950930143452 ], [ -74.195047768751266, -42.520168687223723 ], [ -74.195219552684733, -42.520295987212009 ], [ -74.195335321270349, -42.520341833788848 ], [ -74.195683066303346, -42.520344241155264 ], [ -74.195858956435984, -42.520214925853189 ], [ -74.195919474140041, -42.520003757447483 ], [ -74.195922901212853, -42.519742602571704 ], [ -74.195810304578515, -42.519444535780863 ], [ -74.195580590987305, -42.519312347738648 ], [ -74.195348564234266, -42.519310726910703 ], [ -74.195116536582901, -42.519309106082765 ], [ -74.194884933834658, -42.519266976458788 ], [ -74.194713276563661, -42.519135170075366 ], [ -74.194774993518607, -42.518833973913218 ], [ -74.194777653430179, -42.518622338687571 ], [ -74.194839364096936, -42.518321069207296 ], [ -74.194956594241503, -42.518191324640412 ], [ -74.195075863561783, -42.517980510249672 ], [ -74.195135237710488, -42.517850371677355 ], [ -74.195483492088258, -42.51781226807649 ], [ -74.195774437544145, -42.517728757625477 ], [ -74.196064313106561, -42.517730771793509 ], [ -74.196354088955971, -42.517732788609976 ], [ -74.196645133226554, -42.517649272755733 ], [ -74.196822597207557, -42.517393846661747 ], [ -74.196591672687362, -42.517302203442647 ], [ -74.196301897736276, -42.517300186612289 ], [ -74.196069331095742, -42.517343579570195 ], [ -74.195778804254758, -42.517386508349553 ], [ -74.195431723975062, -42.517339083749718 ], [ -74.195259699293089, -42.517166806842468 ], [ -74.195204628074592, -42.516950274169439 ], [ -74.195149526313386, -42.516738167086501 ], [ -74.195036707795182, -42.516521309145425 ], [ -74.194807999418785, -42.516263034570194 ], [ -74.194694276297071, -42.516046069700444 ], [ -74.19475730389405, -42.515704251532497 ], [ -74.1949902424371, -42.515575368939032 ], [ -74.195338015317873, -42.515622837254476 ], [ -74.195630669369464, -42.515408786907585 ], [ -74.195865282372196, -42.515153713850104 ], [ -74.196157803473128, -42.514944092998867 ], [ -74.196332060468563, -42.514945315326258 ], [ -74.196564176154823, -42.51494700446878 ], [ -74.19679556510404, -42.514989140316032 ], [ -74.196909560415264, -42.515120541602656 ], [ -74.196905738982053, -42.515417705327998 ], [ -74.196961355477924, -42.515589151433574 ], [ -74.19695974569693, -42.515719760862311 ], [ -74.196956968106079, -42.515935900515899 ], [ -74.197186845190657, -42.516108567504467 ], [ -74.197418344632624, -42.51615077076859 ], [ -74.197707665934502, -42.516197793029534 ], [ -74.198112520463368, -42.516241108620981 ], [ -74.19834399654917, -42.516287809678467 ], [ -74.198517737013319, -42.516329540719681 ], [ -74.1986894922007, -42.516461335143497 ], [ -74.19892108686409, -42.516503458051339 ], [ -74.199326470500665, -42.516506329720649 ], [ -74.199386803151796, -42.516380644902107 ], [ -74.199330279357468, -42.516209166536868 ], [ -74.199217541687631, -42.515992235249151 ], [ -74.199103415222368, -42.515865342316474 ], [ -74.198931510016337, -42.515688566731384 ], [ -74.198642705245746, -42.515600962065584 ], [ -74.19841069286575, -42.515599346438542 ], [ -74.197947363401752, -42.515596083401462 ], [ -74.197599913016177, -42.515508119062261 ], [ -74.197601079927722, -42.515422589965354 ], [ -74.197662377369454, -42.515211312001568 ], [ -74.197837449136856, -42.515081958266613 ], [ -74.198184629129557, -42.515129518333168 ], [ -74.198300409393255, -42.515170788631551 ], [ -74.198589211468914, -42.515258393900382 ], [ -74.198878530075817, -42.515305413522015 ], [ -74.198994233982731, -42.515306196839994 ], [ -74.199342402122227, -42.515263660608255 ], [ -74.199518140439579, -42.515138772502041 ], [ -74.19963767835614, -42.514837893449354 ], [ -74.199525907273525, -42.514535442319939 ], [ -74.199411363091642, -42.514449057050463 ], [ -74.199120963811438, -42.514492136140717 ], [ -74.198888956821321, -42.51449052114716 ], [ -74.198656948034582, -42.514488906815721 ], [ -74.198500460613772, -42.514411212926824 ], [ -74.198370920854842, -42.514185162128605 ], [ -74.198547303264249, -42.514015258974858 ], [ -74.198607287369043, -42.513844602482308 ], [ -74.198552208964017, -42.513628071541206 ], [ -74.198320724793405, -42.513585943384378 ], [ -74.198146471391212, -42.51358472367906 ], [ -74.197682187916413, -42.513666977585892 ], [ -74.19744956737695, -42.51370595114696 ], [ -74.197274339302709, -42.513790176810957 ], [ -74.197099170517248, -42.513919533881804 ], [ -74.196922790802773, -42.514089508808915 ], [ -74.196805372910291, -42.514219263216489 ], [ -74.196454821540343, -42.514387865343103 ], [ -74.196105617643326, -42.514511490236245 ], [ -74.195873607958276, -42.514509869283778 ], [ -74.195469631083412, -42.514380957078771 ], [ -74.195355092291436, -42.51429456629851 ], [ -74.195066403403516, -42.514207021259182 ], [ -74.194777085694923, -42.514159918703562 ], [ -74.194487227200497, -42.514157900447501 ], [ -74.194197367807774, -42.514155882191361 ], [ -74.193788964035207, -42.514324154073194 ], [ -74.193787241964813, -42.514454695957326 ], [ -74.193785102177799, -42.51462581826361 ], [ -74.19360949411616, -42.514795605867555 ], [ -74.193377483532799, -42.514793980287457 ], [ -74.193263774784114, -42.514577086464968 ], [ -74.192919477485177, -42.514318013240448 ], [ -74.192108265545954, -42.514271753031323 ], [ -74.191819481436625, -42.514184203987092 ], [ -74.191589895406224, -42.514052001506307 ], [ -74.191242652531443, -42.513963935007581 ], [ -74.191070820088953, -42.513832131343896 ], [ -74.190898817864877, -42.513659846093034 ], [ -74.19078654013245, -42.513402396669029 ], [ -74.190556138431745, -42.513274727715512 ], [ -74.190266827909653, -42.513227612538259 ], [ -74.190035350027259, -42.513185468219483 ], [ -74.189803344833763, -42.513183834651457 ], [ -74.18945563214011, -42.51318133364348 ], [ -74.189166849827416, -42.51309370361146 ], [ -74.188935397097822, -42.513047055789286 ], [ -74.188645641909673, -42.513045018294356 ], [ -74.188470456056237, -42.51317436432636 ], [ -74.188236288617858, -42.513343777114535 ], [ -74.188060959033962, -42.513428141659155 ], [ -74.187827492281514, -42.513597595475737 ], [ -74.187593875510402, -42.51372199599966 ], [ -74.187419619413276, -42.513720760405107 ], [ -74.187130290026573, -42.513678211175389 ], [ -74.186784839290794, -42.513504646860689 ], [ -74.186381109452668, -42.513371191448933 ], [ -74.186094595386052, -42.513112499269774 ], [ -74.185921427148742, -42.513025735258985 ], [ -74.185634916675383, -42.512767041649923 ], [ -74.185350143543786, -42.512377730167607 ], [ -74.185121390251638, -42.512119438467792 ], [ -74.184835967638108, -42.51177514278713 ], [ -74.184492380906548, -42.511471097522133 ], [ -74.184323750958043, -42.511042074360425 ], [ -74.184213573486758, -42.510613497222124 ], [ -74.184217587159452, -42.510311899088698 ], [ -74.184279340047027, -42.510010559082929 ], [ -74.184282593744996, -42.509753909800104 ], [ -74.184337361332908, -42.509349046789673 ], [ -74.18439314850869, -42.509151373277433 ], [ -74.184456961233209, -42.508926639800841 ], [ -74.184461805847533, -42.508548452158507 ], [ -74.184464603201334, -42.508336810575571 ], [ -74.184467829949824, -42.508084661502558 ], [ -74.18458591708719, -42.507788361549636 ], [ -74.183495887846718, -42.507537420154236 ], [ -74.182974295450038, -42.507808358092454 ], [ -74.182674142262456, -42.508076405582095 ], [ -74.182003525648355, -42.508400338554381 ], [ -74.181338510928356, -42.508233501648085 ], [ -74.18075157417961, -42.507792534229218 ], [ -74.180460873065456, -42.507403184477553 ], [ -74.180392061216381, -42.507019928157121 ], [ -74.180617646150523, -42.506746858375081 ], [ -74.18106695470955, -42.506367329753587 ], [ -74.180625601630666, -42.50614351870508 ], [ -74.180188519142661, -42.50559560341317 ], [ -74.179674703461401, -42.505209136669798 ], [ -74.179160294892057, -42.504876826181238 ], [ -74.178345682829473, -42.504870961905503 ], [ -74.177826245491147, -42.504975250566901 ], [ -74.177302424374261, -42.505354233998197 ], [ -74.176709909087577, -42.505349949897699 ], [ -74.176340834456468, -42.505239299606728 ], [ -74.176569594036835, -42.504799640877565 ], [ -74.177166406863833, -42.504475248843555 ], [ -74.178218948509183, -42.503280460611712 ], [ -74.177851436946668, -42.50305727694515 ], [ -74.177334802352036, -42.502886866040576 ], [ -74.177271033644971, -42.50212091159856 ], [ -74.177350566886957, -42.501684765579277 ], [ -74.177503999137485, -42.501298593223517 ], [ -74.177508302966018, -42.500969916505063 ], [ -74.177363477474231, -42.500698734343779 ], [ -74.176773884407169, -42.50047380556645 ], [ -74.176330423880643, -42.500416601150377 ], [ -74.175883395245805, -42.500629554410956 ], [ -74.175508699855953, -42.50095553405685 ], [ -74.175134005364441, -42.50128158551783 ], [ -74.174757033643658, -42.501774193162788 ], [ -74.174159521029054, -42.502152662859615 ], [ -74.173564841700866, -42.502368972615301 ], [ -74.173409336138661, -42.502917262557041 ], [ -74.172811698658236, -42.503295657120439 ], [ -74.172219919990084, -42.503237330746188 ], [ -74.171256309761233, -42.503284399147667 ], [ -74.170370096580612, -42.503111354334088 ], [ -74.16985140304736, -42.503107603873211 ], [ -74.169108303169594, -42.50332285996118 ], [ -74.166958246622499, -42.50346934250198 ], [ -74.166365751997077, -42.503465077478197 ], [ -74.165626396297426, -42.503351584691131 ], [ -74.165034519712933, -42.503293226579991 ], [ -74.164218475735794, -42.503395369464442 ], [ -74.162880018301792, -42.503826872980419 ], [ -74.161917011740798, -42.503819850301134 ], [ -74.161475019061456, -42.503650052086982 ], [ -74.160886902824714, -42.50331700414921 ], [ -74.160225821827353, -42.50292942659015 ], [ -74.159709965173761, -42.502704989301186 ], [ -74.159042189032604, -42.50281271813482 ], [ -74.158074062074476, -42.50318836092142 ], [ -74.156813163385493, -42.503341132051318 ], [ -74.156075944777896, -42.503061026746728 ], [ -74.155707746004211, -42.50289628494226 ], [ -74.153713938824353, -42.502444730391659 ], [ -74.153127474589439, -42.501999171569572 ], [ -74.152611679021277, -42.501833183190129 ], [ -74.151726301273882, -42.501551984310048 ], [ -74.151209808613061, -42.501435580587106 ], [ -74.150472706786474, -42.501159932602121 ], [ -74.148403717803873, -42.500815880550959 ], [ -74.147739778367267, -42.500644298550355 ], [ -74.147224085207071, -42.500419870278314 ], [ -74.146781381960324, -42.500308531075255 ], [ -74.145673209446045, -42.500079575394516 ], [ -74.145006072007035, -42.500133206977722 ], [ -74.144037238973098, -42.500562675237191 ], [ -74.143589315616254, -42.500834026212445 ], [ -74.142991705085279, -42.501212337351241 ], [ -74.142466942533972, -42.501645188461573 ], [ -74.142092006395615, -42.502025055700614 ], [ -74.141711857333689, -42.502738211848467 ], [ -74.141407686880171, -42.503280757972178 ], [ -74.141101378436289, -42.504048484994826 ], [ -74.140798687508038, -42.504482991988098 ], [ -74.140124208138189, -42.505081276807992 ], [ -74.139747704439685, -42.505515266029128 ], [ -74.139074603085518, -42.506005586038889 ], [ -74.137663003024457, -42.506323631828479 ], [ -74.1372909873091, -42.506428927319391 ], [ -74.136247426121628, -42.506916411098416 ], [ -74.134761885729546, -42.507233908562519 ], [ -74.13371678123643, -42.507829335383477 ], [ -74.133120541534595, -42.508099489972658 ], [ -74.132079191999352, -42.508361898082242 ], [ -74.130746449647205, -42.50835174295424 ], [ -74.129931767516041, -42.508345608156858 ], [ -74.129339204618645, -42.508341079902536 ], [ -74.12889495806624, -42.50833770986921 ], [ -74.128599078164484, -42.50828136624952 ], [ -74.127936618253159, -42.50800170623971 ], [ -74.127790471339594, -42.507838489312974 ], [ -74.127503769525092, -42.507178895695354 ], [ -74.127288508928501, -42.506681886364291 ], [ -74.126997968612784, -42.506242903995393 ], [ -74.126636681476867, -42.505582743875799 ], [ -74.126423707990995, -42.504923675466408 ], [ -74.126058621879736, -42.504538183388703 ], [ -74.125692819811221, -42.504260692098754 ], [ -74.125253134903829, -42.503874560819447 ], [ -74.12481580717575, -42.503375925169173 ], [ -74.124462311128298, -42.502166484739753 ], [ -74.124172508329437, -42.501727460067272 ], [ -74.124031859105401, -42.501177023790092 ], [ -74.123969511533105, -42.500357059412138 ], [ -74.123767313339059, -42.498928063866188 ], [ -74.123704274063996, -42.498108055424552 ], [ -74.123489848002308, -42.497557089872259 ], [ -74.123202487722708, -42.496951498976188 ], [ -74.122859681627119, -42.494976633488797 ], [ -74.122571441896852, -42.494371006343101 ], [ -74.122427029630103, -42.494149220930154 ], [ -74.121985992758198, -42.493875678962453 ], [ -74.121322749515954, -42.493649925493024 ], [ -74.120586687040131, -42.493369609854355 ], [ -74.119995130255859, -42.493311074182486 ], [ -74.119328122174252, -42.493305991753225 ], [ -74.117704619419143, -42.492910744013628 ], [ -74.117113661811175, -42.492793608829722 ], [ -74.116522774271786, -42.492680966384178 ], [ -74.115934321166819, -42.492401755902463 ], [ -74.115577040517081, -42.491520939949943 ], [ -74.115210537762621, -42.491247944890198 ], [ -74.114399165923288, -42.491020961790106 ], [ -74.113956681865488, -42.490850998987909 ], [ -74.11269962886422, -42.49073317965582 ], [ -74.111514924379307, -42.490723991426385 ], [ -74.110035812331404, -42.490604419788539 ], [ -74.109370532608381, -42.490540791588231 ], [ -74.108407694032365, -42.490533305056104 ], [ -74.107959850625562, -42.490475733183523 ], [ -74.106854394616704, -42.490399603205098 ], [ -74.106490430501253, -42.490054559272615 ], [ -74.106126563403848, -42.489709435271628 ], [ -74.105459014536422, -42.48958725309312 ], [ -74.104934842178253, -42.48996591976109 ], [ -74.104337070848842, -42.490343962796352 ], [ -74.103968202830259, -42.490286978307488 ], [ -74.103602670256294, -42.489955490717762 ], [ -74.103836452317424, -42.489137704298138 ], [ -74.104285169784987, -42.488812561958454 ], [ -74.104366691897027, -42.488263830372787 ], [ -74.104074090846055, -42.488040893852947 ], [ -74.102963892630825, -42.487978138783781 ], [ -74.103043041393875, -42.487442936851203 ], [ -74.103497366145447, -42.486942168256178 ], [ -74.103652695637834, -42.486448035399427 ], [ -74.103363160536944, -42.486216110864596 ], [ -74.103062572564767, -42.4862813770727 ], [ -74.102616235632695, -42.486439952171452 ], [ -74.102243552469091, -42.486603647602131 ], [ -74.101427575865614, -42.486705334824244 ], [ -74.100904379976143, -42.487029954848936 ], [ -74.100527749615182, -42.48746824604752 ], [ -74.100073428456867, -42.488176168724095 ], [ -74.099255962446634, -42.488385878675714 ], [ -74.098439142325091, -42.488546067415726 ], [ -74.097624700044108, -42.488539688888373 ], [ -74.096884142398608, -42.488533844940562 ], [ -74.0956240126675, -42.488631990335278 ], [ -74.095326567002203, -42.488742231489333 ], [ -74.094061073430524, -42.489168936188506 ], [ -74.093464626217852, -42.489492951226282 ], [ -74.092567055637105, -42.490089244523865 ], [ -74.092042012811405, -42.490575862753303 ], [ -74.09040283086135, -42.491220291000694 ], [ -74.08921162347211, -42.491706175770155 ], [ -74.08750106138956, -42.49218787575802 ], [ -74.086086274105867, -42.492721438758181 ], [ -74.084074196989775, -42.493583486619976 ], [ -74.083329464873145, -42.493906226243823 ], [ -74.081908860998013, -42.494826966946768 ], [ -74.080940524732441, -42.495201965545803 ], [ -74.078343975844732, -42.495509766673806 ], [ -74.076931331042999, -42.495881165274369 ], [ -74.075593364089158, -42.496199078435239 ], [ -74.074555883597853, -42.496249270465952 ], [ -74.073964348373153, -42.496185921557988 ], [ -74.073300494276495, -42.496018471836848 ], [ -74.072120516726628, -42.495680177151499 ], [ -74.071454256043324, -42.495674780296952 ], [ -74.070564398397622, -42.495775691067372 ], [ -74.069523892380417, -42.495987854053418 ], [ -74.067894065485717, -42.496028632942334 ], [ -74.067304060091942, -42.495857283537603 ], [ -74.06671492786063, -42.495636332000039 ], [ -74.065976618698286, -42.495517717583454 ], [ -74.06472041999487, -42.495345344099903 ], [ -74.064202569979656, -42.49528716066434 ], [ -74.063314319419987, -42.495279898577166 ], [ -74.062573563246801, -42.495273840655244 ], [ -74.061834569568219, -42.495155228862899 ], [ -74.060285797661592, -42.494759758996011 ], [ -74.059841739755399, -42.4947020505927 ], [ -74.059174772097975, -42.494750672699638 ], [ -74.058581488751742, -42.494799790878403 ], [ -74.057767036589283, -42.494793053988261 ], [ -74.056068339454995, -42.494508959378308 ], [ -74.055179295682933, -42.494501594534128 ], [ -74.054439445011567, -42.494495517328176 ], [ -74.052880136764983, -42.494752812794786 ], [ -74.051469896753247, -42.494961831712303 ], [ -74.050729961640258, -42.494901674745051 ], [ -74.050212910227344, -42.494843318682541 ], [ -74.049250988831204, -42.494781306323141 ], [ -74.048141543404185, -42.494659571212559 ], [ -74.047475379738913, -42.494654029874525 ], [ -74.046809216971994, -42.494648484561843 ], [ -74.045993073281863, -42.494754281916066 ], [ -74.045187695002099, -42.494846544385986 ], [ -74.044591875711802, -42.495062232291396 ], [ -74.043404541858067, -42.495214408607957 ], [ -74.041331538304462, -42.495197139602887 ], [ -74.040295819409423, -42.495134469871843 ], [ -74.039329690304513, -42.495346987407117 ], [ -74.03836432566591, -42.495500977883921 ], [ -74.037769408284149, -42.49566260491715 ], [ -74.037398188476146, -42.495713553785457 ], [ -74.036576157227643, -42.496197444423309 ], [ -74.036349843759794, -42.496470191357091 ], [ -74.036048129300255, -42.496854968838363 ], [ -74.035598971658189, -42.497179791188898 ], [ -74.035221850817095, -42.497613467001457 ], [ -74.034994789052618, -42.497940229348679 ], [ -74.034108239902082, -42.497766207376969 ], [ -74.033741289786619, -42.497546952859139 ], [ -74.033374979271642, -42.497323242701746 ], [ -74.032336845705117, -42.497368505392835 ], [ -74.031294330156655, -42.497742440281087 ], [ -74.030919691360666, -42.498013961791806 ], [ -74.030399220959779, -42.498176108879917 ], [ -74.028988939625577, -42.49838035159226 ], [ -74.028542166112274, -42.498543157403937 ], [ -74.027348836902334, -42.499082403838372 ], [ -74.026978429171336, -42.499079296245895 ], [ -74.025718844717616, -42.49912258462421 ], [ -74.02475526862473, -42.49916841030641 ], [ -74.023865145976004, -42.499268893544432 ], [ -74.023045498856249, -42.49959062559298 ], [ -74.021853787512129, -42.500021697051267 ], [ -74.021107927111515, -42.500344082894046 ], [ -74.019941135033378, -42.500493416339864 ], [ -74.01990227571082, -42.50047491492311 ], [ -74.019830354792532, -42.50013114654346 ], [ -74.019835733904458, -42.499788113424515 ], [ -74.019455636944826, -42.499384568119488 ], [ -74.019306426776126, -42.499040136063748 ], [ -74.019158118515989, -42.498638581507464 ], [ -74.019243483620798, -42.49812462023413 ], [ -74.019254246336217, -42.497438480423519 ], [ -74.018954054521075, -42.49686408330961 ], [ -74.018264919137394, -42.496457875715038 ], [ -74.017887544073062, -42.495882733721835 ], [ -74.017742842548785, -42.495252388214951 ], [ -74.017449866900336, -42.494220558081366 ], [ -74.017304377553529, -42.493647403832249 ], [ -74.017398542554886, -42.492561632309844 ], [ -74.017649074602787, -42.491362867906751 ], [ -74.018448571612396, -42.489654204285131 ], [ -74.003359182611149, -42.489659224743953 ], [ -74.00256538271708, -42.489659448640879 ], [ -73.973374399387538, -42.489485703701924 ], [ -73.881530236904013, -42.48889055197111 ], [ -73.875900414170076, -42.488851699398445 ], [ -73.869407672469137, -42.48880588139199 ], [ -73.86892743311823, -42.488694093582531 ], [ -73.868891930799904, -42.488734768589296 ], [ -73.868141433295776, -42.489276726100726 ], [ -73.867317120326447, -42.489817913164416 ], [ -73.865677554795752, -42.490400502756721 ], [ -73.864560366789291, -42.490776757983426 ], [ -73.864103445906537, -42.491483648957697 ], [ -73.863794028393443, -42.492192081273551 ], [ -73.86348529449829, -42.492900409519663 ], [ -73.863328019254979, -42.493394237053394 ], [ -73.862943885266432, -42.494155849923466 ], [ -73.862641113489815, -42.494535648072159 ], [ -73.862185425993971, -42.4951345043145 ], [ -73.861213471314429, -42.495674182854231 ], [ -73.860094512728537, -42.496099810973099 ], [ -73.859425337012141, -42.496259828942236 ], [ -73.858822875578639, -42.496803104881877 ], [ -73.858219572423721, -42.497396050590247 ], [ -73.857838324722209, -42.497995561640018 ], [ -73.857529456079732, -42.498708453119434 ], [ -73.857142150139936, -42.499632142596653 ], [ -73.856687077091721, -42.500231026199067 ], [ -73.856088582618526, -42.500553819602686 ], [ -73.854904775550594, -42.500487932476823 ], [ -73.854168025863572, -42.500264397092558 ], [ -73.853284699868283, -42.49998085056162 ], [ -73.852172634055563, -42.500023846238292 ], [ -73.851575206780936, -42.500292509933843 ], [ -73.850387317768337, -42.500442697873488 ], [ -73.849423204482918, -42.500545547454728 ], [ -73.849122662324831, -42.50075868174622 ], [ -73.848163893117047, -42.500532943851681 ], [ -73.847649946281734, -42.500307073343663 ], [ -73.846685188904274, -42.500405501611944 ], [ -73.845865591191853, -42.500671899924903 ], [ -73.845040027767652, -42.501266968689194 ], [ -73.844358714913454, -42.502084111057513 ], [ -73.84397510913432, -42.502791725252564 ], [ -73.843586625503164, -42.50377390617075 ], [ -73.843346363893914, -42.504757552465968 ], [ -73.843034290062533, -42.50563250321121 ], [ -73.842647841115493, -42.506502195456854 ], [ -73.84234202494838, -42.50699439575326 ], [ -73.84196363658441, -42.507427347225232 ], [ -73.841360921825995, -42.507970618185574 ], [ -73.840537126286264, -42.508457530368013 ], [ -73.839862828376113, -42.508887515585933 ], [ -73.839191438312568, -42.509155410775065 ], [ -73.83867166230938, -42.509204107730767 ], [ -73.837931628381696, -42.509196630054987 ], [ -73.836376234993111, -42.509180865479884 ], [ -73.835783643349643, -42.509174806255871 ], [ -73.83533950729003, -42.50917035885125 ], [ -73.83428852152673, -42.509925118481732 ], [ -73.8336071951978, -42.510688211984807 ], [ -73.833445377174101, -42.511451982196469 ], [ -73.833134410965457, -42.512214312108192 ], [ -73.832379215272411, -42.512976611532338 ], [ -73.831996413485427, -42.513684226922308 ], [ -73.831385395598858, -42.514664119804415 ], [ -73.830635266404002, -42.515151757867926 ], [ -73.828475894327397, -42.515733063935023 ], [ -73.827505505411409, -42.516159992341592 ], [ -73.827484527952905, -42.516174965228004 ], [ -73.826906937276348, -42.516335795241915 ], [ -73.826488509203529, -42.516546397339809 ], [ -73.826209754784344, -42.516879803192069 ], [ -73.826020327040382, -42.517241667384042 ], [ -73.825642645650532, -42.517418390240799 ], [ -73.825211747164929, -42.51746873341623 ], [ -73.824505957015873, -42.517337736327754 ], [ -73.823850811187597, -42.517301067899616 ], [ -73.823218100783549, -42.517552855352946 ], [ -73.822941898478092, -42.517918375834022 ], [ -73.822728786651652, -42.518538485021381 ], [ -73.822373332276882, -42.519003814970375 ], [ -73.821921329670303, -42.519344516661903 ], [ -73.821517591747323, -42.519747495478249 ], [ -73.821287169385371, -42.520143236331812 ], [ -73.820878382930488, -42.520482112385913 ], [ -73.820156504853017, -42.52070556157323 ], [ -73.819513769250378, -42.520829126298146 ], [ -73.818931652861437, -42.521175374901233 ], [ -73.818522940068419, -42.521514165245854 ], [ -73.817659619554505, -42.522161740592715 ], [ -73.816985976516207, -42.522447450133505 ], [ -73.816133867875351, -42.522676360968021 ], [ -73.815496036175844, -42.522864009745938 ], [ -73.815166560180785, -42.52310305457344 ], [ -73.814656354828642, -42.523253241999619 ], [ -73.814085437736352, -42.523180738979953 ], [ -73.813502188571817, -42.522947971482388 ], [ -73.813082506450868, -42.522579688481052 ], [ -73.812672691424993, -42.522339614779298 ], [ -73.812195948317182, -42.522359682142714 ], [ -73.811719204311061, -42.522379747513448 ], [ -73.811025704013403, -42.522408931569714 ], [ -73.810709854562873, -42.522261366566013 ], [ -73.810437538369342, -42.522111967932993 ], [ -73.810198595486909, -42.521832539299375 ], [ -73.810041587941555, -42.521485350212167 ], [ -73.809631692067299, -42.521245268995017 ], [ -73.809068292975624, -42.521268968230721 ], [ -73.808751024186947, -42.521668337566297 ], [ -73.808614661723439, -42.522156494328378 ], [ -73.808169954335312, -42.522593379389491 ], [ -73.807565573202041, -42.522650950821628 ], [ -73.806686324659822, -42.522527136789343 ], [ -73.806202183027338, -42.522450947185462 ], [ -73.805691856402646, -42.522601097779287 ], [ -73.805068866668265, -42.522981077340638 ], [ -73.804435921803915, -42.523232845878731 ], [ -73.803538047592596, -42.52343135539239 ], [ -73.802770072466316, -42.523624474467852 ], [ -73.801773118570736, -42.52366634957216 ], [ -73.801095955034839, -42.523340918695006 ], [ -73.800907765169342, -42.523155882522687 ], [ -73.800298544811639, -42.523149232107805 ], [ -73.799699077462975, -42.523271017676691 ], [ -73.799145483482604, -42.523422808206881 ], [ -73.798606554499258, -42.52376714101247 ], [ -73.797730681825897, -42.524254163834875 ], [ -73.7973959273302, -42.524453165977704 ], [ -73.797400741401816, -42.524466035535703 ], [ -73.797400425194837, -42.524478601873 ], [ -73.79740526891085, -42.524492792211568 ], [ -73.797401646005298, -42.524509674433432 ], [ -73.797412660249009, -42.52453688856545 ], [ -73.797418831675003, -42.524549913687359 ], [ -73.797429235962625, -42.524561590878307 ], [ -73.797443963841715, -42.524570184913408 ], [ -73.797450847631737, -42.524576675623656 ], [ -73.797453561442197, -42.524590133715996 ], [ -73.797452256190098, -42.524604275699808 ], [ -73.797446065899479, -42.524631919458812 ], [ -73.797437993638326, -42.524650812939846 ], [ -73.797440827823067, -42.524665343531026 ], [ -73.797435602323034, -42.524678433506679 ], [ -73.797425218696688, -42.524689900805036 ], [ -73.797413259425298, -42.524700384301241 ], [ -73.797402537134062, -42.524711439141122 ], [ -73.797398545919251, -42.524725101114448 ], [ -73.797398135389173, -42.524739403944729 ], [ -73.79739560124176, -42.524742806857944 ], [ -73.797379350718259, -42.524749017505137 ], [ -73.797365139370484, -42.524757695594189 ], [ -73.797349011916182, -42.524764979415032 ], [ -73.79733111388245, -42.524777372236407 ], [ -73.797326625899302, -42.524788560795734 ], [ -73.797322352613492, -42.524833491778814 ], [ -73.79732707326032, -42.524846607538947 ], [ -73.797321994185694, -42.52487374869937 ], [ -73.797323957004593, -42.524901097067669 ], [ -73.797331239646596, -42.524913618960532 ], [ -73.797349823094891, -42.52493798149623 ], [ -73.797357105736893, -42.524950502719676 ], [ -73.797366953967341, -42.524962431412092 ], [ -73.797374236609357, -42.524974953954704 ], [ -73.797375836508891, -42.524988913127608 ], [ -73.797380679326565, -42.525003102688217 ], [ -73.79738212112261, -42.525023345961444 ], [ -73.797381156331994, -42.52503790029948 ], [ -73.797377721174342, -42.525051311287477 ], [ -73.797366156263379, -42.525077992901949 ], [ -73.797365412458319, -42.525081716224925 ], [ -73.797373931182165, -42.525094811409666 ], [ -73.797374640851231, -42.525098443369913 ], [ -73.79738891238614, -42.525095387385882 ], [ -73.79740087165753, -42.525084901969812 ], [ -73.797421786233983, -42.525076020017337 ], [ -73.797427869625082, -42.525080615249486 ], [ -73.797429041028209, -42.525085732170155 ], [ -73.797441885140145, -42.525095742240161 ], [ -73.797451732472297, -42.525107672228948 ], [ -73.79745802696749, -42.525121771062913 ], [ -73.797460738981314, -42.52513522837576 ], [ -73.797462849123917, -42.525176627784226 ], [ -73.79746556113777, -42.525190085085299 ], [ -73.797472844678097, -42.525202608244328 ], [ -73.797491181987994, -42.525224821022654 ], [ -73.797500998777394, -42.525233939964366 ], [ -73.797544926394806, -42.525288076288142 ], [ -73.797552211731769, -42.52530059876549 ], [ -73.797555261512144, -42.525314467828295 ], [ -73.797562545052472, -42.52532699030035 ], [ -73.79758236278596, -42.525351922028285 ], [ -73.797593539624728, -42.525362686117838 ], [ -73.797619007761341, -42.525393535793626 ], [ -73.797627525586876, -42.525406630912975 ], [ -73.797648580300489, -42.525432134610007 ], [ -73.797649873874505, -42.525438325989533 ], [ -73.797642300178353, -42.525451346951293 ], [ -73.797632934343198, -42.525464047484057 ], [ -73.797631636277615, -42.525468022358353 ], [ -73.797637251646435, -42.525481298198343 ], [ -73.797638885681948, -42.525487902684389 ], [ -73.797645366128407, -42.525498527060641 ], [ -73.797649160612167, -42.525508672782173 ], [ -73.797673734026773, -42.525539362834948 ], [ -73.797679904554457, -42.525552388409892 ], [ -73.797688300209103, -42.525564407024355 ], [ -73.797689284762654, -42.525572998935409 ], [ -73.797699928900457, -42.525596991135664 ], [ -73.797709466313833, -42.525611318261667 ], [ -73.797719436715155, -42.525624321312357 ], [ -73.797728320155002, -42.525650804071375 ], [ -73.797737612328305, -42.525662984203613 ], [ -73.797752090475726, -42.525679597984904 ], [ -73.797757247703785, -42.525681221957775 ], [ -73.797762160590082, -42.525680696963718 ], [ -73.797766977356645, -42.525681909150563 ], [ -73.797779267208028, -42.525692172022531 ], [ -73.797783312321755, -42.525694297155788 ], [ -73.797791151020931, -42.525706567978361 ], [ -73.797797322446911, -42.525719592856404 ], [ -73.797801634360297, -42.525747011030091 ], [ -73.797805690253796, -42.525755572462423 ], [ -73.797805312961358, -42.52577319515958 ], [ -73.797805873510114, -42.52578829814933 ], [ -73.797808609778457, -42.525811838097688 ], [ -73.797806692773662, -42.525824350539494 ], [ -73.797808849628652, -42.525838059273845 ], [ -73.797797501211662, -42.525864079180884 ], [ -73.797796196857874, -42.525878222200355 ], [ -73.797798838803118, -42.525906393698008 ], [ -73.797798987025146, -42.52592044402332 ], [ -73.797801698140674, -42.525933902488191 ], [ -73.797800950742371, -42.525947793919507 ], [ -73.797795655173758, -42.525975597295819 ], [ -73.797790767440304, -42.525989098118885 ], [ -73.797780723377102, -42.52600097696061 ], [ -73.797761412293454, -42.526013650900346 ], [ -73.797756184996814, -42.526026741917548 ], [ -73.797754689301854, -42.526054524073729 ], [ -73.797762528899341, -42.526066794825546 ], [ -73.797774753173726, -42.526081603140469 ], [ -73.797783553968557, -42.526089487931166 ], [ -73.797797510194812, -42.526098996020892 ], [ -73.797807357526963, -42.526110925156047 ], [ -73.797825385816395, -42.52613553548629 ], [ -73.797831556344093, -42.52614856093691 ], [ -73.797833034072738, -42.526161447358461 ], [ -73.797845932083575, -42.526187245350698 ], [ -73.797854451705732, -42.526200338979613 ], [ -73.797864855993353, -42.526212016524113 ], [ -73.797878471758125, -42.526221113474733 ], [ -73.797882734264149, -42.526222576560343 ], [ -73.797886902447061, -42.526225776811714 ], [ -73.797891622195564, -42.526238892941549 ], [ -73.797892725326733, -42.526258723370077 ], [ -73.797894880385101, -42.526272433333162 ], [ -73.797899044076431, -42.52628579970019 ], [ -73.797901755191972, -42.52629925742432 ], [ -73.797911047365261, -42.526311439416219 ], [ -73.797920953986221, -42.526328986485304 ], [ -73.797924748469981, -42.526339132071953 ], [ -73.79793159902232, -42.526352979719292 ], [ -73.797950739426099, -42.526377088798952 ], [ -73.797957466010942, -42.526389861966571 ], [ -73.79795808135691, -42.526395231012614 ], [ -73.797962801105413, -42.526408346444839 ], [ -73.797968972531422, -42.526421371838616 ], [ -73.797973692279911, -42.52643448858943 ], [ -73.79797730081242, -42.526448105168072 ], [ -73.797977757156588, -42.526459758171256 ], [ -73.797982841621092, -42.526486262423013 ], [ -73.797983136268499, -42.526514364795688 ], [ -73.797985293123503, -42.526528073378614 ], [ -73.797985135020014, -42.526534356009165 ], [ -73.797986857988718, -42.526549390626229 ], [ -73.797992473357567, -42.526562666236408 ], [ -73.797994968877418, -42.526576786588855 ], [ -73.798000584246267, -42.526590061531216 ], [ -73.798019722853397, -42.526614171181393 ], [ -73.798028120304679, -42.526626192239718 ], [ -73.798038836307697, -42.526638976610833 ], [ -73.798065536034571, -42.52666233682983 ], [ -73.798085034866133, -42.526665686676303 ], [ -73.798081159533993, -42.526675648165352 ], [ -73.798065921411819, -42.526683095282714 ], [ -73.798056429812533, -42.526694727719288 ], [ -73.798052097237928, -42.526707982113791 ], [ -73.798051905896742, -42.526721629085969 ], [ -73.798055514429265, -42.526735251560261 ], [ -73.798064469734314, -42.526747024336217 ], [ -73.798085843349881, -42.526770138903963 ], [ -73.798097579839052, -42.526780656476326 ], [ -73.798122723683861, -42.52680093624685 ], [ -73.798136348431768, -42.526810037083877 ], [ -73.798174657087088, -42.526827761435143 ], [ -73.798203695128649, -42.526846282195116 ], [ -73.798214443471011, -42.526858376031299 ], [ -73.798226181756831, -42.526868894250789 ], [ -73.798239032156957, -42.526878908007262 ], [ -73.798253212063727, -42.526887757264305 ], [ -73.7982687214771, -42.526895440698411 ], [ -73.798285775094456, -42.526901296949575 ], [ -73.798289822903143, -42.526903423365717 ], [ -73.798322544037362, -42.526910677807422 ], [ -73.798331411307529, -42.526914017710233 ], [ -73.7983500118238, -42.526918045454075 ], [ -73.798368677018772, -42.526917523780483 ], [ -73.798373279986279, -42.52691939995168 ], [ -73.79837151300012, -42.526932061788692 ], [ -73.798351017038598, -42.526949793387608 ], [ -73.79833327800668, -42.526953285553368 ], [ -73.79831507544408, -42.526955292803819 ], [ -73.798298478170892, -42.526961094101566 ], [ -73.798283240048718, -42.526968540522844 ], [ -73.798274087114294, -42.526980584021686 ], [ -73.798274511119118, -42.526999601252456 ], [ -73.798273329834501, -42.52701482310956 ], [ -73.798276383208162, -42.527028697087928 ], [ -73.798279100611907, -42.527031989318957 ], [ -73.798305358367656, -42.527051767196042 ], [ -73.798319537376102, -42.527060616428628 ], [ -73.798331274763598, -42.527071133290043 ], [ -73.798335441149888, -42.527084505444357 ], [ -73.798336533501285, -42.527124687430103 ], [ -73.798339679401394, -42.527136825567723 ], [ -73.798340014472984, -42.527147407294265 ], [ -73.798350447506706, -42.52717207414986 ], [ -73.79835671595076, -42.527183366217365 ], [ -73.798366936982063, -42.527198522489755 ], [ -73.798382223613245, -42.527217040491784 ], [ -73.798390190771499, -42.527230390768203 ], [ -73.798387650335883, -42.527243966790245 ], [ -73.798387797659586, -42.527258023434882 ], [ -73.798395640850345, -42.527270299908466 ], [ -73.798405494470686, -42.527282234116115 ], [ -73.798416118845566, -42.527293253412125 ], [ -73.79841960969874, -42.52729563270595 ], [ -73.798456753239122, -42.527298063637105 ], [ -73.798474457236736, -42.527301931147782 ], [ -73.798479371919655, -42.527301406829316 ], [ -73.798495652985864, -42.527308177289505 ], [ -73.798504702614039, -42.527318213484158 ], [ -73.798513100963632, -42.527330237717074 ], [ -73.798519276881208, -42.527343267552688 ], [ -73.79854849368752, -42.5273786576901 ], [ -73.798553957241054, -42.527388053040639 ], [ -73.798558772210981, -42.527399437089478 ], [ -73.798557926896294, -42.527425241852654 ], [ -73.7985482816851, -42.52743298811226 ], [ -73.798545529247079, -42.527437054881638 ], [ -73.79854913867787, -42.527450679185947 ], [ -73.79854805081807, -42.527464164463836 ], [ -73.79854835085537, -42.52748210709489 ], [ -73.798568896224239, -42.527490340591399 ], [ -73.798587252398761, -42.527492219393451 ], [ -73.798591514904771, -42.527493683773287 ], [ -73.798591324461938, -42.527507328587802 ], [ -73.798572678131592, -42.527531003601567 ], [ -73.798563456925194, -42.5275577662469 ], [ -73.798561961230249, -42.52758555963846 ], [ -73.798556176079828, -42.527598905864075 ], [ -73.798552745413744, -42.527602151061956 ], [ -73.798551656655619, -42.527615636307125 ], [ -73.798552360934806, -42.52762944196455 ], [ -73.798547772340328, -42.527660891630042 ], [ -73.79855222349255, -42.52765888043016 ], [ -73.798558954569003, -42.527671659955836 ], [ -73.798561666582842, -42.527685122677561 ], [ -73.798576796907156, -42.527709925695682 ], [ -73.798586649629186, -42.527721859819344 ], [ -73.798600056086514, -42.527731623197845 ], [ -73.798622419645497, -42.527753159823249 ], [ -73.798632488861514, -42.527764430601266 ], [ -73.798650620457209, -42.527777144566045 ], [ -73.7986547868435, -42.527790516569219 ], [ -73.798651690350724, -42.527804342710411 ], [ -73.798652300306799, -42.527819886109612 ], [ -73.798656472082968, -42.527823087603153 ], [ -73.798660922336893, -42.52782107773254 ], [ -73.798671335607665, -42.527822588445552 ], [ -73.798683629950645, -42.527832853613937 ], [ -73.798699911016854, -42.527839623354502 ], [ -73.79871740031713, -42.527844153506116 ], [ -73.798724135885124, -42.527846760511267 ], [ -73.798729389232903, -42.527846647969149 ], [ -73.798742239633029, -42.527856662230867 ], [ -73.79874841824558, -42.527859520800135 ], [ -73.798755705379165, -42.527872048720155 ], [ -73.798761792363521, -42.527876644408622 ], [ -73.79876627226183, -42.527877446105343 ], [ -73.798767537089759, -42.527880828987264 ], [ -73.798762529880349, -42.527883089758539 ], [ -73.798770408105398, -42.527888006522012 ], [ -73.798788950231184, -42.527886410411028 ], [ -73.798807954989329, -42.527886301841036 ], [ -73.798812434887665, -42.527887102875596 ], [ -73.798811751269739, -42.527896451146852 ], [ -73.798799785710145, -42.527906939401042 ], [ -73.798784888947779, -42.527914798804929 ], [ -73.79877449993154, -42.527926269481291 ], [ -73.798765346098762, -42.527938312133493 ], [ -73.798750069349055, -42.527963290484067 ], [ -73.798748987777458, -42.527966605174164 ], [ -73.798751827352064, -42.527970971137833 ], [ -73.798756091654724, -42.527972434844465 ], [ -73.798774047180629, -42.527968280062474 ], [ -73.79879030489063, -42.527962067087294 ], [ -73.798806438633136, -42.527954779667134 ], [ -73.79882405549418, -42.527950213112923 ], [ -73.798847014636209, -42.527953967379268 ], [ -73.798875458891345, -42.527990271407766 ], [ -73.798880180436498, -42.528003391139215 ], [ -73.798888022728931, -42.528015667466306 ], [ -73.798894137561064, -42.528023074703263 ], [ -73.798915082680224, -42.528037343677966 ], [ -73.798926423012361, -42.528041825488508 ], [ -73.798943876380022, -42.528053715194041 ], [ -73.79895574222661, -42.528055135868073 ], [ -73.798959975986563, -42.528053788015178 ], [ -73.798969214260936, -42.528060350522587 ], [ -73.798973377952265, -42.528073722465145 ], [ -73.798978806471538, -42.528100649056377 ], [ -73.798986648763972, -42.528112925364333 ], [ -73.798993502909582, -42.528126779238562 ], [ -73.79899331606002, -42.52813025346429 ], [ -73.798996192465552, -42.528127257871411 ], [ -73.799008858711062, -42.528130575862896 ], [ -73.799016701901792, -42.528142852165004 ], [ -73.799019416610577, -42.528156315447148 ], [ -73.79902926843431, -42.528168248823505 ], [ -73.799051075037823, -42.52819003686168 ], [ -73.799060775046271, -42.528198085564455 ], [ -73.799064383578767, -42.528211708378763 ], [ -73.799064193135919, -42.528225353698424 ], [ -73.799065793035453, -42.528239319427108 ], [ -73.799065970901879, -42.528256187396352 ], [ -73.799071435353738, -42.528265582614907 ], [ -73.799096916066773, -42.528296446083282 ], [ -73.799102380518647, -42.52830584129579 ], [ -73.799128978735908, -42.52832603053821 ], [ -73.799143159540975, -42.528334879590261 ], [ -73.799145876944706, -42.528338172414401 ], [ -73.799151518364695, -42.52833833857823 ], [ -73.799164666107202, -42.528338725852493 ], [ -73.799183360048247, -42.528341017721523 ], [ -73.799187623452596, -42.528342479433462 ], [ -73.799190928354534, -42.528348331576908 ], [ -73.799187491400247, -42.528361748474296 ], [ -73.799176136695053, -42.528387778584246 ], [ -73.799167881177596, -42.528399982015067 ], [ -73.799149971465781, -42.528419092156604 ], [ -73.799146766276834, -42.528422512743553 ], [ -73.799137612444099, -42.528434556624134 ], [ -73.799131486832167, -42.528447491562552 ], [ -73.799122334796053, -42.528459535438252 ], [ -73.799116210082445, -42.528472470371533 ], [ -73.799114930881487, -42.528499601350575 ], [ -73.799116191217834, -42.528513154588545 ], [ -73.799121061883298, -42.528540333214302 ], [ -73.799119973125173, -42.52855381759494 ], [ -73.79911598011374, -42.528567484686008 ], [ -73.799113440576434, -42.528581061741477 ], [ -73.799106011509039, -42.528608144347025 ], [ -73.799106159731053, -42.528622200684701 ], [ -73.799117834236483, -42.528637266575451 ], [ -73.799116623307484, -42.528649677826763 ], [ -73.799105894728044, -42.528660737263813 ], [ -73.799096741793619, -42.528672781098422 ], [ -73.799098853732843, -42.528714198022634 ], [ -73.799103021017444, -42.528727569825207 ], [ -73.799109751195545, -42.528740348470251 ], [ -73.799112808162477, -42.528744051714874 ], [ -73.799129524911592, -42.528749496026904 ], [ -73.799142068986214, -42.528751738892694 ], [ -73.799143577257581, -42.528752837155452 ], [ -73.799145899402589, -42.528754527910714 ], [ -73.79914950973172, -42.528768151927707 ], [ -73.799154852911016, -42.528776473301036 ], [ -73.799185870839466, -42.528791841689703 ], [ -73.799196002937563, -42.528798563000144 ], [ -73.799214142618098, -42.528801104427224 ], [ -73.799219056402706, -42.52880058144536 ], [ -73.799226595064567, -42.528805085047225 ], [ -73.799235950119936, -42.528822892906653 ], [ -73.799234866751704, -42.52882620622718 ], [ -73.799243822955091, -42.528837979933101 ], [ -73.799257447702999, -42.528847080473319 ], [ -73.799269741147654, -42.528857345473313 ], [ -73.799331902768685, -42.528889155311383 ], [ -73.799345866181469, -42.528898666946965 ], [ -73.799350470047301, -42.528900542396656 ], [ -73.799357757180886, -42.52891307076986 ], [ -73.79935966430422, -42.528934807574217 ], [ -73.799357305328286, -42.528955081349395 ], [ -73.799352973651992, -42.528968335264295 ], [ -73.799350993765103, -42.528971489696978 ], [ -73.799334859124286, -42.5289787769985 ], [ -73.799317923186237, -42.52898416634406 ], [ -73.799301231589936, -42.528991705204241 ], [ -73.799247943527291, -42.529016902917597 ], [ -73.799239687111509, -42.529029106225543 ], [ -73.799241338215012, -42.529069036724579 ], [ -73.799242562618744, -42.529089951271523 ], [ -73.799240022183113, -42.52910352755142 ], [ -73.799235689608494, -42.529116783420839 ], [ -73.799237847361795, -42.529130497390632 ], [ -73.799248473533297, -42.529141517684621 ], [ -73.799268247249344, -42.52915066584454 ], [ -73.799287035513515, -42.529151217289417 ], [ -73.799324365903459, -42.529150175965562 ], [ -73.799333789230786, -42.529153264189169 ], [ -73.799343859345129, -42.529164535376566 ], [ -73.79934938847569, -42.529169381867369 ], [ -73.799354209733835, -42.529170594648491 ], [ -73.799363549517835, -42.529180634515889 ], [ -73.799370622852379, -42.52919186333046 ], [ -73.799373489376464, -42.529194527211203 ], [ -73.79939050706119, -42.529198008659513 ], [ -73.799406673143039, -42.529203006083286 ], [ -73.799424007034773, -42.529207332240638 ], [ -73.799429172347658, -42.529207687733575 ], [ -73.799444163433108, -42.529215543663817 ], [ -73.799456765898242, -42.529225254511054 ], [ -73.799467620241813, -42.529236317818182 ], [ -73.799504567949455, -42.529283500364905 ], [ -73.799532285467549, -42.529318461091094 ], [ -73.799544540284643, -42.529328327491577 ], [ -73.799555711733518, -42.529338967102589 ], [ -73.799565453064474, -42.5293490691706 ], [ -73.799593807488094, -42.52936621156865 ], [ -73.79959689499772, -42.529368791368412 ], [ -73.799606719871974, -42.529409181075494 ], [ -73.799611923812435, -42.529436743930809 ], [ -73.799618092543483, -42.529449762073149 ], [ -73.799621143222183, -42.529463622932795 ], [ -73.799628910954439, -42.52949059261654 ], [ -73.799632703641564, -42.529500731731751 ], [ -73.799634691613306, -42.529541034632238 ], [ -73.799640978921971, -42.529565288120224 ], [ -73.79964477160911, -42.529575427885312 ], [ -73.799645938520655, -42.52959070406024 ], [ -73.799620906965274, -42.529642646734175 ], [ -73.799607718798583, -42.529652554127075 ], [ -73.799597340562102, -42.52966401455442 ], [ -73.799592456421891, -42.529677509284383 ], [ -73.799596619214938, -42.5296908683029 ], [ -73.799603900060305, -42.52970338393974 ], [ -73.799624172341325, -42.529729956324445 ], [ -73.799716939564078, -42.529788961012386 ], [ -73.799588974551867, -42.530004181482951 ], [ -73.799576519410437, -42.530030690188731 ], [ -73.799572191327414, -42.530043933945578 ], [ -73.799573450765436, -42.530057473608736 ], [ -73.799577612660144, -42.530070833207951 ], [ -73.799584337448366, -42.530083600324403 ], [ -73.799614422925529, -42.530119116011001 ], [ -73.799629361908714, -42.530127043321336 ], [ -73.799646402051337, -42.530132893311617 ], [ -73.799668567082662, -42.530137556356529 ], [ -73.799680293690386, -42.530148064094107 ], [ -73.799690816555625, -42.53016080802518 ], [ -73.799702751572482, -42.530190976132118 ], [ -73.799704999157328, -42.530202941557171 ], [ -73.799711660165158, -42.530220251865664 ], [ -73.7997143712807, -42.53023370212231 ], [ -73.799714666826418, -42.53026178956938 ], [ -73.799718828721126, -42.530275149124904 ], [ -73.799728115504536, -42.530287321735614 ], [ -73.799749347186278, -42.530309340067909 ], [ -73.799759190026847, -42.530321261779164 ], [ -73.799765358757895, -42.530334279075149 ], [ -73.799767601851173, -42.530356405956567 ], [ -73.799774882696539, -42.530368922122065 ], [ -73.799787728605111, -42.530394470794135 ], [ -73.799790640044947, -42.530423028840374 ], [ -73.799798477845783, -42.530435295424134 ], [ -73.7998175508759, -42.530458857452764 ], [ -73.799831442423454, -42.530467826021898 ], [ -73.799848098087153, -42.530474132749653 ], [ -73.799866161410876, -42.530476135915073 ], [ -73.799884826605847, -42.530477019664481 ], [ -73.799922006977127, -42.530469823891643 ], [ -73.799955176370688, -42.530458229891209 ], [ -73.799989472251625, -42.530447538174037 ], [ -73.800007907477863, -42.530447679176802 ], [ -73.800026139684874, -42.530449888220375 ], [ -73.800043615510432, -42.530454414210773 ], [ -73.800059112347384, -42.530462091248332 ], [ -73.800072958080847, -42.530471927678875 ], [ -73.800083637252953, -42.530483474675854 ], [ -73.800091195677751, -42.530495866362813 ], [ -73.800094185271035, -42.530509192769046 ], [ -73.800092990511686, -42.530522998448966 ], [ -73.800093525009288, -42.530536587657053 ], [ -73.800096962861886, -42.530549994816624 ], [ -73.800099929098948, -42.530577161964395 ], [ -73.800106206526152, -42.530589850201288 ], [ -73.800116716814969, -42.530601192623635 ], [ -73.800139402869164, -42.530623122139552 ], [ -73.80014935620251, -42.530634715447441 ], [ -73.800160805230803, -42.53064534821609 ], [ -73.80017420090833, -42.530655102531895 ], [ -73.800189140789826, -42.530663029112226 ], [ -73.800206951686945, -42.530667965516393 ], [ -73.800260914384367, -42.530679715043767 ], [ -73.800277398469845, -42.530685816535595 ], [ -73.800294655106455, -42.53069100449121 ], [ -73.800308267277956, -42.530700096155719 ], [ -73.800320549942839, -42.53071035224545 ], [ -73.800330948840582, -42.530722022326991 ], [ -73.800361743986812, -42.530761170605594 ], [ -73.800379792937491, -42.530788575312762 ], [ -73.800405372465221, -42.530820481478514 ], [ -73.800412098151753, -42.530833247779725 ], [ -73.80041271259941, -42.530838614457927 ], [ -73.800419344861155, -42.530853115806629 ], [ -73.800426704758266, -42.530894379691688 ], [ -73.800427193441791, -42.530908833364848 ], [ -73.800426594265488, -42.53093676097123 ], [ -73.800432355161419, -42.530964073586247 ], [ -73.800437413574784, -42.530977592528558 ], [ -73.800462216958067, -42.531020573504478 ], [ -73.800465864118138, -42.531064018497631 ], [ -73.800458245506206, -42.531091866597272 ], [ -73.800455913479723, -42.531105353736983 ], [ -73.800455469711977, -42.531119045424909 ], [ -73.800460723958082, -42.531132002976669 ], [ -73.800467720037503, -42.531144524944516 ], [ -73.800476122878678, -42.531156553074737 ], [ -73.800485863311309, -42.5311681191425 ], [ -73.800510125908815, -42.531188596743725 ], [ -73.800524821448548, -42.531196794004913 ], [ -73.800557352139933, -42.531209935570104 ], [ -73.800575727179066, -42.531210324812442 ], [ -73.80059322276756, -42.531205603593641 ], [ -73.800626787419816, -42.531193621149285 ], [ -73.800642935535379, -42.531187035139872 ], [ -73.800689567081776, -42.531165196512838 ], [ -73.80070706985677, -42.531161176324595 ], [ -73.80072053829781, -42.531165225639825 ], [ -73.800738257566792, -42.531171897046619 ], [ -73.800770576255772, -42.531186085202769 ], [ -73.800795822508519, -42.531207419396175 ], [ -73.800819400589774, -42.531229505587689 ], [ -73.800829460822641, -42.531240765808811 ], [ -73.8008368701271, -42.53124419286101 ], [ -73.800839583937588, -42.531247482221929 ], [ -73.800851499191509, -42.531254517044964 ], [ -73.800865385349169, -42.531268564181396 ], [ -73.800901090686764, -42.53130718650867 ], [ -73.800964659069535, -42.531382327997015 ], [ -73.800976508746444, -42.531393907924461 ], [ -73.800988329677267, -42.531402678428847 ], [ -73.801005489295832, -42.531419762671504 ], [ -73.8010287278139, -42.531441439687789 ], [ -73.801039251577478, -42.531454183354981 ], [ -73.801052090299507, -42.531464187770673 ], [ -73.8010681404987, -42.531471613795979 ], [ -73.80108230962567, -42.531480453796732 ], [ -73.801099812400651, -42.531487787805688 ], [ -73.80110888807998, -42.531490462180081 ], [ -73.801115062200921, -42.531493317273203 ], [ -73.801124136083615, -42.531495991647368 ], [ -73.801142659344762, -42.531504558911486 ], [ -73.801158060960319, -42.531513971514784 ], [ -73.801164234182949, -42.531516826606811 ], [ -73.801173310760589, -42.531519499656007 ], [ -73.801180719166737, -42.531522926692936 ], [ -73.801202849163758, -42.53153494283476 ], [ -73.801251220746849, -42.531556556923618 ], [ -73.801267704832313, -42.531562657005828 ], [ -73.801331355860086, -42.531592607970595 ], [ -73.801349167655559, -42.53159754496329 ], [ -73.801371672250042, -42.531602619645867 ], [ -73.80138939151901, -42.53160929100595 ], [ -73.801407082041905, -42.531613154939798 ], [ -73.801425635845789, -42.53161436965943 ], [ -73.801452681424053, -42.531615698900225 ], [ -73.801470989987848, -42.53161476949083 ], [ -73.801489269805558, -42.53161102802197 ], [ -73.801503781190675, -42.531610117809684 ], [ -73.801513507250263, -42.531610804937202 ], [ -73.801520761146165, -42.531610348838129 ], [ -73.801538484906729, -42.531606860904539 ], [ -73.801556794368864, -42.531605927523138 ], [ -73.801619286569903, -42.531600278910517 ], [ -73.801639169880403, -42.531600329882416 ], [ -73.801665998964666, -42.531602323744103 ], [ -73.80171711130771, -42.531608519145905 ], [ -73.801732992623627, -42.531610444162176 ], [ -73.801767752035232, -42.531622966034128 ], [ -73.801803376524433, -42.531632839352262 ], [ -73.801854929940276, -42.531649063630105 ], [ -73.801872960026358, -42.531653337984238 ], [ -73.801891854291725, -42.531654963787737 ], [ -73.80190997690427, -42.531657502450706 ], [ -73.801926244495732, -42.531664265157055 ], [ -73.801945630139571, -42.531670183848441 ], [ -73.80199600855903, -42.531691454327166 ], [ -73.802030954820211, -42.531700505465764 ], [ -73.802053337243819, -42.531704506422109 ], [ -73.802073221452645, -42.531704557393937 ], [ -73.802129226020725, -42.531708611307707 ], [ -73.802145493612187, -42.53171537334655 ], [ -73.80215966094255, -42.53172421397479 ], [ -73.802171943607433, -42.531734469896328 ], [ -73.802188767256069, -42.531740981045282 ], [ -73.802207012937799, -42.531744592759978 ], [ -73.802225352942642, -42.531746469448173 ], [ -73.802267567472796, -42.531751760583191 ], [ -73.802287031270055, -42.531756997436169 ], [ -73.802306505847099, -42.531761604754273 ], [ -73.802326843705131, -42.531765591143348 ], [ -73.802346321875433, -42.531770199122803 ], [ -73.802362442143206, -42.531772254542346 ], [ -73.802383704367656, -42.531772476964541 ], [ -73.802396472122794, -42.531771981148403 ], [ -73.802411791093348, -42.531771513134977 ], [ -73.802436515424901, -42.531768625618 ], [ -73.802462123698703, -42.531763860089335 ], [ -73.802506085452094, -42.531748560614943 ], [ -73.802544258461751, -42.531736196979303 ], [ -73.8025624161086, -42.531731383786237 ], [ -73.80265303815446, -42.531713592643293 ], [ -73.802673015788073, -42.531711907263883 ], [ -73.802710095548051, -42.531711527954215 ], [ -73.802728989813431, -42.531713153756215 ], [ -73.802741945316441, -42.531712913460545 ], [ -73.802903496540509, -42.531815656646557 ], [ -73.802908288154242, -42.531879301758025 ], [ -73.802901054919559, -42.531888166193966 ], [ -73.802886150970693, -42.531896028406749 ], [ -73.802870009143362, -42.531903318676939 ], [ -73.802853745145129, -42.531909534569941 ], [ -73.802820196662523, -42.531920731119406 ], [ -73.802802109982608, -42.531923814572288 ], [ -73.802766861887491, -42.531932952395145 ], [ -73.802715466575137, -42.531948528527423 ], [ -73.802699763125659, -42.531955693017366 ], [ -73.802684999313968, -42.531964340978675 ], [ -73.802639325371658, -42.531987800487343 ], [ -73.802625192177288, -42.531996518612857 ], [ -73.80261253042336, -42.532006554716183 ], [ -73.802580818097198, -42.532021089554092 ], [ -73.802534044616976, -42.532043912890224 ], [ -73.802524241302294, -42.532055557567837 ], [ -73.802519691335362, -42.532068931302987 ], [ -73.802519849438852, -42.532082443386514 ], [ -73.802529203595924, -42.532109063744699 ], [ -73.802526876061023, -42.532136538690949 ], [ -73.802522314415995, -42.532149954112668 ], [ -73.802520148577855, -42.532163666092579 ], [ -73.802516597537533, -42.532177262887302 ], [ -73.802494862799222, -42.53219924679307 ], [ -73.802480770927389, -42.532208017184388 ], [ -73.802451275643335, -42.532224310157304 ], [ -73.802441007899645, -42.532235739662376 ], [ -73.802438981300355, -42.532256228828963 ], [ -73.802435569498911, -42.532290725177454 ], [ -73.802436738207092, -42.532304594012253 ], [ -73.802443033600611, -42.532317316320437 ], [ -73.802450585737191, -42.532329821501527 ], [ -73.802459559906879, -42.532341616391847 ], [ -73.802478952737232, -42.532352251517793 ], [ -73.802494104621132, -42.532360588300804 ], [ -73.802513996016472, -42.532368780112456 ], [ -73.802548439221098, -42.532386467140405 ], [ -73.802554783123639, -42.532390161563306 ], [ -73.802573987307767, -42.532401856485642 ], [ -73.80261750080183, -42.532429263120811 ], [ -73.802639739494992, -42.532440118665789 ], [ -73.802644687415579, -42.532440797840621 ], [ -73.802796214339395, -42.532709228207111 ], [ -73.802897408657827, -42.532888493588473 ], [ -73.803057463288638, -42.533261114508896 ], [ -73.80304931916227, -42.533688710209006 ], [ -73.80303693768272, -42.534332506752285 ] ] ], [ [ [ -73.755470079783294, -42.576635905315172 ], [ -73.755452723433692, -42.576640418696485 ], [ -73.755434521769402, -42.576644063534467 ], [ -73.755376631637546, -42.576652004120795 ], [ -73.755286610564596, -42.576662846684194 ], [ -73.755269462624128, -42.576668302032168 ], [ -73.755252105376215, -42.576672815411136 ], [ -73.755133459486757, -42.576687589233508 ], [ -73.755119740415736, -42.576687789004886 ], [ -73.755010032763352, -42.576701485910746 ], [ -73.754988207295199, -42.5767065357593 ], [ -73.754971059354745, -42.57671199308794 ], [ -73.754954965138126, -42.576719258941473 ], [ -73.754928496278268, -42.576738916563727 ], [ -73.75491706521629, -42.576749495837447 ], [ -73.754903303026126, -42.576758418728751 ], [ -73.754890492151858, -42.576768680482132 ], [ -73.754876091259533, -42.576777681426947 ], [ -73.754834251326869, -42.576787079266616 ], [ -73.754796257980232, -42.576793108118565 ], [ -73.754759331832176, -42.576798040213845 ], [ -73.754739435945254, -42.57679995126837 ], [ -73.754720608155225, -42.576800766228281 ], [ -73.754702433440386, -42.576798595868354 ], [ -73.754683933535418, -42.576797917837553 ], [ -73.754665446206886, -42.576794331881537 ], [ -73.754647273288683, -42.576792160859895 ], [ -73.754637606517903, -42.576789933611238 ], [ -73.75461159040897, -42.576781926893091 ], [ -73.754603306145427, -42.576780017161013 ], [ -73.754585131430602, -42.576777848123356 ], [ -73.754570786233813, -42.576775215378554 ], [ -73.754551961138731, -42.576776030338777 ], [ -73.754477796228869, -42.576784477612399 ], [ -73.754441079388258, -42.576790352336637 ], [ -73.754422563313625, -42.576792582231256 ], [ -73.754405206964023, -42.576797094278234 ], [ -73.754376941473623, -42.576814545134496 ], [ -73.754359481817744, -42.576818586196694 ], [ -73.75432258351745, -42.576817700457255 ], [ -73.754267066734585, -42.576818574951297 ], [ -73.754211001979371, -42.576822904424283 ], [ -73.754192591007637, -42.57682560596237 ], [ -73.754175726934804, -42.576838293399618 ], [ -73.754168648210367, -42.576850772464077 ], [ -73.754159443173648, -42.576862535790831 ], [ -73.754135285679027, -42.576865929910063 ], [ -73.754116667196456, -42.576867686834703 ], [ -73.754097472893775, -42.576878718547469 ], [ -73.754083917316137, -42.576888585370057 ], [ -73.754076836795065, -42.576901063101474 ], [ -73.754057243640403, -42.576928126070435 ], [ -73.754051649831126, -42.576941393615257 ], [ -73.754055592536901, -42.576983059654331 ], [ -73.754061627418977, -42.577010426873677 ], [ -73.754065920467738, -42.577023956351425 ], [ -73.754066383998421, -42.577037948869879 ], [ -73.754059407681936, -42.577050898214303 ], [ -73.754026807820267, -42.577084370960605 ], [ -73.754014738056114, -42.577095028231554 ], [ -73.753999596951985, -42.577103632896637 ], [ -73.753986680974833, -42.577113422289273 ], [ -73.753972175877934, -42.577121951541955 ], [ -73.753953662498262, -42.577124181424715 ], [ -73.75393536920582, -42.577124446020733 ], [ -73.753917090286407, -42.577121802706728 ], [ -73.753899138353759, -42.577117667732566 ], [ -73.75386526557935, -42.577106732639628 ], [ -73.753846780047425, -42.577103145378338 ], [ -73.753816546348219, -42.577087895381361 ], [ -73.753799025606924, -42.577082739725228 ], [ -73.753762691448628, -42.577075490451314 ], [ -73.753749443993144, -42.577065945142735 ], [ -73.753749355059924, -42.577062564264175 ], [ -73.753741631345122, -42.577054291661774 ], [ -73.753736954715748, -42.577053886167974 ], [ -73.753718231130279, -42.57705517342891 ], [ -73.753714920838448, -42.577057993363752 ], [ -73.753714255186807, -42.577063886583957 ], [ -73.753716259328229, -42.577067035279228 ], [ -73.753714079117032, -42.577077953841879 ], [ -73.753709921713906, -42.577079907884681 ], [ -73.753691511640454, -42.57708260941164 ], [ -73.753673114143453, -42.577082403026616 ], [ -73.753636231114498, -42.57707861004041 ], [ -73.753617938720382, -42.577078875298106 ], [ -73.753600685677029, -42.577083858967001 ], [ -73.753595800638521, -42.577082510188056 ], [ -73.753588329350293, -42.577066457136439 ], [ -73.75358722711745, -42.577052542680306 ], [ -73.753584048877968, -42.577050018431606 ], [ -73.75356139067155, -42.577051293785743 ], [ -73.753549023565057, -42.577057627559405 ], [ -73.753536211792465, -42.577067888602073 ], [ -73.753534803234089, -42.577073386911501 ], [ -73.753539559813532, -42.577100907556961 ], [ -73.753525560468148, -42.577114703595598 ], [ -73.753512747797245, -42.577124964628851 ], [ -73.753506411979558, -42.577137837883846 ], [ -73.753513868894714, -42.577156798825591 ], [ -73.753525407754537, -42.577167518925684 ], [ -73.753529062999419, -42.577181125102129 ], [ -73.753523467393521, -42.577194393916095 ], [ -73.753518983901941, -42.57719784027492 ], [ -73.753508296645009, -42.577208813718279 ], [ -73.753480876469268, -42.577227131671222 ], [ -73.753471034527024, -42.577238972982684 ], [ -73.753463954005952, -42.577251451305408 ], [ -73.753458358400039, -42.577264718781436 ], [ -73.753460738037234, -42.577278478401986 ], [ -73.753457799647933, -42.57729191124433 ], [ -73.753452843642521, -42.577305101979121 ], [ -73.753435921179189, -42.577329422244404 ], [ -73.753429584463177, -42.577342292811252 ], [ -73.753424627559454, -42.57735548485838 ], [ -73.753422152700836, -42.577382907479198 ], [ -73.75341995901492, -42.577396735206847 ], [ -73.753398855792256, -42.577449650844017 ], [ -73.753391775271183, -42.577462129124605 ], [ -73.753386921673709, -42.577475792124588 ], [ -73.753385366689955, -42.577489541776259 ], [ -73.753386467126163, -42.577503456796371 ], [ -73.753389484567222, -42.577517139631901 ], [ -73.75339377851428, -42.577530670322687 ], [ -73.753401798673124, -42.57754326699299 ], [ -73.753432362952353, -42.57757785209305 ], [ -73.753442195013136, -42.577589746918186 ], [ -73.753453200273682, -42.577601014653354 ], [ -73.753463031436141, -42.577612909474084 ], [ -73.753476812490916, -42.577621905005159 ], [ -73.75349466021899, -42.577625568307305 ], [ -73.753513056817695, -42.577625774690553 ], [ -73.753529940653451, -42.577631008356917 ], [ -73.753539947885713, -42.577637541178547 ], [ -73.753543721708226, -42.57764000520838 ], [ -73.753567660912239, -42.577659402577055 ], [ -73.753579303976636, -42.577670594890435 ], [ -73.753588705744392, -42.577683510367805 ], [ -73.753629471292001, -42.577719773574138 ], [ -73.75364538943883, -42.577726574948784 ], [ -73.75366389114042, -42.577727254292412 ], [ -73.753681350796285, -42.577723213289069 ], [ -73.753698602941313, -42.577718229009768 ], [ -73.753716807300549, -42.577714584234606 ], [ -73.753735424884823, -42.577712826010846 ], [ -73.753754892275325, -42.577711934992273 ], [ -73.753774239291602, -42.577713480879751 ], [ -73.753828837996252, -42.577726281250051 ], [ -73.753847652311563, -42.577728373522632 ], [ -73.753870443468628, -42.577721754056178 ], [ -73.753889894689493, -42.577723771581269 ], [ -73.753942889901353, -42.577738217720352 ], [ -73.753959342545798, -42.577744470723218 ], [ -73.753998766010355, -42.577750863959977 ], [ -73.754017593800384, -42.577750050335467 ], [ -73.754036212282983, -42.577748292112702 ], [ -73.754073333365454, -42.577747211910356 ], [ -73.754092055154288, -42.577745926648156 ], [ -73.754108150269232, -42.577738659591276 ], [ -73.754125090698864, -42.577732260399962 ], [ -73.7541436058752, -42.577730030538952 ], [ -73.7541618084378, -42.577726385102977 ], [ -73.754177694245257, -42.577718175429581 ], [ -73.754194634674903, -42.577711775574677 ], [ -73.754212837237503, -42.57770813013763 ], [ -73.754228930555811, -42.577700864399304 ], [ -73.754257199639497, -42.577683411806639 ], [ -73.754291599724965, -42.577672972926031 ], [ -73.754304514803835, -42.577663182298245 ], [ -73.754319866113718, -42.577655521648538 ], [ -73.754338486392939, -42.577653764084602 ], [ -73.754356765312323, -42.577656406053116 ], [ -73.754375473626439, -42.577658027351191 ], [ -73.754412712388216, -42.577654512223432 ], [ -73.754428909911113, -42.577647717455768 ], [ -73.754449710401502, -42.577635041428437 ], [ -73.754467066751118, -42.577630528780588 ], [ -73.754505699698228, -42.577624421292903 ], [ -73.754524334350478, -42.57761975650282 ], [ -73.754555495111063, -42.577597597422169 ], [ -73.754577614328298, -42.577576042931085 ], [ -73.754583207239236, -42.577562774859835 ], [ -73.754593154284393, -42.577551405248983 ], [ -73.754597949491384, -42.577549373827132 ], [ -73.754616256258558, -42.577546200681262 ], [ -73.754653286611202, -42.577541740284353 ], [ -73.754670748063702, -42.577537701253462 ], [ -73.754722726382667, -42.57752078441861 ], [ -73.754735539053556, -42.577510523450471 ], [ -73.754750785260569, -42.577502389819536 ], [ -73.754759224034331, -42.57749599324989 ], [ -73.754763701237707, -42.577492599164955 ], [ -73.754775132299699, -42.577482019355855 ], [ -73.754774300459758, -42.577478244915561 ], [ -73.754784822426672, -42.577457602573048 ], [ -73.754794172092147, -42.57743758599009 ], [ -73.75481250311384, -42.577407768149016 ], [ -73.754815974204107, -42.577393786958815 ], [ -73.754813770636716, -42.577365958189489 ], [ -73.75481468871493, -42.577352285904603 ], [ -73.754822406141543, -42.577339731530948 ], [ -73.754828002645752, -42.577326464070879 ], [ -73.754830195433371, -42.577312636327676 ], [ -73.754839711287161, -42.577302286685878 ], [ -73.754879631520069, -42.577272291501195 ], [ -73.754925783366119, -42.57722895076563 ], [ -73.754935730411262, -42.57721758175542 ], [ -73.75494419074461, -42.577205421602159 ], [ -73.754967585569545, -42.577183713510017 ], [ -73.754975943494941, -42.577171081708123 ], [ -73.754985144938388, -42.577159316455102 ], [ -73.754998457970913, -42.577133493879977 ], [ -73.755002511169494, -42.577131068858016 ], [ -73.755013200223047, -42.577120093416539 ], [ -73.755018156228459, -42.577106902642591 ], [ -73.755021093719449, -42.57709347108338 ], [ -73.755034510058209, -42.577068120123784 ], [ -73.755046683128626, -42.577057934491073 ], [ -73.755060444420465, -42.577049012965603 ], [ -73.755076747046246, -42.577042689774963 ], [ -73.755133071414548, -42.577006843575809 ], [ -73.755144502476554, -42.576996262361284 ], [ -73.755157314249132, -42.576986001306842 ], [ -73.755173407567455, -42.576978735484374 ], [ -73.755203902676399, -42.576962467421261 ], [ -73.755222846349099, -42.576959217512496 ], [ -73.755240737196303, -42.576954156439029 ], [ -73.755295554191562, -42.576944163943345 ], [ -73.75533197279151, -42.576933964399096 ], [ -73.755348171212702, -42.57692716955291 ], [ -73.755361266852915, -42.576924139919186 ], [ -73.755378413895059, -42.576918683270598 ], [ -73.755435146996817, -42.576908460569925 ], [ -73.755623813867743, -42.576884283022849 ], [ -73.755637298478476, -42.576882885289137 ], [ -73.755645112024823, -42.576882075622251 ], [ -73.755506542400667, -42.57661698258179 ], [ -73.755486173101602, -42.57662863945194 ], [ -73.755470079783294, -42.576635905315172 ] ] ], [ [ [ -73.750715241288887, -42.571998339595112 ], [ -73.750189575032394, -42.572163706940366 ], [ -73.749780295402445, -42.572334857698493 ], [ -73.749427384158224, -42.572542606296444 ], [ -73.748960235057652, -42.572708635720055 ], [ -73.748317130247429, -42.572958305830376 ], [ -73.747201701142302, -42.573441325779321 ], [ -73.746854683744687, -42.573545640884156 ], [ -73.746503435282065, -42.573667832251566 ], [ -73.746035399544311, -42.57387887543166 ], [ -73.745683115324169, -42.574091233003635 ], [ -73.745099485273968, -42.574255886311335 ], [ -73.74416551765286, -42.574502339220395 ], [ -73.74386945359646, -42.574800715444681 ], [ -73.743632793333177, -42.575054807986973 ], [ -73.743686338314006, -42.575267062328372 ], [ -73.743915172454535, -42.575440623704367 ], [ -73.744431506113528, -42.575707425782454 ], [ -73.744720733990633, -42.575751180354359 ], [ -73.745359538565566, -42.575758224054347 ], [ -73.745766140317684, -42.575722094654274 ], [ -73.746348152502051, -42.575638413572818 ], [ -73.74698538592358, -42.575690429070441 ], [ -73.747390196435006, -42.575780414879318 ], [ -73.747680230999208, -42.575783563639391 ], [ -73.748144051841663, -42.575788638699386 ], [ -73.748493591708581, -42.575706856888139 ], [ -73.748958979212901, -42.575666948277885 ], [ -73.749312080001616, -42.575414203075724 ], [ -73.749550224281762, -42.575119546818449 ], [ -73.749790203820027, -42.574734907273466 ], [ -73.74991028252235, -42.574520163153203 ], [ -73.750204571507766, -42.574311675609756 ], [ -73.750442775975017, -42.574012663968205 ], [ -73.750564514763994, -42.573712221335022 ], [ -73.750746503559085, -42.573331464892483 ], [ -73.750985665630452, -42.572987422588497 ], [ -73.751166952841302, -42.57260669413634 ], [ -73.751348177170087, -42.572261887061444 ], [ -73.751642455375702, -42.572053471353854 ], [ -73.751993039085008, -42.571926720101018 ], [ -73.752341786637871, -42.571889949428282 ], [ -73.752748355152306, -42.571894436029702 ], [ -73.753039334744187, -42.571852541665194 ], [ -73.753217927907514, -42.571597894267711 ], [ -73.752987334865651, -42.571554747391659 ], [ -73.752465028308336, -42.571549099085566 ], [ -73.75205679341903, -42.571630234724104 ], [ -73.751822815525188, -42.571753762199762 ], [ -73.751530156982028, -42.571881129703051 ], [ -73.751354112339186, -42.571964781425777 ], [ -73.751063187544517, -42.572002170598338 ], [ -73.750715241288887, -42.571998339595112 ] ] ] ] } },
{ "type": "Feature", "properties": { "capa": "colegios", "popup": "<strong>ESCUELA RURAL MIRAFLORES</strong><br><br><strong>Dirección:</strong> RUTA CHONCHI QUELLÓN 22", "etiqueta": "" }, "geometry": { "type": "Point", "coordinates": [ -73.843323, -42.783772 ] } },
{ "type": "Feature", "properties": { "capa": "colegios", "popup": "<strong>ESCUELA RURAL EL PULPITO</strong><br><br><strong>Dirección:</strong> EL PULPITO 0", "etiqueta": "" }, "geometry": { "type": "Point", "coordinates": [ -73.788986, -42.76067 ] } },
{ "type": "Feature", "properties": { "capa": "colegios", "popup": "<strong>ESCUELA RURAL TERAO</strong><br><br><strong>Dirección:</strong> CAMINO CHONCHI QUEILEN 18", "etiqueta": "" }, "geometry": { "type": "Point", "coordinates": [ -73.649902, -42.70956 ] } },
{ "type": "Feature", "properties": { "capa": "colegios", "popup": "<strong>ESCUELA RURAL QUITRIPULLI</strong><br><br><strong>Dirección:</strong> QUITRIPULLI 0", "etiqueta": "" }, "geometry": { "type": "Point", "coordinates": [ -73.705116, -42.689789 ] } },
{ "type": "Feature", "properties": { "capa": "colegios", "popup": "<strong>ESCUELA RURAL PINDACO</strong><br><br><strong>Dirección:</strong> PINDACO 0", "etiqueta": "" }, "geometry": { "type": "Point", "coordinates": [ -73.749458, -42.678059 ] } },
{ "type": "Feature", "properties": { "capa": "colegios", "popup": "<strong>ESCUELA RURAL HUILLINCO</strong><br><br><strong>Dirección:</strong> HUILLINCO RURAL 0", "etiqueta": "" }, "geometry": { "type": "Point", "coordinates": [ -73.898354, -42.675419 ] } },
{ "type": "Feature", "properties": { "capa": "colegios", "popup": "<strong>ESCUELA RURAL TEUPA</strong><br><br><strong>Dirección:</strong> TEUPA 0", "etiqueta": "" }, "geometry": { "type": "Point", "coordinates": [ -73.680267, -42.669418 ] } },
{ "type": "Feature", "properties": { "capa": "colegios", "popup": "<strong>ESCUELA RURAL PUCATUE</strong><br><br><strong>Dirección:</strong> PUCATUE 0", "etiqueta": "" }, "geometry": { "type": "Point", "coordinates": [ -73.738297, -42.64925 ] } },
{ "type": "Feature", "properties": { "capa": "colegios", "popup": "<strong>ESCUELA RURAL NOTUCO</strong><br><br><strong>Dirección:</strong> NOTUCO RURAL 0", "etiqueta": "" }, "geometry": { "type": "Point", "coordinates": [ -73.809509, -42.648911 ] } },
{ "type": "Feature", "properties": { "capa": "colegios", "popup": "<strong>ESCUELA DE EDUCACION ESPECIAL AMANECER</strong><br><br><strong>Dirección:</strong> PEDRO AGUIRRE CERDA 309", "etiqueta": "" }, "geometry": { "type": "Point", "coordinates": [ -73.77421, -42.638054 ] } },
{ "type": "Feature", "properties": { "capa": "colegios", "popup": "<strong>ESCUELA RURAL QUIAO</strong><br><br><strong>Dirección:</strong> SECTOR RURAL QUIAO 0", "etiqueta": "" }, "geometry": { "type": "Point", "coordinates": [ -73.930618, -42.636009 ] } },
{ "type": "Feature", "properties": { "capa": "colegios", "popup": "<strong>ESCUELA RURAL CUCAO</strong><br><br><strong>Dirección:</strong> CUCAO - RURAL 0", "etiqueta": "" }, "geometry": { "type": "Point", "coordinates": [ -74.106087, -42.635231 ] } },
{ "type": "Feature", "properties": { "capa": "colegios", "popup": "<strong>ESCUELA RURAL DICHAM</strong><br><br><strong>Dirección:</strong> DICHAM 0", "etiqueta": "" }, "geometry": { "type": "Point", "coordinates": [ -73.833733, -42.62579 ] } },
{ "type": "Feature", "properties": { "capa": "colegios", "popup": "<strong>LICEO BICENTENARIO MANUEL JESUS ANDRADE BORQUEZ</strong><br><br><strong>Dirección:</strong> ROBERTO ANDRADE 330", "etiqueta": "" }, "geometry": { "type": "Point", "coordinates": [ -73.778099, -42.622471 ] } },
{ "type": "Feature", "properties": { "capa": "colegios", "popup": "<strong>ESCUELA BASICA SAN CARLOS DE CHONCHI</strong><br><br><strong>Dirección:</strong> PEDRO AGUIRRE CERDA 201", "etiqueta": "" }, "geometry": { "type": "Point", "coordinates": [ -73.773933, -42.620548 ] } },
{ "type": "Feature", "properties": { "capa": "colegios", "popup": "<strong>ESCUELA DE LENGUAJE `ABRAPALABRA`</strong><br><br><strong>Dirección:</strong> PROLONGACION AVENIDA PRESIDENTE FREI MONTALVA 360", "etiqueta": "" }, "geometry": { "type": "Point", "coordinates": [ -73.77847, -42.619858 ] } },
{ "type": "Feature", "properties": { "capa": "colegios", "popup": "<strong>INSTITUTO DEL MAR BICENTENARIO CAPITAN WILLIAMS</strong><br><br><strong>Dirección:</strong> JUAN GUILLERMOS 40", "etiqueta": "" }, "geometry": { "type": "Point", "coordinates": [ -73.774643, -42.618481 ] } },
{ "type": "Feature", "properties": { "capa": "colegios", "popup": "<strong>ESCUELA RURAL VILUPULLI</strong><br><br><strong>Dirección:</strong> VILUPULLI 0", "etiqueta": "" }, "geometry": { "type": "Point", "coordinates": [ -73.803146, -42.602081 ] } },
{ "type": "Feature", "properties": { "capa": "colegios", "popup": "<strong>ESCUELA RURAL CHANQUIN</strong><br><br><strong>Dirección:</strong> CHANQUIN 0", "etiqueta": "" }, "geometry": { "type": "Point", "coordinates": [ -74.11969, -42.601871 ] } },
{ "type": "Feature", "properties": { "capa": "colegios", "popup": "<strong>ESCUELA RURAL CURACO DE VILUPULLI</strong><br><br><strong>Dirección:</strong> CURACO DE VILUPULLI 0", "etiqueta": "" }, "geometry": { "type": "Point", "coordinates": [ -73.862633, -42.59248 ] } },
{ "type": "Feature", "properties": { "capa": "colegios", "popup": "<strong>ESCUELA RURAL CANAN</strong><br><br><strong>Dirección:</strong> CANAN RURAL 0", "etiqueta": "" }, "geometry": { "type": "Point", "coordinates": [ -73.831337, -42.580688 ] } },
{ "type": "Feature", "properties": { "capa": "colegios", "popup": "<strong>ESCUELA RURAL QUINCHED</strong><br><br><strong>Dirección:</strong> QUINCHED 0", "etiqueta": "" }, "geometry": { "type": "Point", "coordinates": [ -73.767067, -42.5742 ] } },
{ "type": "Feature", "properties": { "capa": "colegios", "popup": "<strong>ESCUELA RURAL RAUCO</strong><br><br><strong>Dirección:</strong> RAUCO 0", "etiqueta": "" }, "geometry": { "type": "Point", "coordinates": [ -73.7967, -42.546059 ] } },
{ "type": "Feature", "properties": { "capa": "colegios", "popup": "<strong>ESCUELA RURAL NALHUITAD</strong><br><br><strong>Dirección:</strong> NALHUITAD RURAL 0", "etiqueta": "" }, "geometry": { "type": "Point", "coordinates": [ -73.840263, -42.529861 ] } },
{ "type": "Feature", "properties": { "capa": "jardines", "popup": "<strong>RELMU</strong><br><br><strong>Dirección:</strong> CIRIACO ALVAREZ N 110 ", "etiqueta": "" }, "geometry": { "type": "MultiPoint", "coordinates": [ [ -73.76899, -42.62367 ] ] } },
{ "type": "Feature", "properties": { "capa": "jardines", "popup": "<strong>KIM MAPU</strong><br><br><strong>Dirección:</strong> CHADMO KM 18 NATRI BAJO ", "etiqueta": "" }, "geometry": { "type": "MultiPoint", "coordinates": [ [ -73.749674, -42.841757 ] ] } },
{ "type": "Feature", "properties": { "capa": "jardines", "popup": "<strong>CECI LOS TIGRESITOS</strong><br><br><strong>Dirección:</strong> SECTOR NALHUITAD ", "etiqueta": "" }, "geometry": { "type": "MultiPoint", "coordinates": [ [ -73.841223, -42.529888 ] ] } },
{ "type": "Feature", "properties": { "capa": "jardines", "popup": "<strong>CECI LIBERTAD</strong><br><br><strong>Dirección:</strong> ESCUELA RURAL RAUCO S/N ", "etiqueta": "" }, "geometry": { "type": "MultiPoint", "coordinates": [ [ -73.796702, -42.546144 ] ] } },
{ "type": "Feature", "properties": { "capa": "jardines", "popup": "<strong>NA</strong><br><br><strong>Dirección:</strong> NA ", "etiqueta": "" }, "geometry": { "type": "MultiPoint", "coordinates": [ [ -73.775559999721736, -42.620674000438164 ] ] } },
{ "type": "Feature", "properties": { "capa": "jardines", "popup": "<strong>NA</strong><br><br><strong>Dirección:</strong> NA ", "etiqueta": "" }, "geometry": { "type": "MultiPoint", "coordinates": [ [ -73.897054000847703, -42.673313999735143 ] ] } },
{ "type": "Feature", "properties": { "capa": "bomberos", "popup": "<strong>Cuerpo de Bomberos</strong><br><br><strong>Dirección:</strong> Lib Bernardo O Higgins S/n", "etiqueta": "" }, "geometry": { "type": "Point", "coordinates": [ -73.771005534069161, -42.624317991704345 ] } },
{ "type": "Feature", "properties": { "capa": "comisarias", "popup": "<strong>TCIA. CHONCHI</strong><br><br><strong>Dirección:</strong> PEDRO AGUIRRE CERDA 224", "etiqueta": "" }, "geometry": { "type": "Point", "coordinates": [ -73.774216601767151, -42.620703368489856 ] } },
{ "type": "Feature", "properties": { "capa": "salud", "popup": "<strong>Posta de Salud Rural Natri</strong><br><br><strong>Tipo de atención:</strong> Posta de Salud Rural (PSR)<br><strong>Dirección:</strong>  NA", "etiqueta": "" }, "geometry": { "type": "Point", "coordinates": [ -73.74953, -42.84144 ] } },
{ "type": "Feature", "properties": { "capa": "salud", "popup": "<strong>Posta de Salud Rural Pulpito</strong><br><br><strong>Tipo de atención:</strong> Posta de Salud Rural (PSR)<br><strong>Dirección:</strong>  NA", "etiqueta": "" }, "geometry": { "type": "Point", "coordinates": [ -73.78861, -42.76111 ] } },
{ "type": "Feature", "properties": { "capa": "salud", "popup": "<strong>Posta de Salud Rural Terao</strong><br><br><strong>Tipo de atención:</strong> Posta de Salud Rural (PSR)<br><strong>Dirección:</strong>  NA", "etiqueta": "" }, "geometry": { "type": "Point", "coordinates": [ -73.66289, -42.71918 ] } },
{ "type": "Feature", "properties": { "capa": "salud", "popup": "<strong>Centro Comunitario de Salud Familiar Huillinco</strong><br><br><strong>Tipo de atención:</strong> Centro Comunitario de Salud Familiar (CECOSF)<br><strong>Dirección:</strong>  NA", "etiqueta": "" }, "geometry": { "type": "Point", "coordinates": [ -73.89807, -42.67532 ] } },
{ "type": "Feature", "properties": { "capa": "salud", "popup": "<strong>Posta de Salud Rural Cucao</strong><br><br><strong>Tipo de atención:</strong> Posta de Salud Rural (PSR)<br><strong>Dirección:</strong>  NA", "etiqueta": "" }, "geometry": { "type": "Point", "coordinates": [ -74.108388, -42.636638 ] } },
{ "type": "Feature", "properties": { "capa": "salud", "popup": "<strong>Centro de Salud Familiar Chonchi</strong><br><br><strong>Tipo de atención:</strong> Centro de Salud Familiar (CESFAM)<br><strong>Dirección:</strong>  NA", "etiqueta": "" }, "geometry": { "type": "Point", "coordinates": [ -73.7675, -42.62453 ] } },
{ "type": "Feature", "properties": { "capa": "salud", "popup": "<strong>SUR Chonchi</strong><br><br><strong>Tipo de atención:</strong> Servicio de Urgencia Rural (SUR)<br><strong>Dirección:</strong>  NA", "etiqueta": "" }, "geometry": { "type": "Point", "coordinates": [ -73.777951, -42.622752 ] } },
{ "type": "Feature", "properties": { "capa": "salud", "popup": "<strong>Posta de Salud Rural Petanes Bajos</strong><br><br><strong>Tipo de atención:</strong> Posta de Salud Rural (PSR)<br><strong>Dirección:</strong>  NA", "etiqueta": "" }, "geometry": { "type": "Point", "coordinates": [ -73.918767, -42.622737 ] } },
{ "type": "Feature", "properties": { "capa": "salud", "popup": "<strong>Posta de Salud Rural Chanquín</strong><br><br><strong>Tipo de atención:</strong> Posta de Salud Rural (PSR)<br><strong>Dirección:</strong>  NA", "etiqueta": "" }, "geometry": { "type": "Point", "coordinates": [ -74.120282, -42.60277 ] } },
{ "type": "Feature", "properties": { "capa": "salud", "popup": "<strong>Posta de Salud Rural Curaco de Vilupulli</strong><br><br><strong>Tipo de atención:</strong> Posta de Salud Rural (PSR)<br><strong>Dirección:</strong>  NA", "etiqueta": "" }, "geometry": { "type": "Point", "coordinates": [ -73.86074, -42.59437 ] } },
{ "type": "Feature", "properties": { "capa": "salud", "popup": "<strong>Posta de Salud Rural Rauco</strong><br><br><strong>Tipo de atención:</strong> Posta de Salud Rural (PSR)<br><strong>Dirección:</strong>  NA", "etiqueta": "" }, "geometry": { "type": "Point", "coordinates": [ -73.79598, -42.54645 ] } },
{ "type": "Feature", "properties": { "capa": "salud", "popup": "<strong>Posta de Salud Rural Nalhuitad</strong><br><br><strong>Tipo de atención:</strong> Posta de Salud Rural (PSR)<br><strong>Dirección:</strong>  NA", "etiqueta": "" }, "geometry": { "type": "Point", "coordinates": [ -73.84049, -42.52989 ] } }
]
}
