{
"type": "FeatureCollection",
"name": "10302",
"crs": { "type": "name", "properties": { "name": "urn:ogc:def:crs:OGC:1.3:CRS84" } },
"features": [
{ "type": "Feature", "properties": { "capa": "comuna", "popup": "", "etiqueta": "" }, "geometry": { "type": "Polygon", "coordinates": [ [ [ -72.798778984260991, -41.051228892241298 ], [ -72.798092464771429, -41.050249402321043 ], [ -72.824218973069947, -41.041933662919149 ], [ -72.920821965262675, -41.010843866644024 ], [ -72.921945002199948, -41.010278563153513 ], [ -72.922334308687894, -41.010082490769854 ], [ -72.924904409377007, -41.009291167228341 ], [ -72.926366161482051, -41.009056289732783 ], [ -72.927381324228449, -41.009082439394597 ], [ -72.927531235083052, -41.009086249722671 ], [ -72.942810726463051, -41.013651707712988 ], [ -72.943051891777472, -41.013723781665391 ], [ -72.944485867075628, -41.014220102948613 ], [ -72.955026793840901, -41.01786850691056 ], [ -72.993234996822167, -41.028213876469884 ], [ -72.992757312279949, -41.027593003623963 ], [ -72.992443364562874, -41.027110225728997 ], [ -72.992208208977686, -41.02660619860962 ], [ -72.992006974675945, -41.026084763652428 ], [ -72.991798006777927, -41.025572301434615 ], [ -72.991569944290219, -41.025054894727695 ], [ -72.991388025563708, -41.024533747714237 ], [ -72.991292104355992, -41.023996192359611 ], [ -72.991236361197679, -41.023459381504054 ], [ -72.991202066215067, -41.022922859730492 ], [ -72.9911674199912, -41.022377276310387 ], [ -72.991122695568151, -41.021840600006648 ], [ -72.99107896378348, -41.02129938858436 ], [ -72.991036578573429, -41.020762704852729 ], [ -72.990994316432591, -41.020221590303315 ], [ -72.990757347148829, -41.019190680132709 ], [ -72.990655372194411, -41.018657464338645 ], [ -72.990606148110089, -41.018125148387462 ], [ -72.990614396441046, -41.017584864146563 ], [ -72.990630951493415, -41.017040234217468 ], [ -72.991047916210633, -41.016133227261058 ], [ -72.991225048713304, -41.015613938009722 ], [ -72.991408145131132, -41.015090236176306 ], [ -72.99162185523555, -41.014567095479165 ], [ -72.991858700551774, -41.014057759229729 ], [ -72.992147038198411, -41.013567365003738 ], [ -72.992510425595455, -41.013105349328747 ], [ -72.992889290066543, -41.012648107809284 ], [ -72.99344618535558, -41.011657967543471 ], [ -72.993705104973287, -41.011158115004932 ], [ -72.994015725330527, -41.010672623150967 ], [ -72.994359256366565, -41.010196758787274 ], [ -72.994702077733479, -41.009725343895823 ], [ -72.995026718995703, -41.009240026543452 ], [ -72.995345301121304, -41.008759271796357 ], [ -72.995663092729487, -41.008278395590068 ], [ -72.995631214214995, -41.008261723080366 ], [ -72.994544572521463, -41.007691505795876 ], [ -72.993982542462263, -41.007352931038128 ], [ -72.993436426956649, -41.007010112951576 ], [ -72.993105523538588, -41.006527039108384 ], [ -72.993031947025244, -41.005989814719349 ], [ -72.993110545121013, -41.005455277257411 ], [ -72.993269250482271, -41.004926591302322 ], [ -72.994091766821029, -41.00422039379329 ], [ -72.994849770647647, -41.003458963078096 ], [ -72.996099758399197, -41.001764882508709 ], [ -72.997450146358474, -40.999721170859914 ], [ -72.997645968310636, -40.998134799553171 ], [ -72.99783208486447, -40.99640424722304 ], [ -72.998235163424027, -40.994943019566769 ], [ -72.998546619214494, -40.993097456078033 ], [ -72.998511665766785, -40.991205429252702 ], [ -72.997842691273036, -40.989671596968201 ], [ -72.99620267299143, -40.988188374783086 ], [ -72.99410820239747, -40.98671986731339 ], [ -72.994424774991785, -40.985149078268385 ], [ -72.994128164759715, -40.984959306145342 ], [ -72.993751471516674, -40.984939254757677 ], [ -72.993383107452956, -40.984667134670211 ], [ -72.993144340640328, -40.984158509918331 ], [ -72.992997210969818, -40.983647147002046 ], [ -72.992258926062007, -40.983566675345905 ], [ -72.99285051877888, -40.982311457786651 ], [ -72.9941663557357, -40.97874953216251 ], [ -72.995344511502168, -40.976392100987347 ], [ -72.969508001835223, -40.972544187134453 ], [ -72.980794209587771, -40.957655511961583 ], [ -72.982883408867636, -40.945009968109531 ], [ -72.982028462448795, -40.944999561456235 ], [ -72.980912011959191, -40.942584038339866 ], [ -72.979967326538414, -40.939158321706287 ], [ -72.979288939497096, -40.935498462586544 ], [ -72.979652396962749, -40.933487221830227 ], [ -72.980329195782645, -40.930400632099676 ], [ -72.98094147220894, -40.928209120288876 ], [ -72.98252120455183, -40.926836196989775 ], [ -72.982694448247628, -40.926677940531199 ], [ -72.976132275758374, -40.923816629964627 ], [ -72.976683233183394, -40.922562378007498 ], [ -72.977091353986637, -40.921791684215762 ], [ -72.977490517688182, -40.921312547550833 ], [ -72.97763342617516, -40.920828909810709 ], [ -72.978294756904191, -40.920159899328446 ], [ -72.978224585904073, -40.92009106071346 ], [ -72.962243378234831, -40.90441813854126 ], [ -72.961549265286166, -40.906156026477042 ], [ -72.931588298197354, -40.898511732965105 ], [ -72.931415698593611, -40.898270269777811 ], [ -72.931249141956783, -40.898037230926185 ], [ -72.932313531482421, -40.894948725546811 ], [ -72.932318922272444, -40.894300308264604 ], [ -72.932023811328577, -40.893250136639658 ], [ -72.931689640737815, -40.892473958528889 ], [ -72.93059270884271, -40.891630053425722 ], [ -72.929961734882085, -40.890763007093902 ], [ -72.929815366084625, -40.890319025693557 ], [ -72.929742879227732, -40.889714209506181 ], [ -72.930060159694492, -40.889129953169636 ], [ -72.930986057749422, -40.888196267103282 ], [ -72.930885520099466, -40.8867082524728 ], [ -72.932797118854381, -40.882923331395894 ], [ -72.933712957574755, -40.878066630006749 ], [ -72.93398772167744, -40.876270045407338 ], [ -72.93376804136966, -40.873554848883238 ], [ -72.933399466201848, -40.87109806823625 ], [ -72.932257800900516, -40.867744797549719 ], [ -72.932062351749209, -40.867070260349287 ], [ -72.932869304775664, -40.866089350407343 ], [ -72.934148099701744, -40.865337683322743 ], [ -72.934376324784509, -40.864414008270437 ], [ -72.934710392069022, -40.864041628324408 ], [ -72.936294277323441, -40.863259301736186 ], [ -72.93735255111865, -40.862539629149282 ], [ -72.938166116643899, -40.860671569737121 ], [ -72.940585166516314, -40.858940392724442 ], [ -72.941959387678381, -40.858145170200054 ], [ -72.942281772372624, -40.857452851667972 ], [ -72.943291440124412, -40.857006934649043 ], [ -72.944104616679155, -40.856796284054226 ], [ -72.94667522581473, -40.856441242758152 ], [ -72.94863313451917, -40.856093210075663 ], [ -72.949767091377069, -40.855194663464452 ], [ -72.951112334684694, -40.852516267106061 ], [ -72.952325050436784, -40.851249750286009 ], [ -72.952792419624615, -40.85102382939187 ], [ -72.954174964576112, -40.851003373124406 ], [ -72.95525813068781, -40.850716242023353 ], [ -72.956415199401334, -40.850772847099648 ], [ -72.957048565575533, -40.850549838284458 ], [ -72.957502708867437, -40.850224614872459 ], [ -72.958232064521326, -40.849165639324653 ], [ -72.960336345616511, -40.847347270910333 ], [ -72.960811944270631, -40.846103649146336 ], [ -72.960532273569854, -40.845310481771676 ], [ -72.959729803136668, -40.84437756330189 ], [ -72.957443870114631, -40.843039931345174 ], [ -72.957088100431193, -40.842457184263452 ], [ -72.95706124260083, -40.84200632831805 ], [ -72.957533433945088, -40.841185991189619 ], [ -72.958864501837553, -40.840254691253783 ], [ -72.96034241912615, -40.839488223939995 ], [ -72.96117540173627, -40.839593033483354 ], [ -72.962352254047275, -40.839794008763121 ], [ -72.96373788471179, -40.839305030604343 ], [ -72.964962332461496, -40.838317795385549 ], [ -72.966208247251529, -40.83674538982131 ], [ -72.966741645307692, -40.835691855643574 ], [ -72.966746391107321, -40.835268610361695 ], [ -72.96533424307394, -40.834496081219555 ], [ -72.964229252392414, -40.833521746013233 ], [ -72.963896887415373, -40.832655667768954 ], [ -72.964102589039044, -40.831799032760294 ], [ -72.964394979884233, -40.830912485856494 ], [ -72.965356450326084, -40.829866503052415 ], [ -72.966682613417106, -40.829110713691968 ], [ -72.968082340445051, -40.828221134589462 ], [ -72.970245179120326, -40.828097105312047 ], [ -72.971737294281979, -40.827483819445817 ], [ -72.97485314755734, -40.8267008117095 ], [ -72.975743219002098, -40.826194045078303 ], [ -72.976275866066658, -40.825248569510293 ], [ -72.976413396340021, -40.823161172634158 ], [ -72.975911095264067, -40.822134493341814 ], [ -72.97538739541973, -40.821810045504918 ], [ -72.973810243038344, -40.820985179087856 ], [ -72.972684505765329, -40.820695207547587 ], [ -72.972004954507398, -40.820376931476623 ], [ -72.971029364345895, -40.820121086670753 ], [ -72.969984411668065, -40.819152405756554 ], [ -72.969457933334553, -40.818165776675244 ], [ -72.969253775016568, -40.817522586602124 ], [ -72.969808853013774, -40.817059572690603 ], [ -72.971000277795326, -40.816967900230146 ], [ -72.97215123167669, -40.816645818832377 ], [ -72.97310169595967, -40.81680211744672 ], [ -72.974439872220984, -40.816758168653884 ], [ -72.976295299321208, -40.817493305857447 ], [ -72.977302344890674, -40.817492917668254 ], [ -72.979987437122674, -40.816238419027258 ], [ -72.981802895480982, -40.815353639777662 ], [ -72.982048298148598, -40.815234131327969 ], [ -72.983257261637746, -40.814755309447825 ], [ -72.984243588463514, -40.813727640678579 ], [ -72.985020855763096, -40.813628679373679 ], [ -72.986071509149738, -40.812534516085783 ], [ -72.986920650655193, -40.812094517209353 ], [ -72.987520204242117, -40.812014895184781 ], [ -72.987980648317418, -40.811419331186372 ], [ -72.988138663772517, -40.810602445546799 ], [ -72.987930713665705, -40.810175425013668 ], [ -72.987633123371651, -40.809773859985221 ], [ -72.985858123337138, -40.808418799409246 ], [ -72.985145910233797, -40.807442504952562 ], [ -72.985015604211952, -40.806800624535221 ], [ -72.985455737378658, -40.806285889770784 ], [ -72.986507502879604, -40.806124159360344 ], [ -72.9873233914482, -40.805606962643481 ], [ -72.987792253636016, -40.805074699241302 ], [ -72.988009204861967, -40.804267725030606 ], [ -72.98765871727241, -40.803486959175395 ], [ -72.986820651994393, -40.803562442852339 ], [ -72.986002701792216, -40.803638256235168 ], [ -72.985103775653712, -40.803081985688451 ], [ -72.98444957305648, -40.802980531303831 ], [ -72.983543337326495, -40.803306958873222 ], [ -72.982465558411548, -40.802882779993531 ], [ -72.981295641094533, -40.802763207602148 ], [ -72.980773705541424, -40.80248386973372 ], [ -72.980508018914662, -40.801812653011027 ], [ -72.980588279792045, -40.801192483841561 ], [ -72.980888306317155, -40.801071605507325 ], [ -72.982043911675063, -40.801272089611722 ], [ -72.982710063662211, -40.801270233192049 ], [ -72.983140015323485, -40.800867845182843 ], [ -72.983375700016381, -40.799935188120728 ], [ -72.984370647973932, -40.799664342046874 ], [ -72.985153527947404, -40.799452759145865 ], [ -72.986545526768964, -40.79884201357352 ], [ -72.986870934294117, -40.798221692881569 ], [ -72.986966780043346, -40.797601790740764 ], [ -72.986538382467501, -40.796846734068922 ], [ -72.986879279643091, -40.79551951259959 ], [ -72.986526735809861, -40.794387364220405 ], [ -72.9864397824836, -40.794178721487164 ], [ -72.98536196314447, -40.793709494647615 ], [ -72.984960392856252, -40.793369207290837 ], [ -72.984700496769847, -40.792117067500435 ], [ -72.984750737747049, -40.791487457632286 ], [ -72.985503906840819, -40.791149275392137 ], [ -72.987666604480609, -40.790889787415175 ], [ -72.987948024201245, -40.791259528077489 ], [ -72.987741694655213, -40.792742180053857 ], [ -72.988188557101708, -40.793227400598134 ], [ -72.988502956671368, -40.793241894666266 ], [ -72.989363142064931, -40.792671363127958 ], [ -72.991375123959614, -40.79249920494005 ], [ -72.992024020208476, -40.792177208122794 ], [ -72.992192226152156, -40.791783856629841 ], [ -72.992374144878653, -40.789679188540674 ], [ -72.991826396235851, -40.788782366365169 ], [ -72.991813665311653, -40.788367841069174 ], [ -72.991980196795652, -40.788226626299625 ], [ -72.992777141691519, -40.788132392720946 ], [ -72.993388324868121, -40.788615881997558 ], [ -72.993658634225312, -40.788620601466931 ], [ -72.994457963249971, -40.788076045669975 ], [ -72.995496347446448, -40.787733737974229 ], [ -72.99639635874982, -40.787686365116855 ], [ -72.997715157452134, -40.788042518723458 ], [ -72.998259246358472, -40.787610589967422 ], [ -72.998713951097415, -40.787069037603999 ], [ -72.998761097378463, -40.786682533594679 ], [ -72.998735159422949, -40.786213655074746 ], [ -72.998129600598361, -40.785072694853504 ], [ -72.998545596033395, -40.78360266732831 ], [ -72.998419442923094, -40.780600847406269 ], [ -72.998196646359588, -40.780200621028371 ], [ -72.995844369160551, -40.779880541312075 ], [ -72.995337766052714, -40.779340322430862 ], [ -72.995017177090745, -40.778181712893385 ], [ -72.995059092481895, -40.776687193188479 ], [ -72.99476510712708, -40.775871363078295 ], [ -72.995040772240003, -40.77525458901188 ], [ -72.995170357812981, -40.77402275366893 ], [ -72.995946783391162, -40.772658049305221 ], [ -72.99678568949227, -40.772019596007937 ], [ -72.997372455561148, -40.770755152155715 ], [ -72.99862318711773, -40.770038289931563 ], [ -73.001628515273808, -40.769459818900579 ], [ -73.002372392194275, -40.768806183708683 ], [ -73.002315550396375, -40.767931379476984 ], [ -73.002739349496267, -40.76735768932555 ], [ -73.002744294721893, -40.767488388703754 ], [ -73.003058535289767, -40.767403773803935 ], [ -73.003795127771596, -40.76674093896024 ], [ -73.004573830578991, -40.766430150080922 ], [ -73.004828976374199, -40.766416560488501 ], [ -73.005189613129843, -40.766638914691391 ], [ -73.005706195622182, -40.767093833028099 ], [ -73.006655520841406, -40.767290328069897 ], [ -73.007792656837069, -40.767174868287285 ], [ -73.007818347755887, -40.766315050758109 ], [ -73.00826151812656, -40.765457973536883 ], [ -73.00839700922424, -40.764915315923027 ], [ -73.008299423438302, -40.764188518965589 ], [ -73.007422285936997, -40.763583337852261 ], [ -73.00749990397081, -40.762994669962133 ], [ -73.00835628050757, -40.762284336891277 ], [ -73.009645623451718, -40.762103883325686 ], [ -73.010951377717788, -40.761000475736346 ], [ -73.011115139695775, -40.76047180732985 ], [ -73.0110715606247, -40.760047734484978 ], [ -73.01072546310192, -40.75983455834578 ], [ -73.009374882903188, -40.760036482904098 ], [ -73.008713843228321, -40.759880954915303 ], [ -73.006359303173099, -40.758597184788123 ], [ -73.005985477352439, -40.757753027826119 ], [ -73.005127332931195, -40.756837400081587 ], [ -73.004772691531755, -40.756416907120972 ], [ -73.003477413418537, -40.755935114659955 ], [ -73.003536038372303, -40.755386648999568 ], [ -73.005126361852376, -40.754148598581409 ], [ -73.005671633839938, -40.7535139449582 ], [ -73.007126426696502, -40.752917524756022 ], [ -73.007578642203782, -40.752474878964144 ], [ -73.007652663383183, -40.751908762884945 ], [ -73.006655303449108, -40.751319484618833 ], [ -73.005887814311393, -40.751035958827885 ], [ -73.005416010141019, -40.750847716759068 ], [ -73.005473879611614, -40.749258872009648 ], [ -73.005572833531744, -40.749044370966487 ], [ -73.006462058763503, -40.748618261168083 ], [ -73.006360290421583, -40.748229186239953 ], [ -73.003954777262194, -40.748097604426292 ], [ -73.00348126539447, -40.748332642739648 ], [ -73.002687417889703, -40.749111513885332 ], [ -73.002322860886153, -40.749195219051117 ], [ -73.001849171151974, -40.74842592624298 ], [ -73.000890123466448, -40.748589437301945 ], [ -72.999215347569873, -40.749808007506147 ], [ -72.998723424730414, -40.74994363102239 ], [ -72.998458478315456, -40.749569726886854 ], [ -72.998503993255937, -40.748966979687012 ], [ -72.997744404801153, -40.748647566167797 ], [ -72.99716200723951, -40.748168997661274 ], [ -72.99619554306301, -40.747963055140964 ], [ -72.99546838468828, -40.748315301661506 ], [ -72.994783665422531, -40.748560062860832 ], [ -72.994490319668202, -40.748221659352929 ], [ -72.994359551013972, -40.747156498246397 ], [ -72.994769057019383, -40.746141215530812 ], [ -72.996859470821519, -40.745105561101894 ], [ -72.997546559842988, -40.744360827035742 ], [ -72.998120733328193, -40.743380026442892 ], [ -72.998333209147404, -40.742789118093022 ], [ -72.998126938890167, -40.741767672422924 ], [ -72.998252402094323, -40.741409507941917 ], [ -72.998806670709456, -40.741365119925064 ], [ -73.001022880092407, -40.741709798900423 ], [ -73.0012050746017, -40.741830065184217 ], [ -73.00073861989884, -40.742353443071444 ], [ -73.000823070518692, -40.742697165436795 ], [ -73.001440048727204, -40.742806983317443 ], [ -73.001883819172491, -40.742571437478858 ], [ -73.002687840097877, -40.741081057559832 ], [ -73.002687964065373, -40.739099390070535 ], [ -73.002860304954325, -40.739228480158708 ], [ -73.00308409056295, -40.739169213873225 ], [ -73.003322974156575, -40.739101380953471 ], [ -73.003561343913844, -40.73912349370336 ], [ -73.003732107361145, -40.739279564395467 ], [ -73.003989418096182, -40.739365125792887 ], [ -73.004258880342078, -40.739360705709871 ], [ -73.004498746692605, -40.739310836480641 ], [ -73.00470545442937, -40.739206274195645 ], [ -73.004927492814787, -40.739084064013369 ], [ -73.005208440919901, -40.738944755117352 ], [ -73.005460767801736, -40.738823040645975 ], [ -73.005697741577038, -40.738746047221582 ], [ -73.005950832925208, -40.738669379738546 ], [ -73.006219648384089, -40.738592902068198 ], [ -73.006442544660572, -40.738515732769812 ], [ -73.006695493176608, -40.738447994474768 ], [ -73.006963740001893, -40.738389535426663 ], [ -73.007203477893356, -40.738366666229275 ], [ -73.007488362416041, -40.738344586579728 ], [ -73.007774137169164, -40.738340549635708 ], [ -73.008013405241726, -40.738335695228919 ], [ -73.008198831889402, -40.738298334934591 ], [ -73.008201877178209, -40.738095725641116 ], [ -73.008165794548205, -40.73791498452664 ], [ -73.008055279310383, -40.737723849957554 ], [ -73.007915814964207, -40.737559321144197 ], [ -73.00777576581477, -40.737394736790385 ], [ -73.007680012592019, -40.737203899537647 ], [ -73.007674791583582, -40.737005708511987 ], [ -73.007805085927345, -40.736854740208294 ], [ -73.00799658159309, -40.736740963265561 ], [ -73.008265059285421, -40.736673566220269 ], [ -73.008505234656411, -40.736659679218604 ], [ -73.00882018668996, -40.736620025489451 ], [ -73.009119349035785, -40.736616183792819 ], [ -73.009402794457372, -40.736567075536797 ], [ -73.009687791269457, -40.736517986303319 ], [ -73.00999985432108, -40.736451281955048 ], [ -73.010253233130115, -40.736392521656889 ], [ -73.010520066905485, -40.736280101865468 ], [ -73.010727768178938, -40.736166568301833 ], [ -73.010932036091404, -40.736016930856103 ], [ -73.011077745525441, -40.735848307633148 ], [ -73.011147383824579, -40.735669421388643 ], [ -73.011141700183771, -40.735462098541099 ], [ -73.011076662157208, -40.735262817998361 ], [ -73.010966802689524, -40.735098737115138 ], [ -73.010840756478743, -40.734907407265851 ], [ -73.010760186580939, -40.734707854828216 ], [ -73.010770699564702, -40.734527928144857 ], [ -73.010869495381328, -40.734340428952578 ], [ -73.010984160835761, -40.734144261950007 ], [ -73.010843566408965, -40.733970628140803 ], [ -73.010645305530801, -40.73384112419609 ], [ -73.010519262913292, -40.73364979345294 ], [ -73.010453994918024, -40.733459520650364 ], [ -73.01029988713438, -40.733312692503475 ], [ -73.010077770595558, -40.733416989048372 ], [ -73.009963318041841, -40.733631221925634 ], [ -73.009787438688988, -40.733772270922337 ], [ -73.009581642742233, -40.733894810790396 ], [ -73.009281555131693, -40.733934686689587 ], [ -73.009012152174606, -40.733930042296549 ], [ -73.008738859512363, -40.733862310904016 ], [ -73.008496182333289, -40.733785988352189 ], [ -73.008255300886489, -40.733700824114244 ], [ -73.008011433439677, -40.733588541360049 ], [ -73.007856796548367, -40.733387653513169 ], [ -73.007791205159577, -40.733206390440991 ], [ -73.007784189317192, -40.733017040088406 ], [ -73.007869015432846, -40.732829365099818 ], [ -73.007998884873473, -40.732642409772843 ], [ -73.008207031711336, -40.732538013310666 ], [ -73.00848867511246, -40.732452748091383 ], [ -73.008771675868005, -40.732367508629885 ], [ -73.008993327977834, -40.732281304488183 ], [ -73.009184733812049, -40.732140454503018 ], [ -73.009314490064952, -40.731935575324307 ], [ -73.009354165057772, -40.73174703549504 ], [ -73.009363460824346, -40.731558077849634 ], [ -73.009356562661281, -40.731341723971163 ], [ -73.009397253648714, -40.731144295593047 ], [ -73.009465550763124, -40.730938235008161 ], [ -73.00950600818858, -40.730749815564849 ], [ -73.009515298565233, -40.730560784291491 ], [ -73.00938837470045, -40.730351408770943 ], [ -73.009232525083476, -40.730141564926292 ], [ -73.009062107487566, -40.729976489790452 ], [ -73.008879393752025, -40.729847253089908 ], [ -73.008619795007974, -40.729716633555967 ], [ -73.00839093481629, -40.729550492686329 ], [ -73.008191028224545, -40.729402967001406 ], [ -73.008021738912603, -40.729246926237096 ], [ -73.007955607636333, -40.729056607487131 ], [ -73.007934948181443, -40.728858068154885 ], [ -73.007914731595974, -40.728668512775599 ], [ -73.007999457998622, -40.728480841178985 ], [ -73.008160805305124, -40.728330488674693 ], [ -73.008413478038349, -40.728271756603576 ], [ -73.00865229246169, -40.728230916765305 ], [ -73.00889288015938, -40.728226014648762 ], [ -73.009178116821658, -40.728266994725502 ], [ -73.009448408212549, -40.728262607262067 ], [ -73.009733039410335, -40.728222531225356 ], [ -73.00998521627352, -40.72810073859246 ], [ -73.010069794454154, -40.727921996260854 ], [ -73.010093845049241, -40.727733336137639 ], [ -73.01002804165806, -40.727534007938694 ], [ -73.009903679788437, -40.72736069181525 ], [ -73.009733688892283, -40.727231677410032 ], [ -73.009476960265559, -40.727155108303592 ], [ -73.009208133128581, -40.72715959182802 ], [ -73.008984151687201, -40.727227729652718 ], [ -73.008714516066462, -40.727259093179299 ], [ -73.008414269454107, -40.727253897581448 ], [ -73.008201936467017, -40.72715121568379 ], [ -73.007730036176923, -40.727192561993483 ], [ -73.007441711106708, -40.727083963458206 ], [ -73.007242065026389, -40.727031003193275 ], [ -73.007233338791721, -40.726900287589082 ], [ -73.006991577894254, -40.726842003563384 ], [ -73.006748965393896, -40.726738822706359 ], [ -73.006551034197443, -40.72662722599447 ], [ -73.00635233494144, -40.726515729168973 ], [ -73.006137987931481, -40.726385891431732 ], [ -73.005955056803671, -40.726265658497056 ], [ -73.00569756101568, -40.726189106660087 ], [ -73.005439649307732, -40.726076568873367 ], [ -73.005187520055244, -40.726144275514002 ], [ -73.004879807544555, -40.72596780989565 ], [ -73.004637457352246, -40.725828539570593 ], [ -73.004668607333045, -40.725554353010821 ], [ -73.004995203329315, -40.725249169847956 ], [ -73.005140128534109, -40.725080506400815 ], [ -73.005316563045781, -40.724921445733777 ], [ -73.005445204489448, -40.724725462688284 ], [ -73.005515485084004, -40.724555557509973 ], [ -73.005641490870573, -40.724286630976721 ], [ -73.004453012563175, -40.724242284637242 ], [ -73.002967495527287, -40.724157046912559 ], [ -73.001311222230612, -40.724545432762497 ], [ -73.000141083029732, -40.725065646857509 ], [ -72.997800978901125, -40.726689053619978 ], [ -72.99651277142749, -40.727858391638961 ], [ -72.994977133788652, -40.729440489542618 ], [ -72.994550001040722, -40.730624731460722 ], [ -72.994035574505062, -40.732105315987944 ], [ -72.993424822519799, -40.734180150193886 ], [ -72.9930742154543, -40.735425251908744 ], [ -72.992257238127593, -40.736543172455967 ], [ -72.991443864841784, -40.737541893535806 ], [ -72.990473864896316, -40.738537918543891 ], [ -72.989569602765016, -40.739952234628298 ], [ -72.988992789131188, -40.74089546148852 ], [ -72.988261219130095, -40.741776465986867 ], [ -72.9874603306301, -40.742358357759372 ], [ -72.986981521397155, -40.742647881989534 ], [ -72.986739456869131, -40.742881999648006 ], [ -72.986730494377525, -40.743179759605908 ], [ -72.987477547740852, -40.744384429889791 ], [ -72.988208492514488, -40.746125091424261 ], [ -72.98856596091214, -40.747263415702541 ], [ -72.988606449778629, -40.748515401952815 ], [ -72.98826996782266, -40.749284097573238 ], [ -72.986884884232154, -40.751047377979361 ], [ -72.985838037007383, -40.751982432423596 ], [ -72.985042427008011, -40.752385598443752 ], [ -72.98354375414479, -40.752716940943451 ], [ -72.982285401281317, -40.752873675892523 ], [ -72.981418598897349, -40.753037304629288 ], [ -72.98079390865216, -40.752966745472385 ], [ -72.979872246153803, -40.752354846289677 ], [ -72.97949334485179, -40.751931127930035 ], [ -72.979037860375186, -40.751446459759741 ], [ -72.978262086973928, -40.751194535143462 ], [ -72.977249441306981, -40.750998068054827 ], [ -72.976697698754407, -40.751107554425474 ], [ -72.976218780825292, -40.7513970385262 ], [ -72.975730948015311, -40.751984352147701 ], [ -72.975476033087133, -40.752635187136377 ], [ -72.975071907990269, -40.753045285545937 ], [ -72.974347252321948, -40.75368790270646 ], [ -72.972839458863618, -40.754316797060213 ], [ -72.971726776806619, -40.754833493690974 ], [ -72.971091266353824, -40.755120313142349 ], [ -72.970765364755266, -40.755531611552755 ], [ -72.970978457717081, -40.756250334150188 ], [ -72.971355645931837, -40.756733675102623 ], [ -72.972364604912855, -40.757049314733052 ], [ -72.973439358301945, -40.757783178004651 ], [ -72.974663461098572, -40.758757983767147 ], [ -72.977089707374716, -40.760141225413548 ], [ -72.978771235907288, -40.761541059432936 ], [ -72.979999042457834, -40.76239668347084 ], [ -72.980214239274048, -40.763055928314607 ], [ -72.979970204740596, -40.763349560471923 ], [ -72.979256269566861, -40.763635003487472 ], [ -72.977762843763202, -40.763787563671613 ], [ -72.975263797118103, -40.763505391284767 ], [ -72.974332912515052, -40.763191142423665 ], [ -72.972553215189919, -40.762444856830243 ], [ -72.97139108177484, -40.762007389789808 ], [ -72.969678908114659, -40.76161977240821 ], [ -72.968278281873125, -40.761297164560141 ], [ -72.966954162449397, -40.76103549760483 ], [ -72.965857734509143, -40.761016213159635 ], [ -72.964832319290409, -40.761236448920471 ], [ -72.963322369875428, -40.761924756069966 ], [ -72.961085809159727, -40.763315253558055 ], [ -72.959671082063167, -40.764216244728964 ], [ -72.958510247611997, -40.764955714125904 ], [ -72.957808977785447, -40.765402298510978 ], [ -72.956686893062368, -40.766216552173589 ], [ -72.955960021250235, -40.766918667344505 ], [ -72.95489257565599, -40.768508440536557 ], [ -72.953427924687531, -40.770270002809433 ], [ -72.95280954241224, -40.770940710467556 ], [ -72.95278710429308, -40.770964866508869 ], [ -72.952401657865906, -40.770958023193806 ], [ -72.951837571563033, -40.770948010277635 ], [ -72.95146463327788, -40.770846158465609 ], [ -72.950842318178275, -40.770692067436507 ], [ -72.950345414180561, -40.770540239481221 ], [ -72.949850052590179, -40.770340773549862 ], [ -72.949230636354002, -40.770091407808088 ], [ -72.948558980389109, -40.769507502063249 ], [ -72.948191827254391, -40.769214959116702 ], [ -72.947821690814621, -40.769017685336649 ], [ -72.947324901801238, -40.768865840629076 ], [ -72.946762375872026, -40.768808166218541 ], [ -72.945386715608848, -40.768688331079517 ], [ -72.944764441831765, -40.768534353426048 ], [ -72.944272101275686, -40.768239519554079 ], [ -72.94396608478425, -40.767995774446 ], [ -72.94397641541002, -40.767662263619769 ], [ -72.943919554747481, -40.767470557324579 ], [ -72.943609200291547, -40.767369783306563 ], [ -72.943169091379332, -40.767409558854212 ], [ -72.942850035841573, -40.767594506027557 ], [ -72.942529334590191, -40.767827092831887 ], [ -72.942271286338297, -40.768060854462369 ], [ -72.941952128392586, -40.768245803224801 ], [ -72.941637323682727, -40.768287926118774 ], [ -72.941327056363377, -40.768186994819658 ], [ -72.94082864229766, -40.768082760962422 ], [ -72.940018516421617, -40.767925295799039 ], [ -72.939387446341257, -40.768057015942631 ], [ -72.938877323634131, -40.768333914023486 ], [ -72.938550797706455, -40.768757095140266 ], [ -72.938351025861991, -40.769134852963333 ], [ -72.937770869597003, -40.769648736222649 ], [ -72.937390490566344, -40.769784934962132 ], [ -72.937075772094772, -40.769827041913231 ], [ -72.93664000294369, -40.769723895075067 ], [ -72.936266985606792, -40.769621848852907 ], [ -72.935825405254178, -40.769709304029455 ], [ -72.93519294997165, -40.769888631411092 ], [ -72.934754275668951, -40.769880817156142 ], [ -72.934255954129711, -40.769776550578662 ], [ -72.933453101912505, -40.769380875052597 ], [ -72.933214327913362, -40.76899522671053 ], [ -72.932721937051625, -40.768700418014944 ], [ -72.930640241399317, -40.767090169304339 ], [ -72.929840654558191, -40.76632460716705 ], [ -72.92972701497979, -40.766215758186199 ], [ -72.929591596645665, -40.766005845145372 ], [ -72.928949327268668, -40.765010126062933 ], [ -72.928006113288333, -40.763086566655048 ], [ -72.927834428169561, -40.762559189917155 ], [ -72.92778949533735, -40.761986325675316 ], [ -72.927613339303406, -40.761601925165756 ], [ -72.927368689423972, -40.761406797950734 ], [ -72.92598735719811, -40.761477329778835 ], [ -72.924762652530234, -40.761594593710406 ], [ -72.924729848750999, -40.761597703200145 ], [ -72.924708047537365, -40.761609732909655 ], [ -72.923645445659147, -40.762197814987843 ], [ -72.922174696028193, -40.76312467575034 ], [ -72.92158704062723, -40.763876726141007 ], [ -72.92153986200681, -40.763910938871291 ], [ -72.921311693517922, -40.764076429879921 ], [ -72.920624945856261, -40.764574453067524 ], [ -72.916722595990066, -40.767077931036674 ], [ -72.913465903946147, -40.768973446373792 ], [ -72.911356339858784, -40.770269853818327 ], [ -72.911034484272278, -40.770390701147882 ], [ -72.910740632766434, -40.77050100530311 ], [ -72.910023994561996, -40.77077003142719 ], [ -72.908684165400572, -40.771508438045629 ], [ -72.907102718173803, -40.771956389353562 ], [ -72.903932080242527, -40.773090483480047 ], [ -72.902527993690512, -40.773875261315503 ], [ -72.900175009517355, -40.774928808551884 ], [ -72.899160319284803, -40.775291661195681 ], [ -72.898150153866354, -40.775511527881768 ], [ -72.897272908567217, -40.775495537428689 ], [ -72.896650660841274, -40.775341297318057 ], [ -72.896158464015627, -40.775046250110535 ], [ -72.895661633679765, -40.774894181762768 ], [ -72.895164707224154, -40.774742115107763 ], [ -72.894541175805657, -40.774635415994332 ], [ -72.893787677928515, -40.774669291889552 ], [ -72.893336993150456, -40.775042468457229 ], [ -72.893010133947797, -40.775465461271281 ], [ -72.893054686792638, -40.776038280750683 ], [ -72.893409674941765, -40.776712081139749 ], [ -72.89370488110707, -40.777289487019154 ], [ -72.893937525002727, -40.777865687244095 ], [ -72.894055334560662, -40.77810619015407 ], [ -72.893978308516623, -40.778168106657475 ], [ -72.893570864144792, -40.778496075891994 ], [ -72.893476331732487, -40.778572304957088 ], [ -72.893031548885858, -40.778754725267547 ], [ -72.892340668973887, -40.778789795599984 ], [ -72.891839358739702, -40.778780613753916 ], [ -72.891093343828857, -40.778576374831147 ], [ -72.890847148847129, -40.778428879662499 ], [ -72.890411578223748, -40.778325624414613 ], [ -72.89009519158067, -40.778415170080542 ], [ -72.889074432330077, -40.778968400551754 ], [ -72.888314833095492, -40.779192855487601 ], [ -72.887746195927392, -40.779325432834518 ], [ -72.887049347608681, -40.779551007582484 ], [ -72.886723917625631, -40.779926351816975 ], [ -72.886580427928664, -40.780495778666918 ], [ -72.886565339825154, -40.780972124824288 ], [ -72.886423333246725, -40.781493843015291 ], [ -72.886403774228057, -40.782113091551416 ], [ -72.886391667632964, -40.782494243136277 ], [ -72.886131870361226, -40.782775523414969 ], [ -72.885312622991776, -40.782903483247281 ], [ -72.884685850451746, -40.782892009711169 ], [ -72.88406831169452, -40.782594644593381 ], [ -72.88364315973179, -40.782157852323785 ], [ -72.883534521972919, -40.781631527535772 ], [ -72.883549628042715, -40.781155107202551 ], [ -72.883379728774713, -40.780580090522442 ], [ -72.88321598566138, -40.779814383829248 ], [ -72.882908723206626, -40.779618025817349 ], [ -72.882532640817999, -40.779611148701868 ], [ -72.88208941385345, -40.779746037988083 ], [ -72.881459891570316, -40.780156326250577 ], [ -72.881449134244804, -40.780163255006563 ], [ -72.881383530279606, -40.780191580863736 ], [ -72.881131232143844, -40.78030041103186 ], [ -72.880620756398812, -40.780577065587849 ], [ -72.880297600950072, -40.780732396174876 ], [ -72.880047704011076, -40.780852504805416 ], [ -72.879960159593367, -40.780834132159242 ], [ -72.879798533809137, -40.780800253965886 ], [ -72.879362860777803, -40.780696886086822 ], [ -72.879171779235421, -40.780788748096249 ], [ -72.878912048438991, -40.781069937646691 ], [ -72.878863538515347, -40.78259439836151 ], [ -72.878897321458226, -40.783500672351302 ], [ -72.878625521795968, -40.784162936654397 ], [ -72.878102847827705, -40.784820660982753 ], [ -72.877213310880535, -40.785185602817123 ], [ -72.876517762424015, -40.785363487275269 ], [ -72.875327028446932, -40.785341572869484 ], [ -72.874399053487082, -40.784943125146519 ], [ -72.873795121511463, -40.784216993452297 ], [ -72.873429692243775, -40.783876567663128 ], [ -72.873249279991995, -40.783634976259329 ], [ -72.873000200519911, -40.783582706522814 ], [ -72.872806104231415, -40.783769828806264 ], [ -72.872665478363587, -40.784243827302824 ], [ -72.872398117277143, -40.784763250726954 ], [ -72.872258987104246, -40.785189615151481 ], [ -72.872209566288916, -40.785326133680293 ], [ -72.872190225560828, -40.785379089016402 ], [ -72.872189801556019, -40.785393488893753 ], [ -72.872182631203415, -40.785617263035618 ], [ -72.872488485998105, -40.785861206721272 ], [ -72.872922681300793, -40.78601216034162 ], [ -72.872725482231289, -40.786294553427844 ], [ -72.872269999551321, -40.786810487939974 ], [ -72.871245959653308, -40.787458914941901 ], [ -72.869905335482855, -40.788196756548132 ], [ -72.869274003094432, -40.788328102553614 ], [ -72.868584502994736, -40.788315401621929 ], [ -72.868090826643837, -40.788068015228497 ], [ -72.868026112909078, -40.787984979985204 ], [ -72.867964332173727, -40.787905607894373 ], [ -72.867789577511616, -40.787681079699254 ], [ -72.867810902618146, -40.787014115932166 ], [ -72.868457539604037, -40.786406426151906 ], [ -72.868965553965211, -40.785796893683326 ], [ -72.869240017132284, -40.785467574312371 ], [ -72.86968448646688, -40.784716832079141 ], [ -72.869770394154131, -40.784571785583665 ], [ -72.869539523532836, -40.783947818403988 ], [ -72.868934052743157, -40.78326929469835 ], [ -72.868013850007131, -40.782632613943548 ], [ -72.867333525299742, -40.782334094043229 ], [ -72.866716065594261, -40.782036706021429 ], [ -72.866281905325863, -40.781885652897756 ], [ -72.865780566345592, -40.781876359245686 ], [ -72.865091132721219, -40.781863633953115 ], [ -72.864589792842622, -40.781854334176082 ], [ -72.864089961235379, -40.781797397500824 ], [ -72.863779637322168, -40.78169633231628 ], [ -72.863469410427001, -40.781595263576897 ], [ -72.862844244074708, -40.781535958190616 ], [ -72.862403974364057, -40.781575504870339 ], [ -72.861956070770134, -40.781853225440138 ], [ -72.861124620685885, -40.782362167300313 ], [ -72.860173849179048, -40.782678125984198 ], [ -72.85929649518377, -40.78266185021274 ], [ -72.858481809459349, -40.782646714449079 ], [ -72.857732714225378, -40.782537454838469 ], [ -72.857300179009343, -40.782338803756005 ], [ -72.857124453268398, -40.781954203319707 ], [ -72.857011395798324, -40.781570750209625 ], [ -72.857029721430123, -40.780999203502688 ], [ -72.856786701992945, -40.780756286092235 ], [ -72.85648102326806, -40.780512293726311 ], [ -72.856296045778024, -40.780413505326258 ], [ -72.855857385848353, -40.780405388250415 ], [ -72.855592586757126, -40.780548812678553 ], [ -72.855346887645453, -40.780681858710302 ], [ -72.855076273759366, -40.78129644652315 ], [ -72.854923338277189, -40.782151657034703 ], [ -72.855216730743933, -40.782776736205577 ], [ -72.856595384193625, -40.784756642813875 ], [ -72.857498612364026, -40.785917408055873 ], [ -72.858041325949671, -40.786594847062169 ], [ -72.858217066961956, -40.786979372334883 ], [ -72.858382155751613, -40.787697488229533 ], [ -72.858097766200657, -40.788740799213123 ], [ -72.857296579459998, -40.790251209408545 ], [ -72.856249281280952, -40.791614041826818 ], [ -72.855350360532327, -40.792264707057591 ], [ -72.854212897549914, -40.792529469252585 ], [ -72.85194609235522, -40.792762044253287 ], [ -72.851199636371575, -40.792616358357286 ], [ -72.850580531850795, -40.792366522630601 ], [ -72.849666423285669, -40.791539155298302 ], [ -72.848753955044245, -40.790664215810828 ], [ -72.847957657833675, -40.790077310634729 ], [ -72.846965574603587, -40.789725192924216 ], [ -72.845843593186757, -40.789513587866999 ], [ -72.84496614486838, -40.789497206990603 ], [ -72.844019749953617, -40.789670208157027 ], [ -72.843321098716117, -40.789943017714577 ], [ -72.842750844580507, -40.790123085541509 ], [ -72.842235556560482, -40.790542410348841 ], [ -72.841659112134252, -40.790913016009341 ], [ -72.841275248538594, -40.791144110629823 ], [ -72.84064239530241, -40.791322935360668 ], [ -72.839946664487911, -40.791500532696332 ], [ -72.839056908351822, -40.791865263035511 ], [ -72.83816389312787, -40.792325114825061 ], [ -72.83764856288704, -40.792744495095768 ], [ -72.837316583287262, -40.793310183093759 ], [ -72.836952105335456, -40.794876364146745 ], [ -72.836737753833944, -40.795682620139317 ], [ -72.836012796331673, -40.796765337851461 ], [ -72.834204926940927, -40.798352041162893 ], [ -72.833373048360244, -40.798860726693974 ], [ -72.832100645845742, -40.799408847143063 ], [ -72.830900364573807, -40.799672222840684 ], [ -72.828386745458175, -40.799815529496541 ], [ -72.827506092849177, -40.799894290971643 ], [ -72.825732227386879, -40.800432883345742 ], [ -72.822494669458507, -40.801611094093516 ], [ -72.820079913533164, -40.802566510128074 ], [ -72.819373141525503, -40.803077366525379 ], [ -72.818075636488686, -40.804387512303542 ], [ -72.817238836936909, -40.805038924062814 ], [ -72.816474049931557, -40.805405833427081 ], [ -72.816210779772931, -40.805782169102656 ], [ -72.816074426292573, -40.806113209324117 ], [ -72.815819187072591, -40.808157970105128 ], [ -72.815916480007758, -40.809017828734753 ], [ -72.816148495981011, -40.809594211936215 ], [ -72.816131275277016, -40.8101182080201 ], [ -72.815546807996967, -40.810726723751785 ], [ -72.813952835560201, -40.811506839433349 ], [ -72.811230273699366, -40.812265548304886 ], [ -72.809343077679145, -40.812420327479813 ], [ -72.807402643901895, -40.812288157514573 ], [ -72.80608909136086, -40.81216785554394 ], [ -72.804835239955267, -40.812143981007189 ], [ -72.803759996086043, -40.812409438993022 ], [ -72.803063937386455, -40.812586901048398 ], [ -72.802553061891118, -40.812863152531541 ], [ -72.802294330919622, -40.813096555780135 ], [ -72.802162643288867, -40.8132847459296 ], [ -72.802030946674932, -40.81347279005049 ], [ -72.801831912347339, -40.81380270953921 ], [ -72.801134278002749, -40.814027721846678 ], [ -72.800446236767058, -40.813966982332367 ], [ -72.800142137280446, -40.813675129479037 ], [ -72.799802865157218, -40.813501810815225 ], [ -72.799172776935464, -40.813585150684666 ], [ -72.798788633963781, -40.813816189494887 ], [ -72.79871177949795, -40.814243735935328 ], [ -72.798766618951106, -40.814483020657725 ], [ -72.798948417303365, -40.814677175452097 ], [ -72.799377914417121, -40.814971387794444 ], [ -72.799750818566281, -40.815073807613409 ], [ -72.800061222429548, -40.815175116375286 ], [ -72.800205284353353, -40.815177816118137 ], [ -72.800217045995367, -40.815178018717816 ], [ -72.800625525226408, -40.815185865035964 ], [ -72.801630279193603, -40.815157362385115 ], [ -72.802570685040365, -40.81517524011069 ], [ -72.803442298800988, -40.815382544822874 ], [ -72.80405827448962, -40.815727905293876 ], [ -72.804481416921064, -40.816212644403343 ], [ -72.804776063435924, -40.816790154839055 ], [ -72.804750925879333, -40.817552407127124 ], [ -72.804407624812043, -40.818451466139486 ], [ -72.804071996255587, -40.818737946373233 ], [ -72.803975885503334, -40.818819911172497 ], [ -72.803697474240593, -40.819057581120717 ], [ -72.802863452279666, -40.819613705512346 ], [ -72.801725377544528, -40.819877973843127 ], [ -72.800403827302517, -40.81999571932365 ], [ -72.798707693960054, -40.820058740894723 ], [ -72.796889245110194, -40.820023960206377 ], [ -72.795945662820586, -40.820101310877007 ], [ -72.794366960845323, -40.820404811897141 ], [ -72.793485973164721, -40.820483252539461 ], [ -72.792799418640854, -40.820374760158863 ], [ -72.791550074981359, -40.820207841084283 ], [ -72.790802282304568, -40.820050521934569 ], [ -72.790308718243054, -40.819802724227372 ], [ -72.789880786892851, -40.819460915959453 ], [ -72.789777576754915, -40.818791637825235 ], [ -72.789823434851868, -40.817410257110765 ], [ -72.789290755447936, -40.816446655893174 ], [ -72.788513630082164, -40.815287843292367 ], [ -72.788212793276671, -40.814900756392078 ], [ -72.787908841113762, -40.81460893960034 ], [ -72.787161216421921, -40.814451590855327 ], [ -72.786591906415666, -40.814265800571718 ], [ -72.786540653935447, -40.81424904167406 ], [ -72.78624849575391, -40.814078929444896 ], [ -72.785863541603518, -40.813854764439427 ], [ -72.784750855054938, -40.813356680349187 ], [ -72.784130211720083, -40.813154121706198 ], [ -72.783569237181339, -40.813047940510977 ], [ -72.782762070355844, -40.812794176454439 ], [ -72.782205795802682, -40.81254515435193 ], [ -72.781776385825523, -40.812250874139039 ], [ -72.781403328962753, -40.81214839964985 ], [ -72.780718537831774, -40.81199219205611 ], [ -72.780094690206312, -40.81188488512921 ], [ -72.779660602701455, -40.811733576274719 ], [ -72.778845632211087, -40.811717888939995 ], [ -72.778340817648967, -40.811803424405419 ], [ -72.777702778438638, -40.812124829019574 ], [ -72.777072661470783, -40.812207976168644 ], [ -72.776135425778676, -40.812094616474234 ], [ -72.775698107033747, -40.812038493729865 ], [ -72.775132258236269, -40.812075259143597 ], [ -72.774553759362973, -40.812493110662253 ], [ -72.774221140162723, -40.813058569176427 ], [ -72.774192410243302, -40.813916030961629 ], [ -72.774432131066774, -40.814254327695991 ], [ -72.774660580728366, -40.81492608349317 ], [ -72.774765292849452, -40.815547668969302 ], [ -72.774627148128417, -40.815926378296425 ], [ -72.77424780216036, -40.816014424483868 ], [ -72.773747756754091, -40.815957104428293 ], [ -72.773434342636307, -40.815950991836203 ], [ -72.772152934511055, -40.815807116307326 ], [ -72.771524343780868, -40.815842597420762 ], [ -72.770826670808731, -40.816067428086861 ], [ -72.770508447110913, -40.816204292395092 ], [ -72.770069532958033, -40.816195786058898 ], [ -72.769575879065002, -40.815947973951829 ], [ -72.769018048629775, -40.815746524591788 ], [ -72.768706114037244, -40.815692839513225 ], [ -72.768389456102966, -40.815781988061282 ], [ -72.768063163737267, -40.816156958209881 ], [ -72.768116326934091, -40.816443973198268 ], [ -72.768478094668694, -40.816880025270024 ], [ -72.768912296259572, -40.817031445439731 ], [ -72.769092340202079, -40.817273143068711 ], [ -72.769142271260506, -40.817655504840303 ], [ -72.768447813358762, -40.817785047416578 ], [ -72.767946184222637, -40.817775338649469 ], [ -72.767385097394509, -40.817669156012442 ], [ -72.766637475397616, -40.81751167243889 ], [ -72.766330355775011, -40.817315071027586 ], [ -72.766024904323899, -40.8170707554671 ], [ -72.766100408621838, -40.816691004345323 ], [ -72.766421792592837, -40.816458879625749 ], [ -72.766871920415397, -40.816133868981261 ], [ -72.766947417526822, -40.815754117935207 ], [ -72.766773675266037, -40.815321725645205 ], [ -72.766227079161737, -40.814786875759928 ], [ -72.765738268086409, -40.814396061593996 ], [ -72.764808985179485, -40.81404435366337 ], [ -72.762944051208635, -40.813531607992005 ], [ -72.761945782179467, -40.813369221476748 ], [ -72.761188555395563, -40.813497523479882 ], [ -72.759362362169654, -40.813700322431792 ], [ -72.75403009289883, -40.813691963308457 ], [ -72.75327620605114, -40.813724935437691 ], [ -72.752655637276447, -40.813522129082315 ], [ -72.752478735640835, -40.813185133993898 ], [ -72.752364621751966, -40.812849191700984 ], [ -72.752062415015644, -40.81250963748036 ], [ -72.751879266495536, -40.812363034914156 ], [ -72.751255455700985, -40.812255643600217 ], [ -72.750065861685997, -40.812184740068098 ], [ -72.749498400412591, -40.812269015087125 ], [ -72.748611090389005, -40.812537655146158 ], [ -72.747596593294247, -40.81285151895954 ], [ -72.746775146848989, -40.813026152863401 ], [ -72.746177068295765, -40.813085954996161 ], [ -72.745811298566579, -40.813170663997042 ], [ -72.745797789701342, -40.81317390569 ], [ -72.745773676224161, -40.813185387591048 ], [ -72.745415128949887, -40.813356986976594 ], [ -72.745029290857246, -40.813635413590553 ], [ -72.744579163034672, -40.813960340612432 ], [ -72.744251144106997, -40.814382811553159 ], [ -72.74392153785621, -40.814853065705769 ], [ -72.743596700761273, -40.815180409122107 ], [ -72.743082254462678, -40.815551611482675 ], [ -72.742189901297095, -40.815963121160046 ], [ -72.741619114460505, -40.816142635029948 ], [ -72.741050109881442, -40.816274504979596 ], [ -72.740357093775728, -40.816356245751969 ], [ -72.739979381843156, -40.816396541965176 ], [ -72.739542055013388, -40.816340282130298 ], [ -72.738911839230894, -40.816423296864151 ], [ -72.738471420399904, -40.816462303358264 ], [ -72.737907093348511, -40.816451250330864 ], [ -72.737402274294837, -40.816536607011862 ], [ -72.737143484034519, -40.816769867486137 ], [ -72.737023794302701, -40.816967629651302 ], [ -72.736944007735786, -40.817099618293632 ], [ -72.736728318642804, -40.817108015738725 ], [ -72.736127265767664, -40.817131271190235 ], [ -72.735693321993267, -40.816979716638834 ], [ -72.734952255002995, -40.816631475362513 ], [ -72.733528054273464, -40.816079247375349 ], [ -72.732976715064467, -40.815687070905682 ], [ -72.732679486791469, -40.815204622498463 ], [ -72.732256855501419, -40.814719595917417 ], [ -72.731870711083303, -40.813855068345013 ], [ -72.73142215890573, -40.813252173353682 ], [ -72.731300691407952, -40.813054997732898 ], [ -72.730921442457955, -40.812901505706819 ], [ -72.730599592261314, -40.812943798808689 ], [ -72.730213685896729, -40.812984918398342 ], [ -72.729768643436998, -40.812878850473695 ], [ -72.729074111873373, -40.812572959196665 ], [ -72.728556330130118, -40.812322872909697 ], [ -72.728418500717765, -40.812256288140361 ], [ -72.728128373627101, -40.81211613450899 ], [ -72.727883922275339, -40.811770513872027 ], [ -72.727892227200144, -40.811527156951605 ], [ -72.728227308682591, -40.811095650227188 ], [ -72.728555810005588, -40.810858605146471 ], [ -72.72907648522235, -40.810625371482026 ], [ -72.729991262134064, -40.810107887565842 ], [ -72.730520221614384, -40.809631292148168 ], [ -72.730853634027014, -40.809248375544897 ], [ -72.731269428239429, -40.808331463192772 ], [ -72.731491307623031, -40.807459414477172 ], [ -72.731319206584288, -40.806871688849292 ], [ -72.731151933990162, -40.806138027771738 ], [ -72.731161178552739, -40.805864908744027 ], [ -72.731168528568418, -40.80565146143303 ], [ -72.731247440176219, -40.805214814028275 ], [ -72.731323068441682, -40.804875434250285 ], [ -72.731279678915143, -40.804685172173841 ], [ -72.731267314503583, -40.804630906288033 ], [ -72.730829080375372, -40.804330150924294 ], [ -72.730195314450853, -40.804122926595802 ], [ -72.728528800359925, -40.804138798640111 ], [ -72.727433537534608, -40.804312047244352 ], [ -72.723627239131872, -40.805064640470412 ], [ -72.722719162753862, -40.805387534210681 ], [ -72.721692852813121, -40.805415966942405 ], [ -72.720280766763508, -40.805485472221832 ], [ -72.719064135255095, -40.805461449768288 ], [ -72.717422591634133, -40.8050092107881 ], [ -72.71735021257507, -40.804989265257127 ], [ -72.717220510221082, -40.804930371746245 ], [ -72.715331210346463, -40.804072880196983 ], [ -72.71350256741475, -40.803208902049349 ], [ -72.712740855342616, -40.802999064420312 ], [ -72.711913438693983, -40.802836562369905 ], [ -72.711028689767275, -40.802478110177681 ], [ -72.709651813185232, -40.801525743371357 ], [ -72.706835775330873, -40.799570802685473 ], [ -72.705910563588844, -40.798529861788815 ], [ -72.705666183204002, -40.798184189430707 ], [ -72.705719710218517, -40.797944246816201 ], [ -72.705725011177009, -40.79792091187533 ], [ -72.705741841113849, -40.797844824705344 ], [ -72.705879987631519, -40.797555460632672 ], [ -72.705576640933117, -40.797062585111775 ], [ -72.70526656136164, -40.796764249766071 ], [ -72.704825168756912, -40.796560657114142 ], [ -72.704206588852259, -40.795915384712835 ], [ -72.704105356804575, -40.795134333588635 ], [ -72.70411541434251, -40.794842376143919 ], [ -72.704158631392517, -40.794771195578456 ], [ -72.704319264538356, -40.794505604468597 ], [ -72.704587057714434, -40.794170096713806 ], [ -72.705116606489597, -40.793788325255022 ], [ -72.705178380936744, -40.793743622647696 ], [ -72.70608142405419, -40.793566884819946 ], [ -72.706913780538571, -40.793583417031606 ], [ -72.707631415872953, -40.793208198265319 ], [ -72.707643212549286, -40.792867566932365 ], [ -72.707083712145931, -40.792369583753519 ], [ -72.706586597942433, -40.79192145384792 ], [ -72.706528717692038, -40.79186171357496 ], [ -72.706405754499315, -40.791734938743126 ], [ -72.706153534517, -40.791474656649036 ], [ -72.705541728807901, -40.790634774948884 ], [ -72.705169397783891, -40.790286501510849 ], [ -72.705053131531614, -40.789943348934621 ], [ -72.705061527186274, -40.789700062282961 ], [ -72.70525852503313, -40.789557907010064 ], [ -72.705521412509455, -40.789368335567048 ], [ -72.706035085358579, -40.789329831405162 ], [ -72.706798380262242, -40.789491120526492 ], [ -72.707374534532633, -40.789502611966121 ], [ -72.707953999094855, -40.789416684569375 ], [ -72.708566802832237, -40.789108575378819 ], [ -72.708605987344924, -40.789088870597524 ], [ -72.70862571345026, -40.789047438303598 ], [ -72.708882120480112, -40.788510068263832 ], [ -72.708967894318377, -40.787878815651887 ], [ -72.708677923534566, -40.786996573417305 ], [ -72.708254927528515, -40.78625789820174 ], [ -72.707380468803393, -40.785607448897267 ], [ -72.707190891939106, -40.785518303343999 ], [ -72.706623955281842, -40.785251620276185 ], [ -72.705900393761496, -40.784872078165655 ], [ -72.705263660701604, -40.784761971315326 ], [ -72.704364059928295, -40.784841502923669 ], [ -72.703449405187499, -40.785358853275852 ], [ -72.70284641644291, -40.78612594479759 ], [ -72.702054721301565, -40.786791826515497 ], [ -72.701301671683709, -40.787198099171192 ], [ -72.701271417323255, -40.787214343224221 ], [ -72.701213394240739, -40.787219969434673 ], [ -72.700435812530813, -40.787295109089236 ], [ -72.699793977040088, -40.787330989732141 ], [ -72.698695561128119, -40.787601225700953 ], [ -72.697784253510036, -40.788021261539654 ], [ -72.697329426600234, -40.788206941660832 ], [ -72.696749854240167, -40.788292744797076 ], [ -72.696241079005958, -40.788185196188245 ], [ -72.695230300038148, -40.787775476473158 ], [ -72.694160501756201, -40.78721853975695 ], [ -72.693651739996724, -40.787110979206105 ], [ -72.692620772291221, -40.787285153047414 ], [ -72.691453272340652, -40.787699921112598 ], [ -72.690599173033121, -40.788315859356118 ], [ -72.689680920539587, -40.788930452703489 ], [ -72.688582527085487, -40.789200592386095 ], [ -72.685682574007203, -40.789800884045711 ], [ -72.674351434320769, -40.791064873576637 ], [ -72.668201920923593, -40.791500121231429 ], [ -72.648592398957192, -40.790915543310355 ], [ -72.635332049943017, -40.791203893035181 ], [ -72.614635746145865, -40.793575021369911 ], [ -72.579547085820849, -40.800303366731299 ], [ -72.555079164879146, -40.805008904122118 ], [ -72.521439702703077, -40.808782750748556 ], [ -72.521434723341471, -40.808686845158491 ], [ -72.512557645365646, -40.810088041475296 ], [ -72.502160757167971, -40.811250340344067 ], [ -72.491175070013952, -40.814087771231343 ], [ -72.480559603741341, -40.817125828353419 ], [ -72.469599528454381, -40.820641705263569 ], [ -72.458455153905405, -40.823891313904412 ], [ -72.447841398923416, -40.827439672449138 ], [ -72.438385350458773, -40.830823778380839 ], [ -72.428001880396494, -40.835222157026877 ], [ -72.417753286085926, -40.839663048685992 ], [ -72.410299998309569, -40.843022043461538 ], [ -72.400963637780123, -40.846765946607078 ], [ -72.391115057875666, -40.850799223918003 ], [ -72.380768647810456, -40.854874384164404 ], [ -72.368057905155084, -40.859808741882475 ], [ -72.356686999745989, -40.864547305341688 ], [ -72.345162094351068, -40.869074014748058 ], [ -72.334224712304831, -40.873757288897387 ], [ -72.328240343392849, -40.876811609368488 ], [ -72.323626455058132, -40.879505598627851 ], [ -72.319127755895622, -40.881540191328874 ], [ -72.311309252650631, -40.883749311053073 ], [ -72.301198073629081, -40.884197583981269 ], [ -72.289734817815486, -40.885509173082937 ], [ -72.281752008213445, -40.886010262922994 ], [ -72.273248436258029, -40.885300485552683 ], [ -72.26457208773077, -40.883653839212371 ], [ -72.257059282075247, -40.882007217102881 ], [ -72.252143027104097, -40.880998518669465 ], [ -72.251601467853604, -40.880909036718542 ], [ -72.250905524138361, -40.880793362976561 ], [ -72.250209899325057, -40.880682176460638 ], [ -72.249513768760266, -40.880566572958379 ], [ -72.248818608375942, -40.880450864658116 ], [ -72.248122477811151, -40.880335179248277 ], [ -72.247426276279427, -40.880223918609346 ], [ -72.246729985814497, -40.880112803131951 ], [ -72.246031797209383, -40.880010517746278 ], [ -72.245333710113883, -40.879908298085063 ], [ -72.244633217330062, -40.879810494437059 ], [ -72.243932122674991, -40.879726206102475 ], [ -72.243229397577679, -40.879646312108115 ], [ -72.242525386991204, -40.879561950210373 ], [ -72.241820770041898, -40.879491027640036 ], [ -72.241115475762882, -40.879420120615436 ], [ -72.240409236456202, -40.879353736351909 ], [ -72.239702895639866, -40.879287203275418 ], [ -72.238995540625581, -40.879229768801601 ], [ -72.238288622192528, -40.879163315747121 ], [ -72.237581435163193, -40.879101293786952 ], [ -72.23687442150873, -40.879034836528248 ], [ -72.236168016912018, -40.878972857237969 ], [ -72.235461950980181, -40.878901862719232 ], [ -72.234756498597662, -40.878835422240591 ], [ -72.23405206490466, -40.878759946129122 ], [ -72.233347221579919, -40.878680050968491 ], [ -72.232643571217864, -40.878604618828774 ], [ -72.231939140219851, -40.878529129549044 ], [ -72.231234983207983, -40.878449202186665 ], [ -72.230530821704534, -40.878369197976312 ], [ -72.229827175834046, -40.878293747822696 ], [ -72.229123701541795, -40.878213788252879 ], [ -72.228419718803082, -40.878129338268536 ], [ -72.227716343325511, -40.878049367632549 ], [ -72.227013043306428, -40.877964889590402 ], [ -72.226310693704903, -40.877875954387257 ], [ -72.22560817252517, -40.877791445558813 ], [ -72.224905244408603, -40.877702516914837 ], [ -72.224203506559789, -40.877618052014533 ], [ -72.223501165043103, -40.877529099364757 ], [ -72.222799503551101, -40.877440122822541 ], [ -72.222098210368344, -40.877346704694091 ], [ -72.221396820167556, -40.877253211718738 ], [ -72.220696990340414, -40.877159817778761 ], [ -72.219996626015671, -40.877057360739322 ], [ -72.21929791818431, -40.876954925955921 ], [ -72.2185998948692, -40.876852541277174 ], [ -72.217902990854938, -40.876741120598432 ], [ -72.217208328137289, -40.876629780561025 ], [ -72.216514959891995, -40.876504971090789 ], [ -72.215827532205651, -40.876362285899162 ], [ -72.215144244854457, -40.876210700333694 ], [ -72.214462760422052, -40.876050132824318 ], [ -72.213780330063642, -40.875894014640778 ], [ -72.213095832681773, -40.875751378396359 ], [ -72.21240566603214, -40.87562210259339 ], [ -72.211709121343972, -40.875519635023004 ], [ -72.211009052564975, -40.875430689742181 ], [ -72.210306159482698, -40.875341596265862 ], [ -72.209601710518356, -40.875270546229736 ], [ -72.208894659134629, -40.875203915312817 ], [ -72.208187529597481, -40.875141710320932 ], [ -72.207479042705955, -40.875079538553891 ], [ -72.206770968141129, -40.875021851144147 ], [ -72.206063263682211, -40.874959723415884 ], [ -72.205355967058409, -40.87490200465615 ], [ -72.20464996580526, -40.874830818976896 ], [ -72.203943018626106, -40.874764156371725 ], [ -72.203236773929532, -40.874701968627257 ], [ -72.202529828547014, -40.874635297062007 ], [ -72.201823221829358, -40.874577612661454 ], [ -72.201115079890883, -40.874524392961632 ], [ -72.200406939749044, -40.874471168464233 ], [ -72.199698263312982, -40.874426956308795 ], [ -72.198988224132634, -40.874382703368397 ], [ -72.198277332451084, -40.874342896821688 ], [ -72.197566507244858, -40.874316585756439 ], [ -72.196855241864128, -40.874299283686625 ], [ -72.19614501673253, -40.874295524670039 ], [ -72.195434686498018, -40.874309765323432 ], [ -72.194725634566154, -40.874346544437259 ], [ -72.194016498192667, -40.87440582325624 ], [ -72.193306830914835, -40.874456112058056 ], [ -72.192598036799481, -40.874506372292863 ], [ -72.191888203333349, -40.874543154693733 ], [ -72.191176918189683, -40.87456189672212 ], [ -72.190461172910659, -40.874584890205846 ], [ -72.189743613034736, -40.874594426273866 ], [ -72.18902890710649, -40.874590525309685 ], [ -72.188319712342491, -40.874559685065257 ], [ -72.187619320169972, -40.874497609206038 ], [ -72.186929197537793, -40.87438618116736 ], [ -72.186246663873121, -40.874234402242969 ], [ -72.185570181260218, -40.874064818186561 ], [ -72.184897140093156, -40.873881781577325 ], [ -72.184226004252807, -40.873689759827961 ], [ -72.183553648500308, -40.873506695690381 ], [ -72.183305296663605, -40.87343756329448 ], [ -72.182956198767783, -40.873257959336058 ], [ -72.182541681061394, -40.873153204400005 ], [ -72.181920415194043, -40.872989452520173 ], [ -72.18165847813529, -40.872906524914157 ], [ -72.181247295873561, -40.872725236951901 ], [ -72.180918477445289, -40.872573103713179 ], [ -72.180440254812197, -40.872327335016571 ], [ -72.180385315646049, -40.872294395424895 ], [ -72.180194431733014, -40.872195190041225 ], [ -72.179879209306563, -40.872056919041924 ], [ -72.179506598906485, -40.87194413444368 ], [ -72.179089380864355, -40.871902450930229 ], [ -72.178686271762075, -40.871861113825091 ], [ -72.178281751406487, -40.871851171151775 ], [ -72.177846484413664, -40.871903533707453 ], [ -72.177411555187376, -40.871964960567084 ], [ -72.176832050200971, -40.872112858528276 ], [ -72.176480184595775, -40.872189772782434 ], [ -72.17622474235651, -40.872287121704396 ], [ -72.175942215911448, -40.872356737589207 ], [ -72.175647403208245, -40.872399097377567 ], [ -72.175265416193227, -40.872506793417188 ], [ -72.175053862943841, -40.872564638572698 ], [ -72.174827865682971, -40.872613142277764 ], [ -72.174587472021358, -40.872683806620522 ], [ -72.174265073852411, -40.872716446458284 ], [ -72.173985602577631, -40.872732112569359 ], [ -72.173719886306486, -40.87273463607432 ], [ -72.17337198945819, -40.872703564011914 ], [ -72.173109885312797, -40.872625049301902 ], [ -72.172749529729842, -40.872571224835205 ], [ -72.172543862242179, -40.8724716027901 ], [ -72.172389379861073, -40.872373227749947 ], [ -72.17217065446242, -40.872268798826653 ], [ -72.171955542087872, -40.872146416355591 ], [ -72.171686854189744, -40.872031704787503 ], [ -72.171545075783413, -40.871965220052971 ], [ -72.171336937030389, -40.871856515075656 ], [ -72.171196996577109, -40.87174504726908 ], [ -72.170943439901649, -40.871639804929202 ], [ -72.170757996185984, -40.871536154670395 ], [ -72.170556459151982, -40.871445564237135 ], [ -72.170368581900192, -40.871382486224775 ], [ -72.170149259121914, -40.871359082017783 ], [ -72.169922119203989, -40.871349025148589 ], [ -72.169725457327061, -40.871195585189511 ], [ -72.169499573253901, -40.870928809679235 ], [ -72.169369394792824, -40.870781508890289 ], [ -72.169254456250528, -40.870625598374474 ], [ -72.169137274614997, -40.870469529215136 ], [ -72.169055184767686, -40.870305410669161 ], [ -72.169009174855461, -40.870115215378284 ], [ -72.168967272939028, -40.869952057847286 ], [ -72.168933364232018, -40.869771046424155 ], [ -72.168884083553849, -40.869589720666468 ], [ -72.168864288278243, -40.869409133500049 ], [ -72.16887796423012, -40.869229322293016 ], [ -72.168898938993706, -40.869049680425789 ], [ -72.168926533442587, -40.868870297569224 ], [ -72.168933841237418, -40.868681291714523 ], [ -72.168905621561095, -40.868509494482524 ], [ -72.168810299529667, -40.86834500220791 ], [ -72.168741643987445, -40.868181252702129 ], [ -72.168727881797309, -40.868000794162477 ], [ -72.168734063104765, -40.867820746122639 ], [ -72.16876175547003, -40.867641361974869 ], [ -72.168816785366005, -40.867462553411798 ], [ -72.168884699798127, -40.867293055947876 ], [ -72.168967267549149, -40.867114964498462 ], [ -72.16902866829713, -40.866945424705477 ], [ -72.169069583863376, -40.866766192395758 ], [ -72.169070710350752, -40.866586136923068 ], [ -72.169055295260478, -40.86640565025958 ], [ -72.169021585979422, -40.866224707945527 ], [ -72.168980714430646, -40.866052520511374 ], [ -72.168911628595396, -40.865879706952896 ], [ -72.168837485245106, -40.865706812101202 ], [ -72.168755403482663, -40.865542693299659 ], [ -72.168666562795991, -40.865369316588229 ], [ -72.168563075976962, -40.865204679963583 ], [ -72.168475060842042, -40.865040428802388 ], [ -72.168386460903875, -40.864876120847384 ], [ -72.168311538714249, -40.864703172423823 ], [ -72.168250627548105, -40.864530503444406 ], [ -72.168229474019796, -40.864349878703166 ], [ -72.168215714524578, -40.864169420592482 ], [ -72.168195241020939, -40.863988777882348 ], [ -72.168168387682144, -40.863817016032066 ], [ -72.168113431448006, -40.863626549379894 ], [ -72.168051494405788, -40.863462909134256 ], [ -72.167969858207726, -40.863289702935262 ], [ -72.167819755113626, -40.863141914347594 ], [ -72.167723748565976, -40.862995442737194 ], [ -72.167599877176499, -40.862839333854282 ], [ -72.167463786902516, -40.862691897537985 ], [ -72.167327697526872, -40.862544460893425 ], [ -72.167190924533273, -40.862396969570248 ], [ -72.167054390491572, -40.862258546310265 ], [ -72.16691830381086, -40.86211110938045 ], [ -72.167006883087765, -40.861843064184775 ], [ -72.16702046741149, -40.861663256211912 ], [ -72.16704714557882, -40.861474750200109 ], [ -72.167054793835135, -40.861294809425345 ], [ -72.16706166684537, -40.861114890581703 ], [ -72.167068302700372, -40.860925903355891 ], [ -72.167061495267149, -40.860754623407907 ], [ -72.167047198579411, -40.860583180640589 ], [ -72.166993105626247, -40.860410692510868 ], [ -72.166836632578509, -40.86027178340337 ], [ -72.166644182901905, -40.860158948838354 ], [ -72.166446655947354, -40.860063960681401 ], [ -72.166234932916353, -40.859968771963572 ], [ -72.166022855050812, -40.859882446645209 ], [ -72.165818951854362, -40.859796339304054 ], [ -72.16561203660676, -40.859710240003871 ], [ -72.165414419820678, -40.859615326617856 ], [ -72.165223529619439, -40.859502520149178 ], [ -72.165038485654065, -40.859389995444154 ], [ -72.164869019374024, -40.859259705265302 ], [ -72.164704807340087, -40.859129564980698 ], [ -72.164533203069681, -40.858999257983633 ], [ -72.164397127168755, -40.85885181787517 ], [ -72.164300803515786, -40.858696350788321 ], [ -72.164212567395325, -40.858522952757255 ], [ -72.164143503119647, -40.858350136537034 ], [ -72.164109271019115, -40.858178207193497 ], [ -72.164116927360269, -40.857998266975123 ], [ -72.164130519768833, -40.857818458756363 ], [ -72.164130550311569, -40.857629357493039 ], [ -72.164082987212211, -40.857457056668167 ], [ -72.163994412426888, -40.857292817546885 ], [ -72.163617678759664, -40.85710336147686 ], [ -72.163454251853281, -40.856973197931559 ], [ -72.163269896895741, -40.856860651943968 ], [ -72.163057832504919, -40.85677432053668 ], [ -72.162818382972674, -40.856741419410248 ], [ -72.162580613290018, -40.856735623798777 ], [ -72.162346983044173, -40.856720860274557 ], [ -72.162107750904241, -40.856714955951063 ], [ -72.161869977628314, -40.856709084919558 ], [ -72.161637772110524, -40.856730360187306 ], [ -72.16139883731293, -40.856769525740702 ], [ -72.161173046664587, -40.856745911858113 ], [ -72.160940897740659, -40.856713250559473 ], [ -72.160709190787841, -40.856671500385673 ], [ -72.160476704995688, -40.856629697868712 ], [ -72.160238190609647, -40.856587838931851 ], [ -72.160011992126172, -40.856537230131856 ], [ -72.159779859371909, -40.856486488802176 ], [ -72.159567882117685, -40.856418225308524 ], [ -72.159368820840612, -40.856323192379634 ], [ -72.15917157505875, -40.856219330620299 ], [ -72.158980259056051, -40.856115527130413 ], [ -72.158789060732659, -40.855993717474853 ], [ -72.15859774652661, -40.855889912951973 ], [ -72.158413848811534, -40.855768344765266 ], [ -72.158235863807661, -40.855664838847105 ], [ -72.158064707796569, -40.855543511452439 ], [ -72.15789458484808, -40.855413227976442 ], [ -72.157688705357998, -40.855336161063654 ], [ -72.157525485962452, -40.855115969681535 ], [ -72.157368264618057, -40.8549769951142 ], [ -72.157204853881339, -40.854846821955256 ], [ -72.157046955207221, -40.854707864489257 ], [ -72.156903159184765, -40.854569185310773 ], [ -72.156760046780207, -40.854430560198999 ], [ -72.156616605592276, -40.8542829427737 ], [ -72.156493883148059, -40.854135791812134 ], [ -72.156370831920427, -40.853979647779639 ], [ -72.156254844145892, -40.853814677082433 ], [ -72.156159134042255, -40.853659259326214 ], [ -72.156055795445241, -40.85349460650356 ], [ -72.155974203264606, -40.853321389865528 ], [ -72.155885653632112, -40.853157143208897 ], [ -72.155803970721621, -40.852984002469505 ], [ -72.155728414321416, -40.852810989019709 ], [ -72.155653189399516, -40.852646968044269 ], [ -72.155584933607585, -40.85247419696902 ], [ -72.155529675539512, -40.852292733481619 ], [ -72.155489632237419, -40.852120664750622 ], [ -72.155461803328237, -40.85193977785967 ], [ -72.155428042843226, -40.851758832718176 ], [ -72.15536640134674, -40.851586175520019 ], [ -72.155305990542203, -40.851404630779264 ], [ -72.155229988577588, -40.851240556719119 ], [ -72.155141014041959, -40.851067246532956 ], [ -72.155059180214522, -40.850903110482534 ], [ -72.1549697592162, -40.850738812983941 ], [ -72.154881895896565, -40.850574547694066 ], [ -72.154792239539631, -40.850401182085086 ], [ -72.154697760127945, -40.850236727735208 ], [ -72.154601043012875, -40.850072186679739 ], [ -72.154513083573519, -40.849907923134744 ], [ -72.154417151586017, -40.849743509010757 ], [ -72.154321463940249, -40.849569938732778 ], [ -72.154225858939526, -40.849414441709072 ], [ -72.154129829035639, -40.849250029758174 ], [ -72.154027864861007, -40.849085411505634 ], [ -72.153931930178558, -40.848920922632253 ], [ -72.153829966902222, -40.848756304241654 ], [ -72.15372035087799, -40.848600379248232 ], [ -72.153610996263509, -40.848435593577989 ], [ -72.153488292683917, -40.848288437783864 ], [ -72.153351158567588, -40.848132011557723 ], [ -72.153207385901311, -40.847993325410364 ], [ -72.153051416808424, -40.847845382418093 ], [ -72.152892742888213, -40.847724369596854 ], [ -72.15270965455521, -40.847602770797742 ], [ -72.152526217675884, -40.847490181030913 ], [ -72.152333478741767, -40.847386330567083 ], [ -72.152135916752911, -40.847291392728842 ], [ -72.151937247141319, -40.847187409443798 ], [ -72.151739686949085, -40.847092469961517 ], [ -72.151548506591993, -40.846988649453593 ], [ -72.151349058141037, -40.846884612689458 ], [ -72.151157786155807, -40.846780867964462 ], [ -72.150966962429891, -40.846668109633882 ], [ -72.150803913714256, -40.846546917981549 ], [ -72.150646049176103, -40.846407950583135 ], [ -72.150536254387134, -40.84625210160948 ], [ -72.150440784133679, -40.846078668968552 ], [ -72.150373229027693, -40.84590587600956 ], [ -72.150352811219591, -40.845725227663898 ], [ -72.150344943774343, -40.845544900254545 ], [ -72.150346027142575, -40.845364844176657 ], [ -72.150354069759302, -40.845175818814141 ], [ -72.150352565081192, -40.845004687741003 ], [ -72.150352189585419, -40.844824597576448 ], [ -72.150338288156405, -40.844644065886357 ], [ -72.150298263718923, -40.844471996320763 ], [ -72.150243804253137, -40.844290506840849 ], [ -72.150182281334267, -40.844117843773958 ], [ -72.150128247669926, -40.843945344713127 ], [ -72.150345859157625, -40.843725652337412 ], [ -72.150454983803371, -40.843566179005521 ], [ -72.150563331406417, -40.843406727036317 ], [ -72.150680629822972, -40.84324754719384 ], [ -72.150817184525934, -40.843088799181082 ], [ -72.150959982520121, -40.842957254379179 ], [ -72.151075720563028, -40.842797968801634 ], [ -72.151166031791789, -40.842629048389256 ], [ -72.15125401099408, -40.84246011871177 ], [ -72.151328661892506, -40.842290815510559 ], [ -72.151391214280707, -40.842112251803023 ], [ -72.151438533936613, -40.84194229394727 ], [ -72.151486884858457, -40.841763379990411 ], [ -72.151528038478247, -40.841584294292865 ], [ -72.151527130281494, -40.841395071258724 ], [ -72.151514534104578, -40.841223652467669 ], [ -72.15145223593963, -40.841051011313375 ], [ -72.151344102135624, -40.84089519051831 ], [ -72.15122031339115, -40.84073906081727 ], [ -72.151076560487809, -40.840600372110913 ], [ -72.150913126394897, -40.840452261062481 ], [ -72.150748193013797, -40.84034012195972 ], [ -72.150563667376332, -40.840218410388701 ], [ -72.150386536670297, -40.840096939175943 ], [ -72.15020896039988, -40.839984480734728 ], [ -72.150024869547025, -40.839871905889176 ], [ -72.14983990283676, -40.839759279201829 ], [ -72.149654933431549, -40.83964658028404 ], [ -72.149470414980627, -40.839524940158434 ], [ -72.14928745331008, -40.839403331751505 ], [ -72.149108749653976, -40.839299829492177 ], [ -72.148924232999676, -40.839178189409829 ], [ -72.148732984370639, -40.839074366018444 ], [ -72.148541832759648, -40.83897053906631 ], [ -72.148350588622165, -40.83886678874881 ], [ -72.148152632272911, -40.838762852731897 ], [ -72.147961482458555, -40.838659025291818 ], [ -72.147777298180898, -40.838546374795655 ], [ -72.147613855104822, -40.838416261107078 ], [ -72.147456792762242, -40.838277267824751 ], [ -72.147320023361928, -40.838129825098157 ], [ -72.147224118323876, -40.83796525534116 ], [ -72.147149287762389, -40.837792290350471 ], [ -72.147080059993343, -40.83761046451049 ], [ -72.147018105883134, -40.83744681233263 ], [ -72.146951345786164, -40.837273995509577 ], [ -72.146861308543563, -40.837091705413066 ], [ -72.146758773938714, -40.836945023966663 ], [ -72.146629070686416, -40.836788755149456 ], [ -72.146465302420225, -40.836649574270865 ], [ -72.146280798342346, -40.836527927965896 ], [ -72.146076192663344, -40.836459806345438 ], [ -72.145864875670853, -40.836391498431574 ], [ -72.145632494981569, -40.836331732942163 ], [ -72.145406043173168, -40.836272027207912 ], [ -72.145188895216165, -40.836203654533932 ], [ -72.144963131517287, -40.836144077138172 ], [ -72.144751156059684, -40.836057708543578 ], [ -72.144547025589461, -40.835962566893308 ], [ -72.144355444583766, -40.835867819305008 ], [ -72.144156819887925, -40.835763820815359 ], [ -72.143959301916524, -40.835668792925311 ], [ -72.143726366068407, -40.83570812724863 ], [ -72.14350114405363, -40.835756546481342 ], [ -72.143276330772309, -40.835832106947407 ], [ -72.143105094811162, -40.835953941433402 ], [ -72.142935410240511, -40.836075734236829 ], [ -72.142763725121739, -40.836206581782982 ], [ -72.14261230689408, -40.836346984918563 ], [ -72.142463317710934, -40.836487394553309 ], [ -72.142360468695742, -40.836637983610387 ], [ -72.142326427936368, -40.836826242218756 ], [ -72.142046594640519, -40.837026514982945 ], [ -72.141630208438343, -40.836989096670628 ], [ -72.14139100234955, -40.837019226515004 ], [ -72.141157396358224, -40.837040423829656 ], [ -72.140919220637045, -40.837061523269298 ], [ -72.140687073509767, -40.837082753872799 ], [ -72.140448666921557, -40.837094858263384 ], [ -72.140209132049364, -40.837115993706625 ], [ -72.139976232133861, -40.837119240346055 ], [ -72.139736717024604, -40.837122297365859 ], [ -72.139498661677678, -40.837125389047138 ], [ -72.139266113901755, -40.837119622983273 ], [ -72.139027402784691, -40.837104727995587 ], [ -72.138788336833059, -40.837098770951094 ], [ -72.138555885176899, -40.83709300080708 ], [ -72.138315971215647, -40.837069062519873 ], [ -72.138085800381972, -40.83702722384826 ], [ -72.137934279746361, -40.836690258465303 ], [ -72.137791573380326, -40.836560599894256 ], [ -72.13759934199436, -40.836447782716853 ], [ -72.137400730773251, -40.836343846305319 ], [ -72.137176495108662, -40.83630213902773 ], [ -72.136977434729914, -40.836207214536344 ], [ -72.13675254599012, -40.836147522962612 ], [ -72.13653382598136, -40.836097106523283 ], [ -72.136383699531081, -40.835814182456254 ], [ -72.13629557120845, -40.835640832605471 ], [ -72.136232988277541, -40.835459115046731 ], [ -72.136198490275689, -40.835296185472146 ], [ -72.136178897121042, -40.835115585009959 ], [ -72.136192564089754, -40.834935777221617 ], [ -72.136199518846681, -40.834755782717615 ], [ -72.136178721949548, -40.834566139866972 ], [ -72.136144674003646, -40.834394197063403 ], [ -72.13604880759317, -40.834229690077578 ], [ -72.135906135363115, -40.834082024931796 ], [ -72.135748757711866, -40.833952098906025 ], [ -72.13557795563699, -40.833821725400377 ], [ -72.135393477610236, -40.833700060992633 ], [ -72.135222650382545, -40.833587690931807 ], [ -72.13509846458274, -40.833440554504591 ], [ -72.135222813875927, -40.833119395901242 ], [ -72.135214990448134, -40.832939065460415 ], [ -72.135195304766981, -40.832758467413086 ], [ -72.135174582430011, -40.832586825100513 ], [ -72.135133849221774, -40.832396618021612 ], [ -72.13509163558993, -40.832224453450046 ], [ -72.135031627230646, -40.832051888092948 ], [ -72.134956058253991, -40.831878934181731 ], [ -72.134860194538462, -40.831714352305603 ], [ -72.134758305822302, -40.831549713606115 ], [ -72.134655736183149, -40.831385018762511 ], [ -72.134559427801548, -40.831229525291661 ], [ -72.134313328041259, -40.831160444606496 ], [ -72.13413599611259, -40.831047954012313 ], [ -72.133931017632747, -40.830952741960232 ], [ -72.133733530204054, -40.83085776902724 ], [ -72.133529332360197, -40.83076260903934 ], [ -72.133309646662525, -40.830685061453195 ], [ -72.133098036819234, -40.830607810128356 ], [ -72.132872368341779, -40.830566133907311 ], [ -72.132633280830589, -40.830524157909061 ], [ -72.132408720874196, -40.830491599235906 ], [ -72.132168828472501, -40.830467573601503 ], [ -72.1319296933506, -40.830461677134338 ], [ -72.131698369978437, -40.830464937693833 ], [ -72.13145890517481, -40.830449973240214 ], [ -72.131239877942249, -40.830390479715753 ], [ -72.131042067120049, -40.830286435929693 ], [ -72.130864222253365, -40.830164953314565 ], [ -72.130693438144803, -40.830034571682226 ], [ -72.130536759382849, -40.829904619372577 ], [ -72.130386037349524, -40.829756723686522 ], [ -72.130229360384206, -40.829626769472917 ], [ -72.130079065050637, -40.829487936528153 ], [ -72.129941215875334, -40.829349355468615 ], [ -72.129805377129657, -40.829201865696938 ], [ -72.129675728674584, -40.829045575909291 ], [ -72.129539111089557, -40.828898033802908 ], [ -72.129416078726564, -40.828741932262879 ], [ -72.12929391683106, -40.82858573247465 ], [ -72.129177690104669, -40.828429741674995 ], [ -72.129080525628581, -40.828274265744042 ], [ -72.128985035612217, -40.82810066846865 ], [ -72.128903555720996, -40.827927575101462 ], [ -72.128827650774411, -40.827763553715705 ], [ -72.12878098509205, -40.827591286029339 ], [ -72.128747310845299, -40.827410254696417 ], [ -72.128726185164766, -40.827229620517961 ], [ -72.128705840120205, -40.827049038867337 ], [ -72.128692101286262, -40.826868499548972 ], [ -72.12866436220861, -40.826687675604937 ], [ -72.128637728957059, -40.826515897261586 ], [ -72.128589183100772, -40.826334606047325 ], [ -72.128528510886511, -40.826161907084796 ], [ -72.128467067019386, -40.82598930283806 ], [ -72.128419299104152, -40.825807989791585 ], [ -72.128391911267769, -40.825618081393451 ], [ -72.128364503668436, -40.825446324071109 ], [ -72.128343801992713, -40.825274679824069 ], [ -72.128322582887392, -40.825094047985708 ], [ -72.128303791029964, -40.824913423812518 ], [ -72.128276054647273, -40.824732599975754 ], [ -72.12821305669469, -40.82455996413843 ], [ -72.128200429975067, -40.824388543960879 ], [ -72.128152756382931, -40.82420715448211 ], [ -72.128104538411748, -40.824034854444925 ], [ -72.128050162489274, -40.823853425251556 ], [ -72.12799542544407, -40.823680860541714 ], [ -72.127940596770713, -40.823508371518159 ], [ -72.12788612383018, -40.823326944963256 ], [ -72.127831294258513, -40.823154456378816 ], [ -72.127790561948586, -40.822982247417123 ], [ -72.127742894644655, -40.822800931587786 ], [ -72.127756939804129, -40.822612186534215 ], [ -72.127687655441207, -40.82244827912254 ], [ -72.127632149438114, -40.822275808646708 ], [ -72.127613267749169, -40.822095260412766 ], [ -72.127598175154077, -40.821914757913426 ], [ -72.127551867001188, -40.821733405175962 ], [ -72.127475878511291, -40.821569384105516 ], [ -72.12738822000756, -40.821405089349504 ], [ -72.127284912851565, -40.821240482157151 ], [ -72.12720198577442, -40.821067279110572 ], [ -72.127140547297202, -40.820894600422065 ], [ -72.127093890597962, -40.820722331208138 ], [ -72.126867683131337, -40.820707662311861 ], [ -72.126656235883132, -40.820612317806066 ], [ -72.126472465728824, -40.820508695796185 ], [ -72.126260238742958, -40.820413297299282 ], [ -72.12604763536298, -40.820344987129815 ], [ -72.125824173147834, -40.820285381208144 ], [ -72.125589952708864, -40.82023447955774 ], [ -72.125365785316234, -40.820192894030562 ], [ -72.12512602856016, -40.820168849709056 ], [ -72.124886926675941, -40.820162863270539 ], [ -72.124655544913267, -40.82016618483982 ], [ -72.124428643947226, -40.820223540687628 ], [ -72.124197384355426, -40.820208780586043 ], [ -72.123957506326789, -40.82020281386577 ], [ -72.12371885449852, -40.820187811066234 ], [ -72.123487595805045, -40.820173050276914 ], [ -72.123248099560399, -40.820140067076373 ], [ -72.123015732345863, -40.82011618589106 ], [ -72.122783044432765, -40.820083386891959 ], [ -72.1225448758981, -40.82004143824895 ], [ -72.12231837558069, -40.819999763544949 ], [ -72.122086396438348, -40.81994894053399 ], [ -72.121860347075199, -40.81989825140792 ], [ -72.121635079246332, -40.819847613909147 ], [ -72.121418004951195, -40.819779120966004 ], [ -72.121204985651246, -40.819701811388576 ], [ -72.121014187976456, -40.819588927455627 ], [ -72.120835708000868, -40.819467371537648 ], [ -72.120679526007265, -40.819328390197136 ], [ -72.120543276731496, -40.819189901437547 ], [ -72.120412891657907, -40.819033546585011 ], [ -72.120295923821388, -40.818877491847402 ], [ -72.120180414848889, -40.818721471413916 ], [ -72.120098970890282, -40.818548370562418 ], [ -72.120038329218715, -40.818375666281113 ], [ -72.119962816835937, -40.818202699814158 ], [ -72.119839567080646, -40.818055521090677 ], [ -72.119709606910163, -40.817908155085505 ], [ -72.119572938121166, -40.817760601797488 ], [ -72.119429660426604, -40.817612931248803 ], [ -72.119279416297005, -40.817474081991158 ], [ -72.119141973160239, -40.817326548812744 ], [ -72.11899947699996, -40.817178931005522 ], [ -72.118869423404718, -40.817031566452279 ], [ -72.118739919578417, -40.816875185437141 ], [ -72.118622963419995, -40.816719203124684 ], [ -72.118521139382537, -40.816554546232169 ], [ -72.118404956673572, -40.81639846866635 ], [ -72.118295387361727, -40.816242581092361 ], [ -72.118193567815865, -40.816077999160655 ], [ -72.118076513741087, -40.815921943588805 ], [ -72.117946659571814, -40.815774572843992 ], [ -72.117810777706993, -40.815627069878914 ], [ -72.117646771387271, -40.815496928209832 ], [ -72.117462374208884, -40.815375157435284 ], [ -72.11729165927062, -40.815244827629542 ], [ -72.117127650255924, -40.815114611105287 ], [ -72.116984612411557, -40.814975933383906 ], [ -72.116867305011866, -40.814828885514629 ], [ -72.116765942708454, -40.814655287718764 ], [ -72.116669605580768, -40.814499778136557 ], [ -72.116587915483763, -40.814335609323464 ], [ -72.116505027932504, -40.814162471192176 ], [ -72.11641698045824, -40.813989029383976 ], [ -72.116341387227095, -40.813816062357581 ], [ -72.11625969892674, -40.813651893212388 ], [ -72.116170882494586, -40.81347861936009 ], [ -72.116067511558214, -40.813313855841336 ], [ -72.115952120265021, -40.813157828441589 ], [ -72.115828467166153, -40.813001653819285 ], [ -72.11569998472433, -40.812854316700879 ], [ -72.11556265657191, -40.812706775968167 ], [ -72.115419820848459, -40.812568090494118 ], [ -72.115255729188789, -40.812437946903799 ], [ -72.115098112585656, -40.81229884885196 ], [ -72.114968082346593, -40.812151552326412 ], [ -72.114866371496859, -40.811986890216282 ], [ -72.114763106561696, -40.811822196422185 ], [ -72.114675397752293, -40.811657892482337 ], [ -72.114619932173397, -40.811485340238256 ], [ -72.11454434253551, -40.811312298014364 ], [ -72.114414508129187, -40.811164995899126 ], [ -72.114318989366694, -40.810991459226834 ], [ -72.114244604369588, -40.810827533299118 ], [ -72.114175818571667, -40.810654602904819 ], [ -72.114128100962091, -40.810473281934918 ], [ -72.11410041488503, -40.810292526838495 ], [ -72.114094114101619, -40.810112226113915 ], [ -72.114094518343506, -40.809932040485549 ], [ -72.114108248194313, -40.809752305155079 ], [ -72.114149037098088, -40.809582242589485 ], [ -72.114238527266693, -40.809413299422509 ], [ -72.114313338963555, -40.809244014502767 ], [ -72.114381024325283, -40.809065626284521 ], [ -72.114463128545623, -40.808896587292061 ], [ -72.114564902277408, -40.808736976468907 ], [ -72.114674745575414, -40.808577590319402 ], [ -72.114770688342688, -40.808417916854943 ], [ -72.114846534000449, -40.808239676681673 ], [ -72.114914310092004, -40.808061210290333 ], [ -72.114962742760554, -40.807882308937714 ], [ -72.114961690833354, -40.807702162130255 ], [ -72.11490723675746, -40.807538731234295 ], [ -72.114811461076812, -40.807374129071086 ], [ -72.114681892571795, -40.807217818445032 ], [ -72.114566094341782, -40.807052798677688 ], [ -72.114476935651524, -40.806888459809628 ], [ -72.114393963658628, -40.806715249208843 ], [ -72.114333354326419, -40.806542614076328 ], [ -72.114292344437061, -40.80636140630196 ], [ -72.11425088808501, -40.806189286336206 ], [ -72.114223104091593, -40.806008459733782 ], [ -72.114196874183619, -40.805827665276794 ], [ -72.114176574953134, -40.805647004959781 ], [ -72.114182916160729, -40.805467100951155 ], [ -72.114196830166151, -40.805179270794135 ], [ -72.113991953195935, -40.805002933314853 ], [ -72.113841653370798, -40.804864077385695 ], [ -72.113677257182218, -40.804724864860816 ], [ -72.113506545837211, -40.804612532060894 ], [ -72.113308811371823, -40.80452653038359 ], [ -72.113083601035143, -40.804475874352079 ], [ -72.112843810143104, -40.804451878052141 ], [ -72.112606024290756, -40.804418825837686 ], [ -72.112365131165859, -40.804385783126392 ], [ -72.112161242342438, -40.804290649074566 ], [ -72.11197015091858, -40.80418675813884 ], [ -72.111785800452608, -40.804065052284017 ], [ -72.111613539513726, -40.803952684368305 ], [ -72.111457316197601, -40.803813690245576 ], [ -72.111307120577052, -40.803674828428321 ], [ -72.111156826141809, -40.803535895602202 ], [ -72.11100656763918, -40.803379031947131 ], [ -72.110855921064356, -40.803249183127946 ], [ -72.110699346506962, -40.803119199417061 ], [ -72.110528223733539, -40.802997871718716 ], [ -72.110344299068998, -40.802885151801021 ], [ -72.110146505314802, -40.802781070307468 ], [ -72.109933905528095, -40.80269465214139 ], [ -72.109702548019911, -40.802634858323252 ], [ -72.109484247524421, -40.802611382232648 ], [ -72.109244562633563, -40.802587375738653 ], [ -72.10901190795812, -40.802572549153936 ], [ -72.108766519663547, -40.802557401608681 ], [ -72.108527156369576, -40.802542385978867 ], [ -72.108295278736861, -40.80252753694424 ], [ -72.108083007733526, -40.802450182103726 ], [ -72.10784442148227, -40.802435144009806 ], [ -72.107610893644406, -40.802420338470924 ], [ -72.107386147736733, -40.802360657284986 ], [ -72.107160202578143, -40.802291932089268 ], [ -72.106955771172295, -40.802205658125764 ], [ -72.106751120577542, -40.802110535228934 ], [ -72.106566784484599, -40.801988818766787 ], [ -72.106541221126562, -40.801961176087005 ], [ -72.106015299748535, -40.801722792091084 ], [ -72.105358457900991, -40.801512649881523 ], [ -72.104651566417402, -40.801467942275387 ], [ -72.103946920722009, -40.801454749493388 ], [ -72.103318034446104, -40.801231742052479 ], [ -72.102700856811623, -40.800964073517477 ], [ -72.102091785574245, -40.800678549476864 ], [ -72.101485909644367, -40.80038858302207 ], [ -72.100723613667299, -40.800031694575566 ], [ -72.101096113574599, -40.80049137079839 ], [ -72.101471634516173, -40.800951185960059 ], [ -72.101896722698513, -40.801380670351968 ], [ -72.102447596580191, -40.801727746589705 ], [ -72.102952706688058, -40.802105269999487 ], [ -72.103415639994978, -40.802513070063235 ], [ -72.103857342518495, -40.802933983273036 ], [ -72.104268233726103, -40.803381179341649 ], [ -72.104636500771761, -40.803840736490564 ], [ -72.1052085838773, -40.804210838171819 ], [ -72.105757089799894, -40.80450838051901 ], [ -72.106360514227376, -40.80499634781502 ], [ -72.10670810385183, -40.805621947661628 ], [ -72.106683312146615, -40.806193319159952 ], [ -72.106529476552538, -40.806698223902835 ], [ -72.106372564228593, -40.807239216350951 ], [ -72.106094841973686, -40.807732112178591 ], [ -72.105594403105314, -40.808250928938406 ], [ -72.105081105751964, -40.808571321342896 ], [ -72.104750320911521, -40.808990754682789 ], [ -72.104661312239898, -40.809605542154266 ], [ -72.104848368431533, -40.81024513676185 ], [ -72.104922156947268, -40.810796366249875 ], [ -72.104836505279863, -40.81131662288562 ], [ -72.104431946296728, -40.812017970359392 ], [ -72.103909655010753, -40.812527260959982 ], [ -72.10345655825617, -40.812894130960814 ], [ -72.102857880526656, -40.813081790693353 ], [ -72.102294869507162, -40.81335134530412 ], [ -72.101563104571682, -40.81343198146952 ], [ -72.100831769030876, -40.813467668497786 ], [ -72.10011079196363, -40.813436004334768 ], [ -72.099471817607096, -40.813221733560276 ], [ -72.098869030983451, -40.812927392438851 ], [ -72.098305857368899, -40.812588967237907 ], [ -72.097836765212378, -40.812185371010983 ], [ -72.097373370171383, -40.81176841230225 ], [ -72.096850569540635, -40.811404031322269 ], [ -72.096301015284112, -40.811061467916872 ], [ -72.09571804729228, -40.810754034384068 ], [ -72.095096152604242, -40.810490657787241 ], [ -72.094476407584651, -40.810227441284951 ], [ -72.093903974136154, -40.809897728391228 ], [ -72.093321809238205, -40.809590407772902 ], [ -72.09264442741167, -40.809442721757819 ], [ -72.091929222918438, -40.809379641826844 ], [ -72.091190523887263, -40.809383516714369 ], [ -72.090592224348484, -40.809629611382086 ], [ -72.090080923051687, -40.810021969840747 ], [ -72.089661878734589, -40.810475231245206 ], [ -72.089413157690302, -40.810959857793414 ], [ -72.089349010792489, -40.81149413681689 ], [ -72.089359408791907, -40.812052757285038 ], [ -72.089334861428441, -40.8125970416258 ], [ -72.089310491931414, -40.813136821338773 ], [ -72.089351363480205, -40.813678245369509 ], [ -72.089287073750285, -40.814199025347691 ], [ -72.089257963843494, -40.814864656095125 ], [ -72.089237263964421, -40.815337047041361 ], [ -72.089588919363834, -40.815868297404101 ], [ -72.09018591454884, -40.816500321325847 ], [ -72.09060206179916, -40.816862058943812 ], [ -72.091343948052952, -40.817146515346053 ], [ -72.092084605411443, -40.817354266673355 ], [ -72.092643888422501, -40.81754400701891 ], [ -72.093160940733753, -40.817750741422884 ], [ -72.093584711087559, -40.817973037311781 ], [ -72.094469886714009, -40.818504190424434 ], [ -72.095255338564158, -40.819095934793943 ], [ -72.096116437544367, -40.819401284769768 ], [ -72.0968593002669, -40.819559585759414 ], [ -72.09748325928345, -40.819575358256898 ], [ -72.098106389155006, -40.819663012784375 ], [ -72.098524463291611, -40.820029316468926 ], [ -72.09850176555932, -40.820551196149125 ], [ -72.098286253434466, -40.82121224723079 ], [ -72.098011273736091, -40.821772707658369 ], [ -72.09799271544064, -40.822200034911909 ], [ -72.098041804777651, -40.822620083636991 ], [ -72.09786166471541, -40.823164935912153 ], [ -72.097366282463781, -40.82348112323772 ], [ -72.096670086321964, -40.823675283646352 ], [ -72.095487285367156, -40.82379861898491 ], [ -72.094293905851544, -40.823957714333247 ], [ -72.093287219608186, -40.824121453509584 ], [ -72.0925865480596, -40.824437006128385 ], [ -72.092067015499879, -40.824896735581312 ], [ -72.091848565884035, -40.82560278684317 ], [ -72.091875580021252, -40.826409531489162 ], [ -72.092098787114836, -40.827032092871129 ], [ -72.092387711361368, -40.827561769102196 ], [ -72.092865911536549, -40.828046670515647 ], [ -72.093032355883963, -40.82852820576953 ], [ -72.093138729888338, -40.828958671961288 ], [ -72.093307621246595, -40.829386206449136 ], [ -72.093565138594144, -40.829852089712027 ], [ -72.094010213393247, -40.830282096661819 ], [ -72.094501042084701, -40.830668227178194 ], [ -72.095075480572902, -40.830988953808877 ], [ -72.09559301078788, -40.831389192791463 ], [ -72.096188046747244, -40.832070668653301 ], [ -72.096729330214956, -40.832557179897222 ], [ -72.097336814129193, -40.832950714540608 ], [ -72.097821322274328, -40.833296198997367 ], [ -72.098370041995949, -40.833593693830103 ], [ -72.098981612346435, -40.833897316617929 ], [ -72.09965767544611, -40.834148514388659 ], [ -72.100277621688292, -40.834258597771665 ], [ -72.100774486160148, -40.834320709986457 ], [ -72.101346301567744, -40.834515159461176 ], [ -72.101927093839961, -40.834826973409704 ], [ -72.10249375471443, -40.835156430545588 ], [ -72.103044327660498, -40.835499080895289 ], [ -72.103579808909785, -40.835863752943148 ], [ -72.104000577093927, -40.836293120095661 ], [ -72.104339618350153, -40.83676548824009 ], [ -72.104628376408328, -40.837263558304542 ], [ -72.104863049598208, -40.837782857724648 ], [ -72.105033142902315, -40.838300501581337 ], [ -72.105118341818795, -40.838847511271013 ], [ -72.105109571566686, -40.839387681543379 ], [ -72.104976347816802, -40.839911137815733 ], [ -72.104706711297737, -40.840417755436441 ], [ -72.104405802627014, -40.840910090770677 ], [ -72.104042539197479, -40.84137378019313 ], [ -72.103623849714893, -40.841813653483555 ], [ -72.103167623229879, -40.842229967320478 ], [ -72.102627193161695, -40.842572108117281 ], [ -72.102010278733573, -40.84284931049104 ], [ -72.101374198748886, -40.843292666332736 ], [ -72.100970169771756, -40.84365171485446 ], [ -72.100658321417498, -40.844004149222883 ], [ -72.100423962637976, -40.844516153043074 ], [ -72.100208958959556, -40.845028670051917 ], [ -72.09999221165117, -40.845545512532183 ], [ -72.099800165318157, -40.846004583250888 ], [ -72.09968499680717, -40.846420488858783 ], [ -72.099317756535868, -40.84668144496284 ], [ -72.098330396647512, -40.847070851150349 ], [ -72.097477837052409, -40.847346618556813 ], [ -72.096558011608806, -40.847665726039445 ], [ -72.095777398983088, -40.847767635326029 ], [ -72.09502967996815, -40.847847776401657 ], [ -72.094511679035975, -40.847861760444026 ], [ -72.094050764243491, -40.848043833371612 ], [ -72.093710574940332, -40.848431540898041 ], [ -72.093544631852836, -40.849260432459005 ], [ -72.093904797891284, -40.849908970257616 ], [ -72.094486245933652, -40.850409978938366 ], [ -72.094894290380111, -40.850861559137876 ], [ -72.095348195618442, -40.851296265094334 ], [ -72.095782941588396, -40.851730523812371 ], [ -72.096222434256319, -40.852155947051124 ], [ -72.096635512861624, -40.852594105112807 ], [ -72.097031721105893, -40.853045479493559 ], [ -72.097467279152866, -40.853511214153556 ], [ -72.097858230456083, -40.854183039095787 ], [ -72.098126693775384, -40.854707714328732 ], [ -72.098236316087821, -40.855151809578302 ], [ -72.098246562271953, -40.85566534979322 ], [ -72.098026798420833, -40.856249779894 ], [ -72.097713868494978, -40.856759758814327 ], [ -72.097459338944077, -40.857392785157806 ], [ -72.097252541375781, -40.857680262369108 ], [ -72.096856574778315, -40.857868496538245 ], [ -72.09600543362302, -40.858090206797819 ], [ -72.094989315967482, -40.858402371846076 ], [ -72.094373274701837, -40.858675010927804 ], [ -72.09376339228578, -40.858956851576032 ], [ -72.09321624820916, -40.859294333566176 ], [ -72.092537584486735, -40.859722995211179 ], [ -72.09190248186907, -40.860175348279043 ], [ -72.091365230938678, -40.860625589403988 ], [ -72.090799143189329, -40.861007615582331 ], [ -72.090132277041533, -40.86145453970191 ], [ -72.089467395272194, -40.861856547962688 ], [ -72.088644435165691, -40.862178087729639 ], [ -72.087986729138848, -40.862431666886515 ], [ -72.087363102498941, -40.862636592784419 ], [ -72.086905144960355, -40.862751048877762 ], [ -72.086249992843861, -40.862928111939496 ], [ -72.085794109515263, -40.862993148489622 ], [ -72.085206413690102, -40.863122434004858 ], [ -72.084684339796425, -40.86320827274622 ], [ -72.084129016559132, -40.863360886756084 ], [ -72.08349555606182, -40.863601469826975 ], [ -72.082887817924345, -40.863883343862199 ], [ -72.082304598404221, -40.864197318603807 ], [ -72.081747635741536, -40.864538992710209 ], [ -72.081209793719694, -40.864899115656762 ], [ -72.080675562026968, -40.865263861668012 ], [ -72.080082369410562, -40.865600078506631 ], [ -72.079457783369932, -40.865827417758268 ], [ -72.078736985965733, -40.866029802595236 ], [ -72.077954044008493, -40.866181090142206 ], [ -72.077105628341783, -40.866335225817004 ], [ -72.076739463353874, -40.866569078074015 ], [ -72.076167877915012, -40.867072403643768 ], [ -72.075723439123138, -40.867601550695696 ], [ -72.075410464281504, -40.868106970919598 ], [ -72.075190460580231, -40.868691291247075 ], [ -72.074908214409518, -40.869224517529666 ], [ -72.074822181856462, -40.869713256568971 ], [ -72.074767959545909, -40.870202621033108 ], [ -72.074649326232858, -40.870690532943243 ], [ -72.074367969394302, -40.87120123077117 ], [ -72.073991867242725, -40.871660004847037 ], [ -72.073556884117536, -40.871991229772135 ], [ -72.073022591339353, -40.872369370807974 ], [ -72.072583364572765, -40.872777143023349 ], [ -72.07204687900699, -40.873204771859605 ], [ -72.071543087625983, -40.873633297281145 ], [ -72.071073015407478, -40.874017612254981 ], [ -72.070546775127511, -40.87436453865844 ], [ -72.069971769802365, -40.874773189086973 ], [ -72.06940156687071, -40.875227011819405 ], [ -72.068834626620159, -40.875604379732785 ], [ -72.068241227391255, -40.875859455471883 ], [ -72.067517193357105, -40.876133720789113 ], [ -72.066917452022267, -40.876514756161768 ], [ -72.066481302883844, -40.876868489649354 ], [ -72.066195581131311, -40.877478078654157 ], [ -72.066169624311186, -40.87806732552788 ], [ -72.066275391054418, -40.878610422035585 ], [ -72.066446441962611, -40.879051585842134 ], [ -72.066786403991998, -40.879515037539953 ], [ -72.067293625140749, -40.879901802886216 ], [ -72.067822577434541, -40.880266443163229 ], [ -72.06836724575426, -40.880613471299661 ], [ -72.068915527098014, -40.880960695940153 ], [ -72.069456235643955, -40.881312177258771 ], [ -72.069981336860138, -40.881681337198316 ], [ -72.070432888512428, -40.882089050019047 ], [ -72.070836685724217, -40.88253610420859 ], [ -72.071250208995579, -40.882978914644752 ], [ -72.071697345428248, -40.8834000947883 ], [ -72.072099200482398, -40.883842621667149 ], [ -72.072465897272963, -40.884306744103213 ], [ -72.072817529316197, -40.884775029875868 ], [ -72.073156245382265, -40.885251921870598 ], [ -72.073407569744262, -40.885758222669459 ], [ -72.073584782196988, -40.886280592018394 ], [ -72.073659576825847, -40.886822884278679 ], [ -72.073488026454356, -40.887331831152913 ], [ -72.073106759888219, -40.887786016682597 ], [ -72.072555212270075, -40.888100721542131 ], [ -72.071934476408742, -40.888233551912812 ], [ -72.071096673438802, -40.888140194518726 ], [ -72.070417045824072, -40.888145468536891 ], [ -72.069575656779506, -40.888151063776675 ], [ -72.068895248528818, -40.88815627531531 ], [ -72.068254502694529, -40.888018397586919 ], [ -72.067686050579368, -40.887841774455843 ], [ -72.067163834751881, -40.887792519257154 ], [ -72.066580067259437, -40.887827165914302 ], [ -72.065725061551802, -40.888125123564642 ], [ -72.065092275689253, -40.888527835093136 ], [ -72.064396326584131, -40.888901900053703 ], [ -72.063828058623599, -40.889306209541409 ], [ -72.063232834916349, -40.889583737911416 ], [ -72.062606584297484, -40.889837961838253 ], [ -72.061886571122528, -40.890017719786563 ], [ -72.061151623455999, -40.890183630491087 ], [ -72.060464621571086, -40.890337268874767 ], [ -72.059746787709017, -40.890467520994974 ], [ -72.05912499273397, -40.890622741001451 ], [ -72.058406151860467, -40.89077558926364 ], [ -72.057717718959339, -40.890978608842289 ], [ -72.057191778716685, -40.891163369230611 ], [ -72.056531973327012, -40.891439257296561 ], [ -72.055904586339338, -40.891720405042832 ], [ -72.055309887248185, -40.891997879825936 ], [ -72.054824534686702, -40.892255703077701 ], [ -72.054279109087233, -40.892611033818703 ], [ -72.05368262234866, -40.892915477431025 ], [ -72.052988657622024, -40.893239986669116 ], [ -72.052554433573249, -40.893548610402853 ], [ -72.052088504384827, -40.893833871747105 ], [ -72.051619551467184, -40.894186647558278 ], [ -72.051101476873143, -40.894727316608304 ], [ -72.050485775170671, -40.894995213738042 ], [ -72.049798616080608, -40.895085710149552 ], [ -72.049074562283508, -40.895035665180735 ], [ -72.048372578296309, -40.894941131089482 ], [ -72.047683028789251, -40.894801847609685 ], [ -72.047018741704647, -40.894609212253101 ], [ -72.046356202741592, -40.894412173361999 ], [ -72.045665237489672, -40.894286342854407 ], [ -72.044968751192002, -40.894169361547284 ], [ -72.044271990908172, -40.894056956869072 ], [ -72.04356741797632, -40.893971316342402 ], [ -72.042860633392252, -40.893966741537888 ], [ -72.04216647193455, -40.894097514139048 ], [ -72.041576948936097, -40.894375076736374 ], [ -72.041141555280802, -40.894706191395279 ], [ -72.040765090209845, -40.895164794418761 ], [ -72.040579420118718, -40.895700406142097 ], [ -72.040590165766147, -40.896191584361155 ], [ -72.040534674136097, -40.896703544679852 ], [ -72.040577345010405, -40.897195429783494 ], [ -72.040617716197602, -40.897736807582966 ], [ -72.040792270535391, -40.89818263908515 ], [ -72.041090795077366, -40.898757636659006 ], [ -72.041424562324551, -40.899257109957389 ], [ -72.041822781896727, -40.899758200929519 ], [ -72.042189501145174, -40.900235921947626 ], [ -72.042457923141953, -40.900756226270325 ], [ -72.042528749912222, -40.901212835956571 ], [ -72.042564347451986, -40.901745117215178 ], [ -72.042506495049366, -40.902279496285409 ], [ -72.042335167460081, -40.902792893027261 ], [ -72.042083355312883, -40.903349437122266 ], [ -72.041865060207272, -40.903884215355674 ], [ -72.041777649638533, -40.904399749195093 ], [ -72.041720873417631, -40.90493867407308 ], [ -72.041666164220203, -40.905450613538179 ], [ -72.04161150892169, -40.905944623156302 ], [ -72.041594055554029, -40.906335906424459 ], [ -72.041597187081109, -40.90699794101932 ], [ -72.041569910635829, -40.9076097210299 ], [ -72.041573272131615, -40.908249172511759 ], [ -72.041427309372679, -40.908677786716673 ], [ -72.041242224084797, -40.90915037463509 ], [ -72.040765860066045, -40.909633527547967 ], [ -72.040401413555273, -40.910101477241227 ], [ -72.040018324307425, -40.910555382896575 ], [ -72.039559181890979, -40.910966950359743 ], [ -72.039083452981131, -40.911368993318845 ], [ -72.038668194164629, -40.911813117890254 ], [ -72.038334599393977, -40.912286372451206 ], [ -72.038089682714926, -40.912788938990332 ], [ -72.037882395564793, -40.913310507022437 ], [ -72.037697988504945, -40.9138326527167 ], [ -72.037525273916856, -40.914359580839545 ], [ -72.037371936887752, -40.914887031543913 ], [ -72.037267696382187, -40.915424696564578 ], [ -72.037224498196792, -40.915959423984248 ], [ -72.037240237578885, -40.916504698060656 ], [ -72.037279824536824, -40.917046097688292 ], [ -72.037326133588053, -40.917587689059182 ], [ -72.03745167584394, -40.918117820418082 ], [ -72.037710633190898, -40.9186152902925 ], [ -72.038046090169132, -40.919096724558486 ], [ -72.038393886406098, -40.91956499350664 ], [ -72.038762990681619, -40.920024805498286 ], [ -72.039140960430672, -40.920484824035569 ], [ -72.039504353217609, -40.920953490417588 ], [ -72.039849662917888, -40.921430747443253 ], [ -72.040249501254223, -40.92186878983842 ], [ -72.040779526136475, -40.922229095681018 ], [ -72.041380261906312, -40.92273539109113 ], [ -72.04194970935481, -40.923047209216286 ], [ -72.042447485616663, -40.923501323283411 ], [ -72.042808835634659, -40.924100478607073 ], [ -72.042978980142735, -40.924645214480371 ], [ -72.043024491489959, -40.925087734240527 ], [ -72.043662161492705, -40.925302195140134 ], [ -72.044507009949427, -40.925278912492033 ], [ -72.045158747569531, -40.925507232496784 ], [ -72.045835225690865, -40.925947827719867 ], [ -72.046133114225611, -40.926540976569832 ], [ -72.04623153364814, -40.927232436801525 ], [ -72.046147337251512, -40.927671596587381 ], [ -72.045866731404516, -40.928155201900495 ], [ -72.045650515898771, -40.928644998174832 ], [ -72.045732919258114, -40.929142541521379 ], [ -72.046144300945841, -40.929603350388739 ], [ -72.046457488688191, -40.930088666783099 ], [ -72.046679509107292, -40.93060324907205 ], [ -72.046774984750627, -40.931141542974913 ], [ -72.046783315726572, -40.931686641582097 ], [ -72.046684078837131, -40.932215474906762 ], [ -72.046496776507126, -40.932737561526224 ], [ -72.046305667116954, -40.933259454675799 ], [ -72.046194640737724, -40.933788009381331 ], [ -72.046155352020463, -40.93433643321714 ], [ -72.046139507535486, -40.934876341719551 ], [ -72.046319113100125, -40.93543934029811 ], [ -72.046614668710077, -40.936086408199252 ], [ -72.046529883018607, -40.936525509816299 ], [ -72.046064832382555, -40.937031479215278 ], [ -72.045707593953622, -40.937535702070292 ], [ -72.045424843828044, -40.938068796352361 ], [ -72.045273266598585, -40.938555776239774 ], [ -72.04512006880833, -40.939092232862322 ], [ -72.045091631739709, -40.93973089800847 ], [ -72.044989775362907, -40.940165137786884 ], [ -72.044760539675451, -40.940681616251041 ], [ -72.044593353319598, -40.941199700927037 ], [ -72.044489241273112, -40.941737367673824 ], [ -72.044441933295317, -40.942280983733816 ], [ -72.044492992637743, -40.942818165332632 ], [ -72.044706583266233, -40.943337031902246 ], [ -72.044980699683592, -40.943830466620376 ], [ -72.045304278238831, -40.944316026592986 ], [ -72.045621145480567, -40.94480154228345 ], [ -72.045975177822257, -40.945269916101083 ], [ -72.046443538750125, -40.9456872330001 ], [ -72.047028567477227, -40.945985920611498 ], [ -72.047682541004079, -40.94620523769909 ], [ -72.048367558510492, -40.946375918553365 ], [ -72.049061269013933, -40.946483798825199 ], [ -72.049768290753235, -40.94651090083719 ], [ -72.050486791165255, -40.946497778994726 ], [ -72.051202088184951, -40.946489090581622 ], [ -72.051915600252187, -40.946502873980052 ], [ -72.052629105132922, -40.946516506744814 ], [ -72.053338924226026, -40.946498727561725 ], [ -72.054045585740909, -40.946435725855146 ], [ -72.054750319471196, -40.946345693264256 ], [ -72.055450624507117, -40.946241977521488 ], [ -72.056145112951597, -40.946115612585118 ], [ -72.056833203594607, -40.945966614609652 ], [ -72.057524084404903, -40.945840190114744 ], [ -72.058229128053952, -40.945795060115088 ], [ -72.058940436553797, -40.945790782697095 ], [ -72.059655313161954, -40.945808983434361 ], [ -72.060369550169625, -40.945840698329164 ], [ -72.06108022356058, -40.945885858152671 ], [ -72.061785789130809, -40.945980434757303 ], [ -72.062489973990466, -40.946070395244405 ], [ -72.063195991413281, -40.946088439844658 ], [ -72.063902081599636, -40.946034394236946 ], [ -72.064608351449053, -40.945944335314977 ], [ -72.06531393498561, -40.945854215203063 ], [ -72.066019655964382, -40.945777589466466 ], [ -72.066717777195848, -40.9456692880335 ], [ -72.06741027138041, -40.945538260520621 ], [ -72.068090003199686, -40.945375473540423 ], [ -72.068738093659746, -40.945157820847662 ], [ -72.069361490330934, -40.944894488567584 ], [ -72.069985241836662, -40.944622141559876 ], [ -72.070631076627038, -40.944404390710261 ], [ -72.071307866463783, -40.944241516117515 ], [ -72.072001892275878, -40.94411049391433 ], [ -72.072698286945368, -40.94398862703202 ], [ -72.073390752383816, -40.943857637575753 ], [ -72.074087151544887, -40.943740190272464 ], [ -72.074791417252925, -40.943676977620534 ], [ -72.075504931116782, -40.943641107624849 ], [ -72.076220099677414, -40.943636694358034 ], [ -72.076931200666436, -40.943668315978158 ], [ -72.07766212298219, -40.943745370288745 ], [ -72.078274615004162, -40.943977056516367 ], [ -72.078783972346656, -40.944363706196341 ], [ -72.079202583675809, -40.944820141593077 ], [ -72.079456483507713, -40.945308424691525 ], [ -72.079513039641384, -40.945859236957467 ], [ -72.079548619214833, -40.946400502628691 ], [ -72.079554490603527, -40.94694108670781 ], [ -72.079571644832185, -40.947477384303291 ], [ -72.07959232405004, -40.948018309673508 ], [ -72.07962712658076, -40.948559522365905 ], [ -72.079700009594703, -40.949097207899875 ], [ -72.079801637799434, -40.949635674062542 ], [ -72.079949207644418, -40.950161770545677 ], [ -72.080180885851149, -40.950667541855239 ], [ -72.080528792580893, -40.951144675851296 ], [ -72.080856453979095, -40.951625818159918 ], [ -72.081127863772522, -40.952123515443866 ], [ -72.081413491201943, -40.952617142321131 ], [ -72.081739022694592, -40.953098191806923 ], [ -72.082115243423786, -40.953557962445764 ], [ -72.082538602349217, -40.954010051299349 ], [ -72.083045945668857, -40.95437415818175 ], [ -72.083691931376194, -40.954593186211419 ], [ -72.084402278678681, -40.954714646137859 ], [ -72.085111740242311, -40.954773190787392 ], [ -72.085824220145284, -40.954746137621619 ], [ -72.086512285635465, -40.954614965295953 ], [ -72.087194569568481, -40.954447570370242 ], [ -72.087886929904045, -40.954320997252978 ], [ -72.088589639730003, -40.95423066333224 ], [ -72.089297017202156, -40.954167425443572 ], [ -72.09000600625194, -40.954117862788245 ], [ -72.090717550110384, -40.954077229714329 ], [ -72.091427737512774, -40.954036701095141 ], [ -72.092137398502373, -40.953987033861878 ], [ -72.092845370659276, -40.953928332473772 ], [ -72.093552416653097, -40.953856076450769 ], [ -72.094264373736578, -40.953738972582805 ], [ -72.094973725705742, -40.95363078800947 ], [ -72.095674011877037, -40.953576407317442 ], [ -72.09635470579201, -40.953629606160206 ], [ -72.097009003610665, -40.95384870450426 ], [ -72.097655362118829, -40.954108149578083 ], [ -72.098308615196828, -40.954331770149942 ], [ -72.098965330381915, -40.954541938644418 ], [ -72.09961904160069, -40.954756463362287 ], [ -72.100267047619099, -40.954979992185343 ], [ -72.100902095439523, -40.955230131573586 ], [ -72.101533622762361, -40.955475639764089 ], [ -72.102175844528659, -40.955712520221688 ], [ -72.102838559561519, -40.955904797765946 ], [ -72.103514251656989, -40.956074882319193 ], [ -72.104196245434167, -40.956236087311616 ], [ -72.105211518673329, -40.956468798217394 ], [ -72.105915147475812, -40.956576509356211 ], [ -72.10661830645941, -40.956661724835079 ], [ -72.107325827662024, -40.95666152809541 ], [ -72.108035626992191, -40.956593756663203 ], [ -72.108740564640058, -40.956503313235665 ], [ -72.109440417823379, -40.956408281561423 ], [ -72.110139441861719, -40.95629976554622 ], [ -72.110837584652757, -40.956191195079271 ], [ -72.111535044724207, -40.956082640037344 ], [ -72.112232595525455, -40.955974003406531 ], [ -72.112930828148038, -40.955865418156947 ], [ -72.113628554120794, -40.955752342253149 ], [ -72.114326684335424, -40.955643751889966 ], [ -72.115026794436943, -40.955544178285137 ], [ -72.115731485048087, -40.955471701507264 ], [ -72.116441331090641, -40.955421953264128 ], [ -72.117151076521907, -40.955372128999777 ], [ -72.117859212172178, -40.955308842679379 ], [ -72.118569229792953, -40.955254502039928 ], [ -72.119279601349959, -40.955240800522823 ], [ -72.1199924145279, -40.955254105838463 ], [ -72.120705602303332, -40.955262969489262 ], [ -72.121417622268879, -40.955249136358994 ], [ -72.12212995844142, -40.955239938241647 ], [ -72.122843595374476, -40.955239776775926 ], [ -72.123553484536174, -40.955203484294856 ], [ -72.124264176791741, -40.95514916392154 ], [ -72.124969630970895, -40.955076683996289 ], [ -72.125666367000193, -40.954967988721904 ], [ -72.126356851653455, -40.954832086134097 ], [ -72.12704398738731, -40.954687121437175 ], [ -72.12773240411876, -40.954546693113357 ], [ -72.128418247176938, -40.954397180911762 ], [ -72.129097032171927, -40.954238412447445 ], [ -72.129761659718042, -40.954047857356855 ], [ -72.130415650312884, -40.953829993080994 ], [ -72.131068758762083, -40.953612075167577 ], [ -72.13172969333408, -40.953403384760982 ], [ -72.132381935807345, -40.953189983905979 ], [ -72.13300238330946, -40.952921739783477 ], [ -72.133590915466186, -40.952616658583217 ], [ -72.134179710829272, -40.952306993671471 ], [ -72.134798330259784, -40.952047717240575 ], [ -72.13547612081976, -40.951893439292157 ], [ -72.136182271193235, -40.9517894412026 ], [ -72.136883663190659, -40.951689774262462 ], [ -72.137571945174841, -40.951553790973549 ], [ -72.138240398645721, -40.951358803171068 ], [ -72.138905492417479, -40.951154607286085 ], [ -72.139580791949172, -40.95099129815916 ], [ -72.140275365733586, -40.950895927455903 ], [ -72.14098853823765, -40.950868513789494 ], [ -72.141705394732682, -40.950859293350661 ], [ -72.142417615920877, -40.950836471571776 ], [ -72.143130087738996, -40.950827139858951 ], [ -72.143867397076434, -40.950908466295552 ], [ -72.14455480949141, -40.950893980919723 ], [ -72.145130348415847, -40.950597534122217 ], [ -72.145627589281816, -40.950172999380982 ], [ -72.145983445203527, -40.949718016300423 ], [ -72.1461521047964, -40.949181823749456 ], [ -72.146309984605921, -40.948654334650016 ], [ -72.146455099355236, -40.948126530583458 ], [ -72.146592400558205, -40.947594070461655 ], [ -72.146721516312311, -40.947061390958162 ], [ -72.146813183997139, -40.946518814381044 ], [ -72.146994199018494, -40.946005375204059 ], [ -72.147382480528677, -40.945555626060923 ], [ -72.147860267478848, -40.945148657286531 ], [ -72.148358878275616, -40.944760226976612 ], [ -72.148924565376333, -40.944432009264844 ], [ -72.149510804134124, -40.944126835910865 ], [ -72.150104262651837, -40.943826258286727 ], [ -72.150698223327808, -40.94353023913505 ], [ -72.151286955808828, -40.943220562822034 ], [ -72.151861809318703, -40.942901524403332 ], [ -72.152403206872435, -40.942550197316834 ], [ -72.152941162980355, -40.942194165931113 ], [ -72.153491840130968, -40.941852024208544 ], [ -72.154080878937492, -40.941551399588448 ], [ -72.154715738111719, -40.941305885085512 ], [ -72.155365710542284, -40.941087696479485 ], [ -72.156020848285749, -40.94086980436856 ], [ -72.156672099018948, -40.940656145860693 ], [ -72.157321903464549, -40.940424521948252 ], [ -72.157983378822323, -40.940233669129526 ], [ -72.158669930651257, -40.940097460709048 ], [ -72.159373830744968, -40.940006812144581 ], [ -72.160085442875371, -40.939943244412554 ], [ -72.160794623266298, -40.939902170356987 ], [ -72.161509092937649, -40.939910746991607 ], [ -72.162220149909231, -40.939896762713339 ], [ -72.162936751282714, -40.939837911045529 ], [ -72.163649153032267, -40.939756372148558 ], [ -72.164318832703529, -40.939597279400516 ], [ -72.16492644238194, -40.939328405291199 ], [ -72.165495194534387, -40.938995744293528 ], [ -72.166047856961796, -40.938640059511705 ], [ -72.166573215994475, -40.938279147582278 ], [ -72.167083103343003, -40.937899991409871 ], [ -72.167614395748117, -40.937539279698221 ], [ -72.168157723781405, -40.93719232692834 ], [ -72.168702509780417, -40.936845478878958 ], [ -72.169245320384107, -40.936494034751377 ], [ -72.169791556263959, -40.936147214930799 ], [ -72.17032342718413, -40.935791049950964 ], [ -72.170828963093413, -40.935407201693074 ], [ -72.171318572771042, -40.935013903246741 ], [ -72.171795102978123, -40.934615797693169 ], [ -72.172245540719459, -40.934199078622811 ], [ -72.172662939322962, -40.933758921174665 ], [ -72.173137562406694, -40.933351787413478 ], [ -72.173632368838241, -40.932972133329379 ], [ -72.174080055039852, -40.932555336025196 ], [ -72.174508269359379, -40.932120037725205 ], [ -72.17492486217408, -40.93167989425114 ], [ -72.175328282093446, -40.931234946905342 ], [ -72.175715001433375, -40.930780646407975 ], [ -72.176054390337598, -40.930307138760952 ], [ -72.176377757788742, -40.929824185128503 ], [ -72.176729526375922, -40.929355424195073 ], [ -72.177100131736267, -40.928896177318933 ], [ -72.177494911659224, -40.928442091499718 ], [ -72.17791576608164, -40.928006468147935 ], [ -72.178271074929341, -40.927609909232224 ], [ -72.178715589179689, -40.927174957752513 ], [ -72.179192997939111, -40.92673636750591 ], [ -72.179701617764778, -40.926330040233751 ], [ -72.180176813973674, -40.925940865324712 ], [ -72.180683319165141, -40.925583950301053 ], [ -72.181160152104482, -40.925172370669365 ], [ -72.181720976624547, -40.924794253765334 ], [ -72.182189875643317, -40.924395948168815 ], [ -72.182615854056081, -40.924064122178677 ], [ -72.183190634802429, -40.923654918215568 ], [ -72.183927295556217, -40.923276652805669 ], [ -72.18468721998093, -40.923119523383825 ], [ -72.185305801682205, -40.92325175128974 ], [ -72.185891163684289, -40.923500213521571 ], [ -72.186405840849901, -40.923909107575426 ], [ -72.186886359576846, -40.924321599841711 ], [ -72.187320128179763, -40.924750952166605 ], [ -72.187714378995025, -40.92520190654961 ], [ -72.188075488264516, -40.9256655073698 ], [ -72.188432365570705, -40.926138078379218 ], [ -72.188815700956951, -40.926584240344724 ], [ -72.189223759776439, -40.927026543505519 ], [ -72.189641365890779, -40.92746902424345 ], [ -72.1900653599251, -40.927902619764716 ], [ -72.190489869592383, -40.928340774008618 ], [ -72.190918433356558, -40.928770034386957 ], [ -72.191308584260881, -40.929247945559595 ], [ -72.191616813302844, -40.929701268423152 ], [ -72.191988693372593, -40.930205579803157 ], [ -72.19232720372446, -40.930713766665171 ], [ -72.192667528673226, -40.931194897662721 ], [ -72.192976363179696, -40.93164827435691 ], [ -72.193248667695158, -40.932177253901521 ], [ -72.193621637421344, -40.932659175059996 ], [ -72.193987383794308, -40.933312021094878 ], [ -72.194200615096676, -40.933690945035679 ], [ -72.194481300893727, -40.934022105796345 ], [ -72.195018663215208, -40.934480943113194 ], [ -72.195693052753526, -40.934821544507628 ], [ -72.196258034676731, -40.935114490474426 ], [ -72.196812338326168, -40.935470295355977 ], [ -72.197286461048293, -40.935878124547351 ], [ -72.197758500577265, -40.936335367785105 ], [ -72.198135799284813, -40.936718361020539 ], [ -72.198500207168024, -40.937209060838953 ], [ -72.1988985785555, -40.93765550771198 ], [ -72.19928901961562, -40.938110879273964 ], [ -72.199717533972461, -40.938544607860123 ], [ -72.200191184180738, -40.938947862665209 ], [ -72.200673879525624, -40.939346880602933 ], [ -72.201128423466116, -40.939763205513707 ], [ -72.201577809280252, -40.9401793764766 ], [ -72.202087390303262, -40.940556540831018 ], [ -72.202661671586313, -40.940881215284897 ], [ -72.203088780079739, -40.941260889058583 ], [ -72.203550916581023, -40.941708865856071 ], [ -72.203918078698877, -40.942172614817515 ], [ -72.204273358800492, -40.942654105460711 ], [ -72.204690760997252, -40.943074030959487 ], [ -72.205339731806276, -40.943332868999946 ], [ -72.206033470157493, -40.943394793416623 ], [ -72.206716408962336, -40.943235675504923 ], [ -72.207410946814164, -40.942910299464799 ], [ -72.207984767261451, -40.942523428887007 ], [ -72.208556229631128, -40.942190480664031 ], [ -72.209124071790214, -40.941929491848093 ], [ -72.209756640260466, -40.941697166691945 ], [ -72.210389202442499, -40.941464839361473 ], [ -72.211084094230529, -40.941306025549622 ], [ -72.211776634229153, -40.941201133391715 ], [ -72.212535566015475, -40.941070922837106 ], [ -72.213196930880471, -40.941001419967115 ], [ -72.213898596864055, -40.940910277962423 ], [ -72.214607391877735, -40.940841804322119 ], [ -72.215315509561705, -40.940773419504296 ], [ -72.216031028465281, -40.940669114148299 ], [ -72.216729565616745, -40.940667979567451 ], [ -72.217417335561194, -40.940729633695021 ], [ -72.218031656553066, -40.940915588486966 ], [ -72.218621399638792, -40.941366578441226 ], [ -72.218941905955745, -40.941883228008763 ], [ -72.219082980082902, -40.94243152560378 ], [ -72.219255835706505, -40.94298505979264 ], [ -72.219303151769168, -40.94343202132201 ], [ -72.219377064252427, -40.944005731740809 ], [ -72.21948748516715, -40.944503756520064 ], [ -72.219530836066127, -40.945027191975484 ], [ -72.219576257581835, -40.945501136938702 ], [ -72.21965207269686, -40.946047790294323 ], [ -72.219790825577334, -40.946650084213971 ], [ -72.219925880093768, -40.947324342774714 ], [ -72.220071117912283, -40.947773731799217 ], [ -72.220278335892132, -40.948300995886854 ], [ -72.220488852485701, -40.94875195304931 ], [ -72.220727697451764, -40.949307106057333 ], [ -72.220969465535759, -40.949808243767436 ], [ -72.221244051772018, -40.950287805462025 ], [ -72.221607436474116, -40.950724302315344 ], [ -72.221970125880205, -40.951192396660083 ], [ -72.22238121292051, -40.951639067213122 ], [ -72.222854150764775, -40.952046820994717 ], [ -72.223391851751131, -40.952397498481574 ], [ -72.223993031288714, -40.952686709631678 ], [ -72.224632181715052, -40.952936194184112 ], [ -72.225314758498854, -40.953074233041932 ], [ -72.226011270847664, -40.953194612280903 ], [ -72.22670306075301, -40.953323899310597 ], [ -72.227377535631263, -40.95349321369347 ], [ -72.228033241109983, -40.953702595828148 ], [ -72.228680867141023, -40.953929833863334 ], [ -72.229327036104664, -40.954157034480673 ], [ -72.229952445002098, -40.954451289553518 ], [ -72.230596219057205, -40.954736910940014 ], [ -72.231275457701429, -40.954951441808618 ], [ -72.231959424178953, -40.955071399033969 ], [ -72.23257898234894, -40.955135834161325 ], [ -72.233295863996815, -40.955252129579996 ], [ -72.234077147664038, -40.955369932256382 ], [ -72.234730127654174, -40.95543511403865 ], [ -72.235448293892901, -40.955501927367912 ], [ -72.236195765871145, -40.955668474305121 ], [ -72.236779260275725, -40.955831066983116 ], [ -72.23749125958004, -40.956046263895672 ], [ -72.237974005230583, -40.95625602395225 ], [ -72.238326286755765, -40.956462587330336 ], [ -72.238998284978777, -40.956852503040466 ], [ -72.239704136213277, -40.957216081369815 ], [ -72.240477852472537, -40.957536429823975 ], [ -72.241155183993399, -40.957800240162157 ], [ -72.241734503028539, -40.958061789022729 ], [ -72.242409892391763, -40.958375152687168 ], [ -72.242999094691669, -40.958776596532005 ], [ -72.243440596890878, -40.959210454644264 ], [ -72.243653355679399, -40.959611798435468 ], [ -72.243911368896988, -40.960104386352256 ], [ -72.244216918264456, -40.960629498536342 ], [ -72.244593415674771, -40.961039286161636 ], [ -72.245170486226769, -40.961359313510556 ], [ -72.245772519163864, -40.961648385002071 ], [ -72.246406945350117, -40.961911233273838 ], [ -72.247027666838406, -40.962178301230217 ], [ -72.247652791868219, -40.962431887867886 ], [ -72.24826027488416, -40.962716586084525 ], [ -72.24885777941391, -40.963010048001557 ], [ -72.249475690972005, -40.963276960919025 ], [ -72.250116152938645, -40.963517410630104 ], [ -72.250763169013609, -40.963744539583409 ], [ -72.251401493888196, -40.963984895337056 ], [ -72.252459714682786, -40.964645145027866 ], [ -72.253604251898068, -40.966054902595531 ], [ -72.254979787295412, -40.967321554357184 ], [ -72.256170391915091, -40.968124478643972 ], [ -72.258225540554122, -40.969371283488691 ], [ -72.260890671322201, -40.971136859381026 ], [ -72.262634705530544, -40.971957391556735 ], [ -72.264179756615263, -40.972993806681643 ], [ -72.265725769795651, -40.97411575589814 ], [ -72.266581442053223, -40.974131624521448 ], [ -72.267809100381768, -40.974043601327786 ], [ -72.269191008427725, -40.973923298093375 ], [ -72.270945942793745, -40.973852292244359 ], [ -72.27210146191338, -40.973839164984568 ], [ -72.273334416708821, -40.973836811504988 ], [ -72.274514601769525, -40.973981804679738 ], [ -72.275438876568728, -40.974278302453925 ], [ -72.276924474452997, -40.974979951075838 ], [ -72.27782159677443, -40.97573972085187 ], [ -72.278766860710235, -40.976865383338712 ], [ -72.2798252324218, -40.978272822868867 ], [ -72.281589803914173, -40.980016703166505 ], [ -72.283448962616077, -40.981951896069397 ], [ -72.284786777754618, -40.982911083279213 ], [ -72.28653349972231, -40.983843902249419 ], [ -72.28888477350317, -40.98498002751105 ], [ -72.290700262404158, -40.985486592590419 ], [ -72.29196657254441, -40.985709951553183 ], [ -72.293081637831875, -40.985889296896914 ], [ -72.294295109067122, -40.986151990965617 ], [ -72.295954816623109, -40.986731319806346 ], [ -72.297448854179478, -40.987617492205146 ], [ -72.298750557941943, -40.988228944135329 ], [ -72.299917950992992, -40.988368875626989 ], [ -72.301526781564576, -40.988757905746091 ], [ -72.303148197533275, -40.989219148919815 ], [ -72.305128573102976, -40.989459135216137 ], [ -72.306812098590427, -40.989457945871578 ], [ -72.307834063380156, -40.989405279720579 ], [ -72.308901228700023, -40.989506756445749 ], [ -72.310065995077181, -40.989727594956321 ], [ -72.310964540330019, -40.990212382002447 ], [ -72.312157897387735, -40.990974351562564 ], [ -72.313806598784893, -40.991827822170706 ], [ -72.315460351408873, -40.992559833371722 ], [ -72.316659061527361, -40.993209235995948 ], [ -72.31756094581813, -40.993613087154813 ], [ -72.319180734937845, -40.993920986574039 ], [ -72.321162111230777, -40.994124660949943 ], [ -72.323097896226415, -40.994205670957584 ], [ -72.324523462395192, -40.994279319537902 ], [ -72.325430063739489, -40.994570534447888 ], [ -72.326575443574512, -40.995254646608629 ], [ -72.327852786823101, -40.996482145106192 ], [ -72.328528764582828, -40.997425409818561 ], [ -72.32915101230877, -40.998444149754739 ], [ -72.329844772219545, -40.998964512653323 ], [ -72.330703243627553, -40.999178134298823 ], [ -72.331606682902049, -40.999545750629864 ], [ -72.33235726394949, -40.999909962866838 ], [ -72.333154152251524, -41.000437207040058 ], [ -72.333645728341281, -41.000867414973548 ], [ -72.334341927178059, -41.001311319510066 ], [ -72.335250127523551, -41.001561978163089 ], [ -72.336166033617573, -41.001623682530116 ], [ -72.337975425652743, -41.001048600417036 ], [ -72.339574425960151, -41.000621689233483 ], [ -72.340324870463675, -41.000346272524546 ], [ -72.341306052637805, -41.000058253301582 ], [ -72.342335295577954, -40.99985227385995 ], [ -72.343357472370073, -40.99979935770601 ], [ -72.344786562629707, -40.999791717670469 ], [ -72.346519946412059, -40.999831656151471 ], [ -72.347754100458403, -40.999589939462545 ], [ -72.349195532671729, -40.999276371534819 ], [ -72.350879167753646, -40.999274530833759 ], [ -72.351696397506956, -40.999257311632284 ], [ -72.352159890464307, -40.999150858656627 ], [ -72.352731137238308, -40.998893785293092 ], [ -72.353307838582751, -40.998519759748703 ], [ -72.354038012601876, -40.998113225346408 ], [ -72.354659138332025, -40.997893349193006 ], [ -72.35557957912161, -40.997837902566019 ], [ -72.356494057792631, -40.99793549025263 ], [ -72.357487706786259, -40.998615745711767 ], [ -72.358079315672811, -40.99913367671153 ], [ -72.359222162258746, -40.999893892987551 ], [ -72.360424597690724, -41.000461864537165 ], [ -72.361487427741039, -41.000679914511409 ], [ -72.362464797465108, -41.000468039418408 ], [ -72.363490757062891, -41.00033847390889 ], [ -72.364258442033332, -41.000279452399305 ], [ -72.365124694648344, -41.000299216410923 ], [ -72.366032323665323, -41.000590225067285 ], [ -72.366669928989367, -41.001221785498828 ], [ -72.367748440929603, -41.002331658314162 ], [ -72.368805594525611, -41.003346603281727 ], [ -72.369511449353368, -41.004186784359526 ], [ -72.369845018971191, -41.004712204614322 ], [ -72.369873920468834, -41.005271256016407 ], [ -72.369832087722671, -41.005558590140204 ], [ -72.369843292409229, -41.0060226910959 ], [ -72.369842086870122, -41.006558572297656 ], [ -72.369820474302685, -41.007102945188649 ], [ -72.369756463050493, -41.007497756977529 ], [ -72.369780165099257, -41.008115245461795 ], [ -72.369948584841993, -41.008700019215098 ], [ -72.370263295228739, -41.009216029866778 ], [ -72.370819767411263, -41.009665570225181 ], [ -72.371135076974312, -41.01018163364504 ], [ -72.371401699645588, -41.010692113580767 ], [ -72.371474383233533, -41.011274670938157 ], [ -72.371361257491486, -41.011708917910248 ], [ -72.371103960231181, -41.0122344429031 ], [ -72.370645104377331, -41.012656235074836 ], [ -72.370153236335071, -41.013045866803537 ], [ -72.369651865015442, -41.013430682286632 ], [ -72.369141094622975, -41.013810828696521 ], [ -72.36873920812782, -41.014251973399993 ], [ -72.368434924486564, -41.014744856213028 ], [ -72.368179369957915, -41.015247895037554 ], [ -72.367956680293929, -41.015765171382448 ], [ -72.367750436087832, -41.016278350433367 ], [ -72.36760732817487, -41.016811004616926 ], [ -72.367536025297497, -41.017349747135903 ], [ -72.367512995188562, -41.017889585968469 ], [ -72.36758375099194, -41.018427124744186 ], [ -72.367800386909209, -41.018940918129829 ], [ -72.368089055135869, -41.019438365187739 ], [ -72.368587077536134, -41.019809946600475 ], [ -72.369132202199992, -41.020155725640265 ], [ -72.369570392310735, -41.020593533963122 ], [ -72.369838948156513, -41.021072457146985 ], [ -72.370107510290481, -41.021551452755872 ], [ -72.370423669659772, -41.022031489279215 ], [ -72.370636087986796, -41.022725343454262 ], [ -72.370613013860421, -41.023305761897888 ], [ -72.370399824778872, -41.023841281590045 ], [ -72.370056384472718, -41.024292819008139 ], [ -72.370009674772888, -41.024832097395418 ], [ -72.370045285787384, -41.025373318416158 ], [ -72.37012875365032, -41.025911146486123 ], [ -72.370265047841855, -41.026445583043696 ], [ -72.370475626419179, -41.026963754100883 ], [ -72.37088078368032, -41.027409827620026 ], [ -72.371397097576363, -41.027678308980732 ], [ -72.372061181641755, -41.027837548558729 ], [ -72.372730373527816, -41.027888845581771 ], [ -72.373401733946977, -41.027868142448277 ], [ -72.374073773492498, -41.027847415589449 ], [ -72.374842287607962, -41.02779287040827 ], [ -72.375467682132339, -41.027730637559614 ], [ -72.376187217403555, -41.027710940734202 ], [ -72.376856413781212, -41.027762288004311 ], [ -72.37732671956168, -41.027993579618681 ], [ -72.378037729820846, -41.028189919910872 ], [ -72.37854692097504, -41.028638371886132 ], [ -72.379099403739403, -41.029195848668209 ], [ -72.37950038383444, -41.029844384754611 ], [ -72.379855918159294, -41.030307302213693 ], [ -72.380118270239677, -41.030813088643789 ], [ -72.380414142056608, -41.031301733546641 ], [ -72.380839440444731, -41.031730210523577 ], [ -72.381284996740803, -41.032154622960142 ], [ -72.381671831065091, -41.032613737571005 ], [ -72.382081320002527, -41.033050864050999 ], [ -72.382559060240297, -41.033448947069964 ], [ -72.383050274308999, -41.033847443062172 ], [ -72.383513664858427, -41.034254280112414 ], [ -72.383805707157279, -41.034747234143467 ], [ -72.384113426854498, -41.035236110724583 ], [ -72.384356518156906, -41.035741419527753 ], [ -72.384455263667888, -41.036270523588158 ], [ -72.3845168952829, -41.03681687547401 ], [ -72.384585318161456, -41.037358821925537 ], [ -72.384720616121342, -41.0378842689748 ], [ -72.384958496296775, -41.038394082276476 ], [ -72.385167669010684, -41.038912117967804 ], [ -72.385425439683146, -41.039480884005734 ], [ -72.385838971937673, -41.039927099023828 ], [ -72.386297341802987, -41.040441860241756 ], [ -72.38671450145462, -41.040816105824803 ], [ -72.387178488485389, -41.041191333072618 ], [ -72.387641959883183, -41.041598151159143 ], [ -72.388155621952521, -41.041938565566838 ], [ -72.388619103231804, -41.042345378356977 ], [ -72.389178819230821, -41.042722796140431 ], [ -72.389742412358601, -41.043023812118314 ], [ -72.39025462993699, -41.043400188049688 ], [ -72.390861291892762, -41.04381472700868 ], [ -72.391373775372443, -41.044186516400259 ], [ -72.3917930397768, -41.044488821758513 ], [ -72.392259486394821, -41.044823600625698 ], [ -72.392738429476765, -41.045194748820627 ], [ -72.393386639412725, -41.045425525266587 ], [ -72.394069583607489, -41.045585037632364 ], [ -72.394770512074217, -41.045569386070639 ], [ -72.395494617973611, -41.045441716829629 ], [ -72.396220077634126, -41.045277926373998 ], [ -72.396848268613994, -41.045147988289038 ], [ -72.397569702025422, -41.045087817227959 ], [ -72.398338288904412, -41.045033110857133 ], [ -72.3991510854718, -41.045087538096652 ], [ -72.399669105268586, -41.04531983523033 ], [ -72.400238722498685, -41.045751500724201 ], [ -72.400734155055972, -41.046140941400978 ], [ -72.40125491291775, -41.046513032004952 ], [ -72.40178418052021, -41.046876162802114 ], [ -72.40228427892707, -41.047261252816263 ], [ -72.402729981648577, -41.047685575280333 ], [ -72.403234829448337, -41.048066168237554 ], [ -72.403783550068283, -41.048407319470591 ], [ -72.404409909383304, -41.04866464878797 ], [ -72.405091034489601, -41.04883307551134 ], [ -72.405792875644664, -41.048911910665232 ], [ -72.406511109257039, -41.048932563823229 ], [ -72.407222663895283, -41.048912610485353 ], [ -72.407934461078639, -41.048852069583724 ], [ -72.408785238416243, -41.048754060734652 ], [ -72.40959246992044, -41.048952442634047 ], [ -72.409911644934141, -41.049229832138415 ], [ -72.410400889895755, -41.049628046291645 ], [ -72.410778727592472, -41.050082382225739 ], [ -72.411059572391324, -41.050579504597458 ], [ -72.411349560243124, -41.051072444753785 ], [ -72.411684862711127, -41.05154825291087 ], [ -72.41214082778643, -41.051963823077926 ], [ -72.412641547827462, -41.052353348924235 ], [ -72.413115852009284, -41.0527558295585 ], [ -72.413619139435426, -41.053136348477828 ], [ -72.414212844989848, -41.053433397284358 ], [ -72.414971834268343, -41.053572010930793 ], [ -72.415633415627326, -41.053807574405333 ], [ -72.416195667570406, -41.054144352994257 ], [ -72.416680020306984, -41.054520034654793 ], [ -72.41721012154602, -41.054883140906853 ], [ -72.417770659503518, -41.055210962163315 ], [ -72.418347637529052, -41.055498600024187 ], [ -72.419009927658792, -41.055734049571839 ], [ -72.419574331066954, -41.055998888238818 ], [ -72.420285756347795, -41.056194949913191 ], [ -72.420963715791032, -41.056412806596711 ], [ -72.421707115706099, -41.056627606200578 ], [ -72.422414254226382, -41.056936142530589 ], [ -72.422684863620901, -41.05737459228731 ], [ -72.422898723743955, -41.058032221477845 ], [ -72.422969054644184, -41.058686814248269 ], [ -72.422996102019084, -41.059232325713026 ], [ -72.423218262575347, -41.059674132704671 ], [ -72.423581840415252, -41.060132537181694 ], [ -72.423668889861204, -41.06066586074364 ], [ -72.423877414889802, -41.061210915525457 ], [ -72.423950649145027, -41.061793489269036 ], [ -72.424122508536982, -41.062306213400767 ], [ -72.424148689935933, -41.062851675881447 ], [ -72.424123305342633, -41.063504097986659 ], [ -72.423958604625184, -41.064045353254798 ], [ -72.424084955364847, -41.064484990345761 ], [ -72.424650196901183, -41.064542614618617 ], [ -72.425377364259049, -41.064549896978264 ], [ -72.426140660061023, -41.064639024542217 ], [ -72.426807456140224, -41.064761931682845 ], [ -72.427523901206868, -41.06494916574129 ], [ -72.428233388821653, -41.064987499478775 ], [ -72.428864519089117, -41.064879946460678 ], [ -72.429305286466416, -41.064637665874699 ], [ -72.430080076212462, -41.064434195955769 ], [ -72.430852511474129, -41.064307371346452 ], [ -72.431688840308695, -41.064335041969485 ], [ -72.43240229757869, -41.064292446923439 ], [ -72.433114152254248, -41.06429025109928 ], [ -72.433827126230639, -41.06431516712945 ], [ -72.43454131742422, -41.064389619858602 ], [ -72.435255651449935, -41.064513567802948 ], [ -72.4359685526628, -41.064673556767417 ], [ -72.436685615770344, -41.06473005723285 ], [ -72.437404176369498, -41.064746078106438 ], [ -72.438024126204937, -41.064831955719896 ], [ -72.438733018236661, -41.065099908541299 ], [ -72.439348658853703, -41.06529369379053 ], [ -72.439962811860624, -41.065528024607637 ], [ -72.440646777439866, -41.065669225079908 ], [ -72.44132848195953, -41.065851066009301 ], [ -72.442027761119405, -41.065925105885384 ], [ -72.442741656767268, -41.065887007713698 ], [ -72.443445516436768, -41.065785536199677 ], [ -72.444117140062318, -41.065593247860619 ], [ -72.444767097221529, -41.065269913278094 ], [ -72.445496832862801, -41.064997896006069 ], [ -72.446030847163229, -41.064825060807053 ], [ -72.44656614156294, -41.064620829503127 ], [ -72.447106365916923, -41.064304013944202 ], [ -72.447833316780802, -41.06410399658315 ], [ -72.448456034325645, -41.06411780349201 ], [ -72.449166287305047, -41.064349648049529 ], [ -72.449680436261275, -41.064689840447663 ], [ -72.450243697910736, -41.064990490427796 ], [ -72.451004883570093, -41.065155946724232 ], [ -72.451662661462152, -41.065494774946863 ], [ -72.452178255807681, -41.065798835465344 ], [ -72.452840919636571, -41.066029723184613 ], [ -72.453407062183146, -41.066258339156107 ], [ -72.454100933485009, -41.066336747057825 ], [ -72.454839866976485, -41.066402584482255 ], [ -72.455508159648943, -41.066489498206948 ], [ -72.456274358805928, -41.066506405214795 ], [ -72.456990175051871, -41.066594243969085 ], [ -72.457601557654456, -41.066805913123794 ], [ -72.458317716158518, -41.066983813217526 ], [ -72.45888716989522, -41.067144944832236 ], [ -72.459601573091234, -41.067268813082983 ], [ -72.460314651272185, -41.067428644312187 ], [ -72.46097809394044, -41.067623384423776 ], [ -72.461544812307096, -41.067856590122901 ], [ -72.462107605934278, -41.068193197222733 ], [ -72.46266794805905, -41.068570231050693 ], [ -72.463037656002442, -41.068938685250366 ], [ -72.463547734692114, -41.069386723457981 ], [ -72.464067743358953, -41.069578384405581 ], [ -72.464738819910494, -41.06959315524746 ], [ -72.465503630272025, -41.069645970630773 ], [ -72.466268445125152, -41.069698855728404 ], [ -72.4670324631726, -41.069792188123735 ], [ -72.467798903976373, -41.070092753146085 ], [ -72.46820674989516, -41.070434957040661 ], [ -72.468766174840027, -41.070843563721326 ], [ -72.469426041315131, -41.071150722913295 ], [ -72.470141924934723, -41.071238551399965 ], [ -72.471050229484803, -41.071294528141074 ], [ -72.471814423602041, -41.071383323523492 ], [ -72.472534469116354, -41.071363150122494 ], [ -72.473204781201574, -41.071377820332977 ], [ -72.473734553657238, -41.071317345481013 ], [ -72.47450564773419, -41.071226269085486 ], [ -72.474822868912156, -41.07170154814974 ], [ -72.475135887771231, -41.07228931197573 ], [ -72.475309493488098, -41.072765973683971 ], [ -72.475531512110564, -41.073243681616724 ], [ -72.475703025651114, -41.073756335434233 ], [ -72.475876886489516, -41.074228414030962 ], [ -72.476096180521751, -41.074778134028783 ], [ -72.47631082038248, -41.075309771793748 ], [ -72.476474996483788, -41.075840203930404 ], [ -72.476642362502687, -41.076366334396212 ], [ -72.476814265912083, -41.076887900550162 ], [ -72.476982411668658, -41.077413932566664 ], [ -72.477145291501017, -41.077939901460141 ], [ -72.477311200452533, -41.078465927089276 ], [ -72.477488295225967, -41.078987704107384 ], [ -72.477683503628782, -41.079505318613329 ], [ -72.477903369887841, -41.080019015154186 ], [ -72.478141409963385, -41.080524119536875 ], [ -72.478392921174958, -41.081029481411086 ], [ -72.478657812792676, -41.081535175254878 ], [ -72.478934819090313, -41.082032017923453 ], [ -72.479225306405425, -41.08252926378367 ], [ -72.47952826054005, -41.083013222288756 ], [ -72.479844344450868, -41.083502019903165 ], [ -72.480174109703455, -41.083982067071467 ], [ -72.480515262898905, -41.084457931686451 ], [ -72.480864083215295, -41.084929358574833 ], [ -72.481219852898747, -41.085391942020259 ], [ -72.481577571028026, -41.08586361340604 ], [ -72.481935349344454, -41.086330781543538 ], [ -72.482291079502019, -41.086797863756743 ], [ -72.48264432402118, -41.087269445833975 ], [ -72.483007541636653, -41.087732240299843 ], [ -72.483378277252726, -41.08819510192032 ], [ -72.483749710859769, -41.088658162042414 ], [ -72.484116749010127, -41.089120985319042 ], [ -72.484475342996831, -41.089588120819336 ], [ -72.484818800370974, -41.090063975304204 ], [ -72.485142932288426, -41.090539382207723 ], [ -72.485442012887532, -41.09102779344947 ], [ -72.485711694322347, -41.09152447091968 ], [ -72.485959603289629, -41.092029775959183 ], [ -72.486193743778543, -41.092543834293508 ], [ -72.486421826029172, -41.093057632019082 ], [ -72.486650793120376, -41.093571477178578 ], [ -72.486888652634562, -41.0940855674544 ], [ -72.487143120201722, -41.094590966530234 ], [ -72.487419821970491, -41.095083369638857 ], [ -72.487715074848182, -41.095576095362418 ], [ -72.488023239211458, -41.096060240077968 ], [ -72.48834048105067, -41.096544476678496 ], [ -72.488662029413348, -41.097028878274365 ], [ -72.48898382660937, -41.097508696642244 ], [ -72.489307782457018, -41.097988669913384 ], [ -72.489636857803475, -41.098473133970032 ], [ -72.489970638525406, -41.098948750123824 ], [ -72.490305985010849, -41.099424390588297 ], [ -72.491456145679805, -41.100840957997093 ], [ -72.493259221660225, -41.102623024143725 ], [ -72.494330077259292, -41.103483932199552 ], [ -72.495125848057086, -41.104005555918974 ], [ -72.534948708082851, -41.108174841005898 ], [ -72.535145385231161, -41.10817005294583 ], [ -72.535311207046078, -41.108155589266069 ], [ -72.535825448528783, -41.108157569062378 ], [ -72.536128073880022, -41.108164057379042 ], [ -72.536294375395315, -41.108176652942028 ], [ -72.53649094564409, -41.108189867146351 ], [ -72.53718671418784, -41.108213705231179 ], [ -72.537382700531694, -41.108226935672491 ], [ -72.537715201154342, -41.108252050964467 ], [ -72.538048000017639, -41.108268231120384 ], [ -72.53822973009791, -41.108263011235366 ], [ -72.538532461450373, -41.108251489853807 ], [ -72.538849184063352, -41.108177270232147 ], [ -72.539017162733273, -41.108126732289797 ], [ -72.539183193855649, -41.108085328456234 ], [ -72.539333982364298, -41.10805250914288 ], [ -72.539501765201493, -41.108001976519311 ], [ -72.539652654321458, -41.107969227557263 ], [ -72.539924658799592, -41.107857943641044 ], [ -72.540076525286565, -41.10781616262863 ], [ -72.540257887057606, -41.107766023077403 ], [ -72.540425671691423, -41.107715563334033 ], [ -72.540743356400071, -41.10765930964282 ], [ -72.541045889224819, -41.107647787478463 ], [ -72.541363839834816, -41.107645453669676 ], [ -72.541545182741203, -41.107649388926092 ], [ -72.541726232796833, -41.1076442596909 ], [ -72.541922997081713, -41.10765745843463 ], [ -72.542119371497776, -41.107661594717293 ], [ -72.542300511384923, -41.107674462473746 ], [ -72.54261827604364, -41.107672278928483 ], [ -72.542981544863068, -41.10767105381472 ], [ -72.543146670483665, -41.107674526775298 ], [ -72.543480156558161, -41.107672668122092 ], [ -72.543646750924239, -41.107676243288218 ], [ -72.543812561959356, -41.107679769043465 ], [ -72.543964494921681, -41.107718985527917 ], [ -72.544084875457983, -41.107802626842037 ], [ -72.544385794010168, -41.10795315494768 ], [ -72.544538212062733, -41.10801950503177 ], [ -72.54470282923684, -41.10809499664051 ], [ -72.544853777645628, -41.108179318389972 ], [ -72.545004533814918, -41.108245571455598 ], [ -72.545171312335611, -41.10828514091893 ], [ -72.545306841162542, -41.108342124396785 ], [ -72.545457697943149, -41.108390299286462 ], [ -72.545623986882021, -41.108438883635358 ], [ -72.545789602084426, -41.108469487424877 ], [ -72.545955903599719, -41.108482068715439 ], [ -72.546259014041212, -41.108497515786226 ], [ -72.546575886672827, -41.108540277119964 ], [ -72.546756932236889, -41.108553140643124 ], [ -72.546953309347884, -41.108557268747184 ], [ -72.54711990730722, -41.108560839127186 ], [ -72.547301547555975, -41.108537680725291 ], [ -72.547497449458206, -41.108514894582569 ], [ -72.547649496506551, -41.10849102547197 ], [ -72.547830837616331, -41.108494876748303 ], [ -72.547982017790446, -41.108453107647684 ], [ -72.548285634881751, -41.108396529699888 ], [ -72.548481048100442, -41.108382757135011 ], [ -72.548648326982772, -41.108368228524377 ], [ -72.548814526988423, -41.108380735380699 ], [ -72.548980141292532, -41.10841133513626 ], [ -72.549132076949789, -41.108468619026048 ], [ -72.549282839407269, -41.108516791792397 ], [ -72.549463779868432, -41.1085747301033 ], [ -72.549615030111156, -41.108631961733245 ], [ -72.549765408988023, -41.108689293486798 ], [ -72.549947714888418, -41.108729115146843 ], [ -72.550114017302008, -41.108741689619158 ], [ -72.550415175704387, -41.108766112976475 ], [ -72.550717509103151, -41.108763498315852 ], [ -72.55089973146022, -41.108767391540702 ], [ -72.551080688091048, -41.108744248779153 ], [ -72.551231569126159, -41.108711410843426 ], [ -72.55138489357887, -41.108669643234222 ], [ -72.551550427932909, -41.108619162526139 ], [ -72.551701601818792, -41.108559239732315 ], [ -72.551868692953221, -41.108526785477835 ], [ -72.552034715092461, -41.108485363621575 ], [ -72.552170949995173, -41.108425163196877 ], [ -72.552352503107372, -41.108347996083509 ], [ -72.552506115020947, -41.108297144890038 ], [ -72.552792060453982, -41.108213213836017 ], [ -72.552944309623285, -41.108162403826249 ], [ -72.553095478119289, -41.108138554893138 ], [ -72.553246249559948, -41.108168794675528 ], [ -72.553548473364259, -41.10824732788786 ], [ -72.553714861117811, -41.10829582232126 ], [ -72.553896301940583, -41.108299735879442 ], [ -72.55406152098594, -41.108339193629583 ], [ -72.554379962076084, -41.108363956915987 ], [ -72.554546166573303, -41.10837652942768 ], [ -72.554727606497778, -41.108362366315369 ], [ -72.554924573801898, -41.108348535534134 ], [ -72.555106309272091, -41.108343436811886 ], [ -72.555407762321863, -41.108322761025462 ], [ -72.555724439120766, -41.108392505143932 ], [ -72.55586124535202, -41.108458510944047 ], [ -72.556027247728338, -41.108516089222341 ], [ -72.556284054508481, -41.108656587508975 ], [ -72.556601117582971, -41.108816469708657 ], [ -72.556751297932166, -41.108900726231226 ], [ -72.556901675910723, -41.108957901398902 ], [ -72.557037799422361, -41.109041927612935 ], [ -72.557173817831099, -41.109125809551784 ], [ -72.55730915980844, -41.109209786818255 ], [ -72.557460417237664, -41.109267007065171 ], [ -72.557701117224767, -41.109416188962271 ], [ -72.557882258908577, -41.109492108758396 ], [ -72.558033225283637, -41.109594413671857 ], [ -72.558168268121975, -41.109705327122306 ], [ -72.558304391633627, -41.109789277927803 ], [ -72.558455262787277, -41.109873585318361 ], [ -72.558589526786264, -41.109966445762375 ], [ -72.558725944046984, -41.110041387573943 ], [ -72.558845953579066, -41.110115950950188 ], [ -72.558997608063649, -41.11018223116546 ], [ -72.559147898007311, -41.110221478643226 ], [ -72.559329726003952, -41.110297375172777 ], [ -72.559495833483155, -41.110354945747005 ], [ -72.559692115372712, -41.110422131319687 ], [ -72.559873751129928, -41.110480031400527 ], [ -72.560053529171086, -41.110528841617658 ], [ -72.560235850342849, -41.110568719692445 ], [ -72.560568465051517, -41.11061184042665 ], [ -72.560795418119838, -41.110634696908562 ], [ -72.560976078306652, -41.110638475638588 ], [ -72.561127539653427, -41.110668683135572 ], [ -72.561293941780022, -41.110717241432802 ], [ -72.561444624287475, -41.110747472582503 ], [ -72.561626360655964, -41.110805367638626 ], [ -72.561791981248277, -41.110853875072856 ], [ -72.561956920917595, -41.110902402775949 ], [ -72.562109265308322, -41.110968731605489 ], [ -72.562198324285575, -41.111078702626692 ], [ -72.562364625800882, -41.111289344594645 ], [ -72.562484742232442, -41.111363974235637 ], [ -72.562650753591896, -41.111439470120921 ], [ -72.562726140210543, -41.111558126641206 ], [ -72.562786101857441, -41.111667522057303 ], [ -72.562860415887641, -41.111831213488117 ], [ -72.562919983174126, -41.111949548490379 ], [ -72.562949867428685, -41.112067325585336 ], [ -72.563024769855403, -41.112176996969076 ], [ -72.563190880927849, -41.112252487858576 ], [ -72.563312367290237, -41.112327148214845 ], [ -72.563477605200234, -41.112366665134395 ], [ -72.5636283892173, -41.112396890786904 ], [ -72.563779559509939, -41.112436030004872 ], [ -72.563945190882023, -41.112466607566141 ], [ -72.564141779097113, -41.112524849662634 ], [ -72.564278107424641, -41.112581712373093 ], [ -72.564414438447088, -41.112638647452727 ], [ -72.564579675458774, -41.112696163183024 ], [ -72.564730951752622, -41.112771449080178 ], [ -72.564866599157142, -41.112828331204412 ], [ -72.565018849224757, -41.112876584695776 ], [ -72.565138190410252, -41.112951161772223 ], [ -72.565409590322218, -41.11311907392561 ], [ -72.565514867483628, -41.113211349083727 ], [ -72.565650714314131, -41.113340303298394 ], [ -72.565845450203142, -41.113569535734975 ], [ -72.565921142248968, -41.113679252661797 ], [ -72.566071053103585, -41.113889512018716 ], [ -72.566176532385924, -41.114017856464315 ], [ -72.56631267745712, -41.114119872103352 ], [ -72.566416882928394, -41.114221107243914 ], [ -72.56662764386374, -41.114378722861531 ], [ -72.566764079090774, -41.114471654764131 ], [ -72.56692912745622, -41.114538173548866 ], [ -72.567095253800034, -41.114613732109042 ], [ -72.567231592009023, -41.114670664749546 ], [ -72.567383065033908, -41.114700864300211 ], [ -72.567518040498626, -41.11477583928427 ], [ -72.567669218876105, -41.114814974376834 ], [ -72.567835345219905, -41.114890531941597 ], [ -72.568002156978281, -41.114930141391092 ], [ -72.568183028269146, -41.114987977939307 ], [ -72.56839339484408, -41.115037448728586 ], [ -72.56853041756932, -41.115094358667818 ], [ -72.568619104644043, -41.115213336144137 ], [ -72.568725070813272, -41.115305587378344 ], [ -72.568846666770128, -41.115380238171397 ], [ -72.56896680026972, -41.115472861398985 ], [ -72.569087712608635, -41.115565460131897 ], [ -72.569191830943311, -41.115666769518846 ], [ -72.569313235559036, -41.115768427288536 ], [ -72.569448893743342, -41.115843304951419 ], [ -72.569615948046831, -41.115896330864928 ], [ -72.569780465507975, -41.11591335916448 ], [ -72.569931262101463, -41.115961575872831 ], [ -72.570098656866449, -41.11598308912864 ], [ -72.57040004703417, -41.11600745226648 ], [ -72.570567146253424, -41.115974971238956 ], [ -72.570734150251269, -41.115969492762623 ], [ -72.570915217374889, -41.115964316126529 ], [ -72.571066403837179, -41.116003520218122 ], [ -72.571217590299511, -41.116060725069175 ], [ -72.571368295264833, -41.116109016790908 ], [ -72.571503954347477, -41.116165891285831 ], [ -72.571640393167769, -41.116222742044513 ], [ -72.571851361613923, -41.116353265185047 ], [ -72.571987025188136, -41.11641021323608 ], [ -72.572153257533159, -41.116485761520288 ], [ -72.572318022929295, -41.116534280323066 ], [ -72.572439724887374, -41.116626925609076 ], [ -72.572559471213054, -41.116710482484351 ], [ -72.572741330650743, -41.116786355946715 ], [ -72.572876998716524, -41.116861303508593 ], [ -72.573012174505536, -41.116927191835764 ], [ -72.573148522595986, -41.116984116378958 ], [ -72.573284871584761, -41.117041040872792 ], [ -72.573449350418329, -41.117125569049719 ], [ -72.573601907709758, -41.117164800194935 ], [ -72.573781812413415, -41.117213584462505 ], [ -72.573933792088113, -41.117270908045441 ], [ -72.574115062231002, -41.11731972336505 ], [ -72.574310886878095, -41.117377823773914 ], [ -72.574477603415048, -41.117399350777482 ], [ -72.574643746826837, -41.117456971294736 ], [ -72.574854806901158, -41.117506408415736 ], [ -72.575081684510991, -41.117529164367518 ], [ -72.575232491884279, -41.117577448918141 ], [ -72.575428998352663, -41.117599598471855 ], [ -72.575745442487914, -41.117678219886415 ], [ -72.575897715013397, -41.117726532074336 ], [ -72.576259091082548, -41.117797189972471 ], [ -72.576411748985294, -41.117836413948716 ], [ -72.576577006658198, -41.117875911309838 ], [ -72.576727711623548, -41.117906121567465 ], [ -72.576895607648453, -41.117954683986007 ], [ -72.57706154444773, -41.117976158013747 ], [ -72.57736294449694, -41.11800050213953 ], [ -72.577544612593456, -41.118040372292015 ], [ -72.577846992704622, -41.118073759144153 ], [ -72.578149181474629, -41.118116151502278 ], [ -72.578315506346101, -41.118128611159371 ], [ -72.578617883762305, -41.118143995052939 ], [ -72.578800032457536, -41.118147847116532 ], [ -72.579132299518179, -41.118181850433324 ], [ -72.579328804189956, -41.11820391857308 ], [ -72.579644964457586, -41.118246684412824 ], [ -72.579962388654792, -41.118298337291641 ], [ -72.580115339408337, -41.118328546678079 ], [ -72.580295830711847, -41.118341374445983 ], [ -72.580522708321681, -41.118346118452394 ], [ -72.58088495755328, -41.118371732020471 ], [ -72.581051965144368, -41.1183662388557 ], [ -72.581218197489392, -41.118378770877335 ], [ -72.581414214375954, -41.118391851062427 ], [ -72.581596078305239, -41.118404781006866 ], [ -72.581762697824118, -41.118408300095261 ], [ -72.581943862864108, -41.118403028906826 ], [ -72.582261661658805, -41.118382658794808 ], [ -72.582442444016451, -41.118386473623232 ], [ -72.582609740865081, -41.118371968882307 ], [ -72.582776361282299, -41.118375486618959 ], [ -72.58292626944197, -41.118342636581829 ], [ -72.583094235535484, -41.118292035405759 ], [ -72.583245314199971, -41.118250221781921 ], [ -72.583396592290441, -41.118226402906451 ], [ -72.583593085284107, -41.11818553533741 ], [ -72.58374465083547, -41.118152633095448 ], [ -72.583926397085435, -41.118129413785603 ], [ -72.58407864176317, -41.11807856272398 ], [ -72.584365549291874, -41.117967521978301 ], [ -72.58451700435046, -41.117898619084073 ], [ -72.584653911193016, -41.117838433381579 ], [ -72.584805553101177, -41.117742524464575 ], [ -72.584957309993698, -41.117682759560658 ], [ -72.585093427217132, -41.117604523902472 ], [ -72.585230719436964, -41.117535324207743 ], [ -72.585366738744014, -41.117457089727296 ], [ -72.585669939017023, -41.117310347545555 ], [ -72.58582168063819, -41.117232434934706 ], [ -72.585958084424178, -41.117127260275375 ], [ -72.586185586363143, -41.116969891507836 ], [ -72.586338299961454, -41.116865093385186 ], [ -72.586428500697437, -41.116758851556028 ], [ -72.586672121107554, -41.116610864593653 ], [ -72.586792215979571, -41.116523313311767 ], [ -72.587051165241675, -41.116384586043985 ], [ -72.587202614910382, -41.116315681488111 ], [ -72.587460293954692, -41.116167992659328 ], [ -72.587581566518054, -41.116089551487434 ], [ -72.58768817947427, -41.116001682103871 ], [ -72.587945774975253, -41.11589899802982 ], [ -72.588097521088002, -41.115839155648686 ], [ -72.588279332016668, -41.115752851310837 ], [ -72.588415828329147, -41.115665598696339 ], [ -72.58856707677522, -41.115578770304957 ], [ -72.588704071652671, -41.115518577061138 ], [ -72.588826022444067, -41.115440114133058 ], [ -72.58900762586191, -41.115317812049625 ], [ -72.589158569779102, -41.115221844630383 ], [ -72.589370434743898, -41.115064220208588 ], [ -72.589522167381929, -41.114986302224558 ], [ -72.589735878384644, -41.11481961915073 ], [ -72.589978697497514, -41.114653648986575 ], [ -72.590099176848483, -41.114575082829795 ], [ -72.590266536579179, -41.114497562893327 ], [ -72.590418266522235, -41.114419643559906 ], [ -72.590615696458755, -41.1143336595077 ], [ -72.590765866926475, -41.114255788708626 ], [ -72.590949347823255, -41.114205576920838 ], [ -72.591145241640646, -41.114182643174324 ], [ -72.591311930329823, -41.114141142994484 ], [ -72.591569696510703, -41.114011443850195 ], [ -72.591765762804613, -41.11394342678711 ], [ -72.591917205286776, -41.113874590055424 ], [ -72.592054771492755, -41.113796373546208 ], [ -72.592190099995364, -41.11373615294977 ], [ -72.592341825446852, -41.113658232712559 ], [ -72.592494345009058, -41.113598434987736 ], [ -72.592797510247777, -41.113451675381519 ], [ -72.592932834258804, -41.113391381374548 ], [ -72.593252412616081, -41.113262994419259 ], [ -72.593433539028496, -41.113194776924288 ], [ -72.593570806095485, -41.113107567609021 ], [ -72.593737088746153, -41.11305692991079 ], [ -72.593903766655558, -41.112997425370949 ], [ -72.594055316037227, -41.112964584148003 ], [ -72.594206359667439, -41.112904609145374 ], [ -72.594387493266368, -41.112854390909689 ], [ -72.594539719079478, -41.1128036007349 ], [ -72.594736465398043, -41.112735631150429 ], [ -72.594887615927746, -41.112693726002291 ], [ -72.595039335989341, -41.112615802497373 ], [ -72.595175048970887, -41.112546640182458 ], [ -72.595327153511434, -41.112459703437089 ], [ -72.595508852150701, -41.112373464367685 ], [ -72.595646512679778, -41.112295315104632 ], [ -72.59578192742066, -41.112235014621106 ], [ -72.595979529833699, -41.112122087189164 ], [ -72.596176264474181, -41.11203611569433 ], [ -72.596358634154967, -41.111931853177119 ], [ -72.596540812494567, -41.111836596878817 ], [ -72.596738024140478, -41.111732608155428 ], [ -72.596995663658902, -41.11158489886332 ], [ -72.597176370558088, -41.111489541215548 ], [ -72.597314217038445, -41.111402383103822 ], [ -72.597526867130824, -41.111325722367411 ], [ -72.597752712576394, -41.11125846123857 ], [ -72.597980420229561, -41.111218142971701 ], [ -72.598162823147987, -41.111194880599619 ], [ -72.598357917464782, -41.111153958567975 ], [ -72.598525373315212, -41.111112424662885 ], [ -72.598706205978516, -41.111071136418417 ], [ -72.598872872209824, -41.111011624664108 ], [ -72.599070599488698, -41.11097961900267 ], [ -72.599221543405889, -41.110919788380862 ], [ -72.599403254621549, -41.110878545362532 ], [ -72.599736517913868, -41.110822453435304 ], [ -72.59993355169334, -41.110763540447081 ], [ -72.600100027481787, -41.110730887618182 ], [ -72.600416991741582, -41.11069249324737 ], [ -72.600916179256757, -41.110657912777988 ], [ -72.601083279374336, -41.110688389643329 ], [ -72.601264827096628, -41.110710150992325 ], [ -72.601415524875435, -41.110740329352787 ], [ -72.601566718524268, -41.110779567021368 ], [ -72.601731677956522, -41.110827963475174 ], [ -72.601868815666109, -41.110884829009052 ], [ -72.60203407154242, -41.110924363717395 ], [ -72.60217042861602, -41.11098125285659 ], [ -72.602306496432107, -41.111047078049673 ], [ -72.602441788103775, -41.111113001992869 ], [ -72.602608321384409, -41.111179423334292 ], [ -72.602759356929766, -41.11128166673511 ], [ -72.602864397834253, -41.111382988824481 ], [ -72.6029845645715, -41.111475501955873 ], [ -72.603091358987413, -41.111567842368231 ], [ -72.60322597692263, -41.111651713635027 ], [ -72.603421338937366, -41.111745780358291 ], [ -72.603603625074811, -41.111848666528559 ], [ -72.603723798100248, -41.111941252776496 ], [ -72.603860277344751, -41.112034138045424 ], [ -72.603994994992959, -41.112118005332455 ], [ -72.60414601886022, -41.112202171663156 ], [ -72.604311771504854, -41.112250687540715 ], [ -72.604629256787518, -41.112257340594816 ], [ -72.604826147734869, -41.112288428554685 ], [ -72.604993541601544, -41.112309890223038 ], [ -72.605204100415932, -41.112332285882729 ], [ -72.605355581525657, -41.112362435071525 ], [ -72.605505218394114, -41.112401641991006 ], [ -72.605672710177146, -41.112423099561518 ], [ -72.605838642484869, -41.112444605855266 ], [ -72.605990124492905, -41.112474752962044 ], [ -72.606141606500941, -41.112504900731828 ], [ -72.606321808546937, -41.112544697742955 ], [ -72.606518991446748, -41.112566846287642 ], [ -72.6066700862809, -41.112605932613292 ], [ -72.606821282624693, -41.112645088626834 ], [ -72.606971986691704, -41.112675259329812 ], [ -72.607152874152277, -41.112715107674994 ], [ -72.607334755149523, -41.112790852424638 ], [ -72.607454825767022, -41.112865435689699 ], [ -72.607605460663763, -41.112940609720027 ], [ -72.607771559159801, -41.113061187001023 ], [ -72.607923546919352, -41.113118317937484 ], [ -72.60807430847855, -41.113229563158583 ], [ -72.608269696544397, -41.11334169615278 ], [ -72.608420447323809, -41.113434939497381 ], [ -72.60853985318802, -41.113545397742854 ], [ -72.608661493162316, -41.113620077609454 ], [ -72.608797684945898, -41.113703966558354 ], [ -72.60891843558808, -41.113778453357881 ], [ -72.609052767859026, -41.113853325845852 ], [ -72.609204664888736, -41.113910531217087 ], [ -72.609355975318579, -41.113967681718208 ], [ -72.609506618300159, -41.114042926226368 ], [ -72.609626302642084, -41.114126373366631 ], [ -72.609763169958768, -41.11419231181435 ], [ -72.609882959403592, -41.114275902244252 ], [ -72.610004222085479, -41.114377446436919 ], [ -72.610125575497207, -41.114461061672245 ], [ -72.610275038092496, -41.114527195375466 ], [ -72.610442100480824, -41.114620736852778 ], [ -72.610563357772833, -41.114704353808577 ], [ -72.610713777073897, -41.114743455104467 ], [ -72.610880057927929, -41.114836946191559 ], [ -72.611044479269324, -41.114921421710513 ], [ -72.611166021327264, -41.114996028949555 ], [ -72.611287769099405, -41.115088557292978 ], [ -72.611406783298136, -41.115172169592192 ], [ -72.611557819741819, -41.115256253500746 ], [ -72.611647650371907, -41.115366233582691 ], [ -72.611768909460523, -41.115449848912114 ], [ -72.611904338574448, -41.115551685010189 ], [ -72.612041333451913, -41.115653619082778 ], [ -72.612175399821552, -41.115755497501546 ], [ -72.612311217007658, -41.115848393616368 ], [ -72.612448196613755, -41.115932252646786 ], [ -72.612582451629606, -41.116025124147704 ], [ -72.612718939857245, -41.116099998133841 ], [ -72.612869987978996, -41.116184227036399 ], [ -72.613050704759644, -41.116250924106595 ], [ -72.6132324025006, -41.116308811602359 ], [ -72.613414589823364, -41.116375610737975 ], [ -72.613579975057078, -41.116433124547804 ], [ -72.613760711600662, -41.11651789443669 ], [ -72.613926987963126, -41.116593381011242 ], [ -72.614077814201011, -41.116641539694953 ], [ -72.614243197638075, -41.116698978827571 ], [ -72.614394632035413, -41.116774192457733 ], [ -72.614529559889405, -41.116849039195678 ], [ -72.614681008659772, -41.116942253195006 ], [ -72.614802274934945, -41.11702586516342 ], [ -72.614922182957372, -41.117127373971201 ], [ -72.615133667934813, -41.117311877697794 ], [ -72.615223789619066, -41.117412771567004 ], [ -72.615314601209462, -41.117513792511453 ], [ -72.615601458432508, -41.117546681538521 ], [ -72.615752117583739, -41.117621917883824 ], [ -72.615948087757943, -41.117698017682301 ], [ -72.616099430527086, -41.117773232874725 ], [ -72.616309946222373, -41.11784061049795 ], [ -72.616492604262348, -41.117871462333916 ], [ -72.616658549146464, -41.117892878188087 ], [ -72.616825165970397, -41.117896345870733 ], [ -72.616991493536844, -41.117908748722279 ], [ -72.617172383692349, -41.117930506324406 ], [ -72.617368405968804, -41.117943598780357 ], [ -72.617670798656377, -41.117976880108358 ], [ -72.61782290319691, -41.118033993908448 ], [ -72.617973179665853, -41.118118166189248 ], [ -72.618109186396495, -41.118184121606554 ], [ -72.618289918448511, -41.118250884319558 ], [ -72.61845591992649, -41.118335373040587 ], [ -72.618606879115049, -41.118419522602252 ], [ -72.618862958259825, -41.118541900792948 ], [ -72.619028965127697, -41.118626461551102 ], [ -72.619210776954688, -41.11870218932885 ], [ -72.619347169062593, -41.118759131958306 ], [ -72.619483553983969, -41.118815925654751 ], [ -72.619633319311504, -41.118873036694524 ], [ -72.619770603446483, -41.118947950743689 ], [ -72.619965688780113, -41.119005996925473 ], [ -72.620237785784724, -41.119119752350379 ], [ -72.620639400988679, -41.119254146768313 ], [ -72.62089336639761, -41.119187282888056 ], [ -72.621074875492326, -41.119128010613132 ], [ -72.621242146289816, -41.119095449244156 ], [ -72.621560467005693, -41.11902095223607 ], [ -72.621756415620297, -41.118952887577741 ], [ -72.62190812310547, -41.118875076397778 ], [ -72.622016142823455, -41.118769203940452 ], [ -72.798435614023418, -41.05129873761657 ], [ -72.798778984260991, -41.051228892241298 ] ] ] } },
{ "type": "Feature", "properties": { "capa": "colegios", "popup": "<strong>ESCUELA RURAL LAS CASCADAS</strong><br><br><strong>Dirección:</strong> AVENIDA VICENTE PEREZ ROSALES 251", "etiqueta": "" }, "geometry": { "type": "Point", "coordinates": [ -72.636177, -41.08197 ] } },
{ "type": "Feature", "properties": { "capa": "colegios", "popup": "<strong>ESCUELA ALBERTO HURTADO</strong><br><br><strong>Dirección:</strong> MUNOZ GAMERO 397", "etiqueta": "" }, "geometry": { "type": "Point", "coordinates": [ -72.881157, -40.974751 ] } },
{ "type": "Feature", "properties": { "capa": "colegios", "popup": "<strong>LICEO BICENTENARIO DE EXCELENCIA BENJAMIN MUÑOZ GAMERO</strong><br><br><strong>Dirección:</strong> AVENIDA MUÑOZ GAMERO 411", "etiqueta": "" }, "geometry": { "type": "Point", "coordinates": [ -72.881912, -40.974121 ] } },
{ "type": "Feature", "properties": { "capa": "colegios", "popup": "<strong>COLEGIO SAN VICENTE DE PAUL</strong><br><br><strong>Dirección:</strong> URMENETA 582", "etiqueta": "" }, "geometry": { "type": "Point", "coordinates": [ -72.885933, -40.97234 ] } },
{ "type": "Feature", "properties": { "capa": "colegios", "popup": "<strong>ESCUELA PARTICULAR EMMANUEL</strong><br><br><strong>Dirección:</strong> CAMINO OSORNO- CHAPUCO 85", "etiqueta": "" }, "geometry": { "type": "Point", "coordinates": [ -72.528809, -40.957649 ] } },
{ "type": "Feature", "properties": { "capa": "colegios", "popup": "<strong>ESCUELA RURAL LAGUNA BONITA</strong><br><br><strong>Dirección:</strong> LOCALIDAD LAGUNA BONITA 0", "etiqueta": "" }, "geometry": { "type": "Point", "coordinates": [ -72.574852, -40.895741 ] } },
{ "type": "Feature", "properties": { "capa": "colegios", "popup": "<strong>ESCUELA RURAL NOCHACO</strong><br><br><strong>Dirección:</strong> RUTA U-55 40", "etiqueta": "" }, "geometry": { "type": "Point", "coordinates": [ -72.882317, -40.894611 ] } },
{ "type": "Feature", "properties": { "capa": "colegios", "popup": "<strong>ESCUELA PARTICULAR N.181 LAS GAVIOTAS</strong><br><br><strong>Dirección:</strong> LAS GAVIOTAS RUPANCO 0", "etiqueta": "" }, "geometry": { "type": "Point", "coordinates": [ -72.174088, -40.892818 ] } },
{ "type": "Feature", "properties": { "capa": "colegios", "popup": "<strong>ESCUELA PARTICULAR N.179 NOCHACO</strong><br><br><strong>Dirección:</strong> NOCHACO-CHIRIUCO 0", "etiqueta": "" }, "geometry": { "type": "Point", "coordinates": [ -72.831741, -40.886311 ] } },
{ "type": "Feature", "properties": { "capa": "colegios", "popup": "<strong>ESCUELA RURAL EL ISLOTE RUPANCO</strong><br><br><strong>Dirección:</strong> LOCALIDAD EL ISLOTE 0", "etiqueta": "" }, "geometry": { "type": "Point", "coordinates": [ -72.409378, -40.88105 ] } },
{ "type": "Feature", "properties": { "capa": "colegios", "popup": "<strong>ESCUELA RURAL LA PELLINADA</strong><br><br><strong>Dirección:</strong> PELLINADA - RUPANCO 0", "etiqueta": "" }, "geometry": { "type": "Point", "coordinates": [ -72.57888, -40.86039 ] } },
{ "type": "Feature", "properties": { "capa": "colegios", "popup": "<strong>ESCUELA RURAL ADMINISTRACION RUPANCO</strong><br><br><strong>Dirección:</strong> ADMINISTRACION RUPANCO 0", "etiqueta": "" }, "geometry": { "type": "Point", "coordinates": [ -72.891068, -40.834122 ] } },
{ "type": "Feature", "properties": { "capa": "jardines", "popup": "<strong>LAS CUNCUNITAS</strong><br><br><strong>Dirección:</strong> LOS ALERCES S/N POBLACION PLAYA RAQUEL ", "etiqueta": "" }, "geometry": { "type": "MultiPoint", "coordinates": [ [ -72.890496, -40.971153 ] ] } },
{ "type": "Feature", "properties": { "capa": "jardines", "popup": "<strong>PAUL HARRIS</strong><br><br><strong>Dirección:</strong> BENJAMIN MUNOZ GAMERO 400 VILLA PUERTO OCTAY ", "etiqueta": "" }, "geometry": { "type": "MultiPoint", "coordinates": [ [ -72.881618, -40.974837 ] ] } },
{ "type": "Feature", "properties": { "capa": "jardines", "popup": "<strong>PECECITOS</strong><br><br><strong>Dirección:</strong> VICENTE PEREZ ROSALES CASCADA ESC.E-466 ", "etiqueta": "" }, "geometry": { "type": "MultiPoint", "coordinates": [ [ -72.881747, -40.978462 ] ] } },
{ "type": "Feature", "properties": { "capa": "jardines", "popup": "<strong>CECI MANITOS DE COLORES</strong><br><br><strong>Dirección:</strong> SECTOR PAULLIN ", "etiqueta": "" }, "geometry": { "type": "MultiPoint", "coordinates": [ [ -72.950596, -40.797094 ] ] } },
{ "type": "Feature", "properties": { "capa": "jardines", "popup": "<strong>CECI PIEDRAS NEGRAS</strong><br><br><strong>Dirección:</strong> ESCUELA PIEDRAS NEGRAS ", "etiqueta": "" }, "geometry": { "type": "MultiPoint", "coordinates": [ [ -72.477827, -40.885163 ] ] } },
{ "type": "Feature", "properties": { "capa": "jardines", "popup": "<strong>CECI PELLINADA</strong><br><br><strong>Dirección:</strong> ESCUELA PELLINADA ", "etiqueta": "" }, "geometry": { "type": "MultiPoint", "coordinates": [ [ -72.579038, -40.860283 ] ] } },
{ "type": "Feature", "properties": { "capa": "bomberos", "popup": "<strong>Cuerpo de Bomberos</strong><br><br><strong>Dirección:</strong> Casilla 313", "etiqueta": "" }, "geometry": { "type": "Point", "coordinates": [ -72.638828541872911, -41.081073377651819 ] } },
{ "type": "Feature", "properties": { "capa": "bomberos", "popup": "<strong>Cuerpo de Bomberos</strong><br><br><strong>Dirección:</strong> Pedro Montt 507", "etiqueta": "" }, "geometry": { "type": "Point", "coordinates": [ -72.883400357179355, -40.97435425842545 ] } },
{ "type": "Feature", "properties": { "capa": "comisarias", "popup": "<strong>RETEN LAS CASCADAS</strong><br><br><strong>Dirección:</strong> VICENTE PEREZ ROSALES S/N", "etiqueta": "" }, "geometry": { "type": "Point", "coordinates": [ -72.63676857469838, -41.083124192418829 ] } },
{ "type": "Feature", "properties": { "capa": "comisarias", "popup": "<strong>RETEN RUPANCO</strong><br><br><strong>Dirección:</strong> RUTA U-91 KM 20", "etiqueta": "" }, "geometry": { "type": "Point", "coordinates": [ -72.719181866698406, -40.864234391418833 ] } },
{ "type": "Feature", "properties": { "capa": "comisarias", "popup": "<strong>TCIA. PUERTO OCTAY</strong><br><br><strong>Dirección:</strong> GERMAN WULF 797", "etiqueta": "" }, "geometry": { "type": "Point", "coordinates": [ -72.883900625692931, -40.970889501439586 ] } },
{ "type": "Feature", "properties": { "capa": "salud", "popup": "<strong>Posta de Salud Rural La Calo</strong><br><br><strong>Tipo de atención:</strong> Posta de Salud Rural (PSR)<br><strong>Dirección:</strong>  NA", "etiqueta": "" }, "geometry": { "type": "Point", "coordinates": [ -72.73914, -40.9746 ] } },
{ "type": "Feature", "properties": { "capa": "salud", "popup": "<strong>Hospital de Puerto Octay</strong><br><br><strong>Tipo de atención:</strong> Hospital<br><strong>Dirección:</strong>  601", "etiqueta": "" }, "geometry": { "type": "Point", "coordinates": [ -72.88318, -40.97256 ] } },
{ "type": "Feature", "properties": { "capa": "salud", "popup": "<strong>Posta de Salud Rural Coihueco (Puerto Octay)</strong><br><br><strong>Tipo de atención:</strong> Posta de Salud Rural (PSR)<br><strong>Dirección:</strong>  NA", "etiqueta": "" }, "geometry": { "type": "Point", "coordinates": [ -72.5846, -40.97189 ] } },
{ "type": "Feature", "properties": { "capa": "salud", "popup": "<strong>Posta de Salud Rural Piedras Negras</strong><br><br><strong>Tipo de atención:</strong> Posta de Salud Rural (PSR)<br><strong>Dirección:</strong>  NA", "etiqueta": "" }, "geometry": { "type": "Point", "coordinates": [ -72.47821, -40.88598 ] } },
{ "type": "Feature", "properties": { "capa": "salud", "popup": "<strong>Posta de Salud Rural Rupanco</strong><br><br><strong>Tipo de atención:</strong> Posta de Salud Rural (PSR)<br><strong>Dirección:</strong>  NA", "etiqueta": "" }, "geometry": { "type": "Point", "coordinates": [ -72.89012, -40.83015 ] } },
{ "type": "Feature", "properties": { "capa": "salud", "popup": "<strong>Posta de Salud Rural Pellinada</strong><br><br><strong>Tipo de atención:</strong> Posta de Salud Rural (PSR)<br><strong>Dirección:</strong>  NA", "etiqueta": "" }, "geometry": { "type": "Point", "coordinates": [ -72.5922, -40.87358 ] } },
{ "type": "Feature", "properties": { "capa": "salud", "popup": "<strong>CECOSF Las Cascadas</strong><br><br><strong>Tipo de atención:</strong> Centro Comunitario de Salud Familiar (CECOSF)<br><strong>Dirección:</strong>  595", "etiqueta": "" }, "geometry": { "type": "Point", "coordinates": [ -72.641119, -41.080106 ] } }
]
}
