{
"type": "FeatureCollection",
"name": "2201",
"crs": { "type": "name", "properties": { "name": "urn:ogc:def:crs:OGC:1.3:CRS84" } },
"features": [
{ "type": "Feature", "properties": { "capa": "comuna", "popup": "", "etiqueta": "" }, "geometry": { "type": "Polygon", "coordinates": [ [ [ -68.010522776820565, -22.033127252183192 ], [ -68.007381696157083, -22.039565361475727 ], [ -68.002336111632786, -22.039397222649054 ], [ -68.001817934630807, -22.039400092036178 ], [ -68.001356353288372, -22.039416398247553 ], [ -68.00078183934167, -22.039451136475066 ], [ -68.000227397351665, -22.039548136012794 ], [ -67.999998444633533, -22.039720616201276 ], [ -67.99968656932981, -22.039955563820964 ], [ -67.999170957916306, -22.040363515868616 ], [ -67.998881412933912, -22.040705923597766 ], [ -67.998438922587894, -22.040923109716683 ], [ -67.998109501390061, -22.04110274412519 ], [ -67.997852221197746, -22.041247770422782 ], [ -67.996264541459539, -22.041565222054594 ], [ -67.995246066624702, -22.041429377823132 ], [ -67.994497353174751, -22.041443901908728 ], [ -67.993696824899175, -22.041534588523593 ], [ -67.992977859159865, -22.041692697939634 ], [ -67.992310706449487, -22.041774638157225 ], [ -67.991746165599068, -22.041847648076811 ], [ -67.991417544800143, -22.041912546214078 ], [ -67.990935108170078, -22.04197649675827 ], [ -67.990514060609883, -22.042059945584569 ], [ -67.989908161323797, -22.04218049666127 ], [ -67.989332684383101, -22.042349034353329 ], [ -67.988695475216119, -22.042545870402975 ], [ -67.988314560789561, -22.042753847896932 ], [ -67.987882235779296, -22.042980627173151 ], [ -67.987438771659498, -22.043331622337398 ], [ -67.986861721768761, -22.043720032434781 ], [ -67.986314955882861, -22.044175550068179 ], [ -67.985861093763674, -22.044545598104133 ], [ -67.985313708040223, -22.045087153790877 ], [ -67.984890876425894, -22.045419148796711 ], [ -67.984602037519323, -22.045656369207872 ], [ -67.984291800742696, -22.04601774399767 ], [ -67.983918668421438, -22.046569934224223 ], [ -67.98372041203487, -22.047116666094798 ], [ -67.983255936320589, -22.0474645020136 ], [ -67.982782022905923, -22.04776749452968 ], [ -67.981988904833145, -22.048250146701715 ], [ -67.981010438266125, -22.048836807692528 ], [ -67.97955906619417, -22.049583042239441 ], [ -67.978578178667448, -22.050504290170107 ], [ -67.977648552604123, -22.051425848489359 ], [ -67.97645262456804, -22.052297935456931 ], [ -67.975528013798922, -22.052903786734518 ], [ -67.974218413845122, -22.053507684661369 ], [ -67.972902004661464, -22.05401569196728 ], [ -67.972315931193705, -22.054222342944115 ], [ -67.971980579318355, -22.054411808264515 ], [ -67.971529433704575, -22.054451784754459 ], [ -67.970938945915506, -22.054596107990069 ], [ -67.970036125580222, -22.054638230824668 ], [ -67.969360102006419, -22.054519249790939 ], [ -67.968622199780896, -22.054447679286447 ], [ -67.967955948080757, -22.054395678623912 ], [ -67.967535964125872, -22.054326106258486 ], [ -67.967106767049415, -22.054113068672049 ], [ -67.966667038124584, -22.053938205682655 ], [ -67.966073826643552, -22.053714569505026 ], [ -67.965807397110083, -22.053684205865284 ], [ -67.96543813742602, -22.053691431894279 ], [ -67.965072316492865, -22.053720478378963 ], [ -67.964605856400112, -22.053906057858196 ], [ -67.964438501161013, -22.05435434001102 ], [ -67.964440916730794, -22.054446427913799 ], [ -67.964446529404697, -22.054660323390117 ], [ -67.964524812191812, -22.055177081123841 ], [ -67.964869600869207, -22.055714644705368 ], [ -67.965390424308012, -22.056267787839591 ], [ -67.965692643620727, -22.056771494167229 ], [ -67.966181503205092, -22.057243043309057 ], [ -67.96641495019459, -22.057579131813188 ], [ -67.966678052368266, -22.058068373534503 ], [ -67.9667264131716, -22.058470217313086 ], [ -67.966621007551097, -22.058861528100483 ], [ -67.966380887875658, -22.059443196376083 ], [ -67.966309848204673, -22.059951194015007 ], [ -67.966167079854898, -22.060408050566569 ], [ -67.966121394234492, -22.061264656784452 ], [ -67.96614423749385, -22.06164727477168 ], [ -67.966241319324922, -22.062309716002016 ], [ -67.966509012787995, -22.06298135694848 ], [ -67.966617310983708, -22.063603466708919 ], [ -67.966681043758172, -22.064297041881183 ], [ -67.966846654468995, -22.064879533635342 ], [ -67.966995131612421, -22.0652507304921 ], [ -67.967212139432249, -22.06581037906437 ], [ -67.967543021290737, -22.066066335153398 ], [ -67.967602613730051, -22.066334403847506 ], [ -67.967539063313595, -22.066611254198705 ], [ -67.967092214341832, -22.067152394884857 ], [ -67.966641069626348, -22.067592118504106 ], [ -67.966464036836683, -22.06799186893765 ], [ -67.966396000233686, -22.068649960593877 ], [ -67.966555721589515, -22.069253275949528 ], [ -67.966738150559109, -22.069830715692106 ], [ -67.966738150559109, -22.070264730085771 ], [ -67.966781055893705, -22.070707879697149 ], [ -67.966684093538575, -22.070952999603158 ], [ -67.966374762263726, -22.071333712448425 ], [ -67.966178501035415, -22.072103576401961 ], [ -67.966007179734305, -22.072720333982303 ], [ -67.965972382593463, -22.073303197265734 ], [ -67.965929197882801, -22.073599296500259 ], [ -67.965758288010122, -22.073829192190832 ], [ -67.965639156132085, -22.073989437409978 ], [ -67.965155069296827, -22.074263626353225 ], [ -67.964795594062849, -22.074328274858743 ], [ -67.964252053128845, -22.074315273401385 ], [ -67.964004774778886, -22.074466673957541 ], [ -67.963980916423253, -22.074925420731084 ], [ -67.964160170746638, -22.075356719807726 ], [ -67.964156911658776, -22.075878354169813 ], [ -67.964219729049958, -22.076872017185401 ], [ -67.964350256955697, -22.077728953156793 ], [ -67.964337282588062, -22.078101726207144 ], [ -67.964156910760465, -22.078579518252575 ], [ -67.964088382779011, -22.078933582489487 ], [ -67.964014144207297, -22.079162010236203 ], [ -67.963877086447781, -22.079510364169526 ], [ -67.963785715206967, -22.079704527983832 ], [ -67.963597261236771, -22.080081433841414 ], [ -67.963460205273876, -22.080378391256069 ], [ -67.963283172484211, -22.080726744686686 ], [ -67.963264837869247, -22.080758931362254 ], [ -67.96302619143087, -22.081177890229188 ], [ -67.962597889076434, -22.081760382318613 ], [ -67.962123900203309, -22.0820116537842 ], [ -67.961547117112204, -22.082165842190232 ], [ -67.961250161927055, -22.082274344764251 ], [ -67.96102173292671, -22.082371427302178 ], [ -67.960690511505035, -22.082508483322275 ], [ -67.960242249483315, -22.082616918207219 ], [ -67.959737608296038, -22.082890959714963 ], [ -67.959479282464741, -22.083147445076545 ], [ -67.95913980642392, -22.083279128779782 ], [ -67.958984193063898, -22.083517148041654 ], [ -67.958695302953359, -22.083744757607207 ], [ -67.958189223563309, -22.084267382356451 ], [ -67.957414888364823, -22.08489340059619 ], [ -67.957054821141071, -22.085034510468919 ], [ -67.956334825932416, -22.085297605367522 ], [ -67.955841198090525, -22.085466540324013 ], [ -67.955522369826525, -22.085579226500961 ], [ -67.955254829077035, -22.085692242218109 ], [ -67.954956654878046, -22.085785939538283 ], [ -67.954555413373228, -22.085945900663557 ], [ -67.954236442277079, -22.086077704951926 ], [ -67.953804214284872, -22.086266147004849 ], [ -67.953525990770032, -22.086436452589247 ], [ -67.953206454633559, -22.086644735098258 ], [ -67.952938769255312, -22.086776865032288 ], [ -67.952609324701285, -22.086937281185701 ], [ -67.952331380562484, -22.087069345087066 ], [ -67.952248632250075, -22.087092697816971 ], [ -67.952033271940493, -22.087153476493505 ], [ -67.951786242423893, -22.087266617473883 ], [ -67.95146705393546, -22.087427097164817 ], [ -67.95107634338072, -22.087548874786744 ], [ -67.95072708827972, -22.087613556333697 ], [ -67.950172604967236, -22.087686478486969 ], [ -67.949680095527867, -22.087702437018148 ], [ -67.949269858293817, -22.087690238380997 ], [ -67.948859691128334, -22.08766848310168 ], [ -67.948571767605046, -22.087762233215553 ], [ -67.948322608182906, -22.08816216546796 ], [ -67.948212618459522, -22.088830235799268 ], [ -67.948007033616861, -22.089772503423603 ], [ -67.948058857425593, -22.090531431075807 ], [ -67.948064369488193, -22.091172008772713 ], [ -67.948183711572, -22.091679473655173 ], [ -67.948334109313492, -22.092148898647018 ], [ -67.948565088630914, -22.092819607828364 ], [ -67.948560972550283, -22.093490172322678 ], [ -67.948524825241577, -22.094100433243227 ], [ -67.94846900213318, -22.094711935050167 ], [ -67.948361532184165, -22.095370906849293 ], [ -67.948111295682011, -22.095914235442315 ], [ -67.947790312359615, -22.096313701796021 ], [ -67.94734629667424, -22.09670281611033 ], [ -67.946903131693446, -22.096977211484958 ], [ -67.946367212066292, -22.097308367130019 ], [ -67.945851451532448, -22.097687454138057 ], [ -67.945459074602852, -22.09802909459783 ], [ -67.945118059747955, -22.098361504584474 ], [ -67.944934673174288, -22.098772576568869 ], [ -67.944755436817218, -22.099321854797594 ], [ -67.944643204898881, -22.100136657622595 ], [ -67.944495602714554, -22.100671081283892 ], [ -67.94414346671644, -22.101118141378802 ], [ -67.943669076296374, -22.101449685980675 ], [ -67.943107246561496, -22.101890622015141 ], [ -67.942791035988208, -22.102256634573408 ], [ -67.942467955099644, -22.102933324047996 ], [ -67.942267907472399, -22.103620372331047 ], [ -67.941934705265524, -22.104277875152118 ], [ -67.941562034678341, -22.104724795645947 ], [ -67.941075369678217, -22.105323941108551 ], [ -67.940609075773793, -22.105942337155778 ], [ -67.940257770717309, -22.10627467107172 ], [ -67.939906108131353, -22.10665480013424 ], [ -67.939493100492967, -22.107005849371607 ], [ -67.939233407425775, -22.107434378022528 ], [ -67.939157876178385, -22.107931023197999 ], [ -67.939395287433257, -22.10846364377624 ], [ -67.939678762499241, -22.1091635776502 ], [ -67.939390636855023, -22.109434236082219 ], [ -67.939517494244498, -22.110191777982749 ], [ -67.940262922555476, -22.114643058608564 ], [ -67.940913875946322, -22.116015723671559 ], [ -67.940953029017976, -22.116212324767769 ], [ -67.940994285944043, -22.117075389992184 ], [ -67.941146800116357, -22.117743226887352 ], [ -67.941184055946124, -22.118250163447268 ], [ -67.941221883104419, -22.118680621931485 ], [ -67.94109462147307, -22.119234294051438 ], [ -67.940999068574612, -22.119663887372607 ], [ -67.941015303826745, -22.12023760904464 ], [ -67.941154232777009, -22.120869489437403 ], [ -67.941380555228008, -22.121797359294213 ], [ -67.941822337701581, -22.122734700748694 ], [ -67.941824734406765, -22.122740542656793 ], [ -67.942096451424007, -22.123402852856465 ], [ -67.942300126448373, -22.124060490622032 ], [ -67.94225023761075, -22.125245642885773 ], [ -67.942204414548115, -22.125885885691403 ], [ -67.942087267946846, -22.126458743220287 ], [ -67.94189865497485, -22.126983335069731 ], [ -67.941636572389029, -22.127727337606228 ], [ -67.94145899971187, -22.128146838537589 ], [ -67.941408729988581, -22.128266451541172 ], [ -67.941166487594117, -22.12884284183168 ], [ -67.94101646983998, -22.129290345181964 ], [ -67.941107398211344, -22.129884529061947 ], [ -67.941217265763854, -22.130286773391141 ], [ -67.941430813273186, -22.13054628643323 ], [ -67.941719546178561, -22.130986670477331 ], [ -67.942216376514438, -22.131352155660558 ], [ -67.942337109190319, -22.13146261418721 ], [ -67.942785906607938, -22.131873216052153 ], [ -67.942864819114078, -22.132054084497533 ], [ -67.943108509592761, -22.132612616926831 ], [ -67.943575877882282, -22.133237060938509 ], [ -67.943911069857506, -22.133698122974341 ], [ -67.944470510972039, -22.134361401006831 ], [ -67.945020977018572, -22.134852534284725 ], [ -67.945562909968245, -22.13543493538824 ], [ -67.945951179800332, -22.135852192485537 ], [ -67.9466669969446, -22.137052470424194 ], [ -67.947070696240004, -22.137963302332825 ], [ -67.947361524914939, -22.138873406100696 ], [ -67.947552442065657, -22.139419572544053 ], [ -67.947843559099766, -22.140291436297961 ], [ -67.948114088544202, -22.141172724523297 ], [ -67.948525088447951, -22.142485131868 ], [ -67.948844518583201, -22.143691786737108 ], [ -67.948917316257194, -22.144944650787952 ], [ -67.948901872420834, -22.145642450667491 ], [ -67.948876593828729, -22.146282827080487 ], [ -67.948795110344264, -22.146967131335675 ], [ -67.948863639224015, -22.147454445708092 ], [ -67.949069224965001, -22.147873229746065 ], [ -67.949294825170512, -22.148006369803994 ], [ -67.94944811728385, -22.148093400257896 ], [ -67.94975519917719, -22.14820053999777 ], [ -67.950124421132017, -22.148231598850305 ], [ -67.950698956638291, -22.148254414776062 ], [ -67.951201221781616, -22.148299629769586 ], [ -67.951703651316677, -22.148394719075981 ], [ -67.952154759201221, -22.148454978768456 ], [ -67.95267077665325, -22.148398614636019 ], [ -67.953120018736939, -22.148588972768845 ], [ -67.953333346159027, -22.148672871111319 ], [ -67.953608375264736, -22.148951883743702 ], [ -67.953758632869025, -22.14944998174958 ], [ -67.954064188524711, -22.150119441536543 ], [ -67.954283791577396, -22.150600583917058 ], [ -67.954630237646512, -22.150937414387688 ], [ -67.954957078882856, -22.151149834899698 ], [ -67.955684855298486, -22.151269220363396 ], [ -67.956074753776207, -22.151281276217865 ], [ -67.956364695813932, -22.151290850179716 ], [ -67.956433864294169, -22.151293134052487 ], [ -67.956885195859229, -22.151324702245827 ], [ -67.957171273344599, -22.151498616722417 ], [ -67.957497415691648, -22.151806630914521 ], [ -67.95755617269775, -22.152189418552943 ], [ -67.957307871166705, -22.152670222719479 ], [ -67.957285028805657, -22.153203223309418 ], [ -67.957216295110015, -22.15374557020419 ], [ -67.957241055374197, -22.153990068246788 ], [ -67.957242465729195, -22.154003999187001 ], [ -67.957292830673907, -22.154501323031237 ], [ -67.957380756875594, -22.155104182181397 ], [ -67.957469740394387, -22.155563645084143 ], [ -67.957424674611516, -22.156108292467703 ], [ -67.957246957305614, -22.157002746731109 ], [ -67.957071827147701, -22.157482444563865 ], [ -67.956989808267309, -22.158154336262374 ], [ -67.956965227666203, -22.158814944105814 ], [ -67.95701091418492, -22.159446928466167 ], [ -67.956911177832168, -22.160330652535031 ], [ -67.957020546819706, -22.160809365632762 ], [ -67.957201758572083, -22.161288538003266 ], [ -67.957485742084543, -22.161749247769855 ], [ -67.957750785517533, -22.162015513982354 ], [ -67.957744059831001, -22.162907691929671 ], [ -67.957738424699215, -22.16367247781675 ], [ -67.9576318476756, -22.164207172144433 ], [ -67.957565617584649, -22.164837725482514 ], [ -67.9575921098007, -22.165421072384621 ], [ -67.957638846449996, -22.166042788567893 ], [ -67.957584854108148, -22.166405732726396 ], [ -67.957302031219044, -22.167178306311047 ], [ -67.957041003255355, -22.167778933183623 ], [ -67.956873048839952, -22.168284553235111 ], [ -67.956653212225305, -22.168866321852747 ], [ -67.956516046667929, -22.169372137651575 ], [ -67.956389002428878, -22.169897139449798 ], [ -67.956251905143489, -22.170393395517316 ], [ -67.955914457498579, -22.171378498549096 ], [ -67.955644817386272, -22.171986069564671 ], [ -67.95541512984623, -22.172510411067542 ], [ -67.955238524654632, -22.172796086407448 ], [ -67.955103186270549, -22.173053347365862 ], [ -67.955109141202584, -22.173636560360602 ], [ -67.955083030770524, -22.174391653119184 ], [ -67.955054044831243, -22.175101879019884 ], [ -67.955145416970353, -22.17547497854309 ], [ -67.955358615035067, -22.176084119885708 ], [ -67.955587045832033, -22.176678032191287 ], [ -67.955616856424726, -22.176967632096488 ], [ -67.955288350610161, -22.177165443291724 ], [ -67.954733659786839, -22.177219246251585 ], [ -67.954035976933227, -22.177176530306756 ], [ -67.953410002995483, -22.177153390487561 ], [ -67.952794504312266, -22.177101634708229 ], [ -67.951904072643075, -22.176751741781274 ], [ -67.951280014811843, -22.176470479194549 ], [ -67.950481116080198, -22.176235890300795 ], [ -67.949968264291229, -22.176184784701814 ], [ -67.949669612188501, -22.176316702577004 ], [ -67.949565691483173, -22.176488118016835 ], [ -67.94979970710628, -22.176766873338426 ], [ -67.950108406865454, -22.177255853015687 ], [ -67.950367969676918, -22.177650076798415 ], [ -67.950405192269017, -22.178166569438655 ], [ -67.950494874677091, -22.178530435601843 ], [ -67.950431229039211, -22.178807273619988 ], [ -67.950181833360148, -22.179216756608337 ], [ -67.949911763853123, -22.179645227744956 ], [ -67.949559223613136, -22.180120966971391 ], [ -67.949337285839036, -22.180557953381108 ], [ -67.949099682344709, -22.181025783748215 ], [ -67.948673283520378, -22.181497869880594 ], [ -67.94817445982288, -22.181977249580072 ], [ -67.947267589882316, -22.182731986428198 ], [ -67.946328529711849, -22.183482917798425 ], [ -67.945437215897059, -22.184132409186969 ], [ -67.943487190807531, -22.185328776664196 ], [ -67.942787448116974, -22.18552582163947 ], [ -67.942406734913035, -22.185693335478838 ], [ -67.941969881495424, -22.186085238144081 ], [ -67.941413147004823, -22.186406667618307 ], [ -67.940927761205671, -22.186795482308757 ], [ -67.940555718540864, -22.18712767032239 ], [ -67.940048363543141, -22.187707541812337 ], [ -67.939603170166407, -22.188211334262654 ], [ -67.939395429367053, -22.188535030495402 ], [ -67.939361979699143, -22.188888540648495 ], [ -67.939947323734913, -22.189508086882647 ], [ -67.94049551524715, -22.18967985304845 ], [ -67.940960022402464, -22.190124843082224 ], [ -67.941203678745183, -22.190558858038312 ], [ -67.941172312270425, -22.191146966584238 ], [ -67.94120943155626, -22.191673019919083 ], [ -67.941226881330664, -22.192084220448585 ], [ -67.941232919805998, -22.192648311984851 ], [ -67.941287435865647, -22.193071567752916 ], [ -67.940822965541273, -22.194183251856135 ], [ -67.940570502115492, -22.194737688269178 ], [ -67.940432892790383, -22.195291284919481 ], [ -67.940480632857842, -22.195769605313455 ], [ -67.940496646226109, -22.196372002216719 ], [ -67.940442591002181, -22.196734937919206 ], [ -67.940050204191138, -22.197038310042529 ], [ -67.939401676251549, -22.197273092932118 ], [ -67.938774252432921, -22.197431527639964 ], [ -67.938290619246885, -22.197581338709437 ], [ -67.937754432820114, -22.19789332745464 ], [ -67.937310133267104, -22.198272836514956 ], [ -67.937023721608455, -22.198678244671669 ], [ -67.93674048190104, -22.198938331038001 ], [ -67.936296679116396, -22.199250918107467 ], [ -67.935982048679719, -22.199369773671116 ], [ -67.935622415342223, -22.199505629627385 ], [ -67.93540964577393, -22.199799612244576 ], [ -67.93554389719651, -22.200120544568641 ], [ -67.935789929583166, -22.200708686263724 ], [ -67.936088159477691, -22.201037309897277 ], [ -67.936066186685835, -22.201228369428247 ], [ -67.935993173416193, -22.201380857065665 ], [ -67.935336516621604, -22.201328762554589 ], [ -67.934449817452403, -22.201211228583499 ], [ -67.933858877810749, -22.201233051991618 ], [ -67.933723922108982, -22.201261884269101 ], [ -67.93346812413688, -22.201316534668003 ], [ -67.933107735316256, -22.201457575315693 ], [ -67.93278797460097, -22.201656244456963 ], [ -67.932560029792597, -22.201931994766309 ], [ -67.932209252945498, -22.202159138525403 ], [ -67.931969084761036, -22.202692933728645 ], [ -67.931944358632833, -22.203247260023328 ], [ -67.932085913358677, -22.20353499453979 ], [ -67.93237155516114, -22.203775872084911 ], [ -67.932708455732026, -22.204026644781724 ], [ -67.933050851297523, -22.204180429324968 ], [ -67.933291671658878, -22.2042885925609 ], [ -67.933857230300518, -22.204495643697367 ], [ -67.934000574470417, -22.204706179333911 ], [ -67.93405387510947, -22.204965065210079 ], [ -67.933833060229475, -22.205368621824213 ], [ -67.933429503766192, -22.205810250354769 ], [ -67.933313818723903, -22.20595986784851 ], [ -67.933040233210846, -22.206313700909746 ], [ -67.932780178122641, -22.206761324569179 ], [ -67.932695157970883, -22.207143173294906 ], [ -67.932671010357737, -22.207621023332116 ], [ -67.932758347264595, -22.20829080822687 ], [ -67.933082101889624, -22.208923901603153 ], [ -67.933555016377696, -22.210198502873428 ], [ -67.93381413362475, -22.210711583282233 ], [ -67.933898950757253, -22.210879528648078 ], [ -67.934191916524227, -22.211512416569846 ], [ -67.934568317814808, -22.211973770036291 ], [ -67.934954627522956, -22.212482986762481 ], [ -67.935298068727448, -22.213230927289004 ], [ -67.935416829601266, -22.21392706839438 ], [ -67.93533033531412, -22.214397479611502 ], [ -67.935164261970925, -22.214635395349319 ], [ -67.934746772637567, -22.215038752837867 ], [ -67.934358445313293, -22.215259565782674 ], [ -67.933811575222833, -22.215649477331237 ], [ -67.933460907970215, -22.21585750383996 ], [ -67.933161865998642, -22.216027625240024 ], [ -67.932809535964424, -22.216455521679727 ], [ -67.932538631922512, -22.216698664015446 ], [ -67.932515790459775, -22.217619991426542 ], [ -67.932515791358085, -22.218160605286482 ], [ -67.932470105737693, -22.218594617558612 ], [ -67.932477718959731, -22.219317973905323 ], [ -67.932538632820822, -22.220231687411911 ], [ -67.932538632820822, -22.220757072082673 ], [ -67.932681329305396, -22.221186957415124 ], [ -67.932754646205638, -22.221615122521879 ], [ -67.932759994774827, -22.221646361406744 ], [ -67.932888841932666, -22.222259055446603 ], [ -67.932928262702276, -22.22257875554941 ], [ -67.932928262702276, -22.22259591623704 ], [ -67.932930652220918, -22.222598128265851 ], [ -67.932937212617446, -22.222651338358212 ], [ -67.932827975682258, -22.222980440326886 ], [ -67.932389711011339, -22.223087513828606 ], [ -67.931968309514929, -22.223142109158491 ], [ -67.931525432893338, -22.223320844433506 ], [ -67.931049941138724, -22.223738366247705 ], [ -67.930790281309228, -22.22412862677497 ], [ -67.930478775213103, -22.224585465691096 ], [ -67.930291202490196, -22.224947517643148 ], [ -67.930213659914855, -22.225108860724355 ], [ -67.930103413273315, -22.225338248802188 ], [ -67.929864428170063, -22.225709522599875 ], [ -67.929338382824525, -22.226021545271429 ], [ -67.929237134607163, -22.226089981758157 ], [ -67.928946179269786, -22.22628664686999 ], [ -67.928810809444684, -22.226534319999399 ], [ -67.928827133630023, -22.227088914662801 ], [ -67.928883711323238, -22.227242900943931 ], [ -67.928967977788474, -22.227472248110359 ], [ -67.929231018876706, -22.227990227242486 ], [ -67.929279163186052, -22.22841119026533 ], [ -67.929130695025776, -22.229031621439511 ], [ -67.9289898787151, -22.229996267878377 ], [ -67.928821523651081, -22.230530526776391 ], [ -67.928416710444708, -22.231101467832172 ], [ -67.927761293325204, -22.231897036670738 ], [ -67.927743035067039, -22.231919199560974 ], [ -67.927396504556313, -22.232580366865164 ], [ -67.927182968725063, -22.232987783816274 ], [ -67.927051370925838, -22.233750181622455 ], [ -67.926955092188621, -22.234334832141986 ], [ -67.926136586827624, -22.236809736882265 ], [ -67.924070891967176, -22.237488507285107 ], [ -67.92229781342904, -22.239406337260135 ], [ -67.921872344361034, -22.240390884548699 ], [ -67.921411941608227, -22.241456250414089 ], [ -67.92147802617211, -22.2417824795541 ], [ -67.921574076737244, -22.241917142840951 ], [ -67.921994330186706, -22.242435557496492 ], [ -67.922256785573367, -22.243030024682938 ], [ -67.922448896585095, -22.24342326136296 ], [ -67.922671450603488, -22.243864502329838 ], [ -67.922801949763112, -22.244257330914454 ], [ -67.922984087678557, -22.244612262156924 ], [ -67.923114151155275, -22.245062448345333 ], [ -67.923327169556913, -22.245408022854321 ], [ -67.923660388831777, -22.245884181036217 ], [ -67.923964959933912, -22.246196365825426 ], [ -67.924231458637678, -22.24676743678296 ], [ -67.924414202017616, -22.247361350137748 ], [ -67.924482729100745, -22.2479933350698 ], [ -67.924499257203664, -22.248201997026378 ], [ -67.924520801499114, -22.249432433176811 ], [ -67.92446620638772, -22.250002651198862 ], [ -67.924452272619362, -22.25014817498851 ], [ -67.924338059017487, -22.250978131362967 ], [ -67.924307602536089, -22.25127508732599 ], [ -67.924316599163689, -22.251666879966812 ], [ -67.924091740966574, -22.251958598214255 ], [ -67.92387758889106, -22.25214895483278 ], [ -67.923715368422108, -22.252206763065661 ], [ -67.92329259070668, -22.257363406686821 ], [ -67.923839730291718, -22.258139257401421 ], [ -67.924194359114736, -22.25877257128036 ], [ -67.924565463938393, -22.259337628354086 ], [ -67.924688314841717, -22.260176174810091 ], [ -67.924691502962659, -22.260917323008357 ], [ -67.924521483320405, -22.261661884163455 ], [ -67.924188231706196, -22.262261963682509 ], [ -67.923734821439595, -22.26271376165246 ], [ -67.923633118674687, -22.262937509802892 ], [ -67.923817069390381, -22.264279098331926 ], [ -67.923301175905863, -22.264781383692004 ], [ -67.923314809636921, -22.264999921866405 ], [ -67.923294903868552, -22.265513781811748 ], [ -67.923296640311989, -22.266032288678655 ], [ -67.923025069720126, -22.266623213990524 ], [ -67.922176437559415, -22.267458872007271 ], [ -67.921442383716595, -22.268084964438852 ], [ -67.920742217919511, -22.268309754788113 ], [ -67.919755860551035, -22.268350997321114 ], [ -67.919274090470893, -22.268223512955302 ], [ -67.918708026077752, -22.268123820319754 ], [ -67.918459039132145, -22.268239028691362 ], [ -67.918163748525231, -22.268239028691362 ], [ -67.917425523804496, -22.268512296234785 ], [ -67.916982587894111, -22.268648929806382 ], [ -67.916834942590654, -22.268785562413218 ], [ -67.916764397891384, -22.268818204016931 ], [ -67.916596438086074, -22.268995539278347 ], [ -67.916429876059368, -22.269281073857183 ], [ -67.916398993776525, -22.269447165873196 ], [ -67.91627454117706, -22.269815847130392 ], [ -67.916099413714093, -22.270196561420025 ], [ -67.915787421629418, -22.270661161632731 ], [ -67.915668448753166, -22.271089464834041 ], [ -67.915573270452185, -22.271398795262986 ], [ -67.915525682200013, -22.271898481370208 ], [ -67.915430503000707, -22.272398168186555 ], [ -67.915726223900677, -22.272779136474597 ], [ -67.916168135731652, -22.273183391470653 ], [ -67.916453669736285, -22.273349952688299 ], [ -67.917048535914049, -22.273397541452436 ], [ -67.917572017467791, -22.273349951856989 ], [ -67.918092804075641, -22.273578844461863 ], [ -67.918605182452467, -22.273735218627895 ], [ -67.919269721963687, -22.274141164186034 ], [ -67.919832796763544, -22.274383912142337 ], [ -67.920322512442368, -22.274817372843604 ], [ -67.920750528234208, -22.275259980406879 ], [ -67.921221832042988, -22.275416071722187 ], [ -67.92173195385179, -22.275391599779635 ], [ -67.922350772708299, -22.275406918539502 ], [ -67.922593103137658, -22.275070549675213 ], [ -67.92303603814976, -22.274797294941894 ], [ -67.923331329654999, -22.274660668206302 ], [ -67.923331328756689, -22.274524040506034 ], [ -67.923478974060146, -22.274387412672269 ], [ -67.923478974060146, -22.27425078553636 ], [ -67.923626619363617, -22.274114156604416 ], [ -67.924069554375706, -22.273977528370324 ], [ -67.924403400674635, -22.273874550438741 ], [ -67.924512490286091, -22.27384090083407 ], [ -67.924660134691266, -22.27384090000276 ], [ -67.924807780893047, -22.27384090083407 ], [ -67.92495542529818, -22.27384090083407 ], [ -67.925103070601665, -22.273704271501757 ], [ -67.926285813165975, -22.272725012712208 ], [ -67.926973537296362, -22.272786919028999 ], [ -67.927577707325526, -22.273029912903471 ], [ -67.928282254206223, -22.273447856824745 ], [ -67.928804851817702, -22.27374545674839 ], [ -67.929258065353295, -22.273977530032901 ], [ -67.930270650833123, -22.273977529201591 ], [ -67.9311565208573, -22.272884498524636 ], [ -67.931943585183376, -22.272420904910899 ], [ -67.931967757051041, -22.272350578251132 ], [ -67.932110525400816, -22.272207811672939 ], [ -67.932228059175969, -22.272253343370473 ], [ -67.933102077726602, -22.27173852142506 ], [ -67.934094905660075, -22.273038811035558 ], [ -67.934674389985247, -22.273162660772012 ], [ -67.935299002975327, -22.273088211286588 ], [ -67.935751099905005, -22.273278567433472 ], [ -67.936726679286707, -22.273207184636146 ], [ -67.937273954517366, -22.273230978628852 ], [ -67.937297749092608, -22.273611695262833 ], [ -67.937236393260392, -22.273944255362512 ], [ -67.936964625039167, -22.274039995249776 ], [ -67.936631500985712, -22.274658656507004 ], [ -67.936004215507666, -22.275245921015895 ], [ -67.935995446153868, -22.275253709251984 ], [ -67.935683637325482, -22.275530623199906 ], [ -67.935320956902544, -22.275948890496046 ], [ -67.934813898348864, -22.276442689089148 ], [ -67.933461730826991, -22.278661313961202 ], [ -67.933004343718636, -22.279375316117285 ], [ -67.932700012466682, -22.280224163009187 ], [ -67.932468592076447, -22.280939648436373 ], [ -67.932401157344685, -22.281704011211058 ], [ -67.932550081849143, -22.282383755949411 ], [ -67.932874425768972, -22.282959493752408 ], [ -67.933240004157014, -22.283516381920901 ], [ -67.933542430980552, -22.28384058542645 ], [ -67.933841189084475, -22.284160856489688 ], [ -67.934300019785525, -22.284613193022707 ], [ -67.934317229709734, -22.285053069783512 ], [ -67.934222246343168, -22.285387048993318 ], [ -67.933910098849935, -22.28591080362542 ], [ -67.933421583320325, -22.28666284065029 ], [ -67.933358039192072, -22.286802829535048 ], [ -67.932993245033288, -22.287606473704841 ], [ -67.932834226160011, -22.288255512654928 ], [ -67.932831323703326, -22.288637897327174 ], [ -67.933133693034705, -22.288935421701996 ], [ -67.933443023411215, -22.289149574159527 ], [ -67.93394270949139, -22.289768234232774 ], [ -67.934217115166277, -22.290128814349995 ], [ -67.934584601575963, -22.290437150955778 ], [ -67.934962795005504, -22.290688194113347 ], [ -67.935300265108324, -22.290891170276478 ], [ -67.935637299528182, -22.291151503578657 ], [ -67.936147592915219, -22.291594612172574 ], [ -67.936576506124027, -22.291932025973104 ], [ -67.936933657416375, -22.292249848970169 ], [ -67.937414298314181, -22.292539799475843 ], [ -67.937843504373802, -22.292838971240563 ], [ -67.938569537159466, -22.293283484148493 ], [ -67.938698581946667, -22.293671371524827 ], [ -67.938553270466301, -22.294076865230625 ], [ -67.938304415573043, -22.294381161152263 ], [ -67.937998069399896, -22.29479066979966 ], [ -67.937498159639233, -22.295035528790368 ], [ -67.9370751699214, -22.295271760761725 ], [ -67.936610725648151, -22.29555552036225 ], [ -67.936310644325815, -22.295840356563104 ], [ -67.936164440818374, -22.29610194815432 ], [ -67.935893290638077, -22.296688465984868 ], [ -67.935437736991176, -22.297153922357374 ], [ -67.934982397143344, -22.297590696883688 ], [ -67.934568943940548, -22.297922585732376 ], [ -67.934257275249379, -22.29837942156885 ], [ -67.934130083686611, -22.298894830276158 ], [ -67.934085292788211, -22.299382098222093 ], [ -67.933957808374672, -22.299935745208121 ], [ -67.933725635196225, -22.30074682557024 ], [ -67.933556474343391, -22.301376676885692 ], [ -67.9332737996763, -22.302072703123734 ], [ -67.932929627243183, -22.302749204697044 ], [ -67.932504426771445, -22.303272210255233 ], [ -67.932283182496747, -22.304026456014014 ], [ -67.932226202358265, -22.304733068090929 ], [ -67.932335432106939, -22.305230909690081 ], [ -67.932660767766862, -22.305682372691074 ], [ -67.933239146265919, -22.306052182593479 ], [ -67.93397773121103, -22.306539496215223 ], [ -67.934541187794906, -22.306996354567527 ], [ -67.935119872619467, -22.307514124174951 ], [ -67.935348300721486, -22.307978594548537 ], [ -67.935546272342123, -22.308519208549157 ], [ -67.935820385166238, -22.309273022899969 ], [ -67.935927021478662, -22.309478677207096 ], [ -67.936140186305693, -22.309889778807012 ], [ -67.936642746096453, -22.310326034813833 ], [ -67.937122794106187, -22.310702023863449 ], [ -67.937368281215456, -22.310847033230743 ], [ -67.937634462813918, -22.310973059268065 ], [ -67.937920975083898, -22.311127894852689 ], [ -67.938320500806512, -22.311283473235871 ], [ -67.938648472123489, -22.311390780034458 ], [ -67.939387834111329, -22.311443417845133 ], [ -67.939913536300438, -22.311217412862501 ], [ -67.940241653144497, -22.311305597790259 ], [ -67.940259604178806, -22.311649877577647 ], [ -67.940129308038422, -22.311992400489174 ], [ -67.939986540586958, -22.312396906905175 ], [ -67.93939167530749, -22.312634853899223 ], [ -67.939447547823235, -22.313059458286592 ], [ -67.939486190651806, -22.313384754221886 ], [ -67.93952490265066, -22.313700489017659 ], [ -67.939724800259256, -22.313872172728281 ], [ -67.93962752439208, -22.314701999422962 ], [ -67.939779808595674, -22.315318756279119 ], [ -67.939745179439782, -22.315824263008832 ], [ -67.939854949075922, -22.316255183521122 ], [ -67.939933965786622, -22.316676343077933 ], [ -67.940095901489642, -22.317002442500332 ], [ -67.940244279818387, -22.317420296472783 ], [ -67.940376005178379, -22.318008079344047 ], [ -67.940197802782208, -22.318475357726562 ], [ -67.939843346435723, -22.319151804763816 ], [ -67.939624621037083, -22.319542336883391 ], [ -67.938831070874656, -22.321322791532491 ], [ -67.938782025555099, -22.32092913233561 ], [ -67.938767110826419, -22.320968548581064 ], [ -67.938500610326017, -22.321501547667577 ], [ -67.938401624964868, -22.322103076348064 ], [ -67.938523453585404, -22.322468560630902 ], [ -67.938962520451867, -22.322855343996075 ], [ -67.939197667952214, -22.323064175122742 ], [ -67.93948306631124, -22.32331763266647 ], [ -67.939933280372074, -22.323569138585952 ], [ -67.940414247358333, -22.32383040400865 ], [ -67.940628995016908, -22.324151444290514 ], [ -67.940974026239431, -22.3245415062086 ], [ -67.940594537439239, -22.325468585385902 ], [ -67.940737296805864, -22.325954847354286 ], [ -67.941020090948896, -22.326606777713021 ], [ -67.941427198452502, -22.327125679487217 ], [ -67.94166053494925, -22.327455910987307 ], [ -67.942224691320703, -22.327656689821602 ], [ -67.942850682326437, -22.327765934306488 ], [ -67.943105184029591, -22.328083074964759 ], [ -67.943082546484433, -22.328360168394443 ], [ -67.942494630572014, -22.328873020919417 ], [ -67.942081671442651, -22.328908123080168 ], [ -67.9413927274001, -22.328970544626742 ], [ -67.941016095242503, -22.329062249073999 ], [ -67.940857404254302, -22.329100888570228 ], [ -67.940505881805521, -22.329385392097912 ], [ -67.940246399842451, -22.329727857357049 ], [ -67.940202771364056, -22.330062175131392 ], [ -67.940539328778513, -22.330398975811281 ], [ -67.941093767175232, -22.330905216481696 ], [ -67.941172070623608, -22.330976712722983 ], [ -67.941485973424918, -22.331417207102355 ], [ -67.941741144372926, -22.331821713720451 ], [ -67.941930104094638, -22.332654671834934 ], [ -67.94193453817887, -22.333429065124395 ], [ -67.94181631359929, -22.33411661563132 ], [ -67.941871836670373, -22.334929582182237 ], [ -67.941877425089743, -22.335551021596679 ], [ -67.941956024982176, -22.336029536691932 ], [ -67.941850525936871, -22.336392129471225 ], [ -67.941550043067608, -22.336679301971003 ], [ -67.940972971617299, -22.336931319737523 ], [ -67.940407729182652, -22.336937184301181 ], [ -67.939687771703248, -22.337018513758725 ], [ -67.939244167446262, -22.337192854275806 ], [ -67.939017819842434, -22.337281810489486 ], [ -67.938554105001202, -22.337450853645052 ], [ -67.938018031762141, -22.337702070686003 ], [ -67.937676385391597, -22.338009143126257 ], [ -67.937016120064513, -22.338348974024342 ], [ -67.93640694282594, -22.338727376944203 ], [ -67.935520745814998, -22.339046597341735 ], [ -67.93505629615187, -22.3393112271545 ], [ -67.934550012844255, -22.33967117829787 ], [ -67.933928874537671, -22.340269374862277 ], [ -67.93330025506144, -22.340450753100562 ], [ -67.932705389781972, -22.340807671887909 ], [ -67.932059594517483, -22.341480744436758 ], [ -67.931573266385584, -22.341917298837316 ], [ -67.931230800751507, -22.342354801564223 ], [ -67.930989857320952, -22.342955491699865 ], [ -67.930994520475593, -22.343691643503014 ], [ -67.930990364869075, -22.344236536027573 ], [ -67.93105385060683, -22.344717473193153 ], [ -67.931320348412285, -22.34506011516196 ], [ -67.931739134912917, -22.345471286406852 ], [ -67.932201011801084, -22.345850603047378 ], [ -67.932710830877639, -22.346379764055342 ], [ -67.932964321976101, -22.346830754108286 ], [ -67.933288223026508, -22.347482968236175 ], [ -67.933570365890944, -22.348220947246251 ], [ -67.933984945581102, -22.349112756988653 ], [ -67.934488748640206, -22.35043535268078 ], [ -67.934835035707493, -22.350848712252336 ], [ -67.934998784210748, -22.351028060309552 ], [ -67.935405815357555, -22.351473864275309 ], [ -67.935669528385617, -22.351934478687319 ], [ -67.935993380028705, -22.352596247416258 ], [ -67.936226193705949, -22.353066218068481 ], [ -67.936438744983633, -22.353497813624188 ], [ -67.936744080552089, -22.353891780506441 ], [ -67.937019748359944, -22.354132590299638 ], [ -67.937325739698551, -22.354440518829467 ], [ -67.937807711899609, -22.355004358149081 ], [ -67.938043754121992, -22.355232787084258 ], [ -67.938201648304528, -22.355468397907952 ], [ -67.938325483761389, -22.355742942856356 ], [ -67.938439697363236, -22.356047514733579 ], [ -67.938942276018622, -22.356764642034186 ], [ -67.939437166891807, -22.357402855749729 ], [ -67.939772194475324, -22.357730269788174 ], [ -67.93998539523497, -22.357867326173995 ], [ -67.940168137716583, -22.357951082603201 ], [ -67.940564080059531, -22.358171896729775 ], [ -67.940838193781957, -22.358385097218001 ], [ -67.940861141245875, -22.358644164790064 ], [ -67.940681903092198, -22.359127795459401 ], [ -67.940453270174288, -22.359460899581126 ], [ -67.940049772999814, -22.359811980020332 ], [ -67.939234448573202, -22.360255959751854 ], [ -67.938454925603935, -22.360501866115627 ], [ -67.938234110723954, -22.360676993903464 ], [ -67.937607080367428, -22.360842733797657 ], [ -67.937131187065887, -22.361009295122795 ], [ -67.936583911835243, -22.361437598674996 ], [ -67.936221582653587, -22.361794472019152 ], [ -67.935767188731745, -22.362078285752819 ], [ -67.935381266197467, -22.362301460999326 ], [ -67.935374895345475, -22.36230514624571 ], [ -67.933377767094029, -22.364070158701889 ], [ -67.933160185250742, -22.364298164873077 ], [ -67.932911625004905, -22.364545087578154 ], [ -67.932745577712836, -22.364754311506911 ], [ -67.932562621432183, -22.365006790241502 ], [ -67.932683304700717, -22.365352158650214 ], [ -67.932660462339655, -22.365915615690071 ], [ -67.93265284821932, -22.366380085970462 ], [ -67.93265284821932, -22.366882627134018 ], [ -67.932735018016672, -22.367488398591526 ], [ -67.932763010419237, -22.36786142152204 ], [ -67.932770081957159, -22.36828210786684 ], [ -67.932788379741169, -22.368578588510637 ], [ -67.932806385572732, -22.368913306544236 ], [ -67.932793921448166, -22.369200024080182 ], [ -67.932822133039664, -22.36954437027622 ], [ -67.932973610556132, -22.369899087910458 ], [ -67.933084047640534, -22.370243974832047 ], [ -67.933214313238196, -22.370684593484089 ], [ -67.933263592119744, -22.370962156301687 ], [ -67.933189605076308, -22.371229348868003 ], [ -67.932878195099917, -22.371628814691647 ], [ -67.932598347431039, -22.371932889126505 ], [ -67.932442058537902, -22.372209098737333 ], [ -67.932286206225982, -22.372427948913284 ], [ -67.932212215589303, -22.372695140327487 ], [ -67.932179339944852, -22.372962603696912 ], [ -67.932166361983946, -22.373316236042822 ], [ -67.932277239242836, -22.373603766064349 ], [ -67.932540540842481, -22.374121742755818 ], [ -67.932854802071603, -22.374697415245198 ], [ -67.933056403784292, -22.375098431138042 ], [ -67.933551332386713, -22.375585744377673 ], [ -67.934168087813006, -22.376088286367775 ], [ -67.934822916536007, -22.376659357931104 ], [ -67.935685890300221, -22.377377627577818 ], [ -67.935924737062905, -22.377862865309112 ], [ -67.936219697089797, -22.37827588430741 ], [ -67.936586392982051, -22.378718054128171 ], [ -67.937015854163192, -22.3790172346141 ], [ -67.938500610326017, -22.379720296090145 ], [ -67.939140209011697, -22.37988019624445 ], [ -67.939854561003727, -22.380163938220988 ], [ -67.940152795389849, -22.380146771959588 ], [ -67.940399273340873, -22.380177067510576 ], [ -67.94078489314289, -22.380215223514963 ], [ -67.941188449606173, -22.380443652624763 ], [ -67.941499789513969, -22.380619627510004 ], [ -67.941981343100124, -22.382166537616342 ], [ -67.942677329036172, -22.382065729406751 ], [ -67.943018130092028, -22.381857637082121 ], [ -67.943020584289386, -22.38153261389121 ], [ -67.943316256680319, -22.381442815417746 ], [ -67.946469402616387, -22.38519206315307 ], [ -67.947858755899432, -22.38611821553777 ], [ -67.948894477489404, -22.387061390946364 ], [ -67.949997926661922, -22.387737873048611 ], [ -67.950761915064959, -22.388104587250293 ], [ -67.951296707306426, -22.388318504390487 ], [ -67.951571743598663, -22.388578260475526 ], [ -67.952137095627762, -22.389540886720816 ], [ -67.952621769961226, -22.390526277772409 ], [ -67.953039138022007, -22.391102641545984 ], [ -67.953921907960137, -22.391612732315675 ], [ -67.955047034378765, -22.392145687104389 ], [ -67.95605372601203, -22.392500989162155 ], [ -67.956586680300418, -22.392974726318755 ], [ -67.957356504159563, -22.393803768065705 ], [ -67.958185544063909, -22.393566898194326 ], [ -67.959133018753633, -22.39338924697951 ], [ -67.960565146217249, -22.39357877869946 ], [ -67.961575594605037, -22.393831390357658 ], [ -67.962359268689212, -22.393972024175767 ], [ -67.96318437666757, -22.393972024175767 ], [ -67.96384910123173, -22.393831390357658 ], [ -67.964965859843488, -22.393319541926381 ], [ -67.965354155726729, -22.393601069594173 ], [ -67.968235783173228, -22.3959890940911 ], [ -67.968204883822409, -22.396197664438592 ], [ -67.968384074365389, -22.396659517065359 ], [ -67.968628293053456, -22.396938630200076 ], [ -67.96894584930304, -22.39729852707152 ], [ -67.969136382873117, -22.397658425502971 ], [ -67.969178857914699, -22.39806148230188 ], [ -67.969087899898909, -22.398576908694562 ], [ -67.96878470860905, -22.399062015998471 ], [ -67.96854215449919, -22.399577442834225 ], [ -67.968395417392472, -22.400198877816631 ], [ -67.968247225015006, -22.400495263871836 ], [ -67.968148005193555, -22.400850849396907 ], [ -67.968120201437188, -22.40121505903112 ], [ -67.968014349354021, -22.401723149344178 ], [ -67.967760304893332, -22.402167727882713 ], [ -67.967485087141426, -22.402548796917138 ], [ -67.967273382975037, -22.40290869421354 ], [ -67.967167531790182, -22.403416784149169 ], [ -67.967234100545994, -22.403986388117712 ], [ -67.967486712193775, -22.404441089114826 ], [ -67.967991936387662, -22.404794745247937 ], [ -67.968042459435878, -22.405805193146225 ], [ -67.96814350283735, -22.407826088494492 ], [ -67.968446637533347, -22.408735491280261 ], [ -67.969254995524906, -22.409341760649941 ], [ -67.969608652370809, -22.409594371068462 ], [ -67.970467532512259, -22.41055429726644 ], [ -67.97178111469772, -22.411160566174036 ], [ -67.973296785482759, -22.411362655222007 ], [ -67.973953576126334, -22.411716311179056 ], [ -67.975075187437255, -22.412076653113324 ], [ -67.975943507075726, -22.412118001793257 ], [ -67.976935870580192, -22.412242046928782 ], [ -67.977804190218677, -22.412366091123065 ], [ -67.978796554621454, -22.412159349630432 ], [ -67.979540827698969, -22.411621819313154 ], [ -67.980161055113825, -22.411084288577037 ], [ -67.98086398053546, -22.410877546837867 ], [ -67.981885590490634, -22.41070586391087 ], [ -67.982890056098626, -22.410670803130117 ], [ -67.983675679526982, -22.410546756591735 ], [ -67.984613798263027, -22.41065534226809 ], [ -67.985523201452693, -22.411110042205177 ], [ -67.986330270361833, -22.411558792035233 ], [ -67.987342006035405, -22.412322579168183 ], [ -67.98840297657307, -22.413282504786235 ], [ -67.98900924506674, -22.413585639431101 ], [ -67.991074080239486, -22.414115335994182 ], [ -67.992192154883128, -22.414899221615034 ], [ -67.993657304416573, -22.41555601220103 ], [ -67.993984880474827, -22.415624056847637 ], [ -67.994653242317568, -22.415762886491581 ], [ -67.995334987261415, -22.41584810534922 ], [ -67.995678198497174, -22.416111757891674 ], [ -67.996082377492968, -22.416364370948006 ], [ -67.996670071521507, -22.416444632566911 ], [ -67.997143348928958, -22.416616981884069 ], [ -67.998052751220314, -22.417021161249576 ], [ -67.998355885916297, -22.417627429338189 ], [ -67.998715306353063, -22.418688709554125 ], [ -67.999113720859668, -22.41924414625046 ], [ -67.999669467203447, -22.419597802901809 ], [ -67.99999994122679, -22.419771111588236 ], [ -68.000590105622379, -22.420080606328799 ], [ -68.001286183186579, -22.420406160545923 ], [ -68.001831969908807, -22.420951948499315 ], [ -68.002145063328044, -22.421265040421346 ], [ -68.002862589966298, -22.422409901675639 ], [ -68.003392272590418, -22.423326563789221 ], [ -68.003660735909691, -22.423791158711975 ], [ -68.004267003505063, -22.424902652542432 ], [ -68.005226928844621, -22.426115189497498 ], [ -68.006287898483976, -22.427479294095519 ], [ -68.007348869021655, -22.428237128804621 ], [ -68.00866245030879, -22.428338174227068 ], [ -68.009571852600146, -22.428540264020931 ], [ -68.010430733639922, -22.42894444189567 ], [ -68.010986479983714, -22.429702279400669 ], [ -68.011744314927071, -22.4306622027941 ], [ -68.012199016072742, -22.431318994384277 ], [ -68.012603195966847, -22.431975785357501 ], [ -68.013310509658623, -22.432531530926418 ], [ -68.014219911949965, -22.432632575713658 ], [ -68.014977746893322, -22.432632576543988 ], [ -68.015503280199169, -22.432352018088825 ], [ -68.015483959234047, -22.431946024212699 ], [ -68.015482971087238, -22.431925263149164 ], [ -68.015028269941553, -22.431420039223944 ], [ -68.014371479297978, -22.43071272629253 ], [ -68.01413978941315, -22.430079534648087 ], [ -68.014196602464992, -22.429483007879984 ], [ -68.014537474487767, -22.428772856865432 ], [ -68.015230359439443, -22.427883472568322 ], [ -68.016695508972887, -22.426266756598832 ], [ -68.019575283194968, -22.423386980781167 ], [ -68.020888865380414, -22.422022876664961 ], [ -68.021747746420203, -22.421265039590953 ], [ -68.023116100685158, -22.420165825028423 ], [ -68.02436596716413, -22.41942726759428 ], [ -68.025637969928354, -22.418890489528934 ], [ -68.026894103953055, -22.418489867323913 ], [ -68.027717879729863, -22.418291024809015 ], [ -68.028626873287763, -22.41834783662928 ], [ -68.030033416732067, -22.41848630979035 ], [ -68.031439072640893, -22.418489868154317 ], [ -68.032913191852458, -22.418637876914953 ], [ -68.035237221527382, -22.418890489528934 ], [ -68.037561250303966, -22.419446235994425 ], [ -68.038723265141442, -22.4195472795105 ], [ -68.040643115820544, -22.420153548197657 ], [ -68.043068188896939, -22.420658772434635 ], [ -68.045745875417751, -22.421214517636631 ], [ -68.047312069250992, -22.42126504125175 ], [ -68.049704159783417, -22.42118134121112 ], [ -68.051808561252827, -22.421062951663352 ], [ -68.053374755086054, -22.421062951663352 ], [ -68.054233635227533, -22.421062951663352 ], [ -68.055749306012572, -22.421062951663352 ], [ -68.056860798700114, -22.420961906758862 ], [ -68.058528036833167, -22.420911383863835 ], [ -68.059589007370818, -22.420810339679452 ], [ -68.061256245503856, -22.420153549028072 ], [ -68.062569827689302, -22.420001981896817 ], [ -68.063428707830766, -22.420001981896817 ], [ -68.064540199620026, -22.420052503461879 ], [ -68.065535380241215, -22.420280983375161 ], [ -68.066746411652161, -22.420711572405867 ], [ -68.067874677682696, -22.421214518467025 ], [ -68.068784079974066, -22.421770265596908 ], [ -68.069518328751329, -22.422084075632295 ], [ -68.070487155497048, -22.422703047470446 ], [ -68.071509803904689, -22.423779520772953 ], [ -68.072169080186654, -22.424599517686985 ], [ -68.072936944820157, -22.425609223654831 ], [ -68.073151425679086, -22.426282320350566 ], [ -68.073447455599492, -22.427143498882856 ], [ -68.073680206394656, -22.42858226959839 ], [ -68.073886839571244, -22.43020750293574 ], [ -68.074283982961745, -22.431489801554665 ], [ -68.074548538609534, -22.432018909196852 ], [ -68.074796241862614, -22.432278919881988 ], [ -68.075176852658601, -22.432503924631813 ], [ -68.075507545870892, -22.432581086399416 ], [ -68.075958257598387, -22.432632576543988 ], [ -68.076422461123144, -22.432603132729476 ], [ -68.076698038201172, -22.432503925462143 ], [ -68.07717079458574, -22.432228396123314 ], [ -68.078231764225094, -22.431217950301413 ], [ -68.079045115053006, -22.430561298562417 ], [ -68.079825557897124, -22.429700121304727 ], [ -68.080417618636261, -22.428973502859716 ], [ -68.081364152789874, -22.427782427645244 ], [ -68.081790120422895, -22.427385704771741 ], [ -68.082300137128826, -22.42715078954501 ], [ -68.082810398176491, -22.426551089783526 ], [ -68.083853887498762, -22.426198502099318 ], [ -68.084484860561048, -22.426161639988873 ], [ -68.085557805641443, -22.42511997823555 ], [ -68.090756499921099, -22.421960560779226 ], [ -68.09275757357328, -22.420854194425676 ], [ -68.093197373465031, -22.42047205288101 ], [ -68.093805439487582, -22.419857669107014 ], [ -68.093894425701308, -22.419767756708943 ], [ -68.095267481748465, -22.418380400878817 ], [ -68.098233972141543, -22.416532949359372 ], [ -68.098267062483345, -22.416512339621502 ], [ -68.101048934712495, -22.414779767063656 ], [ -68.106516751674846, -22.411942004485766 ], [ -68.112812344611939, -22.408248168787022 ], [ -68.119002987374401, -22.404840315890372 ], [ -68.121230794905983, -22.40370529258373 ], [ -68.121375297902574, -22.403631669363623 ], [ -68.123644577955872, -22.402475462105087 ], [ -68.12735236800286, -22.401443881371584 ], [ -68.12772690888248, -22.401379636079437 ], [ -68.128638494079979, -22.400931827587439 ], [ -68.131779810102074, -22.400659676496897 ], [ -68.134498405900914, -22.400909133400745 ], [ -68.135558448478889, -22.40110752573095 ], [ -68.136504340337083, -22.401206209770219 ], [ -68.140716662875207, -22.401706671756209 ], [ -68.145033001340067, -22.402016365369743 ], [ -68.147749989154562, -22.402338555956671 ], [ -68.150001666719859, -22.402336067719144 ], [ -68.152098170201299, -22.402490484532716 ], [ -68.152622600375963, -22.402478892979207 ], [ -68.152789894529633, -22.402866964908096 ], [ -68.152709041662476, -22.403255813945417 ], [ -68.152694581481342, -22.403325364524161 ], [ -68.152319327339399, -22.404253621898391 ], [ -68.151795975143088, -22.405780538115934 ], [ -68.151727896319272, -22.405999257406844 ], [ -68.151662756783082, -22.406208531114515 ], [ -68.151229707730693, -22.407599773110061 ], [ -68.150888409008175, -22.410466092108472 ], [ -68.151277990380578, -22.41234675220133 ], [ -68.152453030789658, -22.414417958926819 ], [ -68.152690757353199, -22.415910622452568 ], [ -68.152970932008841, -22.41803449315465 ], [ -68.153731684680253, -22.419759346258687 ], [ -68.154524433545433, -22.421297934488649 ], [ -68.155630103353317, -22.422106787950781 ], [ -68.156361021177517, -22.422979754118831 ], [ -68.156413227668565, -22.423042106084612 ], [ -68.156594890375203, -22.423259071807461 ], [ -68.156716973218948, -22.423470843079844 ], [ -68.156803373182981, -22.423620719897425 ], [ -68.157266544543475, -22.424424161477681 ], [ -68.157399739547273, -22.425356991122758 ], [ -68.157208759514504, -22.426331153135997 ], [ -68.15683354849169, -22.427160946649121 ], [ -68.156103216369075, -22.428046246022038 ], [ -68.154768095278058, -22.429458978160113 ], [ -68.153967347813563, -22.431777951926069 ], [ -68.153459740389223, -22.434084118131622 ], [ -68.153450955764058, -22.435532463575676 ], [ -68.153797655158087, -22.43686794937749 ], [ -68.154031035672276, -22.437650896160033 ], [ -68.154779635036192, -22.438378846648238 ], [ -68.15699177774583, -22.440761377872285 ], [ -68.157535608835687, -22.441224815965359 ], [ -68.158630629115876, -22.44186458656846 ], [ -68.159268234439935, -22.442723559501001 ], [ -68.160000746773747, -22.443407591761499 ], [ -68.162206845618172, -22.444255586453583 ], [ -68.164412685747777, -22.445151351840163 ], [ -68.16572337895127, -22.445253734123838 ], [ -68.166907945095616, -22.444949140111035 ], [ -68.167990803085189, -22.4444528059622 ], [ -68.16903763324197, -22.443744517473256 ], [ -68.169949530154881, -22.443674161016613 ], [ -68.171053960287665, -22.44387104177089 ], [ -68.172131406825983, -22.444282886531617 ], [ -68.173314880618932, -22.445263170064781 ], [ -68.175234730399751, -22.446071528510252 ], [ -68.180741669891034, -22.448749214380509 ], [ -68.183773012359424, -22.450568020013051 ], [ -68.186046519884442, -22.451831079304348 ], [ -68.189635832026937, -22.454228632890349 ], [ -68.191652776215236, -22.455035409835997 ], [ -68.193031020033146, -22.455337952678349 ], [ -68.194308418078975, -22.455640494030231 ], [ -68.195753893609378, -22.455943034721852 ], [ -68.197031291655193, -22.456413655583862 ], [ -68.197838068611858, -22.456850659476565 ], [ -68.198626590903629, -22.457489585915955 ], [ -68.199434948895203, -22.458449512120247 ], [ -68.200394875133085, -22.459561003082221 ], [ -68.201102187926551, -22.460672495092865 ], [ -68.202011590217921, -22.462137644296543 ], [ -68.203072559857276, -22.463754360602639 ], [ -68.204234574694709, -22.465320554644638 ], [ -68.20448718813914, -22.46587630108084 ], [ -68.204588231540612, -22.466533091940175 ], [ -68.205396589532185, -22.467594061981778 ], [ -68.206558604369633, -22.469311823168404 ], [ -68.207569051859096, -22.470170701585388 ], [ -68.207922708704984, -22.471130627937576 ], [ -68.208933156194433, -22.472949433728829 ], [ -68.209893080635695, -22.474616672488413 ], [ -68.210612042781761, -22.475944389964546 ], [ -68.211015432158419, -22.476885630357692 ], [ -68.211217126397585, -22.477625175094623 ], [ -68.211560320565354, -22.478203761232553 ], [ -68.212217111208929, -22.47875950744557 ], [ -68.212797065352973, -22.479272346493708 ], [ -68.213200452933009, -22.48011273925799 ], [ -68.213510748100134, -22.48115371649936 ], [ -68.214783323091183, -22.483479455319891 ], [ -68.216012015380599, -22.486024604777999 ], [ -68.217067259158341, -22.488207192901541 ], [ -68.218835542489458, -22.491188012245583 ], [ -68.21959337833114, -22.492400548802902 ], [ -68.22019964682481, -22.49346151901581 ], [ -68.221462706860379, -22.494421444076423 ], [ -68.222927854597202, -22.495583459104814 ], [ -68.223757864682057, -22.496175938374634 ], [ -68.224879315194542, -22.49670996139993 ], [ -68.226044113012733, -22.497274585997275 ], [ -68.226767437377845, -22.497554582286892 ], [ -68.227187431214205, -22.497881244323523 ], [ -68.227229019618591, -22.499086368121063 ], [ -68.227327800163877, -22.500000079892505 ], [ -68.227335823915979, -22.500074311758109 ], [ -68.227415927588183, -22.501169060955437 ], [ -68.227709640753474, -22.501970096929355 ], [ -68.228056756067474, -22.502637626683438 ], [ -68.228510676577159, -22.503171652150609 ], [ -68.228914074936966, -22.503597834975665 ], [ -68.229287402192639, -22.504157827946042 ], [ -68.230364694220697, -22.504513347721272 ], [ -68.230679456709737, -22.504418958100128 ], [ -68.231631648453018, -22.504133413646894 ], [ -68.233496851020163, -22.504082546775283 ], [ -68.235040523190904, -22.504030131271193 ], [ -68.236067121490862, -22.504453270666474 ], [ -68.237093726079024, -22.504876402957748 ], [ -68.238184643753314, -22.50529983354944 ], [ -68.240753646701151, -22.505909488300592 ], [ -68.241779299075134, -22.506511843918261 ], [ -68.242675370367664, -22.507292843587059 ], [ -68.243572101023616, -22.507954335944728 ], [ -68.243373975791087, -22.508909445872138 ], [ -68.243433407431951, -22.509806013892366 ], [ -68.24329958720071, -22.510761426379236 ], [ -68.243423003144343, -22.511718046355732 ], [ -68.243546420884584, -22.512674667181408 ], [ -68.243285928316823, -22.513270969405184 ], [ -68.243281374756634, -22.51410748275163 ], [ -68.243567213290163, -22.515007683316323 ], [ -68.243945165072901, -22.515539798012576 ], [ -68.244137002098469, -22.516145431025027 ], [ -68.244163894963123, -22.516844638476531 ], [ -68.244137002098469, -22.517570738001833 ], [ -68.24408321816577, -22.518162374566948 ], [ -68.244080808884178, -22.51895540472276 ], [ -68.246080322162697, -22.522032554572625 ], [ -68.246315301678095, -22.522223153517331 ], [ -68.247243646743854, -22.522567763927096 ], [ -68.247697157621786, -22.522777579435424 ], [ -68.248386028900768, -22.522976146724787 ], [ -68.248977665635095, -22.523083717440684 ], [ -68.249676873828065, -22.523110607824655 ], [ -68.249999972682929, -22.523150997327534 ], [ -68.250107154272754, -22.523164394385425 ], [ -68.250483651683055, -22.523245072942643 ], [ -68.250860146398409, -22.523406427426391 ], [ -68.251127113124426, -22.523734233244724 ], [ -68.251236642910399, -22.524186312657609 ], [ -68.251129072350068, -22.52488551925353 ], [ -68.251102179485414, -22.525450263618733 ], [ -68.251112454415633, -22.526215348184959 ], [ -68.251119340900587, -22.527311511745829 ], [ -68.25120620888687, -22.528043555482917 ], [ -68.251344212572405, -22.528838728624148 ], [ -68.251720709084395, -22.529403472593383 ], [ -68.252500593176421, -22.529860645579401 ], [ -68.25328047906504, -22.530210249479964 ], [ -68.254114148886373, -22.53069431700084 ], [ -68.254894033876695, -22.531474200915625 ], [ -68.255727703698014, -22.532280978152524 ], [ -68.256211769872024, -22.532791936871863 ], [ -68.256141993232333, -22.533307329464737 ], [ -68.256010347822382, -22.533921676429358 ], [ -68.255703174300862, -22.534316612261232 ], [ -68.255352119874345, -22.53466766852031 ], [ -68.254650009224704, -22.534930959714096 ], [ -68.254152053299777, -22.535239218938496 ], [ -68.253728491355119, -22.535501422936441 ], [ -68.253199801369391, -22.535965260783534 ], [ -68.252688841432388, -22.536476219975693 ], [ -68.252339238683376, -22.536960286275736 ], [ -68.252043420765375, -22.537417459966385 ], [ -68.251774494813716, -22.537955312894322 ], [ -68.251774494813716, -22.538520056089155 ], [ -68.251962742171386, -22.539165477847558 ], [ -68.25228545385238, -22.539703328943876 ], [ -68.252658399324048, -22.540252046098935 ], [ -68.253087086157407, -22.54041734498449 ], [ -68.253856303653734, -22.540472349431024 ], [ -68.254283141754243, -22.540610040079574 ], [ -68.254650010123029, -22.540898894293186 ], [ -68.255088828156161, -22.541469359407301 ], [ -68.255907883286127, -22.542358702023627 ], [ -68.25659633325526, -22.54308846071395 ], [ -68.256871554600423, -22.543344916751888 ], [ -68.257202168760969, -22.543652988766194 ], [ -68.257711623121537, -22.543997213835894 ], [ -68.258400072192345, -22.54438274559168 ], [ -68.259129829393174, -22.544782046240559 ], [ -68.260079890332605, -22.545167578293068 ], [ -68.260396577911308, -22.545415420232246 ], [ -68.260617549098143, -22.545600612360897 ], [ -68.260658187983282, -22.545856029145444 ], [ -68.260617549098143, -22.546105836967904 ], [ -68.260369039157965, -22.546434326468525 ], [ -68.260190042651061, -22.546723475465843 ], [ -68.260107428187638, -22.547026393603392 ], [ -68.260079890332605, -22.547329311905695 ], [ -68.260112325802581, -22.547722553403204 ], [ -68.260162504796028, -22.548375756510104 ], [ -68.260286426491163, -22.548898977495867 ], [ -68.260424115766327, -22.5495185821786 ], [ -68.260492960853071, -22.550041804638511 ], [ -68.260589342896552, -22.550647639784017 ], [ -68.260617549098143, -22.551814865787627 ], [ -68.260617549098143, -22.552471656709578 ], [ -68.260567026948252, -22.553583148808425 ], [ -68.26051650479836, -22.554694641907684 ], [ -68.260382808534629, -22.555590711978898 ], [ -68.260272656216173, -22.555990012549291 ], [ -68.260213369204067, -22.556462924518978 ], [ -68.260162847054147, -22.557422849946082 ], [ -68.259983507390828, -22.557958979008255 ], [ -68.259809190208259, -22.558281729425985 ], [ -68.259556579458788, -22.558534341971868 ], [ -68.25929505742171, -22.558867732914713 ], [ -68.259005907698054, -22.559363417733742 ], [ -68.258771835481099, -22.559707642600028 ], [ -68.258496456032447, -22.560024329713716 ], [ -68.258432486102734, -22.560088299018769 ], [ -68.258449139969784, -22.560306909048009 ], [ -68.258564618399575, -22.561672654545792 ], [ -68.258881987799541, -22.561910682138514 ], [ -68.259212443856597, -22.562089679354255 ], [ -68.25941897821852, -22.562309982662715 ], [ -68.259685956622647, -22.562802463800754 ], [ -68.259809191106584, -22.563536057229268 ], [ -68.25985971235815, -22.564142325861312 ], [ -68.259506056410586, -22.565253817651634 ], [ -68.25937906247718, -22.566407434286372 ], [ -68.259436664249833, -22.566849053716773 ], [ -68.259743878195522, -22.567329075684867 ], [ -68.260166297483167, -22.567713092221897 ], [ -68.260703920316089, -22.567924301566396 ], [ -68.261072249345503, -22.567931504348973 ], [ -68.261629254229007, -22.567939887547958 ], [ -68.262431998648353, -22.567809096811157 ], [ -68.262873617628557, -22.567751494397438 ], [ -68.263430443747311, -22.567713093051413 ], [ -68.263680054123725, -22.567789895732751 ], [ -68.26395761558021, -22.567939887547958 ], [ -68.263948865989363, -22.568442725091728 ], [ -68.263872063625826, -22.568730737964152 ], [ -68.263795259465653, -22.569037951971634 ], [ -68.263795259465653, -22.569345165294457 ], [ -68.263910463909269, -22.569633178770015 ], [ -68.264140875491435, -22.569921191643829 ], [ -68.264467290028023, -22.570055597058555 ], [ -68.264966511679191, -22.570132400923352 ], [ -68.265408131557692, -22.570362810601996 ], [ -68.265696144912511, -22.570670024290251 ], [ -68.2658881535163, -22.571073242098404 ], [ -68.265868952027105, -22.571553264288678 ], [ -68.265772948174359, -22.572129289705789 ], [ -68.265821353893443, -22.572630084672866 ], [ -68.266073966439535, -22.573084786886952 ], [ -68.266214568052874, -22.573434948193512 ], [ -68.266214567154563, -22.573953371730944 ], [ -68.266137762096079, -22.574337388891912 ], [ -68.266041760938307, -22.574683003919603 ], [ -68.266060960630867, -22.575047820639089 ], [ -68.266176165074469, -22.575777453669321 ], [ -68.266214568052874, -22.576507084495404 ], [ -68.266195367461989, -22.57712151282761 ], [ -68.265964956778134, -22.577697538196947 ], [ -68.265484935717865, -22.578273565305643 ], [ -68.264659339055996, -22.578995905230229 ], [ -68.263598368518302, -22.58005687465765 ], [ -68.263229794248815, -22.580397098833217 ], [ -68.262941577874756, -22.580663143617993 ], [ -68.262758413184955, -22.58096168485616 ], [ -68.262715421612072, -22.581305053717244 ], [ -68.262751149407563, -22.581626594062591 ], [ -68.262929782995059, -22.582126771418125 ], [ -68.262992100922958, -22.582633516110363 ], [ -68.263042623072849, -22.583239784514667 ], [ -68.26278687540642, -22.583984570988605 ], [ -68.262322426641575, -22.584591929948928 ], [ -68.262036610565943, -22.585020653284378 ], [ -68.261822248284645, -22.585592283705026 ], [ -68.261526951389513, -22.586978440154702 ], [ -68.261375384939825, -22.588342544560302 ], [ -68.261410101232286, -22.589245162145911 ], [ -68.261425907988041, -22.589656126897001 ], [ -68.26132486278992, -22.591424409719028 ], [ -68.261250617930017, -22.592201766510062 ], [ -68.261021728093937, -22.59309164779253 ], [ -68.261173295441935, -22.594001051670986 ], [ -68.26128634482717, -22.594845558389583 ], [ -68.261526951389513, -22.59536515534937 ], [ -68.261857976080123, -22.595595823886921 ], [ -68.262143791257458, -22.595917367360943 ], [ -68.262335309381058, -22.596527169223652 ], [ -68.26267969561323, -22.597239263829039 ], [ -68.262840533574959, -22.597891274411719 ], [ -68.26314366827097, -22.598447020903368 ], [ -68.263429960453692, -22.599275698139628 ], [ -68.26389441101513, -22.599954509792781 ], [ -68.264323133781119, -22.600276052208553 ], [ -68.264935886314518, -22.600499878831375 ], [ -68.265519212734148, -22.600499878831375 ], [ -68.266175009841021, -22.600316348624194 ], [ -68.26693858951063, -22.599886703418218 ], [ -68.266959518460098, -22.599874926867365 ], [ -68.26787183488625, -22.599480411831781 ], [ -68.26846360906282, -22.599357125858628 ], [ -68.269110542492783, -22.599347152242817 ], [ -68.26957499215591, -22.599490059508522 ], [ -68.27018235030603, -22.599918782903472 ], [ -68.27102515868873, -22.600568960414044 ], [ -68.271782994530412, -22.601225751220049 ], [ -68.271970034552353, -22.601462181210309 ], [ -68.272732123916896, -22.601435909019902 ], [ -68.272826142492846, -22.601419314221737 ], [ -68.273504955335611, -22.601169225146045 ], [ -68.274258590655009, -22.600872095276831 ], [ -68.275471127642376, -22.600771049843861 ], [ -68.276683665528026, -22.600872094447492 ], [ -68.277177066096144, -22.601069455436765 ], [ -68.277441501369708, -22.601175228642656 ], [ -68.278805604806735, -22.60142784051483 ], [ -68.279310829000622, -22.601528886294936 ], [ -68.280138808892957, -22.601848818634672 ], [ -68.280722134414262, -22.602614433960539 ], [ -68.281257699206861, -22.60338429525887 ], [ -68.282007964945663, -22.604027379899904 ], [ -68.282746350464791, -22.604358138847662 ], [ -68.283758584703335, -22.604884826941984 ], [ -68.284508849543812, -22.605277823790704 ], [ -68.285044754797909, -22.605599364550429 ], [ -68.28543774976842, -22.606206722705423 ], [ -68.285902200329872, -22.606849807425384 ], [ -68.286366649992999, -22.607385711827064 ], [ -68.287045461937453, -22.608135977800021 ], [ -68.288050162904042, -22.608885183178742 ], [ -68.289253271174161, -22.609978919111445 ], [ -68.290164717132797, -22.610890365852299 ], [ -68.29063866917501, -22.611874727752767 ], [ -68.29063866917501, -22.612749716092456 ], [ -68.290310548737708, -22.613661161060353 ], [ -68.290201175258602, -22.61446323483424 ], [ -68.290419922216813, -22.615192391164172 ], [ -68.291003248636443, -22.615775717093612 ], [ -68.291805321115959, -22.616136649426512 ], [ -68.292575310265107, -22.6164399788609 ], [ -68.293298634630204, -22.616626642795698 ], [ -68.294063363245044, -22.616685598806772 ], [ -68.295188609139615, -22.61688330612159 ], [ -68.296084258223971, -22.617039255565651 ], [ -68.297451911803009, -22.617349967296185 ], [ -68.298781894530606, -22.617863293256878 ], [ -68.299873436534043, -22.618201270505786 ], [ -68.301488525668177, -22.618423285968689 ], [ -68.303355168234731, -22.619053278256985 ], [ -68.30433515385289, -22.619286608677374 ], [ -68.304895147431353, -22.619543270355791 ], [ -68.305315141267712, -22.619869933825456 ], [ -68.305875133049511, -22.620406592666832 ], [ -68.306528458891037, -22.621106583314088 ], [ -68.307065118729966, -22.621736574917914 ], [ -68.307461778826834, -22.622436566257271 ], [ -68.30809177092884, -22.623743215348433 ], [ -68.308581764187082, -22.625259861486057 ], [ -68.308916940890967, -22.626891119785771 ], [ -68.309119032185492, -22.628507835127202 ], [ -68.309220076485261, -22.630074028610608 ], [ -68.309017986987371, -22.631337088271472 ], [ -68.309547837596455, -22.632409767928582 ], [ -68.310805271483389, -22.633381883709205 ], [ -68.312602686280869, -22.633653245267045 ], [ -68.313453551653382, -22.633891242951055 ], [ -68.313637217603102, -22.635034501649805 ], [ -68.314642826766445, -22.635888331941622 ], [ -68.315586206036798, -22.636566127153515 ], [ -68.317414651339135, -22.636954744473154 ], [ -68.318640047709778, -22.638043839659922 ], [ -68.319298140910504, -22.638984047515116 ], [ -68.320835406296638, -22.640836098248812 ], [ -68.321840385740984, -22.64183635396547 ], [ -68.322846095515629, -22.642690135352147 ], [ -68.324072158436209, -22.643662015896709 ], [ -68.325578266655057, -22.645455302826207 ], [ -68.326331549834876, -22.646308001356111 ], [ -68.327115688348059, -22.647307296150458 ], [ -68.327586233080396, -22.647895154136755 ], [ -68.32830698556883, -22.648952765233346 ], [ -68.329975414867931, -22.649838573534932 ], [ -68.33160876046361, -22.651456571610186 ], [ -68.333086320222705, -22.652663787804411 ], [ -68.3340290562993, -22.653517239079349 ], [ -68.336237787207509, -22.654633035315076 ], [ -68.337160138713671, -22.655612009630243 ], [ -68.338886218294448, -22.656536937420729 ], [ -68.340735928516196, -22.657462353884053 ], [ -68.342277463594897, -22.658214398243334 ], [ -68.344252736733793, -22.658738754477199 ], [ -68.345609437154565, -22.659375285739277 ], [ -68.347400683220997, -22.659612040982282 ], [ -68.348570638267262, -22.660534597494056 ], [ -68.349185443451063, -22.661225444966902 ], [ -68.350482274751428, -22.661460156940006 ], [ -68.351470353292001, -22.661636245989591 ], [ -68.352210674680578, -22.66192605245606 ], [ -68.353200909177829, -22.661643240770761 ], [ -68.354434873679651, -22.662107116320733 ], [ -68.355420819619724, -22.662742072694687 ], [ -68.356779752354001, -22.66291962154563 ], [ -68.358384312334707, -22.663442315991606 ], [ -68.359309544737997, -22.663847555593005 ], [ -68.360109573550261, -22.664596463881811 ], [ -68.360475896641645, -22.665573087546743 ], [ -68.361336155697074, -22.666666403788298 ], [ -68.361948663888711, -22.667873454701081 ], [ -68.362561447863143, -22.669023143041663 ], [ -68.363542453069158, -22.670747914447183 ], [ -68.364341222443386, -22.671783609043658 ], [ -68.364645517762725, -22.67281733879992 ], [ -68.365012421165801, -22.673679229648332 ], [ -68.365318045093446, -22.674426151304875 ], [ -68.36537563339138, -22.675344177842419 ], [ -68.364629399291587, -22.676316377547845 ], [ -68.3641995410551, -22.677317820259866 ], [ -68.364188424403451, -22.677969242881378 ], [ -68.364116227702382, -22.678744737625461 ], [ -68.364074615941789, -22.679191700561628 ], [ -68.364262003611742, -22.679910021681984 ], [ -68.364855399247404, -22.681065581776416 ], [ -68.365906184686381, -22.682061555935739 ], [ -68.366510659244426, -22.682845768414431 ], [ -68.367041592323432, -22.683720244980943 ], [ -68.368230213462979, -22.686002300916051 ], [ -68.369291184000659, -22.687669540295449 ], [ -68.371109989481667, -22.690549315292504 ], [ -68.373332973958497, -22.69363118067055 ], [ -68.374393943597838, -22.695449985814307 ], [ -68.375224203414348, -22.69705602739722 ], [ -68.376070193629801, -22.698710149277098 ], [ -68.376848232582205, -22.700585168305398 ], [ -68.377443932396559, -22.701751748407357 ], [ -68.377597785058654, -22.702053041468847 ], [ -68.378097486410169, -22.703114906417703 ], [ -68.378690882045831, -22.704457854538113 ], [ -68.379471665351417, -22.70642542849491 ], [ -68.380033830157913, -22.707986995313114 ], [ -68.381416554772471, -22.711516102301257 ], [ -68.382477523513501, -22.714395878108743 ], [ -68.384599464588845, -22.719902817244016 ], [ -68.386216180571978, -22.723186771441569 ], [ -68.38717610591155, -22.725359234375805 ], [ -68.38803498695134, -22.726773859948032 ], [ -68.389095956590694, -22.727178038955163 ], [ -68.390359015727938, -22.727885352036736 ], [ -68.390813715975298, -22.729097889707734 ], [ -68.392531478054849, -22.731068262867332 ], [ -68.394400805685777, -22.732735501191577 ], [ -68.396926924858576, -22.734049082444368 ], [ -68.397546574656715, -22.734563966828677 ], [ -68.397951628611608, -22.735395855508241 ], [ -68.398325887420214, -22.736317418753064 ], [ -68.398947818939178, -22.737333037535798 ], [ -68.400020126215736, -22.738575213751936 ], [ -68.401705569606307, -22.739341324786515 ], [ -68.403521302849072, -22.739889267477629 ], [ -68.40572935373261, -22.740863408261468 ], [ -68.405794296537749, -22.741772606083465 ], [ -68.405689343668172, -22.742827126610344 ], [ -68.405497816561379, -22.743746459240228 ], [ -68.405076454590841, -22.744780707892193 ], [ -68.404846622422028, -22.745585124174752 ], [ -68.404501873270505, -22.746734289416835 ], [ -68.404616789354904, -22.74773023320494 ], [ -68.405114760551186, -22.748534649522842 ], [ -68.405842566611213, -22.749224148531873 ], [ -68.406532064914302, -22.749607203322181 ], [ -68.407536623947067, -22.749812064698286 ], [ -68.40854707143653, -22.749711019596109 ], [ -68.410012220071664, -22.749306840097006 ], [ -68.413548786733926, -22.748599526824677 ], [ -68.415860414268039, -22.748331817559929 ], [ -68.417965759866817, -22.748327883310935 ], [ -68.419670858395804, -22.74830481547054 ], [ -68.421770199655214, -22.748136989669149 ], [ -68.424057442420931, -22.748296392746141 ], [ -68.425977292201765, -22.748245871300874 ], [ -68.428756022124034, -22.748397438066011 ], [ -68.430170649507588, -22.748650048967669 ], [ -68.432039977138515, -22.749306840097006 ], [ -68.433252514125869, -22.74991310972576 ], [ -68.433426180928166, -22.749999942181713 ], [ -68.434262961615332, -22.750418333742189 ], [ -68.435526021650887, -22.751327735577608 ], [ -68.437041693334223, -22.752439228522611 ], [ -68.438052139925375, -22.753247586017515 ], [ -68.438759453617152, -22.754308555737083 ], [ -68.439264677811039, -22.75542004845358 ], [ -68.440376169600285, -22.758602958481401 ], [ -68.441083483292061, -22.760270196418368 ], [ -68.441891841283635, -22.761937434710362 ], [ -68.442346542429306, -22.763251017746732 ], [ -68.442851765724882, -22.764109898088158 ], [ -68.443154900420879, -22.764716166625053 ], [ -68.443609601566564, -22.765474001823833 ], [ -68.443963258412467, -22.765878180698909 ], [ -68.444114825760437, -22.766080270101895 ], [ -68.444771616404012, -22.766433926665677 ], [ -68.445478929197478, -22.766585493957333 ], [ -68.446539899735157, -22.766838106012262 ], [ -68.447701914572619, -22.767343330376516 ], [ -68.448661839912177, -22.768101165073798 ], [ -68.449621764353424, -22.768909524294639 ], [ -68.449823854749638, -22.7691621353624 ], [ -68.449874376001205, -22.769667358580456 ], [ -68.450076466397419, -22.770576761458869 ], [ -68.450632211842873, -22.772395567261572 ], [ -68.450834301340777, -22.773153402899926 ], [ -68.450884823490668, -22.774365939782616 ], [ -68.450935347437209, -22.775073253787085 ], [ -68.450935346538884, -22.776235268319017 ], [ -68.450834301340777, -22.777094148135422 ], [ -68.45113743603676, -22.778609820169155 ], [ -68.45179422757866, -22.780630715147229 ], [ -68.452501540372126, -22.781742207256354 ], [ -68.453511987861589, -22.783106311179797 ], [ -68.454876093095237, -22.784874595305901 ], [ -68.455987583986186, -22.786188176235296 ], [ -68.456543330329964, -22.78669340018736 ], [ -68.45725064312343, -22.787198623924358 ], [ -68.458059001114989, -22.787754370854959 ], [ -68.458917882154779, -22.788562727941674 ], [ -68.459625195846542, -22.789118474282741 ], [ -68.459864957992508, -22.789502097082142 ], [ -68.459914445283204, -22.790606693519933 ], [ -68.460180942190334, -22.792991025955136 ], [ -68.460180942190334, -22.793261310193813 ], [ -68.460180942190334, -22.794069666934202 ], [ -68.460281986490116, -22.794827503909652 ], [ -68.460180941292037, -22.795736906363523 ], [ -68.459877807494337, -22.796545264160571 ], [ -68.45957467279834, -22.797757801806416 ], [ -68.45957467369665, -22.799475561571118 ], [ -68.459625194948231, -22.801243844598126 ], [ -68.459772819590455, -22.801773677282704 ], [ -68.459978851794119, -22.802304814664726 ], [ -68.460505768505499, -22.802972768840522 ], [ -68.460198029045344, -22.803760701679689 ], [ -68.460444383927182, -22.804048346367122 ], [ -68.460628189115781, -22.804507865269382 ], [ -68.460625706172337, -22.805138840117113 ], [ -68.460871386419399, -22.80559856733305 ], [ -68.461302007325571, -22.806231006154732 ], [ -68.461359820202304, -22.807263719755806 ], [ -68.461726773012714, -22.808354839466887 ], [ -68.461845561734293, -22.809617206875814 ], [ -68.461840379353433, -22.810936517208717 ], [ -68.462641365769784, -22.811799650762563 ], [ -68.462699190324628, -22.812832362727296 ], [ -68.463004516909919, -22.813865908978809 ], [ -68.462752066958871, -22.815127023844287 ], [ -68.462687716143506, -22.815757789701408 ], [ -68.46286974446447, -22.816676196332072 ], [ -68.463049526997224, -22.818168215806107 ], [ -68.463352170314749, -22.819890095906349 ], [ -68.463533533882412, -22.820980585386458 ], [ -68.463715800256921, -22.821841629193479 ], [ -68.463649877389798, -22.82287392305426 ], [ -68.463397189385219, -22.82419239870724 ], [ -68.463580133089451, -22.824881358859663 ], [ -68.46351420573076, -22.825913652855224 ], [ -68.463508136712704, -22.827462405385873 ], [ -68.463380551687848, -22.828437129782643 ], [ -68.463685915104051, -22.82947067350343 ], [ -68.463620212324173, -22.830445605405984 ], [ -68.463554507747659, -22.831420537776133 ], [ -68.463612119401773, -22.832510608689255 ], [ -68.463421520254684, -22.833771929216915 ], [ -68.462611393480316, -22.835203247764426 ], [ -68.462358444964309, -22.836579079393083 ], [ -68.462292276857099, -22.837668731462053 ], [ -68.462349654050954, -22.838816163863669 ], [ -68.462345146304841, -22.839963385412542 ], [ -68.46258841367704, -22.841054081644113 ], [ -68.462831458267061, -22.84220214033439 ], [ -68.462949153738947, -22.8437513068497 ], [ -68.463256347023389, -22.844325962229117 ], [ -68.46374628638273, -22.845646935442506 ], [ -68.463495803742163, -22.846391795435501 ], [ -68.463615983954142, -22.847309989563307 ], [ -68.463735940485591, -22.848285544473612 ], [ -68.464103014568579, -22.849376655760611 ], [ -68.464099193135354, -22.850351794352456 ], [ -68.464653300053754, -22.851099362012462 ], [ -68.464835383171945, -22.852017763588421 ], [ -68.46526459372312, -22.853051718384592 ], [ -68.466180651632413, -22.854377701896915 ], [ -68.466616169255204, -22.855637534926846 ], [ -68.467792605646224, -22.855526749059528 ], [ -68.46866090731838, -22.855070754094886 ], [ -68.469529114667452, -22.854328337279942 ], [ -68.470461164385441, -22.853700070510367 ], [ -68.471180087903946, -22.8543039728374 ], [ -68.471820160001755, -22.854392928320586 ], [ -68.472438431784255, -22.854567063553699 ], [ -68.473490404796038, -22.854627908724503 ], [ -68.474296128028882, -22.8543437632073 ], [ -68.475536201074632, -22.853774235318454 ], [ -68.476468776307073, -22.852687429131549 ], [ -68.476905098820353, -22.851885796956232 ], [ -68.477157276581849, -22.850682026087675 ], [ -68.478337382590823, -22.849596020520845 ], [ -68.479451867566581, -22.849484944959194 ], [ -68.480628242872186, -22.849374063845357 ], [ -68.481929484900576, -22.848976769258179 ], [ -68.484033358160588, -22.849098325501732 ], [ -68.484650542981612, -22.849559220511395 ], [ -68.485945739348153, -22.850768009601548 ], [ -68.486375967690535, -22.851572465405297 ], [ -68.48699187959879, -22.852377518263562 ], [ -68.4881659111998, -22.852897556074538 ], [ -68.489215310538299, -22.853646632056115 ], [ -68.490999591966329, -22.854544954059328 ], [ -68.492983946174419, -22.856397017569709 ], [ -68.493748831096141, -22.856965777881452 ], [ -68.494637202928388, -22.857424729921469 ], [ -68.495474723827343, -22.858005236969202 ], [ -68.496788756967078, -22.858593609466247 ], [ -68.498102790106799, -22.859358494126074 ], [ -68.498632325407215, -22.860025316576117 ], [ -68.499024573877705, -22.860849037366087 ], [ -68.499299146639245, -22.86173159779668 ], [ -68.499711008925644, -22.862594544921613 ], [ -68.500000004139068, -22.863356440448687 ], [ -68.500142481434708, -22.863732064267662 ], [ -68.500652404715851, -22.864928422306289 ], [ -68.501064266103953, -22.865399121028631 ], [ -68.501456514574443, -22.865830594804464 ], [ -68.502025274811743, -22.866281680048662 ], [ -68.502515585175288, -22.866497416120332 ], [ -68.503226007936263, -22.866821892413267 ], [ -68.504084888976038, -22.867175548200841 ], [ -68.504653339294578, -22.86747803881309 ], [ -68.50492791385274, -22.867929124381284 ], [ -68.505084812701952, -22.86889013338515 ], [ -68.505280937386345, -22.869556955409902 ], [ -68.505594735983081, -22.870125715268646 ], [ -68.506307871656219, -22.870863681356216 ], [ -68.506751869375293, -22.871322074115195 ], [ -68.506889156205204, -22.871890834859862 ], [ -68.506908768224505, -22.873028354170238 ], [ -68.507065708396198, -22.874602338805182 ], [ -68.50721727574421, -22.876875844283365 ], [ -68.507520410440208, -22.878492561219211 ], [ -68.507570931691774, -22.879755620242499 ], [ -68.507621454740004, -22.880614500916892 ], [ -68.507924589435987, -22.881877560063039 ], [ -68.508581379181237, -22.88278696344959 ], [ -68.509389738071121, -22.883948977379024 ], [ -68.510097051762912, -22.885262559750391 ], [ -68.51110749835405, -22.88692979830525 ], [ -68.512724215235494, -22.888647559437619 ], [ -68.514391453368532, -22.890668454458922 ], [ -68.516109214549772, -22.892083081025223 ], [ -68.515395718652201, -22.892205982383668 ], [ -68.516052785078571, -22.892859827986861 ], [ -68.520573558542523, -22.899847246520117 ], [ -68.521308808941328, -22.902875664232695 ], [ -68.522717256814047, -22.908932226444783 ], [ -68.523902646713509, -22.916424390559119 ], [ -68.523670402568172, -22.924291770470525 ], [ -68.523339403928688, -22.93002688189868 ], [ -68.523831344734461, -22.936848496990322 ], [ -68.524056476019396, -22.942522070733865 ], [ -68.524485811436392, -22.945784422632812 ], [ -68.525129356421104, -22.947087060542703 ], [ -68.526212723755435, -22.948797643442546 ], [ -68.528757856669557, -22.956036348132315 ], [ -68.528905712178783, -22.96085156452336 ], [ -68.529910549689305, -22.965073024188506 ], [ -68.531702781207585, -22.968321254649787 ], [ -68.534560331109518, -22.975673778767565 ], [ -68.535577333605616, -22.984086695481874 ], [ -68.535718328681043, -22.988504415621168 ], [ -68.535804793323749, -22.993373524204262 ], [ -68.536571783896505, -23.001623180578346 ], [ -68.537164733069446, -23.003548996325957 ], [ -68.537454559224514, -23.005455793040547 ], [ -68.537547114444877, -23.00693754862143 ], [ -68.53722158564716, -23.009240076601881 ], [ -68.536759401535164, -23.010964115092747 ], [ -68.535984579449789, -23.01247033966472 ], [ -68.534408496063577, -23.0142723527855 ], [ -68.532933292585469, -23.014927422723552 ], [ -68.532025629432496, -23.016035854877835 ], [ -68.530240874592323, -23.016753253747062 ], [ -68.528905272004309, -23.018149366004099 ], [ -68.527436267799956, -23.019093520706516 ], [ -68.526723301908419, -23.020654123403801 ], [ -68.526326940052229, -23.022549927917524 ], [ -68.526615324411253, -23.024492921674092 ], [ -68.527268703253398, -23.026202128535679 ], [ -68.527925666373491, -23.027965586224013 ], [ -68.528640908595975, -23.029620803801869 ], [ -68.529594565491493, -23.030752732768491 ], [ -68.530184906855155, -23.032398544591807 ], [ -68.530766539950491, -23.033538463413027 ], [ -68.531107634755443, -23.035084149117171 ], [ -68.531393556832285, -23.036909761727919 ], [ -68.531620707529981, -23.038969999396244 ], [ -68.531654539880208, -23.040632211707361 ], [ -68.531615792847049, -23.041779317183135 ], [ -68.531294725083043, -23.044307607800157 ], [ -68.531024421115745, -23.046257959727221 ], [ -68.531327246791278, -23.049004917860319 ], [ -68.531782431230582, -23.050036121076992 ], [ -68.532389162356623, -23.05243173581724 ], [ -68.533729213401926, -23.054291978062331 ], [ -68.535000303477815, -23.055822263180275 ], [ -68.536199935267788, -23.056837585655575 ], [ -68.537703282065436, -23.057555569070434 ], [ -68.538460080352962, -23.058172052881378 ], [ -68.540024654523748, -23.058836025368084 ], [ -68.541093541914023, -23.059561739480451 ], [ -68.541850631255684, -23.060124039716843 ], [ -68.54260324608893, -23.060568886622118 ], [ -68.543425053656932, -23.061293869832191 ], [ -68.543542865011489, -23.061617729410354 ], [ -68.543819810223695, -23.062379032570885 ], [ -68.544216473913821, -23.063635731142437 ], [ -68.544665072803767, -23.064314566235396 ], [ -68.544500331662135, -23.065407067924774 ], [ -68.544034100639763, -23.066851086236191 ], [ -68.543381736893934, -23.068348659291782 ], [ -68.542479482497285, -23.069737170511004 ], [ -68.541095661039776, -23.071882996023461 ], [ -68.540199175623897, -23.07356062688245 ], [ -68.539361156159941, -23.075066742564694 ], [ -68.538899823650837, -23.076853893849375 ], [ -68.538496250119564, -23.078352242291601 ], [ -68.538459215275338, -23.07852152332822 ], [ -68.5386421949122, -23.080076849198225 ], [ -68.539248463405869, -23.081339907725514 ], [ -68.540006299247537, -23.08229983339411 ], [ -68.540814657239125, -23.083461848858338 ], [ -68.541976670279936, -23.084371251510792 ], [ -68.54293659741613, -23.084977519833558 ], [ -68.544199655655063, -23.085583787901182 ], [ -68.546927864325767, -23.085987967297488 ], [ -68.550464430988029, -23.086493190247044 ], [ -68.554152564099994, -23.086594235766 ], [ -68.562690846059652, -23.087099459742266 ], [ -68.569006143542495, -23.087453116304761 ], [ -68.575018306329397, -23.087857294211918 ], [ -68.580272633274575, -23.088109906955921 ], [ -68.584617558826722, -23.088337257358464 ], [ -68.587446812695504, -23.08828673526369 ], [ -68.591387557455249, -23.088286736090023 ], [ -68.594722033721311, -23.088387780260668 ], [ -68.596439794004226, -23.088337257358464 ], [ -68.598208078233682, -23.088034123678401 ], [ -68.600431062710499, -23.087629944650224 ], [ -68.602098301741833, -23.08722576605939 ], [ -68.603411883028983, -23.086670019855351 ], [ -68.60588747915358, -23.085861661469991 ], [ -68.608363077074813, -23.084901735616388 ], [ -68.610080837357728, -23.0845480797786 ], [ -68.610357141172813, -23.084476776806149 ], [ -68.611192623794395, -23.08408523659655 ], [ -68.611516521251559, -23.083932409350073 ], [ -68.612311486260552, -23.083347246502065 ], [ -68.613045262523968, -23.082816171174365 ], [ -68.613657282930419, -23.082402084474104 ], [ -68.614331985980741, -23.082051419413595 ], [ -68.614947344526783, -23.081754848064847 ], [ -68.615609607707057, -23.080825983997141 ], [ -68.616164823146505, -23.080637672016422 ], [ -68.616904549850361, -23.080395563780808 ], [ -68.617708972322674, -23.080325288313695 ], [ -68.619074562471496, -23.080364699007109 ], [ -68.620564552219193, -23.080395443951325 ], [ -68.621376650795611, -23.080668306159438 ], [ -68.622311541884827, -23.080878336908931 ], [ -68.623040675654877, -23.081133011427585 ], [ -68.623874009506267, -23.081424041456962 ], [ -68.625291666008977, -23.081815837337562 ], [ -68.62562278592101, -23.081906903449056 ], [ -68.627188074252444, -23.082570020822608 ], [ -68.628309109743284, -23.082780528737128 ], [ -68.628549640847126, -23.08294818611795 ], [ -68.628875527174316, -23.08317028691101 ], [ -68.630067364282581, -23.083787283879342 ], [ -68.631067170329175, -23.084169095075847 ], [ -68.632745595182442, -23.084308427993644 ], [ -68.634666996353758, -23.084159332965179 ], [ -68.635780839034098, -23.084080578249704 ], [ -68.63618421134278, -23.084077068581514 ], [ -68.636835400990535, -23.08406495125924 ], [ -68.638134478977406, -23.083869242676432 ], [ -68.638413476840029, -23.083864470280428 ], [ -68.63923224989901, -23.084649124280556 ], [ -68.640091130040474, -23.085710093989778 ], [ -68.641051054481721, -23.086568975219748 ], [ -68.641657322975391, -23.087377332656896 ], [ -68.642314114517291, -23.087983600643263 ], [ -68.64312247250885, -23.088539347200534 ], [ -68.644132919998313, -23.088842481393861 ], [ -68.644941277989901, -23.089044571302594 ], [ -68.645901202431133, -23.089347705182778 ], [ -68.646861127770691, -23.090055017940848 ], [ -68.647214784616594, -23.090358152021004 ], [ -68.647517919312591, -23.09111598794842 ], [ -68.648023142608153, -23.09182330214227 ], [ -68.648275754255934, -23.092631659377354 ], [ -68.648376799454041, -23.092985316256073 ], [ -68.648376799454041, -23.093692629700165 ], [ -68.648412601809696, -23.09453970959985 ], [ -68.648520996125143, -23.094973286516804 ], [ -68.648737782959401, -23.095381850213911 ], [ -68.649488291243287, -23.095915613471348 ], [ -68.650397694432954, -23.096723972528988 ], [ -68.651206052424541, -23.097380763315858 ], [ -68.651458664072322, -23.097987032444031 ], [ -68.651458664970633, -23.098593300488805 ], [ -68.651256575472743, -23.099351135415414 ], [ -68.651054485974853, -23.100159493632002 ], [ -68.651054485974853, -23.100816284974272 ], [ -68.651054485974853, -23.101473075583971 ], [ -68.65110500812473, -23.102230911615532 ], [ -68.651307097622635, -23.102584568013558 ], [ -68.65176179876832, -23.103089791358467 ], [ -68.652570156759879, -23.103392926601483 ], [ -68.653378514751438, -23.103544493140138 ], [ -68.65393426109523, -23.103898150210657 ], [ -68.654237395791228, -23.104049717831682 ], [ -68.654641573888682, -23.104352851734333 ], [ -68.655197321130785, -23.104554941448935 ], [ -68.656005677325737, -23.104807552544813 ], [ -68.656915081413715, -23.105009642401424 ], [ -68.657622394207181, -23.105161208768049 ], [ -68.658430753097079, -23.105312776616138 ], [ -68.659239111088624, -23.10546434429315 ], [ -68.659996946930306, -23.105767478307733 ], [ -68.660855827071757, -23.105969568372313 ], [ -68.661411573415563, -23.106424269492567 ], [ -68.661558574626966, -23.106865271543235 ], [ -68.661893892366308, -23.106373996290532 ], [ -68.663005543157382, -23.105788855155431 ], [ -68.663932312578126, -23.105301020630662 ], [ -68.664672207266932, -23.105177703354656 ], [ -68.665482307990146, -23.105225356941844 ], [ -68.666244755782515, -23.105296835638377 ], [ -68.666697460871617, -23.105249183729072 ], [ -68.667388427920159, -23.105177703354656 ], [ -68.668294252221742, -23.104893723186571 ], [ -68.668603579903305, -23.104772653790981 ], [ -68.669366028593984, -23.104582041177039 ], [ -68.669771078057281, -23.104534388187858 ], [ -68.670533526747917, -23.104605867252165 ], [ -68.671081536800486, -23.104748826919188 ], [ -68.671301500077575, -23.104799569219146 ], [ -68.67162954595473, -23.104677347104705 ], [ -68.672034597214648, -23.104319950766637 ], [ -68.672558779454292, -23.10391489944222 ], [ -68.673225921384883, -23.103605155237233 ], [ -68.673821584368312, -23.103366890041627 ], [ -68.674274287660793, -23.103128625249614 ], [ -68.674679338022415, -23.102890360034873 ], [ -68.67517969424577, -23.102413829989956 ], [ -68.675298827920443, -23.101961127277459 ], [ -68.675441786713051, -23.101508423039164 ], [ -68.6757277034, -23.101222504091123 ], [ -68.676132754659932, -23.100984239626488 ], [ -68.676704590728761, -23.100841280910068 ], [ -68.677300252813879, -23.100626842550188 ], [ -68.677895914899011, -23.100340924204481 ], [ -68.678825149296884, -23.100197965629686 ], [ -68.679411324274284, -23.100206782127596 ], [ -68.679934085379145, -23.100240727704929 ], [ -68.68054510506235, -23.100281462055861 ], [ -68.681726295337882, -23.100358329125608 ], [ -68.68211320601894, -23.100340924204481 ], [ -68.68285182779502, -23.100388577028923 ], [ -68.68390019407093, -23.100531537053428 ], [ -68.684519683070633, -23.100650668500663 ], [ -68.685329783793847, -23.100531536227159 ], [ -68.686163711431675, -23.100603015769195 ], [ -68.686830853362267, -23.100936586187053 ], [ -68.687505405495642, -23.101215302215373 ], [ -68.688117484292562, -23.101675207640536 ], [ -68.688902248033202, -23.101945470141434 ], [ -68.689642380775567, -23.102175564333464 ], [ -68.690309522706144, -23.102485309356606 ], [ -68.690952837722151, -23.102795053665382 ], [ -68.691715286412801, -23.103128624423316 ], [ -68.692239469550771, -23.103414542618811 ], [ -68.692787478705, -23.103509848548704 ], [ -68.693359314773843, -23.10360515441095 ], [ -68.693978804671872, -23.10370046103186 ], [ -68.69459829277325, -23.103891072418257 ], [ -68.695027170049457, -23.103938726461944 ], [ -68.695694312878373, -23.104248469897634 ], [ -68.696361454808965, -23.104367602179384 ], [ -68.696742678255973, -23.104510562100049 ], [ -68.697552778979187, -23.104867958757126 ], [ -68.698267573840653, -23.105177704180928 ], [ -68.699554204770962, -23.105821019571049 ], [ -68.703822276755602, -23.106834788791733 ], [ -68.705117693209374, -23.107392451925172 ], [ -68.705443445687607, -23.107671668478694 ], [ -68.706327632268952, -23.108137029763416 ], [ -68.706792994620415, -23.108648928040409 ], [ -68.707397964150175, -23.109253896215375 ], [ -68.707770252953381, -23.109998475298635 ], [ -68.708282150731506, -23.11051037308869 ], [ -68.70939901803942, -23.110603444828921 ], [ -68.710562421672307, -23.110417300457733 ], [ -68.71167928808191, -23.110277693042779 ], [ -68.712610010988215, -23.110231156654681 ], [ -68.713507956166424, -23.11019211495584 ], [ -68.713598490177404, -23.110229586823841 ], [ -68.714173176600625, -23.110361608708502 ], [ -68.715469526403979, -23.110657511294956 ], [ -68.716535339759346, -23.111210509407702 ], [ -68.717595700340951, -23.111429157806249 ], [ -68.718343071707878, -23.111584044108522 ], [ -68.720900478303719, -23.11216675322521 ], [ -68.721306242825989, -23.112208096183743 ], [ -68.722767807183132, -23.11235970730263 ], [ -68.725377339421641, -23.11254497897886 ], [ -68.727930107117359, -23.112436475749341 ], [ -68.728468486331749, -23.112414759560075 ], [ -68.729101514739426, -23.112388837114551 ], [ -68.730835555190239, -23.112391730514151 ], [ -68.733446317222374, -23.11256777004937 ], [ -68.73532316914212, -23.113221391683211 ], [ -68.737011559905142, -23.113829463960425 ], [ -68.737769665241402, -23.11379002590348 ], [ -68.738004958268832, -23.1142827413554 ], [ -68.73842016498304, -23.115155081241177 ], [ -68.739000561996534, -23.116122635599307 ], [ -68.739255418534214, -23.116597324991485 ], [ -68.739581957936622, -23.117198598179947 ], [ -68.739827120754072, -23.117682299879306 ], [ -68.740100743996351, -23.11822014174237 ], [ -68.740268743327533, -23.11876698509705 ], [ -68.740435000825372, -23.119304797001938 ], [ -68.740675122297446, -23.119792928458239 ], [ -68.741278272738768, -23.121013443891986 ], [ -68.741533235277643, -23.121483542377749 ], [ -68.74186042775527, -23.122089326780561 ], [ -68.742104807241788, -23.122573023244584 ], [ -68.742378529298747, -23.123110860377196 ], [ -68.742377399218128, -23.123702639252809 ], [ -68.743339766178636, -23.125122424364591 ], [ -68.744041895692916, -23.126026812058456 ], [ -68.745112984853932, -23.126751233996732 ], [ -68.748804789380458, -23.126477140290284 ], [ -68.75042979142377, -23.124840167577208 ], [ -68.752203549986575, -23.124260286010387 ], [ -68.75249424481251, -23.124161359791255 ], [ -68.754851670256429, -23.12484710216961 ], [ -68.756322984029339, -23.12607786189669 ], [ -68.757941943105763, -23.127444404007701 ], [ -68.760031974225569, -23.128490928924702 ], [ -68.760297271881811, -23.129313401721351 ], [ -68.760118689498256, -23.129850594731504 ], [ -68.759569322091323, -23.131511879435056 ], [ -68.759568347419233, -23.132103509729593 ], [ -68.75984458475898, -23.133255671957563 ], [ -68.759978564890346, -23.133820498129865 ], [ -68.76029534050393, -23.135532754291216 ], [ -68.760401222231536, -23.136106565921484 ], [ -68.760996981334699, -23.137168856360386 ], [ -68.760995933000757, -23.137760559999176 ], [ -68.762135128833378, -23.138764912167989 ], [ -68.762851420288101, -23.139791242822078 ], [ -68.763101717875699, -23.139874674141243 ], [ -68.763985904457044, -23.139921210160878 ], [ -68.76477701928674, -23.14015389084275 ], [ -68.765639663369242, -23.140242579693432 ], [ -68.766731535952687, -23.140526180250244 ], [ -68.767422535340572, -23.140758725237831 ], [ -68.768153482809183, -23.140844718325617 ], [ -68.768837999953988, -23.141004829224457 ], [ -68.769271403840918, -23.141124198990578 ], [ -68.770045349170559, -23.141231691081181 ], [ -68.770860065437731, -23.141071215344962 ], [ -68.77217853445832, -23.14056048652202 ], [ -68.773013914671964, -23.140107355729903 ], [ -68.775154576637803, -23.13922316734438 ], [ -68.776989356859531, -23.138716370094315 ], [ -68.777935289141922, -23.138587378807301 ], [ -68.778541813655451, -23.138583808609827 ], [ -68.77892400368971, -23.138618198809862 ], [ -68.779279902730551, -23.138553371887618 ], [ -68.779482437792808, -23.13833898138833 ], [ -68.77994093791385, -23.137865666657 ], [ -68.780878522152292, -23.137408258508174 ], [ -68.805347803143334, -23.125343765601237 ], [ -68.808619876141535, -23.123889511206428 ], [ -68.811455670643937, -23.123016959595475 ], [ -68.813985876252971, -23.122484286358596 ], [ -68.814218754608888, -23.122435256746126 ], [ -68.818363378310593, -23.1220716941795 ], [ -68.820762897910399, -23.121998981052254 ], [ -68.823089706074484, -23.121708129801629 ], [ -68.823938473880787, -23.121493210898624 ], [ -68.825052948076788, -23.12083557722427 ], [ -68.827307043008517, -23.118945047004821 ], [ -68.828761296875882, -23.117636218805409 ], [ -68.829997412842815, -23.116109252138695 ], [ -68.832178794542187, -23.113200742256105 ], [ -68.834069325108757, -23.110219520902685 ], [ -68.834796452042454, -23.109637819597864 ], [ -68.835378153409735, -23.109419682198173 ], [ -68.83646884381028, -23.109056118251516 ], [ -68.836905119611146, -23.108474416863736 ], [ -68.837239067419702, -23.107683504402118 ], [ -68.837557263269758, -23.107068325837584 ], [ -68.838257295217829, -23.106728916679689 ], [ -68.839246638586332, -23.106476436440481 ], [ -68.84041678407543, -23.106504058796911 ], [ -68.841995010841913, -23.106293036111229 ], [ -68.842911441552033, -23.106045856288723 ], [ -68.843810875238688, -23.105740387907613 ], [ -68.844506663545374, -23.105350067243055 ], [ -68.844976230910675, -23.104911493550695 ], [ -68.845485219943939, -23.104111653800313 ], [ -68.845630645510326, -23.103166389109557 ], [ -68.845994208078864, -23.102293835822234 ], [ -68.846430484778054, -23.101566709674366 ], [ -68.84650319801041, -23.100766869009419 ], [ -68.846037585927306, -23.099436755941422 ], [ -68.845557933176295, -23.098512775210342 ], [ -68.845069882974002, -23.097624136601347 ], [ -68.844418760699867, -23.096321891202003 ], [ -68.844107353418423, -23.094963026919483 ], [ -68.8440507344027, -23.093660781343239 ], [ -68.84407081085098, -23.092728856999823 ], [ -68.844249103977006, -23.091168791341865 ], [ -68.844103678410605, -23.089496398632587 ], [ -68.843658141877441, -23.087344415962797 ], [ -68.843318731413646, -23.086818332005116 ], [ -68.842758707292489, -23.086529834916192 ], [ -68.842147770254272, -23.086428010905294 ], [ -68.8409258979745, -23.086648627569879 ], [ -68.839432498221981, -23.086852272701176 ], [ -68.838433901307752, -23.086824660352324 ], [ -68.837820305256315, -23.0865637756851 ], [ -68.836937841643689, -23.08608860248772 ], [ -68.83595355579024, -23.085494636521197 ], [ -68.835719185332621, -23.085313782548731 ], [ -68.83633756850621, -23.084488019775876 ], [ -68.837075655784687, -23.083445442508751 ], [ -68.836961374809178, -23.0833639974691 ], [ -68.837202881483435, -23.082939702351098 ], [ -68.836961990155174, -23.082853613490805 ], [ -68.836962088071502, -23.082772360642824 ], [ -68.836962735756842, -23.082234817298961 ], [ -68.836963443629287, -23.081647694272736 ], [ -68.83594218132211, -23.079952901358194 ], [ -68.835771551723781, -23.079446853032309 ], [ -68.834223118482029, -23.077457937441544 ], [ -68.83268759313259, -23.075934117318951 ], [ -68.832604735225729, -23.075351417993765 ], [ -68.832469776829029, -23.074407243563606 ], [ -68.832407314272359, -23.07382456654878 ], [ -68.832252671991156, -23.072374573406417 ], [ -68.832253321473104, -23.071787375097085 ], [ -68.831787224299731, -23.070486087691584 ], [ -68.831596656593675, -23.06995744264745 ], [ -68.831053939414772, -23.06873281111606 ], [ -68.830830317299515, -23.068226773467373 ], [ -68.829733406963967, -23.067109955315903 ], [ -68.828538542533209, -23.065238728300347 ], [ -68.828061145451883, -23.064253550016655 ], [ -68.827822964340811, -23.063765549033334 ], [ -68.826979197455685, -23.062486331477675 ], [ -68.826674137670039, -23.062020826180209 ], [ -68.826441357230451, -23.060882357634892 ], [ -68.82634220837592, -23.06030866597413 ], [ -68.826085808532582, -23.058822365922587 ], [ -68.826015138967492, -23.058244190559265 ], [ -68.825856962713956, -23.056934120630086 ], [ -68.825855638597218, -23.056346992972234 ], [ -68.825849183303589, -23.05378151105662 ], [ -68.825821789179003, -23.05319428120513 ], [ -68.825729506148178, -23.051206875368749 ], [ -68.825690598316598, -23.050619706201466 ], [ -68.825542799401219, -23.048401797980578 ], [ -68.825465744611094, -23.047819100942821 ], [ -68.825258254441707, -23.046256037835889 ], [ -68.825258938957958, -23.04566439736659 ], [ -68.8255540597833, -23.045122663559674 ], [ -68.826193863284843, -23.044545270047792 ], [ -68.827676474270802, -23.044144917451266 ], [ -68.829542311048527, -23.044652812145252 ], [ -68.830750490308432, -23.04424761993652 ], [ -68.831815458349112, -23.04364349918837 ], [ -68.831740840688354, -23.042301997063035 ], [ -68.83174165546032, -23.041710355758219 ], [ -68.832326311386581, -23.040495948398217 ], [ -68.832570973842408, -23.039990260088423 ], [ -68.832655238511009, -23.039159312908861 ], [ -68.832730578417255, -23.038362099425161 ], [ -68.832671670494193, -23.038214829198814 ], [ -68.832263694319707, -23.037643662337572 ], [ -68.831855718145221, -23.036705318491144 ], [ -68.831202955547369, -23.035766973070061 ], [ -68.83059099083647, -23.034828627728025 ], [ -68.829979028820532, -23.0338494850205 ], [ -68.829081480697667, -23.032584758930948 ], [ -68.828347123224248, -23.031320033373085 ], [ -68.827571968762214, -23.030422485323392 ], [ -68.826184849589296, -23.029484139970819 ], [ -68.825205705692525, -23.02842340243485 ], [ -68.824267361479343, -23.02719947367563 ], [ -68.823696195553708, -23.025730759377293 ], [ -68.823451410028682, -23.024670021242617 ], [ -68.823247421492283, -23.023446093130236 ], [ -68.823084231741149, -23.02230375913015 ], [ -68.823247421492283, -23.021365415139744 ], [ -68.823329016367865, -23.020386272194383 ], [ -68.823165826616716, -23.01928473646036 ], [ -68.822513064917203, -23.0183463913046 ], [ -68.821533921020446, -23.017734427221701 ], [ -68.820758766558413, -23.017652832462286 ], [ -68.820187599734453, -23.017081666110492 ], [ -68.819902017220784, -23.016551295898026 ], [ -68.819902016322473, -23.016061724786699 ], [ -68.819779624458292, -23.015327367681536 ], [ -68.81969802958271, -23.014837795434879 ], [ -68.81924925462296, -23.014185034360477 ], [ -68.818436028660855, -23.01363179697324 ], [ -68.817710548339093, -23.012802675819643 ], [ -68.816829607370877, -23.011921734591223 ], [ -68.816311406114423, -23.011299894589225 ], [ -68.815793206654561, -23.010470773159533 ], [ -68.815741385540761, -23.00933073289924 ], [ -68.815326825613568, -23.008294332346249 ], [ -68.814149552890996, -23.007004654168821 ], [ -68.813659981840928, -23.006474284853525 ], [ -68.812884827378895, -23.006066308755944 ], [ -68.811497708205977, -23.005372749618715 ], [ -68.807336351585505, -23.003292071491767 ], [ -68.805240661977706, -23.002545738519281 ], [ -68.803501375365627, -23.001864154533216 ], [ -68.802603828141073, -23.001374583873933 ], [ -68.802399839604675, -23.000721821335102 ], [ -68.802056102854465, -22.999999973651338 ], [ -68.8019918643285, -22.999865071707138 ], [ -68.801802036834232, -22.999191649829179 ], [ -68.801778046426264, -22.998711841916652 ], [ -68.80206593042368, -22.998160061783885 ], [ -68.802785643561307, -22.997752225109874 ], [ -68.803732693347911, -22.997318113476886 ], [ -68.80408112559212, -22.996960541215177 ], [ -68.803950149427067, -22.996152488617465 ], [ -68.803793239798068, -22.995425154616541 ], [ -68.803883489941413, -22.994553502220278 ], [ -68.80420107673369, -22.993817797573652 ], [ -68.804687739937179, -22.993146065576809 ], [ -68.805088722727191, -22.992570296059913 ], [ -68.805582053226701, -22.99129757241554 ], [ -68.806805982648498, -22.98803376405861 ], [ -68.807336351585505, -22.986850632016665 ], [ -68.807662731986099, -22.985993882856718 ], [ -68.807948316296375, -22.984443572420449 ], [ -68.808193100923106, -22.983219644140668 ], [ -68.808437887346443, -22.981873323209225 ], [ -68.808560280108964, -22.980771787395422 ], [ -68.808641874984545, -22.979670252524912 ], [ -68.808845863520929, -22.978487121665164 ], [ -68.809539422209099, -22.976610431533231 ], [ -68.810955626135978, -22.973825914096153 ], [ -68.812574183665433, -22.971211320843874 ], [ -68.813819227987977, -22.969343754227165 ], [ -68.814815263805329, -22.967849701545532 ], [ -68.816558326036557, -22.96585762960515 ], [ -68.81780336946079, -22.964737090042622 ], [ -68.819048413783321, -22.963616549465041 ], [ -68.820542467509355, -22.963118532493642 ], [ -68.82203652123539, -22.962371505251767 ], [ -68.823032557052727, -22.960877452449161 ], [ -68.824467798077123, -22.959706116035175 ], [ -68.824786180776755, -22.958835870971576 ], [ -68.824900123087389, -22.958013850395481 ], [ -68.82477561838563, -22.956893310356783 ], [ -68.825019661902246, -22.955800626052131 ], [ -68.82577165510132, -22.955150248097087 ], [ -68.827258911275578, -22.95415874332237 ], [ -68.828386247549815, -22.953407185711274 ], [ -68.829382282468856, -22.951664124028667 ], [ -68.829413445924388, -22.951644292748885 ], [ -68.830751831493146, -22.950792593038173 ], [ -68.833117416334787, -22.95091709721823 ], [ -68.83563339801961, -22.951089620421023 ], [ -68.837312745442674, -22.950508308119385 ], [ -68.839225565906389, -22.948783565037047 ], [ -68.842673739243025, -22.94714961380798 ], [ -68.845515712357923, -22.944888953133564 ], [ -68.849801010436465, -22.940458723165086 ], [ -68.854781188624941, -22.936101069068048 ], [ -68.861404923558922, -22.93106663189085 ], [ -68.864953300372221, -22.927231775214725 ], [ -68.866249194729718, -22.924995143649095 ], [ -68.867282639988773, -22.921894810157156 ], [ -68.867923404687687, -22.917751851783141 ], [ -68.868696446312171, -22.91539204282936 ], [ -68.869103308575717, -22.91303223416034 ], [ -68.868899877893099, -22.91160821035799 ], [ -68.868248895756153, -22.910957229567455 ], [ -68.867597913619207, -22.910387620569757 ], [ -68.867353795542428, -22.909248402841641 ], [ -68.86751654062752, -22.908231244016307 ], [ -68.867854155359041, -22.906967029275002 ], [ -68.867978659162489, -22.905970992929777 ], [ -68.868471489300404, -22.905146859079505 ], [ -68.869239031438724, -22.904562066108756 ], [ -68.869471356432442, -22.90427493771303 ], [ -68.87011622194062, -22.903209730307712 ], [ -68.923706834487334, -22.830241308903449 ], [ -68.926666611770301, -22.826153439116229 ], [ -68.930044481156145, -22.821605625059391 ], [ -68.967234745596784, -22.772058407526256 ], [ -68.982926343604944, -22.749999942181713 ], [ -68.986441234817732, -22.745058884214441 ], [ -69.000000065254724, -22.738361397698483 ], [ -69.139144725274463, -22.669637954649829 ], [ -69.150892371537324, -22.663071154298027 ], [ -69.154813616567182, -22.656504430951248 ], [ -69.158397266628441, -22.649626158471939 ], [ -69.165348388974451, -22.643783322127611 ], [ -69.171625374208759, -22.637529807208676 ], [ -69.17499022161627, -22.636067233814138 ], [ -69.180367552178353, -22.629186493412011 ], [ -69.184395047245076, -22.620012595058373 ], [ -69.187981460524142, -22.616882747219154 ], [ -69.190889014248057, -22.6097967118003 ], [ -69.191778820689805, -22.604172132493833 ], [ -69.194012011824867, -22.596666781076372 ], [ -69.193777081716817, -22.589168978542709 ], [ -69.189950334963271, -22.579796377759774 ], [ -69.190757867403093, -22.576335436911457 ], [ -69.170110655637927, -22.518571804344553 ], [ -69.169944216680392, -22.518085389089642 ], [ -69.155804038812335, -22.475255202407006 ], [ -69.147002152520727, -22.455064204650515 ], [ -69.155819737770216, -22.356516547409399 ], [ -69.171767556856977, -22.327107759649095 ], [ -69.173725351475397, -22.285611666904479 ], [ -69.176714911503282, -22.228042109786141 ], [ -69.038387374337333, -22.008045658441699 ], [ -69.00193615657588, -21.939075495766573 ], [ -68.932444653831169, -21.828689396866697 ], [ -68.992637988819041, -21.63607982899487 ], [ -68.936252918646076, -21.434865761499537 ], [ -68.859679729717016, -21.28498313372236 ], [ -68.781087587966681, -21.231428193150556 ], [ -68.731976400329714, -21.197926639038418 ], [ -68.726302677826141, -21.194054929447596 ], [ -68.643375186564583, -21.137402178323132 ], [ -68.615477920076302, -21.118330803816988 ], [ -68.611234105299275, -21.115425252291377 ], [ -68.609066033937466, -21.113943018496354 ], [ -68.579923017050817, -21.094009036731933 ], [ -68.572969279709014, -21.089913544325597 ], [ -68.566667230579966, -21.08592615548239 ], [ -68.564909396452222, -21.084717792874674 ], [ -68.56351810280816, -21.083761395413667 ], [ -68.56216772652698, -21.082833126260162 ], [ -68.561009469342366, -21.082036921260865 ], [ -68.559790040480166, -21.081198666590247 ], [ -68.558752087475014, -21.080485161061173 ], [ -68.557625698923403, -21.079710863276748 ], [ -68.556784455405904, -21.079132579818378 ], [ -68.555392824893616, -21.078175951952176 ], [ -68.554261730068248, -21.07739841753018 ], [ -68.553158062605135, -21.076639740628611 ], [ -68.551020518691629, -21.075170359493271 ], [ -68.549572993205729, -21.074175308399845 ], [ -68.544535054242814, -21.070712149052056 ], [ -68.543343551307814, -21.069893091979232 ], [ -68.541724398195342, -21.068780060407104 ], [ -68.540281688577679, -21.067788318786711 ], [ -68.538690015828024, -21.066694177902207 ], [ -68.537520060781773, -21.065889932046133 ], [ -68.537340930425913, -21.065766794707937 ], [ -68.536975767059559, -21.065515775894177 ], [ -68.536438356229041, -21.065146352585227 ], [ -68.535760235089043, -21.064680200289878 ], [ -68.535759976374237, -21.064680021735054 ], [ -68.535759537098059, -21.064679067766022 ], [ -68.53552272681614, -21.064164861639757 ], [ -68.532663537488787, -21.066164981124249 ], [ -68.48596996691137, -21.177639416102728 ], [ -68.467896008023644, -21.220738476897505 ], [ -68.467966583265621, -21.221083399474828 ], [ -68.4776780847493, -21.232533327749806 ], [ -68.491783609206962, -21.249999925157237 ], [ -68.500000004139068, -21.260175131831645 ], [ -68.514603230298448, -21.278259812439501 ], [ -68.502906222966473, -21.391652865644925 ], [ -68.505652203008452, -21.405042081512267 ], [ -68.519569256427928, -21.526072250830907 ], [ -68.521905116915136, -21.546368111315939 ], [ -68.47335878364062, -21.585780221598277 ], [ -68.44997661056874, -21.60475004546095 ], [ -68.395354586548791, -21.653135147699228 ], [ -68.36345528414725, -21.664545917383869 ], [ -68.311626946100745, -21.692602336128751 ], [ -68.316835777868363, -21.749999986869764 ], [ -68.319585733853785, -21.780302564822154 ], [ -68.343089354660478, -21.883790352917806 ], [ -68.338660430341051, -21.884468748006128 ], [ -68.340249771064222, -21.889260283710719 ], [ -68.192827204871605, -21.905863102308778 ], [ -68.07110928734032, -21.98212104148817 ], [ -68.052316603461762, -21.996205199187706 ], [ -68.042463638880406, -22.003587470032425 ], [ -68.042329602155178, -22.003698906316316 ], [ -68.03336388920691, -22.01028333290515 ], [ -68.021390300480448, -22.019062053416217 ], [ -68.015614215848544, -22.023153357032392 ], [ -68.015531029158296, -22.02335718502804 ], [ -68.01459722323392, -22.024041666371286 ], [ -68.014514748907686, -22.024431364378486 ], [ -68.013886572300876, -22.024793041516784 ], [ -68.013696214800589, -22.025116648303889 ], [ -68.013429715198512, -22.025497362938907 ], [ -68.013315501596665, -22.02593518329585 ], [ -68.013448750499379, -22.026373003964842 ], [ -68.013505857300302, -22.026848896416343 ], [ -68.013734286300647, -22.02726768191647 ], [ -68.013840923511395, -22.027498252493839 ], [ -68.013916082856269, -22.027660761968068 ], [ -68.014002507973117, -22.02850739125871 ], [ -68.014051027778251, -22.029274916021599 ], [ -68.013971444230606, -22.02966163927681 ], [ -68.013837630287554, -22.030105399088598 ], [ -68.013412278898841, -22.030447018891987 ], [ -68.012878861978095, -22.030845347093194 ], [ -68.012872810926325, -22.030851824005879 ], [ -68.012499200701342, -22.031251772373686 ], [ -68.012281732045793, -22.031558787486581 ], [ -68.012028476305943, -22.032032504945484 ], [ -68.0117139132429, -22.032480345112688 ], [ -68.011211843932301, -22.032792813482075 ], [ -68.01082020362125, -22.032971230794718 ], [ -68.010522776820565, -22.033127252183192 ] ] ] } },
{ "type": "Feature", "properties": { "capa": "colegios", "popup": "<strong>COL  LEONARDO DA VINCI</strong><br><br><strong>Dirección:</strong> CAMINO VECINAL 286", "etiqueta": "" }, "geometry": { "type": "Point", "coordinates": [ -68.9313, -22.483597 ] } },
{ "type": "Feature", "properties": { "capa": "colegios", "popup": "<strong>COLEGIO CHUQUICAMATA</strong><br><br><strong>Dirección:</strong> AVENIDA JORGE ALESSANDRI 1290", "etiqueta": "" }, "geometry": { "type": "Point", "coordinates": [ -68.91212, -22.478863 ] } },
{ "type": "Feature", "properties": { "capa": "colegios", "popup": "<strong>ESCUELA DE PÁRVULOS CHUQUICAMATA</strong><br><br><strong>Dirección:</strong> AVENIDA JORGE ALESSANDRI 1290", "etiqueta": "" }, "geometry": { "type": "Point", "coordinates": [ -68.91212, -22.478862 ] } },
{ "type": "Feature", "properties": { "capa": "colegios", "popup": "<strong>ESCUELA DE PARVULOS LAS ABEJITAS</strong><br><br><strong>Dirección:</strong> AVENIDA GRECIA 545", "etiqueta": "" }, "geometry": { "type": "Point", "coordinates": [ -68.92974854, -22.477556230000012 ] } },
{ "type": "Feature", "properties": { "capa": "colegios", "popup": "<strong>ESCUELA BASICA VADO DE TOPATER</strong><br><br><strong>Dirección:</strong> AVENIDA GRECIA 573", "etiqueta": "" }, "geometry": { "type": "Point", "coordinates": [ -68.929062, -22.47698 ] } },
{ "type": "Feature", "properties": { "capa": "colegios", "popup": "<strong>ESCUELA BASICA REPUBLICA DE FRANCIA</strong><br><br><strong>Dirección:</strong> PEINE 782", "etiqueta": "" }, "geometry": { "type": "Point", "coordinates": [ -68.932648, -22.474831 ] } },
{ "type": "Feature", "properties": { "capa": "colegios", "popup": "<strong>COLEGIO ECOLOGICO MONTESSORI</strong><br><br><strong>Dirección:</strong> ACONCAGUA 3009", "etiqueta": "" }, "geometry": { "type": "Point", "coordinates": [ -68.937271, -22.472321 ] } },
{ "type": "Feature", "properties": { "capa": "colegios", "popup": "<strong>ESCUELA LAPICITO DE COLOR</strong><br><br><strong>Dirección:</strong> AVENIDA LAS VEGAS 1019", "etiqueta": "" }, "geometry": { "type": "Point", "coordinates": [ -68.936646, -22.471968 ] } },
{ "type": "Feature", "properties": { "capa": "colegios", "popup": "<strong>LICEO BICENTENARIO DIEGO PORTALES PALAZUELOS</strong><br><br><strong>Dirección:</strong> VALDIVIA 1201", "etiqueta": "" }, "geometry": { "type": "Point", "coordinates": [ -68.929382, -22.47016 ] } },
{ "type": "Feature", "properties": { "capa": "colegios", "popup": "<strong>INSTITUTO ANTONIO VARAS</strong><br><br><strong>Dirección:</strong> PUNTA ARENAS 2470", "etiqueta": "" }, "geometry": { "type": "Point", "coordinates": [ -68.930969, -22.469792 ] } },
{ "type": "Feature", "properties": { "capa": "colegios", "popup": "<strong>INSTITUTO OBISPO SILVA LEZAETA</strong><br><br><strong>Dirección:</strong> AVENIDA BERNARDO O'HIGGINS 1256", "etiqueta": "" }, "geometry": { "type": "Point", "coordinates": [ -68.926529, -22.46957 ] } },
{ "type": "Feature", "properties": { "capa": "colegios", "popup": "<strong>ESC.DE PARVULOS LA CASITA DE CHOCOLATE</strong><br><br><strong>Dirección:</strong> COBIJA 2513", "etiqueta": "" }, "geometry": { "type": "Point", "coordinates": [ -68.933495, -22.468325 ] } },
{ "type": "Feature", "properties": { "capa": "colegios", "popup": "<strong>COLEGIO PADRE ALBERTO HURTADO</strong><br><br><strong>Dirección:</strong> AVENIDA GRECIA 1188", "etiqueta": "" }, "geometry": { "type": "Point", "coordinates": [ -68.932907, -22.468269 ] } },
{ "type": "Feature", "properties": { "capa": "colegios", "popup": "<strong>ESCUELA DE PARVULOS INTI PANNI</strong><br><br><strong>Dirección:</strong> PAULA JARAQUEMADA 2808", "etiqueta": "" }, "geometry": { "type": "Point", "coordinates": [ -68.936257, -22.467109 ] } },
{ "type": "Feature", "properties": { "capa": "colegios", "popup": "<strong>ESCUELA DE PÀRVULOS DREAM SCHOOL</strong><br><br><strong>Dirección:</strong> AVENIDA ECUADOR 1353", "etiqueta": "" }, "geometry": { "type": "Point", "coordinates": [ -68.91992, -22.466639 ] } },
{ "type": "Feature", "properties": { "capa": "colegios", "popup": "<strong>COLEGIO EVANGELICO EJERCITO DE SALVACION CATHERINE BOOTH</strong><br><br><strong>Dirección:</strong> IRENE FREI 2875", "etiqueta": "" }, "geometry": { "type": "Point", "coordinates": [ -68.93676, -22.466619 ] } },
{ "type": "Feature", "properties": { "capa": "colegios", "popup": "<strong>COLEGIO ADVENTISTA DE CALAMA</strong><br><br><strong>Dirección:</strong> ABAROA 1490", "etiqueta": "" }, "geometry": { "type": "Point", "coordinates": [ -68.926689, -22.465719 ] } },
{ "type": "Feature", "properties": { "capa": "colegios", "popup": "<strong>ESC. PARV. JESUS DE NAZARETH</strong><br><br><strong>Dirección:</strong> AVENIDA MATTA 1701", "etiqueta": "" }, "geometry": { "type": "Point", "coordinates": [ -68.92174, -22.464136 ] } },
{ "type": "Feature", "properties": { "capa": "colegios", "popup": "<strong>ESCUELA DE PARVULOS PLANETA TIERRA</strong><br><br><strong>Dirección:</strong> VICUÑA MACKENNA 2407", "etiqueta": "" }, "geometry": { "type": "Point", "coordinates": [ -68.930968, -22.463609 ] } },
{ "type": "Feature", "properties": { "capa": "colegios", "popup": "<strong>ESCUELA DE PARVULOS PLANETA TIERRA II</strong><br><br><strong>Dirección:</strong> VICUÑA MACKENNA 2277", "etiqueta": "" }, "geometry": { "type": "Point", "coordinates": [ -68.929052, -22.463462 ] } },
{ "type": "Feature", "properties": { "capa": "colegios", "popup": "<strong>ESCUELA REPUBLICA DE BOLIVIA</strong><br><br><strong>Dirección:</strong> SOTOMAYOR 2254", "etiqueta": "" }, "geometry": { "type": "Point", "coordinates": [ -68.928589, -22.4627 ] } },
{ "type": "Feature", "properties": { "capa": "colegios", "popup": "<strong>ESCUELA DE PARVULOS KING LIONS SCHOOL</strong><br><br><strong>Dirección:</strong> ANIBAL PINTO 1698", "etiqueta": "" }, "geometry": { "type": "Point", "coordinates": [ -68.93063, -22.46265 ] } },
{ "type": "Feature", "properties": { "capa": "colegios", "popup": "<strong>ESCUELA BASICA VALENTIN LETELIER</strong><br><br><strong>Dirección:</strong> PUCON 1850", "etiqueta": "" }, "geometry": { "type": "Point", "coordinates": [ -68.945999, -22.462641 ] } },
{ "type": "Feature", "properties": { "capa": "colegios", "popup": "<strong>J Y N SCHOOL</strong><br><br><strong>Dirección:</strong> VARGAS 3485", "etiqueta": "" }, "geometry": { "type": "Point", "coordinates": [ -68.944406, -22.461736 ] } },
{ "type": "Feature", "properties": { "capa": "colegios", "popup": "<strong>FUNDACION EDUCACIONAL COLEGIO NUESTRA SEÑORA DE AYQUINA</strong><br><br><strong>Dirección:</strong> ELEUTERIO RAMIREZ 2188", "etiqueta": "" }, "geometry": { "type": "Point", "coordinates": [ -68.927673, -22.461519 ] } },
{ "type": "Feature", "properties": { "capa": "colegios", "popup": "<strong>CENTRO EDUC.INTEGRAL DE ADULTOS C.E.I.A</strong><br><br><strong>Dirección:</strong> BANADOS ESPINOZA 1896", "etiqueta": "" }, "geometry": { "type": "Point", "coordinates": [ -68.92471313, -22.46032524 ] } },
{ "type": "Feature", "properties": { "capa": "colegios", "popup": "<strong>ESCUELA GRECIA</strong><br><br><strong>Dirección:</strong> AVENIDA GRECIA 2128", "etiqueta": "" }, "geometry": { "type": "Point", "coordinates": [ -68.933693, -22.4603 ] } },
{ "type": "Feature", "properties": { "capa": "colegios", "popup": "<strong>ESCUELA DE PARVULOS RENATITO</strong><br><br><strong>Dirección:</strong> BANADOS ESPINOZA 1861", "etiqueta": "" }, "geometry": { "type": "Point", "coordinates": [ -68.92374, -22.460001 ] } },
{ "type": "Feature", "properties": { "capa": "colegios", "popup": "<strong>COLEGIO EJERCITO DE SALVACION</strong><br><br><strong>Dirección:</strong> ANIBAL PINTO 2121", "etiqueta": "" }, "geometry": { "type": "Point", "coordinates": [ -68.930656, -22.4599 ] } },
{ "type": "Feature", "properties": { "capa": "colegios", "popup": "<strong>ANEXO LICEO NOCTURNO</strong><br><br><strong>Dirección:</strong> GRANADEROS 2107", "etiqueta": "" }, "geometry": { "type": "Point", "coordinates": [ -68.92844, -22.459785 ] } },
{ "type": "Feature", "properties": { "capa": "colegios", "popup": "<strong>ESCUELA BASICA PRESIDENTE BALMACEDA</strong><br><br><strong>Dirección:</strong> AVENIDA BALMACEDA 2054", "etiqueta": "" }, "geometry": { "type": "Point", "coordinates": [ -68.922813, -22.45923 ] } },
{ "type": "Feature", "properties": { "capa": "colegios", "popup": "<strong>LICEO BICENTENARIO POLITECNICO CESAREO AGUIRRE GOYENECHEA</strong><br><br><strong>Dirección:</strong> AVENIDA MATTA 2045", "etiqueta": "" }, "geometry": { "type": "Point", "coordinates": [ -68.920486, -22.458759 ] } },
{ "type": "Feature", "properties": { "capa": "colegios", "popup": "<strong>AULA HOSPITALARIA SAN CARLOS</strong><br><br><strong>Dirección:</strong> CARLOS CISTERNAS 2253", "etiqueta": "" }, "geometry": { "type": "Point", "coordinates": [ -68.93084, -22.458693 ] } },
{ "type": "Feature", "properties": { "capa": "colegios", "popup": "<strong>LICEO BICENTENARIO COLEGIO RÍO LOA</strong><br><br><strong>Dirección:</strong> CHACABUCO 3780", "etiqueta": "" }, "geometry": { "type": "Point", "coordinates": [ -68.947968, -22.458561 ] } },
{ "type": "Feature", "properties": { "capa": "colegios", "popup": "<strong>LICEO ELEUTERIO RAMIREZ MOLINA</strong><br><br><strong>Dirección:</strong> VIVAR 2137", "etiqueta": "" }, "geometry": { "type": "Point", "coordinates": [ -68.924637, -22.458389 ] } },
{ "type": "Feature", "properties": { "capa": "colegios", "popup": "<strong>ESCUELA DE PARVULOS LOS CONEJITOS</strong><br><br><strong>Dirección:</strong> ANTOFAGASTA 1876", "etiqueta": "" }, "geometry": { "type": "Point", "coordinates": [ -68.92401123, -22.45832062 ] } },
{ "type": "Feature", "properties": { "capa": "colegios", "popup": "<strong>LICEO FRANCISCO DE AGUIRRE</strong><br><br><strong>Dirección:</strong> ANIBAL PINTO 2278", "etiqueta": "" }, "geometry": { "type": "Point", "coordinates": [ -68.931236, -22.45826 ] } },
{ "type": "Feature", "properties": { "capa": "colegios", "popup": "<strong>ESCUELA DE PARVULOS LOS ENANITOS</strong><br><br><strong>Dirección:</strong> CHACABUCO 3048", "etiqueta": "" }, "geometry": { "type": "Point", "coordinates": [ -68.93946837999998, -22.45796585 ] } },
{ "type": "Feature", "properties": { "capa": "colegios", "popup": "<strong>ESCUELA BASICA ANDRES BELLO</strong><br><br><strong>Dirección:</strong> LOS CHAÑARES 1297", "etiqueta": "" }, "geometry": { "type": "Point", "coordinates": [ -68.916397, -22.45573 ] } },
{ "type": "Feature", "properties": { "capa": "colegios", "popup": "<strong>LICEO BICENTENARIO LUIS CRUZ MARTINEZ</strong><br><br><strong>Dirección:</strong> LATORRE 2550", "etiqueta": "" }, "geometry": { "type": "Point", "coordinates": [ -68.926651, -22.455099 ] } },
{ "type": "Feature", "properties": { "capa": "colegios", "popup": "<strong>ESCUELA DE PARVULOS SAINT PATRICK S SCH.</strong><br><br><strong>Dirección:</strong> VASCO DA GAMA 2696", "etiqueta": "" }, "geometry": { "type": "Point", "coordinates": [ -68.93594, -22.454521 ] } },
{ "type": "Feature", "properties": { "capa": "colegios", "popup": "<strong>ESCUELA DE PÁRVULOS CAMPANITA</strong><br><br><strong>Dirección:</strong> CALLE LOS ALERCES 1713", "etiqueta": "" }, "geometry": { "type": "Point", "coordinates": [ -68.92938, -22.45439 ] } },
{ "type": "Feature", "properties": { "capa": "colegios", "popup": "<strong>ESCUELA BASICA JOHN FITZGERALD KENNEDY</strong><br><br><strong>Dirección:</strong> AVENIDA CHORRILLOS 1391", "etiqueta": "" }, "geometry": { "type": "Point", "coordinates": [ -68.920174, -22.45438 ] } },
{ "type": "Feature", "properties": { "capa": "colegios", "popup": "<strong>ESCUELA DIFERENCIAL LOA</strong><br><br><strong>Dirección:</strong> CHORRILLO 1335", "etiqueta": "" }, "geometry": { "type": "Point", "coordinates": [ -68.91889954, -22.45413589 ] } },
{ "type": "Feature", "properties": { "capa": "colegios", "popup": "<strong>LOESS SCHOOL</strong><br><br><strong>Dirección:</strong> AVENIDA CHORRILLOS 1070", "etiqueta": "" }, "geometry": { "type": "Point", "coordinates": [ -68.91549, -22.453469 ] } },
{ "type": "Feature", "properties": { "capa": "colegios", "popup": "<strong>ESC  PARV  LOS 7 ENANITOS DEL BOSQUE</strong><br><br><strong>Dirección:</strong> 1 NORTE 1314", "etiqueta": "" }, "geometry": { "type": "Point", "coordinates": [ -68.91933, -22.453285 ] } },
{ "type": "Feature", "properties": { "capa": "colegios", "popup": "<strong>ESC.ESPEC.DE LENGUAJE CAMINO DE AMOR</strong><br><br><strong>Dirección:</strong> FRANKFURT 2763", "etiqueta": "" }, "geometry": { "type": "Point", "coordinates": [ -68.938248, -22.452381 ] } },
{ "type": "Feature", "properties": { "capa": "colegios", "popup": "<strong>ESCUELA BASICA 21 DE MAYO</strong><br><br><strong>Dirección:</strong> COLOMBIA 2926", "etiqueta": "" }, "geometry": { "type": "Point", "coordinates": [ -68.932007, -22.450781 ] } },
{ "type": "Feature", "properties": { "capa": "colegios", "popup": "<strong>ESCUELA DE PARVULOS MICKEY MOUSE</strong><br><br><strong>Dirección:</strong> COLOMBIA 2963", "etiqueta": "" }, "geometry": { "type": "Point", "coordinates": [ -68.93184, -22.450636 ] } },
{ "type": "Feature", "properties": { "capa": "colegios", "popup": "<strong>ESCUELA DE PARVULOS TINKERBELL</strong><br><br><strong>Dirección:</strong> CALLE VENEZUELA 3051", "etiqueta": "" }, "geometry": { "type": "Point", "coordinates": [ -68.93069, -22.44976 ] } },
{ "type": "Feature", "properties": { "capa": "colegios", "popup": "<strong>ESCUELA DE PARVULOS CARINOSITOS 1</strong><br><br><strong>Dirección:</strong> AVENIDA NUEVA PONIENTE 2814", "etiqueta": "" }, "geometry": { "type": "Point", "coordinates": [ -68.91845, -22.449663 ] } },
{ "type": "Feature", "properties": { "capa": "colegios", "popup": "<strong>ESCUELA CLAUDIO ARRAU</strong><br><br><strong>Dirección:</strong> LATORRE 3150", "etiqueta": "" }, "geometry": { "type": "Point", "coordinates": [ -68.926231, -22.44936 ] } },
{ "type": "Feature", "properties": { "capa": "colegios", "popup": "<strong>LICEO RADOMIRO TOMIC ROMERO</strong><br><br><strong>Dirección:</strong> PASAJE RAMON FREIRE 3107", "etiqueta": "" }, "geometry": { "type": "Point", "coordinates": [ -68.927322, -22.44895 ] } },
{ "type": "Feature", "properties": { "capa": "colegios", "popup": "<strong>ESCUELA DE PARVULOS GATO CON BOTAS</strong><br><br><strong>Dirección:</strong> MANUEL MONTT 2726", "etiqueta": "" }, "geometry": { "type": "Point", "coordinates": [ -68.93588, -22.448307 ] } },
{ "type": "Feature", "properties": { "capa": "colegios", "popup": "<strong>COLEGIO JUAN PABLO II</strong><br><br><strong>Dirección:</strong> SIMON BOLIVAR 1890", "etiqueta": "" }, "geometry": { "type": "Point", "coordinates": [ -68.923523, -22.446951 ] } },
{ "type": "Feature", "properties": { "capa": "colegios", "popup": "<strong>ESC. PARV. ANSCO</strong><br><br><strong>Dirección:</strong> ALCALDE JULIO FUENTES VEGA 783", "etiqueta": "" }, "geometry": { "type": "Point", "coordinates": [ -68.90741, -22.446456 ] } },
{ "type": "Feature", "properties": { "capa": "colegios", "popup": "<strong>ESCUELA DE PARVULOS PAPELUCHO</strong><br><br><strong>Dirección:</strong> TIL TIL NORTE 1342", "etiqueta": "" }, "geometry": { "type": "Point", "coordinates": [ -68.91606903, -22.44638252 ] } },
{ "type": "Feature", "properties": { "capa": "colegios", "popup": "<strong>LICEO JORGE ALESSANDRI RODRIGUEZ</strong><br><br><strong>Dirección:</strong> GRANADEROS 3464", "etiqueta": "" }, "geometry": { "type": "Point", "coordinates": [ -68.928108, -22.44628 ] } },
{ "type": "Feature", "properties": { "capa": "colegios", "popup": "<strong>COLEGIO TÉCNICO INDUSTRIAL DON BOSCO - CALAMA</strong><br><br><strong>Dirección:</strong> CALLE COLONIA 3212", "etiqueta": "" }, "geometry": { "type": "Point", "coordinates": [ -68.939529, -22.445271 ] } },
{ "type": "Feature", "properties": { "capa": "colegios", "popup": "<strong>ESCUELA REPUBLICA DE CHILE</strong><br><br><strong>Dirección:</strong> CALLE EL LITIO 4263", "etiqueta": "" }, "geometry": { "type": "Point", "coordinates": [ -68.908012, -22.444321 ] } },
{ "type": "Feature", "properties": { "capa": "colegios", "popup": "<strong>COLEGIO CALAMA</strong><br><br><strong>Dirección:</strong> BRASIL 3597", "etiqueta": "" }, "geometry": { "type": "Point", "coordinates": [ -68.929047, -22.44392 ] } },
{ "type": "Feature", "properties": { "capa": "colegios", "popup": "<strong>ESCUELA PARVULARIA LAS ARDILLAS</strong><br><br><strong>Dirección:</strong> AVENIDA INDEPENDENCIA 2351", "etiqueta": "" }, "geometry": { "type": "Point", "coordinates": [ -68.92927551, -22.44329071 ] } },
{ "type": "Feature", "properties": { "capa": "colegios", "popup": "<strong>ESCUELA DE PARVULOS TIERNO AMANECER</strong><br><br><strong>Dirección:</strong> PASAJE AYMANI 710", "etiqueta": "" }, "geometry": { "type": "Point", "coordinates": [ -68.905685, -22.44251 ] } },
{ "type": "Feature", "properties": { "capa": "colegios", "popup": "<strong>ESCUELA BASICA PEDRO VERGARA KELLER</strong><br><br><strong>Dirección:</strong> GUATEMALA 3686", "etiqueta": "" }, "geometry": { "type": "Point", "coordinates": [ -68.932564, -22.4417 ] } },
{ "type": "Feature", "properties": { "capa": "colegios", "popup": "<strong>COL  SAN IGNACIO</strong><br><br><strong>Dirección:</strong> CASPANA 1998", "etiqueta": "" }, "geometry": { "type": "Point", "coordinates": [ -68.92397, -22.440527 ] } },
{ "type": "Feature", "properties": { "capa": "colegios", "popup": "<strong>ESCUELA DIFERENCIAL SANTA CECILIA</strong><br><br><strong>Dirección:</strong> TALCA 1890", "etiqueta": "" }, "geometry": { "type": "Point", "coordinates": [ -68.92215, -22.439745 ] } },
{ "type": "Feature", "properties": { "capa": "colegios", "popup": "<strong>COL  LICANCABUR</strong><br><br><strong>Dirección:</strong> AVENIDA CENTRAL SUR 1863", "etiqueta": "" }, "geometry": { "type": "Point", "coordinates": [ -68.92137, -22.439384 ] } },
{ "type": "Feature", "properties": { "capa": "colegios", "popup": "<strong>ESCUELA BASICA EMILIO SOTOMAYOR</strong><br><br><strong>Dirección:</strong> LIMON VERDE 4073", "etiqueta": "" }, "geometry": { "type": "Point", "coordinates": [ -68.922653, -22.43815 ] } },
{ "type": "Feature", "properties": { "capa": "colegios", "popup": "<strong>ESCUELA DE PARVULOS LLAMITO BLANCO</strong><br><br><strong>Dirección:</strong> LIMON VERDE 4068", "etiqueta": "" }, "geometry": { "type": "Point", "coordinates": [ -68.92285919, -22.43809319 ] } },
{ "type": "Feature", "properties": { "capa": "colegios", "popup": "<strong>ESCUELA KAMAC MAYU</strong><br><br><strong>Dirección:</strong> PLACILLA 4466", "etiqueta": "" }, "geometry": { "type": "Point", "coordinates": [ -68.909439, -22.43799 ] } },
{ "type": "Feature", "properties": { "capa": "colegios", "popup": "<strong>ESCUELA DE PARVULOS QUILLA ANTAY</strong><br><br><strong>Dirección:</strong> TAIRA 1040", "etiqueta": "" }, "geometry": { "type": "Point", "coordinates": [ -68.90948, -22.437914 ] } },
{ "type": "Feature", "properties": { "capa": "colegios", "popup": "<strong>COLEGIO PARTICULAR SAN NICOLAS</strong><br><br><strong>Dirección:</strong> INCA DE ORO 4394", "etiqueta": "" }, "geometry": { "type": "Point", "coordinates": [ -68.91227, -22.437811 ] } },
{ "type": "Feature", "properties": { "capa": "colegios", "popup": "<strong>LICEO MINERO AMÉRICA</strong><br><br><strong>Dirección:</strong> RIQUELME 4050", "etiqueta": "" }, "geometry": { "type": "Point", "coordinates": [ -68.924553, -22.43762 ] } },
{ "type": "Feature", "properties": { "capa": "colegios", "popup": "<strong>ESCUELA BASICA SAN FRANCISCO</strong><br><br><strong>Dirección:</strong> CALLE ESCUELA 948", "etiqueta": "" }, "geometry": { "type": "Point", "coordinates": [ -68.650139, -22.342751 ] } },
{ "type": "Feature", "properties": { "capa": "colegios", "popup": "<strong>ESCUELA BASICA SENORA DE LA CANDELARIA</strong><br><br><strong>Dirección:</strong> O'HIGGINS 133", "etiqueta": "" }, "geometry": { "type": "Point", "coordinates": [ -68.212242, -22.33777 ] } },
{ "type": "Feature", "properties": { "capa": "colegios", "popup": "<strong>ESCUELA BASICA SAN JOSE</strong><br><br><strong>Dirección:</strong> BERNARDO O'HIGGINS 9", "etiqueta": "" }, "geometry": { "type": "Point", "coordinates": [ -68.322403, -22.27883 ] } },
{ "type": "Feature", "properties": { "capa": "colegios", "popup": "<strong>ESCUELA BASICA PUKARA</strong><br><br><strong>Dirección:</strong> PUKARA 0", "etiqueta": "" }, "geometry": { "type": "Point", "coordinates": [ -68.631218, -22.26803 ] } },
{ "type": "Feature", "properties": { "capa": "jardines", "popup": "<strong>TAMARUGO</strong><br><br><strong>Dirección:</strong> MAIPU # 2951 POB. NUEVA ALEMANIA ", "etiqueta": "" }, "geometry": { "type": "MultiPoint", "coordinates": [ [ -68.939782, -22.453799 ] ] } },
{ "type": "Feature", "properties": { "capa": "jardines", "popup": "<strong>CRECIENDO JUNTOS</strong><br><br><strong>Dirección:</strong> CHACABUCO # 3043 POBLACION 23 DE MARZO ", "etiqueta": "" }, "geometry": { "type": "MultiPoint", "coordinates": [ [ -68.9397, -22.457316 ] ] } },
{ "type": "Feature", "properties": { "capa": "jardines", "popup": "<strong>INTI-LLACTA</strong><br><br><strong>Dirección:</strong> GUATEMALA # 3686 ", "etiqueta": "" }, "geometry": { "type": "MultiPoint", "coordinates": [ [ -68.932572, -22.441489 ] ] } },
{ "type": "Feature", "properties": { "capa": "jardines", "popup": "<strong>MI PEQUEÑO OASIS</strong><br><br><strong>Dirección:</strong> PASAJE TIRANA # 2501 INDEPENDENCIA NORTE ", "etiqueta": "" }, "geometry": { "type": "MultiPoint", "coordinates": [ [ -68.929981, -22.437364 ] ] } },
{ "type": "Feature", "properties": { "capa": "jardines", "popup": "<strong>MIS PASITOS</strong><br><br><strong>Dirección:</strong> PASAJE PETROHUE SUR #3351 POBLACION NUEVA ALEMANIA ", "etiqueta": "" }, "geometry": { "type": "MultiPoint", "coordinates": [ [ -68.944658, -22.452702 ] ] } },
{ "type": "Feature", "properties": { "capa": "jardines", "popup": "<strong>LICKAN PANHI</strong><br><br><strong>Dirección:</strong> VICTOR HUGO VELIZ 3820 POB GLADYS MARIN ", "etiqueta": "" }, "geometry": { "type": "MultiPoint", "coordinates": [ [ -68.934679, -22.438695 ] ] } },
{ "type": "Feature", "properties": { "capa": "jardines", "popup": "<strong>SOL Y COBRE</strong><br><br><strong>Dirección:</strong> ISABEL LA CATOLICA SUR # 2550 ", "etiqueta": "" }, "geometry": { "type": "MultiPoint", "coordinates": [ [ -68.946814, -22.455805 ] ] } },
{ "type": "Feature", "properties": { "capa": "jardines", "popup": "<strong>CARACOL MANTA</strong><br><br><strong>Dirección:</strong> VASCO DE GAMA # 3766 POBLACION GUSTAVO LE PAIGE ", "etiqueta": "" }, "geometry": { "type": "MultiPoint", "coordinates": [ [ -68.949445, -22.454796 ] ] } },
{ "type": "Feature", "properties": { "capa": "jardines", "popup": "<strong>NIDITO DE ANGELES</strong><br><br><strong>Dirección:</strong> ANIBAL PINTO # 2230 POBLACION TOPATER ", "etiqueta": "" }, "geometry": { "type": "MultiPoint", "coordinates": [ [ -68.930857, -22.45929 ] ] } },
{ "type": "Feature", "properties": { "capa": "jardines", "popup": "<strong>YACKUS PAUNA</strong><br><br><strong>Dirección:</strong> FRANKFURT # 3526 POBLACION RENE SCHNAIDER ", "etiqueta": "" }, "geometry": { "type": "MultiPoint", "coordinates": [ [ -68.936402, -22.443098 ] ] } },
{ "type": "Feature", "properties": { "capa": "jardines", "popup": "<strong>NIDO DE PURI</strong><br><br><strong>Dirección:</strong> PETROHUE 3298 POBL. NUEVA ALEMANIA ", "etiqueta": "" }, "geometry": { "type": "MultiPoint", "coordinates": [ [ -68.944019, -22.452148 ] ] } },
{ "type": "Feature", "properties": { "capa": "jardines", "popup": "<strong>LOS CONEJITOS BLANCOS</strong><br><br><strong>Dirección:</strong> CESARIO CASTILLO S/N LOCALIDAD CHIU CHIU ", "etiqueta": "" }, "geometry": { "type": "MultiPoint", "coordinates": [ [ -68.653481, -22.343244 ] ] } },
{ "type": "Feature", "properties": { "capa": "jardines", "popup": "<strong>NA</strong><br><br><strong>Dirección:</strong> NA ", "etiqueta": "" }, "geometry": { "type": "MultiPoint", "coordinates": [ [ -68.93629465145051, -22.466438243412671 ] ] } },
{ "type": "Feature", "properties": { "capa": "jardines", "popup": "<strong>NA</strong><br><br><strong>Dirección:</strong> NA ", "etiqueta": "" }, "geometry": { "type": "MultiPoint", "coordinates": [ [ -68.934612414973941, -22.447131791382137 ] ] } },
{ "type": "Feature", "properties": { "capa": "jardines", "popup": "<strong>NA</strong><br><br><strong>Dirección:</strong> NA ", "etiqueta": "" }, "geometry": { "type": "MultiPoint", "coordinates": [ [ -68.927291369013446, -22.43394794628448 ] ] } },
{ "type": "Feature", "properties": { "capa": "jardines", "popup": "<strong>NA</strong><br><br><strong>Dirección:</strong> NA ", "etiqueta": "" }, "geometry": { "type": "MultiPoint", "coordinates": [ [ -68.933459860026758, -22.438801906123828 ] ] } },
{ "type": "Feature", "properties": { "capa": "bomberos", "popup": "<strong>Cuerpo de Bomberos</strong><br><br><strong>Dirección:</strong> Sotomayor 1862", "etiqueta": "" }, "geometry": { "type": "Point", "coordinates": [ -68.92387201923691, -22.462565831245108 ] } },
{ "type": "Feature", "properties": { "capa": "comisarias", "popup": "<strong>1RA. COM. CALAMA</strong><br><br><strong>Dirección:</strong> GRANADEROS 2490", "etiqueta": "" }, "geometry": { "type": "Point", "coordinates": [ -68.92949, -22.456359999999897 ] } },
{ "type": "Feature", "properties": { "capa": "comisarias", "popup": "<strong>RETEN INACALIRI (F)</strong><br><br><strong>Dirección:</strong> RUTA B-145 SECTOR CONCHI EL TAPIO S/N", "etiqueta": "" }, "geometry": { "type": "Point", "coordinates": [ -68.066668954999898, -22.028065764999948 ] } },
{ "type": "Feature", "properties": { "capa": "comisarias", "popup": "<strong>RETEN TOCONCE (F)</strong><br><br><strong>Dirección:</strong> GABRIELA MISTRAL S/N", "etiqueta": "" }, "geometry": { "type": "Point", "coordinates": [ -68.166209400999946, -22.264487196999941 ] } },
{ "type": "Feature", "properties": { "capa": "salud", "popup": "<strong>Centro Comunitario de Salud Familiar Sur</strong><br><br><strong>Tipo de atención:</strong> Centro Comunitario de Salud Familiar (CECOSF)<br><strong>Dirección:</strong>  NA", "etiqueta": "" }, "geometry": { "type": "Point", "coordinates": [ -68.92902, -22.47741 ] } },
{ "type": "Feature", "properties": { "capa": "salud", "popup": "<strong>SAPU SUR</strong><br><br><strong>Tipo de atención:</strong> Servicio de Atención Primaria de Urgencia (SAPU)<br><strong>Dirección:</strong>  538", "etiqueta": "" }, "geometry": { "type": "Point", "coordinates": [ -68.9288, -22.47696 ] } },
{ "type": "Feature", "properties": { "capa": "salud", "popup": "<strong>Centro Médico y Dental MegaSalud Calama</strong><br><br><strong>Tipo de atención:</strong> Centro de Salud Privado<br><strong>Dirección:</strong>  1474", "etiqueta": "" }, "geometry": { "type": "Point", "coordinates": [ -68.927601, -22.466097 ] } },
{ "type": "Feature", "properties": { "capa": "salud", "popup": "<strong>Centro de Salud Aidoret Caro</strong><br><br><strong>Tipo de atención:</strong> Centro de Salud Privado<br><strong>Dirección:</strong>  2188", "etiqueta": "" }, "geometry": { "type": "Point", "coordinates": [ -68.927285, -22.465554 ] } },
{ "type": "Feature", "properties": { "capa": "salud", "popup": "<strong>Centro de Salud Victoria Saravia Crespo</strong><br><br><strong>Tipo de atención:</strong> Centro de Salud Privado<br><strong>Dirección:</strong>  2141", "etiqueta": "" }, "geometry": { "type": "Point", "coordinates": [ -68.926982, -22.465079 ] } },
{ "type": "Feature", "properties": { "capa": "salud", "popup": "<strong>Centro de Salud Familiar Central de Calama</strong><br><br><strong>Tipo de atención:</strong> Centro de Salud Familiar (CESFAM)<br><strong>Dirección:</strong>  NA", "etiqueta": "" }, "geometry": { "type": "Point", "coordinates": [ -68.93024, -22.45922 ] } },
{ "type": "Feature", "properties": { "capa": "salud", "popup": "<strong>Centro Comunitario de Salud Familiar Alemania</strong><br><br><strong>Tipo de atención:</strong> Centro Comunitario de Salud Familiar (CECOSF)<br><strong>Dirección:</strong>  3076", "etiqueta": "" }, "geometry": { "type": "Point", "coordinates": [ -68.93973, -22.45794 ] } },
{ "type": "Feature", "properties": { "capa": "salud", "popup": "<strong>Centro Comunitario de Salud Familiar Oasis</strong><br><br><strong>Tipo de atención:</strong> Centro Comunitario de Salud Familiar (CECOSF)<br><strong>Dirección:</strong>  3780", "etiqueta": "" }, "geometry": { "type": "Point", "coordinates": [ -68.94971, -22.45494 ] } },
{ "type": "Feature", "properties": { "capa": "salud", "popup": "<strong>Centro de Salud Familiar Alemania de Calama</strong><br><br><strong>Tipo de atención:</strong> Centro de Salud Familiar (CESFAM)<br><strong>Dirección:</strong>  2611", "etiqueta": "" }, "geometry": { "type": "Point", "coordinates": [ -68.93982, -22.45451 ] } },
{ "type": "Feature", "properties": { "capa": "salud", "popup": "<strong>SAR Alemania</strong><br><br><strong>Tipo de atención:</strong> Servicio de Atención Primaria de Urgencia de Alta Resolutividad (SAR)<br><strong>Dirección:</strong>  2624", "etiqueta": "" }, "geometry": { "type": "Point", "coordinates": [ -68.939439, -22.454188 ] } },
{ "type": "Feature", "properties": { "capa": "salud", "popup": "<strong>Hospital del Cobre Salvador Allende</strong><br><br><strong>Tipo de atención:</strong> Hospital<br><strong>Dirección:</strong>  689", "etiqueta": "" }, "geometry": { "type": "Point", "coordinates": [ -68.907985, -22.453692 ] } },
{ "type": "Feature", "properties": { "capa": "salud", "popup": "<strong>Consultorio Prefectura de El Loa</strong><br><br><strong>Tipo de atención:</strong> Centro de Salud Privado<br><strong>Dirección:</strong>  922", "etiqueta": "" }, "geometry": { "type": "Point", "coordinates": [ -68.914276, -22.453325 ] } },
{ "type": "Feature", "properties": { "capa": "salud", "popup": "<strong>Clínica Andes Salud El Loa</strong><br><br><strong>Tipo de atención:</strong> Clínica<br><strong>Dirección:</strong>  2924", "etiqueta": "" }, "geometry": { "type": "Point", "coordinates": [ -68.929121, -22.451638 ] } },
{ "type": "Feature", "properties": { "capa": "salud", "popup": "<strong>Policíinico Asociación Chilena de Seguridad AChS Calama</strong><br><br><strong>Tipo de atención:</strong> Centro de Salud Privado<br><strong>Dirección:</strong>  2924", "etiqueta": "" }, "geometry": { "type": "Point", "coordinates": [ -68.929187, -22.451626 ] } },
{ "type": "Feature", "properties": { "capa": "salud", "popup": "<strong>Instituto Teletón Calama</strong><br><br><strong>Tipo de atención:</strong> Centro de Salud Privado<br><strong>Dirección:</strong>  3551", "etiqueta": "" }, "geometry": { "type": "Point", "coordinates": [ -68.904573, -22.449644 ] } },
{ "type": "Feature", "properties": { "capa": "salud", "popup": "<strong>Hospital Dr. Carlos Cisternas (Calama)</strong><br><br><strong>Tipo de atención:</strong> Hospital<br><strong>Dirección:</strong>  1490", "etiqueta": "" }, "geometry": { "type": "Point", "coordinates": [ -68.918257, -22.445201 ] } },
{ "type": "Feature", "properties": { "capa": "salud", "popup": "<strong>SAPU Norponiente</strong><br><br><strong>Tipo de atención:</strong> Servicio de Atención Primaria de Urgencia (SAPU)<br><strong>Dirección:</strong>  3825", "etiqueta": "" }, "geometry": { "type": "Point", "coordinates": [ -68.927351, -22.442565 ] } },
{ "type": "Feature", "properties": { "capa": "salud", "popup": "<strong>Centro de Salud Familiar Montt</strong><br><br><strong>Tipo de atención:</strong> Centro de Salud Familiar (CESFAM)<br><strong>Dirección:</strong>  3968", "etiqueta": "" }, "geometry": { "type": "Point", "coordinates": [ -68.92742, -22.44255 ] } },
{ "type": "Feature", "properties": { "capa": "salud", "popup": "<strong>Clínica Mutual de Seguridad CChC de Calama</strong><br><br><strong>Tipo de atención:</strong> Clínica<br><strong>Dirección:</strong>  1813", "etiqueta": "" }, "geometry": { "type": "Point", "coordinates": [ -68.921118, -22.439451 ] } },
{ "type": "Feature", "properties": { "capa": "salud", "popup": "<strong>Corpus Salud Laboral Ltda.</strong><br><br><strong>Tipo de atención:</strong> Centro de Salud Privado<br><strong>Dirección:</strong>  1913", "etiqueta": "" }, "geometry": { "type": "Point", "coordinates": [ -68.922735, -22.439148 ] } },
{ "type": "Feature", "properties": { "capa": "salud", "popup": "<strong>Centro de Salud Familiar Norponiente</strong><br><br><strong>Tipo de atención:</strong> Centro de Salud Familiar (CESFAM)<br><strong>Dirección:</strong>  3825", "etiqueta": "" }, "geometry": { "type": "Point", "coordinates": [ -68.9356, -22.43891 ] } },
{ "type": "Feature", "properties": { "capa": "salud", "popup": "<strong>Posta de Salud Rural Chiu-Chiu</strong><br><br><strong>Tipo de atención:</strong> Posta de Salud Rural (PSR)<br><strong>Dirección:</strong>  NA", "etiqueta": "" }, "geometry": { "type": "Point", "coordinates": [ -68.6497, -22.34247 ] } },
{ "type": "Feature", "properties": { "capa": "salud", "popup": "<strong>Posta de Salud Rural Caspana</strong><br><br><strong>Tipo de atención:</strong> Posta de Salud Rural (PSR)<br><strong>Dirección:</strong>  NA", "etiqueta": "" }, "geometry": { "type": "Point", "coordinates": [ -68.21267, -22.33517 ] } },
{ "type": "Feature", "properties": { "capa": "salud", "popup": "<strong>Posta de Salud Rural Ayquina</strong><br><br><strong>Tipo de atención:</strong> Posta de Salud Rural (PSR)<br><strong>Dirección:</strong>  321", "etiqueta": "" }, "geometry": { "type": "Point", "coordinates": [ -68.32189, -22.27864 ] } }
]
}
