{
"type": "FeatureCollection",
"name": "4105",
"crs": { "type": "name", "properties": { "name": "urn:ogc:def:crs:OGC:1.3:CRS84" } },
"features": [
{ "type": "Feature", "properties": { "capa": "comuna", "popup": "", "etiqueta": "" }, "geometry": { "type": "Polygon", "coordinates": [ [ [ -70.342594633689743, -29.983026525131688 ], [ -70.34300912983656, -29.984001436056833 ], [ -70.343217205707518, -29.984635391581445 ], [ -70.343355092612043, -29.985013044181841 ], [ -70.343393134467689, -29.985360004040391 ], [ -70.343365173506172, -29.985761820133273 ], [ -70.343104362036456, -29.986143466185993 ], [ -70.342648480504494, -29.987533219919868 ], [ -70.342666753135703, -29.98889100899169 ], [ -70.342262680141118, -29.991002130484098 ], [ -70.342461033545732, -29.992881432965024 ], [ -70.342837152765298, -29.993658186077134 ], [ -70.343214050824216, -29.99429049202757 ], [ -70.343417839934645, -29.994604196274043 ], [ -70.343020614797467, -29.994865341475641 ], [ -70.342144959516389, -29.995108966160288 ], [ -70.341626791497561, -29.99518639368663 ], [ -70.341236378285203, -29.995569430359939 ], [ -70.340777534109435, -29.996092871874904 ], [ -70.340583171919619, -29.996473836370683 ], [ -70.340225195973844, -29.997027885359369 ], [ -70.33999705982427, -29.997531086175499 ], [ -70.339846106923943, -29.997843897171794 ], [ -70.339781625852851, -29.998638596666893 ], [ -70.339691549982675, -29.999361410169456 ], [ -70.339667935968805, -30.000088056877868 ], [ -70.339516483605166, -30.001185897644305 ], [ -70.339426378988904, -30.001913147128846 ], [ -70.33946450079462, -30.002260180172414 ], [ -70.339737064923185, -30.002749192020005 ], [ -70.340113759962847, -30.003611544318318 ], [ -70.340190630598343, -30.004364222107263 ], [ -70.34019724040219, -30.004855940102477 ], [ -70.3401692399148, -30.005230701252881 ], [ -70.339776343758984, -30.005672377635861 ], [ -70.339371435331174, -30.006041956334613 ], [ -70.338623668705523, -30.006956406954227 ], [ -70.338239547293412, -30.007641553665337 ], [ -70.337718523530299, -30.008485983474024 ], [ -70.337393080072545, -30.008981151224138 ], [ -70.337170692242495, -30.00976385129286 ], [ -70.337241761557877, -30.010110550391012 ], [ -70.337320833065817, -30.011034699421362 ], [ -70.337388771752444, -30.011458084706902 ], [ -70.33734298462241, -30.012685685214905 ], [ -70.337416357218189, -30.013203779661566 ], [ -70.33748820447461, -30.014019635888861 ], [ -70.337645985469408, -30.014979057287167 ], [ -70.337916737696062, -30.015792964423252 ], [ -70.338089119009197, -30.016251359267596 ], [ -70.338262605250122, -30.016773017006329 ], [ -70.338042147001303, -30.017700062807766 ], [ -70.33765309383827, -30.018457552631347 ], [ -70.337395715729571, -30.019096244301743 ], [ -70.337268780186676, -30.019562264309755 ], [ -70.336964238728939, -30.020079689699337 ], [ -70.336822952599377, -30.020387889561139 ], [ -70.336561859058676, -30.020832727104949 ], [ -70.336265419506503, -30.021264322991637 ], [ -70.335926875916954, -30.021660345375327 ], [ -70.335503594246646, -30.021989443470687 ], [ -70.335119077575797, -30.022263964571636 ], [ -70.334485506585693, -30.022843414324864 ], [ -70.333958555738349, -30.023227741898705 ], [ -70.333463073773714, -30.023462875917929 ], [ -70.332702885244302, -30.023849562420988 ], [ -70.332131223448641, -30.024067426026079 ], [ -70.330784187103703, -30.025380412172829 ], [ -70.330451316375147, -30.026362839377011 ], [ -70.330122350623185, -30.026677440850506 ], [ -70.329655670443174, -30.027277651733325 ], [ -70.329197809024336, -30.027864318436794 ], [ -70.328740684224002, -30.028532140435189 ], [ -70.328185016931982, -30.029264156814456 ], [ -70.327724624958961, -30.029643205143948 ], [ -70.327298060844626, -30.029832604328377 ], [ -70.326524002327233, -30.029393717161145 ], [ -70.32594728481314, -30.028533271269271 ], [ -70.325707419360924, -30.028012338817206 ], [ -70.325199164251273, -30.027322618113157 ], [ -70.324494099042653, -30.026838006610472 ], [ -70.324126774329713, -30.026728903306207 ], [ -70.323290544309828, -30.026358259165299 ], [ -70.322748199931766, -30.026214912975608 ], [ -70.321015635412948, -30.026083373743315 ], [ -70.319804522255339, -30.026095602452035 ], [ -70.317912597503437, -30.027016829061981 ], [ -70.316614919091776, -30.027029896849829 ], [ -70.314964235112811, -30.02651847234106 ], [ -70.312972665636323, -30.026425563134712 ], [ -70.310463529113974, -30.02645058045087 ], [ -70.309423465966219, -30.026312061935641 ], [ -70.307428153209969, -30.025952920089878 ], [ -70.306050853521413, -30.026494533789712 ], [ -70.305779790477686, -30.026754391087014 ], [ -70.30556641274994, -30.027144439413345 ], [ -70.3053725841594, -30.02760658652155 ], [ -70.305228312029826, -30.028090787507065 ], [ -70.305139453376867, -30.028583456490697 ], [ -70.305118034845535, -30.029075381843448 ], [ -70.305137169859407, -30.029576071349275 ], [ -70.305158619831758, -30.030072081069815 ], [ -70.305154420207799, -30.030568419618742 ], [ -70.305140451405137, -30.03106485445268 ], [ -70.305098308740199, -30.031557059911869 ], [ -70.305031929528923, -30.032053940867222 ], [ -70.304958017045678, -30.032546461052728 ], [ -70.304873401135794, -30.033039087669341 ], [ -70.304775133528551, -30.033527340380637 ], [ -70.304168203874823, -30.034719991185387 ], [ -70.303483985868993, -30.035331286731179 ], [ -70.302591530295473, -30.035728205581506 ], [ -70.301530763675373, -30.036027436012347 ], [ -70.30083320209431, -30.036120009592569 ], [ -70.30003589966897, -30.036186510589221 ], [ -70.298805173593735, -30.036203177826124 ], [ -70.298303312692269, -30.036208206304192 ], [ -70.297697646069835, -30.036214182773683 ], [ -70.296230479818576, -30.036530907145348 ], [ -70.295020796778857, -30.036696206210756 ], [ -70.293985509075185, -30.03693199807876 ], [ -70.293064464617743, -30.037283968896809 ], [ -70.292568386171752, -30.037518956811198 ], [ -70.292207459260268, -30.037896906611277 ], [ -70.291747464342635, -30.038366158859816 ], [ -70.291205410120398, -30.038849742700094 ], [ -70.290898556399142, -30.039087301724482 ], [ -70.290518613051404, -30.039447470696562 ], [ -70.290305891093794, -30.039914290886767 ], [ -70.290329083797815, -30.04040585205 ], [ -70.290503187181329, -30.040787565521882 ], [ -70.290818561423066, -30.041082293682361 ], [ -70.291159296901924, -30.041688046642705 ], [ -70.291734178259574, -30.042462920625731 ], [ -70.291872240335593, -30.042836041161166 ], [ -70.292182151023781, -30.043645077969643 ], [ -70.292329062403638, -30.043973020625184 ], [ -70.292497557604861, -30.044445041955647 ], [ -70.292784629525258, -30.04545735958607 ], [ -70.292992615564685, -30.047124641271974 ], [ -70.293000789335437, -30.047747259744895 ], [ -70.293072412911371, -30.048152522898008 ], [ -70.293244301049413, -30.048584001375232 ], [ -70.29362383476537, -30.048909580165287 ], [ -70.293785677941912, -30.049286973310178 ], [ -70.294123429217379, -30.049640016832146 ], [ -70.294494167528384, -30.050033463265542 ], [ -70.294933608094041, -30.050547977770307 ], [ -70.295741336366575, -30.051266428682595 ], [ -70.296145435412313, -30.051636922898876 ], [ -70.296516644440516, -30.052039303288772 ], [ -70.296852939546923, -30.05232471631836 ], [ -70.297692397213623, -30.052893893838817 ], [ -70.29826105324635, -30.053150028992714 ], [ -70.298797001619576, -30.05340641152095 ], [ -70.299176420351188, -30.053596628355507 ], [ -70.299704450973522, -30.054092213812826 ], [ -70.300039642948747, -30.054291957279844 ], [ -70.300476054395247, -30.054603425253642 ], [ -70.300880123796546, -30.054910776765436 ], [ -70.301410773007916, -30.055455930114164 ], [ -70.302632780035012, -30.056273943747986 ], [ -70.303674580524515, -30.056489220010263 ], [ -70.304804489573712, -30.056852487096435 ], [ -70.306290415343057, -30.057970176608009 ], [ -70.307955077107849, -30.059456036499764 ], [ -70.30840457071983, -30.060732807194864 ], [ -70.30824411274547, -30.06171346419681 ], [ -70.307570508334706, -30.063150355053665 ], [ -70.307412251232819, -30.064279862375201 ], [ -70.307512627186014, -30.065334578472275 ], [ -70.307694695032851, -30.066009571719977 ], [ -70.308572056214672, -30.066907607812826 ], [ -70.309887413471131, -30.068171313328612 ], [ -70.311290378925648, -30.069515366806453 ], [ -70.311419211710444, -30.070430013907352 ], [ -70.311475134531818, -30.071209893372732 ], [ -70.311480132758078, -30.071588827063941 ], [ -70.311485845144958, -30.072021935452849 ], [ -70.31129685847381, -30.072835897247046 ], [ -70.310993498300661, -30.073574344051536 ], [ -70.31090314934265, -30.073999319319189 ], [ -70.3108417081705, -30.07490226122512 ], [ -70.311197847061493, -30.075652166591443 ], [ -70.311898236539079, -30.076249760292807 ], [ -70.312693151242399, -30.077446408401709 ], [ -70.312791660496458, -30.078347753267344 ], [ -70.313149794545723, -30.079246505258979 ], [ -70.313388153523221, -30.079911906890604 ], [ -70.313394209964869, -30.080466755796706 ], [ -70.313333807245158, -30.080932013729036 ], [ -70.31320746638697, -30.081456697504208 ], [ -70.313116453573969, -30.082120733287489 ], [ -70.313157397886286, -30.082697853088291 ], [ -70.313212392748, -30.083103340830952 ], [ -70.313302328480972, -30.084216844266756 ], [ -70.313617931793118, -30.085792745547757 ], [ -70.313519927392264, -30.087066017584078 ], [ -70.313376776360144, -30.087541119774507 ], [ -70.313212803278077, -30.088016578782511 ], [ -70.313026415433043, -30.088487679687724 ], [ -70.312727741770743, -30.088901134764292 ], [ -70.312520183329397, -30.08919193597421 ], [ -70.312045381480928, -30.089701986766656 ], [ -70.311633279344335, -30.090049011629787 ], [ -70.311211025346722, -30.090387117059365 ], [ -70.310821645196938, -30.090742931010332 ], [ -70.310428674480946, -30.091206995715055 ], [ -70.310198216186365, -30.09168304023801 ], [ -70.310321251244318, -30.09203374071809 ], [ -70.310733481839989, -30.092810138069638 ], [ -70.311459907189445, -30.094057145128936 ], [ -70.312098926461758, -30.095011709410283 ], [ -70.312452024555526, -30.095743527364284 ], [ -70.312748900688945, -30.096710597683835 ], [ -70.312760500634198, -30.09759477200193 ], [ -70.312654743772427, -30.098520700745162 ], [ -70.312489428607336, -30.099880388286994 ], [ -70.312613177825924, -30.100772461413381 ], [ -70.312833072831069, -30.101284589675217 ], [ -70.314249971155661, -30.102935219139113 ], [ -70.314566744074313, -30.103347103788128 ], [ -70.314922434706006, -30.103731542470374 ], [ -70.315299682209556, -30.104106747157726 ], [ -70.315690635309423, -30.104463776140989 ], [ -70.316093942939375, -30.104816172851997 ], [ -70.316506397215562, -30.105159383310735 ], [ -70.317006097668767, -30.105420555014263 ], [ -70.317426980837254, -30.105732188438022 ], [ -70.317712903812406, -30.106162409477381 ], [ -70.317933428536563, -30.106629432589749 ], [ -70.318100266346065, -30.107105938279851 ], [ -70.318216314307747, -30.107560481060531 ], [ -70.31820290066392, -30.108259960548807 ], [ -70.318127099921924, -30.108973517840706 ], [ -70.317984779831463, -30.109665272250069 ], [ -70.318086904804545, -30.110223663282415 ], [ -70.318792802751446, -30.111335482710466 ], [ -70.319083055606256, -30.111923546622272 ], [ -70.319220190620911, -30.112409440342141 ], [ -70.319000947792645, -30.113115494529879 ], [ -70.318435853580027, -30.113324149209308 ], [ -70.31720823657399, -30.113544031365286 ], [ -70.315528183075116, -30.113813523531103 ], [ -70.313662279822083, -30.114206672821279 ], [ -70.311788131831335, -30.113977186793047 ], [ -70.310061192562827, -30.113994424509144 ], [ -70.307755392399983, -30.113764826089675 ], [ -70.305888191979648, -30.114036059063373 ], [ -70.304023926355356, -30.114550874055343 ], [ -70.301868673054344, -30.114824837021335 ], [ -70.300000695591294, -30.115091560136303 ], [ -70.298568304921289, -30.11560645743474 ], [ -70.298000521152716, -30.116212143534636 ], [ -70.297842339509273, -30.116768689374545 ], [ -70.298122998356845, -30.117586931869067 ], [ -70.298120571108967, -30.118155465067311 ], [ -70.298037806626894, -30.119063118920273 ], [ -70.298077946947046, -30.120298865948115 ], [ -70.297967346369262, -30.120918142001997 ], [ -70.297880658944351, -30.121532524452665 ], [ -70.298153464719718, -30.122477244457237 ], [ -70.298233073420207, -30.123135221499567 ], [ -70.297813145160859, -30.123613043830812 ], [ -70.297391136403306, -30.124627904927205 ], [ -70.297402579143395, -30.125502989756615 ], [ -70.296701185349349, -30.12688598950189 ], [ -70.295746672359357, -30.127797738495563 ], [ -70.295224558939807, -30.128371325277623 ], [ -70.294758212034793, -30.12893090651437 ], [ -70.294597239325768, -30.129302457069215 ], [ -70.294411200925381, -30.130008071945053 ], [ -70.294118976268507, -30.130683169897789 ], [ -70.293832104672418, -30.131123669873741 ], [ -70.293485634348812, -30.131519591490129 ], [ -70.293061235174292, -30.131835044309721 ], [ -70.292550067726495, -30.132070186820108 ], [ -70.292031945521742, -30.132287286248566 ], [ -70.291519629128686, -30.132499890699698 ], [ -70.29106480221887, -30.132797673987703 ], [ -70.290653385496839, -30.133144629083663 ], [ -70.29032149662693, -30.133617053142348 ], [ -70.29027918148546, -30.134005468342014 ], [ -70.290426902247418, -30.13443717987273 ], [ -70.290647735992025, -30.135030498711227 ], [ -70.290727015909098, -30.135607172816169 ], [ -70.290873112517019, -30.136390751980613 ], [ -70.290879631591025, -30.136891561219514 ], [ -70.290858172635538, -30.137392571460921 ], [ -70.290815057993484, -30.137889285339678 ], [ -70.290706007009547, -30.138377555952335 ], [ -70.290540334314969, -30.138762675564216 ], [ -70.290277374075103, -30.139324750686633 ], [ -70.289928601369425, -30.139801923664436 ], [ -70.289495512791163, -30.140054249287264 ], [ -70.288997378101499, -30.140262122232841 ], [ -70.288559014615871, -30.140383809817205 ], [ -70.287070871804417, -30.140836008701672 ], [ -70.286399707217996, -30.141113278836819 ], [ -70.285677165285506, -30.141436138582758 ], [ -70.284459784582154, -30.141750384333911 ], [ -70.28396724909166, -30.141971784854807 ], [ -70.283589900976779, -30.142097293974423 ], [ -70.283166049774579, -30.142263837513632 ], [ -70.282718801950807, -30.142475772585815 ], [ -70.282130401846459, -30.142729593008095 ], [ -70.281698729013101, -30.143699336330634 ], [ -70.280971850014424, -30.146124684549893 ], [ -70.280739468426844, -30.147196185840791 ], [ -70.280234635898395, -30.148108020655116 ], [ -70.279550537368507, -30.148317672591535 ], [ -70.278178129905001, -30.148371627450288 ], [ -70.276948592300897, -30.148509923053545 ], [ -70.276239529589262, -30.148598057628814 ], [ -70.275886452156726, -30.148768398820714 ], [ -70.275703593792443, -30.149284503174769 ], [ -70.275531728112284, -30.150350973880034 ], [ -70.275292257918792, -30.15231126145196 ], [ -70.274796833446331, -30.153656074599031 ], [ -70.274996284592234, -30.154759517069564 ], [ -70.275345044721519, -30.155811835416408 ], [ -70.27521785315875, -30.156616124946929 ], [ -70.274467621555971, -30.157476139607752 ], [ -70.273269634581254, -30.158430750399113 ], [ -70.272397624663611, -30.159057243660811 ], [ -70.270497809110267, -30.160176524852936 ], [ -70.268337387801409, -30.161979533061189 ], [ -70.267820446881259, -30.162331947404763 ], [ -70.267258625231221, -30.162833591930678 ], [ -70.267262837431588, -30.16316293344989 ], [ -70.267427443825937, -30.163774868905499 ], [ -70.267837688246502, -30.166085374544966 ], [ -70.268185394651965, -30.167981428484058 ], [ -70.268282954386763, -30.170019754520091 ], [ -70.268482243835919, -30.171411858983152 ], [ -70.268583739089976, -30.172069640979061 ], [ -70.268911566676508, -30.172504142477436 ], [ -70.269446439766327, -30.172810238948482 ], [ -70.26987630249441, -30.173054223278495 ], [ -70.270666624111712, -30.173768459220742 ], [ -70.271545566328413, -30.174274193335929 ], [ -70.272414889385047, -30.174924452825071 ], [ -70.274021589152767, -30.176659395513706 ], [ -70.274435830178049, -30.177954711457929 ], [ -70.274490925651065, -30.178328646243582 ], [ -70.274427995970456, -30.178965401053173 ], [ -70.2743447679577, -30.179624896955573 ], [ -70.274073261146228, -30.180701348103675 ], [ -70.27401620644757, -30.181080882969866 ], [ -70.273945544967333, -30.18157334892549 ], [ -70.273889658078573, -30.18207017963892 ], [ -70.27387117434327, -30.182571082292903 ], [ -70.273805643141614, -30.183058989587209 ], [ -70.273644828536078, -30.183547822407611 ], [ -70.273369948550723, -30.184006199348712 ], [ -70.272957259814248, -30.184321475768151 ], [ -70.272204176060427, -30.184698670257838 ], [ -70.27173358641231, -30.184951453291955 ], [ -70.270982142083895, -30.185450516506155 ], [ -70.270359666185854, -30.186061127083899 ], [ -70.270234782395065, -30.186526988636857 ], [ -70.270167501275225, -30.187019419601647 ], [ -70.270141124941858, -30.187443745272226 ], [ -70.270050052840034, -30.188495821076202 ], [ -70.270183013383559, -30.189626964795973 ], [ -70.27048316477449, -30.191207685094604 ], [ -70.270393324262926, -30.191971024431226 ], [ -70.269918735315173, -30.193035758414887 ], [ -70.269427196954638, -30.193509751269598 ], [ -70.268791669433838, -30.193764047488788 ], [ -70.267940051273143, -30.193876066816699 ], [ -70.267201623533182, -30.19400953125103 ], [ -70.266822657552481, -30.194098938104247 ], [ -70.266268940502925, -30.194230613326194 ], [ -70.265711104677791, -30.194339706512935 ], [ -70.265150457125827, -30.194435371133821 ], [ -70.264587419156868, -30.194503929556976 ], [ -70.264019214976727, -30.194541045453455 ], [ -70.263446211098028, -30.194555511976535 ], [ -70.262871473470824, -30.194547595453113 ], [ -70.262299822454935, -30.194521462225246 ], [ -70.261734040132808, -30.194468290425696 ], [ -70.26117922264703, -30.194360828672906 ], [ -70.260629817510832, -30.194217239978514 ], [ -70.260078146823503, -30.194082688812614 ], [ -70.259517721155405, -30.193988874102452 ], [ -70.258952024173212, -30.193922088707797 ], [ -70.258384004147715, -30.193873358595507 ], [ -70.257814709412813, -30.193824712314569 ], [ -70.257246888813299, -30.193771466376901 ], [ -70.256560658581222, -30.193687790137851 ], [ -70.255967926800565, -30.193535578847708 ], [ -70.254877008227965, -30.193076861914346 ], [ -70.254356249467861, -30.19281558986556 ], [ -70.253899854997883, -30.192657554635126 ], [ -70.253271134910307, -30.192713239224169 ], [ -70.25259948164036, -30.193175291906691 ], [ -70.252033229499332, -30.193857498262936 ], [ -70.251518095989539, -30.194444377004704 ], [ -70.250986498157246, -30.194887122582536 ], [ -70.25075756071044, -30.195241159219982 ], [ -70.250520057827416, -30.195590842716584 ], [ -70.250268371444378, -30.195936151378898 ], [ -70.249996205269497, -30.196263544476292 ], [ -70.249708835108407, -30.196586646774666 ], [ -70.249427249199456, -30.196909619904201 ], [ -70.249143108481832, -30.197232616819448 ], [ -70.248822630910951, -30.197515377519782 ], [ -70.2482833488897, -30.19797178647957 ], [ -70.247611693823117, -30.198451849563824 ], [ -70.247273281387592, -30.198622052586224 ], [ -70.246799061647422, -30.198603943004823 ], [ -70.246277220417426, -30.198527667663065 ], [ -70.245825804410742, -30.198387668926184 ], [ -70.245318484447282, -30.198112705849148 ], [ -70.245066056954144, -30.197866958244806 ], [ -70.244652535479389, -30.197424267216157 ], [ -70.244361566667294, -30.196881065662208 ], [ -70.244096808898547, -30.196554270131141 ], [ -70.243809419872861, -30.196308851721181 ], [ -70.243400419618922, -30.195798403693409 ], [ -70.24287624366751, -30.195541701924125 ], [ -70.241998937282929, -30.195550014345056 ], [ -70.240696035167886, -30.195629984674536 ], [ -70.240090880585171, -30.195734982222415 ], [ -70.239647215242755, -30.195865504596338 ], [ -70.239301593827079, -30.196004117122939 ], [ -70.238527471529295, -30.196349832732796 ], [ -70.23765442226086, -30.196624257240707 ], [ -70.236054346670059, -30.197501096993783 ], [ -70.235844756239544, -30.197773763608868 ], [ -70.23535390149695, -30.198310752106643 ], [ -70.234901158678582, -30.198554144550371 ], [ -70.234403584537645, -30.198689666319016 ], [ -70.232670918509214, -30.198963131662904 ], [ -70.232232784992334, -30.199102595419419 ], [ -70.231783932777475, -30.199215104015209 ], [ -70.231336468459716, -30.199336541818941 ], [ -70.230002891572653, -30.200089062023615 ], [ -70.228584575706549, -30.200639233353694 ], [ -70.227220584558921, -30.201035425551474 ], [ -70.22593945311479, -30.201629448442443 ], [ -70.225620471238869, -30.20182646824243 ], [ -70.22442705579067, -30.202234562905161 ], [ -70.224078097133713, -30.202526623366193 ], [ -70.223988716559575, -30.202992186535745 ], [ -70.224050544007326, -30.203442735727972 ], [ -70.224288491556393, -30.203711205176969 ], [ -70.22541126259236, -30.204873734406522 ], [ -70.225954132484858, -30.205635715542996 ], [ -70.226298219578013, -30.206453513549889 ], [ -70.226729841207415, -30.207144312754536 ], [ -70.227176147596765, -30.208263553869507 ], [ -70.227238350540304, -30.208619408682104 ], [ -70.227513084100281, -30.209744689825936 ], [ -70.227642960727408, -30.210690964398591 ], [ -70.227503164004588, -30.211797581383067 ], [ -70.22718511547825, -30.213903031742234 ], [ -70.227045265754811, -30.214594594518569 ], [ -70.226859058471163, -30.214966300447887 ], [ -70.226636923966012, -30.215248088769986 ], [ -70.226284080993764, -30.215806371960102 ], [ -70.225981696391031, -30.216219746239769 ], [ -70.225226760311088, -30.216474950235906 ], [ -70.224472546476647, -30.216788761128694 ], [ -70.223695869370204, -30.217206634338908 ], [ -70.223108232833837, -30.217604627505061 ], [ -70.222870608678249, -30.218080516418311 ], [ -70.222784361427827, -30.219082920757337 ], [ -70.222676351591318, -30.219544072645302 ], [ -70.222561122893211, -30.219937730402787 ], [ -70.222404702846021, -30.220318170477185 ], [ -70.222240280606314, -30.220698612185114 ], [ -70.222072283970078, -30.221079160316819 ], [ -70.221906188169001, -30.221455181602096 ], [ -70.221747861896816, -30.221840148150036 ], [ -70.221620341550647, -30.222238354657797 ], [ -70.221490749689451, -30.222627561695635 ], [ -70.221302695469561, -30.222990333369196 ], [ -70.22103693967253, -30.223326627279604 ], [ -70.220696383856748, -30.223726817180172 ], [ -70.220086625408186, -30.224246822857406 ], [ -70.218910274357114, -30.224916459933983 ], [ -70.218053679529746, -30.225542533468492 ], [ -70.217201879011029, -30.226669282077349 ], [ -70.21606188367781, -30.22836728488593 ], [ -70.214725806779327, -30.229642948946974 ], [ -70.214360966806467, -30.229975638153977 ], [ -70.214024113846278, -30.230258467762425 ], [ -70.213673077386062, -30.230523392320894 ], [ -70.213313557236333, -30.230783885910729 ], [ -70.212955453729791, -30.231048874249776 ], [ -70.212610256318911, -30.23131832470364 ], [ -70.212194395631187, -30.231719116189435 ], [ -70.210197486568674, -30.233510665333736 ], [ -70.208344466055095, -30.235156568234167 ], [ -70.206631979781207, -30.236548349381277 ], [ -70.206230464290229, -30.236858809438797 ], [ -70.205979207301894, -30.237113850449216 ], [ -70.205651422834507, -30.237446175997679 ], [ -70.205041451485243, -30.237948078958013 ], [ -70.204501334030766, -30.238363591426985 ], [ -70.203899774505814, -30.239018792672354 ], [ -70.203932423774802, -30.239699801907204 ], [ -70.204223476130238, -30.239949708012112 ], [ -70.205083333638726, -30.241164492278696 ], [ -70.205395418249879, -30.2417210381956 ], [ -70.205566920112361, -30.242170660339365 ], [ -70.205936195966089, -30.243317658751437 ], [ -70.20635550348959, -30.244328998037158 ], [ -70.206604032294408, -30.244601834422618 ], [ -70.207243954373553, -30.245593027910644 ], [ -70.207631257618402, -30.246248221313504 ], [ -70.207660165404249, -30.246676534886667 ], [ -70.207488727322186, -30.247688658299243 ], [ -70.207336698240127, -30.248533767475532 ], [ -70.20728660728156, -30.248872627951737 ], [ -70.207221995056457, -30.249270241522638 ], [ -70.207165238598492, -30.249676799203463 ], [ -70.207084620191623, -30.250074633006754 ], [ -70.206933854140871, -30.250459438605318 ], [ -70.206735534872209, -30.250826720065632 ], [ -70.20657463672336, -30.251211692659577 ], [ -70.20647460392658, -30.251609630437212 ], [ -70.206402493463784, -30.252007312081215 ], [ -70.206365569112336, -30.252413686944443 ], [ -70.206304837609238, -30.252815845809803 ], [ -70.20618879054588, -30.253150731732902 ], [ -70.206411752399404, -30.253879585326455 ], [ -70.207162116952873, -30.254337324271212 ], [ -70.208139291742526, -30.254883295314066 ], [ -70.20902277494298, -30.255412013092947 ], [ -70.209621461655672, -30.25592081017076 ], [ -70.211298803140693, -30.25758821063453 ], [ -70.211647968410148, -30.257828541989074 ], [ -70.212226212161923, -30.258175116534211 ], [ -70.212514207550427, -30.258564957217622 ], [ -70.212172326719596, -30.25928542790961 ], [ -70.211471583305809, -30.260343180235758 ], [ -70.211109323294437, -30.2609375098755 ], [ -70.210970955791225, -30.261340314312243 ], [ -70.210561711195552, -30.263220962315657 ], [ -70.209997142497372, -30.26422777581082 ], [ -70.209210216511863, -30.264983986917652 ], [ -70.208184056589744, -30.2655437822627 ], [ -70.207143983560542, -30.265684284379407 ], [ -70.206605040204138, -30.265761469719692 ], [ -70.205692103042139, -30.265769879397176 ], [ -70.203967013404821, -30.266160223729102 ], [ -70.203491206341539, -30.266331505964313 ], [ -70.20308945189872, -30.266416360240793 ], [ -70.20174155317109, -30.266699427127733 ], [ -70.201361733790861, -30.26762778132349 ], [ -70.20127388753923, -30.269938615816159 ], [ -70.201465385001597, -30.273816840968809 ], [ -70.201415139532827, -30.274250389704573 ], [ -70.201392238781281, -30.275013069026613 ], [ -70.201327894254121, -30.27556863883963 ], [ -70.201222274834592, -30.275916950605438 ], [ -70.200825055087307, -30.277098116075717 ], [ -70.200503386350363, -30.277944771983353 ], [ -70.199189832910989, -30.27925163989029 ], [ -70.197946795424798, -30.280855594861531 ], [ -70.196090913777056, -30.282374958595135 ], [ -70.194673752246075, -30.284391090551061 ], [ -70.193535641578336, -30.286350481393253 ], [ -70.192917746189934, -30.28700127379652 ], [ -70.192453056676612, -30.287587467847761 ], [ -70.192120185948085, -30.288199662014648 ], [ -70.191918976799187, -30.288697709524943 ], [ -70.191771795026384, -30.289127628232176 ], [ -70.192288336196214, -30.28992604778945 ], [ -70.192514316389094, -30.290208206036059 ], [ -70.192737718417106, -30.290544567739047 ], [ -70.193118344484446, -30.290929022363581 ], [ -70.19345873590855, -30.291219227637626 ], [ -70.195199120261904, -30.292078539209967 ], [ -70.196709879957268, -30.292894909838445 ], [ -70.197678084170505, -30.293228960183928 ], [ -70.198398649809349, -30.293357708741716 ], [ -70.199214996518734, -30.293440484170027 ], [ -70.199385429386027, -30.293831428943683 ], [ -70.199012251250693, -30.294146118261121 ], [ -70.198540470436512, -30.294330947958059 ], [ -70.198113425723477, -30.294461185083655 ], [ -70.197741383956995, -30.29475782472343 ], [ -70.197448131627439, -30.295166541132595 ], [ -70.197153648605934, -30.295593304896141 ], [ -70.196486565065854, -30.29633481890378 ], [ -70.196321567904363, -30.296692761601676 ], [ -70.196128973599016, -30.297619387858081 ], [ -70.196323190261751, -30.297956010346887 ], [ -70.196488066150692, -30.298450790294307 ], [ -70.196353929712458, -30.29911971990359 ], [ -70.196023638945434, -30.299776916278699 ], [ -70.195935396536754, -30.30072513312231 ], [ -70.19563009061271, -30.30180624239431 ], [ -70.194906204800574, -30.302841501489237 ], [ -70.194478400112814, -30.303846925850095 ], [ -70.19409871368326, -30.305582886532324 ], [ -70.193627202363658, -30.306624853022484 ], [ -70.193010648159984, -30.307185381017792 ], [ -70.19160431671807, -30.308411860639293 ], [ -70.189788267268341, -30.30964648731619 ], [ -70.187774217451889, -30.310043767081662 ], [ -70.18662176877389, -30.310176041568685 ], [ -70.18532887478942, -30.310566741245694 ], [ -70.184768609919772, -30.310571816234187 ], [ -70.18345981934803, -30.311079949676902 ], [ -70.182455340265321, -30.311468011340814 ], [ -70.181591393625666, -30.311597634764674 ], [ -70.180848322493986, -30.311775760641808 ], [ -70.180310407708603, -30.312985261442225 ], [ -70.179465918577989, -30.314747847853173 ], [ -70.178326066975231, -30.315881530183042 ], [ -70.177822949330675, -30.316585328519626 ], [ -70.177242540639085, -30.317267349853868 ], [ -70.176403232092724, -30.318073440641257 ], [ -70.175827031109918, -30.318674106561961 ], [ -70.175579170651673, -30.319429784791261 ], [ -70.176443406548842, -30.321542508762811 ], [ -70.176613960688712, -30.322353040902176 ], [ -70.175949773317086, -30.323022282724583 ], [ -70.174964041176025, -30.323387501406181 ], [ -70.174603105281406, -30.32388703032613 ], [ -70.173999462563287, -30.325033896545872 ], [ -70.173549101178764, -30.325638006757533 ], [ -70.172820477651811, -30.325901704712876 ], [ -70.171489674762356, -30.326436973377362 ], [ -70.170472791742213, -30.326888182371665 ], [ -70.168420461118231, -30.32801641752209 ], [ -70.167638811836682, -30.328158743016594 ], [ -70.167024795373692, -30.328899563275389 ], [ -70.166433789256686, -30.329965120413952 ], [ -70.165969042251191, -30.331949906476041 ], [ -70.165275939008879, -30.334333666469846 ], [ -70.163012566276905, -30.338107461394561 ], [ -70.162312491209676, -30.339304731734508 ], [ -70.161968095096057, -30.339894408027568 ], [ -70.161726715084271, -30.340952253229727 ], [ -70.161400863791371, -30.342434844280024 ], [ -70.160525356732308, -30.343972135698799 ], [ -70.159966097077444, -30.345921591640039 ], [ -70.159544834819911, -30.346782557782163 ], [ -70.15914129722124, -30.347282349545516 ], [ -70.158552206312422, -30.348135783303977 ], [ -70.158161343044114, -30.348373863270577 ], [ -70.157233509119749, -30.348413642824227 ], [ -70.156184731415422, -30.348337177598978 ], [ -70.154765732829702, -30.347767760691095 ], [ -70.154635546283771, -30.348170434098321 ], [ -70.154279537648478, -30.348561575271614 ], [ -70.153841528099079, -30.348908348604343 ], [ -70.153655499580154, -30.349266424066631 ], [ -70.153575728284622, -30.350029521385309 ], [ -70.153211214400201, -30.351440363294572 ], [ -70.153087804744786, -30.352334754243646 ], [ -70.152664473667144, -30.353222845655917 ], [ -70.15275407073527, -30.35430022685599 ], [ -70.153124656332679, -30.355149679399048 ], [ -70.1538809605468, -30.357010844810286 ], [ -70.154844955254603, -30.358685151520643 ], [ -70.155228095706434, -30.360048734765542 ], [ -70.155451995401108, -30.361228854643837 ], [ -70.155375866774037, -30.36216340908701 ], [ -70.154735337433749, -30.363197714805406 ], [ -70.154167677632657, -30.363920103978565 ], [ -70.153868636559423, -30.364906225643693 ], [ -70.153148850658241, -30.366184856649802 ], [ -70.151217334456817, -30.367022968237357 ], [ -70.15007576886849, -30.368124864569193 ], [ -70.149036057860343, -30.368950657850093 ], [ -70.148097393846925, -30.369459629232253 ], [ -70.146427266731934, -30.370250359055351 ], [ -70.144657776963371, -30.371492985678007 ], [ -70.143882507516977, -30.37250136571431 ], [ -70.14342359147598, -30.373642317036666 ], [ -70.143142306502639, -30.374312481544319 ], [ -70.143017877259382, -30.374850437468133 ], [ -70.142407845722971, -30.376538592503593 ], [ -70.141640568587675, -30.378232702019943 ], [ -70.141490512205991, -30.378870152741385 ], [ -70.141721406183464, -30.379928342185586 ], [ -70.141745501694331, -30.38065895952289 ], [ -70.141630730238688, -30.381273556418261 ], [ -70.141548966479832, -30.38207288253934 ], [ -70.141343781387476, -30.384510866299067 ], [ -70.141146913796334, -30.385090108482988 ], [ -70.140522129228017, -30.385794903258194 ], [ -70.139506668240955, -30.386742081043469 ], [ -70.138593720299184, -30.388171263776034 ], [ -70.137746444594555, -30.389126052795653 ], [ -70.137351942251016, -30.389436248384325 ], [ -70.136352434445087, -30.390058541281928 ], [ -70.135950865953504, -30.390517738875729 ], [ -70.135844958174772, -30.390951745258018 ], [ -70.135958894197216, -30.392051542379111 ], [ -70.135994028206284, -30.39303929960802 ], [ -70.135884720304205, -30.393599735747408 ], [ -70.135525917010042, -30.394049468097116 ], [ -70.135010648752967, -30.394920192069684 ], [ -70.134552055207166, -30.396106199750477 ], [ -70.134402100335095, -30.396743713636283 ], [ -70.134036171604109, -30.397058086953376 ], [ -70.133415130315598, -30.398326736070363 ], [ -70.132662590940825, -30.39906416593934 ], [ -70.132578826633832, -30.399904083706723 ], [ -70.132882571285919, -30.400569077597954 ], [ -70.133211919720225, -30.401567881747571 ], [ -70.133769679188561, -30.402208122889022 ], [ -70.133778909378108, -30.40286679975241 ], [ -70.133536273521528, -30.4035140619687 ], [ -70.133059256427572, -30.403788888916264 ], [ -70.132363115082981, -30.404237030994864 ], [ -70.131354507343232, -30.40503979902973 ], [ -70.130153807456367, -30.405469828316907 ], [ -70.129752018877554, -30.405577086062181 ], [ -70.128941617218715, -30.405687874289558 ], [ -70.128212349599721, -30.406194898731581 ], [ -70.127640656363027, -30.406700630571756 ], [ -70.126951467978714, -30.407193847546182 ], [ -70.126390455710748, -30.407464866311841 ], [ -70.12553715770045, -30.407688804437679 ], [ -70.125012563134106, -30.408072228894547 ], [ -70.124943305720635, -30.408614274741968 ], [ -70.125000099907837, -30.409164252431307 ], [ -70.125245352556817, -30.410159145373317 ], [ -70.125119595603579, -30.410994909710524 ], [ -70.1248786872073, -30.411605996088408 ], [ -70.124775415085622, -30.41198586316715 ], [ -70.124032046611575, -30.413381848483215 ], [ -70.123376060858504, -30.41470944337264 ], [ -70.122497675597302, -30.417121622354177 ], [ -70.121606969941936, -30.420630252360844 ], [ -70.120669481823228, -30.422528680044255 ], [ -70.12001180993235, -30.423053154549208 ], [ -70.118788743791555, -30.423916359363421 ], [ -70.118147578444052, -30.424955003799507 ], [ -70.117624889204393, -30.426137065644443 ], [ -70.117208615291645, -30.427728680350278 ], [ -70.117430329385229, -30.429197527296903 ], [ -70.117284328897043, -30.430434979752619 ], [ -70.117121801204263, -30.431158177704702 ], [ -70.117215112806093, -30.431816062021955 ], [ -70.117483064983986, -30.43205740118805 ], [ -70.118650646681246, -30.433139239045385 ], [ -70.119656025875884, -30.433811844865467 ], [ -70.121134864835952, -30.434575138687183 ], [ -70.121564688936473, -30.434797042642231 ], [ -70.123000710596841, -30.435759151937223 ], [ -70.124196803024589, -30.437115888627215 ], [ -70.124679996036122, -30.43841105118285 ], [ -70.124585062975214, -30.439467635052441 ], [ -70.124642380880232, -30.440856644824169 ], [ -70.124858575724716, -30.442433810081443 ], [ -70.125698490633908, -30.444181667722706 ], [ -70.126861770299286, -30.445358151296446 ], [ -70.12823168134463, -30.44661399993991 ], [ -70.129349310423905, -30.447858638804121 ], [ -70.129910751188262, -30.448426638400758 ], [ -70.130339122712968, -30.449979408783037 ], [ -70.130629772623152, -30.450775495269717 ], [ -70.130991873632695, -30.451530306708683 ], [ -70.131369342121829, -30.452388763343446 ], [ -70.131860620869247, -30.453977054170966 ], [ -70.132127614544743, -30.454385274255081 ], [ -70.132245343254297, -30.455476087097416 ], [ -70.133570860456615, -30.456556335523974 ], [ -70.134904271155335, -30.458322306632564 ], [ -70.135776217292602, -30.459221536656887 ], [ -70.136015267972851, -30.45953522937479 ], [ -70.138429534316387, -30.460136787822801 ], [ -70.142083902451745, -30.461223729704269 ], [ -70.144255461073499, -30.462472453089905 ], [ -70.146295277267242, -30.463826002611135 ], [ -70.147297327305424, -30.464011224847173 ], [ -70.148400034469518, -30.463866178828553 ], [ -70.14973883416161, -30.464061944638242 ], [ -70.150280499413313, -30.464192510967127 ], [ -70.151162470749171, -30.465100562519517 ], [ -70.152273310361522, -30.466493847254743 ], [ -70.153022321153841, -30.466969980209818 ], [ -70.153890906693633, -30.467476613339674 ], [ -70.154762327316462, -30.467969688700617 ], [ -70.155643239538577, -30.468449073324827 ], [ -70.156539389882866, -30.468910354895787 ], [ -70.157251748513289, -30.469314571431607 ], [ -70.157857682833665, -30.469760308054692 ], [ -70.158514186016333, -30.470029745383293 ], [ -70.160031348903061, -30.470462938987609 ], [ -70.161893954440714, -30.471118485385091 ], [ -70.162949192828549, -30.471519687925724 ], [ -70.164063661634657, -30.47246615523045 ], [ -70.164655230995336, -30.4733497229271 ], [ -70.164878887246573, -30.473649971422098 ], [ -70.165220823772941, -30.47384989217479 ], [ -70.16596673178428, -30.474213179217926 ], [ -70.166574294750276, -30.474582208820475 ], [ -70.168097106243508, -30.475908466507466 ], [ -70.169421786215977, -30.476898165756833 ], [ -70.170587100565484, -30.477704267872159 ], [ -70.171858242743639, -30.478559079703441 ], [ -70.172647180955408, -30.478840706196628 ], [ -70.173251948364239, -30.479128567126434 ], [ -70.173973488675173, -30.479496534506545 ], [ -70.174304158531257, -30.47976424015943 ], [ -70.174491515658488, -30.480100868943545 ], [ -70.174943228109214, -30.480732925682535 ], [ -70.175311693682559, -30.480977743591911 ], [ -70.175827044584651, -30.481130982657639 ], [ -70.17625039991681, -30.481248979229235 ], [ -70.177463282755539, -30.481729799573717 ], [ -70.178094852299196, -30.482107573432227 ], [ -70.178770223696105, -30.482656434477999 ], [ -70.179693334278696, -30.483401517911524 ], [ -70.180100877465222, -30.483799343342859 ], [ -70.180943092959836, -30.484310464847056 ], [ -70.182649233534576, -30.484994324086756 ], [ -70.184516988215435, -30.48558193184094 ], [ -70.185218103531739, -30.485841733174983 ], [ -70.186185853197443, -30.486144194298667 ], [ -70.187557457567081, -30.486627983213197 ], [ -70.18845631543364, -30.487075486069617 ], [ -70.189256257109307, -30.488069758244094 ], [ -70.189524711445458, -30.488374061785297 ], [ -70.190900233368055, -30.489308889979704 ], [ -70.19305243239711, -30.490408083677465 ], [ -70.19412897972181, -30.491268961134299 ], [ -70.19435474611565, -30.49160528074766 ], [ -70.194766816811196, -30.492016544701229 ], [ -70.195166881522979, -30.49236020925483 ], [ -70.195876468850756, -30.492015387454373 ], [ -70.196322546169711, -30.491808247010869 ], [ -70.196722185978359, -30.491628659552401 ], [ -70.198373886850234, -30.490860059631967 ], [ -70.199027897207998, -30.490425480596176 ], [ -70.19942590747273, -30.489988670227948 ], [ -70.200049649995307, -30.489689705262027 ], [ -70.201599892444051, -30.488962579604443 ], [ -70.202076304073515, -30.488732595814209 ], [ -70.203014078754805, -30.488340542940314 ], [ -70.203399713828176, -30.488197134018606 ], [ -70.204719673153832, -30.487535220963728 ], [ -70.205445436444919, -30.487275868492972 ], [ -70.206940645404401, -30.48675681854278 ], [ -70.207463289728281, -30.486720343549518 ], [ -70.208059104526995, -30.486769004739138 ], [ -70.209373664079479, -30.487158329763723 ], [ -70.210410796922773, -30.487798352730927 ], [ -70.211537621157291, -30.488112748409122 ], [ -70.212753784643439, -30.488101367454682 ], [ -70.213686417368052, -30.487849135220678 ], [ -70.214899294816888, -30.487594211514942 ], [ -70.215929314799752, -30.487665843292792 ], [ -70.216774122832291, -30.487901515448815 ], [ -70.218178611829558, -30.487969633313647 ], [ -70.219121404500029, -30.488150341467911 ], [ -70.219534475020481, -30.488326906263264 ], [ -70.219975052853272, -30.488512231296735 ], [ -70.22051376444432, -30.488764342600021 ], [ -70.221076632631664, -30.488989172342613 ], [ -70.221858345693605, -30.489193912882627 ], [ -70.222932516076071, -30.489436486298587 ], [ -70.223642285761812, -30.489723051018803 ], [ -70.224107764894285, -30.489953290241676 ], [ -70.224862935434501, -30.489986776793288 ], [ -70.225372202047168, -30.489815088716146 ], [ -70.22597643316179, -30.489471021931383 ], [ -70.226605518863664, -30.48918991542693 ], [ -70.227478273484692, -30.488888477844185 ], [ -70.228236483923851, -30.488858792535908 ], [ -70.230918848870644, -30.489185333525072 ], [ -70.232229488175236, -30.489254186660482 ], [ -70.233233646559384, -30.48941166791732 ], [ -70.23472256371862, -30.48954644153666 ], [ -70.235119079186717, -30.489538102954622 ], [ -70.237114775523608, -30.489717718268466 ], [ -70.237945700991745, -30.489795498674834 ], [ -70.238412470104947, -30.489606128330376 ], [ -70.239374635842822, -30.489479680995878 ], [ -70.240294186401954, -30.489358141286846 ], [ -70.241125028326778, -30.489463103678375 ], [ -70.24200483023121, -30.489283240956713 ], [ -70.242578510541293, -30.48931384499177 ], [ -70.244278991729743, -30.488950224154305 ], [ -70.245115326852527, -30.488843044177411 ], [ -70.246012394376706, -30.488545685831795 ], [ -70.246850459654723, -30.488239942211891 ], [ -70.247676158724545, -30.48783504174903 ], [ -70.248133310474316, -30.487636711876483 ], [ -70.248955987611495, -30.48724986903364 ], [ -70.249533808256771, -30.486757081743576 ], [ -70.250207690246938, -30.486141556855145 ], [ -70.2514167552457, -30.485498350607298 ], [ -70.252556292438129, -30.485045245061293 ], [ -70.253208095635244, -30.48468714412444 ], [ -70.25410313296689, -30.484236375801459 ], [ -70.255363945417599, -30.483845352230222 ], [ -70.256627727698643, -30.483666276494759 ], [ -70.258933619489667, -30.483134237979598 ], [ -70.261555966195715, -30.482644112289975 ], [ -70.26215840517132, -30.482511960460613 ], [ -70.263012899737575, -30.482323333067239 ], [ -70.263850123294162, -30.482139228706178 ], [ -70.265474648332074, -30.481785086967811 ], [ -70.26607903755017, -30.481652899134978 ], [ -70.266559534717544, -30.481548964148004 ], [ -70.267091501757434, -30.480997930741655 ], [ -70.26739938584636, -30.480692699135052 ], [ -70.267674547902715, -30.480365165808681 ], [ -70.268032849038619, -30.47987443238409 ], [ -70.268227057616528, -30.479543250703315 ], [ -70.268472399198714, -30.479035578692599 ], [ -70.268588809181438, -30.478614903085859 ], [ -70.268805154942896, -30.478003735717031 ], [ -70.268966659454549, -30.477704433549238 ], [ -70.269374740731934, -30.477118452053144 ], [ -70.270107530645191, -30.476263211825444 ], [ -70.270583611694619, -30.475775758943804 ], [ -70.270941335213791, -30.474743666961007 ], [ -70.271706817515181, -30.473707672789285 ], [ -70.272168738420788, -30.473202391359241 ], [ -70.27284660893082, -30.472839356815278 ], [ -70.273209649578163, -30.472664403749725 ], [ -70.273544918808511, -30.472467102118195 ], [ -70.274135777601799, -30.472172617259918 ], [ -70.274576906101842, -30.471847957890187 ], [ -70.276215419705352, -30.471385336858088 ], [ -70.277129551626672, -30.47129064698515 ], [ -70.277830229463447, -30.470931872957127 ], [ -70.27867867926615, -30.470571720218828 ], [ -70.279382804836985, -30.470497108164171 ], [ -70.28172349017558, -30.470785382434514 ], [ -70.285782929333806, -30.470506382896218 ], [ -70.286205062957166, -30.470330737330354 ], [ -70.287026078211099, -30.470060977971098 ], [ -70.287681852860089, -30.469950801738545 ], [ -70.288724644191348, -30.469642697075194 ], [ -70.290368861198587, -30.468805390472827 ], [ -70.291283319208361, -30.467975291313845 ], [ -70.292000885372488, -30.46702074027116 ], [ -70.292417426084882, -30.466475259085712 ], [ -70.292807644362838, -30.466101446204561 ], [ -70.292376304804449, -30.465429028336253 ], [ -70.291508592427107, -30.465072186254396 ], [ -70.2911163843808, -30.464570784927506 ], [ -70.290571515736787, -30.463912936593648 ], [ -70.290012568695659, -30.463435799132437 ], [ -70.289633793157805, -30.46282604794655 ], [ -70.289305707754778, -30.462332951192863 ], [ -70.288915247830005, -30.461917267464838 ], [ -70.287489715797221, -30.460469597327823 ], [ -70.286905770438366, -30.459821209215125 ], [ -70.286398208828089, -30.459316495343689 ], [ -70.286052199340219, -30.458918325188421 ], [ -70.285850674882653, -30.458392556058708 ], [ -70.285404550851311, -30.457783381946324 ], [ -70.284811656475583, -30.457094418303218 ], [ -70.284296256166158, -30.456783727657545 ], [ -70.283951349809442, -30.45644873735111 ], [ -70.284067775063519, -30.456068627584976 ], [ -70.284403039802285, -30.455623239497534 ], [ -70.284768533748675, -30.454906874874869 ], [ -70.285040842755691, -30.454150699577824 ], [ -70.285297293803012, -30.453304577396597 ], [ -70.28552594019564, -30.45220601178778 ], [ -70.285561812619875, -30.45119516049866 ], [ -70.285482565940455, -30.450708617539338 ], [ -70.285064035459683, -30.449936775823026 ], [ -70.284709589892998, -30.449471124985479 ], [ -70.28437110020235, -30.449122546364158 ], [ -70.283444938941059, -30.448725643328032 ], [ -70.283046969100525, -30.448603234957154 ], [ -70.282028770946795, -30.448135011297325 ], [ -70.281419164313533, -30.448235758782317 ], [ -70.28098126076533, -30.448073157789942 ], [ -70.280590575363448, -30.447887547468806 ], [ -70.280206815972377, -30.447552854165878 ], [ -70.280454340460707, -30.447203096190481 ], [ -70.281205708432338, -30.446970204113718 ], [ -70.281763712242423, -30.446838328365484 ], [ -70.283310057799468, -30.446453182101752 ], [ -70.284218457570958, -30.446011173111653 ], [ -70.285441050299596, -30.44548483095171 ], [ -70.286623197280903, -30.444958876273756 ], [ -70.289180916490452, -30.443458351825935 ], [ -70.289997255114997, -30.442209614023305 ], [ -70.290662467464372, -30.441327877451368 ], [ -70.290853845450798, -30.441032762522973 ], [ -70.291152846998173, -30.440307945538205 ], [ -70.291341057524932, -30.439850394820198 ], [ -70.291795111883616, -30.437247402662617 ], [ -70.291490708766432, -30.436221734557535 ], [ -70.291463999158083, -30.435554319198399 ], [ -70.291088718066689, -30.434755015698418 ], [ -70.290502519733081, -30.434151749187382 ], [ -70.290562844299359, -30.433641357438887 ], [ -70.29103775753893, -30.43363215123021 ], [ -70.2912334689983, -30.433932455512469 ], [ -70.291787406135114, -30.434242814689611 ], [ -70.29241828936587, -30.434087703383909 ], [ -70.293364483956324, -30.43369027363747 ], [ -70.293952690024597, -30.433585248813284 ], [ -70.294509678738407, -30.433480456239028 ], [ -70.294987630978582, -30.433326848661107 ], [ -70.295909481224825, -30.433128180074704 ], [ -70.297518483374617, -30.432728720971433 ], [ -70.297948119727238, -30.432566565042876 ], [ -70.298377549467347, -30.432395392284544 ], [ -70.299067434045995, -30.432027672997624 ], [ -70.299764179956767, -30.431470286919748 ], [ -70.301329838394111, -30.42967265970039 ], [ -70.303451463262448, -30.427463445956089 ], [ -70.305028880646859, -30.426558926020601 ], [ -70.305664402777751, -30.425636685565216 ], [ -70.305952630829921, -30.425363196683925 ], [ -70.306479177435392, -30.424681159008983 ], [ -70.30691023312616, -30.424194176213781 ], [ -70.30678361289192, -30.423793861750021 ], [ -70.306535235004063, -30.423421966577497 ], [ -70.306261892934472, -30.423000575229185 ], [ -70.306086628927602, -30.422623438212657 ], [ -70.30617858317504, -30.422220936712705 ], [ -70.306294685933921, -30.421800230378118 ], [ -70.30653095093848, -30.421270036165478 ], [ -70.306930542238106, -30.420611884740051 ], [ -70.307147949808225, -30.420113439286006 ], [ -70.307505654462787, -30.419563918364368 ], [ -70.308313265056043, -30.418811425138305 ], [ -70.308847513816744, -30.418422596210124 ], [ -70.310143466564767, -30.417435170883394 ], [ -70.311792989022067, -30.416511812317442 ], [ -70.312686897171417, -30.415871294678748 ], [ -70.313119913884449, -30.415510444999267 ], [ -70.313820624060554, -30.415142541216763 ], [ -70.314232717213997, -30.415034616127382 ], [ -70.31491078445508, -30.41479769010294 ], [ -70.315614325222668, -30.414641736775515 ], [ -70.316051852376731, -30.414637327222724 ], [ -70.316758781589584, -30.41473397710584 ], [ -70.317707900196282, -30.414746945453878 ], [ -70.318193901341388, -30.414719495007102 ], [ -70.318873146273802, -30.414545660849214 ], [ -70.320079936738296, -30.414073341301776 ], [ -70.320739446582223, -30.413669599100828 ], [ -70.321147462282582, -30.413430936753063 ], [ -70.321562744455292, -30.413250742304154 ], [ -70.322003302525118, -30.413111016579624 ], [ -70.32245692838741, -30.412998137322827 ], [ -70.322896250375436, -30.412912380422434 ], [ -70.323263388238786, -30.41280503002422 ], [ -70.324568730178129, -30.412548168409497 ], [ -70.325873224107866, -30.412210070593328 ], [ -70.327000422939847, -30.411891797335759 ], [ -70.327324402143688, -30.411721603956217 ], [ -70.327761240289959, -30.411572805652106 ], [ -70.328206080628746, -30.411441960447455 ], [ -70.328649043488625, -30.411311131336511 ], [ -70.329092601931507, -30.411180296627183 ], [ -70.329536842195708, -30.411049452445802 ], [ -70.329981482210201, -30.410923112326 ], [ -70.330427060065858, -30.410796760421807 ], [ -70.33087337903163, -30.410674907954125 ], [ -70.331513010056625, -30.410533048046947 ], [ -70.332607361990256, -30.410178990819073 ], [ -70.333089936062578, -30.409876334162519 ], [ -70.333499971175684, -30.409601470118847 ], [ -70.333861221480674, -30.409345138515036 ], [ -70.334292904195522, -30.408894132431652 ], [ -70.334750491628199, -30.408573616333278 ], [ -70.335185699332214, -30.408357103823771 ], [ -70.336379047406794, -30.407929863169638 ], [ -70.336797182628814, -30.40769999412532 ], [ -70.337652924056684, -30.407330302219329 ], [ -70.338353455468066, -30.406966779053949 ], [ -70.33900904057252, -30.406896861360295 ], [ -70.339567039891037, -30.406787361373411 ], [ -70.340858903507879, -30.406963620382118 ], [ -70.342254591710301, -30.407161342815158 ], [ -70.342821185211122, -30.407299873092434 ], [ -70.345360700061448, -30.40840603657302 ], [ -70.345838314535087, -30.409050827069048 ], [ -70.346370270795191, -30.409740069758449 ], [ -70.346450673606384, -30.410267141705443 ], [ -70.346557165290065, -30.410942660897788 ], [ -70.346879963209304, -30.411422069550046 ], [ -70.347443184434567, -30.411691517073319 ], [ -70.349031214515733, -30.412171310178788 ], [ -70.349640271380053, -30.412250756926529 ], [ -70.350812056294544, -30.412531859220817 ], [ -70.351690288842178, -30.412712287409377 ], [ -70.352398809869698, -30.412917011619278 ], [ -70.353996198599489, -30.413793642554591 ], [ -70.354579915786275, -30.414062772877458 ], [ -70.355288586832444, -30.414308058103192 ], [ -70.35565686825116, -30.41453884044488 ], [ -70.355879499524647, -30.414807277687959 ], [ -70.356259072766491, -30.415434863492862 ], [ -70.356550821316262, -30.415878498458135 ], [ -70.357118462252728, -30.416463548305718 ], [ -70.357244515650009, -30.416778075041066 ], [ -70.357468966011965, -30.417177246207931 ], [ -70.357816538568429, -30.417678913014424 ], [ -70.35808922935945, -30.418032419363001 ], [ -70.358604055645401, -30.418257232630801 ], [ -70.359455489651481, -30.41830247456603 ], [ -70.360065151980308, -30.418422370783222 ], [ -70.36055944367719, -30.418967663074334 ], [ -70.360665106215848, -30.419575618736928 ], [ -70.360576092154332, -30.420167493544522 ], [ -70.36028727929893, -30.420693893339806 ], [ -70.359840564176125, -30.42118128325005 ], [ -70.359101267765269, -30.421856580497234 ], [ -70.35882311791228, -30.422396390896708 ], [ -70.358823939870774, -30.422757234479654 ], [ -70.35882536639545, -30.423235520763246 ], [ -70.358928953825796, -30.423712596293431 ], [ -70.359001030152612, -30.424199091159739 ], [ -70.359051725677361, -30.424545961779046 ], [ -70.359714949156682, -30.424908923720643 ], [ -70.359786084947388, -30.425278125333442 ], [ -70.360050403439971, -30.4261325590113 ], [ -70.360017607745576, -30.427752443192567 ], [ -70.359899946409669, -30.428087541409727 ], [ -70.359637068814806, -30.428843690375775 ], [ -70.359384544303595, -30.429473412034135 ], [ -70.35877449749583, -30.430481306631865 ], [ -70.358566692916099, -30.43098424038201 ], [ -70.35869564787177, -30.431438581874108 ], [ -70.359223793478449, -30.431911162043196 ], [ -70.360179910859529, -30.432158423213664 ], [ -70.360929830746926, -30.432267833544884 ], [ -70.361962798102226, -30.432581912763922 ], [ -70.362761296185255, -30.432681862269373 ], [ -70.363561059994481, -30.432835899188486 ], [ -70.364824311371208, -30.433576104562729 ], [ -70.365342120962239, -30.43376922264947 ], [ -70.366186423243263, -30.434161890214462 ], [ -70.367080089745784, -30.434472802454366 ], [ -70.367479013597162, -30.434495749616922 ], [ -70.368313480224131, -30.434689971916985 ], [ -70.36971260448253, -30.435248279098484 ], [ -70.371542976671151, -30.435711716120487 ], [ -70.372456514806075, -30.435837523027985 ], [ -70.373723509462579, -30.435815100534491 ], [ -70.374794920220481, -30.435781274702318 ], [ -70.375750527358477, -30.436078021954277 ], [ -70.3763968418492, -30.436684694497405 ], [ -70.376841365981036, -30.437171757445686 ], [ -70.377005410928319, -30.437918999621495 ], [ -70.377288798857748, -30.438660324295139 ], [ -70.377359680425243, -30.439133292345641 ], [ -70.377399979747196, -30.439827586002892 ], [ -70.377383286354259, -30.440860934695742 ], [ -70.377697756890839, -30.441403397076137 ], [ -70.378228331542033, -30.442038407850525 ], [ -70.378666013206342, -30.442642911191747 ], [ -70.379378969216432, -30.443167631473809 ], [ -70.380418164591603, -30.443941609316035 ], [ -70.381365740790969, -30.444793271130848 ], [ -70.3817134121621, -30.445533978964409 ], [ -70.381818131469728, -30.44585772157582 ], [ -70.3819130735138, -30.446637174253532 ], [ -70.382005627835838, -30.447398543113177 ], [ -70.381951559137207, -30.448161612862577 ], [ -70.382150261986482, -30.448452725668513 ], [ -70.38312958374965, -30.448297993203997 ], [ -70.383689785737232, -30.448192786635179 ], [ -70.38440880357885, -30.448266390433037 ], [ -70.384851462808157, -30.448180460860943 ], [ -70.385279659161384, -30.448175915750621 ], [ -70.386398137148575, -30.447920341434028 ], [ -70.387800861854629, -30.447905502603692 ], [ -70.389207936203292, -30.448215305408723 ], [ -70.389960609427021, -30.448532140547069 ], [ -70.390714355239183, -30.448930116943863 ], [ -70.392214232743214, -30.449153232719912 ], [ -70.393996699574373, -30.449540208327022 ], [ -70.395407284539161, -30.450093526125499 ], [ -70.395963516871504, -30.450308651976265 ], [ -70.396721263779966, -30.450404316317062 ], [ -70.397477453009714, -30.450964689456406 ], [ -70.397764187163574, -30.451173677015866 ], [ -70.398458453724174, -30.451680454246887 ], [ -70.398851852936545, -30.451179979880852 ], [ -70.399134381178243, -30.45049125220816 ], [ -70.399348990496236, -30.449640790957961 ], [ -70.39954875335755, -30.4485694863574 ], [ -70.399859890246091, -30.447519529591133 ], [ -70.400370352516404, -30.447171165478611 ], [ -70.40103692671174, -30.446649717840245 ], [ -70.401464486159426, -30.446058694527625 ], [ -70.401633169108521, -30.445637274744698 ], [ -70.40200834599537, -30.444694909279594 ], [ -70.402276955740049, -30.444186747395545 ], [ -70.40226189189103, -30.44347408506481 ], [ -70.402035532609119, -30.442732206845037 ], [ -70.40262507896378, -30.442112312144744 ], [ -70.405566112898327, -30.441110694890387 ], [ -70.406489655570567, -30.440293236437807 ], [ -70.406950223613379, -30.439801106856883 ], [ -70.407132599582354, -30.439474288746474 ], [ -70.408238142727797, -30.438330004696866 ], [ -70.408757944782124, -30.437616079700938 ], [ -70.409048451860158, -30.437157339089513 ], [ -70.409624733691331, -30.436794776678767 ], [ -70.410079060239539, -30.436392804559574 ], [ -70.411098978667027, -30.435858471596106 ], [ -70.412017308415685, -30.435230471891224 ], [ -70.412443007452424, -30.434743208711655 ], [ -70.413346080214282, -30.434146852557298 ], [ -70.413817490024257, -30.433866640514768 ], [ -70.414326860841484, -30.433468639028892 ], [ -70.415259834027566, -30.432416415949024 ], [ -70.415838200848526, -30.431841673509339 ], [ -70.415862659278773, -30.43121432413097 ], [ -70.415391556692626, -30.430475049677273 ], [ -70.415385433775668, -30.430051073069059 ], [ -70.415624853663488, -30.42961985080116 ], [ -70.415915526929894, -30.42886336936018 ], [ -70.41622971359881, -30.42835919540958 ], [ -70.416713869604337, -30.427889319158322 ], [ -70.417209522248882, -30.427153079924139 ], [ -70.417562158608604, -30.426878578249482 ], [ -70.418511480234542, -30.426579558221771 ], [ -70.419417980069213, -30.426339536265328 ], [ -70.42044758413212, -30.426260704401095 ], [ -70.421083587760009, -30.426389116859493 ], [ -70.422392274127176, -30.426411006271671 ], [ -70.423463557324297, -30.426471393262233 ], [ -70.424710047036129, -30.426403762990656 ], [ -70.426017879105444, -30.426308250160037 ], [ -70.427700663482781, -30.426289854173326 ], [ -70.42863530573868, -30.426279627896335 ], [ -70.429292092788998, -30.426434825206094 ], [ -70.430139621818526, -30.426831547875025 ], [ -70.430662618282, -30.426947626475972 ], [ -70.431496634853019, -30.427136939713954 ], [ -70.432191785355855, -30.427237671715751 ], [ -70.432752086158132, -30.427285626758064 ], [ -70.433116732094888, -30.426546258237323 ], [ -70.433301268512125, -30.425808941462076 ], [ -70.43370405062764, -30.425321788460256 ], [ -70.434593738491785, -30.424513452756663 ], [ -70.435055277613401, -30.424102372414456 ], [ -70.435703480362847, -30.423689237594022 ], [ -70.436542338853258, -30.4235176208913 ], [ -70.436817180211065, -30.42311309820839 ], [ -70.43687716521417, -30.42274250104262 ], [ -70.43695654484425, -30.422362672732572 ], [ -70.437313902749111, -30.421641483278837 ], [ -70.437489409301108, -30.421053046752686 ], [ -70.437174550692333, -30.420501572041498 ], [ -70.436429749405448, -30.419896287723013 ], [ -70.435850926240335, -30.419582389211389 ], [ -70.435314539489241, -30.419294998424789 ], [ -70.435054564351063, -30.419054238115599 ], [ -70.434408462761056, -30.418583117873556 ], [ -70.434968990837092, -30.418207021200534 ], [ -70.435716305610157, -30.418117647316159 ], [ -70.436626816422589, -30.41746702224475 ], [ -70.438195692625257, -30.415879825490428 ], [ -70.438814322835569, -30.415205274740831 ], [ -70.439508958603739, -30.414480361113686 ], [ -70.440032406021459, -30.413788818499114 ], [ -70.44113860224212, -30.412653276308244 ], [ -70.441877010219144, -30.411648104278704 ], [ -70.442121283704452, -30.41114020793227 ], [ -70.442762605358851, -30.410510550012045 ], [ -70.44353909651403, -30.409707988104174 ], [ -70.444092611442642, -30.409214630433532 ], [ -70.444546313661732, -30.408591547716266 ], [ -70.4450233604001, -30.407869012252831 ], [ -70.445168248773967, -30.407308031997939 ], [ -70.445118522531402, -30.406004749185424 ], [ -70.445077019466964, -30.40526540769314 ], [ -70.445225656510502, -30.403784014780513 ], [ -70.445310266132168, -30.403386015323857 ], [ -70.445395730051658, -30.402988152931577 ], [ -70.445481211039166, -30.402585709142308 ], [ -70.445565204416539, -30.402192298542239 ], [ -70.44563636176683, -30.401790012630336 ], [ -70.445708881861393, -30.401387711889566 ], [ -70.445801587998702, -30.400989622086531 ], [ -70.445929483840658, -30.400595724677455 ], [ -70.446102887436581, -30.40020583220965 ], [ -70.446352688255843, -30.39987370805185 ], [ -70.446726355973013, -30.399643984301353 ], [ -70.447156462144534, -30.399454286886233 ], [ -70.447542337068072, -30.399219991513224 ], [ -70.447897344980163, -30.398945311319402 ], [ -70.448152063177275, -30.398617710924015 ], [ -70.448309748950663, -30.398232499014753 ], [ -70.448498069071888, -30.397860473128709 ], [ -70.448742171877313, -30.397541933041072 ], [ -70.449041080898212, -30.396153699761744 ], [ -70.449358000242228, -30.395252429153537 ], [ -70.449609798016382, -30.394554847517277 ], [ -70.449882304652746, -30.394312785649188 ], [ -70.450430730625285, -30.394094564730281 ], [ -70.451221872404446, -30.393684351970951 ], [ -70.452012271276843, -30.393224399822891 ], [ -70.452684731233916, -30.393086094434668 ], [ -70.453811588706102, -30.393123153076203 ], [ -70.455076269302424, -30.393415884545572 ], [ -70.456111776195058, -30.39388707200424 ], [ -70.456986094782991, -30.393958551826664 ], [ -70.457352771810605, -30.394053653096538 ], [ -70.45811324780091, -30.394600106636023 ], [ -70.458443356209926, -30.394821930254306 ], [ -70.458635221083256, -30.395144637045817 ], [ -70.459313543445887, -30.395773158184475 ], [ -70.459697463635393, -30.396436526700079 ], [ -70.459989001979366, -30.39692501324614 ], [ -70.460554188718476, -30.397243469339575 ], [ -70.46177765191463, -30.397798173209331 ], [ -70.462719801391344, -30.398270426604693 ], [ -70.46336586435379, -30.39838492367215 ], [ -70.464296691464682, -30.398748934381295 ], [ -70.465742089739976, -30.399026006987356 ], [ -70.467309551994404, -30.399242932244899 ], [ -70.467875846356264, -30.399268202065166 ], [ -70.471716937408246, -30.399870010657416 ], [ -70.473773154144141, -30.399846895740701 ], [ -70.475259432951404, -30.399460178568241 ], [ -70.475658959572314, -30.39924811730819 ], [ -70.476021574418226, -30.398991385061102 ], [ -70.476400162208208, -30.398747996075301 ], [ -70.476750562661195, -30.398541068781149 ], [ -70.478369686129284, -30.397737719663372 ], [ -70.479866271307785, -30.397138852365856 ], [ -70.480772136033551, -30.396749632601015 ], [ -70.482345741866197, -30.395973877117108 ], [ -70.482779117905352, -30.395639674383901 ], [ -70.484641087435776, -30.395311782406225 ], [ -70.485857101801585, -30.395130984227809 ], [ -70.486491350121426, -30.394487672439357 ], [ -70.48687754933681, -30.393657742523594 ], [ -70.487294824871114, -30.392881561878074 ], [ -70.487559658098348, -30.392134169298568 ], [ -70.487610235943762, -30.391443394385778 ], [ -70.487297667140666, -30.390643889204991 ], [ -70.487610588981681, -30.39036965679869 ], [ -70.487939656243299, -30.390131308669272 ], [ -70.48849173027422, -30.389362606399352 ], [ -70.488547682739991, -30.388577013015507 ], [ -70.48902120179423, -30.387452795829812 ], [ -70.489736612001678, -30.38644311784423 ], [ -70.490220683565568, -30.385684275346623 ], [ -70.491183967705993, -30.38450486599984 ], [ -70.492025976588096, -30.383200517898114 ], [ -70.492198560920485, -30.382697786630708 ], [ -70.492314603492261, -30.382272422248171 ], [ -70.492492681022611, -30.38187332769898 ], [ -70.493159306421902, -30.381360514388007 ], [ -70.493275857440111, -30.380957687006259 ], [ -70.493198284322077, -30.379898366402898 ], [ -70.492880717292721, -30.378904983292486 ], [ -70.491945339316615, -30.377724708618729 ], [ -70.491282633266906, -30.37716388382589 ], [ -70.489959857722823, -30.376209015127294 ], [ -70.489068453178206, -30.375046250187747 ], [ -70.48876338979926, -30.374485844809183 ], [ -70.488540303978255, -30.373928937740242 ], [ -70.488441915996745, -30.3735060191324 ], [ -70.488404074465421, -30.373028232498886 ], [ -70.48852020956366, -30.372602870211189 ], [ -70.488790250324584, -30.372225349429463 ], [ -70.488875870550956, -30.371800260335284 ], [ -70.488774937642262, -30.371214983225414 ], [ -70.488231285317141, -30.370079809449056 ], [ -70.487961535610381, -30.369744581116549 ], [ -70.487696301734516, -30.369409226076268 ], [ -70.487431071451937, -30.369073945841155 ], [ -70.487162756354678, -30.368743133435629 ], [ -70.486885989008883, -30.368416926090596 ], [ -70.486599900743741, -30.368099915320695 ], [ -70.48630759254354, -30.367782901197856 ], [ -70.486007344134549, -30.367470558927312 ], [ -70.485697364276092, -30.367162760667455 ], [ -70.485374637323758, -30.366868707340579 ], [ -70.48502738456753, -30.366592892175515 ], [ -70.48465947505133, -30.366326402725417 ], [ -70.48428718804476, -30.366068978640129 ], [ -70.483927123515954, -30.365802397852949 ], [ -70.483642279417452, -30.365566595635624 ], [ -70.483399109961638, -30.365262542017675 ], [ -70.483376024157138, -30.364834254867745 ], [ -70.48345830893885, -30.364192715471098 ], [ -70.483358388431469, -30.363665959971865 ], [ -70.482887663137774, -30.362922486891343 ], [ -70.48226755160556, -30.361734047236027 ], [ -70.482059288885026, -30.36133032976122 ], [ -70.481849526876303, -30.360962845877989 ], [ -70.481685819695556, -30.36058574755479 ], [ -70.481552842084042, -30.360194701732674 ], [ -70.481434712725857, -30.359799126049722 ], [ -70.481337376671576, -30.359403166627402 ], [ -70.481267925222028, -30.359002456354602 ], [ -70.481243229636533, -30.358596730075963 ], [ -70.481265828554143, -30.358190393628998 ], [ -70.481301893217847, -30.357783978754949 ], [ -70.481316568096332, -30.357377805588577 ], [ -70.481281564342964, -30.356972269459728 ], [ -70.481188464743553, -30.356427400794455 ], [ -70.481036171556809, -30.356009593851152 ], [ -70.481028153194586, -30.355477360395213 ], [ -70.481113387145371, -30.355025227384562 ], [ -70.481321159385743, -30.354571778372318 ], [ -70.481842556848008, -30.353835011975317 ], [ -70.482178869022405, -30.353479297369812 ], [ -70.48339987263131, -30.352951156289084 ], [ -70.483833432825094, -30.352810899366883 ], [ -70.484782316971476, -30.352696349682262 ], [ -70.485456117214966, -30.3527247632816 ], [ -70.486209967231716, -30.352765864305113 ], [ -70.486659594692668, -30.352769768905329 ], [ -70.487127475021893, -30.352791498851467 ], [ -70.487594809175405, -30.352799706493986 ], [ -70.488062945524476, -30.352798960767522 ], [ -70.488530737818778, -30.352798068531378 ], [ -70.488999078983738, -30.35278829966914 ], [ -70.48946707519562, -30.352778385071396 ], [ -70.490549876591331, -30.352829164235075 ], [ -70.491190743698169, -30.352663975657098 ], [ -70.491591689657255, -30.352239942612155 ], [ -70.491714742681509, -30.351823441037624 ], [ -70.491802841359728, -30.351411846996598 ], [ -70.491855068512024, -30.351000810141734 ], [ -70.492006753539329, -30.350629143232759 ], [ -70.492395653090441, -30.35016451943255 ], [ -70.492738109741367, -30.349700425218895 ], [ -70.493207974449064, -30.349320687300668 ], [ -70.493758469241669, -30.349070779888375 ], [ -70.494783828764852, -30.348490665371205 ], [ -70.495051826756836, -30.348158243761439 ], [ -70.495442113306737, -30.347657525427042 ], [ -70.496104105195812, -30.347018361091717 ], [ -70.496494206692773, -30.346634942816475 ], [ -70.496844546060316, -30.34622041826799 ], [ -70.497146066483751, -30.345571850180676 ], [ -70.497813733030455, -30.344842438228305 ], [ -70.49829688651613, -30.344381226738705 ], [ -70.499387661358284, -30.343574745446681 ], [ -70.500173493195803, -30.343001771841799 ], [ -70.500906204057301, -30.342790322264317 ], [ -70.50245449087366, -30.342704906881583 ], [ -70.503004781748729, -30.34242340291059 ], [ -70.503548724229674, -30.34172687233356 ], [ -70.503881369481078, -30.340865949325099 ], [ -70.504386973662307, -30.339786395170396 ], [ -70.504716135247051, -30.338966088210832 ], [ -70.506087125169046, -30.337005941018408 ], [ -70.507007800418904, -30.336102092240235 ], [ -70.510331398086862, -30.33355542542375 ], [ -70.511626395925717, -30.332728451035802 ], [ -70.51227616982861, -30.332477319635764 ], [ -70.513300021080425, -30.332221930939983 ], [ -70.514417151594714, -30.331965380106187 ], [ -70.516004626517045, -30.331946984962602 ], [ -70.517311160520762, -30.331850526898457 ], [ -70.517964670516918, -30.331842941655452 ], [ -70.518911423859478, -30.331457503848569 ], [ -70.519619058249802, -30.330822278774157 ], [ -70.520050776897264, -30.330578150959777 ], [ -70.520524284273421, -30.33046887329181 ], [ -70.521430975449249, -30.330183148730303 ], [ -70.522325116262238, -30.329929124895926 ], [ -70.523162089188872, -30.329675761014993 ], [ -70.524466972089115, -30.329502751768182 ], [ -70.525400993609139, -30.329491785738778 ], [ -70.525769599319688, -30.329162636805254 ], [ -70.525763865373222, -30.32879277035742 ], [ -70.525195692634114, -30.327806968629556 ], [ -70.525146433515502, -30.327184974330645 ], [ -70.525652826417584, -30.326664780243128 ], [ -70.526041619069176, -30.326182027187397 ], [ -70.526271075742187, -30.325660554569058 ], [ -70.526422425697902, -30.325212131366367 ], [ -70.526354956830161, -30.324734776504222 ], [ -70.526435628237621, -30.32392633519731 ], [ -70.526877407117937, -30.322301595347433 ], [ -70.527049526123008, -30.321325116452645 ], [ -70.527206799569683, -30.32012781083915 ], [ -70.527561927856013, -30.319514694724521 ], [ -70.52774658913907, -30.318655368497918 ], [ -70.527699965677513, -30.318209255884874 ], [ -70.527563015715813, -30.317800343193351 ], [ -70.527255604140763, -30.316842989008876 ], [ -70.52687616654454, -30.316080570569365 ], [ -70.52649716732617, -30.315340542063758 ], [ -70.526614033653061, -30.314784311914078 ], [ -70.526845441466875, -30.314181657833632 ], [ -70.527285999536716, -30.313689280657847 ], [ -70.527804445134961, -30.313006551205241 ], [ -70.52805864410584, -30.312714878025087 ], [ -70.52841194971046, -30.312381393492089 ], [ -70.528918292306884, -30.311468710851429 ], [ -70.52934457704518, -30.31083214014588 ], [ -70.529666871907864, -30.310345645518801 ], [ -70.529919801559259, -30.310022421612913 ], [ -70.530300895648878, -30.30942244716444 ], [ -70.530515454661227, -30.308932701494971 ], [ -70.530590688566264, -30.308210059278331 ], [ -70.530596496174581, -30.307618983152906 ], [ -70.530779093129112, -30.306931154074263 ], [ -70.531189510026238, -30.306344359810801 ], [ -70.531741323545702, -30.305801069158296 ], [ -70.533034631653507, -30.304779889876546 ], [ -70.533854313807552, -30.304016960334771 ], [ -70.53479633841846, -30.302977264162205 ], [ -70.535202703015315, -30.302652231348461 ], [ -70.535917973983899, -30.301827244515977 ], [ -70.536236905554162, -30.301309213101778 ], [ -70.536659979713633, -30.300352391986738 ], [ -70.536898402471493, -30.300101466118321 ], [ -70.537309308052144, -30.299632021087248 ], [ -70.53762083301288, -30.299317039131171 ], [ -70.538111872808443, -30.298819523322013 ], [ -70.538403704901526, -30.297805553605002 ], [ -70.538503813156794, -30.297452549473515 ], [ -70.538202344835639, -30.296959842389864 ], [ -70.537939689124656, -30.296552415568961 ], [ -70.53769520633189, -30.296212406509145 ], [ -70.537359764625009, -30.295850922063284 ], [ -70.537170814784787, -30.295275731743619 ], [ -70.536999252735185, -30.294591981275808 ], [ -70.537282904769285, -30.293839760977871 ], [ -70.538073756392606, -30.292819927763627 ], [ -70.539246596827553, -30.291876827560419 ], [ -70.53991482751627, -30.291291557368101 ], [ -70.540610674213454, -30.290511935811434 ], [ -70.540996478170101, -30.290150984965248 ], [ -70.541813837280813, -30.289708299902173 ], [ -70.542157288366752, -30.289275630829469 ], [ -70.542233662233897, -30.288882252400199 ], [ -70.542179604315052, -30.288061863624602 ], [ -70.542060839847963, -30.2874497097099 ], [ -70.541825614194195, -30.286410380100993 ], [ -70.541587150113813, -30.285768074743373 ], [ -70.541306402333007, -30.284932319275388 ], [ -70.541212466402072, -30.284202498468716 ], [ -70.541154471167332, -30.283129517995523 ], [ -70.541285034107347, -30.282252775464141 ], [ -70.541619439158382, -30.281662409379351 ], [ -70.542257045380751, -30.281280454363834 ], [ -70.543002833916148, -30.280960341605013 ], [ -70.543426596185128, -30.280617045151203 ], [ -70.542784457962156, -30.279979501492527 ], [ -70.542421467620457, -30.279618352087319 ], [ -70.542121901032772, -30.279260963815343 ], [ -70.54185119102695, -30.278695760448414 ], [ -70.541840879265806, -30.278041749343938 ], [ -70.542025847772706, -30.277214034206789 ], [ -70.542249260580505, -30.276318086928143 ], [ -70.542361700907975, -30.275906247780419 ], [ -70.542870291987555, -30.275521301392871 ], [ -70.543323863950917, -30.27511445814541 ], [ -70.543814099754272, -30.274161331126063 ], [ -70.544105188042337, -30.273499183355817 ], [ -70.544416133589721, -30.273148197313859 ], [ -70.545084771215244, -30.272865054371639 ], [ -70.546099195546475, -30.271928349862787 ], [ -70.546648625835502, -30.271646606870387 ], [ -70.546997929445496, -30.271195896155724 ], [ -70.54667486292999, -30.270789198680156 ], [ -70.546351641904238, -30.270377921313656 ], [ -70.546424965092669, -30.269998101709934 ], [ -70.546415277660671, -30.269380153601496 ], [ -70.545931012958988, -30.268722722549338 ], [ -70.545708012477903, -30.268256228435629 ], [ -70.54526270052358, -30.267720144772174 ], [ -70.54432683566057, -30.267298129060347 ], [ -70.543532436590212, -30.266806734588815 ], [ -70.542666448079913, -30.266289051255281 ], [ -70.541550584190176, -30.265805940371731 ], [ -70.540757265793076, -30.265382145884928 ], [ -70.540538040032843, -30.265073550383825 ], [ -70.540243244397615, -30.264522077571101 ], [ -70.539448811191278, -30.261919320051845 ], [ -70.539256765756562, -30.260852419642827 ], [ -70.538553068682134, -30.259281750033171 ], [ -70.538077666759037, -30.258601640029191 ], [ -70.537424726294802, -30.257991242966231 ], [ -70.536915977111732, -30.257437837091604 ], [ -70.537228704018318, -30.256874714853158 ], [ -70.537685679698285, -30.256373094012524 ], [ -70.538248346663025, -30.255775473877037 ], [ -70.53912765898562, -30.254867461888505 ], [ -70.539860878293567, -30.2537535404336 ], [ -70.540706715795409, -30.25297215719171 ], [ -70.541444553342245, -30.252155969711097 ], [ -70.54270924022677, -30.250742560798464 ], [ -70.543832541268756, -30.249425564488476 ], [ -70.545175183953646, -30.24841722183616 ], [ -70.545853105667646, -30.247285958513743 ], [ -70.546112938872, -30.246682861801048 ], [ -70.546529198411719, -30.24587036874054 ], [ -70.546893238883982, -30.244007442418255 ], [ -70.547301213261846, -30.242667301582472 ], [ -70.547572380510147, -30.241734784581176 ], [ -70.547820386495459, -30.24029719310181 ], [ -70.547961092313372, -30.239970679911817 ], [ -70.548217949399188, -30.239597781747275 ], [ -70.548809672371775, -30.23856671454001 ], [ -70.549533192569598, -30.237407694833369 ], [ -70.55029971332344, -30.236505454942776 ], [ -70.551189595223676, -30.235691924678271 ], [ -70.551695258693741, -30.23513557668057 ], [ -70.551973903518459, -30.234726195087017 ], [ -70.552288957061634, -30.234402121362667 ], [ -70.552628848124101, -30.234001177828574 ], [ -70.55295191374131, -30.233591342910106 ], [ -70.553288632852528, -30.23319479594667 ], [ -70.553628174470347, -30.232793779965164 ], [ -70.553972209461236, -30.232397219695024 ], [ -70.554326256175969, -30.232009556255868 ], [ -70.554697291829342, -30.231630709034246 ], [ -70.555372367680519, -30.230932492598608 ], [ -70.556041263122538, -30.230274924522888 ], [ -70.556563611002375, -30.229398018986807 ], [ -70.557001387888093, -30.228540151195432 ], [ -70.557476399942345, -30.227938985441959 ], [ -70.557625757434749, -30.227386849340483 ], [ -70.557761908794149, -30.226812327446797 ], [ -70.558329960260707, -30.225840189365279 ], [ -70.559131606040452, -30.224558379717095 ], [ -70.559749459208049, -30.222935943551271 ], [ -70.560315705060873, -30.221846517802646 ], [ -70.56057274809794, -30.22058027460724 ], [ -70.5611070938767, -30.218954392287213 ], [ -70.561916072604149, -30.217000384581702 ], [ -70.562391778157789, -30.216367631276331 ], [ -70.562710965747911, -30.215858552585484 ], [ -70.562908037256634, -30.21476900886271 ], [ -70.562898781015946, -30.214178107516574 ], [ -70.562597526493832, -30.213220749273916 ], [ -70.562835507280596, -30.212442041858356 ], [ -70.563355038043696, -30.211686953392668 ], [ -70.564245303524544, -30.210891295633413 ], [ -70.565614415069305, -30.210202779466286 ], [ -70.56695069947861, -30.209898104958107 ], [ -70.568718800451762, -30.209439387411788 ], [ -70.570142520582621, -30.209079456780959 ], [ -70.571283189652291, -30.208912417493121 ], [ -70.572701073428746, -30.208764511158904 ], [ -70.573821961595868, -30.208435299563035 ], [ -70.573748374302738, -30.208057228693413 ], [ -70.573768130052471, -30.207560737144895 ], [ -70.573761762793737, -30.206690113859832 ], [ -70.574024396945148, -30.205103512836356 ], [ -70.574579990575316, -30.203847260193264 ], [ -70.574470565892256, -30.203013943460768 ], [ -70.574250942178338, -30.201266163232297 ], [ -70.574704196138086, -30.199596041136413 ], [ -70.575056854057379, -30.197674488821324 ], [ -70.575906965743357, -30.196834223705743 ], [ -70.575983827395703, -30.195484452881633 ], [ -70.57616280863121, -30.195107781862319 ], [ -70.576396136144808, -30.194329106609416 ], [ -70.576492916141945, -30.19398956668574 ], [ -70.576144234166094, -30.193840388636147 ], [ -70.575452908689726, -30.193659183716392 ], [ -70.575066343860058, -30.193636775618849 ], [ -70.573895916299946, -30.19345680719789 ], [ -70.572501532451312, -30.193356237608292 ], [ -70.571564960614197, -30.193263765454763 ], [ -70.570486277994064, -30.192987984446109 ], [ -70.57004668561315, -30.19314654557617 ], [ -70.569655647173335, -30.193255075488839 ], [ -70.569227717619768, -30.193494725554245 ], [ -70.568910479373812, -30.193728615399355 ], [ -70.56846215177508, -30.193932438641728 ], [ -70.568016598173926, -30.193978420131664 ], [ -70.567267630500751, -30.193987374799356 ], [ -70.565466216403621, -30.193598379029101 ], [ -70.564410511790143, -30.192541817054575 ], [ -70.564483845758375, -30.191228086594698 ], [ -70.564651002469802, -30.189832153023588 ], [ -70.564247005832016, -30.188194756811754 ], [ -70.564236668918042, -30.18754074283628 ], [ -70.56384976811843, -30.186967943496811 ], [ -70.563261553067022, -30.186221628192371 ], [ -70.563035500110615, -30.185958084547973 ], [ -70.562805527804613, -30.185392354637678 ], [ -70.562394809073567, -30.185158211265286 ], [ -70.561652752139864, -30.185374526048104 ], [ -70.561248153630828, -30.185528280443915 ], [ -70.560538439640624, -30.185653955428773 ], [ -70.5600499995695, -30.185659766787399 ], [ -70.559011022484924, -30.185672123300122 ], [ -70.555790830787643, -30.185137459855525 ], [ -70.554175753331577, -30.184579195286002 ], [ -70.553317996084218, -30.184097607825166 ], [ -70.552463881505332, -30.183864101226412 ], [ -70.551708519623958, -30.183872967514148 ], [ -70.551192530019705, -30.18379791465059 ], [ -70.550826057807967, -30.183621750283688 ], [ -70.550479247022864, -30.183255985199814 ], [ -70.550296983343301, -30.182770898451118 ], [ -70.550207468920178, -30.182275771097945 ], [ -70.55020767553269, -30.18183804968919 ], [ -70.550248996239134, -30.181178987156269 ], [ -70.550703490772307, -30.180023140700559 ], [ -70.551169057939646, -30.179607190017411 ], [ -70.551540444834288, -30.17919671384622 ], [ -70.5517214993815, -30.178698386190504 ], [ -70.551703542058959, -30.177552633977339 ], [ -70.551785175562102, -30.176730630738245 ], [ -70.551917634845694, -30.176426828804559 ], [ -70.552202957746232, -30.176062528818978 ], [ -70.552676462427428, -30.175335080366924 ], [ -70.552785798177297, -30.174999989273676 ], [ -70.553119311201257, -30.174644135655083 ], [ -70.553513002366103, -30.174111652061804 ], [ -70.554088546680418, -30.173008541109084 ], [ -70.554354147967217, -30.171855068438578 ], [ -70.554523293548698, -30.170621432491437 ], [ -70.554690569736067, -30.169225429035066 ], [ -70.554760475733147, -30.1676636082992 ], [ -70.554562674792436, -30.167093043542291 ], [ -70.554069636245387, -30.165786095688983 ], [ -70.553677874661759, -30.164888464923202 ], [ -70.553282121863347, -30.164044985854137 ], [ -70.552897853127533, -30.16333678027458 ], [ -70.552310540882985, -30.162030866105873 ], [ -70.551614459725499, -30.161051161652367 ], [ -70.551305467115526, -30.160531503321881 ], [ -70.55063855695029, -30.160088213437863 ], [ -70.550768627613536, -30.159649103363872 ], [ -70.551201634445107, -30.158642445685103 ], [ -70.551699685591458, -30.157689196988116 ], [ -70.552019139981212, -30.157139561727117 ], [ -70.552710688239756, -30.156756929486374 ], [ -70.55346670589131, -30.155913340462529 ], [ -70.553775068782244, -30.155129228918828 ], [ -70.553625572949286, -30.153791154016716 ], [ -70.553602025410754, -30.152289123587146 ], [ -70.554087788502315, -30.150555476429574 ], [ -70.55432661190882, -30.14943838922277 ], [ -70.554879746850062, -30.147929527344019 ], [ -70.555149388759006, -30.147037585727638 ], [ -70.555326250868774, -30.146444471137517 ], [ -70.555723041221341, -30.145970633308412 ], [ -70.556768435870296, -30.145732650463763 ], [ -70.557732580596777, -30.145888108116857 ], [ -70.558049244819244, -30.145663271189598 ], [ -70.558553256287496, -30.145102486743109 ], [ -70.558800825691591, -30.144540087967318 ], [ -70.559494279276862, -30.143810003393256 ], [ -70.560122605902336, -30.143022147593307 ], [ -70.560432058449734, -30.142815427080603 ], [ -70.560883714306584, -30.142512254752575 ], [ -70.561451644500565, -30.141946042422259 ], [ -70.56188887880387, -30.141219067046748 ], [ -70.562389376062725, -30.140432723305143 ], [ -70.562829992523064, -30.139926633819659 ], [ -70.563142488562647, -30.139417634696372 ], [ -70.563137228028339, -30.13908389991812 ], [ -70.563256611434653, -30.138527529575597 ], [ -70.563118896108321, -30.137915607606431 ], [ -70.563362685401728, -30.137132315566358 ], [ -70.563676178571257, -30.136681917633499 ], [ -70.56373213552861, -30.136180481931021 ], [ -70.563874279549282, -30.134829851613841 ], [ -70.564086088818541, -30.134046939854393 ], [ -70.564384587309362, -30.132856911067908 ], [ -70.564882461487599, -30.13190805068183 ], [ -70.56538349054911, -30.131175795132613 ], [ -70.565377284088811, -30.130787892453686 ], [ -70.565162469056588, -30.129342250019107 ], [ -70.565026040117758, -30.12883859768057 ], [ -70.564755871796066, -30.127953071340407 ], [ -70.564622490840989, -30.127620864151886 ], [ -70.564612815087074, -30.127007415423755 ], [ -70.56485784764881, -30.126278138176371 ], [ -70.565037653537757, -30.125500041901521 ], [ -70.56528064512716, -30.124657994444618 ], [ -70.565207964234162, -30.124103985643515 ], [ -70.564670650421689, -30.122549464430765 ], [ -70.564339859293042, -30.121565391166943 ], [ -70.564224574001059, -30.121102138019371 ], [ -70.564099838432284, -30.120616380300884 ], [ -70.563985474811773, -30.120130498200954 ], [ -70.563895693589018, -30.119639814031707 ], [ -70.563826243936091, -30.119144379005565 ], [ -70.56376851370436, -30.118653387671525 ], [ -70.563700087232533, -30.117909809508657 ], [ -70.564003327929726, -30.116796371665028 ], [ -70.564103268200029, -30.115013175726521 ], [ -70.563916015277385, -30.114654481539073 ], [ -70.563609403202904, -30.1142746638304 ], [ -70.56446095488829, -30.113605869199557 ], [ -70.564620053711621, -30.113170907775139 ], [ -70.564632464835597, -30.112453420017172 ], [ -70.564046421012236, -30.111896506392728 ], [ -70.563320478956413, -30.11114722946752 ], [ -70.562833951398531, -30.110462732635941 ], [ -70.561386715170158, -30.109234854312085 ], [ -70.560741335825625, -30.1085568183471 ], [ -70.560171127504091, -30.107598120049047 ], [ -70.560159063129831, -30.106835833316715 ], [ -70.560134272322927, -30.10525265305883 ], [ -70.559874601713645, -30.103875231850239 ], [ -70.558742401062162, -30.10250816729349 ], [ -70.557377063339914, -30.101423623493385 ], [ -70.556184175202773, -30.101230282669828 ], [ -70.555263057083479, -30.100884699849527 ], [ -70.555382578830333, -30.100689332658096 ], [ -70.555372830312891, -30.100066863050273 ], [ -70.555280450264021, -30.099237819475277 ], [ -70.555257692344597, -30.097789948679331 ], [ -70.554842931194784, -30.096626412399349 ], [ -70.554584760772016, -30.095316664398041 ], [ -70.553616747001627, -30.094294933866163 ], [ -70.553036881790774, -30.092713874325426 ], [ -70.552148286278026, -30.091691266589596 ], [ -70.551343550293694, -30.090942846117716 ], [ -70.550705823697072, -30.090742748356217 ], [ -70.549584037214686, -30.089998132374994 ], [ -70.54876849180252, -30.088559604271563 ], [ -70.548354745748966, -30.087459153581801 ], [ -70.547473934138154, -30.086919158889028 ], [ -70.547582650050458, -30.086259221308797 ], [ -70.547799081151865, -30.084880667195154 ], [ -70.548171908944241, -30.083355914688262 ], [ -70.547040267044849, -30.081993311918044 ], [ -70.545985365525254, -30.081852278710361 ], [ -70.545778527532761, -30.081520910706381 ], [ -70.545736440563388, -30.081295817629051 ], [ -70.546236617123682, -30.081312476496311 ], [ -70.547518564238089, -30.079605614788857 ], [ -70.54797081657631, -30.078084436069179 ], [ -70.548622670977409, -30.076660171072277 ], [ -70.549079095990123, -30.075414124691072 ], [ -70.549293479830993, -30.07389574384942 ], [ -70.549429384153683, -30.0724460692498 ], [ -70.54909384003885, -30.071276988845181 ], [ -70.548901844011496, -30.070697317040814 ], [ -70.549535891108704, -30.070315388454183 ], [ -70.549893987428732, -30.069850970735342 ], [ -70.550101704871878, -30.06941086851111 ], [ -70.550681120925091, -30.068894240260136 ], [ -70.55096609887255, -30.068417229330244 ], [ -70.551337324968785, -30.068669999277041 ], [ -70.551863829353422, -30.06859164258282 ], [ -70.552017395452935, -30.068025856276019 ], [ -70.552335510454611, -30.067598048042132 ], [ -70.552574085027771, -30.067279390796756 ], [ -70.552893815200321, -30.066955338657607 ], [ -70.55292038377317, -30.066039214949214 ], [ -70.553763845231074, -30.065460765714594 ], [ -70.553831381472463, -30.064616372690779 ], [ -70.554432317566608, -30.064076930476563 ], [ -70.554918351949411, -30.063998966651425 ], [ -70.555575336629076, -30.063995702089823 ], [ -70.555813456654704, -30.06413265809169 ], [ -70.556198895895335, -30.064110060418841 ], [ -70.556516075750807, -30.063646182684955 ], [ -70.557446552518726, -30.063423173757325 ], [ -70.557685015700784, -30.063104508513032 ], [ -70.557881513186047, -30.062678054355366 ], [ -70.557794132261705, -30.062291108874447 ], [ -70.55821401201203, -30.061880189895263 ], [ -70.559003420042671, -30.061744509730516 ], [ -70.559205734119402, -30.061705966183112 ], [ -70.559320337590094, -30.061248992896946 ], [ -70.559314342233861, -30.060861083966881 ], [ -70.559569508690331, -30.060307684768798 ], [ -70.559926461455007, -30.059775546963259 ], [ -70.560674349353221, -30.059572643150446 ], [ -70.560787826336522, -30.059038958832762 ], [ -70.560681805370081, -30.058742560379919 ], [ -70.560591486056452, -30.05817966064005 ], [ -70.560597809297747, -30.057277301690736 ], [ -70.560789075893084, -30.056535214233286 ], [ -70.560977507405397, -30.055612584929289 ], [ -70.56127853914532, -30.055378912750655 ], [ -70.561365320893358, -30.054444037355541 ], [ -70.562089647778294, -30.05404745241071 ], [ -70.562244766166614, -30.053585413069491 ], [ -70.562213045755598, -30.052863934098568 ], [ -70.56264298484048, -30.051798659651009 ], [ -70.562994299778424, -30.050910310247993 ], [ -70.563186599436349, -30.050235838439505 ], [ -70.563379222487782, -30.049565798103252 ], [ -70.563527413966938, -30.048679787855434 ], [ -70.564245932345258, -30.047895280752485 ], [ -70.564643835710456, -30.04739427945945 ], [ -70.5654105909246, -30.047101023401428 ], [ -70.565437358923432, -30.046220892321337 ], [ -70.564779588217888, -30.045696383327364 ], [ -70.565212225841861, -30.044811569427075 ], [ -70.565529076015622, -30.044311530000595 ], [ -70.565795713958252, -30.043212044502059 ], [ -70.565721418792677, -30.04205349407178 ], [ -70.565931125105863, -30.041726139953941 ], [ -70.566054094586804, -30.041404400864003 ], [ -70.566191159532849, -30.039959129442295 ], [ -70.566181154097208, -30.039323133006633 ], [ -70.566087579289018, -30.038548284237468 ], [ -70.567014376557538, -30.038113119465407 ], [ -70.567333470722858, -30.037757480223455 ], [ -70.567428495411946, -30.03735033146458 ], [ -70.567074888871701, -30.036808605995958 ], [ -70.567183342475957, -30.035959210010745 ], [ -70.567311071231245, -30.035055404310306 ], [ -70.567298290899714, -30.034243448664437 ], [ -70.567289417341328, -30.03367965453895 ], [ -70.567142239161825, -30.033347532660208 ], [ -70.567296738610892, -30.032849423970415 ], [ -70.567158830146795, -30.031826969893594 ], [ -70.566779301820716, -30.030915753709269 ], [ -70.566275717052221, -30.029861509433029 ], [ -70.566129711174156, -30.028306810209596 ], [ -70.566555343735544, -30.026997948353163 ], [ -70.566540305937707, -30.026041736390351 ], [ -70.565997857355057, -30.025096238279129 ], [ -70.565819468109325, -30.024074262669128 ], [ -70.565929140727405, -30.023296918557087 ], [ -70.565864740504679, -30.021777392414055 ], [ -70.565147933416981, -30.020057999009921 ], [ -70.56501218450282, -30.019175436636175 ], [ -70.56467031624841, -30.018083186803256 ], [ -70.564130863547263, -30.017313635451902 ], [ -70.563591815986285, -30.016580147846536 ], [ -70.563257673243314, -30.01603825208155 ], [ -70.563164265521749, -30.016114279503753 ], [ -70.562908901435932, -30.016086025330356 ], [ -70.562562041243496, -30.016045306294998 ], [ -70.562205949963172, -30.015954285201175 ], [ -70.561658265100746, -30.015739724370857 ], [ -70.561086176605329, -30.015315654968688 ], [ -70.560131996890306, -30.014667904235814 ], [ -70.559528187983886, -30.014512637706272 ], [ -70.559014405540296, -30.014456651154301 ], [ -70.558499686153851, -30.0137402381424 ], [ -70.558115266501062, -30.013253043099624 ], [ -70.557277910892111, -30.012703534089649 ], [ -70.556781829751188, -30.012285328495032 ], [ -70.55591276540936, -30.011602781614737 ], [ -70.555830405169161, -30.011372170818046 ], [ -70.555704673368737, -30.01064921455654 ], [ -70.555858959018778, -30.009373423441573 ], [ -70.555858884458615, -30.008483106031779 ], [ -70.555353693502383, -30.007655837536539 ], [ -70.555202227664026, -30.007131970819071 ], [ -70.55549050781849, -30.006845717397756 ], [ -70.55628726227151, -30.005761401912494 ], [ -70.556472859599111, -30.004462216300009 ], [ -70.556434141312053, -30.003769185051549 ], [ -70.556330092147633, -30.001906674594117 ], [ -70.555973172620625, -30.001021514931708 ], [ -70.555238439651433, -29.997435232373821 ], [ -70.552502426417561, -29.994825897437661 ], [ -70.552210120013996, -29.994547113946204 ], [ -70.543859413472163, -29.986581744098107 ], [ -70.544354736434997, -29.986080835223646 ], [ -70.544664208745303, -29.985876668671668 ], [ -70.545280914764263, -29.985583424390043 ], [ -70.54557503037482, -29.985443571202826 ], [ -70.545806533410058, -29.985331461779037 ], [ -70.546152779154852, -29.985203884781161 ], [ -70.54638651091031, -29.985115741525576 ], [ -70.546515683258264, -29.985067029783174 ], [ -70.546594376575484, -29.985027423901602 ], [ -70.546717613754367, -29.984950148736729 ], [ -70.546924637698126, -29.984856978064769 ], [ -70.547839388558657, -29.984497914887864 ], [ -70.547871282344516, -29.984367594064597 ], [ -70.547684033913427, -29.983370815287163 ], [ -70.547138128613597, -29.983349293199666 ], [ -70.546448566530131, -29.983238972586722 ], [ -70.546180112193994, -29.983196022499481 ], [ -70.5459260003597, -29.98312314759934 ], [ -70.54552202438316, -29.982993992117617 ], [ -70.545222598830975, -29.982866177130994 ], [ -70.545006834279519, -29.98318806647212 ], [ -70.544764713157619, -29.983041432688722 ], [ -70.544769811995153, -29.982830087376566 ], [ -70.544459679423113, -29.982744502738118 ], [ -70.544558018895586, -29.982516957513255 ], [ -70.544677750848223, -29.982216730727377 ], [ -70.544722591153928, -29.982013280646257 ], [ -70.54466859162558, -29.98153644752983 ], [ -70.544660273226057, -29.981530575922488 ], [ -70.544445754637891, -29.981401789527851 ], [ -70.543706882231859, -29.981058322791878 ], [ -70.542938740917251, -29.980750156382868 ], [ -70.542260147263434, -29.980306956034948 ], [ -70.54151203568469, -29.980168582402737 ], [ -70.540433859714398, -29.980125317405417 ], [ -70.539921062722655, -29.979783930066503 ], [ -70.539469867701541, -29.978963602150795 ], [ -70.539009764986062, -29.978468204491211 ], [ -70.538230579783345, -29.977737421688321 ], [ -70.537543487168605, -29.977548466958396 ], [ -70.53608940937103, -29.977155273695118 ], [ -70.534231814636016, -29.976809479625327 ], [ -70.532557791527651, -29.976731415250949 ], [ -70.530669999924399, -29.976830000100559 ], [ -70.528885388814643, -29.975818263489664 ], [ -70.527543373153819, -29.975408996002255 ], [ -70.525525589939051, -29.976018138981129 ], [ -70.524402483831508, -29.976865226737889 ], [ -70.523348644120546, -29.977246844729006 ], [ -70.521385327558079, -29.978007367620698 ], [ -70.520176562596617, -29.978740242386557 ], [ -70.518948759639315, -29.979663473550836 ], [ -70.518558527886626, -29.980310687111611 ], [ -70.518244439134065, -29.980605739742483 ], [ -70.517669999747525, -29.980920000005742 ], [ -70.51579173747281, -29.981318975287259 ], [ -70.515170175161401, -29.981271989088036 ], [ -70.513980444602495, -29.981443309448071 ], [ -70.513199981995456, -29.981471864498559 ], [ -70.512724089592211, -29.981633666699718 ], [ -70.511686645033521, -29.98225232660932 ], [ -70.510411253824046, -29.98286146885906 ], [ -70.509089462833529, -29.983747817544 ], [ -70.507792547091555, -29.984038398401374 ], [ -70.506768839570171, -29.984010139762731 ], [ -70.502189026130779, -29.983777560854932 ], [ -70.501996020397058, -29.983827369559574 ], [ -70.501266984543392, -29.984015507021702 ], [ -70.499148952037856, -29.98468306090318 ], [ -70.497843565182748, -29.985161702730803 ], [ -70.496732660891695, -29.985550549859717 ], [ -70.494485520716864, -29.986454455036327 ], [ -70.491851502200348, -29.987736913895439 ], [ -70.489318140809729, -29.988285718536492 ], [ -70.487718365256214, -29.988570870084381 ], [ -70.48597955564955, -29.988649907055258 ], [ -70.484916253983712, -29.988356662405376 ], [ -70.482952181938089, -29.987476236230318 ], [ -70.48121526687838, -29.986666268034469 ], [ -70.480014755637725, -29.98662008499802 ], [ -70.477712582871987, -29.986257996829782 ], [ -70.476925345171068, -29.985266383245058 ], [ -70.475974981499377, -29.983818710188828 ], [ -70.475482001342826, -29.983485841661974 ], [ -70.474965446698263, -29.98331570519505 ], [ -70.474347524360397, -29.983232446701905 ], [ -70.473625956201687, -29.983105107439016 ], [ -70.473162784841193, -29.983065201207769 ], [ -70.471712147591163, -29.982278309019581 ], [ -70.47083142581188, -29.981796451385765 ], [ -70.47025671154087, -29.98117575309691 ], [ -70.46968767731741, -29.980911419749056 ], [ -70.469375426517914, -29.980648652822293 ], [ -70.468487580200119, -29.979675084705047 ], [ -70.468430826437086, -29.979314777243829 ], [ -70.468424920014101, -29.97891332335119 ], [ -70.467851903558994, -29.978382847977564 ], [ -70.466708884496526, -29.977542944500083 ], [ -70.465709644388539, -29.9768546618606 ], [ -70.465122564807658, -29.975913791105871 ], [ -70.464850271071995, -29.975479228497822 ], [ -70.464593739176308, -29.974990306426093 ], [ -70.463925183297476, -29.9734593647478 ], [ -70.463297390271265, -29.972703806049978 ], [ -70.462105741809211, -29.972049342398673 ], [ -70.461736730060167, -29.971426320230186 ], [ -70.460894286393469, -29.970046086488132 ], [ -70.460423411081095, -29.969469279366493 ], [ -70.459868414830581, -29.968794280060063 ], [ -70.459560786761529, -29.968396092606518 ], [ -70.459223272641296, -29.968061510129761 ], [ -70.458984112366579, -29.967631001151222 ], [ -70.458697499485297, -29.966718333069231 ], [ -70.458944139133052, -29.96547038055985 ], [ -70.459028163951473, -29.964946111454559 ], [ -70.459170537940864, -29.964452832312475 ], [ -70.458751119924585, -29.964182282209869 ], [ -70.458388212227916, -29.964520112899187 ], [ -70.456875514866468, -29.965033138715867 ], [ -70.455280468942917, -29.965046262139481 ], [ -70.454279883158662, -29.965341527428041 ], [ -70.453155980245441, -29.965394586726006 ], [ -70.452437292983845, -29.965145353543011 ], [ -70.45153693313415, -29.964825825281437 ], [ -70.450213532362639, -29.96459233371607 ], [ -70.4495078320451, -29.964681338018288 ], [ -70.448852812879281, -29.964688544525853 ], [ -70.448070655151298, -29.964615909754588 ], [ -70.447570742695675, -29.964535659835292 ], [ -70.44665421406917, -29.96432922244335 ], [ -70.446054002017135, -29.964204904218111 ], [ -70.445621122746346, -29.96416907384349 ], [ -70.444784987947884, -29.964038395594955 ], [ -70.443889337965203, -29.964048216275906 ], [ -70.443182043138037, -29.964015312827314 ], [ -70.442204560226259, -29.964125290571271 ], [ -70.441770126870026, -29.964269900048862 ], [ -70.441345760933174, -29.964441525228427 ], [ -70.440944321798995, -29.964648970987241 ], [ -70.440561963779786, -29.964878677064924 ], [ -70.440190814938688, -29.965126370785562 ], [ -70.439306517864566, -29.966372245078606 ], [ -70.437416455320246, -29.967218477324529 ], [ -70.436377557287429, -29.967157593986599 ], [ -70.435345506213707, -29.967543387832027 ], [ -70.434727591062369, -29.96792459104482 ], [ -70.434312129226626, -29.968263005122978 ], [ -70.434071636750332, -29.96887914520315 ], [ -70.434027247398888, -29.969240497512761 ], [ -70.434033835643177, -29.969705150107014 ], [ -70.434074457460312, -29.970228049379745 ], [ -70.43416801250558, -29.970948915679887 ], [ -70.434125556328624, -29.971486246116733 ], [ -70.433900080090623, -29.971930806399403 ], [ -70.433428151952739, -29.972536012108954 ], [ -70.433441105659128, -29.973438191468119 ], [ -70.433190556543252, -29.974040985792708 ], [ -70.43216146721501, -29.974656758544715 ], [ -70.431135767230344, -29.975498011625845 ], [ -70.430859365498875, -29.976164283561147 ], [ -70.430711240495057, -29.976788432341209 ], [ -70.430651756751899, -29.977294383756828 ], [ -70.430595780929906, -29.978021312598685 ], [ -70.430544088275198, -29.978436999034813 ], [ -70.430340172502341, -29.979007645782531 ], [ -70.429700165083204, -29.97971393638586 ], [ -70.429005549077985, -29.979951583375001 ], [ -70.428012349241982, -29.980909767814168 ], [ -70.427783454914319, -29.981255156997491 ], [ -70.427629412707716, -29.98181173184042 ], [ -70.427781781352948, -29.982698872662603 ], [ -70.427862689017331, -29.983036392955864 ], [ -70.427062140978833, -29.98364055683183 ], [ -70.426331246510856, -29.983783894515472 ], [ -70.424880613752379, -29.983817637201788 ], [ -70.4228515270364, -29.983830488146694 ], [ -70.420733573582595, -29.983672923122445 ], [ -70.417847932463417, -29.983406284704248 ], [ -70.416177370563844, -29.983708479577849 ], [ -70.415685352502933, -29.983758860992225 ], [ -70.414734161482883, -29.983769084331271 ], [ -70.413782630899647, -29.983779304556862 ], [ -70.412957851704675, -29.983788158453741 ], [ -70.412061485764738, -29.983874501608859 ], [ -70.411264743888097, -29.983968788982956 ], [ -70.410867275307496, -29.984058719748489 ], [ -70.410066706607751, -29.983864241710432 ], [ -70.409594819792375, -29.983404642926093 ], [ -70.409285363651733, -29.982686140620469 ], [ -70.409142436300115, -29.981992835940002 ], [ -70.409106480332568, -29.981623258729293 ], [ -70.40889861107415, -29.98089457670379 ], [ -70.408386397987343, -29.980060932655295 ], [ -70.408039078755777, -29.979184867473055 ], [ -70.407931650129257, -29.978635618799906 ], [ -70.40775925803635, -29.978199862768761 ], [ -70.407322147700569, -29.977861552570086 ], [ -70.40688764966562, -29.977690269607471 ], [ -70.406166538749389, -29.97730997304825 ], [ -70.405380900948003, -29.976790506877744 ], [ -70.404340180233461, -29.976576083141037 ], [ -70.402517751846901, -29.976144305319472 ], [ -70.401387116060633, -29.975705142493947 ], [ -70.400596453981848, -29.974806792043218 ], [ -70.40027884832493, -29.973930387928753 ], [ -70.400045363606168, -29.973409525942081 ], [ -70.399737447177927, -29.972745016000616 ], [ -70.39946674705358, -29.972427603146063 ], [ -70.398837433179608, -29.972583161189114 ], [ -70.398109990937243, -29.972879612590102 ], [ -70.397807761743067, -29.973293365771941 ], [ -70.397381482394664, -29.973749090149344 ], [ -70.396692873423731, -29.973981995248444 ], [ -70.395657493193568, -29.974146279551114 ], [ -70.394625932599965, -29.974608482112572 ], [ -70.393677968328404, -29.974844044172954 ], [ -70.391355710131236, -29.975770927631682 ], [ -70.390156802383373, -29.976613771925948 ], [ -70.389386606621713, -29.977221899822553 ], [ -70.388362663741731, -29.978211755000622 ], [ -70.386986484252333, -29.978754112561131 ], [ -70.386285470445642, -29.97885625768037 ], [ -70.38589504825012, -29.979013674720971 ], [ -70.385363645352228, -29.979046395011494 ], [ -70.384533512198161, -29.979113818229266 ], [ -70.383733876848012, -29.979004913773792 ], [ -70.383355687011715, -29.978869032232478 ], [ -70.382402577190206, -29.978879041311142 ], [ -70.381737142956979, -29.978840860829681 ], [ -70.380972498783763, -29.97884888179005 ], [ -70.380676768002346, -29.979082093186385 ], [ -70.380087054561045, -29.979724347668846 ], [ -70.37985907471834, -29.980074156027687 ], [ -70.379599894589205, -29.980568655512318 ], [ -70.378609348376528, -29.980863321432349 ], [ -70.37790585342303, -29.981218031769924 ], [ -70.377616929176526, -29.981428618743649 ], [ -70.377242183481016, -29.981874722645991 ], [ -70.376829220758381, -29.982880570389359 ], [ -70.376778511758914, -29.983291647284688 ], [ -70.376080207271102, -29.983741130627749 ], [ -70.375356865838029, -29.983884033991917 ], [ -70.374394996544197, -29.984038441974338 ], [ -70.373382106535473, -29.983990392635576 ], [ -70.372698897337713, -29.983835117007459 ], [ -70.37182692155605, -29.983320783040391 ], [ -70.371215418579226, -29.982871515662183 ], [ -70.370782040743435, -29.982803808655095 ], [ -70.369829447453213, -29.982736994081598 ], [ -70.368441462304347, -29.982449170898107 ], [ -70.367559181049728, -29.98256212003395 ], [ -70.367061579061044, -29.982653033257229 ], [ -70.366397088957171, -29.982691493945229 ], [ -70.365999324830824, -29.982781366731945 ], [ -70.365634756149177, -29.982870894739921 ], [ -70.365006404370888, -29.983111955464025 ], [ -70.364474684367693, -29.983117540638524 ], [ -70.363951170474607, -29.982946889218141 ], [ -70.362996546991852, -29.982731247041116 ], [ -70.362214303923906, -29.982441594524445 ], [ -70.361834904955231, -29.982197372295303 ], [ -70.361431339508783, -29.981799941193437 ], [ -70.361326478267358, -29.981426624449224 ], [ -70.361122316356116, -29.981081313673446 ], [ -70.360552329918448, -29.980708220659395 ], [ -70.359916224780918, -29.980398933453017 ], [ -70.359276385346774, -29.979796519306213 ], [ -70.359003455603883, -29.979307550787748 ], [ -70.358734085884478, -29.979048655473512 ], [ -70.358319836774356, -29.978719035216645 ], [ -70.357656708516458, -29.978044633334765 ], [ -70.356340256213656, -29.976628005013946 ], [ -70.354861867309552, -29.976038710977836 ], [ -70.354236838399487, -29.974614872385509 ], [ -70.35421784352279, -29.973220945062923 ], [ -70.354222538118464, -29.972440380859435 ], [ -70.354150619895151, -29.972008026326616 ], [ -70.354210360556493, -29.971542680242795 ], [ -70.354302273481409, -29.970964276400622 ], [ -70.354759369535628, -29.970350478391534 ], [ -70.355282386660349, -29.96967738232658 ], [ -70.355568598893029, -29.969290942296482 ], [ -70.355916292722071, -29.96889935992451 ], [ -70.35622760298547, -29.968598333224548 ], [ -70.356535029831889, -29.968292836339483 ], [ -70.35683123672041, -29.967974001470914 ], [ -70.356914289561686, -29.967463396310738 ], [ -70.356673602150977, -29.966888343098191 ], [ -70.356243115093775, -29.966640119128531 ], [ -70.355788864004069, -29.966504938977309 ], [ -70.35533985368572, -29.966374213993781 ], [ -70.354890943080363, -29.966257012889567 ], [ -70.354446919310149, -29.966130741385879 ], [ -70.354036030797488, -29.965949945341084 ], [ -70.353667965872773, -29.965696562458092 ], [ -70.353289392455849, -29.96545688675263 ], [ -70.352906853875254, -29.965212669459731 ], [ -70.352500433582833, -29.965022803716987 ], [ -70.352049170289746, -29.964919217862782 ], [ -70.351576520804699, -29.964878904310719 ], [ -70.351116053373204, -29.96491068291839 ], [ -70.350664867335226, -29.965001056634506 ], [ -70.350217077827352, -29.965122884283275 ], [ -70.349772272522856, -29.965258354261856 ], [ -70.347980801877611, -29.96605714422024 ], [ -70.346519172841738, -29.96667668247834 ], [ -70.345118357055682, -29.967412969276495 ], [ -70.344520490504848, -29.967865696480562 ], [ -70.344027611857925, -29.968303822361928 ], [ -70.343366662912899, -29.968599369021948 ], [ -70.342831450259879, -29.968794283172908 ], [ -70.342435015640163, -29.968942689733161 ], [ -70.341946996878917, -29.969231884340793 ], [ -70.341609226738825, -29.969835405344803 ], [ -70.341783160340754, -29.970844263654165 ], [ -70.34179323764161, -29.971575079268622 ], [ -70.341769830240267, -29.972076049631443 ], [ -70.341585229144329, -29.972750230567417 ], [ -70.341258256753946, -29.974183684449102 ], [ -70.34101309213986, -29.975241975450274 ], [ -70.34060702758029, -29.977204168291017 ], [ -70.340800391741837, -29.978704616455015 ], [ -70.341010602009902, -29.979158117020084 ], [ -70.341154536372926, -29.979576292585733 ], [ -70.341358371297403, -29.97992156501952 ], [ -70.341650380358615, -29.980320194936972 ], [ -70.341879894523814, -29.980674223251008 ], [ -70.342045277062567, -29.981051596788898 ], [ -70.34218138260789, -29.981442723531785 ], [ -70.342301697567152, -29.981833935882172 ], [ -70.342415791693085, -29.982229795079693 ], [ -70.342509936033167, -29.982625857339599 ], [ -70.342594633689743, -29.983026525131688 ] ] ] } },
{ "type": "Feature", "properties": { "capa": "colegios", "popup": "<strong>ESCUELA MUNICIPAL ALCOHUAZ</strong><br><br><strong>Dirección:</strong> CAMINO PUBLICO 0", "etiqueta": "" }, "geometry": { "type": "Point", "coordinates": [ -70.494347, -30.23151 ] } },
{ "type": "Feature", "properties": { "capa": "colegios", "popup": "<strong>ESCUELA MUNICIPAL LA ORTIGA</strong><br><br><strong>Dirección:</strong> CAMINO PUBLICO LA ORTIGA 0", "etiqueta": "" }, "geometry": { "type": "Point", "coordinates": [ -70.487198, -30.2034 ] } },
{ "type": "Feature", "properties": { "capa": "colegios", "popup": "<strong>ESCUELA BÁSICA MARIO AQUILES RODRIGUEZ</strong><br><br><strong>Dirección:</strong> CAMINO PUBLICO HORCON 35", "etiqueta": "" }, "geometry": { "type": "Point", "coordinates": [ -70.48555, -30.182261 ] } },
{ "type": "Feature", "properties": { "capa": "colegios", "popup": "<strong>ESCUELA MARIA ISABEL PERALTA P.</strong><br><br><strong>Dirección:</strong> CAMINO PUBLICO 20", "etiqueta": "" }, "geometry": { "type": "Point", "coordinates": [ -70.406197, -30.142639 ] } },
{ "type": "Feature", "properties": { "capa": "colegios", "popup": "<strong>LICEO MISTRALIANO</strong><br><br><strong>Dirección:</strong> BALMACEDA 132", "etiqueta": "" }, "geometry": { "type": "Point", "coordinates": [ -70.315002, -30.139 ] } },
{ "type": "Feature", "properties": { "capa": "colegios", "popup": "<strong>ESCUELA JERONIMO GODOY VILLANUEVA</strong><br><br><strong>Dirección:</strong> CENTENARIO 0", "etiqueta": "" }, "geometry": { "type": "Point", "coordinates": [ -70.493912, -30.123899 ] } },
{ "type": "Feature", "properties": { "capa": "colegios", "popup": "<strong>ESCUELA GABRIELA MISTRAL</strong><br><br><strong>Dirección:</strong> CAMINO PUBLICO 10", "etiqueta": "" }, "geometry": { "type": "Point", "coordinates": [ -70.494972, -30.0938 ] } },
{ "type": "Feature", "properties": { "capa": "colegios", "popup": "<strong>CEIA LIBRE SER MISTRALIANO</strong><br><br><strong>Dirección:</strong> JUAN SOMMERS 47", "etiqueta": "" }, "geometry": { "type": "Point", "coordinates": [ -70.492284, -30.090259 ] } },
{ "type": "Feature", "properties": { "capa": "colegios", "popup": "<strong>ESCUELA BASICA HECTOR MANUEL HERNANDEZ</strong><br><br><strong>Dirección:</strong> CAMINO PUBLICO BALMACEDA 5", "etiqueta": "" }, "geometry": { "type": "Point", "coordinates": [ -70.468536, -30.03318 ] } },
{ "type": "Feature", "properties": { "capa": "colegios", "popup": "<strong>ESCUELA MUNICIPAL CIELO CLARO--PAIHUANO</strong><br><br><strong>Dirección:</strong> BALMACEDA 109", "etiqueta": "" }, "geometry": { "type": "Point", "coordinates": [ -70.517487, -30.027321 ] } },
{ "type": "Feature", "properties": { "capa": "colegios", "popup": "<strong>ESCUELA BASICA SANTIAGO BUERAS A.</strong><br><br><strong>Dirección:</strong> CAMINO PUBLICO 5", "etiqueta": "" }, "geometry": { "type": "Point", "coordinates": [ -70.528839, -29.9895 ] } },
{ "type": "Feature", "properties": { "capa": "jardines", "popup": "<strong>DULZURA</strong><br><br><strong>Dirección:</strong> BALMACEDA 109 PAIHUANO ", "etiqueta": "" }, "geometry": { "type": "MultiPoint", "coordinates": [ [ -70.517303, -30.027344 ] ] } },
{ "type": "Feature", "properties": { "capa": "jardines", "popup": "<strong>DAME LA MANO</strong><br><br><strong>Dirección:</strong> CAMINO PRINCIPAL KM 10 MONTEGRANDE ", "etiqueta": "" }, "geometry": { "type": "MultiPoint", "coordinates": [ [ -70.495197, -30.093906 ] ] } },
{ "type": "Feature", "properties": { "capa": "jardines", "popup": "<strong>MANITAS</strong><br><br><strong>Dirección:</strong> CENTENARIO S/N PISCO ELQUI ", "etiqueta": "" }, "geometry": { "type": "MultiPoint", "coordinates": [ [ -70.493864, -30.124092 ] ] } },
{ "type": "Feature", "properties": { "capa": "jardines", "popup": "<strong>VALLE DEL ENCANTO</strong><br><br><strong>Dirección:</strong> JUAN SALAS ADONIS S/N CHANCHOQUI RINCONADA ", "etiqueta": "" }, "geometry": { "type": "MultiPoint", "coordinates": [ [ -70.522419, -30.028864 ] ] } },
{ "type": "Feature", "properties": { "capa": "jardines", "popup": "<strong>JERONIMO GODOY</strong><br><br><strong>Dirección:</strong> LUCILA GODOY S/N POBL. PISCO ELQUI ", "etiqueta": "" }, "geometry": { "type": "MultiPoint", "coordinates": [ [ -70.492242, -30.126106 ] ] } },
{ "type": "Feature", "properties": { "capa": "jardines", "popup": "<strong>LA ORTIGA</strong><br><br><strong>Dirección:</strong> CALLEJON VECINAL LOCALIDAD DE LA ORTIGA ", "etiqueta": "" }, "geometry": { "type": "MultiPoint", "coordinates": [ [ -70.487375, -30.203459 ] ] } },
{ "type": "Feature", "properties": { "capa": "jardines", "popup": "<strong>GABRIELA MISTRAL</strong><br><br><strong>Dirección:</strong> LORENZO TORRES S/N MONTEGRANDE ", "etiqueta": "" }, "geometry": { "type": "MultiPoint", "coordinates": [ [ -70.499272, -30.087717 ] ] } },
{ "type": "Feature", "properties": { "capa": "jardines", "popup": "<strong>NA</strong><br><br><strong>Dirección:</strong> NA ", "etiqueta": "" }, "geometry": { "type": "MultiPoint", "coordinates": [ [ -70.484859999615139, -30.182143000388798 ] ] } },
{ "type": "Feature", "properties": { "capa": "bomberos", "popup": "<strong>Cuerpo de Bomberos</strong><br><br><strong>Dirección:</strong> Balmaceda 129", "etiqueta": "" }, "geometry": { "type": "Point", "coordinates": [ -70.517008646321955, -30.026166480692414 ] } },
{ "type": "Feature", "properties": { "capa": "comisarias", "popup": "<strong>RETEN PISCO ELQUI (F)</strong><br><br><strong>Dirección:</strong> CENTENARIO S/N", "etiqueta": "" }, "geometry": { "type": "Point", "coordinates": [ -70.49404478699995, -30.123483128999904 ] } },
{ "type": "Feature", "properties": { "capa": "comisarias", "popup": "<strong>TCIA. PAIHUANO</strong><br><br><strong>Dirección:</strong> JOSE MANUEL BALMACEDA S/N", "etiqueta": "" }, "geometry": { "type": "Point", "coordinates": [ -70.516313089139075, -30.02932176977642 ] } },
{ "type": "Feature", "properties": { "capa": "salud", "popup": "<strong>Posta de Salud Rural Horcón (Paiguano)</strong><br><br><strong>Tipo de atención:</strong> Posta de Salud Rural (PSR)<br><strong>Dirección:</strong>  NA", "etiqueta": "" }, "geometry": { "type": "Point", "coordinates": [ -70.48264, -30.1914 ] } },
{ "type": "Feature", "properties": { "capa": "salud", "popup": "<strong>Posta de Salud Rural Pisco Elqui</strong><br><br><strong>Tipo de atención:</strong> Posta de Salud Rural (PSR)<br><strong>Dirección:</strong>  NA", "etiqueta": "" }, "geometry": { "type": "Point", "coordinates": [ -70.49261, -30.12383 ] } },
{ "type": "Feature", "properties": { "capa": "salud", "popup": "<strong>Posta de Salud Rural Monte Grande</strong><br><br><strong>Tipo de atención:</strong> Posta de Salud Rural (PSR)<br><strong>Dirección:</strong>  NA", "etiqueta": "" }, "geometry": { "type": "Point", "coordinates": [ -70.49576, -30.09459 ] } },
{ "type": "Feature", "properties": { "capa": "salud", "popup": "<strong>SUR Paihuano</strong><br><br><strong>Tipo de atención:</strong> Servicio de Urgencia Rural (SUR)<br><strong>Dirección:</strong>  NA", "etiqueta": "" }, "geometry": { "type": "Point", "coordinates": [ -70.517428, -30.025368 ] } },
{ "type": "Feature", "properties": { "capa": "salud", "popup": "<strong>Centro de Salud Familiar Jaime Thompson Rodríguez</strong><br><br><strong>Tipo de atención:</strong> Centro de Salud Familiar (CESFAM)<br><strong>Dirección:</strong>  NA", "etiqueta": "" }, "geometry": { "type": "Point", "coordinates": [ -70.51765, -30.02524 ] } },
{ "type": "Feature", "properties": { "capa": "municipios", "popup": "<strong>Municipalidad de Paiguano</strong><br><br><strong>Dirección:</strong> Balmaceda S/N°<br><strong>Región:</strong> Coquimbo", "etiqueta": "" }, "geometry": { "type": "Point", "coordinates": [ -70.516574, -30.02897700099993 ] } }
]
}
