{
"type": "FeatureCollection",
"name": "7201",
"crs": { "type": "name", "properties": { "name": "urn:ogc:def:crs:OGC:1.3:CRS84" } },
"features": [
{ "type": "Feature", "properties": { "capa": "comuna", "popup": "", "etiqueta": "" }, "geometry": { "type": "Polygon", "coordinates": [ [ [ -72.320780047858975, -35.678011943610215 ], [ -72.320434902550389, -35.678499105507434 ], [ -72.320141455286432, -35.67850720667758 ], [ -72.319924104310175, -35.678513207030313 ], [ -72.319440456751096, -35.67918439066603 ], [ -72.319032157183102, -35.679907605844939 ], [ -72.318865040895858, -35.68116476713174 ], [ -72.318588137006159, -35.681532884396788 ], [ -72.31823559227459, -35.68184004382109 ], [ -72.318031338735182, -35.682201578537928 ], [ -72.317540286363197, -35.682692757932749 ], [ -72.316616361008656, -35.683312957941148 ], [ -72.316285809730189, -35.684155679050647 ], [ -72.316305665192914, -35.684632764947487 ], [ -72.316176947392478, -35.685055332677251 ], [ -72.315982562744779, -35.685655481374496 ], [ -72.315953998115376, -35.686728617354653 ], [ -72.31604830774549, -35.687056742995516 ], [ -72.316124860377357, -35.687323198844382 ], [ -72.316003811494511, -35.687428633677001 ], [ -72.315772190779967, -35.687630280525468 ], [ -72.315198178991523, -35.687884924134998 ], [ -72.315388617340176, -35.688952096221875 ], [ -72.315148491376519, -35.690211265116297 ], [ -72.314737679220684, -35.69087592046435 ], [ -72.314384988962047, -35.691183000142146 ], [ -72.313893955454688, -35.691674239514519 ], [ -72.313400305154914, -35.69210678706866 ], [ -72.312904048842512, -35.692476507064399 ], [ -72.31205041037073, -35.693036123354624 ], [ -72.311111527168393, -35.693300871008809 ], [ -72.310250423696601, -35.693680552784976 ], [ -72.309678862512243, -35.693998073369926 ], [ -72.308878409695168, -35.69407871764826 ], [ -72.308563649002778, -35.694141860416813 ], [ -72.307863765276707, -35.6942823328164 ], [ -72.30742097309674, -35.694177430137756 ], [ -72.307367371522076, -35.69412641634618 ], [ -72.306812654647601, -35.693599295998503 ], [ -72.306221367357907, -35.693435353684848 ], [ -72.305340624019053, -35.693342410429999 ], [ -72.304542495143636, -35.693481503897537 ], [ -72.304490824946811, -35.693799328773508 ], [ -72.304484325635727, -35.693839149813272 ], [ -72.304053796357721, -35.694031108657853 ], [ -72.303605993375115, -35.693804668450532 ], [ -72.303435510202164, -35.693809352249502 ], [ -72.302803112411823, -35.693826650202453 ], [ -72.30263846559329, -35.693952979862459 ], [ -72.302236624912197, -35.694261301806193 ], [ -72.301810924078822, -35.694570424340746 ], [ -72.301390229556546, -35.69500099515011 ], [ -72.300849272177288, -35.69546919302546 ], [ -72.300825768656182, -35.695489548884979 ], [ -72.299850617770872, -35.696651785285013 ], [ -72.299523495361854, -35.697113444874084 ], [ -72.299505449106107, -35.697138891726389 ], [ -72.299488997359987, -35.69713934330747 ], [ -72.298921476797787, -35.697154841509565 ], [ -72.298132939234634, -35.697323676440618 ], [ -72.297979899547897, -35.697356517754685 ], [ -72.297174478148989, -35.697319990117691 ], [ -72.296147795407407, -35.697230981381097 ], [ -72.29534978780454, -35.697370011163166 ], [ -72.294619728769774, -35.697390017092175 ], [ -72.293658677841151, -35.697118986409997 ], [ -72.292636810967792, -35.69714689908259 ], [ -72.2917608484629, -35.697170882481181 ], [ -72.290804621487354, -35.697016855316015 ], [ -72.289981993757493, -35.696561728914851 ], [ -72.289463845501615, -35.696400132325664 ], [ -72.289011158378798, -35.696052110355964 ], [ -72.288765391893477, -35.695405496120976 ], [ -72.288599703029206, -35.694932391625109 ], [ -72.288071673305211, -35.694527810921578 ], [ -72.287701846784216, -35.694420765124171 ], [ -72.285930470553552, -35.69399154743801 ], [ -72.285419554634032, -35.694005508335437 ], [ -72.28461666468759, -35.694027516296195 ], [ -72.283818846629259, -35.694170966962659 ], [ -72.283023150391614, -35.69436839305024 ], [ -72.282295690182963, -35.694446795022863 ], [ -72.281556049717366, -35.694232666588931 ], [ -72.281470824749732, -35.693933127738504 ], [ -72.280876996126096, -35.693710513089762 ], [ -72.280214485010816, -35.693675581529867 ], [ -72.280144835033568, -35.693671944648763 ], [ -72.279480642272063, -35.693514287699031 ], [ -72.279110738495945, -35.693402787262023 ], [ -72.278536264973425, -35.692965396545873 ], [ -72.278356544424426, -35.692828555828193 ], [ -72.277843056628242, -35.692784011757581 ], [ -72.277649064544335, -35.692868733383939 ], [ -72.277303660520943, -35.693019446095057 ], [ -72.277195829449198, -35.693035894998964 ], [ -72.276475745307323, -35.693294336994569 ], [ -72.275995466430572, -35.69353273186448 ], [ -72.275831092699875, -35.693613764742167 ], [ -72.275256714398779, -35.693863727341508 ], [ -72.274804285990783, -35.693520145387268 ], [ -72.274187155068674, -35.693315849045227 ], [ -72.274137617472348, -35.693299479722008 ], [ -72.273488073538175, -35.693497367593807 ], [ -72.27343606647311, -35.693531266165976 ], [ -72.272918836295446, -35.693868765704671 ], [ -72.27255127263065, -35.693911695376691 ], [ -72.272264318389546, -35.693945195431674 ], [ -72.271548995318696, -35.694325139699878 ], [ -72.271132915442024, -35.694872640449283 ], [ -72.271094952638123, -35.694949046598097 ], [ -72.270863007631746, -35.695416238000867 ], [ -72.270356764748342, -35.695547091987052 ], [ -72.269927087971553, -35.695678076347363 ], [ -72.269707283696235, -35.695744958231927 ], [ -72.269502775933603, -35.696106496321072 ], [ -72.26944913842631, -35.696585594304203 ], [ -72.269400737198794, -35.697186211425574 ], [ -72.269425012372707, -35.697780274326959 ], [ -72.269435254963582, -35.698030923481596 ], [ -72.269454257925105, -35.698495938906937 ], [ -72.269038142115832, -35.699043433637051 ], [ -72.268655200191674, -35.699426063753904 ], [ -72.26854676814699, -35.699534431272689 ], [ -72.26821573267658, -35.700376972983406 ], [ -72.267578254913317, -35.700872011856831 ], [ -72.26709641386627, -35.701596913971919 ], [ -72.267016733300579, -35.701709076272664 ], [ -72.2667507511281, -35.702084018655135 ], [ -72.266480788520596, -35.702627534950466 ], [ -72.266126409429205, -35.70276391751726 ], [ -72.265976980071585, -35.702821498409406 ], [ -72.265171679046929, -35.702784680753773 ], [ -72.264590036968457, -35.702859090027204 ], [ -72.263714078056822, -35.702882870371042 ], [ -72.262923195890778, -35.703201772419845 ], [ -72.262151852980494, -35.703997704537436 ], [ -72.261587262722742, -35.704490587242212 ], [ -72.261010467055229, -35.704686510615559 ], [ -72.260441090573636, -35.705057856613969 ], [ -72.260319295190783, -35.705655958948292 ], [ -72.26032701171907, -35.7058452552901 ], [ -72.260331406277459, -35.705953066994688 ], [ -72.260703735504833, -35.706123172965363 ], [ -72.260930050769304, -35.706297239483533 ], [ -72.260939867558733, -35.706535793160654 ], [ -72.260309355332183, -35.70720623332619 ], [ -72.260109914067741, -35.707689282353122 ], [ -72.259844479867581, -35.708354323784128 ], [ -72.259428342498737, -35.708901788748122 ], [ -72.259377205002878, -35.709439357549449 ], [ -72.258741893077755, -35.7099928356578 ], [ -72.258381648885887, -35.710119683848724 ], [ -72.258011961603742, -35.710012544465073 ], [ -72.257352524523341, -35.709971869332826 ], [ -72.257148019455641, -35.71033338886572 ], [ -72.256736716819674, -35.710549097729896 ], [ -72.256432291244607, -35.710708682379526 ], [ -72.255860474040389, -35.711021605544722 ], [ -72.255760676602236, -35.711218317399386 ], [ -72.255522119097066, -35.711688612623405 ], [ -72.255013455253945, -35.711760928233005 ], [ -72.254521737230348, -35.712251881098851 ], [ -72.254397952977456, -35.712433147933545 ], [ -72.254314833660857, -35.712554918589014 ], [ -72.254310600799244, -35.712575482339538 ], [ -72.254193072413983, -35.713152940601503 ], [ -72.254210106268417, -35.713571503158754 ], [ -72.2540954911196, -35.714349610097578 ], [ -72.254182933129371, -35.71470322161025 ], [ -72.254202351112554, -35.715180336284874 ], [ -72.25421532009031, -35.715496763997805 ], [ -72.254224148732916, -35.715715929926908 ], [ -72.254368586152523, -35.716173197786709 ], [ -72.254392071707301, -35.716247566847045 ], [ -72.254443501155635, -35.716512532089332 ], [ -72.254484464332577, -35.716722706666438 ], [ -72.254579329121526, -35.71725632142887 ], [ -72.25485589704131, -35.717592483569305 ], [ -72.254963706553525, -35.717723554970327 ], [ -72.254834893531665, -35.718146141364173 ], [ -72.254635212417057, -35.718629113878073 ], [ -72.25462795582618, -35.718639867215693 ], [ -72.254428291779547, -35.718932078253061 ], [ -72.254077622730293, -35.719297549495998 ], [ -72.253800106189587, -35.719661040398108 ], [ -72.253890118279358, -35.720077628043079 ], [ -72.254153496235816, -35.720256387173208 ], [ -72.25456667994402, -35.720536953808832 ], [ -72.254656423437538, -35.720949045021115 ], [ -72.25465370333886, -35.720953400492157 ], [ -72.254381471586939, -35.721375586138556 ], [ -72.253965230911845, -35.721922963844051 ], [ -72.25362187414899, -35.722468439417298 ], [ -72.25289412288619, -35.722546825424914 ], [ -72.251521286027966, -35.722944374998875 ], [ -72.251491464655473, -35.722976852049179 ], [ -72.251241363798911, -35.72324930883368 ], [ -72.250744795771098, -35.723618717405934 ], [ -72.250476953187672, -35.7242252634151 ], [ -72.250282082551408, -35.724825257331972 ], [ -72.249938779687483, -35.725370722514143 ], [ -72.249444574228875, -35.72580318205781 ], [ -72.24906208236068, -35.726093092235388 ], [ -72.248877377958479, -35.726233035041524 ], [ -72.248300390051469, -35.726428832769763 ], [ -72.247584751671965, -35.726804148203748 ], [ -72.246871487539735, -35.727242515704397 ], [ -72.246231103726515, -35.727674333552535 ], [ -72.245883008350546, -35.728102758777339 ], [ -72.245678408061451, -35.728464262417873 ], [ -72.245400825943719, -35.728832240097255 ], [ -72.245055186561729, -35.729319139684286 ], [ -72.244782166088996, -35.729799648202601 ], [ -72.244751958440929, -35.729914152491013 ], [ -72.244655568312652, -35.73028070657837 ], [ -72.244382723909723, -35.730765639340461 ], [ -72.244185332600765, -35.731307224498686 ], [ -72.24369123763492, -35.731739584724188 ], [ -72.243465322120755, -35.73183958504297 ], [ -72.243116664399423, -35.731993909526111 ], [ -72.242181804751226, -35.732375035340738 ], [ -72.241538982012003, -35.732748352438399 ], [ -72.240976623169431, -35.733304204811311 ], [ -72.240826008035626, -35.733642467147014 ], [ -72.240574565096011, -35.73420720944592 ], [ -72.240379515694997, -35.734807342555349 ], [ -72.239991702207078, -35.735497052676571 ], [ -72.239088265627515, -35.734271486408218 ], [ -72.239060002832048, -35.734233195726439 ], [ -72.237709799027414, -35.733607223487304 ], [ -72.237035271148557, -35.732975222363571 ], [ -72.236909742367374, -35.732603280887687 ], [ -72.236822930076642, -35.731877269439323 ], [ -72.236883400169987, -35.731054420850398 ], [ -72.236882694992488, -35.730581005073368 ], [ -72.236685015324326, -35.730320930889562 ], [ -72.23633978198086, -35.730083801135407 ], [ -72.235844060166059, -35.729866446766252 ], [ -72.235443571449451, -35.729760510917039 ], [ -72.23442676837935, -35.729325292271014 ], [ -72.234084000911338, -35.729048151203408 ], [ -72.233842301099301, -35.728908112707558 ], [ -72.233656993927553, -35.728854998314652 ], [ -72.231597624105021, -35.727760346070596 ], [ -72.231179849107406, -35.727618317363465 ], [ -72.229820831931519, -35.727238175891607 ], [ -72.229560829843891, -35.726927200816156 ], [ -72.228592524121026, -35.726615096356092 ], [ -72.22821469810242, -35.726437508107729 ], [ -72.227951781880023, -35.72627381272239 ], [ -72.227694234888062, -35.726207198567479 ], [ -72.22711053207432, -35.72617303895543 ], [ -72.226436088637115, -35.726048514972476 ], [ -72.225849195905781, -35.725897127408366 ], [ -72.225613405211689, -35.725795227899773 ], [ -72.224567441030842, -35.725130595279659 ], [ -72.224060472308679, -35.724612656657911 ], [ -72.21223243581106, -35.723481897941262 ], [ -72.210580754702121, -35.723324036665723 ], [ -72.207861538167393, -35.722945412059289 ], [ -72.205613140351218, -35.722242482554371 ], [ -72.204702626843854, -35.722004384300014 ], [ -72.203990196348215, -35.721632913778734 ], [ -72.203771446695058, -35.720977123656418 ], [ -72.204261414800484, -35.720101271971885 ], [ -72.204647864645807, -35.718729932195849 ], [ -72.204098299609512, -35.717849600248485 ], [ -72.202986922804612, -35.717133655750764 ], [ -72.201936136467324, -35.716675656024975 ], [ -72.200318398201375, -35.716626818436296 ], [ -72.19863895376028, -35.71667151402098 ], [ -72.197762696607953, -35.716694824186881 ], [ -72.197180865883283, -35.716768916335397 ], [ -72.196752271576372, -35.717019064532501 ], [ -72.196099981492395, -35.717158145140466 ], [ -72.195384060143553, -35.71753308706316 ], [ -72.194736435909135, -35.717789123775155 ], [ -72.19451657773493, -35.71791677788044 ], [ -72.194093482914198, -35.718162193428334 ], [ -72.193375205284383, -35.718483146512021 ], [ -72.192433138452671, -35.718683944652931 ], [ -72.191922014123989, -35.718697442474323 ], [ -72.191745562544298, -35.718688026746783 ], [ -72.191189351771527, -35.718658350058313 ], [ -72.19060300611423, -35.71861529440762 ], [ -72.189736329494409, -35.718877118556783 ], [ -72.189015604853751, -35.719135063987807 ], [ -72.188971087941525, -35.719151526466575 ], [ -72.188151157852474, -35.719455359674015 ], [ -72.186850978531069, -35.719845820315193 ], [ -72.185897124006189, -35.719753940573945 ], [ -72.185082057396087, -35.719478168706026 ], [ -72.184266908140955, -35.719197890074611 ], [ -72.183602648005802, -35.719039704509591 ], [ -72.18301612268543, -35.718996690636956 ], [ -72.182212895870776, -35.719017955072914 ], [ -72.181765253686606, -35.718790977565838 ], [ -72.181461245828146, -35.718497149798502 ], [ -72.181303285170273, -35.718203886915873 ], [ -72.180926571265985, -35.717916484684523 ], [ -72.1802647482602, -35.717816833017281 ], [ -72.179303488024132, -35.717544814955616 ], [ -72.178714650440213, -35.717438793432407 ], [ -72.177970190513122, -35.717102487690894 ], [ -72.177183794533605, -35.716902165478615 ], [ -72.17627201619834, -35.716669713244734 ], [ -72.17516259682246, -35.716343105441936 ], [ -72.175036997074372, -35.716328408157807 ], [ -72.174722046837431, -35.716291617892011 ], [ -72.172743599052325, -35.716168066016309 ], [ -72.170708419063757, -35.716460584424979 ], [ -72.169829643933696, -35.716420709770453 ], [ -72.16925045605258, -35.716557644200122 ], [ -72.168666269046895, -35.716573042352501 ], [ -72.168006782559161, -35.716531805317679 ], [ -72.167490848650459, -35.71642373295424 ], [ -72.167356305275405, -35.71639575482434 ], [ -72.167036037910322, -35.716016680099344 ], [ -72.166672897549986, -35.715558409923737 ], [ -72.166574372126234, -35.715434098370793 ], [ -72.166384579666286, -35.715240726484588 ], [ -72.166345902701707, -35.71520128884044 ], [ -72.165969164542915, -35.714913839311031 ], [ -72.16515180004231, -35.714579371146186 ], [ -72.164035412434757, -35.714072558431013 ], [ -72.163703298087711, -35.713940217010084 ], [ -72.162772815929884, -35.713569580505514 ], [ -72.162272766930357, -35.71355578714477 ], [ -72.16160216558761, -35.713537248414895 ], [ -72.160872044569061, -35.71355644577762 ], [ -72.159779261093931, -35.71364829254891 ], [ -72.158754561832495, -35.713612096951294 ], [ -72.158628649470685, -35.713593921467073 ], [ -72.157725326078861, -35.713463353112864 ], [ -72.157124810396283, -35.713060086704544 ], [ -72.157019549404538, -35.713007776471969 ], [ -72.156901081381505, -35.712948798864545 ], [ -72.156458248777355, -35.712838760313495 ], [ -72.155772864758305, -35.712140341947496 ], [ -72.155249862904938, -35.711856622462825 ], [ -72.154766287211061, -35.711647464236172 ], [ -72.154729359266369, -35.71163152683441 ], [ -72.154281917406507, -35.711404364172488 ], [ -72.15393963682537, -35.711392303498094 ], [ -72.153330489231209, -35.711370776630353 ], [ -72.15318897852282, -35.711363193027012 ], [ -72.152597896049031, -35.7113314442934 ], [ -72.15193615029834, -35.711231631216648 ], [ -72.151486235376495, -35.71094147512828 ], [ -72.150897649320868, -35.710839738844079 ], [ -72.150313406619659, -35.710855122783698 ], [ -72.149795312262697, -35.710688412099273 ], [ -72.14919936900489, -35.710406649563865 ], [ -72.148897988718645, -35.710175714529186 ], [ -72.148669584871158, -35.709942868484774 ], [ -72.14815149859902, -35.709780727152165 ], [ -72.147710905494861, -35.709729141267559 ], [ -72.146886849443703, -35.70921451039225 ], [ -72.146571221877068, -35.708628024641321 ], [ -72.146326358198607, -35.70797649096658 ], [ -72.146307765767176, -35.707503824318422 ], [ -72.146585759313311, -35.707136128898817 ], [ -72.146425647190313, -35.706784327120047 ], [ -72.146044057230668, -35.706375272297677 ], [ -72.145676904994289, -35.706326334298019 ], [ -72.144805490659664, -35.706470720604464 ], [ -72.144289556750934, -35.706362547793326 ], [ -72.14376451751852, -35.706020358966335 ], [ -72.143733951442655, -35.705894397831941 ], [ -72.143677393512377, -35.70566214108166 ], [ -72.143688350263901, -35.705530960120583 ], [ -72.143727011957097, -35.705066023656279 ], [ -72.143662723125473, -35.70490188972542 ], [ -72.143564531875029, -35.704651232261853 ], [ -72.143112472674602, -35.704307058502387 ], [ -72.143025531924764, -35.703953338131285 ], [ -72.143020144728013, -35.703816236151241 ], [ -72.143009088263497, -35.703534802389797 ], [ -72.142919669960108, -35.703118026871238 ], [ -72.142542891377133, -35.702830500207249 ], [ -72.142159131087752, -35.702362870782537 ], [ -72.14184383679607, -35.701776288664639 ], [ -72.141459995658323, -35.701308658892664 ], [ -72.141373068383217, -35.700955011299371 ], [ -72.141215380813193, -35.700661683867736 ], [ -72.141123592754084, -35.700186496449156 ], [ -72.140820066392635, -35.699896976410557 ], [ -72.1398708920904, -35.699921838038897 ], [ -72.139049193218526, -35.69946563249097 ], [ -72.13888978627304, -35.699485814436052 ], [ -72.137885623397324, -35.699613163741255 ], [ -72.136802339606319, -35.699943304531317 ], [ -72.136006149295255, -35.700139778184159 ], [ -72.135134781673045, -35.700284166941024 ], [ -72.13511229684147, -35.700287778717453 ], [ -72.134699008030395, -35.700354071673765 ], [ -72.134270290654314, -35.700604149562878 ], [ -72.133686378533113, -35.700619294012917 ], [ -72.133328416960367, -35.700808833565226 ], [ -72.13328439412156, -35.700831021293787 ], [ -72.132826726738813, -35.701060808180102 ], [ -72.132242632259619, -35.70107602403413 ], [ -72.131658534187139, -35.701091163288083 ], [ -72.131232173092059, -35.701001714496783 ], [ -72.131142742212262, -35.700983002874011 ], [ -72.130709426360241, -35.701115951594382 ], [ -72.130289936478761, -35.701599955225817 ], [ -72.130365524320027, -35.702102224484477 ], [ -72.130388618209338, -35.702255257749407 ], [ -72.130475592196845, -35.702608986383972 ], [ -72.130119815326864, -35.702857077389424 ], [ -72.129684113549459, -35.702927037495321 ], [ -72.129407880701265, -35.702994321079053 ], [ -72.129394613482845, -35.702997619785947 ], [ -72.129336137649432, -35.703048384256356 ], [ -72.129041121926974, -35.703304267625207 ], [ -72.128767817586606, -35.703789038507779 ], [ -72.128120057706582, -35.704044648136566 ], [ -72.127554415521629, -35.704532444717294 ], [ -72.127134976844104, -35.705021013001037 ], [ -72.127000470300004, -35.705321960364863 ], [ -72.127016924741056, -35.705740574258527 ], [ -72.126668340681576, -35.706168680483621 ], [ -72.126093354221041, -35.706417956707057 ], [ -72.125447939842232, -35.706736687054914 ], [ -72.124736316932029, -35.707228265362374 ], [ -72.124383054446554, -35.707539397561632 ], [ -72.123589125195096, -35.707798854609891 ], [ -72.123080323011422, -35.707870616460269 ], [ -72.122576271118973, -35.70805941517564 ], [ -72.121999058633165, -35.708254689337068 ], [ -72.121805693573322, -35.708917508597494 ], [ -72.1216664214666, -35.70909698060931 ], [ -72.121167006677666, -35.709407246256703 ], [ -72.120491623602661, -35.709685163913541 ], [ -72.120231839805641, -35.709792090017928 ], [ -72.119583691853421, -35.710243896467517 ], [ -72.119520153115062, -35.710288143396056 ], [ -72.118808728732546, -35.710784260063129 ], [ -72.11809702766891, -35.711275802468244 ], [ -72.117599869447957, -35.711649265855286 ], [ -72.117114284222822, -35.712315150978498 ], [ -72.116991392895315, -35.712917665637349 ], [ -72.117231388603258, -35.713447649477111 ], [ -72.117468842078949, -35.713914650796369 ], [ -72.117485164467652, -35.714333343558252 ], [ -72.1172094742019, -35.714759534252913 ], [ -72.116636849412245, -35.715071755177007 ], [ -72.115991238302385, -35.715385863936476 ], [ -72.115135883150089, -35.715944234878272 ], [ -72.114499555230381, -35.716497000453074 ], [ -72.114155414238283, -35.717042047118113 ], [ -72.11301246973602, -35.717729593945499 ], [ -72.111917176367953, -35.717757875014435 ], [ -72.111585813012482, -35.717478008977046 ], [ -72.111161412939651, -35.71711963472022 ], [ -72.11012291286049, -35.716731963627069 ], [ -72.109767441417731, -35.716802583290111 ], [ -72.109107347668868, -35.716933865314481 ], [ -72.108388798747811, -35.717249895133406 ], [ -72.107601712862191, -35.717689285236254 ], [ -72.107102103138814, -35.717999647986865 ], [ -72.106301101451123, -35.7180788909914 ], [ -72.10586292571341, -35.718090211101604 ], [ -72.104989113775304, -35.718175904305618 ], [ -72.10470154149327, -35.718300494565092 ], [ -72.103996941611967, -35.718976563226022 ], [ -72.103652539210145, -35.719521662216806 ], [ -72.103079823690649, -35.719833821452305 ], [ -72.102557998630303, -35.719833779151443 ], [ -72.101908721495775, -35.719526135187749 ], [ -72.101856287730953, -35.719479057028487 ], [ -72.101454294336264, -35.719118740808092 ], [ -72.100644022933125, -35.718959427536291 ], [ -72.100064491895566, -35.719096039614428 ], [ -72.099487318037319, -35.719291134305116 ], [ -72.099440826628097, -35.719308574054274 ], [ -72.098982860106375, -35.719479846891581 ], [ -72.098558633408402, -35.719851355165687 ], [ -72.098205215514355, -35.720157840438731 ], [ -72.097714327534092, -35.72012685735114 ], [ -72.097545707467049, -35.720116214341999 ], [ -72.097100453004899, -35.71994747217002 ], [ -72.096299416282889, -35.720026650515585 ], [ -72.095702790305495, -35.719761912839004 ], [ -72.095406919386889, -35.719630588067695 ], [ -72.094731294665053, -35.719174820591 ], [ -72.094279262414091, -35.718825955010168 ], [ -72.093243075496801, -35.718496696150417 ], [ -72.092425042649623, -35.718187656901002 ], [ -72.092204459534969, -35.718104367618842 ], [ -72.091807350280476, -35.717981469127288 ], [ -72.091316698557122, -35.71782974532244 ], [ -72.090641028919563, -35.717369452151061 ], [ -72.090120736385089, -35.717143993560597 ], [ -72.089682559749065, -35.717155254726265 ], [ -72.0889640090314, -35.717475672878258 ], [ -72.088614810524263, -35.71789918612329 ], [ -72.088592826952606, -35.717923006470166 ], [ -72.088334257677857, -35.718203844614145 ], [ -72.087911199688079, -35.718285585404118 ], [ -72.087608642608814, -35.718344075510089 ], [ -72.087017536778816, -35.718179041929297 ], [ -72.085983641463812, -35.717908205181338 ], [ -72.085652090360441, -35.717855806963144 ], [ -72.085321720541657, -35.717803451741773 ], [ -72.084931123174655, -35.717975747435212 ], [ -72.084171729654287, -35.718310622173775 ], [ -72.083078832991404, -35.71840177642872 ], [ -72.082414657297889, -35.718238591844688 ], [ -72.082106303390091, -35.717827376413453 ], [ -72.082090340327497, -35.717413242198695 ], [ -72.082001216671529, -35.716996407231044 ], [ -72.0818491363855, -35.716766418299301 ], [ -72.081845964434223, -35.716761627175266 ], [ -72.081816824883035, -35.716745468343291 ], [ -72.081024389529887, -35.716305091320507 ], [ -72.080236911978787, -35.7157041543567 ], [ -72.080195876038289, -35.715672869039523 ], [ -72.079447390760407, -35.715214375158943 ], [ -72.079081773744818, -35.715125548320025 ], [ -72.078340572905589, -35.714945340090402 ], [ -72.07760335878956, -35.714783924448291 ], [ -72.076862091474979, -35.71461825185694 ], [ -72.076644858178028, -35.714569621608234 ], [ -72.076316303854455, -35.714491058537817 ], [ -72.07620219086391, -35.71446385724277 ], [ -72.074698728183577, -35.714218887624163 ], [ -72.074289797099951, -35.71415226776611 ], [ -72.073899703687829, -35.713508863004989 ], [ -72.07395200270534, -35.712971239959096 ], [ -72.074152697119615, -35.712488514699047 ], [ -72.0739860542445, -35.711956562401447 ], [ -72.073458827614374, -35.711550917814485 ], [ -72.072941040481226, -35.711388442039578 ], [ -72.072354418142822, -35.711340383131038 ], [ -72.071779375986736, -35.711593835048916 ], [ -72.071126857730661, -35.71173217165542 ], [ -72.070328206035725, -35.711869807069924 ], [ -72.070042921762749, -35.712057306739347 ], [ -72.069474787651188, -35.712486356425806 ], [ -72.068605378356295, -35.712688836335971 ], [ -72.067792976149306, -35.712470732101366 ], [ -72.067188214130383, -35.711949873095456 ], [ -72.066813978677942, -35.711720584411118 ], [ -72.06651739000543, -35.711611057662417 ], [ -72.065862351974985, -35.711686307719091 ], [ -72.065520222310823, -35.71228979066214 ], [ -72.065246224471053, -35.712774444904021 ], [ -72.064812812499312, -35.712907236105636 ], [ -72.064532177007919, -35.713211768533704 ], [ -72.06411678074916, -35.713817189560345 ], [ -72.063842857469595, -35.714301764493719 ], [ -72.063559973495046, -35.714547808225362 ], [ -72.063356798832302, -35.714967603385844 ], [ -72.062946036982112, -35.715694498314896 ], [ -72.063030401363704, -35.715989729495774 ], [ -72.063057817946174, -35.716705459630141 ], [ -72.062567256952661, -35.717254244971841 ], [ -72.062565571713193, -35.717255173433337 ], [ -72.061923637407787, -35.717626638108371 ], [ -72.06157213202701, -35.717996092442931 ], [ -72.061512850404782, -35.718353527745258 ], [ -72.061302932089191, -35.718597707180678 ], [ -72.061241322932048, -35.718896730353599 ], [ -72.060974782007463, -35.71930780023478 ], [ -72.060965126016484, -35.719322811310704 ], [ -72.060613708670601, -35.719687757834073 ], [ -72.060566769900362, -35.719738638578001 ], [ -72.060332765057055, -35.719992289877212 ], [ -72.060049850539798, -35.72023832479065 ], [ -72.059915151756201, -35.720539133743607 ], [ -72.059702895125938, -35.720724824729615 ], [ -72.059563896107065, -35.720908576761779 ], [ -72.059438236171871, -35.721447989226817 ], [ -72.059531725640113, -35.721981824684512 ], [ -72.059550609125694, -35.72247525546809 ], [ -72.05955440810105, -35.722574531553882 ], [ -72.059556708686486, -35.722634643391608 ], [ -72.059741546039348, -35.723643749582614 ], [ -72.060129788921998, -35.72423320533202 ], [ -72.060807504023472, -35.724752167413591 ], [ -72.061407582226508, -35.725151433639425 ], [ -72.061803089784874, -35.72545490922947 ], [ -72.06201017032248, -35.725613755176269 ], [ -72.062606727129634, -35.725918457824726 ], [ -72.062617247299926, -35.726193051511906 ], [ -72.06249626040082, -35.726854090219227 ], [ -72.06258987203995, -35.727387920080211 ], [ -72.062703311294015, -35.728006810588631 ], [ -72.062774765088349, -35.728397090762208 ], [ -72.062810509951817, -35.728484035935153 ], [ -72.063016616715657, -35.728985763136997 ], [ -72.063163184040789, -35.729360840459492 ], [ -72.06317874286151, -35.729400606544587 ], [ -72.063240511918764, -35.729434174819254 ], [ -72.063701384490429, -35.72968474121167 ], [ -72.064000367173193, -35.729857335719949 ], [ -72.064447775795387, -35.730084838832106 ], [ -72.064753675505827, -35.730433039642179 ], [ -72.065278481176279, -35.730775584516692 ], [ -72.065721404510271, -35.730885958533847 ], [ -72.066244246463512, -35.731170076963707 ], [ -72.066698484078501, -35.731577537329692 ], [ -72.067157304898089, -35.732101970978185 ], [ -72.067129367292736, -35.73271176518255 ], [ -72.06711738197022, -35.732972757649868 ], [ -72.066618552882844, -35.733305380285294 ], [ -72.066047914268282, -35.733680439452925 ], [ -72.065463812602559, -35.733695261875035 ], [ -72.064954598092186, -35.733766865503021 ], [ -72.064901823865867, -35.733875852817135 ], [ -72.064751387496813, -35.734186591484324 ], [ -72.064918030371913, -35.734718629438589 ], [ -72.065299369701592, -35.735127954406252 ], [ -72.066111819519293, -35.735345992973912 ], [ -72.066703203827018, -35.735511195892094 ], [ -72.067301237464477, -35.735851935353296 ], [ -72.067976946627937, -35.736312357989711 ], [ -72.068157177420019, -35.737199969350918 ], [ -72.068549865166688, -35.737906371099363 ], [ -72.068871804296521, -35.738673198808904 ], [ -72.068958560891701, -35.739026981626253 ], [ -72.068901454989117, -35.739447487046625 ], [ -72.068766946648353, -35.739748373663716 ], [ -72.068495225139529, -35.740291522252548 ], [ -72.068287433136206, -35.740594205915393 ], [ -72.067867533622959, -35.741082590286439 ], [ -72.067520815364318, -35.74156903291415 ], [ -72.067402101202887, -35.742288562349295 ], [ -72.067061849017676, -35.742950695290396 ], [ -72.066783547349402, -35.743318299077536 ], [ -72.06614199123473, -35.743749136604826 ], [ -72.065715062404365, -35.744057479549511 ], [ -72.065219691830848, -35.74448916101943 ], [ -72.064865945153414, -35.74479556097063 ], [ -72.064704821527428, -35.744955668319768 ], [ -72.064372720655086, -35.745285803543219 ], [ -72.064326848185104, -35.74548283908733 ], [ -72.064247246671158, -35.745825214963588 ], [ -72.064142233614447, -35.746900390928026 ], [ -72.06415138475225, -35.747138918548615 ], [ -72.0644709918556, -35.74784726913164 ], [ -72.064710769272921, -35.748377367626411 ], [ -72.064753516504027, -35.748471811272736 ], [ -72.064870536442825, -35.748729291958412 ], [ -72.064747301060578, -35.749331769609491 ], [ -72.064624160001429, -35.749929667182677 ], [ -72.064726889540694, -35.750702094050339 ], [ -72.065190221699623, -35.751343655031938 ], [ -72.065651580259868, -35.751931221694271 ], [ -72.065895874406436, -35.75257836658178 ], [ -72.065987644499231, -35.752814858520125 ], [ -72.06605807331583, -35.752993275892905 ], [ -72.066361649084627, -35.753282983562407 ], [ -72.066580795793129, -35.753277391984632 ], [ -72.066875480037254, -35.753328417486394 ], [ -72.066964486013916, -35.753745192810456 ], [ -72.067158775440205, -35.754992945425435 ], [ -72.066964698016321, -35.755651348839621 ], [ -72.067085697491834, -35.756900896217836 ], [ -72.066698300822182, -35.757431269011427 ], [ -72.06659943403865, -35.757566755890281 ], [ -72.066551472985637, -35.75822585896298 ], [ -72.066654418120564, -35.758998277473445 ], [ -72.06666998772107, -35.759403637426026 ], [ -72.066681815838393, -35.75971392873894 ], [ -72.066117832841783, -35.76026460459898 ], [ -72.065391622189708, -35.760400295862851 ], [ -72.065035565045363, -35.760648210555829 ], [ -72.06460180273065, -35.760780868731253 ], [ -72.064008169041429, -35.760557246071606 ], [ -72.063842662535166, -35.760533116279206 ], [ -72.063640260423568, -35.760503503294551 ], [ -72.063117410385487, -35.76021945309644 ], [ -72.062014753527066, -35.760071843077377 ], [ -72.061220076877262, -35.760330849110922 ], [ -72.060363853952424, -35.760888943594509 ], [ -72.059649192041618, -35.761321684778359 ], [ -72.059085144366293, -35.761872256934559 ], [ -72.058746080652199, -35.762134118188982 ], [ -72.058445728936945, -35.762366199363889 ], [ -72.057954875990973, -35.762914904059421 ], [ -72.057459534163527, -35.763346629761493 ], [ -72.056950120227157, -35.763418134555749 ], [ -72.056139548786732, -35.763258537422701 ], [ -72.055340433561113, -35.763400527337112 ], [ -72.055281776268004, -35.763332914998138 ], [ -72.05503444132421, -35.763047730482576 ], [ -72.054577913903557, -35.762586245891164 ], [ -72.054351760335834, -35.762411779720061 ], [ -72.053986345441189, -35.762420993465483 ], [ -72.053552472633683, -35.762549183962129 ], [ -72.053118774997671, -35.762681946120878 ], [ -72.052903986016602, -35.762804567885631 ], [ -72.052278931055383, -35.763194385186388 ], [ -72.050908714582846, -35.763706849378998 ], [ -72.050116471469167, -35.76402433949589 ], [ -72.049616162856509, -35.764334491057546 ], [ -72.049335300989668, -35.764638998877629 ], [ -72.04869365594179, -35.765074327706749 ], [ -72.048195840154051, -35.765442955470846 ], [ -72.047480968935787, -35.765880136418147 ], [ -72.046843772345184, -35.766432582366612 ], [ -72.046711280722235, -35.766791866685757 ], [ -72.046738604778241, -35.767507676713166 ], [ -72.047049134405654, -35.7679773968473 ], [ -72.047213605154397, -35.768450968526324 ], [ -72.047240947176704, -35.768656993553748 ], [ -72.047316109216524, -35.769223342423167 ], [ -72.046968801663056, -35.769705314185131 ], [ -72.046685589803445, -35.769951329607601 ], [ -72.046477816664733, -35.770258554265666 ], [ -72.046128262424745, -35.770681888105607 ], [ -72.045559771682036, -35.771115420759138 ], [ -72.044984221079503, -35.771368841344831 ], [ -72.044581995919458, -35.771433002294202 ], [ -72.044421267552195, -35.77145863240338 ], [ -72.044111700918762, -35.771508114926363 ], [ -72.043772042519947, -35.771452709746178 ], [ -72.04357340704432, -35.771420310777117 ], [ -72.043154901716406, -35.771352136020433 ], [ -72.042497203774388, -35.771368716710874 ], [ -72.041914949044894, -35.771446582280845 ], [ -72.041327887430285, -35.771398319091048 ], [ -72.040967152758284, -35.771529118987509 ], [ -72.040469080052361, -35.771897722666992 ], [ -72.04032995437106, -35.772081458645218 ], [ -72.040414310667828, -35.772376703079111 ], [ -72.040500810344824, -35.7727305153755 ], [ -72.040373005232738, -35.773211417086834 ], [ -72.040470996158888, -35.773866821455478 ], [ -72.041149219706796, -35.774385871795943 ], [ -72.041820407649439, -35.774724880781129 ], [ -72.042343290925174, -35.77500909636948 ], [ -72.042361482707989, -35.77548623017092 ], [ -72.042601216107883, -35.776016447714504 ], [ -72.042619410585644, -35.776493582030476 ], [ -72.042710740503935, -35.776968936663543 ], [ -72.042881891125148, -35.777622485155703 ], [ -72.042875472662431, -35.777677501961819 ], [ -72.042826876500513, -35.778097043757938 ], [ -72.042672624088112, -35.778677695612394 ], [ -72.04322430106366, -35.778925074526491 ], [ -72.043313052817112, -35.779337371492005 ], [ -72.043552715250073, -35.77986758813239 ], [ -72.043276505758072, -35.780293632862268 ], [ -72.042933672713062, -35.780897076143802 ], [ -72.042442515238207, -35.781445801662628 ], [ -72.042017789975233, -35.78181706014864 ], [ -72.041517338530454, -35.782127110257235 ], [ -72.041005829722849, -35.78214005804459 ], [ -72.040352505677959, -35.782273758200645 ], [ -72.039562165196031, -35.782654184868925 ], [ -72.038911065379793, -35.782846441295035 ], [ -72.037883575951085, -35.782755260253836 ], [ -72.036855645449563, -35.782659579076814 ], [ -72.035327591388338, -35.782878482894404 ], [ -72.033867949425883, -35.782973897086478 ], [ -72.032273760495144, -35.783374572916514 ], [ -72.031846492101607, -35.783682810402347 ], [ -72.031419309946344, -35.783991043777938 ], [ -72.031354174003397, -35.784170096644708 ], [ -72.031353103211572, -35.784172929242175 ], [ -72.031076370900109, -35.784594457535476 ], [ -72.030943956532283, -35.784958301802831 ], [ -72.031030613414472, -35.785312115682217 ], [ -72.03097569311295, -35.785791097630906 ], [ -72.031162514844269, -35.78685888798978 ], [ -72.031552766359894, -35.787502422193221 ], [ -72.031863207952412, -35.78797225667212 ], [ -72.032169471480543, -35.788324957529674 ], [ -72.032767603034372, -35.78866585925153 ], [ -72.033212951819621, -35.788834830316475 ], [ -72.03411042807727, -35.789348381896332 ], [ -72.034852819184266, -35.789627082975343 ], [ -72.035157112706969, -35.789741802867269 ], [ -72.035446514857213, -35.789850917555732 ], [ -72.035956119236431, -35.789779420497652 ], [ -72.035996677273204, -35.789757059345604 ], [ -72.036529341405753, -35.789463049725072 ], [ -72.03688587735212, -35.789219706297793 ], [ -72.037321981574792, -35.789145632022084 ], [ -72.037989004927752, -35.789367600329825 ], [ -72.038436687536134, -35.789595038266896 ], [ -72.038589748782442, -35.789771455244264 ], [ -72.038631732445566, -35.7898245836369 ], [ -72.038820324756315, -35.790063076561175 ], [ -72.039172820080537, -35.790094248120013 ], [ -72.039334112589799, -35.790108550686334 ], [ -72.039558092234557, -35.790224626686658 ], [ -72.03964693202289, -35.790636924068878 ], [ -72.039754316631942, -35.791530922511193 ], [ -72.039699269667963, -35.792009982839708 ], [ -72.039500336849983, -35.79255115632683 ], [ -72.039304690967612, -35.792696010755833 ], [ -72.039002316246354, -35.79291982940574 ], [ -72.038730413277847, -35.793462921063764 ], [ -72.038373945603425, -35.793710772034586 ], [ -72.037793577336032, -35.793842540756422 ], [ -72.037293392690898, -35.794157146075584 ], [ -72.036860872746203, -35.794483104572265 ], [ -72.036724336009527, -35.794586076867752 ], [ -72.036515572029089, -35.79459135368333 ], [ -72.035993387642634, -35.794604552278535 ], [ -72.03546812472969, -35.794751086849466 ], [ -72.035052254160505, -35.794867169184002 ], [ -72.034099718362455, -35.794832685649943 ], [ -72.034050091832896, -35.79482640842977 ], [ -72.033291079198193, -35.79473136477084 ], [ -72.032498359977424, -35.795053335999619 ], [ -72.031705459296958, -35.795370730105638 ], [ -72.030761905753437, -35.795570324423856 ], [ -72.030248079292392, -35.795524667623006 ], [ -72.030044722271626, -35.795948919797908 ], [ -72.029471165929024, -35.796260766216569 ], [ -72.028824452586306, -35.796574454826093 ], [ -72.028109473570211, -35.797011603771772 ], [ -72.027611093640473, -35.797380092216962 ], [ -72.027195015560437, -35.797985413824321 ], [ -72.027224416521378, -35.798759722311516 ], [ -72.027410812451251, -35.799019403068442 ], [ -72.027688117887891, -35.799405919337651 ], [ -72.027701532430029, -35.799761507136324 ], [ -72.027651038127885, -35.800357614365353 ], [ -72.027737871978204, -35.800715929367428 ], [ -72.027751873120224, -35.801084569662201 ], [ -72.027758220616022, -35.801251704528504 ], [ -72.027698661414362, -35.801609131734743 ], [ -72.027566027857617, -35.801972978974881 ], [ -72.027362467817611, -35.802392654816749 ], [ -72.027227618117038, -35.802693433792264 ], [ -72.026498801452306, -35.802774923164989 ], [ -72.025989373142878, -35.802846303616505 ], [ -72.025708292087117, -35.803150764484506 ], [ -72.025278675497432, -35.803400494060874 ], [ -72.024922121584737, -35.803648308202881 ], [ -72.024412413899285, -35.803719690055217 ], [ -72.023902977505017, -35.803791061643643 ], [ -72.023610614507604, -35.8037984215186 ], [ -72.023176638393849, -35.803931088575226 ], [ -72.022662579269138, -35.80388540597977 ], [ -72.022230466261277, -35.804072064565368 ], [ -72.021878779420803, -35.804441417107192 ], [ -72.021670655939161, -35.804744033735808 ], [ -72.021229840052811, -35.804696501824715 ], [ -72.020726778103821, -35.804943485752567 ], [ -72.02043901627728, -35.805072391607112 ], [ -72.020013895755611, -35.805439082507831 ], [ -72.019437921148253, -35.805692323732323 ], [ -72.018709076635744, -35.805769262493719 ], [ -72.018202008200575, -35.805903675475641 ], [ -72.017843203109791, -35.806092906147107 ], [ -72.017568728264621, -35.806572969284822 ], [ -72.017218950344116, -35.807000806550484 ], [ -72.016944638992328, -35.807485366468867 ], [ -72.016951147286562, -35.807657296833135 ], [ -72.016964918459877, -35.808021073386335 ], [ -72.016982892850393, -35.808498291682056 ], [ -72.016994230487597, -35.808795387501156 ], [ -72.016816946169655, -35.808948531157007 ], [ -72.016586096209608, -35.809147243379705 ], [ -72.016568984201768, -35.809162069226787 ], [ -72.016066136051805, -35.809413459106182 ], [ -72.015707493556093, -35.809602753537007 ], [ -72.015506239491401, -35.81008547706238 ], [ -72.015005506873933, -35.810395428535976 ], [ -72.014571306181367, -35.81052349287264 ], [ -72.013917778218897, -35.810661564314934 ], [ -72.012978584199473, -35.810982509373162 ], [ -72.012478110296797, -35.811292518538529 ], [ -72.012338583966866, -35.811476233388994 ], [ -72.011675945290804, -35.811371182030712 ], [ -72.011153008116139, -35.811086912161642 ], [ -72.010924584505702, -35.810853803247277 ], [ -72.010700846507774, -35.810742246356369 ], [ -72.010038215916538, -35.810637184556683 ], [ -72.009521907410374, -35.810532956744105 ], [ -72.009291369165737, -35.810241278701852 ], [ -72.008832425276978, -35.809716633035755 ], [ -72.008455573930448, -35.809424114214941 ], [ -72.008293701109508, -35.809013620490674 ], [ -72.008060707769218, -35.808659024816521 ], [ -72.007686230669989, -35.808433996734436 ], [ -72.007240725577873, -35.808264936216034 ], [ -72.006784101139161, -35.807798696036159 ], [ -72.006331979954979, -35.807454085897767 ], [ -72.005733634602123, -35.807108554864534 ], [ -72.005288401699531, -35.806943983624308 ], [ -72.004849694159176, -35.806954885306581 ], [ -72.004404679547193, -35.806911458514833 ], [ -72.004335362844927, -35.806904702149261 ], [ -72.003819264544532, -35.806800443939487 ], [ -72.003758971419302, -35.806785413663469 ], [ -72.003375980087796, -35.806689859041505 ], [ -72.002786631362511, -35.806587427704535 ], [ -72.002197466791841, -35.806484988950096 ], [ -72.001466206709537, -35.806503338471984 ], [ -72.000963243575214, -35.806750164518732 ], [ -72.000527001011989, -35.806824113103325 ], [ -71.999884486394905, -35.807254710852462 ], [ -71.999601087685718, -35.807500698949156 ], [ -71.99956562219829, -35.807983981640014 ], [ -71.999552661305373, -35.808159796830275 ], [ -71.999595192042506, -35.809289792426164 ], [ -71.999735723587222, -35.811075227920448 ], [ -71.99975718972928, -35.811647898686978 ], [ -71.999777023632419, -35.812174761469223 ], [ -71.999802911282273, -35.812862421143869 ], [ -71.999771875387523, -35.813877456608239 ], [ -71.999770081451899, -35.813935751168337 ], [ -71.999666691650916, -35.814560193919462 ], [ -71.999650869623821, -35.814655162862486 ], [ -71.999621951058188, -35.814698410590232 ], [ -71.999165726369782, -35.815379284023443 ], [ -71.998448112594957, -35.815757634198839 ], [ -71.997723721929631, -35.815956007410108 ], [ -71.997079011829996, -35.816328100440948 ], [ -71.996621341752316, -35.816482157602053 ], [ -71.996500772569817, -35.816522819103106 ], [ -71.9964473039458, -35.816494178315267 ], [ -71.995753669799171, -35.816122330819667 ], [ -71.994874045761151, -35.816085722173106 ], [ -71.994213660958138, -35.816043567866778 ], [ -71.993766117588649, -35.815815888770871 ], [ -71.993176631421107, -35.81570891058422 ], [ -71.992454243100539, -35.815965822472855 ], [ -71.991811962045432, -35.8164008767871 ], [ -71.991393313885382, -35.81694752439558 ], [ -71.990447183973629, -35.817088179350613 ], [ -71.989068951833815, -35.817419946960293 ], [ -71.987475835491509, -35.817878713807374 ], [ -71.986088811539986, -35.817971755007505 ], [ -71.98448470970007, -35.818133224342873 ], [ -71.983252689152522, -35.818461291573897 ], [ -71.982381798535712, -35.818658634599942 ], [ -71.981355703292337, -35.818625565788103 ], [ -71.980199280467517, -35.819014701455465 ], [ -71.979259837614734, -35.819335467796236 ], [ -71.978617197233518, -35.819766031938471 ], [ -71.978271435680654, -35.820310828080324 ], [ -71.978131911147358, -35.820657151711174 ], [ -71.978003568842738, -35.82097528918046 ], [ -71.977799867767203, -35.821399393765283 ], [ -71.977451923308209, -35.821881266924535 ], [ -71.97738128428584, -35.821934033684926 ], [ -71.976232901382829, -35.822792486690723 ], [ -71.976772594832482, -35.822633519360295 ], [ -71.976794564031067, -35.822627068068343 ], [ -71.977326714327276, -35.822554960987709 ], [ -71.977521986510496, -35.822528487134427 ], [ -71.978075415200834, -35.822530933777408 ], [ -71.97851149157573, -35.822568403315337 ], [ -71.978830997169453, -35.822656972573576 ], [ -71.979187497183219, -35.822680318707654 ], [ -71.979483653766096, -35.82267297150841 ], [ -71.98001468386316, -35.822869027212221 ], [ -71.9802013088634, -35.823105743474677 ], [ -71.980329999714399, -35.823376160294082 ], [ -71.98037791136008, -35.823600297473945 ], [ -71.980336717316092, -35.823768912353891 ], [ -71.980326500776357, -35.823810805442584 ], [ -71.9803151766139, -35.82403633840979 ], [ -71.980360077106738, -35.824180003537187 ], [ -71.980506712703828, -35.824401763970236 ], [ -71.98082914590708, -35.824570730404879 ], [ -71.981286874375257, -35.824655936025231 ], [ -71.981666228428168, -35.824759180944504 ], [ -71.981930036677653, -35.82494576715785 ], [ -71.982232129327897, -35.825099138232012 ], [ -71.982413531523122, -35.825191202250764 ], [ -71.983084280189573, -35.825665505170804 ], [ -71.983136704971258, -35.825702520192046 ], [ -71.983205060476152, -35.825750952158025 ], [ -71.983636554544788, -35.826190736655377 ], [ -71.984052442181991, -35.826743717552326 ], [ -71.984081293373976, -35.82677578150733 ], [ -71.984320568633052, -35.827042780819859 ], [ -71.98484116749303, -35.827223052772879 ], [ -71.985176737658989, -35.827214711079854 ], [ -71.985864095276725, -35.827100979768389 ], [ -71.986510244477444, -35.826940058908733 ], [ -71.987002565270586, -35.826895624821844 ], [ -71.98743625841503, -35.826868815921195 ], [ -71.987946512276196, -35.826775647491807 ], [ -71.988078147804671, -35.826768458722604 ], [ -71.988498758783635, -35.826745810089427 ], [ -71.988837344594003, -35.826817857280268 ], [ -71.989020564979342, -35.826958075220645 ], [ -71.989250430385823, -35.827290342009455 ], [ -71.989325902344405, -35.82755240145768 ], [ -71.989295335370244, -35.827672765088856 ], [ -71.989244064923724, -35.827874339421115 ], [ -71.989104188250835, -35.828178895153684 ], [ -71.988955188287918, -35.828399809018421 ], [ -71.988634809531717, -35.828880729998858 ], [ -71.988310062268312, -35.829175268152085 ], [ -71.987881047549848, -35.829493809928849 ], [ -71.987765499949816, -35.829579520815983 ], [ -71.986835664579004, -35.829941232660332 ], [ -71.986221286993242, -35.830190919496829 ], [ -71.985083744060773, -35.830557782080788 ], [ -71.984027450152468, -35.830961670103171 ], [ -71.983463411460292, -35.831275284286924 ], [ -71.983120255920085, -35.831505148374994 ], [ -71.98267059791641, -35.831880960042177 ], [ -71.982259240483188, -35.832425033588166 ], [ -71.981830552751504, -35.83370487387679 ], [ -71.981710474049166, -35.833882977899748 ], [ -71.981447379960329, -35.834273200367065 ], [ -71.981453586420628, -35.834710114123759 ], [ -71.981533074746864, -35.834949118250769 ], [ -71.981545742788995, -35.834987194400902 ], [ -71.9815309619093, -35.835258292449474 ], [ -71.981523982897855, -35.835384270250358 ], [ -71.981607606169348, -35.835539966164099 ], [ -71.981706258255528, -35.835646709340686 ], [ -71.981860094747944, -35.835813065045571 ], [ -71.982040460287308, -35.836128560083637 ], [ -71.983685930444381, -35.83732727059116 ], [ -71.983760969415016, -35.837381959124009 ], [ -71.985164760421299, -35.838036480992031 ], [ -71.985408537138269, -35.838021117268653 ], [ -71.98546088017325, -35.838033916851828 ], [ -71.985704202342674, -35.838093426584649 ], [ -71.985743618620702, -35.838114520825073 ], [ -71.986003328755871, -35.838253209890809 ], [ -71.987038835648491, -35.83850859451983 ], [ -71.990198223977472, -35.839676995948409 ], [ -71.992185517473189, -35.840281609176166 ], [ -71.992882664032578, -35.840630572108516 ], [ -71.993626341527062, -35.840878553323336 ], [ -71.993970957727939, -35.840993475908931 ], [ -71.997140866227213, -35.842496240116539 ], [ -71.997229959340459, -35.842538534752123 ], [ -71.999172548176062, -35.842918450706705 ], [ -71.999946054229554, -35.842900603319471 ], [ -72.000363112371559, -35.842834515011695 ], [ -72.001100774746902, -35.842926599232989 ], [ -72.001620075541283, -35.842787371460886 ], [ -72.001798855554185, -35.842685596201733 ], [ -72.001928012630785, -35.842612081531414 ], [ -72.002101155715295, -35.842565227672168 ], [ -72.002334411363648, -35.842609597641129 ], [ -72.002417975346305, -35.842625448369802 ], [ -72.003112956965865, -35.842506775000871 ], [ -72.003863521843641, -35.842258391810653 ], [ -72.004037955807178, -35.842144909261236 ], [ -72.004443726617666, -35.84188086048448 ], [ -72.005198789360051, -35.841211535184314 ], [ -72.005503750331016, -35.841003383999897 ], [ -72.006050023041809, -35.840630532784751 ], [ -72.006897066981082, -35.839943759600182 ], [ -72.007987876857555, -35.83931133996871 ], [ -72.009048956989687, -35.838876334036911 ], [ -72.009617971450211, -35.83869573681983 ], [ -72.010266404168377, -35.838649286274972 ], [ -72.011134147088441, -35.83850644913155 ], [ -72.011533207483737, -35.838363327717765 ], [ -72.011919919637137, -35.838224576215858 ], [ -72.011995508376714, -35.838197430326026 ], [ -72.012163423266244, -35.838091925678931 ], [ -72.012848373399038, -35.837661744240911 ], [ -72.013523390859717, -35.837137014706059 ], [ -72.013602781269583, -35.837045098544046 ], [ -72.013702754777555, -35.836929263564379 ], [ -72.013878278397542, -35.836620094420802 ], [ -72.013910132657529, -35.836503532749241 ], [ -72.014074296182443, -35.835903912818729 ], [ -72.01416529282578, -35.835342675305917 ], [ -72.014250198891474, -35.835087607478258 ], [ -72.014367734463249, -35.834734046612837 ], [ -72.014444991374333, -35.834502058034438 ], [ -72.015398606049018, -35.833930086687062 ], [ -72.015850921269291, -35.833762358593596 ], [ -72.015984140527621, -35.833713017523266 ], [ -72.016444591789437, -35.833542351076261 ], [ -72.016719973034725, -35.833473933931209 ], [ -72.01675365446799, -35.833465557209308 ], [ -72.017686116512678, -35.833374426254522 ], [ -72.018248389117019, -35.833395435812044 ], [ -72.019227038940343, -35.83357083277339 ], [ -72.019630420232161, -35.833643081328425 ], [ -72.01995206920617, -35.833757177600553 ], [ -72.020760883541897, -35.834044105348951 ], [ -72.02098310069205, -35.834122974248096 ], [ -72.021294575347142, -35.834401294643868 ], [ -72.021902984526136, -35.834944937250505 ], [ -72.0227230089383, -35.835889598835763 ], [ -72.023378133207004, -35.836889273770339 ], [ -72.023906668682528, -35.837942926597421 ], [ -72.02420432635023, -35.838980981966614 ], [ -72.024210392673339, -35.839002239095251 ], [ -72.024288955734832, -35.839762313516829 ], [ -72.024288380813061, -35.839771039122397 ], [ -72.024180446435039, -35.841187711696584 ], [ -72.024176282743682, -35.841507713371278 ], [ -72.024171817218416, -35.841848394109036 ], [ -72.024102778095582, -35.842358143943684 ], [ -72.024093029578097, -35.842399880850223 ], [ -72.023745562124532, -35.84389139339131 ], [ -72.023696644365728, -35.844603883819701 ], [ -72.023556026582739, -35.845267964571725 ], [ -72.023371545861053, -35.845729826825789 ], [ -72.023074923950858, -35.84675346462911 ], [ -72.022641657506171, -35.847374044812774 ], [ -72.022536553719604, -35.847657976472966 ], [ -72.022448892520927, -35.847895029464283 ], [ -72.022011518978758, -35.848703825456042 ], [ -72.021340126220252, -35.849100421246646 ], [ -72.020662685104938, -35.849335482108685 ], [ -72.019868360594728, -35.849783446807038 ], [ -72.018999873869618, -35.849921348745994 ], [ -72.018499631732311, -35.849893986234839 ], [ -72.018434302651571, -35.84987864810843 ], [ -72.017681100320132, -35.849701717344843 ], [ -72.017307305940534, -35.84971834794473 ], [ -72.016688638000986, -35.849860879469567 ], [ -72.01613810458079, -35.850152675504397 ], [ -72.015380175314334, -35.850738788035528 ], [ -72.014627533531623, -35.851462306196773 ], [ -72.013908468079293, -35.851959432087227 ], [ -72.013776093237354, -35.8520510535553 ], [ -72.013284609674045, -35.852255270155752 ], [ -72.012673597177354, -35.852598328599846 ], [ -72.011686247170488, -35.852896192786766 ], [ -72.010735552918774, -35.853261864044399 ], [ -72.010374078933296, -35.853400866647405 ], [ -72.009888491013186, -35.854451804967219 ], [ -72.009832511597935, -35.854757971137353 ], [ -72.009839792443316, -35.855367535399928 ], [ -72.009852258364518, -35.855418976623874 ], [ -72.010047846754702, -35.856226034405175 ], [ -72.010576102854159, -35.857297027693043 ], [ -72.010691512113667, -35.857530826548874 ], [ -72.011098442649157, -35.85807949804272 ], [ -72.011779133869169, -35.858799522279796 ], [ -72.011905828663586, -35.858933589914692 ], [ -72.012881176279961, -35.859485415055524 ], [ -72.013126867306781, -35.859624394370051 ], [ -72.013385440174815, -35.859703544340078 ], [ -72.014642320699522, -35.860087859144429 ], [ -72.017530884038337, -35.860548540114152 ], [ -72.018160848292567, -35.860703982780727 ], [ -72.018914188066248, -35.860819553707053 ], [ -72.020613176254685, -35.861185227732662 ], [ -72.023599068461266, -35.861720756387442 ], [ -72.024444883505225, -35.861825472456488 ], [ -72.026070161331333, -35.861892667548517 ], [ -72.027753567342842, -35.861845271055316 ], [ -72.029691439124889, -35.861923431608936 ], [ -72.030374439913516, -35.861829927232669 ], [ -72.031009302680999, -35.861853617115145 ], [ -72.032052338354021, -35.86216636439724 ], [ -72.032386437079538, -35.862218093873487 ], [ -72.032714323954863, -35.862318558382313 ], [ -72.032870068468938, -35.862402330762386 ], [ -72.032922013550248, -35.862430254626709 ], [ -72.033277216396741, -35.862621499635388 ], [ -72.033666489647004, -35.863087701683035 ], [ -72.033862069054038, -35.863502394426632 ], [ -72.034128317127838, -35.863838962813027 ], [ -72.034231282025715, -35.86410346845993 ], [ -72.034563294863148, -35.865773692797106 ], [ -72.034682310858514, -35.866173486406467 ], [ -72.035334441940691, -35.867477992510082 ], [ -72.035899892784485, -35.868830238559809 ], [ -72.036502170961668, -35.870070365652779 ], [ -72.036560548878739, -35.870190556302269 ], [ -72.03679607097655, -35.870524425459486 ], [ -72.037092210491423, -35.870837564370561 ], [ -72.037421855369786, -35.871089834035722 ], [ -72.037542016717126, -35.871181809009116 ], [ -72.037795010148898, -35.871452848844015 ], [ -72.037977625069743, -35.871697984264095 ], [ -72.038186533678953, -35.871978408995282 ], [ -72.038686223352386, -35.872841942198889 ], [ -72.038952364526665, -35.873632318562187 ], [ -72.038987362890126, -35.873736340476164 ], [ -72.038999852167521, -35.874283748962306 ], [ -72.038980890528521, -35.874378580907617 ], [ -72.038628092472038, -35.876143497849704 ], [ -72.038586021672344, -35.876433523721431 ], [ -72.03846693830333, -35.877255210491548 ], [ -72.038360745758652, -35.877638183864207 ], [ -72.038046571666129, -35.878294710641384 ], [ -72.03788475094747, -35.878527671645372 ], [ -72.037657465502477, -35.879032055660034 ], [ -72.037441299404108, -35.8795117932737 ], [ -72.036552364328173, -35.880625014790354 ], [ -72.036508732256507, -35.880679717859174 ], [ -72.036313588532408, -35.880924003717098 ], [ -72.036072392675251, -35.881226154003315 ], [ -72.035920918752012, -35.881309866363473 ], [ -72.034614961466701, -35.882032445326104 ], [ -72.032205180411395, -35.882768731492675 ], [ -72.031020142651528, -35.883230928410228 ], [ -72.030911798641739, -35.883273088501269 ], [ -72.029667016627258, -35.883824782731466 ], [ -72.02860397098128, -35.884222747229835 ], [ -72.028177019693061, -35.884436547060972 ], [ -72.027737383294678, -35.884696070480786 ], [ -72.026989150443399, -35.885137682437204 ], [ -72.026711614139742, -35.885301566748893 ], [ -72.025659576449243, -35.88569413370795 ], [ -72.025019931949515, -35.886007414986885 ], [ -72.024990804974735, -35.88602158673455 ], [ -72.023913751000237, -35.88663219218293 ], [ -72.022909094051087, -35.887309992661272 ], [ -72.022558721445876, -35.887956540687824 ], [ -72.022639378480292, -35.889556937151816 ], [ -72.022824894959513, -35.890834648660764 ], [ -72.02299268857648, -35.891989736934327 ], [ -72.022996998693216, -35.89212923633972 ], [ -72.023052333118088, -35.893914911376761 ], [ -72.023502144733683, -35.897566088892788 ], [ -72.0235343313703, -35.898099419246364 ], [ -72.023443056249235, -35.898643095874753 ], [ -72.022945166799644, -35.899448622622906 ], [ -72.022262810103072, -35.900552627390823 ], [ -72.021726735067404, -35.901115923144765 ], [ -72.021583817597246, -35.901266143837276 ], [ -72.020763226348151, -35.901799908411448 ], [ -72.018963004315424, -35.90307924726168 ], [ -72.017899986517222, -35.903834742362555 ], [ -72.017257329068016, -35.905448977389945 ], [ -72.017181159118437, -35.905837379972425 ], [ -72.017309052265432, -35.907256821167202 ], [ -72.017542850496227, -35.907959758992099 ], [ -72.017712632084937, -35.908262759262421 ], [ -72.017968659127419, -35.908597697561142 ], [ -72.018770224058812, -35.90942300355875 ], [ -72.019764569246803, -35.91044654984978 ], [ -72.020277955533373, -35.911210143768152 ], [ -72.020335286014785, -35.911326380947585 ], [ -72.020594006206508, -35.911850760485734 ], [ -72.020824760046793, -35.912706221036302 ], [ -72.021155926671241, -35.913460002519251 ], [ -72.021531956957588, -35.91400933213589 ], [ -72.021701668477704, -35.914257251085779 ], [ -72.022267483139203, -35.914544509487492 ], [ -72.022475854555864, -35.914623053109068 ], [ -72.02302787378953, -35.914831512208359 ], [ -72.023988070420316, -35.915064895358562 ], [ -72.024072009898774, -35.915078946954061 ], [ -72.02469530955193, -35.915183350215905 ], [ -72.025291788205635, -35.91523408909066 ], [ -72.025326392208697, -35.915244290553595 ], [ -72.025687395476979, -35.915350726320639 ], [ -72.026021749324045, -35.915508034509152 ], [ -72.026100250401768, -35.915519859783927 ], [ -72.027766935172579, -35.915770382187077 ], [ -72.028127936644253, -35.915907595988877 ], [ -72.030020253061593, -35.917128091598016 ], [ -72.030585483818143, -35.917683980438092 ], [ -72.031095968546339, -35.918586170845494 ], [ -72.031341626335504, -35.919020267114071 ], [ -72.031557604686014, -35.919268922589971 ], [ -72.031720185379399, -35.919671232451883 ], [ -72.031352286642985, -35.920696686741735 ], [ -72.03130555268865, -35.920925033700392 ], [ -72.031195479421939, -35.921462692968021 ], [ -72.031222330964098, -35.922398585284064 ], [ -72.03115878503921, -35.924724711312486 ], [ -72.031152480662541, -35.924956466352022 ], [ -72.031182756582567, -35.92542590665844 ], [ -72.031202698283579, -35.92552263270322 ], [ -72.031452921311015, -35.926738442255221 ], [ -72.031516303742521, -35.927045585295872 ], [ -72.031531295726296, -35.927079240290404 ], [ -72.031649820343191, -35.927344754606381 ], [ -72.032073437085089, -35.928045296778151 ], [ -72.03276179452773, -35.928668564473476 ], [ -72.033974838164923, -35.929166266418619 ], [ -72.034569174336681, -35.929307596632476 ], [ -72.035607582787662, -35.929475337099397 ], [ -72.03711597991385, -35.929537777237471 ], [ -72.037674844309976, -35.929560907862793 ], [ -72.038005285993975, -35.929616177220318 ], [ -72.038892979598174, -35.929891802577252 ], [ -72.03893376580703, -35.929904426566409 ], [ -72.039892283486537, -35.930481309806076 ], [ -72.040957572225764, -35.931605412658818 ], [ -72.041744289802153, -35.93270320139802 ], [ -72.042103697662483, -35.93308972303069 ], [ -72.042983714264281, -35.933592160650541 ], [ -72.043261823693086, -35.933702561310689 ], [ -72.043942116959428, -35.933972483736497 ], [ -72.044355766893261, -35.934269916819176 ], [ -72.04532684751203, -35.934968248308479 ], [ -72.04569028072315, -35.935229520418275 ], [ -72.045847956615077, -35.935342826727997 ], [ -72.046199957865895, -35.935689288601857 ], [ -72.046481039819994, -35.936051650819486 ], [ -72.046666836573564, -35.937038793590219 ], [ -72.047345741044495, -35.939310613363553 ], [ -72.047699387110583, -35.940140961304735 ], [ -72.047913656865433, -35.94051705126936 ], [ -72.048024340088219, -35.940857605903894 ], [ -72.048324105203577, -35.941384122069771 ], [ -72.048555257895856, -35.9420268129684 ], [ -72.048923069495686, -35.944535391323051 ], [ -72.048943715475858, -35.945931811468803 ], [ -72.048985241896489, -35.948730479154626 ], [ -72.049126046529068, -35.949527990263753 ], [ -72.049131906239666, -35.949538694172681 ], [ -72.049418778734079, -35.950061694604152 ], [ -72.050149675897003, -35.950453212356415 ], [ -72.050192127582392, -35.950471031148297 ], [ -72.051007476263507, -35.950815434161612 ], [ -72.051196893227683, -35.951049369952251 ], [ -72.051643035225339, -35.951600425871916 ], [ -72.053015915202693, -35.953074490671696 ], [ -72.053023590408472, -35.953082785665273 ], [ -72.054419911923176, -35.954581779306046 ], [ -72.054955357239848, -35.955255388066213 ], [ -72.05568705570002, -35.956457092364566 ], [ -72.056282962126886, -35.958158734416763 ], [ -72.056756126346599, -35.959062265502965 ], [ -72.057210265146921, -35.960456264990889 ], [ -72.057531518862177, -35.961159387954801 ], [ -72.058101758624758, -35.96196557153111 ], [ -72.058452023432139, -35.962300002428712 ], [ -72.058919339619365, -35.962669613921655 ], [ -72.06070023260213, -35.963730375441017 ], [ -72.061574807209936, -35.964251405314002 ], [ -72.061805789222305, -35.964388950862599 ], [ -72.062067946368302, -35.964649358629821 ], [ -72.062829924341727, -35.965583654838973 ], [ -72.063752751955022, -35.966475665760811 ], [ -72.064441031244229, -35.967450000945767 ], [ -72.064631101283638, -35.967902937161128 ], [ -72.064758846208619, -35.968662737937926 ], [ -72.064767602087684, -35.968886723689032 ], [ -72.064769352005868, -35.968934296741516 ], [ -72.064777941696619, -35.969154005293682 ], [ -72.064719902444409, -35.969541155638098 ], [ -72.064536109832233, -35.970027716562129 ], [ -72.063799507468929, -35.970810346444487 ], [ -72.063020932222287, -35.971637602855068 ], [ -72.06157959702702, -35.972483111531389 ], [ -72.06042455760776, -35.973160795833486 ], [ -72.058953325581498, -35.974571732398907 ], [ -72.058180800488302, -35.975800197149717 ], [ -72.057675234036296, -35.976359258790517 ], [ -72.057460419004073, -35.976490685430619 ], [ -72.05701383234036, -35.976763787554368 ], [ -72.056995822017242, -35.976774878880072 ], [ -72.056421909941776, -35.977078984293051 ], [ -72.056249413644295, -35.977170349740362 ], [ -72.055803047067812, -35.977588215496453 ], [ -72.055648055341962, -35.978013270805306 ], [ -72.05537968005757, -35.978543538278615 ], [ -72.055198236539852, -35.978902232774601 ], [ -72.055144105857451, -35.979170715546715 ], [ -72.055160963642081, -35.979407563074332 ], [ -72.055171147842458, -35.979551485839224 ], [ -72.055634593189112, -35.980691655788426 ], [ -72.055884070614866, -35.98091437817294 ], [ -72.056133055763866, -35.981081890597295 ], [ -72.056325716544507, -35.981211564025223 ], [ -72.056602587196551, -35.981397854441518 ], [ -72.056733518445853, -35.981460147418481 ], [ -72.057941213513814, -35.982033979193247 ], [ -72.060228777876389, -35.983120936350055 ], [ -72.06083884444709, -35.983410703821455 ], [ -72.061629160674514, -35.983684790213147 ], [ -72.064022506153364, -35.984411357330167 ], [ -72.065160774026296, -35.984712109234934 ], [ -72.065827225152447, -35.984953529721018 ], [ -72.066252931375686, -35.985175339461499 ], [ -72.06630160119947, -35.985200671536468 ], [ -72.066352868951043, -35.985227413040022 ], [ -72.066520790128791, -35.985308607891398 ], [ -72.066665041597119, -35.985512737318821 ], [ -72.066720199952172, -35.985590689242251 ], [ -72.067589434973925, -35.986578308387095 ], [ -72.068099342085389, -35.987251985091419 ], [ -72.068266800630767, -35.98742657829591 ], [ -72.068532519596857, -35.987703562561755 ], [ -72.06867362336844, -35.987962179476646 ], [ -72.068809082126748, -35.98856016906084 ], [ -72.068809984933608, -35.988592850031871 ], [ -72.068829548443873, -35.98934123780154 ], [ -72.06883131093845, -35.989407783848335 ], [ -72.068747053456377, -35.989840049768105 ], [ -72.06869537876797, -35.990105225984067 ], [ -72.068666886902108, -35.990251317759451 ], [ -72.06843500298119, -35.990563926865555 ], [ -72.068428959115963, -35.990572054381985 ], [ -72.068292645161478, -35.990755900876451 ], [ -72.068016123954109, -35.990929382263012 ], [ -72.067235335258616, -35.991419414240696 ], [ -72.067205003643039, -35.991438425240482 ], [ -72.067196618768179, -35.991442405368161 ], [ -72.066409525696017, -35.991816834472672 ], [ -72.066290710024944, -35.991873324230966 ], [ -72.065820328785975, -35.992047035744399 ], [ -72.065732072902577, -35.992069300590316 ], [ -72.065730810769608, -35.992069553525582 ], [ -72.064745083120144, -35.992318677628631 ], [ -72.064618189798054, -35.992326129745649 ], [ -72.062936387279322, -35.992424564055973 ], [ -72.062783838971029, -35.992433409480846 ], [ -72.062593243417211, -35.992416869916426 ], [ -72.061619759805041, -35.992332404408785 ], [ -72.06123317251749, -35.992422823316922 ], [ -72.061035558426326, -35.992469065182384 ], [ -72.060901050983901, -35.992500480591623 ], [ -72.060767571214143, -35.992624225478473 ], [ -72.059841810601455, -35.993482908108845 ], [ -72.05980699010442, -35.993515099349644 ], [ -72.059469969159267, -35.993900952768541 ], [ -72.058635525888491, -35.995094606102903 ], [ -72.058420126053036, -35.995491896619136 ], [ -72.058206839055117, -35.996070893380029 ], [ -72.058208027526248, -35.996680000873639 ], [ -72.058281672311551, -35.997250418750902 ], [ -72.058354555325494, -35.997549547517174 ], [ -72.058549141195826, -35.998348397739846 ], [ -72.05885582333886, -35.999001016311837 ], [ -72.059787736512931, -35.999967896841 ], [ -72.060956206644022, -36.00092880040313 ], [ -72.061332236930383, -36.001477982770645 ], [ -72.061730443926152, -36.002280779321445 ], [ -72.06192307775737, -36.003337841445983 ], [ -72.06202209905112, -36.00351123774854 ], [ -72.062098129761836, -36.00364461836589 ], [ -72.062234192188029, -36.003882994833951 ], [ -72.062440093237669, -36.004134646197961 ], [ -72.063270677345997, -36.005649657845822 ], [ -72.063693578130625, -36.006974057950615 ], [ -72.063890257973867, -36.007808353192409 ], [ -72.064206923992984, -36.008822077411772 ], [ -72.064696760046061, -36.010041479362144 ], [ -72.065363197697465, -36.01170020092745 ], [ -72.065496581347489, -36.011887553633919 ], [ -72.066172237510344, -36.012836201126923 ], [ -72.066729269343284, -36.013736497715222 ], [ -72.066966282644486, -36.014348793766061 ], [ -72.067745667273201, -36.015260077612133 ], [ -72.069584263538246, -36.016875983648447 ], [ -72.07056489594342, -36.017829340426943 ], [ -72.071942863978563, -36.019168870289242 ], [ -72.072146099726751, -36.01936638381612 ], [ -72.072392562406421, -36.019703426157278 ], [ -72.072514813235117, -36.020015082960498 ], [ -72.072567070031809, -36.020450198532536 ], [ -72.072575754045673, -36.020521661138105 ], [ -72.072786249977995, -36.021347831781618 ], [ -72.072879867007018, -36.021715295837986 ], [ -72.072927582819972, -36.021902474342163 ], [ -72.073135529333513, -36.022386971555811 ], [ -72.073352456304931, -36.022634775651802 ], [ -72.073440136368248, -36.022734848261763 ], [ -72.073574818982166, -36.02283305135245 ], [ -72.073928723763075, -36.023179588531313 ], [ -72.074218804141367, -36.023731003287338 ], [ -72.0750841476613, -36.025029752716421 ], [ -72.075672793904047, -36.025742411964281 ], [ -72.075866026013244, -36.026233409630905 ], [ -72.075904437974785, -36.026403107043677 ], [ -72.075956554634303, -36.026633063495034 ], [ -72.076061521876937, -36.027492499656567 ], [ -72.07606176352374, -36.027494043466668 ], [ -72.076049004751766, -36.027754752967745 ], [ -72.076014129457491, -36.027883809147689 ], [ -72.075851920666636, -36.028484629349187 ], [ -72.075818811460223, -36.02932479790023 ], [ -72.07568799429697, -36.029961651232512 ], [ -72.075581949974307, -36.030478418878701 ], [ -72.075558929746833, -36.030550176780153 ], [ -72.075319726352973, -36.031298039933581 ], [ -72.075287008812012, -36.031627476044989 ], [ -72.075273343639907, -36.032229354470793 ], [ -72.075271420346894, -36.032315410307042 ], [ -72.075379993427077, -36.034802008515392 ], [ -72.075352815796478, -36.035269133078572 ], [ -72.075269360509949, -36.035577059867414 ], [ -72.0749780656094, -36.036652122758589 ], [ -72.074770274504388, -36.037077152494383 ], [ -72.073800120048702, -36.037896630064623 ], [ -72.071370450292989, -36.040082901833955 ], [ -72.070472704540748, -36.041176898589384 ], [ -72.070267559872576, -36.041528250078223 ], [ -72.069719877705111, -36.042466283059191 ], [ -72.069189689329477, -36.043171685169078 ], [ -72.069170553417294, -36.043210269098481 ], [ -72.068939009957859, -36.043680267344314 ], [ -72.068889325936127, -36.043866177025926 ], [ -72.068925549601644, -36.044609112622553 ], [ -72.069123782632033, -36.045214419650506 ], [ -72.069885765995366, -36.046326118287801 ], [ -72.069921227889523, -36.046377772337905 ], [ -72.0712894644752, -36.047063083576873 ], [ -72.073233934382998, -36.048284404590071 ], [ -72.073510314554881, -36.048541901825828 ], [ -72.074660167101712, -36.050138092802918 ], [ -72.074817513311928, -36.050466856726175 ], [ -72.074862631197064, -36.050560933346901 ], [ -72.07486418168925, -36.050568055308041 ], [ -72.075062944725659, -36.051498241373508 ], [ -72.075127982752207, -36.051802723889793 ], [ -72.075773919052196, -36.053462631042756 ], [ -72.075939714815988, -36.054220468830394 ], [ -72.076152577809083, -36.054723065067023 ], [ -72.0764079778275, -36.05603745565606 ], [ -72.076659638159427, -36.056718891881012 ], [ -72.076714625834583, -36.056867786897264 ], [ -72.076925345447407, -36.057527389338837 ], [ -72.077109765981973, -36.05810461301116 ], [ -72.077406950237531, -36.059034627218963 ], [ -72.077439933679827, -36.059204389026625 ], [ -72.077464608604046, -36.059331251361932 ], [ -72.077807239528127, -36.061090996010016 ], [ -72.077911371337564, -36.062339430500884 ], [ -72.077926949921206, -36.062526765893736 ], [ -72.077973907556071, -36.062761061043261 ], [ -72.078218464909, -36.06397989971353 ], [ -72.078437461598867, -36.064813510695295 ], [ -72.078572592472113, -36.065191564009552 ], [ -72.079104220847142, -36.06628423516338 ], [ -72.079134844415179, -36.066369970583828 ], [ -72.079347721781318, -36.066964693137059 ], [ -72.079847046738735, -36.068116733004757 ], [ -72.080436025358125, -36.069219290959239 ], [ -72.080718721584788, -36.070057682290219 ], [ -72.080777828933847, -36.070183509126508 ], [ -72.081053247010075, -36.070770047298474 ], [ -72.081068912730316, -36.070803308461329 ], [ -72.081378790180835, -36.071303396858909 ], [ -72.081886709320571, -36.07174479074439 ], [ -72.082099443854574, -36.071929709825881 ], [ -72.082361186877222, -36.072344954604432 ], [ -72.082418279305102, -36.072593676822592 ], [ -72.082582503017136, -36.073310569182148 ], [ -72.08259253180897, -36.073318209680927 ], [ -72.082740382826643, -36.073592575194738 ], [ -72.082926639517652, -36.073977131839101 ], [ -72.083217913756954, -36.07441472065549 ], [ -72.083705725905673, -36.074624666698263 ], [ -72.083893771142428, -36.074680138694504 ], [ -72.084278636359613, -36.07472470881526 ], [ -72.08484424890014, -36.074849667802091 ], [ -72.085554186570874, -36.074895676880651 ], [ -72.086157218434579, -36.074819378670931 ], [ -72.086914885392986, -36.074841780590994 ], [ -72.087843023846219, -36.074716784562426 ], [ -72.089199889557008, -36.074209678640621 ], [ -72.089657800383208, -36.074082919437984 ], [ -72.089661232845899, -36.07408231462248 ], [ -72.090731428183219, -36.073899959275209 ], [ -72.091335123901942, -36.073629681173742 ], [ -72.091713870693695, -36.073460073198518 ], [ -72.092104949557694, -36.073284976446445 ], [ -72.092600482726283, -36.073155537253292 ], [ -72.092871810773033, -36.073184998571058 ], [ -72.093564050734344, -36.073260062583991 ], [ -72.093808983583074, -36.07328658543166 ], [ -72.094223785157084, -36.073470838708147 ], [ -72.094796995648309, -36.073986527184069 ], [ -72.095029709612561, -36.074285776321283 ], [ -72.095454381874916, -36.075106283079755 ], [ -72.095553907123559, -36.075343713634773 ], [ -72.095679022679704, -36.075642346995885 ], [ -72.096046758821046, -36.076740426494503 ], [ -72.096173139205092, -36.077117501141394 ], [ -72.096415487600765, -36.077492684830595 ], [ -72.096908849541322, -36.078509996945151 ], [ -72.097772512313369, -36.079517135991757 ], [ -72.098199493245986, -36.080116984256506 ], [ -72.098391819853376, -36.080568020173011 ], [ -72.098701488894761, -36.081017273338063 ], [ -72.099400184149701, -36.081312647909364 ], [ -72.10022059932902, -36.081328688201481 ], [ -72.101189958775706, -36.081246888775816 ], [ -72.101954283148658, -36.081034555158709 ], [ -72.102510065425051, -36.080461380249929 ], [ -72.102733112618523, -36.080159713031236 ], [ -72.10302627062498, -36.079763136197634 ], [ -72.103457704506482, -36.079369987809365 ], [ -72.103677010216785, -36.079181440866009 ], [ -72.103932200029448, -36.079093693080445 ], [ -72.104266329297687, -36.079070709375202 ], [ -72.104595959802978, -36.079081283172769 ], [ -72.104858275950789, -36.079174660546919 ], [ -72.105084745725506, -36.079327731244895 ], [ -72.105591497953682, -36.079924228943042 ], [ -72.105817922812619, -36.080491895175058 ], [ -72.106034356608973, -36.080791838304542 ], [ -72.106128720137988, -36.080922569561444 ], [ -72.106515845516427, -36.081580116848293 ], [ -72.106649442067166, -36.082164364454854 ], [ -72.106683947255533, -36.082315399456284 ], [ -72.106689225756142, -36.082338590573052 ], [ -72.106776442288748, -36.083213800488821 ], [ -72.106929299617519, -36.083972880616358 ], [ -72.10695945157002, -36.084325124201598 ], [ -72.106998540861312, -36.08477952988887 ], [ -72.107121986449329, -36.086216412954968 ], [ -72.107169334851307, -36.086767314361019 ], [ -72.107217313870635, -36.087985272875095 ], [ -72.107102859520282, -36.088737041061052 ], [ -72.106919764899089, -36.089408866592521 ], [ -72.10687248027746, -36.08958232459662 ], [ -72.106445640380329, -36.090280037906012 ], [ -72.10526043104224, -36.091798709862331 ], [ -72.104850311487482, -36.092542862469557 ], [ -72.104590563623077, -36.093151264719637 ], [ -72.104538152316152, -36.093839334884201 ], [ -72.104516762530906, -36.095823615133824 ], [ -72.104660452552181, -36.096506673778009 ], [ -72.105141935171432, -36.09786753407402 ], [ -72.105313234014631, -36.099045750779531 ], [ -72.105381546400423, -36.100054924713049 ], [ -72.105342013341399, -36.101522389490761 ], [ -72.105483797137637, -36.103294989010138 ], [ -72.105039846130964, -36.106091440013564 ], [ -72.104844353860514, -36.106973982026268 ], [ -72.104641604100891, -36.107436801877533 ], [ -72.104151569520141, -36.108556131396995 ], [ -72.103987900068631, -36.109018084094046 ], [ -72.10366673259162, -36.10951667750895 ], [ -72.10349816462687, -36.109757357776196 ], [ -72.102107877095946, -36.111741685979851 ], [ -72.100960984497959, -36.113143128161219 ], [ -72.100493872228341, -36.113714076310103 ], [ -72.100407809132534, -36.113799801376196 ], [ -72.099737375774765, -36.114354453579878 ], [ -72.099601386512475, -36.114509864142875 ], [ -72.099459959542884, -36.114662074155909 ], [ -72.099313210199639, -36.114810959510734 ], [ -72.099161258156769, -36.114956398810691 ], [ -72.099004227331093, -36.115098273469535 ], [ -72.098842245781185, -36.115236467808153 ], [ -72.09867544560295, -36.115370869148862 ], [ -72.098503962821852, -36.115501367907115 ], [ -72.09832793728205, -36.115627857681027 ], [ -72.098147512532279, -36.115750235337821 ], [ -72.097962835708842, -36.115868401097984 ], [ -72.097774057415648, -36.115982258616633 ], [ -72.096809384479812, -36.116523085773714 ], [ -72.096766015150635, -36.11659312783469 ], [ -72.096728694643161, -36.116665407758468 ], [ -72.096697598718109, -36.116739585137509 ], [ -72.096672873821547, -36.116815310628915 ], [ -72.096654636395272, -36.116892227600005 ], [ -72.096642972328311, -36.116969973807699 ], [ -72.096637936552554, -36.117048183104785 ], [ -72.096639552783927, -36.117126487164164 ], [ -72.096647813410812, -36.117204517213587 ], [ -72.096662679529828, -36.117281905772309 ], [ -72.096684081129098, -36.117358288381787 ], [ -72.096711917417878, -36.117433305321995 ], [ -72.096746057301303, -36.117506603305451 ], [ -72.09678633999782, -36.117577837141027 ], [ -72.096861172194465, -36.117708403970482 ], [ -72.096941981520345, -36.117836624788758 ], [ -72.097028655493034, -36.11796232113101 ], [ -72.097121073466866, -36.118085318047022 ], [ -72.097219106800807, -36.118205444344497 ], [ -72.097322619037527, -36.118322532827406 ], [ -72.097431466093354, -36.118436420528631 ], [ -72.097545496458835, -36.118546948936597 ], [ -72.097664551409622, -36.118653964216051 ], [ -72.097788465227339, -36.118757317421888 ], [ -72.097917065430423, -36.118856864706558 ], [ -72.098050173014016, -36.11895246752011 ], [ -72.098187602699269, -36.119043992803022 ], [ -72.098329163191181, -36.119131313171323 ], [ -72.098474657444896, -36.119214307093813 ], [ -72.098623882939904, -36.119292859061169 ], [ -72.098776631962082, -36.119366859746556 ], [ -72.098932691892699, -36.119436206157879 ], [ -72.099426695468424, -36.119742149839105 ], [ -72.099924403836482, -36.120044148857481 ], [ -72.100425768755414, -36.120342173986742 ], [ -72.100930741629355, -36.120636196385604 ], [ -72.101439273512725, -36.120926187600404 ], [ -72.101951315114974, -36.121212119567943 ], [ -72.102058962672672, -36.121292193952833 ], [ -72.102161731423763, -36.121376346970386 ], [ -72.102259384785341, -36.121464384879992 ], [ -72.102351697950596, -36.121556104997758 ], [ -72.102438458406283, -36.121651296163158 ], [ -72.102519466422066, -36.121749739225393 ], [ -72.102594535510178, -36.12185120754787 ], [ -72.102663492854859, -36.1219554675301 ], [ -72.102726179710061, -36.122062279145581 ], [ -72.102782451765052, -36.122171396494515 ], [ -72.102832179476451, -36.12228256836984 ], [ -72.10287524836663, -36.122395538835704 ], [ -72.102911559287108, -36.122510047816732 ], [ -72.10294102864691, -36.122625831696823 ], [ -72.102963588604879, -36.122742623926023 ], [ -72.102979187225984, -36.122860155634214 ], [ -72.10303232954, -36.122959910500228 ], [ -72.103078876354388, -36.123061792801735 ], [ -72.103118697784154, -36.123165518236924 ], [ -72.103151682710887, -36.123270797361876 ], [ -72.103177739092928, -36.123377336398349 ], [ -72.1031967942221, -36.123484838053464 ], [ -72.103253287473692, -36.123604217933384 ], [ -72.103227366586154, -36.124029338803211 ], [ -72.103143639110115, -36.124308311218478 ], [ -72.103055843164142, -36.124697881068776 ], [ -72.103056001267632, -36.124706696400231 ], [ -72.103066211519149, -36.125274383083877 ], [ -72.103069632303743, -36.125464573204269 ], [ -72.103069494861487, -36.125466453219197 ], [ -72.103048507521521, -36.125753574727085 ], [ -72.103049074358452, -36.125755352426708 ], [ -72.103133189008403, -36.126019592876204 ], [ -72.10313287459806, -36.126028125079443 ], [ -72.103124482536671, -36.126256349380853 ], [ -72.103113479072761, -36.126555567118174 ], [ -72.103061995725511, -36.127099286887223 ], [ -72.103050732648484, -36.127405557642312 ], [ -72.102982026800589, -36.127846680015793 ], [ -72.102902522304703, -36.128296055425388 ], [ -72.102903358636226, -36.128300846351976 ], [ -72.102950177930524, -36.128568904140351 ], [ -72.102951989832448, -36.128614908617486 ], [ -72.103057529301921, -36.128899165696836 ], [ -72.103132885377832, -36.129027765759005 ], [ -72.103132158640776, -36.129036042963207 ], [ -72.103120435626309, -36.129169521467425 ], [ -72.103120515576379, -36.129178125884266 ], [ -72.103127896134765, -36.129969157188299 ], [ -72.103127844930782, -36.129973168043598 ], [ -72.103124475350143, -36.130236132562423 ], [ -72.103121079718377, -36.130501169815858 ], [ -72.103113144899467, -36.131120511659311 ], [ -72.103037209410189, -36.131634566691098 ], [ -72.103037505854232, -36.131642079629664 ], [ -72.103046040747742, -36.131858679044718 ], [ -72.103083118711112, -36.132189353371196 ], [ -72.103541773342357, -36.133606421755701 ], [ -72.103951264076414, -36.134385873514432 ], [ -72.104059119402677, -36.134750062948008 ], [ -72.104166262364927, -36.135111845641752 ], [ -72.104206036172442, -36.135510728096669 ], [ -72.104205549285581, -36.135515358972533 ], [ -72.104136059208457, -36.136175814978593 ], [ -72.103965219404344, -36.137180031939444 ], [ -72.103921918811011, -36.137454266637882 ], [ -72.103874282948127, -36.137749057604189 ], [ -72.103833114955293, -36.138003815573256 ], [ -72.103651253720983, -36.139129221155962 ], [ -72.103477434205061, -36.139753107394746 ], [ -72.103477448578104, -36.139762572500217 ], [ -72.103478708016127, -36.140548025735235 ], [ -72.103478692744787, -36.140548260782602 ], [ -72.103449094154485, -36.141016985227921 ], [ -72.103392591021418, -36.142481548894686 ], [ -72.103337886315558, -36.143119131457425 ], [ -72.103322554768624, -36.143297823803152 ], [ -72.103292324662675, -36.143351771798756 ], [ -72.103291800046549, -36.143352706876712 ], [ -72.10288437543764, -36.144079753088796 ], [ -72.10251145422049, -36.144265138878168 ], [ -72.10233639233455, -36.144370623658091 ], [ -72.102201762721236, -36.144503876589276 ], [ -72.10199699804042, -36.144622357624414 ], [ -72.101835162948731, -36.144645378011482 ], [ -72.101648566694536, -36.144631316526699 ], [ -72.101506950883262, -36.14457843867666 ], [ -72.101387777682731, -36.144506079684696 ], [ -72.101200439420126, -36.144473211699776 ], [ -72.101086553703354, -36.144532712687926 ], [ -72.100905154203062, -36.144650585780063 ], [ -72.100725242312905, -36.14480621730803 ], [ -72.10045008025655, -36.144907620903389 ], [ -72.100195318041969, -36.14493304813162 ], [ -72.099987670667417, -36.144976151515564 ], [ -72.099711327326446, -36.145042960661989 ], [ -72.099461548965081, -36.145049357356569 ], [ -72.099081891281614, -36.144991200226713 ], [ -72.098809917346188, -36.144916433964795 ], [ -72.098801749863625, -36.144921411759043 ], [ -72.098248766737655, -36.145546791979172 ], [ -72.098037728222906, -36.14608693450262 ], [ -72.097772441346464, -36.14668449366993 ], [ -72.09766535946963, -36.147792264592546 ], [ -72.097665850848088, -36.147796717748832 ], [ -72.097743568594893, -36.148503143705526 ], [ -72.097813300318833, -36.148679562777964 ], [ -72.097953626149362, -36.148894892900216 ], [ -72.098267773292449, -36.149059892220279 ], [ -72.098647046496978, -36.149284308785838 ], [ -72.098942318239281, -36.149607650885926 ], [ -72.099278769652528, -36.150179442177489 ], [ -72.099412969871139, -36.150557877679105 ], [ -72.09941137985308, -36.150562913869642 ], [ -72.099212007758922, -36.151194511112422 ], [ -72.099153507670991, -36.151781625482045 ], [ -72.098921241067771, -36.152261212328412 ], [ -72.098770471423734, -36.152517327437003 ], [ -72.098656406942226, -36.152711088397865 ], [ -72.098656574028865, -36.152720323457075 ], [ -72.098661753714794, -36.153006296405707 ], [ -72.098747703622863, -36.153116096800836 ], [ -72.098917801418551, -36.153289916768749 ], [ -72.09913561502718, -36.153559251368186 ], [ -72.099239382120587, -36.153643130464587 ], [ -72.099443388623286, -36.154040124958989 ], [ -72.099442135473481, -36.154047202730069 ], [ -72.099366332036539, -36.154474955539762 ], [ -72.099291678443166, -36.154970828243002 ], [ -72.099156423602409, -36.155203479127742 ], [ -72.098940224266357, -36.155453502843635 ], [ -72.098856013496686, -36.155547342857652 ], [ -72.098666767212407, -36.155684640740041 ], [ -72.098612654496307, -36.155905004883657 ], [ -72.098612977889815, -36.155913208171896 ], [ -72.098620067394037, -36.156093222624847 ], [ -72.098719768712471, -36.156233221330659 ], [ -72.099047232481311, -36.156576097028918 ], [ -72.099137868001904, -36.156653967365237 ], [ -72.099150272837662, -36.156664625010173 ], [ -72.099221933244507, -36.156726192573373 ], [ -72.09942020580074, -36.156896541213904 ], [ -72.099749148196551, -36.157179154569185 ], [ -72.10096201306898, -36.158318918513331 ], [ -72.101121387675107, -36.158538841530941 ], [ -72.10128116203154, -36.158768937524471 ], [ -72.101314676378152, -36.158981939341437 ], [ -72.101320379781896, -36.159445177130216 ], [ -72.101325393279495, -36.159572351271784 ], [ -72.101355299093626, -36.159693786809072 ], [ -72.101410296650272, -36.159814573035618 ], [ -72.10143593367016, -36.159987040747552 ], [ -72.101466642578146, -36.16012882537764 ], [ -72.101466450338677, -36.160137459036577 ], [ -72.101459857602819, -36.160434529867281 ], [ -72.101422361922843, -36.160598451091062 ], [ -72.101369313710379, -36.160686393590439 ], [ -72.101303318079715, -36.160764486128095 ], [ -72.101170121279281, -36.160890151025306 ], [ -72.101087913752679, -36.161034861918672 ], [ -72.101061160126903, -36.161152675396451 ], [ -72.10099444764063, -36.16153122402671 ], [ -72.10099475576277, -36.161539001723497 ], [ -72.101002669920405, -36.16173978918296 ], [ -72.101058872117861, -36.161891096175815 ], [ -72.101151511779833, -36.162010906448188 ], [ -72.101229998484541, -36.162090345916752 ], [ -72.101372021232635, -36.162188506307984 ], [ -72.101461851862737, -36.162237099086624 ], [ -72.101582246772068, -36.162264531100561 ], [ -72.101765976502179, -36.162305596424609 ], [ -72.101955176972368, -36.162326150836151 ], [ -72.102257697220708, -36.162353951247603 ], [ -72.10247846359168, -36.162378778837237 ], [ -72.102717049842923, -36.162377682979944 ], [ -72.102918394637456, -36.162387737161673 ], [ -72.103228391563903, -36.162445892995166 ], [ -72.103670317767921, -36.162726590544253 ], [ -72.103781566929342, -36.162897809499839 ], [ -72.103854184940275, -36.162996908075236 ], [ -72.103905730271279, -36.163069855587821 ], [ -72.104398135506074, -36.163505112576303 ], [ -72.104515818401552, -36.163666184434597 ], [ -72.1046644563434, -36.163869628073648 ], [ -72.104901858615108, -36.164662032747067 ], [ -72.104982948637499, -36.164975641235614 ], [ -72.105088942654518, -36.165920028707063 ], [ -72.105088886060642, -36.165929048995757 ], [ -72.105085838076874, -36.16642153502162 ], [ -72.105085888382547, -36.166422825180142 ], [ -72.105099022650293, -36.166755477233359 ], [ -72.105106346614818, -36.166940999424909 ], [ -72.105106064543818, -36.166943386818765 ], [ -72.105059878561789, -36.167335027934215 ], [ -72.105059323402955, -36.167339739604841 ], [ -72.105037878820482, -36.167521585072535 ], [ -72.105038601964296, -36.167524971056544 ], [ -72.105101790359697, -36.167820889827745 ], [ -72.105369608688619, -36.168336666028026 ], [ -72.10575869239436, -36.16895489477298 ], [ -72.106195706610407, -36.169302592453704 ], [ -72.10652092638766, -36.169457829143333 ], [ -72.106916214757064, -36.169625462580186 ], [ -72.107530054251981, -36.169741894722911 ], [ -72.107543316080509, -36.169748924664681 ], [ -72.10769279215053, -36.16976378732577 ], [ -72.107964036653939, -36.169785409428712 ], [ -72.108106192352707, -36.16980363911366 ], [ -72.108217846654327, -36.169839525575455 ], [ -72.108326544600331, -36.169905844345998 ], [ -72.108555940187912, -36.170026366100075 ], [ -72.108769847023353, -36.170175959449274 ], [ -72.10888195497418, -36.170275917588683 ], [ -72.109005772464741, -36.170461580833866 ], [ -72.109095757605061, -36.170580665157459 ], [ -72.109182854661753, -36.170731866613522 ], [ -72.10927971550727, -36.170972196000555 ], [ -72.109344354681838, -36.171134100240415 ], [ -72.109391986053154, -36.171234048455709 ], [ -72.109518308945042, -36.171325203855147 ], [ -72.109597853865154, -36.171390593876545 ], [ -72.109659843009638, -36.171432830643944 ], [ -72.10979353208684, -36.171552464619445 ], [ -72.10982723148642, -36.171615671696983 ], [ -72.109872785952788, -36.171715674410748 ], [ -72.109960418405379, -36.171880351596265 ], [ -72.109969317116594, -36.171947577996001 ], [ -72.110005426696063, -36.17201915604614 ], [ -72.110012048178021, -36.172081382326589 ], [ -72.110052436433193, -36.172208501160121 ], [ -72.110075534814101, -36.172319205044403 ], [ -72.110079733539735, -36.172425340989342 ], [ -72.110091042430852, -36.172500937436233 ], [ -72.110171655447814, -36.172593281347098 ], [ -72.110281902987694, -36.1726460670655 ], [ -72.110527744931488, -36.172708817862116 ], [ -72.110711451305406, -36.172778242951665 ], [ -72.110817010537801, -36.172817658837943 ], [ -72.110926525950731, -36.172851912318386 ], [ -72.111034575313099, -36.172849102338503 ], [ -72.111144167082813, -36.17283276021864 ], [ -72.111251816694889, -36.17281984083354 ], [ -72.111426490508634, -36.172818670431141 ], [ -72.11149619348646, -36.17284552659364 ], [ -72.111763003905637, -36.172965068493276 ], [ -72.111974201422186, -36.172993302399703 ], [ -72.112143786279859, -36.172968652934564 ], [ -72.112299493064668, -36.172961228072097 ], [ -72.112428387833219, -36.172959560940548 ], [ -72.112604452239026, -36.17304604651482 ], [ -72.112708580455177, -36.173206921104047 ], [ -72.112911349977736, -36.173495083245236 ], [ -72.113010924633713, -36.173645956386963 ], [ -72.113198780325945, -36.173767549958463 ], [ -72.113342745231691, -36.173831259951669 ], [ -72.113462452031499, -36.173860186786328 ], [ -72.113658286560053, -36.173973139189542 ], [ -72.113862035246299, -36.174075766819513 ], [ -72.113922483780087, -36.174131531882189 ], [ -72.113985469156219, -36.174251315468076 ], [ -72.114058444696639, -36.174360719187177 ], [ -72.114056722626231, -36.17436765807188 ], [ -72.114010013824725, -36.174555919952759 ], [ -72.113956026872785, -36.174715850937133 ], [ -72.113739418803263, -36.174918801807372 ], [ -72.113405311992906, -36.175096142552064 ], [ -72.11335180923291, -36.175163306006866 ], [ -72.113351889182965, -36.175172725506009 ], [ -72.113352924940486, -36.175296505886294 ], [ -72.1134163666608, -36.175480361810436 ], [ -72.113471365115728, -36.175661064437612 ], [ -72.11355706529217, -36.175829163915111 ], [ -72.113695982564323, -36.17602791849415 ], [ -72.113795237420078, -36.176118088672091 ], [ -72.113968488302405, -36.176238374633108 ], [ -72.114146153506027, -36.176417570156609 ], [ -72.114193871115617, -36.176466921293475 ], [ -72.114244800202329, -36.176544857435367 ], [ -72.114270593529085, -36.17661838838837 ], [ -72.114292831323937, -36.176707190309706 ], [ -72.114328330947345, -36.176868163249779 ], [ -72.114380710813236, -36.177087722425135 ], [ -72.114418629599697, -36.177204785208119 ], [ -72.114492951714723, -36.177295603009583 ], [ -72.114528668730429, -36.177357070980996 ], [ -72.114605535772654, -36.177459628193539 ], [ -72.114637231030827, -36.17752457367753 ], [ -72.114683604760742, -36.177592509470571 ], [ -72.114746670086944, -36.177661696747272 ], [ -72.11481510105034, -36.177708821734427 ], [ -72.114913150366974, -36.17782094631491 ], [ -72.114921044761701, -36.177915179391825 ], [ -72.114940395371221, -36.178036099238859 ], [ -72.114984684111363, -36.178156368478277 ], [ -72.115044319669821, -36.178296476427597 ], [ -72.115160546396211, -36.1783423553021 ], [ -72.115253847218256, -36.178387145042244 ], [ -72.115273013673175, -36.178402411398523 ], [ -72.115344059632349, -36.178458998550532 ], [ -72.115425026585555, -36.178507482627658 ], [ -72.115525831933468, -36.178584118805361 ], [ -72.115608810214567, -36.178630864009044 ], [ -72.115665042056406, -36.178685050908065 ], [ -72.115770470134777, -36.178773371920194 ], [ -72.116042056896319, -36.178960236100004 ], [ -72.116259556992901, -36.179094542550516 ], [ -72.116441814384288, -36.179126895705586 ], [ -72.116526738416283, -36.179170215949448 ], [ -72.11664336668963, -36.179226201441381 ], [ -72.116784056337849, -36.179311917297554 ], [ -72.116878295001044, -36.179380291673844 ], [ -72.117011874483794, -36.179496546176431 ], [ -72.117102092287766, -36.179568397942134 ], [ -72.117232793568363, -36.179664490956206 ], [ -72.117363702359782, -36.179713357861303 ], [ -72.117479863509161, -36.179757550791891 ], [ -72.117661381587041, -36.179823648716848 ], [ -72.117839551643868, -36.179857791821107 ], [ -72.117967580436471, -36.179886496728287 ], [ -72.118089109019678, -36.179908625051851 ], [ -72.118245563202819, -36.17991972401564 ], [ -72.118348055586864, -36.179933916214196 ], [ -72.118569663679239, -36.179961865549423 ], [ -72.118674167391191, -36.179974318974125 ], [ -72.118756882465917, -36.18001432291382 ], [ -72.118876059259719, -36.180082045546975 ], [ -72.11902727716307, -36.180170855869044 ], [ -72.119129964481516, -36.180242380001765 ], [ -72.119276818369215, -36.180378524523654 ], [ -72.11936106147823, -36.180561833409925 ], [ -72.119408221234025, -36.180859101635313 ], [ -72.119424160940426, -36.180998660215614 ], [ -72.11942331921901, -36.181000807179487 ], [ -72.119369378979471, -36.181138375889489 ], [ -72.119320754071438, -36.181380802910951 ], [ -72.119282456195933, -36.181464446316731 ], [ -72.119199935157297, -36.181586325760883 ], [ -72.119178870562209, -36.181736966525385 ], [ -72.119179712283625, -36.18174045485565 ], [ -72.119196290692202, -36.181809028682714 ], [ -72.119224298366134, -36.181938154685682 ], [ -72.119234543651942, -36.182039072316307 ], [ -72.119270400804822, -36.182103908143816 ], [ -72.11933581971708, -36.182179777304974 ], [ -72.119463647287049, -36.1822557065734 ], [ -72.119645906475057, -36.182340332237565 ], [ -72.119853037318308, -36.182422623093004 ], [ -72.12016976801614, -36.18254084308635 ], [ -72.120287474267826, -36.182623780489699 ], [ -72.120464978673013, -36.182693351232977 ], [ -72.120573770043819, -36.18276134272427 ], [ -72.120742355076558, -36.182868248318201 ], [ -72.120811663693971, -36.182937268521712 ], [ -72.120890154890247, -36.183027975269127 ], [ -72.121034607581194, -36.183155745574481 ], [ -72.121056047672084, -36.183276610203983 ], [ -72.121057783217211, -36.18337269141891 ], [ -72.121057615232246, -36.183372914737006 ], [ -72.120927382872267, -36.183546423270698 ], [ -72.120759849766714, -36.183675589913143 ], [ -72.120687443758172, -36.183738191215745 ], [ -72.120639643503594, -36.183791717682489 ], [ -72.120641559610107, -36.183799088589645 ], [ -72.120666650454297, -36.183895570843561 ], [ -72.120706530263021, -36.183956927778901 ], [ -72.120750569271507, -36.184018176633323 ], [ -72.120902731304241, -36.18413056987859 ], [ -72.121021111292364, -36.184230352880476 ], [ -72.121092700732305, -36.18430437400459 ], [ -72.121182521480932, -36.184418392399209 ], [ -72.121232981647069, -36.184641371487992 ], [ -72.121298667358971, -36.184776256935862 ], [ -72.12135744592463, -36.184946738927003 ], [ -72.121553227452594, -36.185423947030593 ], [ -72.121657392499685, -36.185584810705407 ], [ -72.121802247635884, -36.185774968429307 ], [ -72.121915123646275, -36.185998003834165 ], [ -72.121983894172843, -36.186158105770424 ], [ -72.122038782135036, -36.186387713213868 ], [ -72.122038084144052, -36.186394308093824 ], [ -72.122025165471939, -36.186516236419841 ], [ -72.121964957686671, -36.186624054050291 ], [ -72.121900526022898, -36.186730293872216 ], [ -72.121899113871279, -36.186799473803823 ], [ -72.12188751123108, -36.186873979717724 ], [ -72.121888511056, -36.18687707993017 ], [ -72.121911237534363, -36.186947562603152 ], [ -72.122043098539976, -36.187020009305371 ], [ -72.122236499532434, -36.187122892454134 ], [ -72.122377681457436, -36.187168112913241 ], [ -72.122537367778975, -36.187207791268939 ], [ -72.12279204734854, -36.187229809495946 ], [ -72.122950125685705, -36.187229054746986 ], [ -72.123139576785874, -36.187224107189735 ], [ -72.123142649024146, -36.187222781122522 ], [ -72.123158100047021, -36.187222008247936 ], [ -72.123217169666844, -36.187219465591916 ], [ -72.123284450786684, -36.187213577679017 ], [ -72.123406329712864, -36.187191843656606 ], [ -72.123504409572206, -36.187147122027582 ], [ -72.123600211303994, -36.187097399881026 ], [ -72.123780482520274, -36.187026920967959 ], [ -72.123905041120935, -36.187020294240199 ], [ -72.124045018405141, -36.187035187701348 ], [ -72.124142223305398, -36.187073123165625 ], [ -72.124304857897698, -36.187134645092371 ], [ -72.124461456709611, -36.18725366274947 ], [ -72.124640511606984, -36.187466534227461 ], [ -72.124761846154101, -36.187640437528906 ], [ -72.124845641902112, -36.187811949336144 ], [ -72.12491770205925, -36.188054599309098 ], [ -72.124919991864928, -36.188079286803848 ], [ -72.124944243682648, -36.188303495968135 ], [ -72.124957515392651, -36.188375665186371 ], [ -72.125028373603939, -36.188483430956374 ], [ -72.125098897641962, -36.188530495057869 ], [ -72.12519275272453, -36.188588753292926 ], [ -72.125498117039058, -36.188786516314401 ], [ -72.125779216061133, -36.188949498803851 ], [ -72.126427629016362, -36.189298502666375 ], [ -72.126932916092329, -36.189605712301002 ], [ -72.127122441752661, -36.189663154110704 ], [ -72.127266981580178, -36.189688043373508 ], [ -72.127446115529295, -36.189745756997738 ], [ -72.127625720195624, -36.189815261965336 ], [ -72.127801368681446, -36.18988993030996 ], [ -72.128132554170506, -36.19005665511191 ], [ -72.128173281988865, -36.190063786180559 ], [ -72.128404565835154, -36.190083268291581 ], [ -72.12849343886117, -36.190080943227457 ], [ -72.128665936955301, -36.190076430123362 ], [ -72.128789695157039, -36.190049582767365 ], [ -72.128892737310011, -36.190024962593405 ], [ -72.129034998111678, -36.189992571889562 ], [ -72.129188455515035, -36.189980123682574 ], [ -72.129375499130234, -36.189975229948928 ], [ -72.129799075447949, -36.190215421285053 ], [ -72.130237809039443, -36.19057495146631 ], [ -72.130731196132842, -36.191105062406663 ], [ -72.130845037832145, -36.191194836062664 ], [ -72.131120191803689, -36.191416985327074 ], [ -72.131200582936785, -36.191554853285822 ], [ -72.131309603377986, -36.191732444913995 ], [ -72.131328582983315, -36.191843252432179 ], [ -72.13141823844191, -36.192161323845362 ], [ -72.131432395890783, -36.192359951440622 ], [ -72.131432150650724, -36.192366018760573 ], [ -72.131429249092335, -36.192437608605047 ], [ -72.131275803367089, -36.192711454308267 ], [ -72.131113433777799, -36.192918076206574 ], [ -72.131063159562927, -36.193066110663096 ], [ -72.131026160651317, -36.193234035773685 ], [ -72.1310022331254, -36.19336451530279 ], [ -72.130985616987587, -36.193574067233463 ], [ -72.130967924668084, -36.193704385254208 ], [ -72.130889502642091, -36.194085883093251 ], [ -72.130885877041607, -36.19410685399513 ], [ -72.130852304304497, -36.19430103194081 ], [ -72.130661111370998, -36.194671991115477 ], [ -72.130542185207176, -36.194924694488328 ], [ -72.13028085990112, -36.19531098046442 ], [ -72.130071085315961, -36.195581239961726 ], [ -72.129626054534327, -36.196108932680836 ], [ -72.129548217311594, -36.196244197095105 ], [ -72.129193825643796, -36.196749278255034 ], [ -72.129060810303045, -36.196909597440076 ], [ -72.128596792729553, -36.197535595224487 ], [ -72.128223416066533, -36.198086704995212 ], [ -72.128203370160975, -36.198158059084228 ], [ -72.128100859810658, -36.198457550544695 ], [ -72.12810141227456, -36.198465454336841 ], [ -72.128110518496598, -36.19859558516179 ], [ -72.128119237544738, -36.198762311725631 ], [ -72.128156525713877, -36.199123917235283 ], [ -72.128179663620642, -36.19939145313095 ], [ -72.128230028565369, -36.199820173401541 ], [ -72.128231374241636, -36.200010703230845 ], [ -72.128231315851153, -36.200012042129792 ], [ -72.128216229544279, -36.200361875267802 ], [ -72.128162058437695, -36.200569035150011 ], [ -72.128130010141632, -36.200652508009284 ], [ -72.128131206697574, -36.200658906690208 ], [ -72.128161729654309, -36.200822006548769 ], [ -72.128229787816849, -36.200911293532094 ], [ -72.128387694575835, -36.200957753574784 ], [ -72.128838011942904, -36.201136536624411 ], [ -72.129160531384429, -36.201241088053386 ], [ -72.129381868185575, -36.201312870578484 ], [ -72.129569614283341, -36.201377099663176 ], [ -72.129827965267495, -36.201437795574201 ], [ -72.129995459745459, -36.201463766256531 ], [ -72.130379059236404, -36.20148239305928 ], [ -72.130543671020661, -36.201488202335995 ], [ -72.13065658655691, -36.201502110093521 ], [ -72.130743352135255, -36.201538625737811 ], [ -72.130841652081855, -36.201603507763075 ], [ -72.130944113923164, -36.201720561452269 ], [ -72.131044568029793, -36.201891632134284 ], [ -72.131112636073837, -36.202085473997947 ], [ -72.131119147961329, -36.202196607560289 ], [ -72.131119027587076, -36.202204063721297 ], [ -72.131117946015479, -36.202270840766076 ], [ -72.131091867922763, -36.202347412374209 ], [ -72.13087718045135, -36.202546973146944 ], [ -72.13082059377497, -36.202641206920909 ], [ -72.130820764454867, -36.202650438996173 ], [ -72.130822410168463, -36.202738972194069 ], [ -72.130830327919384, -36.202833203562264 ], [ -72.130872779604772, -36.202958574105928 ], [ -72.131021846043012, -36.203096329682978 ], [ -72.131194980144357, -36.203159252528394 ], [ -72.131323388026004, -36.203196363247081 ], [ -72.13140324825477, -36.203216196554443 ], [ -72.131528506643022, -36.20327868582855 ], [ -72.13163626674789, -36.203371990158665 ], [ -72.131704600693226, -36.203468011925182 ], [ -72.131709837871355, -36.203547137535828 ], [ -72.131712725056673, -36.203619576854223 ], [ -72.131712395374947, -36.203620825082552 ], [ -72.131649445033119, -36.20385901886339 ], [ -72.131467142725981, -36.204088088019937 ], [ -72.131391046438253, -36.204214875115994 ], [ -72.131340968056108, -36.204367965163165 ], [ -72.13134113154949, -36.204376981025234 ], [ -72.131342717974292, -36.204464044421847 ], [ -72.131374509352199, -36.204582948031359 ], [ -72.131475102697721, -36.204757386684506 ], [ -72.131564559628657, -36.204861288877005 ], [ -72.131584082714724, -36.204985572508726 ], [ -72.131582995753206, -36.204988172576535 ], [ -72.13154989014005, -36.205067415527154 ], [ -72.131485185388456, -36.205114643626516 ], [ -72.131379915413575, -36.205188229667314 ], [ -72.13129717518602, -36.205252794804807 ], [ -72.131203777345931, -36.205363171470673 ], [ -72.13116998811482, -36.205455122912518 ], [ -72.131150617742364, -36.205595603167311 ], [ -72.13115122051191, -36.205600747448614 ], [ -72.131160078798928, -36.205676303180788 ], [ -72.131173964956588, -36.205763632602277 ], [ -72.131256582114958, -36.205852536301819 ], [ -72.131409544546585, -36.20598344420798 ], [ -72.131501753017233, -36.206104136609355 ], [ -72.131667456254561, -36.20624145609132 ], [ -72.131705683163148, -36.206312970911675 ], [ -72.131753164515814, -36.206407853237536 ], [ -72.131768325382865, -36.206474913009657 ], [ -72.131776248523664, -36.206621422856792 ], [ -72.131775802060986, -36.20662268988314 ], [ -72.131744470620504, -36.206711636097459 ], [ -72.131726844776296, -36.206843637802045 ], [ -72.131705331023554, -36.206982487573754 ], [ -72.131705824198647, -36.206988820501621 ], [ -72.131713855137306, -36.207091882542713 ], [ -72.131761141555529, -36.207233989295112 ], [ -72.131819219435286, -36.207333652253347 ], [ -72.131898021448634, -36.207483365715504 ], [ -72.131919018670089, -36.207592433084002 ], [ -72.131931567236293, -36.207698348724556 ], [ -72.131973754816997, -36.2078169785078 ], [ -72.131983422486059, -36.207955011842522 ], [ -72.131982875412049, -36.207956715920439 ], [ -72.131950102175537, -36.208058755401296 ], [ -72.131864416372167, -36.208206032776474 ], [ -72.131798038059188, -36.208315701469751 ], [ -72.131750836082588, -36.208384394817223 ], [ -72.131675873468765, -36.208487544174162 ], [ -72.131654893315314, -36.208587591867939 ], [ -72.131632038377845, -36.208745027378939 ], [ -72.131630707074592, -36.208868171220878 ], [ -72.131630796906123, -36.208869318615136 ], [ -72.131647554977746, -36.20908190445919 ], [ -72.131656079091471, -36.209191297943264 ], [ -72.131657286427227, -36.209204991235126 ], [ -72.131675073968154, -36.209406661863689 ], [ -72.13170212224135, -36.209719626634687 ], [ -72.131716144942942, -36.209810325553484 ], [ -72.131834921986453, -36.210023075548051 ], [ -72.13190621408404, -36.210140944380051 ], [ -72.131953296584712, -36.210225718213152 ], [ -72.131959406925262, -36.210326742902005 ], [ -72.131968267907212, -36.210444559815194 ], [ -72.131967675019126, -36.210446191358116 ], [ -72.131904510878257, -36.210619931276455 ], [ -72.131780461622355, -36.210744602956865 ], [ -72.131723866861137, -36.210786558299041 ], [ -72.13165533708306, -36.210842320418372 ], [ -72.131625224656418, -36.210905848046053 ], [ -72.131588153879591, -36.210984052160697 ], [ -72.13156543009616, -36.211092577572146 ], [ -72.131565934051039, -36.211099690779179 ], [ -72.131584496838073, -36.211361904853916 ], [ -72.131584143800168, -36.211366451521407 ], [ -72.131562522249581, -36.211645798903533 ], [ -72.131551006745966, -36.21187882584276 ], [ -72.131551249291078, -36.211883429014208 ], [ -72.1315680657532, -36.212202171342454 ], [ -72.131567761224332, -36.212205924314176 ], [ -72.131552722528156, -36.212391451210486 ], [ -72.131518469766363, -36.212576168078343 ], [ -72.131492725846954, -36.212661163232653 ], [ -72.131444852828849, -36.212765288313442 ], [ -72.131375921503803, -36.212863219237704 ], [ -72.131157386548026, -36.213071312894435 ], [ -72.131106090050352, -36.213141800254292 ], [ -72.131046074504539, -36.213202395719577 ], [ -72.131011946608581, -36.213285924684975 ], [ -72.130964542511038, -36.213401841841424 ], [ -72.130964737445453, -36.213410886378817 ], [ -72.130966965267362, -36.213514767660755 ], [ -72.130986205384119, -36.21356207546161 ], [ -72.13101365250931, -36.213693991684032 ], [ -72.131051815637505, -36.213763821834704 ], [ -72.131157582380752, -36.213911142831208 ], [ -72.131160404887368, -36.213981898326146 ], [ -72.131160076103981, -36.213983158710349 ], [ -72.13113331978326, -36.214085480242979 ], [ -72.131039044289125, -36.214278514225775 ], [ -72.131037982480464, -36.214408396256744 ], [ -72.131038047159151, -36.214410017570195 ], [ -72.131041879372148, -36.214506106243874 ], [ -72.131041805710311, -36.214513798232126 ], [ -72.13104068101957, -36.214632617720007 ], [ -72.131040668443148, -36.214642136114172 ], [ -72.131040555255424, -36.214733807039977 ], [ -72.130993557196405, -36.214912110716348 ], [ -72.130866888453141, -36.215075637475756 ], [ -72.130789302758672, -36.215165364075759 ], [ -72.130699516146038, -36.215314432735894 ], [ -72.130641390655555, -36.215579035992747 ], [ -72.130640398017192, -36.215762880698414 ], [ -72.130634643409465, -36.215931673940126 ], [ -72.1306349164973, -36.215933153894383 ], [ -72.130674427098441, -36.216146493137487 ], [ -72.130738352112388, -36.216340443197133 ], [ -72.13074774759194, -36.21641945940133 ], [ -72.130765864814592, -36.216560643276217 ], [ -72.13078882305831, -36.216875402177294 ], [ -72.130798762916925, -36.217072451621043 ], [ -72.130798579660606, -36.217078329316244 ], [ -72.130793276905479, -36.217247982891337 ], [ -72.130793551789964, -36.217248728653956 ], [ -72.130810843460878, -36.21729574792306 ], [ -72.130885988432695, -36.217390090044098 ], [ -72.130988118795656, -36.21761405002762 ], [ -72.131086326215794, -36.217737345153253 ], [ -72.131310587931537, -36.217907759724575 ], [ -72.13156296242407, -36.218001842376111 ], [ -72.131719228859311, -36.218022996027521 ], [ -72.131937560795862, -36.218042450163374 ], [ -72.132122760169779, -36.218012424275678 ], [ -72.132243973444332, -36.217933654642053 ], [ -72.132397134403647, -36.21787929487347 ], [ -72.132489232381531, -36.217851708396182 ], [ -72.132523893876765, -36.217864639920975 ], [ -72.132552839391849, -36.217846101811638 ], [ -72.132694006045483, -36.217785064227591 ], [ -72.132806138250814, -36.217778752466138 ], [ -72.132982186486942, -36.217809553915096 ], [ -72.133075813397426, -36.217861066231315 ], [ -72.133215252590773, -36.217965342385085 ], [ -72.13335792032926, -36.218150480936224 ], [ -72.133537159381262, -36.218521853970195 ], [ -72.133559042341588, -36.218705098930322 ], [ -72.133561732795854, -36.218772485164344 ], [ -72.133561565709201, -36.218777826430987 ], [ -72.13355899293424, -36.218860250753387 ], [ -72.133559159122569, -36.218864426648125 ], [ -72.133562020256761, -36.218936060384031 ], [ -72.133573295011871, -36.219009967528358 ], [ -72.133615418812198, -36.219074632870473 ], [ -72.133694900850216, -36.219136632611288 ], [ -72.133832263138629, -36.219240962868845 ], [ -72.133901885268074, -36.219316712703019 ], [ -72.133961847813296, -36.219358988125812 ], [ -72.134178779276311, -36.219683837675539 ], [ -72.134287912006926, -36.219810829966178 ], [ -72.134373166618957, -36.219913153298663 ], [ -72.134556734652321, -36.219975795926089 ], [ -72.134655258279423, -36.219993450097576 ], [ -72.13493768770644, -36.220082168771484 ], [ -72.135096646392597, -36.220153889807911 ], [ -72.135193567425233, -36.220235667682012 ], [ -72.135321078788238, -36.220353745791989 ], [ -72.135425719044107, -36.220472423063178 ], [ -72.135580325392709, -36.220591476280923 ], [ -72.135885306126596, -36.22077572809161 ], [ -72.136130390790626, -36.220919389139119 ], [ -72.136211617356949, -36.220972910479311 ], [ -72.136310359274646, -36.221100173167983 ], [ -72.136337732737985, -36.221160166034288 ], [ -72.136376106970303, -36.221235047983868 ], [ -72.136398267510046, -36.221425031430719 ], [ -72.136397800386092, -36.221430552968123 ], [ -72.136384139705584, -36.221592355799537 ], [ -72.136360142111059, -36.221668874441953 ], [ -72.136327557520758, -36.221738871403552 ], [ -72.136221604826275, -36.2218478964365 ], [ -72.136158244852652, -36.221981098077499 ], [ -72.136158596093921, -36.221989877831888 ], [ -72.136165516714868, -36.222163039896564 ], [ -72.136172374453764, -36.222282594931357 ], [ -72.136258321666858, -36.222506319876068 ], [ -72.13632219278189, -36.222646303541573 ], [ -72.136395658802456, -36.222818076365179 ], [ -72.136463031550448, -36.223045660209074 ], [ -72.136545495995222, -36.223286339973257 ], [ -72.136567103172752, -36.223358289247486 ], [ -72.136575031703444, -36.223452519702278 ], [ -72.13657493648202, -36.223460897814661 ], [ -72.13657410554039, -36.223533491899609 ], [ -72.136521537028273, -36.223624250897664 ], [ -72.136331211867329, -36.223757412554768 ], [ -72.136132839598091, -36.223897528772433 ], [ -72.136011726036543, -36.223991772346551 ], [ -72.135964669587025, -36.22416839322964 ], [ -72.13596521666102, -36.224175856718105 ], [ -72.135978377878246, -36.224355226618421 ], [ -72.136056803497496, -36.224494827243795 ], [ -72.136067552738197, -36.224607534866635 ], [ -72.136066900561303, -36.224610227765773 ], [ -72.136037187884966, -36.224733126337206 ], [ -72.135933849287937, -36.224855572518621 ], [ -72.135810047967055, -36.224934708389327 ], [ -72.135666658881405, -36.224992435160011 ], [ -72.135464050157282, -36.22507869732182 ], [ -72.135305305270165, -36.225168867542841 ], [ -72.135202697901775, -36.225257566578115 ], [ -72.135126927702501, -36.225392779892807 ], [ -72.135121040144142, -36.225505923921489 ], [ -72.135082692861275, -36.225640155607287 ], [ -72.135048444591064, -36.225824873080285 ], [ -72.135046416195152, -36.226190878340695 ], [ -72.135005188913524, -36.226357226541857 ], [ -72.134929147423037, -36.226485702246123 ], [ -72.13487261823883, -36.226581623909517 ], [ -72.13477391135541, -36.226768031232673 ], [ -72.134733028128508, -36.226995083281281 ], [ -72.134733127841514, -36.227004053057044 ], [ -72.134735404172432, -36.227210881539271 ], [ -72.134744334324679, -36.227278102471757 ], [ -72.134836778153939, -36.227403846178554 ], [ -72.135008165930358, -36.227525832373978 ], [ -72.135183437123757, -36.227588692096781 ], [ -72.135255149632911, -36.227664386020216 ], [ -72.1352777611269, -36.22769043930446 ], [ -72.135388244025393, -36.227817732368493 ], [ -72.135408056368988, -36.228001030915188 ], [ -72.135407247885226, -36.228003067893397 ], [ -72.135324848119168, -36.228210641565646 ], [ -72.135185768251944, -36.228428464016268 ], [ -72.135134743045484, -36.228557970379654 ], [ -72.135083650465376, -36.228685791018101 ], [ -72.135011166303428, -36.228851273767795 ], [ -72.134998436277527, -36.22894941933815 ], [ -72.134998726433366, -36.228956695414141 ], [ -72.135002742801007, -36.229057237222229 ], [ -72.135039519828737, -36.229196243950284 ], [ -72.135129011793978, -36.22930014122764 ], [ -72.135288796930183, -36.229392076134211 ], [ -72.135365941551839, -36.229447390213465 ], [ -72.135467370330559, -36.229537482209864 ], [ -72.135531508245222, -36.229631925507547 ], [ -72.135545406080993, -36.229719254279161 ], [ -72.135577477733264, -36.229792615009565 ], [ -72.135606933491417, -36.229852553383139 ], [ -72.135663418658169, -36.229911782300285 ], [ -72.135766930630055, -36.230001819414689 ], [ -72.135860709355811, -36.230056696837579 ], [ -72.135934832044839, -36.230088481117242 ], [ -72.136273466364244, -36.230332557259239 ], [ -72.136464999759241, -36.230541705873208 ], [ -72.13693838855778, -36.231058622593984 ], [ -72.137108519591123, -36.231244396801188 ], [ -72.137234590954719, -36.231382057656106 ], [ -72.13731332828938, -36.231455400885089 ], [ -72.137368275540354, -36.231528161456659 ], [ -72.137453750239644, -36.231635534496732 ], [ -72.13746697523726, -36.231657500373665 ], [ -72.137561123170613, -36.231926151085325 ], [ -72.137589115573178, -36.232053583625436 ], [ -72.13760603983313, -36.232164442027525 ], [ -72.137639856911989, -36.232229324745418 ], [ -72.137669381840453, -36.232290947408622 ], [ -72.137725938872421, -36.232351859185698 ], [ -72.137788194816537, -36.232399130958505 ], [ -72.137931883939501, -36.232452697339298 ], [ -72.138007155573789, -36.232513117709118 ], [ -72.138067746041386, -36.232622829863075 ], [ -72.138077015756807, -36.232698474713047 ], [ -72.138090849812187, -36.232784118985492 ], [ -72.138090321602803, -36.232790362148208 ], [ -72.138079538226123, -36.232917641838498 ], [ -72.138048182531136, -36.233122521453076 ], [ -72.137978858642342, -36.233314904870923 ], [ -72.137894826637407, -36.233399744891905 ], [ -72.137849290137339, -36.233458279134204 ], [ -72.13779685277926, -36.233552407570208 ], [ -72.137649529072661, -36.233824413875801 ], [ -72.137548415602595, -36.234054734347644 ], [ -72.137548764148931, -36.234063457677898 ], [ -72.13755104317481, -36.234120435006773 ], [ -72.137550729662763, -36.234122121849261 ], [ -72.137535629881157, -36.234203472828121 ], [ -72.137536021546623, -36.234210877391874 ], [ -72.137544109977455, -36.234363460231108 ], [ -72.13755391868203, -36.234452582140058 ], [ -72.137579025695899, -36.234559852620805 ], [ -72.137686789394024, -36.234756020621099 ], [ -72.137822521240182, -36.234922785351472 ], [ -72.137859035959849, -36.235055052477982 ], [ -72.137887695810676, -36.235147051627202 ], [ -72.137978950270494, -36.235294746811363 ], [ -72.138046715582277, -36.235375601683991 ], [ -72.138241137060902, -36.235500351294228 ], [ -72.138360878895014, -36.235527561288855 ], [ -72.138452251034138, -36.235574068888518 ], [ -72.138537384373606, -36.235620738765263 ], [ -72.138601858258184, -36.235671324938536 ], [ -72.138670220949606, -36.235715063131202 ], [ -72.138735301197016, -36.235780810216959 ], [ -72.138806831348148, -36.235903725288516 ], [ -72.138825028520856, -36.23599431414786 ], [ -72.138866841504068, -36.236102833121713 ], [ -72.138962247977133, -36.236198138697617 ], [ -72.139086284656614, -36.236228610459818 ], [ -72.139206163932954, -36.236259189446358 ], [ -72.139325166453602, -36.236267869056526 ], [ -72.139469595788356, -36.236287685286193 ], [ -72.139570555646486, -36.236313701642636 ], [ -72.139796826893516, -36.236349919184605 ], [ -72.139948842500843, -36.236403263314749 ], [ -72.1400319761905, -36.236503949880849 ], [ -72.140092167806117, -36.236603553091577 ], [ -72.140101450996269, -36.237043461044628 ], [ -72.140106150981822, -36.237278102000985 ], [ -72.140109790057039, -36.237459785069248 ], [ -72.140151334443985, -36.237561564355445 ], [ -72.140250309923672, -36.23769387701202 ], [ -72.140430598207942, -36.237881390323651 ], [ -72.140539564750213, -36.238003321048268 ], [ -72.140617800824941, -36.23808558527147 ], [ -72.140738222683723, -36.23812964164069 ], [ -72.140830666512983, -36.238150821728638 ], [ -72.14095088625082, -36.238189822144456 ], [ -72.141147509500215, -36.238213324401357 ], [ -72.141256792249479, -36.238239121302762 ], [ -72.14135273232182, -36.238295623906495 ], [ -72.14145586700127, -36.238427825189312 ], [ -72.141541625568195, -36.238541933569351 ], [ -72.141713913456528, -36.238633530114626 ], [ -72.141815688086638, -36.238679761263526 ], [ -72.142004883166948, -36.238777658295596 ], [ -72.142205208373611, -36.238841534204369 ], [ -72.14228370316313, -36.238878257756504 ], [ -72.142424028993673, -36.23910729321716 ], [ -72.142449101871563, -36.239317434165493 ], [ -72.142456230901658, -36.23939144884455 ], [ -72.142462980842708, -36.239559912148579 ], [ -72.142462674517191, -36.239561787978204 ], [ -72.14242788096962, -36.239775007708609 ], [ -72.142425269567084, -36.240073570433012 ], [ -72.142391638439477, -36.240311964785839 ], [ -72.142363659511645, -36.240510283247218 ], [ -72.142338836365397, -36.240774014431871 ], [ -72.142303762543449, -36.241093667861939 ], [ -72.142303890104202, -36.241102017276916 ], [ -72.142306352386413, -36.241262239798495 ], [ -72.14236514622344, -36.241378742931659 ], [ -72.142476202247053, -36.241500616760327 ], [ -72.142558130397603, -36.241570977793302 ], [ -72.142635358562586, -36.241627972110848 ], [ -72.142683675348465, -36.241690784995427 ], [ -72.142701012833427, -36.241811749792731 ], [ -72.142700049839448, -36.241814550777015 ], [ -72.142671182477784, -36.241898541135178 ], [ -72.142663281794867, -36.241961146590754 ], [ -72.142602121795392, -36.242045388198157 ], [ -72.142540783031166, -36.24222913229552 ], [ -72.142541942756196, -36.24223517473829 ], [ -72.142556569125645, -36.242311350774457 ], [ -72.142558539131073, -36.242412484000049 ], [ -72.142558434028174, -36.242416600676293 ], [ -72.142554485932493, -36.242571112086203 ], [ -72.142538266850039, -36.242633935805024 ], [ -72.142508772464311, -36.242729150100132 ], [ -72.142451702494313, -36.242811597722181 ], [ -72.142387191778823, -36.242916165189143 ], [ -72.142272310728728, -36.243062529992933 ], [ -72.14215822468762, -36.243176832295333 ], [ -72.141989851657286, -36.243235223010622 ], [ -72.141880304803337, -36.243254966472733 ], [ -72.141714079644856, -36.24331498726248 ], [ -72.141651093370399, -36.243353745291301 ], [ -72.141587513309531, -36.243429618119791 ], [ -72.141299444259161, -36.243722191936392 ], [ -72.140783137549619, -36.24398197681478 ], [ -72.140491880378292, -36.244143093981272 ], [ -72.140217992133017, -36.244270025543877 ], [ -72.140080552589495, -36.244373134102922 ], [ -72.139742134764091, -36.244552351898164 ], [ -72.139607167384213, -36.24461323456093 ], [ -72.139607986647775, -36.24462238416293 ], [ -72.139622230334922, -36.244781479406953 ], [ -72.139649880479354, -36.24500964122636 ], [ -72.139637059723611, -36.245099822514739 ], [ -72.139622803460057, -36.245263778084265 ], [ -72.139603310018401, -36.245400888278759 ], [ -72.13956529062061, -36.245491266899649 ], [ -72.139504000365406, -36.24562441667608 ], [ -72.139446048249809, -36.245684963068797 ], [ -72.139251664500406, -36.245873887334326 ], [ -72.139105835590456, -36.245947993609825 ], [ -72.139121029695175, -36.245949790317937 ], [ -72.139276628682168, -36.245968189186001 ], [ -72.139276977228491, -36.245968230481282 ], [ -72.142863134487712, -36.246392266825296 ], [ -72.146212004459571, -36.246788247171899 ], [ -72.146623862254401, -36.246836946116773 ], [ -72.146651939996914, -36.246839724462376 ], [ -72.147994252101782, -36.246972516951352 ], [ -72.151540348990906, -36.247323327517755 ], [ -72.151678780274494, -36.247349634334647 ], [ -72.151858365177887, -36.247383761751031 ], [ -72.152532280405723, -36.247511830531131 ], [ -72.152622071509953, -36.24752889384353 ], [ -72.152719062611169, -36.247547325665195 ], [ -72.152757514098596, -36.247554633335746 ], [ -72.152758138427714, -36.247554752147884 ], [ -72.152763503166597, -36.247547971162838 ], [ -72.152939183991776, -36.247307075562929 ], [ -72.153008873494883, -36.247211514753637 ], [ -72.153008899546009, -36.247211479979185 ], [ -72.153009362178395, -36.247210841723437 ], [ -72.153010873144709, -36.247208769022286 ], [ -72.152898825381001, -36.246829358733329 ], [ -72.152594151870915, -36.245797680719697 ], [ -72.15259413570125, -36.245797625659179 ], [ -72.152593902139259, -36.24579683452648 ], [ -72.152540164918989, -36.245490908280381 ], [ -72.152473130835844, -36.24510928358913 ], [ -72.152457613337631, -36.245004587199475 ], [ -72.152410335004234, -36.244685608325391 ], [ -72.152367778215961, -36.244398490652969 ], [ -72.152346738773687, -36.244089741367191 ], [ -72.152346659721943, -36.244088564060704 ], [ -72.152320241167757, -36.24370088005 ], [ -72.152289081305497, -36.243435861881423 ], [ -72.152288136277804, -36.243427820629265 ], [ -72.152231164224176, -36.242943255956988 ], [ -72.152221811863768, -36.242876191944191 ], [ -72.152154308860034, -36.242392181001833 ], [ -72.152154298978559, -36.242392107101594 ], [ -72.152154279215623, -36.242391965097255 ], [ -72.152150226017085, -36.242362896219738 ], [ -72.152055654078922, -36.242082517422531 ], [ -72.1520068710674, -36.241937893245179 ], [ -72.152004993588463, -36.24193232388857 ], [ -72.152008152963305, -36.241925682247341 ], [ -72.152068761397203, -36.241798274492091 ], [ -72.152068802719725, -36.241798188999034 ], [ -72.152068817092768, -36.241798159293829 ], [ -72.152068844042233, -36.241798102056947 ], [ -72.15206991663068, -36.241797986134102 ], [ -72.152098929519397, -36.24179483520723 ], [ -72.152099367897279, -36.241794788113616 ], [ -72.152121991069365, -36.241792370398414 ], [ -72.152149028562789, -36.241789481022167 ], [ -72.152390387913343, -36.241763688190467 ], [ -72.152639267061119, -36.241737091135136 ], [ -72.152929469610285, -36.241707966950699 ], [ -72.152973230141029, -36.241703577093709 ], [ -72.153209673910354, -36.241679849111826 ], [ -72.153371022115152, -36.241670244892099 ], [ -72.154626268604375, -36.241595528137829 ], [ -72.154729140975761, -36.241582178141805 ], [ -72.155425603018912, -36.241491795000634 ], [ -72.155466550924501, -36.241486481367929 ], [ -72.156339653193541, -36.241427073567891 ], [ -72.156296058851126, -36.24131580517853 ], [ -72.156458812021029, -36.241261785522894 ], [ -72.156459375264717, -36.241261598596076 ], [ -72.156459947491541, -36.241261408771209 ], [ -72.156455721816457, -36.241227411993584 ], [ -72.15644209886517, -36.241117815521086 ], [ -72.156426100768272, -36.240989095058744 ], [ -72.155600795160566, -36.238832804161802 ], [ -72.155366507347949, -36.238291646851408 ], [ -72.155170381765217, -36.237838636563048 ], [ -72.155169031597339, -36.237835522428824 ], [ -72.1550752016676, -36.237618794178864 ], [ -72.154888171527134, -36.237186792967144 ], [ -72.154822451679252, -36.237001875544323 ], [ -72.154822002521627, -36.237000608285364 ], [ -72.154676612887826, -36.23659152167734 ], [ -72.154413666122707, -36.235806149266274 ], [ -72.154341761374113, -36.235528331512761 ], [ -72.154308883933012, -36.235401298081015 ], [ -72.154301950735658, -36.235374509021739 ], [ -72.154285816094841, -36.235312166384816 ], [ -72.154285578041282, -36.235311248344928 ], [ -72.15428360264599, -36.235303613469675 ], [ -72.15428346161049, -36.235303067138034 ], [ -72.154635470047822, -36.235240463595915 ], [ -72.15575689091591, -36.235041023157947 ], [ -72.156469268410945, -36.23491431064852 ], [ -72.157947434532872, -36.234651387169947 ], [ -72.158211172713763, -36.234604473254244 ], [ -72.158870986188248, -36.234487110086647 ], [ -72.160335873413658, -36.234226547327459 ], [ -72.161492684310673, -36.233979802357176 ], [ -72.161804965652891, -36.233922590883061 ], [ -72.162529703067932, -36.233789816075735 ], [ -72.164891528460089, -36.233311702880393 ], [ -72.165132259888253, -36.233262967974092 ], [ -72.165715721055179, -36.233144855732561 ], [ -72.165857667446488, -36.233142252977444 ], [ -72.166133664037744, -36.23313719456025 ], [ -72.166292812268424, -36.23313427732937 ], [ -72.166589872556472, -36.233128830527214 ], [ -72.167455075040905, -36.232964810376096 ], [ -72.167479951187744, -36.232960093958404 ], [ -72.167821894900641, -36.232895270539515 ], [ -72.168259055542094, -36.232839204589958 ], [ -72.168322555652878, -36.232831061528245 ], [ -72.168716024933858, -36.232780600322535 ], [ -72.168961323396914, -36.23273678730353 ], [ -72.169215506198142, -36.232677464154079 ], [ -72.169428989927084, -36.232560082877299 ], [ -72.169486232373629, -36.23252860973254 ], [ -72.169509969456698, -36.23239748755514 ], [ -72.169528427140847, -36.232295531988505 ], [ -72.169533857456727, -36.232265536208679 ], [ -72.16953732854698, -36.232253758463607 ], [ -72.169573889080738, -36.232129759438529 ], [ -72.169666828780038, -36.232045868000576 ], [ -72.169774432578023, -36.232008681837399 ], [ -72.169850097674413, -36.232012046193567 ], [ -72.169892281661831, -36.232013920755065 ], [ -72.169914763798445, -36.232014921439038 ], [ -72.169964528668558, -36.232017288009402 ], [ -72.170079526499649, -36.232022759525684 ], [ -72.17016510091193, -36.232026830374132 ], [ -72.170165382084605, -36.23202684269247 ], [ -72.170297715604065, -36.23203313953664 ], [ -72.170344312116171, -36.232035356837258 ], [ -72.170397309124667, -36.232018048123422 ], [ -72.170397361226961, -36.232018031457415 ], [ -72.170582993588852, -36.231957402017699 ], [ -72.170813615376787, -36.231854716919891 ], [ -72.170837694717974, -36.231843996318645 ], [ -72.170870368241495, -36.231809133884163 ], [ -72.170870487717437, -36.231809007077409 ], [ -72.170991011085832, -36.231680416209869 ], [ -72.171053001128655, -36.231599625629528 ], [ -72.171070208357904, -36.231577200332161 ], [ -72.17119412556147, -36.231415702205261 ], [ -72.171668522269741, -36.231326418868782 ], [ -72.171726451927483, -36.231315516316812 ], [ -72.171726563318586, -36.231315495302994 ], [ -72.172327643143163, -36.231202369099258 ], [ -72.17319612358007, -36.230836832209008 ], [ -72.173363291071297, -36.230766473108794 ], [ -72.173573101589056, -36.230726220469393 ], [ -72.173739022218655, -36.230694390073232 ], [ -72.17375058263805, -36.230690500310558 ], [ -72.174037471302128, -36.230593954715509 ], [ -72.174207631979868, -36.230516612938523 ], [ -72.174262275600299, -36.230491777236722 ], [ -72.17443796451029, -36.230411078904659 ], [ -72.174699845873505, -36.230290787758044 ], [ -72.175090413596095, -36.230219884697888 ], [ -72.175119436366316, -36.230214615950437 ], [ -72.175498535297663, -36.230138799859809 ], [ -72.176196811039361, -36.229988087009637 ], [ -72.176224123417271, -36.229988731927655 ], [ -72.176256776279544, -36.229989502206145 ], [ -72.176408423577598, -36.229993084761894 ], [ -72.176535580106062, -36.229996088340535 ], [ -72.176966231554971, -36.229911768532382 ], [ -72.17702181840643, -36.229900886072734 ], [ -72.177023329372716, -36.22990059114921 ], [ -72.177029057929303, -36.229899135371959 ], [ -72.177412317857062, -36.229801809099335 ], [ -72.17769688976604, -36.229677148222095 ], [ -72.177916039169475, -36.229682321354616 ], [ -72.17791753486442, -36.229682355412251 ], [ -72.177920116622545, -36.229682417005755 ], [ -72.178033960118498, -36.229685104657769 ], [ -72.178065113692568, -36.229685840157018 ], [ -72.178326521643612, -36.229564371094185 ], [ -72.178529865189631, -36.229469883512387 ], [ -72.178689420357159, -36.229418883185097 ], [ -72.17887128248978, -36.229360753162602 ], [ -72.179156201148459, -36.229269681257911 ], [ -72.179343735243805, -36.229193001211591 ], [ -72.179558442478168, -36.229105210259682 ], [ -72.179567352867466, -36.229101566793922 ], [ -72.179578132650889, -36.229097160287061 ], [ -72.179796492435187, -36.229007872854076 ], [ -72.179918812434181, -36.228957857731153 ], [ -72.180057725214766, -36.228923651980253 ], [ -72.180157189377965, -36.228899160699775 ], [ -72.180473783531866, -36.228703588876158 ], [ -72.180776077404758, -36.228495734627032 ], [ -72.181267760394036, -36.228302357461693 ], [ -72.181352395168545, -36.228269070995943 ], [ -72.181352439185986, -36.228269054329154 ], [ -72.181617721570859, -36.228287835622275 ], [ -72.182053593129865, -36.228318692353881 ], [ -72.182504029972904, -36.22831162926343 ], [ -72.182756681146557, -36.228307666193345 ], [ -72.182861407640686, -36.22830602125466 ], [ -72.183320140425351, -36.228257111488148 ], [ -72.183634584910777, -36.228121198046615 ], [ -72.183866220896689, -36.227828068009515 ], [ -72.18415334402107, -36.22763179059794 ], [ -72.184649237414078, -36.227368769441732 ], [ -72.184841719430011, -36.227241353180716 ], [ -72.184875731443313, -36.227218838950535 ], [ -72.185103934068195, -36.227021170847273 ], [ -72.185191686895038, -36.226893380097572 ], [ -72.185320191794744, -36.226706241893893 ], [ -72.185570625926275, -36.226563075546785 ], [ -72.185606368094795, -36.226549635300074 ], [ -72.18573947057213, -36.226499585270673 ], [ -72.1857396915577, -36.226499501934846 ], [ -72.185827688726306, -36.226466412533824 ], [ -72.185827935763001, -36.226466319052747 ], [ -72.185868426426126, -36.226451093952413 ], [ -72.185980869448542, -36.226408811492632 ], [ -72.186013540277116, -36.226375574947141 ], [ -72.186256244405627, -36.226128655197613 ], [ -72.186473996928825, -36.225811300817561 ], [ -72.186510246645469, -36.22561176676124 ], [ -72.186510727244155, -36.225609125348001 ], [ -72.18648151313279, -36.225190417100791 ], [ -72.186458682449853, -36.224996949874459 ], [ -72.186447592747655, -36.224902976365613 ], [ -72.186397099343864, -36.22475305419146 ], [ -72.186354335943079, -36.224626081519155 ], [ -72.186308087977309, -36.224519518465236 ], [ -72.186150096776714, -36.224155480139238 ], [ -72.185965488494261, -36.223752144096643 ], [ -72.185890371370192, -36.22358802528732 ], [ -72.185747062234597, -36.22307216361569 ], [ -72.185746760400676, -36.223071075854392 ], [ -72.185754677253257, -36.222850198394994 ], [ -72.185757883340514, -36.222760808170378 ], [ -72.185758183377814, -36.22276034001807 ], [ -72.18597647938175, -36.22241959179577 ], [ -72.186263577353301, -36.222223310232089 ], [ -72.186434719889661, -36.222075706310868 ], [ -72.186618462196179, -36.221917233034617 ], [ -72.186934552395201, -36.22168792401105 ], [ -72.1869889364025, -36.22164847257001 ], [ -72.187187165839617, -36.221525531467137 ], [ -72.187229714543051, -36.221499143489361 ], [ -72.187455547412213, -36.221433316997846 ], [ -72.187646057626111, -36.221377787810248 ], [ -72.187940587359975, -36.221307972427049 ], [ -72.187951227006209, -36.221305450445172 ], [ -72.188195142962059, -36.221247631089582 ], [ -72.188370239882289, -36.221211510910685 ], [ -72.188610205945821, -36.22116201114283 ], [ -72.188983576320624, -36.221078447103423 ], [ -72.189188691344384, -36.221032540363517 ], [ -72.189575627178286, -36.220910486788391 ], [ -72.189786141076908, -36.220784286944053 ], [ -72.189910864069262, -36.22071566680745 ], [ -72.190013086060389, -36.220659426166513 ], [ -72.190056314788507, -36.220635643242204 ], [ -72.190303007436881, -36.220390797626933 ], [ -72.190303050556025, -36.220390767188874 ], [ -72.190303095471776, -36.220390722256468 ], [ -72.190435651773427, -36.220259165189375 ], [ -72.190513990256093, -36.220181417495958 ], [ -72.190957812803674, -36.219703021076981 ], [ -72.191550132257618, -36.219597707986175 ], [ -72.191570799797375, -36.219592820452299 ], [ -72.192025089514644, -36.219485403338538 ], [ -72.192170259959497, -36.219451076764116 ], [ -72.192541518395061, -36.219363289371429 ], [ -72.192559206223009, -36.219359108430268 ], [ -72.192759609583121, -36.219302726217173 ], [ -72.193302369881167, -36.219150024850343 ], [ -72.193514578002407, -36.218976168348043 ], [ -72.193719790942538, -36.218780220941731 ], [ -72.193806279839762, -36.21869763709406 ], [ -72.193941118760549, -36.218568888418254 ], [ -72.194175311351756, -36.218443001505051 ], [ -72.194451178585609, -36.218294714997377 ], [ -72.194913960975583, -36.218146694911745 ], [ -72.195180480340611, -36.218061449883969 ], [ -72.196335684151578, -36.217850090052963 ], [ -72.197196277380272, -36.21768522034948 ], [ -72.197415827432366, -36.217643160719845 ], [ -72.198276423356006, -36.217478288406021 ], [ -72.198364566051694, -36.217462610041252 ], [ -72.199726431785351, -36.217220369375866 ], [ -72.200645601458788, -36.217056871740496 ], [ -72.201460107520163, -36.216909021802884 ], [ -72.201657780001796, -36.216906024244366 ], [ -72.201662063169081, -36.216905959017041 ], [ -72.201690058266593, -36.216905532865077 ], [ -72.201690348422417, -36.216905525617612 ], [ -72.201699679223296, -36.216905388640207 ], [ -72.201769256436975, -36.216904332682056 ], [ -72.201797662064578, -36.216909632040846 ], [ -72.201826271609761, -36.216914969086183 ], [ -72.201865035710881, -36.216922199897837 ], [ -72.201976327991446, -36.216942960303101 ], [ -72.201981753815758, -36.216943972051105 ], [ -72.201982012530564, -36.216944019884458 ], [ -72.20242698402339, -36.217027025936595 ], [ -72.202478695542723, -36.21703318701131 ], [ -72.202676053614027, -36.217056699250747 ], [ -72.203637462072123, -36.216885655918198 ], [ -72.203826481082629, -36.216852028310356 ], [ -72.203969291653223, -36.216826619341433 ], [ -72.204216004962859, -36.216782726359135 ], [ -72.205365526031343, -36.216580232579432 ], [ -72.205408416094585, -36.216572677047573 ], [ -72.205889099213238, -36.216487998510395 ], [ -72.206660909247461, -36.216356597949705 ], [ -72.207428605896013, -36.216225897281184 ], [ -72.207858748898445, -36.216128639514864 ], [ -72.208278847837704, -36.215899994795244 ], [ -72.208594346945276, -36.215716597588205 ], [ -72.208977280784566, -36.215637527766702 ], [ -72.208977731738855, -36.215637435722186 ], [ -72.208980932436205, -36.215636774741093 ], [ -72.208981743614927, -36.215636607321557 ], [ -72.208983107257509, -36.215636327564191 ], [ -72.209001205615536, -36.215632588527463 ], [ -72.209009360521691, -36.215630904185218 ], [ -72.209783323817675, -36.21551000832315 ], [ -72.210291673250424, -36.215430599104323 ], [ -72.2102917190645, -36.215430592581441 ], [ -72.210352704790822, -36.215416975029498 ], [ -72.210643201987395, -36.215352110253399 ], [ -72.210799323793893, -36.215331184180116 ], [ -72.210942651794113, -36.215311972890404 ], [ -72.210953169269445, -36.215310563226431 ], [ -72.21111515976969, -36.21528885004922 ], [ -72.21114771561389, -36.215260835048092 ], [ -72.211147761427981, -36.215260797360401 ], [ -72.211147785682499, -36.215260774892734 ], [ -72.211209700266821, -36.21520750331193 ], [ -72.211315678114133, -36.215047431060214 ], [ -72.211354133194817, -36.214989346888359 ], [ -72.211354967729719, -36.214988086520336 ], [ -72.21135491922071, -36.214987588606107 ], [ -72.211353715478225, -36.214975702443226 ], [ -72.211346513684603, -36.214904606481866 ], [ -72.211346498413221, -36.214904460078955 ], [ -72.211346494819978, -36.214904426014932 ], [ -72.211346472362095, -36.214904208584912 ], [ -72.211329522050988, -36.21473683584675 ], [ -72.211204966145274, -36.214127667171056 ], [ -72.211163587048347, -36.21392529625458 ], [ -72.211149825756507, -36.213828724166355 ], [ -72.211106724589186, -36.213526259040748 ], [ -72.211102919325626, -36.213499547287313 ], [ -72.211062711631826, -36.213217392193066 ], [ -72.211004780177461, -36.212962758336744 ], [ -72.210884347538894, -36.212433413642344 ], [ -72.210855414600232, -36.212239142962204 ], [ -72.210824757794541, -36.212033309172419 ], [ -72.210824403858311, -36.212030934749421 ], [ -72.210801096169945, -36.211874456054971 ], [ -72.210768693937652, -36.211544842598997 ], [ -72.210759585020668, -36.211452182935609 ], [ -72.210759019082047, -36.211446430932774 ], [ -72.210774682107342, -36.211342113474686 ], [ -72.210774691988817, -36.211342043893893 ], [ -72.210774697378696, -36.211342001855535 ], [ -72.210774769243926, -36.211341535084479 ], [ -72.210792687040581, -36.211222207587127 ], [ -72.210796302759604, -36.211198134047955 ], [ -72.210840192647751, -36.211105876963913 ], [ -72.210841863514176, -36.211102363124049 ], [ -72.210847767242228, -36.21108995306389 ], [ -72.210891948184525, -36.211021586078068 ], [ -72.210895889093663, -36.211015487587815 ], [ -72.210897899523275, -36.210936207171407 ], [ -72.210897928269375, -36.210935201868963 ], [ -72.210898315443259, -36.210935140985463 ], [ -72.211142817998976, -36.21089716634588 ], [ -72.211828748193724, -36.21079063387679 ], [ -72.21219051862326, -36.210734446984709 ], [ -72.215792079294658, -36.210175088762938 ], [ -72.216186129785612, -36.210113882112033 ], [ -72.216192156582849, -36.21015691051219 ], [ -72.21625695565757, -36.210619547853867 ], [ -72.21625703381099, -36.210620109578855 ], [ -72.216379243317192, -36.211492629593074 ], [ -72.216379352911645, -36.21149341165048 ], [ -72.216549748947998, -36.21270997258366 ], [ -72.21666258273757, -36.213515564193521 ], [ -72.216662716586555, -36.213516518003502 ], [ -72.216718807392894, -36.213916985249888 ], [ -72.216718930462079, -36.213917873100328 ], [ -72.216763789632424, -36.214238142210412 ], [ -72.21676390731173, -36.214238988020405 ], [ -72.216870161840163, -36.214997600522643 ], [ -72.216870234603704, -36.214998119455025 ], [ -72.216921718849278, -36.215365700275683 ], [ -72.216922081768644, -36.215368289851952 ], [ -72.216927690849289, -36.21540833659077 ], [ -72.222498463726353, -36.215300219408455 ], [ -72.222791484290553, -36.215294531467613 ], [ -72.223532054512461, -36.215280158688635 ], [ -72.223535989133424, -36.215280083313253 ], [ -72.223178884553462, -36.214423101865833 ], [ -72.220711636472799, -36.208502246547049 ], [ -72.220552039084481, -36.208119211286437 ], [ -72.220490128093417, -36.207970623978291 ], [ -72.220475260975462, -36.207934947065077 ], [ -72.220471723409872, -36.207926457840443 ], [ -72.22047139013489, -36.207925659076274 ], [ -72.220490970713158, -36.207924497896393 ], [ -72.220588824197051, -36.207918697070518 ], [ -72.220589489848678, -36.20791865937926 ], [ -72.224810731759248, -36.207681571726816 ], [ -72.2248108054211, -36.207681567377833 ], [ -72.227528400496723, -36.20752893393442 ], [ -72.228668891699968, -36.207464878059533 ], [ -72.237300461006939, -36.206980084003874 ], [ -72.237728490273511, -36.207034570218404 ], [ -72.237939973454345, -36.207173962555288 ], [ -72.238087553180804, -36.207161633778888 ], [ -72.238157635247703, -36.207259625353885 ], [ -72.238239727789917, -36.20737441126947 ], [ -72.238697453563162, -36.207833308979865 ], [ -72.238698246775556, -36.207834105570498 ], [ -72.239190350176401, -36.208327467598089 ], [ -72.239558229149893, -36.208696290211719 ], [ -72.239579207506708, -36.208717322434076 ], [ -72.239622906053697, -36.208761131512397 ], [ -72.239623308498949, -36.208761537413615 ], [ -72.239965225262395, -36.209104329682873 ], [ -72.24001428585332, -36.209153517434032 ], [ -72.240014981149358, -36.209154213986068 ], [ -72.240036719480898, -36.209182082585528 ], [ -72.241698210192752, -36.211311982094024 ], [ -72.241698884827514, -36.211312848230051 ], [ -72.243475191012465, -36.213589934518751 ], [ -72.243558793622682, -36.213697108229162 ], [ -72.243601738483164, -36.213748418865791 ], [ -72.243995316460285, -36.214218700899295 ], [ -72.244241659664013, -36.214513048819548 ], [ -72.247000624853413, -36.217809466946314 ], [ -72.247212848246022, -36.218168611671523 ], [ -72.247336271376184, -36.218377477555102 ], [ -72.24754593187528, -36.218732277807725 ], [ -72.248598604674669, -36.220987085815942 ], [ -72.248598788829298, -36.220987437300487 ], [ -72.248599178698129, -36.220988223611265 ], [ -72.248601510724612, -36.220992929155656 ], [ -72.248602760281187, -36.220995439552226 ], [ -72.248608176224025, -36.221006331947592 ], [ -72.248636159643439, -36.221062601327489 ], [ -72.248752600168871, -36.221296740185885 ], [ -72.249000392355171, -36.221727606612639 ], [ -72.249660711581171, -36.222875753969525 ], [ -72.251000272146314, -36.226181812816272 ], [ -72.251067622436437, -36.226323042842608 ], [ -72.25107757756642, -36.226336797631028 ], [ -72.252886001217703, -36.229934509520312 ], [ -72.253068998188027, -36.230233687914151 ], [ -72.253246242521783, -36.230535110293914 ], [ -72.25341769189977, -36.230838704665899 ], [ -72.253583305386471, -36.231144398518445 ], [ -72.253743043439641, -36.231452118839364 ], [ -72.253896867920005, -36.231761792133277 ], [ -72.25404474210012, -36.2320733444392 ], [ -72.25418663067326, -36.232386701348396 ], [ -72.254322499761869, -36.232701788021842 ], [ -72.254452316925594, -36.233018529208458 ], [ -72.254576051169067, -36.233336849262827 ], [ -72.25466518551876, -36.233514636838478 ], [ -72.254759916516136, -36.233690531027896 ], [ -72.25486018243862, -36.233864417239232 ], [ -72.254965917957279, -36.234036182189513 ], [ -72.255077054179438, -36.234205713978568 ], [ -72.257565922014038, -36.237517265663989 ], [ -72.262479295189777, -36.244174236427398 ], [ -72.263033547635231, -36.245041609242953 ], [ -72.263203922539518, -36.24521954985191 ], [ -72.263379513929436, -36.24539416046526 ], [ -72.263560221801484, -36.245565341660686 ], [ -72.263711260838136, -36.245774559159216 ], [ -72.26385691999414, -36.245986242718502 ], [ -72.263997137363432, -36.246200302352072 ], [ -72.264131853352808, -36.246416647064144 ], [ -72.264261010707116, -36.246635184888305 ], [ -72.264384554533748, -36.246855822926605 ], [ -72.264537952862028, -36.247076054454098 ], [ -72.264696997567086, -36.247293664742259 ], [ -72.264861619844041, -36.247508559672291 ], [ -72.265031748475124, -36.247720646300543 ], [ -72.265367254235258, -36.248113542285161 ], [ -72.265698105648298, -36.24850899497077 ], [ -72.266024272713409, -36.248906968460034 ], [ -72.266345725854435, -36.249307426627304 ], [ -72.266662435922711, -36.249710333121939 ], [ -72.266974374199691, -36.250115651371679 ], [ -72.267281512399464, -36.250523344585815 ], [ -72.26758382267144, -36.250933375758706 ], [ -72.267982820577174, -36.251419564289634 ], [ -72.268377862225151, -36.251907846265212 ], [ -72.268768930677297, -36.252398200710381 ], [ -72.26915600916594, -36.252890606561557 ], [ -72.269583160778495, -36.253297126033722 ], [ -72.270374743630441, -36.254252384970627 ], [ -72.270927880368305, -36.255062615088107 ], [ -72.27122454809259, -36.255858197663478 ], [ -72.271284172871248, -36.255996036111306 ], [ -72.271348657535611, -36.256170418788322 ], [ -72.271600611616606, -36.256545667790775 ], [ -72.271871111416644, -36.256826721974619 ], [ -72.272021451665964, -36.256952218227113 ], [ -72.272022131690619, -36.256952786138712 ], [ -72.272022311353695, -36.256952936084765 ], [ -72.272022492813377, -36.256953087479573 ], [ -72.272342861688088, -36.257220517610783 ], [ -72.273338698079471, -36.258026107798507 ], [ -72.273339348459729, -36.258026634413397 ], [ -72.273339570343595, -36.258026812607689 ], [ -72.273339777854432, -36.258026981385228 ], [ -72.273339841634822, -36.258027034264032 ], [ -72.273341638265379, -36.25802848806876 ], [ -72.273431930629542, -36.258101585364912 ], [ -72.273432151615097, -36.25810174834735 ], [ -72.27378326083884, -36.258339382177112 ], [ -72.274130200981361, -36.258583348380611 ], [ -72.274379336148996, -36.258758537290142 ], [ -72.274627703257053, -36.258960722650158 ], [ -72.274627948497141, -36.258960921848704 ], [ -72.27494757177017, -36.259221116758042 ], [ -72.274948835699774, -36.259222144619223 ], [ -72.275400186129446, -36.259663761497691 ], [ -72.275401518331009, -36.259665064606764 ], [ -72.275757416473539, -36.26001114324211 ], [ -72.276015621930583, -36.260330905592738 ], [ -72.276017835379449, -36.260333648689958 ], [ -72.276019222378252, -36.260335368286611 ], [ -72.276078770800126, -36.260409187044758 ], [ -72.276102154845276, -36.260438173877574 ], [ -72.276142397573395, -36.260481676561312 ], [ -72.276143249176272, -36.260482595754233 ], [ -72.276143703723804, -36.260483089032689 ], [ -72.276316096715021, -36.260669885618491 ], [ -72.276462620921023, -36.260801123345928 ], [ -72.276737306870288, -36.260934720028686 ], [ -72.276820436068377, -36.260986510330525 ], [ -72.277016141239528, -36.261108438327952 ], [ -72.277016464633036, -36.261108640418385 ], [ -72.27717357907791, -36.261206524566383 ], [ -72.277224234178476, -36.261238083949486 ], [ -72.277366544387448, -36.26132674495927 ], [ -72.277555619093533, -36.261444541540953 ], [ -72.277590874375164, -36.261467553673128 ], [ -72.277621025429355, -36.261487234581978 ], [ -72.277621320975086, -36.261486824608376 ], [ -72.277711184842829, -36.261362886444481 ], [ -72.277711335759818, -36.261362679284346 ], [ -72.277711484880157, -36.261362473572859 ], [ -72.277856126217301, -36.261162987518155 ], [ -72.277994711112825, -36.260962872951296 ], [ -72.277997449177803, -36.260958918779863 ], [ -72.27792793304954, -36.260817642673345 ], [ -72.277733167516161, -36.260678019985249 ], [ -72.277641600442621, -36.260433375817918 ], [ -72.277639605284378, -36.260428046088883 ], [ -72.277764890622109, -36.2601650316942 ], [ -72.277980329085125, -36.259989688030963 ], [ -72.278199468607113, -36.259827947999959 ], [ -72.278250720189007, -36.259693927851579 ], [ -72.27828223129255, -36.259307109359597 ], [ -72.278367535311915, -36.25899361503523 ], [ -72.278524488958368, -36.258880026906176 ], [ -72.278730993675893, -36.258821640637045 ], [ -72.278937029472814, -36.258776763642025 ], [ -72.27924343493477, -36.258765713527353 ], [ -72.279428412424807, -36.258666279809653 ], [ -72.27953737537382, -36.258452461140656 ], [ -72.279558621428606, -36.258421400442849 ], [ -72.279611939135663, -36.258327982856976 ], [ -72.279672049902913, -36.258239227173426 ], [ -72.279758099523974, -36.258164579138885 ], [ -72.279857963437479, -36.258112777549314 ], [ -72.279965226773982, -36.258088180239191 ], [ -72.2800765055798, -36.258068181201317 ], [ -72.280204859562545, -36.25801702713207 ], [ -72.280304948953187, -36.257978748663312 ], [ -72.280433302935919, -36.257927594535495 ], [ -72.280539036441482, -36.25786691347929 ], [ -72.280648246427219, -36.257806309883435 ], [ -72.280748262155996, -36.257750004650191 ], [ -72.280872916876405, -36.257685245975971 ], [ -72.280972239105807, -36.257628925443726 ], [ -72.281072639313521, -36.257581639953592 ], [ -72.281199203852225, -36.257561987759942 ], [ -72.281326691859022, -36.257555874789468 ], [ -72.281470007282834, -36.257554627421797 ], [ -72.281610002533341, -36.257548799853097 ], [ -72.28173733423327, -36.257547189575185 ], [ -72.281848292340527, -36.257536192890093 ], [ -72.281962894014583, -36.257520775362593 ], [ -72.282089303144744, -36.257505625125241 ], [ -72.282198494265842, -36.257485575956558 ], [ -72.282377110785362, -36.257449081356782 ], [ -72.282506415185665, -36.257330352276085 ], [ -72.282657402222, -36.257248165534349 ], [ -72.282683680639011, -36.257141227530347 ], [ -72.282684931093883, -36.257136135896175 ], [ -72.282647761502361, -36.257004609504421 ], [ -72.282590975399998, -36.256877143753009 ], [ -72.28249282098048, -36.256699169007412 ], [ -72.282462899895009, -36.256459486707719 ], [ -72.282461793170569, -36.256450621000518 ], [ -72.282506166352334, -36.256424484579789 ], [ -72.282579650339201, -36.25638120057323 ], [ -72.282612240319409, -36.256363916808453 ], [ -72.282616426468621, -36.256364009529406 ], [ -72.282739413915863, -36.256366804921463 ], [ -72.282742094488668, -36.256368847680037 ], [ -72.282743459029589, -36.256369886444482 ], [ -72.282745512578316, -36.256371452559357 ], [ -72.282746639065692, -36.25637147791273 ], [ -72.282747597568104, -36.256371500368587 ], [ -72.282764834441778, -36.256382452305921 ], [ -72.282772683920726, -36.256387440402548 ], [ -72.282793623650008, -36.25640074730412 ], [ -72.2828102451777, -36.256411308795414 ], [ -72.282844378463565, -36.256432997515986 ], [ -72.282845426797479, -36.256433665396059 ], [ -72.282860335237956, -36.256443138137129 ], [ -72.282888920528606, -36.25646130345681 ], [ -72.282897043993714, -36.256466464675583 ], [ -72.28293881745104, -36.256493008908919 ], [ -72.28294265685058, -36.256492872000848 ], [ -72.282963543579257, -36.256492128785652 ], [ -72.283093404935045, -36.256487510130192 ], [ -72.283220209323915, -36.256440824461684 ], [ -72.283361623014258, -36.256353913085334 ], [ -72.283436334099804, -36.256224930136945 ], [ -72.283441656617853, -36.256212860453182 ], [ -72.283501248158871, -36.256077698991078 ], [ -72.283509125485594, -36.25607111940036 ], [ -72.283517003710628, -36.256064538360349 ], [ -72.283601179446023, -36.256007734218677 ], [ -72.28360744429682, -36.256003505978597 ], [ -72.283707146513578, -36.255956202843741 ], [ -72.283821043908432, -36.255940766894746 ], [ -72.283958101667949, -36.255939374624035 ], [ -72.284073077041185, -36.25593297539389 ], [ -72.284138757363181, -36.255927152050546 ], [ -72.284154002671869, -36.255925801069594 ], [ -72.284257993445777, -36.255817695715862 ], [ -72.284260054181047, -36.255815553701801 ], [ -72.284235414291118, -36.25572735656479 ], [ -72.284233448777286, -36.255720319131065 ], [ -72.284314173185336, -36.255618509161728 ], [ -72.284390927039837, -36.255611239913549 ], [ -72.284493251438917, -36.255568503095141 ], [ -72.28471927205598, -36.255528575438838 ], [ -72.284988081226643, -36.25545807557419 ], [ -72.285204627312396, -36.255350337564352 ], [ -72.285325103070107, -36.255285479107911 ], [ -72.285409825879498, -36.255228822176029 ], [ -72.285517240132961, -36.255199717507239 ], [ -72.285635533882839, -36.255197897831223 ], [ -72.285636175279947, -36.255198036190336 ], [ -72.285823307828366, -36.255238212482361 ], [ -72.285824803523312, -36.255237716997584 ], [ -72.286014664255248, -36.255174962810905 ], [ -72.286106420873296, -36.255095933609489 ], [ -72.286133991067686, -36.255083040839295 ], [ -72.286264026696657, -36.255063461905344 ], [ -72.286266562640677, -36.255063793678062 ], [ -72.286389339882149, -36.255079825252537 ], [ -72.286420828527795, -36.255082880023735 ], [ -72.286510639394976, -36.255091591590158 ], [ -72.286512721689789, -36.255091470616307 ], [ -72.28662214008466, -36.255085110434038 ], [ -72.286741524389299, -36.255051770900536 ], [ -72.286841761103631, -36.255008983792855 ], [ -72.286945317991268, -36.25497077846294 ], [ -72.287059213589515, -36.254955337972902 ], [ -72.287062494236935, -36.254955543701229 ], [ -72.287171635950685, -36.254962395034219 ], [ -72.287293319942449, -36.254983181560483 ], [ -72.287296709286011, -36.254983129404017 ], [ -72.287410917497979, -36.254981345218333 ], [ -72.287538557320062, -36.254970721960078 ], [ -72.287668435743839, -36.254955644392197 ], [ -72.287782331342086, -36.254940203899153 ], [ -72.287890979880771, -36.254915631668368 ], [ -72.287894332393392, -36.254915904041248 ], [ -72.288122617663291, -36.254934405835677 ], [ -72.288123221331148, -36.254934198658468 ], [ -72.28833165832485, -36.254862541396356 ], [ -72.288513295878658, -36.254758512928809 ], [ -72.28863695526573, -36.25462162415743 ], [ -72.28864015775973, -36.254619444441808 ], [ -72.288643365643594, -36.254617263277353 ], [ -72.288691864787467, -36.254582312480807 ], [ -72.288784000494601, -36.254512302905255 ], [ -72.288874436589182, -36.254451267137689 ], [ -72.288960857214462, -36.254385633550356 ], [ -72.289070054623764, -36.254325021458683 ], [ -72.28917638820397, -36.254286876644059 ], [ -72.289294141168028, -36.254280534506321 ], [ -72.289296107580185, -36.254280738063244 ], [ -72.289406407222359, -36.25429209378543 ], [ -72.289516193926488, -36.254335139172575 ], [ -72.289613855170913, -36.254386923708267 ], [ -72.289715147405701, -36.254434282123299 ], [ -72.289825090416713, -36.254472825285987 ], [ -72.289829276565939, -36.254472918733583 ], [ -72.289955735103419, -36.254475785184496 ], [ -72.290083216822026, -36.25446966400412 ], [ -72.290085203895444, -36.254469853072521 ], [ -72.290207991018363, -36.254481505771238 ], [ -72.29031755134703, -36.254511026512986 ], [ -72.290433903837595, -36.254545208029313 ], [ -72.290525157399088, -36.254601351858156 ], [ -72.290613858846868, -36.254670955690933 ], [ -72.290716303620187, -36.254745378154126 ], [ -72.29079820931284, -36.25481032181338 ], [ -72.290896796720332, -36.254875643553511 ], [ -72.290998701606171, -36.254945547041736 ], [ -72.291080995371047, -36.255019513598903 ], [ -72.291158111246602, -36.255102373474273 ], [ -72.291253762959741, -36.255172133329722 ], [ -72.291357680970123, -36.255224058567272 ], [ -72.291480673807229, -36.255267401166364 ], [ -72.291611549360979, -36.255283884719994 ], [ -72.291613586740056, -36.255283697826705 ], [ -72.29172945863192, -36.255273037665575 ], [ -72.291843510537021, -36.255253090787704 ], [ -72.291943590046188, -36.255214802271958 ], [ -72.292047299647436, -36.255172089141688 ], [ -72.292159505514633, -36.255125061497573 ], [ -72.292274955198323, -36.25506459051207 ], [ -72.292368551566071, -36.255012635468319 ], [ -72.292465623515682, -36.254960759349139 ], [ -72.292564778658416, -36.254908930281253 ], [ -72.292667719301775, -36.254848174440617 ], [ -72.292773980118412, -36.254791998915664 ], [ -72.292808423323038, -36.25477301463895 ], [ -72.292876070057204, -36.254735729903004 ], [ -72.292998084628977, -36.254666393430909 ], [ -72.293106584945619, -36.254605762722662 ], [ -72.293222033730984, -36.254545289162031 ], [ -72.293334931300961, -36.254498277077417 ], [ -72.293435009013507, -36.254459987467328 ], [ -72.293962255406583, -36.254336735753085 ], [ -72.294302408777114, -36.254213754770916 ], [ -72.29454080907712, -36.254016368618515 ], [ -72.294896428741893, -36.253767561431836 ], [ -72.295238132604609, -36.253599549632256 ], [ -72.295465328218071, -36.253424440429228 ], [ -72.295787653623478, -36.253233456805404 ], [ -72.295913557900434, -36.252901251835077 ], [ -72.295914653845074, -36.252898359971887 ], [ -72.29586291717294, -36.252585551307781 ], [ -72.295862285657279, -36.252581737249308 ], [ -72.295892604696434, -36.252307540368378 ], [ -72.296089692374835, -36.2520776742819 ], [ -72.296234817005612, -36.251842125134104 ], [ -72.296391917975754, -36.251561783965506 ], [ -72.296471610219555, -36.251188594487523 ], [ -72.29647236121113, -36.251185077377436 ], [ -72.296472091716552, -36.251182820051852 ], [ -72.296471822221974, -36.251180558379652 ], [ -72.296463416685839, -36.251121787478787 ], [ -72.296442664704458, -36.251017673618641 ], [ -72.29643565694694, -36.250918377823766 ], [ -72.296434477458973, -36.25082381825154 ], [ -72.296434363372924, -36.250814703424012 ], [ -72.296462098857319, -36.25071619410749 ], [ -72.296505818065569, -36.250618045435814 ], [ -72.296562428996467, -36.250529199856324 ], [ -72.296594722532618, -36.250481547850626 ], [ -72.29661957891652, -36.250444873216388 ], [ -72.296683368284846, -36.250369709903332 ], [ -72.296689164215053, -36.250342802819318 ], [ -72.296794565343987, -36.250291110504747 ], [ -72.296879894516181, -36.2502164345916 ], [ -72.296985066574706, -36.250151219071057 ], [ -72.297070396645225, -36.250076541575318 ], [ -72.297183603235638, -36.249979963414262 ], [ -72.297277892204505, -36.249887464470007 ], [ -72.297371641285864, -36.249790446338096 ], [ -72.297440676815441, -36.249724413289101 ], [ -72.297797665512732, -36.249435068343494 ], [ -72.297918147558619, -36.24920797351708 ], [ -72.297974506062928, -36.248932372401462 ], [ -72.297975017204323, -36.248929870870704 ], [ -72.297935376347482, -36.248386012419367 ], [ -72.297934879579117, -36.248379198905923 ], [ -72.297978539498558, -36.248141354390775 ], [ -72.298019296062989, -36.247705166705714 ], [ -72.298019372419802, -36.247702920146565 ], [ -72.298019451471546, -36.247700663444853 ], [ -72.298053902760998, -36.247588786743322 ], [ -72.298088969396431, -36.247499453777259 ], [ -72.298143262673889, -36.247397036860619 ], [ -72.298209131642096, -36.247321918430735 ], [ -72.298254620531452, -36.247232822060369 ], [ -72.298348749600194, -36.247144823881889 ], [ -72.298423961945659, -36.24706090508807 ], [ -72.298546889205767, -36.246964545612158 ], [ -72.298632600161966, -36.246898887624297 ], [ -72.298756067309569, -36.246807045750657 ], [ -72.298869805702637, -36.246714984254062 ], [ -72.298994967072858, -36.24665472482598 ], [ -72.299090404088659, -36.246589286817645 ], [ -72.299195568960656, -36.24652406899456 ], [ -72.299320343156978, -36.246454788264813 ], [ -72.299424814529559, -36.246389553666539 ], [ -72.299520249748724, -36.246324116160658 ], [ -72.299615686764511, -36.24625867642655 ], [ -72.299701083310367, -36.246202025265262 ], [ -72.299805478326178, -36.246118764009061 ], [ -72.299910257820898, -36.246044523866992 ], [ -72.300023992620723, -36.245952460747702 ], [ -72.300134441383207, -36.245863619281948 ], [ -72.300138424513165, -36.245860413458495 ], [ -72.300252930067487, -36.245786393313132 ], [ -72.300262758535013, -36.245779944711266 ], [ -72.300262788179424, -36.2457799258748 ], [ -72.300262890587376, -36.245779857773577 ], [ -72.300272851107252, -36.245773323682471 ], [ -72.300375727970206, -36.245753230207747 ], [ -72.300541689922312, -36.245720814028402 ], [ -72.300685538047077, -36.245602392417851 ], [ -72.30092891321712, -36.245400599934051 ], [ -72.301031118140259, -36.24487567245442 ], [ -72.301046099344248, -36.244844467981707 ], [ -72.301130109789611, -36.244747226241913 ], [ -72.301212640709721, -36.244681399758313 ], [ -72.301234499415528, -36.244663964160345 ], [ -72.30132946481578, -36.244594858557612 ], [ -72.301348617795952, -36.244580921511044 ], [ -72.301371163712957, -36.244572417426426 ], [ -72.301372977411518, -36.244570204828349 ], [ -72.301374792008389, -36.244567992954721 ], [ -72.301378071757497, -36.244567484361411 ], [ -72.301385191804414, -36.244566378062331 ], [ -72.301415048211226, -36.244561739865141 ], [ -72.30143497284422, -36.24455864483555 ], [ -72.301441325729897, -36.24455765807749 ], [ -72.301461936675793, -36.244554456547434 ], [ -72.30148106180819, -36.244551486130192 ], [ -72.301511821920144, -36.244546707380671 ], [ -72.301547926109734, -36.244541099811862 ], [ -72.301582241753579, -36.244535768998659 ], [ -72.301630969069549, -36.24452819950411 ], [ -72.301676734640012, -36.244521090785952 ], [ -72.301704075763993, -36.244516843811923 ], [ -72.301714908547993, -36.244508183229975 ], [ -72.301868535732936, -36.244385368626666 ], [ -72.302060416775944, -36.244123828910844 ], [ -72.302072726390278, -36.243786136254649 ], [ -72.302087631237484, -36.24373690290161 ], [ -72.302112347484211, -36.243624803900168 ], [ -72.302147718648527, -36.243526464472083 ], [ -72.302183317086602, -36.243441649206069 ], [ -72.30220826420036, -36.243343074084045 ], [ -72.302243093680559, -36.24324021556906 ], [ -72.302296991699279, -36.243128775154979 ], [ -72.302381848357641, -36.243027045138604 ], [ -72.302467010443209, -36.242956867267509 ], [ -72.302572398097411, -36.242905168618371 ], [ -72.302708278165596, -36.242876691129908 ], [ -72.30279502218437, -36.242875527570746 ], [ -72.302833501519572, -36.242875009547852 ], [ -72.302837365173602, -36.242875097937784 ], [ -72.302837688567109, -36.242875104458349 ], [ -72.302845314365555, -36.242875275442145 ], [ -72.302845903660383, -36.242874674825359 ], [ -72.302849637058699, -36.242870867538002 ], [ -72.302852823383006, -36.242871968789565 ], [ -72.30289182643601, -36.242885448252132 ], [ -72.302989139134127, -36.242919077707974 ], [ -72.302991846656397, -36.242918649524249 ], [ -72.303020897274365, -36.242914062669271 ], [ -72.30316393062715, -36.242891477603052 ], [ -72.303340051626805, -36.242643099404397 ], [ -72.303576091154241, -36.242269895590766 ], [ -72.303667520785538, -36.241997074608093 ], [ -72.303781332840458, -36.241801366732922 ], [ -72.303920854678836, -36.241565680105452 ], [ -72.304063693097206, -36.241375131192207 ], [ -72.304250925358602, -36.241127002482955 ], [ -72.304446798514732, -36.240951166887982 ], [ -72.304694305036762, -36.240952240634641 ], [ -72.304845777163337, -36.240915100005481 ], [ -72.304906153831894, -36.240817323023528 ], [ -72.304930637414955, -36.24065114179502 ], [ -72.304981516196023, -36.240607227405377 ], [ -72.305035481588405, -36.240554367955639 ], [ -72.305080338063789, -36.240523834845497 ], [ -72.305152214964636, -36.24047588620251 ], [ -72.305156393029023, -36.240475980391352 ], [ -72.305221696058595, -36.240477449737796 ], [ -72.305288318713338, -36.240501485285222 ], [ -72.305373238253765, -36.240539449900609 ], [ -72.305504633033735, -36.240560435886401 ], [ -72.305583141298001, -36.240643319063892 ], [ -72.305587078613883, -36.240643137931833 ], [ -72.305714769639948, -36.240637272875418 ], [ -72.305823934709906, -36.240576645047888 ], [ -72.305842009711753, -36.240414825705166 ], [ -72.305857453548114, -36.240329555679814 ], [ -72.305901534777419, -36.240321536568537 ], [ -72.305996106715568, -36.240301135939994 ], [ -72.306121180949219, -36.240141727996992 ], [ -72.30614048215142, -36.240106113574299 ], [ -72.30622540618343, -36.24002240675653 ], [ -72.306321215101747, -36.239965983650627 ], [ -72.306457474258991, -36.239946523375338 ], [ -72.306459207109171, -36.23994695664711 ], [ -72.306536759565958, -36.239966333600805 ], [ -72.306775072729366, -36.240093372656403 ], [ -72.306777888947778, -36.240092724923592 ], [ -72.306826729451458, -36.240081510595587 ], [ -72.306882304624835, -36.240068750111327 ], [ -72.306941750638757, -36.239997989232272 ], [ -72.30700985102213, -36.239756183528804 ], [ -72.307013633827793, -36.239747257238967 ], [ -72.307017417531767, -36.239738328774514 ], [ -72.30708273134114, -36.239658686942263 ], [ -72.30718888346162, -36.239625027826726 ], [ -72.307238367159059, -36.239621635541198 ], [ -72.307588317556082, -36.239615999362073 ], [ -72.307818916886148, -36.239481497503682 ], [ -72.307881530359765, -36.239298150516682 ], [ -72.307990697226359, -36.239034736774428 ], [ -72.308053652059769, -36.238862450365161 ], [ -72.308054391373247, -36.238860427436173 ], [ -72.308035508785977, -36.238669035077159 ], [ -72.308034785642192, -36.23866170918668 ], [ -72.308079024076662, -36.238527515792832 ], [ -72.308144490599616, -36.238443371106442 ], [ -72.308155839914932, -36.238376032251459 ], [ -72.308181471544927, -36.238277471028489 ], [ -72.308206795052783, -36.238187915850766 ], [ -72.308250955333833, -36.238076253041712 ], [ -72.308306153214787, -36.23798736929399 ], [ -72.308400646101205, -36.237908384297114 ], [ -72.30849698951711, -36.237856478709283 ], [ -72.308570947814459, -36.237849129556899 ], [ -72.30857428236078, -36.237849296928907 ], [ -72.308896492781841, -36.237865471149426 ], [ -72.308896921278233, -36.237865364639973 ], [ -72.309078794190654, -36.237820471986034 ], [ -72.309094281146145, -36.237816649236855 ], [ -72.309095065375402, -36.237816455056262 ], [ -72.309095650178634, -36.237816310869931 ], [ -72.309097884288747, -36.237815758759432 ], [ -72.309109635150989, -36.237812858367903 ], [ -72.309118063144993, -36.237810777447386 ], [ -72.309121960036677, -36.237809815963566 ], [ -72.309126356391701, -36.237808731305442 ], [ -72.30913071322081, -36.237807654617406 ], [ -72.30913265897172, -36.237806747475148 ], [ -72.309134346007824, -36.237805962058033 ], [ -72.30913838034175, -36.237804089084513 ], [ -72.309145590220226, -36.237800740193229 ], [ -72.309146480450678, -36.237800326472552 ], [ -72.309148092926605, -36.237799577283099 ], [ -72.309159375766583, -36.237794335854886 ], [ -72.30916110322687, -36.237793531599245 ], [ -72.309166845258176, -36.237790865962573 ], [ -72.309168022949507, -36.237790318923786 ], [ -72.30916932011678, -36.237789716094277 ], [ -72.309174418056017, -36.23778734752495 ], [ -72.309184675019921, -36.237782581403863 ], [ -72.309188162279852, -36.237780959850269 ], [ -72.309191168941126, -36.237779562908642 ], [ -72.309191380045206, -36.237779465093737 ], [ -72.309191480656523, -36.237779417997686 ], [ -72.309192571211284, -36.237778911533873 ], [ -72.309198582737167, -36.237776118375074 ], [ -72.309200108974821, -36.237775409035912 ], [ -72.30920111688458, -36.237774940973502 ], [ -72.30921293332382, -36.237769451021322 ], [ -72.309213102207082, -36.237769372769399 ], [ -72.309213642094576, -36.237769120624307 ], [ -72.309225164784735, -36.237763766888037 ], [ -72.309227113230591, -36.237762862643464 ], [ -72.309228808351534, -36.237762073603115 ], [ -72.309232636971274, -36.237760295545243 ], [ -72.309240161260078, -36.237756798842888 ], [ -72.309242323504975, -36.237755793885114 ], [ -72.309247983789589, -36.23775316447491 ], [ -72.309253601853371, -36.237750553903084 ], [ -72.309253748278763, -36.237750486519445 ], [ -72.309254230674057, -36.237750261907372 ], [ -72.309255265533281, -36.237749780802829 ], [ -72.309257693679484, -36.237748653395151 ], [ -72.309259030372615, -36.237748032451414 ], [ -72.309268445615118, -36.237743656863159 ], [ -72.309268774398518, -36.23774350398201 ], [ -72.309269264878665, -36.237743276471718 ], [ -72.309275970802261, -36.237740160884599 ], [ -72.309278993633185, -36.237738755972146 ], [ -72.309287263523686, -36.237734913655963 ], [ -72.309287685731874, -36.237734717301521 ], [ -72.309290197421404, -36.237733550043068 ], [ -72.309290772343203, -36.237733282682179 ], [ -72.309290827140416, -36.237733256598226 ], [ -72.309293893090498, -36.237731832122613 ], [ -72.309295662771603, -36.237731009752444 ], [ -72.309298022645862, -36.237729912775798 ], [ -72.309299268609152, -36.237729334580678 ], [ -72.309320494002691, -36.237719471933936 ], [ -72.309321996884165, -36.237718774187101 ], [ -72.309324569659125, -36.237717578670768 ], [ -72.309324878679575, -36.237717435208801 ], [ -72.309326678005107, -36.237716599071888 ], [ -72.309326983432285, -36.237716457783606 ], [ -72.309329220237359, -36.237715418046648 ], [ -72.309332425426291, -36.237713929085317 ], [ -72.309333063230127, -36.237713632017588 ], [ -72.309063709680416, -36.237125698020016 ], [ -72.309013767842174, -36.237038829646671 ], [ -72.309011215728447, -36.237034390981833 ], [ -72.309055990457168, -36.236945273465025 ], [ -72.309141681650445, -36.236879607060445 ], [ -72.309256782787784, -36.236828123210124 ], [ -72.309363779324656, -36.236789973477649 ], [ -72.309366834494938, -36.236789550332276 ], [ -72.309372167792759, -36.236788809827928 ], [ -72.309374509700717, -36.236788485223244 ], [ -72.309375637984715, -36.236788328717431 ], [ -72.309391723218198, -36.23678609633577 ], [ -72.309395841993762, -36.236786189079979 ], [ -72.309395909367424, -36.236786189804533 ], [ -72.309398308767541, -36.236786237625779 ], [ -72.309452633486032, -36.236733392257293 ], [ -72.309467519468612, -36.236727024059746 ], [ -72.309477293138897, -36.236722843322219 ], [ -72.309562717532515, -36.236686299898786 ], [ -72.309566205690786, -36.236686681019947 ], [ -72.30971857792926, -36.236703325723532 ], [ -72.309827117771775, -36.236741818941816 ], [ -72.309945539082435, -36.236776027793809 ], [ -72.31052335703275, -36.236288829380001 ], [ -72.310615141498573, -36.236187249142617 ], [ -72.310714801494512, -36.23605880894057 ], [ -72.310768451578241, -36.235933839951528 ], [ -72.310856144217965, -36.235728522815293 ], [ -72.310860118364772, -36.235724107262421 ], [ -72.310864095206526, -36.235719688811002 ], [ -72.31089139590631, -36.235685131701196 ], [ -72.310920061147044, -36.235648847190433 ], [ -72.31101732623442, -36.235569922144371 ], [ -72.311121926066122, -36.235500173773147 ], [ -72.311239649385783, -36.235453252396425 ], [ -72.311351505808318, -36.235415210679534 ], [ -72.311470156189372, -36.235381829423638 ], [ -72.311594749824323, -36.235357593043375 ], [ -72.311707532409926, -36.235333091460213 ], [ -72.311711672745091, -36.235333183481572 ], [ -72.311711718559167, -36.235333184206127 ], [ -72.31174018706885, -36.2353338225589 ], [ -72.311900218343439, -36.235432054912394 ], [ -72.311996559064383, -36.235461258964683 ], [ -72.311999340248519, -36.235460916240122 ], [ -72.312120149281199, -36.235446013153748 ], [ -72.312186690189236, -36.235370902076959 ], [ -72.312227147614678, -36.23529329330826 ], [ -72.312244738424567, -36.235259549711209 ], [ -72.312295701647272, -36.235142512138445 ], [ -72.312322468747794, -36.235081044608933 ], [ -72.312322891854308, -36.235078802759013 ], [ -72.312323316757428, -36.235076558010668 ], [ -72.312330957827228, -36.235036172818134 ], [ -72.312364535055906, -36.234928776913769 ], [ -72.312372558808036, -36.234816300091261 ], [ -72.31237443089708, -36.234723673063876 ], [ -72.312374562051119, -36.234717206883921 ], [ -72.312370312121502, -36.234617972981646 ], [ -72.312366449365797, -36.234527759311732 ], [ -72.312362741120296, -36.23443304513539 ], [ -72.312345059580565, -36.234319989379436 ], [ -72.312341449251434, -36.234227804487141 ], [ -72.312341350436753, -36.23422527495142 ], [ -72.312341504048661, -36.2342144054101 ], [ -72.312342713181039, -36.234128675029091 ], [ -72.31234281289403, -36.234121662460048 ], [ -72.312339075902457, -36.234027022424492 ], [ -72.312338716576335, -36.234017925926508 ], [ -72.312410427288839, -36.233933919130699 ], [ -72.312536100698765, -36.233918717946565 ], [ -72.312538796542938, -36.233918981697549 ], [ -72.312655984466687, -36.233930425880168 ], [ -72.312780590678074, -36.233942080916925 ], [ -72.312782817601672, -36.233942289598943 ], [ -72.312785702990354, -36.233942250471046 ], [ -72.312908720980317, -36.23394061217224 ], [ -72.313020960983479, -36.233911590873355 ], [ -72.313118223375923, -36.233832663348977 ], [ -72.313171483590807, -36.233739228685124 ], [ -72.313212656973533, -36.233659758991209 ], [ -72.313217640826736, -36.233650140018895 ], [ -72.313245734738928, -36.233560644754021 ], [ -72.313246963634242, -36.233443508991584 ], [ -72.313255374560256, -36.233340054150709 ], [ -72.313289180859343, -36.233246180517135 ], [ -72.313295237300991, -36.233236134706374 ], [ -72.31334815076616, -36.233148367857751 ], [ -72.313447574505162, -36.233087513944433 ], [ -72.313448253631535, -36.233087528436414 ], [ -72.313448964198912, -36.233087545102144 ], [ -72.313451750772927, -36.233087606693026 ], [ -72.313452437085814, -36.233087621184978 ], [ -72.313583202146773, -36.233045498102108 ], [ -72.313733342970082, -36.233026339711067 ], [ -72.313827442394427, -36.233019441529756 ], [ -72.314047520655876, -36.232988335941705 ], [ -72.314049698172127, -36.232988703313509 ], [ -72.314232786505144, -36.233019535003024 ], [ -72.314236972654356, -36.233019628476271 ], [ -72.314455800460934, -36.233024543430496 ], [ -72.314658432541265, -36.232975020705759 ], [ -72.314839293052358, -36.232911488536324 ], [ -72.315051722159168, -36.232799095039333 ], [ -72.315217530499353, -36.232748743227809 ], [ -72.315419698150691, -36.232712726181546 ], [ -72.315606273743626, -36.23268537101152 ], [ -72.315609147454211, -36.232685646360302 ], [ -72.315851597359512, -36.232708904631814 ], [ -72.316109200945334, -36.232800305847498 ], [ -72.316335004170099, -36.232927044970175 ], [ -72.31662766181492, -36.233091334026454 ], [ -72.316864188229232, -36.233128186359679 ], [ -72.316865765670883, -36.23312786318904 ], [ -72.317141464021446, -36.233071319895878 ], [ -72.317501488126084, -36.23299377840609 ], [ -72.317857274877511, -36.232979228453885 ], [ -72.317857675526142, -36.232979467571646 ], [ -72.317983341749553, -36.23305415705569 ], [ -72.318451014567927, -36.233326012929417 ], [ -72.31882596867257, -36.233483129110283 ], [ -72.31920168634521, -36.23357717418812 ], [ -72.319231079221296, -36.233582372423413 ], [ -72.319263944984286, -36.233588183664594 ], [ -72.319297667740059, -36.233594147794598 ], [ -72.31931037800301, -36.233596396208448 ], [ -72.319353882513909, -36.233604089942489 ], [ -72.319373533160757, -36.233607565092761 ], [ -72.319413624971872, -36.233614655239428 ], [ -72.319433249567567, -36.233618126041712 ], [ -72.319464309716835, -36.233623619183753 ], [ -72.319467263377476, -36.233623753958106 ], [ -72.319467706246925, -36.233623774246738 ], [ -72.319469726557983, -36.233623866994641 ], [ -72.319643555955366, -36.233631837520619 ], [ -72.319656602188246, -36.233632436034625 ], [ -72.31969538335737, -36.233638359584013 ], [ -72.319760354010285, -36.233648280713069 ], [ -72.319761131053014, -36.233647843058868 ], [ -72.319852034271563, -36.233596659960497 ], [ -72.319852692736674, -36.233596288968592 ], [ -72.319868110521895, -36.23358760833726 ], [ -72.319872286789646, -36.233587701809817 ], [ -72.319945207532825, -36.233589334319277 ], [ -72.319949393682052, -36.23358942924105 ], [ -72.319964681211559, -36.23358977342302 ], [ -72.320089699749644, -36.233561941777069 ], [ -72.320101259270729, -36.23355936874416 ], [ -72.320111809085432, -36.233557019610693 ], [ -72.320158426258786, -36.233494976955853 ], [ -72.320192070861111, -36.233405604694575 ], [ -72.320225242949604, -36.233248628205097 ], [ -72.320256655238467, -36.23320426910206 ], [ -72.320316545918445, -36.23311999188163 ], [ -72.32038747240172, -36.23301793653782 ], [ -72.320434470460754, -36.23292435742961 ], [ -72.320480620510153, -36.232835265661123 ], [ -72.32052121178458, -36.232746050608888 ], [ -72.320586813953142, -36.232657394123201 ], [ -72.320691094882903, -36.23259664344598 ], [ -72.320808807422793, -36.232549710906909 ], [ -72.320934631749694, -36.232529999521937 ], [ -72.320938755915151, -36.23253009227119 ], [ -72.32093881789892, -36.23253009227119 ], [ -72.320943316661854, -36.232530192266452 ], [ -72.32094750281108, -36.23253028574031 ], [ -72.320951999777407, -36.232530386460205 ], [ -72.321143048980446, -36.232494112079003 ], [ -72.321145884961794, -36.232494450468984 ], [ -72.321559903204886, -36.232544008279028 ], [ -72.321920562418427, -36.232610669581589 ], [ -72.322192055755167, -36.232621256026249 ], [ -72.32219253725215, -36.232621194435033 ], [ -72.322432277838558, -36.23259058576614 ], [ -72.32264779625163, -36.232550348557766 ], [ -72.322885239845832, -36.232519615229322 ], [ -72.322889355028167, -36.232519706529381 ], [ -72.322889425096747, -36.232519707253985 ], [ -72.323116591065784, -36.23252479324605 ], [ -72.323507200110882, -36.23256958967022 ], [ -72.323769280900095, -36.232611507222323 ], [ -72.324023961367985, -36.232707332970541 ], [ -72.32427680118785, -36.232857193521824 ], [ -72.324632536735294, -36.232986823703165 ], [ -72.324927039519721, -36.233015944615353 ], [ -72.324928934066676, -36.233015801144781 ], [ -72.32520238842568, -36.232995067467961 ], [ -72.325205776870931, -36.23299521238777 ], [ -72.325652976185665, -36.233014159928153 ], [ -72.325882026820182, -36.233086877747141 ], [ -72.32588536675641, -36.233086692249991 ], [ -72.326113298988389, -36.233074024821761 ], [ -72.326359369104267, -36.232953350835544 ], [ -72.326609210347726, -36.232783192220687 ], [ -72.326967051546205, -36.232646991007854 ], [ -72.327370682569665, -36.232574900285989 ], [ -72.327793704626856, -36.232566330405518 ], [ -72.327795687208692, -36.232566457935654 ], [ -72.328008075891319, -36.232580134093467 ], [ -72.32828814185082, -36.232604417709268 ], [ -72.328508327011789, -36.232712982690558 ], [ -72.328654306838715, -36.23273426931317 ], [ -72.328782376055514, -36.232750650378719 ], [ -72.328965105960705, -36.23279528871047 ], [ -72.329120587268406, -36.232843825367709 ], [ -72.329297677550258, -36.23287031313577 ], [ -72.32937526593966, -36.232899084109512 ], [ -72.329376804753764, -36.232899771030318 ], [ -72.329438959188252, -36.232927544219429 ], [ -72.329481523163054, -36.233045658963007 ], [ -72.32962737183594, -36.233152560380027 ], [ -72.329978868233567, -36.233264057042859 ], [ -72.330271383046281, -36.233351702029516 ], [ -72.330273306339294, -36.23335110713635 ], [ -72.33043440571079, -36.233301265796086 ], [ -72.330586595591285, -36.233160462117254 ], [ -72.330715798481961, -36.233082410598598 ], [ -72.330720391568008, -36.233080170865172 ], [ -72.330724983755729, -36.233077931856251 ], [ -72.330855892547135, -36.233031285097987 ], [ -72.330961178691723, -36.233002091007016 ], [ -72.331093099884441, -36.232987010649758 ], [ -72.331095112110674, -36.232987342516211 ], [ -72.331219627592205, -36.233007860989197 ], [ -72.331340597423306, -36.233028585967432 ], [ -72.331455161368126, -36.23305367519761 ], [ -72.331577296314151, -36.233101464633783 ], [ -72.331661375031501, -36.233143897089768 ], [ -72.331661721781188, -36.233143905060338 ], [ -72.331662068530889, -36.233143912306303 ], [ -72.331805930130386, -36.233309350116521 ], [ -72.331959813335175, -36.233425441938344 ], [ -72.332228862356047, -36.233508052987112 ], [ -72.332443791474276, -36.233566924084428 ], [ -72.332447239208335, -36.233566805251016 ], [ -72.332681164999897, -36.23355870139315 ], [ -72.332831373196868, -36.233516988684478 ], [ -72.332974482906479, -36.233479624246073 ], [ -72.333320659480989, -36.233338637565652 ], [ -72.333363111166392, -36.233317051849376 ], [ -72.333461906983018, -36.233274192699994 ], [ -72.333586799756944, -36.233240927914714 ], [ -72.333718566439472, -36.233230346626122 ], [ -72.333850724787439, -36.233228787293463 ], [ -72.333970375891695, -36.233226950440134 ], [ -72.33397094183033, -36.23322708956276 ], [ -72.334091735591642, -36.233256694416085 ], [ -72.334096794005006, -36.233261312995339 ], [ -72.33410185152006, -36.233265932298941 ], [ -72.334279831134026, -36.233409596490112 ], [ -72.334516549787821, -36.233523025279304 ], [ -72.334717304389187, -36.233671702456263 ], [ -72.334932345796858, -36.233829711363683 ], [ -72.335165437951829, -36.233947563891931 ], [ -72.335383079982236, -36.234029022291679 ], [ -72.33571366360006, -36.234122008813415 ], [ -72.336066467046436, -36.234174933477966 ], [ -72.336397205174478, -36.234263415791141 ], [ -72.336760821641917, -36.234325591884776 ], [ -72.337106997318116, -36.234409910556359 ], [ -72.33727838509455, -36.23444076487219 ], [ -72.337536050664127, -36.234613236375296 ], [ -72.337844338096573, -36.234728253153584 ], [ -72.338156168484531, -36.234820815687762 ], [ -72.338204497846817, -36.234830904045268 ], [ -72.338332352366265, -36.234874307226747 ], [ -72.338453563844183, -36.234908550226628 ], [ -72.338575011579024, -36.234956316791632 ], [ -72.338671837390237, -36.235012547876579 ], [ -72.338750294450506, -36.235077383307129 ], [ -72.338829918422363, -36.23516928098902 ], [ -72.338908222769035, -36.235238618819494 ], [ -72.338912932636063, -36.235243230035913 ], [ -72.33891764340143, -36.235247841252075 ], [ -72.338971202755289, -36.235411261011819 ], [ -72.339211629654571, -36.235497725431081 ], [ -72.339452885698833, -36.235539145079123 ], [ -72.33945485480595, -36.235538847278569 ], [ -72.339634598711143, -36.235511644533652 ], [ -72.339898380011164, -36.235503994461887 ], [ -72.339899937689864, -36.235504152419423 ], [ -72.34006744923586, -36.235521274870159 ], [ -72.340119947679369, -36.235531455158366 ], [ -72.340326076002768, -36.235563078530639 ], [ -72.340680349092949, -36.235593491125215 ], [ -72.341060937431067, -36.235606462466684 ], [ -72.341162072460705, -36.235617723809469 ], [ -72.341282353283972, -36.235638423460415 ], [ -72.341397314284137, -36.235672524109049 ], [ -72.341518139486496, -36.235697742914184 ], [ -72.341633881122632, -36.235749886146323 ], [ -72.34174282610536, -36.235797371062908 ], [ -72.341845671527281, -36.235840215062289 ], [ -72.341942111062934, -36.235887421688254 ], [ -72.34203346703238, -36.235961554097145 ], [ -72.342131076174525, -36.23603582555333 ], [ -72.34221617897127, -36.23610981870398 ], [ -72.342301435379952, -36.236179307859977 ], [ -72.342386538176711, -36.236253300874829 ], [ -72.342464303534229, -36.23631811788681 ], [ -72.342549170972376, -36.236378587438466 ], [ -72.342640917708962, -36.236461739516784 ], [ -72.342731885606199, -36.236526850529877 ], [ -72.342768957281365, -36.236554875304165 ], [ -72.34281090770682, -36.236586588833212 ], [ -72.342836291401795, -36.236605778232743 ], [ -72.342836874408405, -36.236607920048854 ], [ -72.342837528381949, -36.236610311840018 ], [ -72.342839622354873, -36.236610358212225 ], [ -72.342840306871125, -36.236610372703545 ], [ -72.342852608400634, -36.236622412809652 ], [ -72.342882790895843, -36.236651954789281 ], [ -72.342951793187765, -36.236719490761793 ], [ -72.342953372426038, -36.236721038431781 ], [ -72.343027343299781, -36.236754226381784 ], [ -72.343252730604561, -36.236853866950945 ], [ -72.343519702720485, -36.236895850315086 ], [ -72.343779963522934, -36.236951201835367 ], [ -72.343784149672146, -36.236951294579349 ], [ -72.343936294636876, -36.236954673214065 ], [ -72.344043884960143, -36.236898483376891 ], [ -72.344115346839317, -36.23684148850932 ], [ -72.344204347426086, -36.236820934089657 ], [ -72.344340984774064, -36.236810449652566 ], [ -72.344480554223125, -36.236795525086535 ], [ -72.344483534833245, -36.236795736659197 ], [ -72.344665064589222, -36.23680863462031 ], [ -72.344794839706736, -36.236816023721481 ], [ -72.34479584581986, -36.236815925905354 ], [ -72.344832511456488, -36.236812353806123 ], [ -72.34489882239582, -36.236804813995334 ], [ -72.34504364429435, -36.2367990174845 ], [ -72.345175808930534, -36.236797445905438 ], [ -72.345177071961828, -36.236797564733912 ], [ -72.345302651946952, -36.236809275134682 ], [ -72.345404958379717, -36.236847597303829 ], [ -72.345519771157868, -36.236886196961869 ], [ -72.345635515488965, -36.236938335778525 ], [ -72.345738754373002, -36.236990197777693 ], [ -72.345848485381566, -36.237055723524428 ], [ -72.345927882977975, -36.237134093506121 ], [ -72.345994317884816, -36.237225694599204 ], [ -72.346055582987177, -36.237326192445309 ], [ -72.346071991614153, -36.23741668401474 ], [ -72.346071016043766, -36.237420824864479 ], [ -72.346050879408352, -36.237506342238518 ], [ -72.345985454207906, -36.237590510394725 ], [ -72.345952817515297, -36.237630342156038 ], [ -72.34588719019392, -36.237782099574943 ], [ -72.345807789004255, -36.238032691511734 ], [ -72.345809874892353, -36.238035626673621 ], [ -72.345908677895508, -36.23817462685961 ], [ -72.346038816830713, -36.238294681266957 ], [ -72.346352842701208, -36.238405296790724 ], [ -72.346724890755922, -36.238445097705821 ], [ -72.346729076905149, -36.238445190448047 ], [ -72.346808964083365, -36.238446962693978 ], [ -72.34694870690727, -36.238468089803909 ], [ -72.347070470849076, -36.238506842990581 ], [ -72.347192082975624, -36.238550097772695 ], [ -72.347258261862606, -36.238587616290125 ], [ -72.347400387018652, -36.23874398575888 ], [ -72.347551135103103, -36.238850975749052 ], [ -72.34778690962753, -36.239013927892174 ], [ -72.348178349614273, -36.23954985120924 ], [ -72.348347478127749, -36.239977196546135 ], [ -72.348347000224024, -36.239985505506475 ], [ -72.348340741661431, -36.240094212390574 ], [ -72.348340610507393, -36.240096387439607 ], [ -72.348332835588636, -36.240225580317883 ], [ -72.348332830198729, -36.240225683926006 ], [ -72.348329637586204, -36.240278725455433 ], [ -72.348329755265524, -36.240286293912433 ], [ -72.34833641537503, -36.240715989213484 ], [ -72.348660920093323, -36.241381109943127 ], [ -72.348701868897223, -36.241445106168591 ], [ -72.348756345431013, -36.24154094717256 ], [ -72.34881668437032, -36.241627905455097 ], [ -72.348883668147806, -36.241724023725418 ], [ -72.348956428990874, -36.24179323184984 ], [ -72.349029427887487, -36.241875964469692 ], [ -72.349101885099984, -36.241954178919741 ], [ -72.349168478110315, -36.242041276574 ], [ -72.349242259439563, -36.24214205078993 ], [ -72.34930220940835, -36.242219987484958 ], [ -72.349369735768249, -36.24232062381305 ], [ -72.349417808212365, -36.242420828927116 ], [ -72.349485878053031, -36.24252598232156 ], [ -72.34953927032025, -36.242612786636649 ], [ -72.349600697119371, -36.242708781978358 ], [ -72.349654393915486, -36.242786579727216 ], [ -72.349702075592461, -36.242877764125581 ], [ -72.349743655912008, -36.242964305054024 ], [ -72.349785083517958, -36.243055349415407 ], [ -72.349827206419945, -36.243146411058838 ], [ -72.349881143066241, -36.243237732693196 ], [ -72.349935383343094, -36.243320048643668 ], [ -72.349977354429811, -36.243415611313196 ], [ -72.35003183365852, -36.243511452799055 ], [ -72.350086311988932, -36.243607292718352 ], [ -72.350159944197813, -36.243712570579632 ], [ -72.350233335658217, -36.243804324078383 ], [ -72.350287576833395, -36.243886640156632 ], [ -72.350341123610846, -36.243968940933748 ], [ -72.350402008725851, -36.24406041664934 ], [ -72.350481656053887, -36.244152308118416 ], [ -72.350553964146059, -36.244235025200361 ], [ -72.350620865278529, -36.24431311485025 ], [ -72.350693325185972, -36.244391327586008 ], [ -72.350772582645178, -36.24447419800746 ], [ -72.350852231769835, -36.244566089714517 ], [ -72.350906710998558, -36.244661929789636 ], [ -72.350967056226096, -36.244748886773436 ], [ -72.351003752405433, -36.244794763652486 ], [ -72.351132691191438, -36.245095038002852 ], [ -72.351287169979273, -36.245215625870436 ], [ -72.351538214965203, -36.245297794840781 ], [ -72.351786698854269, -36.245352868730116 ], [ -72.351790712526949, -36.245352913648127 ], [ -72.352198911483626, -36.245357493115129 ], [ -72.352504245255432, -36.245314685484679 ], [ -72.352507193526208, -36.245314942676849 ], [ -72.352573580822337, -36.245320727688956 ], [ -72.352687627337531, -36.24534127914918 ], [ -72.352815268956263, -36.245371143127379 ], [ -72.352942756963074, -36.245405510487458 ], [ -72.353064382564327, -36.245448759278759 ], [ -72.353174132437545, -36.245514278659648 ], [ -72.353258472564605, -36.245570221775523 ], [ -72.353337733617082, -36.245653090946938 ], [ -72.353397691670708, -36.245731026314488 ], [ -72.353457647029401, -36.245808960879813 ], [ -72.353511893594458, -36.245891274846763 ], [ -72.353528701971754, -36.245990786403802 ], [ -72.353552156983824, -36.246099458130409 ], [ -72.353587488622267, -36.246185860014471 ], [ -72.353641822323894, -36.246286202170339 ], [ -72.353708815084516, -36.246382318334518 ], [ -72.353775179024467, -36.246455888016911 ], [ -72.353860304279095, -36.246529874202402 ], [ -72.353951682706438, -36.246603997967696 ], [ -72.354036808859377, -36.246677983288507 ], [ -72.354128188185044, -36.246752107637825 ], [ -72.354232620031766, -36.24683102574086 ], [ -72.354323999357405, -36.246905148496062 ], [ -72.354415923960431, -36.246983790421666 ], [ -72.354513558255405, -36.24705805357894 ], [ -72.354611192550379, -36.247132315216724 ], [ -72.354702422755679, -36.247210940975442 ], [ -72.35480685370409, -36.2472898600641 ], [ -72.354904642509283, -36.247359618201102 ], [ -72.355001886935412, -36.247424859234307 ], [ -72.355105385432566, -36.247490236412396 ], [ -72.355220370687263, -36.247524324646307 ], [ -72.355353334824045, -36.247540785926134 ], [ -72.355355794411267, -36.247540655522577 ], [ -72.355473161099781, -36.247534423680271 ], [ -72.355598545252178, -36.247528185317314 ], [ -72.35571172668979, -36.24751266294092 ], [ -72.355825147079244, -36.24751066631655 ], [ -72.355957329681715, -36.247509083361379 ], [ -72.3560895122842, -36.247507499681753 ], [ -72.356091467018246, -36.247507609800394 ], [ -72.356222086552137, -36.247514938484109 ], [ -72.35634308602765, -36.247535640055929 ], [ -72.356450732944779, -36.247560552207908 ], [ -72.356579008774091, -36.24761295775204 ], [ -72.356642724480565, -36.247641405260751 ], [ -72.356805873807517, -36.247649518525705 ], [ -72.356963184983442, -36.247707072042793 ], [ -72.35708586430853, -36.247822443378354 ], [ -72.357203981988604, -36.247928699379329 ], [ -72.357210432790666, -36.247933348968097 ], [ -72.357216882694402, -36.247937997832082 ], [ -72.357326939791463, -36.247994507189716 ], [ -72.357442166692934, -36.248042117244459 ], [ -72.357557937075171, -36.248094245722228 ], [ -72.357673163976671, -36.248141855716213 ], [ -72.357782440437745, -36.248180321568007 ], [ -72.357891957647283, -36.248232312306619 ], [ -72.357988662185917, -36.248293031997576 ], [ -72.358079111755259, -36.248353613270112 ], [ -72.358164003447925, -36.248414072062587 ], [ -72.358236627747061, -36.248487778203319 ], [ -72.358309643711664, -36.248570505185775 ], [ -72.358382745914554, -36.248671260116318 ], [ -72.358430744696818, -36.248753434871325 ], [ -72.358448494508522, -36.248866484966733 ], [ -72.358452107532571, -36.248965703679367 ], [ -72.358451779647496, -36.248966223835268 ], [ -72.358393329865223, -36.249059037556989 ], [ -72.358352923643736, -36.249143765588521 ], [ -72.358293840549194, -36.249246105597777 ], [ -72.35823467121638, -36.249330419042437 ], [ -72.358188945171776, -36.249428546873567 ], [ -72.358180200072482, -36.249522986427309 ], [ -72.358177558127238, -36.249622068110732 ], [ -72.358177719823999, -36.249625509948942 ], [ -72.358182016466003, -36.249716799381588 ], [ -72.358193220254208, -36.249982920585232 ], [ -72.358399142863419, -36.250104636109121 ], [ -72.358402597784007, -36.250104286204341 ], [ -72.358463162200465, -36.25009815164151 ], [ -72.358660228319295, -36.250078187504833 ], [ -72.358727816662935, -36.250071340814614 ], [ -72.358730672407233, -36.250069150829894 ], [ -72.358733527253207, -36.250066961569559 ], [ -72.358736677644913, -36.250067838867473 ], [ -72.35883894185686, -36.250096328224501 ], [ -72.358847324935084, -36.250105526446546 ], [ -72.358855708013323, -36.250114723943049 ], [ -72.358898932249858, -36.250214818367041 ], [ -72.358943744707787, -36.250255488391247 ], [ -72.359003610234964, -36.25030982058378 ], [ -72.359021073484087, -36.250325669126362 ], [ -72.35908540543484, -36.250358329704618 ], [ -72.359086029763944, -36.250358648457393 ], [ -72.359379908219267, -36.250491317608045 ], [ -72.359659892432077, -36.25053296040668 ], [ -72.359662006167937, -36.250533274812142 ], [ -72.359703074447793, -36.250539012349563 ], [ -72.359717939769112, -36.250541594241284 ], [ -72.359732805090417, -36.250544174684023 ], [ -72.359843779367367, -36.250573664313791 ], [ -72.359926264473387, -36.25060813660253 ], [ -72.359957621066698, -36.250621241646428 ], [ -72.360039897763556, -36.250665402513107 ], [ -72.360053939329774, -36.250672939538063 ], [ -72.360152340786001, -36.250724680861595 ], [ -72.360177783769799, -36.250741133498479 ], [ -72.360188414432855, -36.250748009831824 ], [ -72.360188762080867, -36.250748017076162 ], [ -72.360189110627203, -36.250748025044928 ], [ -72.360293807476936, -36.250984666312853 ], [ -72.360558580517051, -36.251238360673369 ], [ -72.360844996667282, -36.251406912902901 ], [ -72.361086912973306, -36.251533923945651 ], [ -72.361471888683255, -36.251749713151938 ], [ -72.361909405955856, -36.252016230935638 ], [ -72.362296203449219, -36.252177981344545 ], [ -72.362732200772371, -36.252241676787705 ], [ -72.362733584177889, -36.252241350073952 ], [ -72.363081310346288, -36.252159252153454 ], [ -72.363471189061045, -36.251960560470835 ], [ -72.363775581398443, -36.251863626772803 ], [ -72.363778867435755, -36.251863996229162 ], [ -72.36397511968093, -36.251886052770658 ], [ -72.364190847401474, -36.251985442959665 ], [ -72.364515681801464, -36.252087238103876 ], [ -72.364533224102345, -36.25209541030987 ], [ -72.364737521659208, -36.25219058410125 ], [ -72.364785024571432, -36.25221271299268 ], [ -72.364805510651465, -36.252222256514322 ], [ -72.364834793034788, -36.252235898083292 ], [ -72.364852311979462, -36.25224405868304 ], [ -72.364860748956602, -36.252247990114142 ], [ -72.364868707131706, -36.252251696974596 ], [ -72.364871063412693, -36.252252793747431 ], [ -72.364874325195515, -36.252253993388003 ], [ -72.364877457620906, -36.252255143043506 ], [ -72.36488098440671, -36.252256438307533 ], [ -72.364883310144975, -36.252257291674987 ], [ -72.36488411503548, -36.252257587963015 ], [ -72.365007539962235, -36.252271355574976 ], [ -72.365027610122326, -36.252273594034143 ], [ -72.365041701994173, -36.252275166026479 ], [ -72.365053092631996, -36.252276435935499 ], [ -72.365072178238506, -36.252278564282619 ], [ -72.365086050023137, -36.252280112368986 ], [ -72.36511091539019, -36.252282885450114 ], [ -72.365125812152542, -36.252284547270392 ], [ -72.365149325555123, -36.252287170396357 ], [ -72.365165998286784, -36.252289031432099 ], [ -72.365175351545531, -36.252290073872892 ], [ -72.36518393764301, -36.252291032280937 ], [ -72.365186204092481, -36.25229128510361 ], [ -72.36519682487409, -36.252296025709725 ], [ -72.365205387615362, -36.252299847750734 ], [ -72.36520744475736, -36.252300765591137 ], [ -72.365312740783381, -36.25237518813875 ], [ -72.365376339708874, -36.252448690603629 ], [ -72.365414014153586, -36.252548661060104 ], [ -72.365413890186062, -36.252557851024854 ], [ -72.365412619069943, -36.252652275930309 ], [ -72.365371915506103, -36.252746012526373 ], [ -72.365294529237644, -36.252834432526754 ], [ -72.365194271862038, -36.252899818942979 ], [ -72.365148539529244, -36.252923636967921 ], [ -72.365122913289127, -36.25293698285342 ], [ -72.365111061815597, -36.252943156311709 ], [ -72.365102958113411, -36.252947376748871 ], [ -72.365101492961173, -36.252949597078349 ], [ -72.365100028707275, -36.252951816683314 ], [ -72.365094460050813, -36.252954945427959 ], [ -72.36508016246475, -36.252962977006874 ], [ -72.365030561088034, -36.252990843036912 ], [ -72.365000856496522, -36.25302623861085 ], [ -72.364985019198073, -36.253125028984726 ], [ -72.36498606573538, -36.253128022981706 ], [ -72.365019912458649, -36.253224938449691 ], [ -72.365060276459317, -36.253306941801426 ], [ -72.365117016747604, -36.253398318933158 ], [ -72.365191976666495, -36.253485591455615 ], [ -72.365268932641925, -36.253554883337912 ], [ -72.365368279125832, -36.253620161214378 ], [ -72.365487536768015, -36.253672360585028 ], [ -72.365607641521493, -36.253720070046185 ], [ -72.36572681023047, -36.253754240318052 ], [ -72.365848458289605, -36.253797477969187 ], [ -72.365969561071381, -36.253836196752282 ], [ -72.366084168135316, -36.253861253949971 ], [ -72.366205030168587, -36.253886448776676 ], [ -72.366327583729543, -36.253902667489314 ], [ -72.366451831513118, -36.253909911542287 ], [ -72.366583269412217, -36.253930833087907 ], [ -72.366695700756566, -36.253937816352469 ], [ -72.366812001144808, -36.253953896693112 ], [ -72.366960510627592, -36.253984205786402 ], [ -72.36709512047797, -36.254014208444929 ], [ -72.36721235780908, -36.254043830055402 ], [ -72.367343040225023, -36.254087265308527 ], [ -72.367457044519412, -36.254130331816235 ], [ -72.36758295238964, -36.25419168729605 ], [ -72.367709161195492, -36.254244037684913 ], [ -72.367835070862341, -36.254305391626666 ], [ -72.367957898409443, -36.254375690423622 ], [ -72.368072929478217, -36.254450325417359 ], [ -72.368180315883905, -36.254524791554701 ], [ -72.36826769950315, -36.254594309976589 ], [ -72.368352847215689, -36.254668285559099 ], [ -72.368443252767563, -36.254751390653297 ], [ -72.368520997463818, -36.254838721789284 ], [ -72.368571014760533, -36.254897673890973 ], [ -72.368572982071001, -36.254899993407264 ], [ -72.36857650167029, -36.254904142747911 ], [ -72.368581866409158, -36.254910464551976 ], [ -72.368587231148027, -36.25491678780427 ], [ -72.3685940403779, -36.254925567482445 ], [ -72.368594079903772, -36.254925618914562 ], [ -72.36860628082195, -36.254941352066339 ], [ -72.368607717228087, -36.254943205070525 ], [ -72.36861922913846, -36.254958050109842 ], [ -72.368656680800967, -36.255023873732156 ], [ -72.368657495572933, -36.25502530513652 ], [ -72.368660654049478, -36.255030855450229 ], [ -72.368730878050172, -36.255154279923985 ], [ -72.368870355871081, -36.255184387894623 ], [ -72.368872789407177, -36.255184092342084 ], [ -72.369006611435069, -36.255167848541667 ], [ -72.369027480197431, -36.255165315337216 ], [ -72.369262804665894, -36.255116418027917 ], [ -72.369322875008933, -36.255108727135614 ], [ -72.369436608012109, -36.255097711273024 ], [ -72.369553273116367, -36.255082252698173 ], [ -72.369680362271211, -36.255067024477775 ], [ -72.369796633913367, -36.255042545009388 ], [ -72.36980025771723, -36.255042746391148 ], [ -72.369930613146423, -36.255049999031129 ], [ -72.370060664046719, -36.255070885500523 ], [ -72.370172343501167, -36.255100381390179 ], [ -72.370303572991133, -36.255148330478086 ], [ -72.370415494990695, -36.255191350764115 ], [ -72.370523882119628, -36.255256822859373 ], [ -72.370609335259317, -36.2553217921716 ], [ -72.370696964118665, -36.255404832824205 ], [ -72.37078281072047, -36.255478822851472 ], [ -72.370878085141214, -36.255562033568815 ], [ -72.370972513348903, -36.255649729615179 ], [ -72.371047784084894, -36.255727992577818 ], [ -72.371490438822605, -36.256174842603123 ], [ -72.371745209122025, -36.256604041273334 ], [ -72.372120089564817, -36.256873651527805 ], [ -72.372318380087364, -36.257058264058507 ], [ -72.372510596201977, -36.257175147845295 ], [ -72.372513028839776, -36.257174164868431 ], [ -72.372591876667187, -36.257142299605817 ], [ -72.372592137178628, -36.257142195295756 ], [ -72.372592403079949, -36.257142088088216 ], [ -72.372594411712939, -36.2571412760635 ], [ -72.372596202055291, -36.257140553136956 ], [ -72.372605778096229, -36.257136682799576 ], [ -72.372660737923624, -36.257011712740777 ], [ -72.372667980141429, -36.256795567909982 ], [ -72.37266883982916, -36.256417054593804 ], [ -72.37272198775463, -36.256346120901291 ], [ -72.372793507125991, -36.256266578572387 ], [ -72.372840852833022, -36.256181998070552 ], [ -72.372906117235047, -36.256102319390173 ], [ -72.373004590556505, -36.256027875039244 ], [ -72.373108563364113, -36.255976084347346 ], [ -72.373231601116984, -36.25591569949821 ], [ -72.373259158734967, -36.255902785131639 ], [ -72.373262358534006, -36.255900605451771 ], [ -72.373265564621263, -36.255898419976745 ], [ -72.373267593017161, -36.255898002729928 ], [ -72.373275012203109, -36.255896480068792 ], [ -72.373642330627831, -36.2558210778814 ], [ -72.373881549293046, -36.255718180736238 ], [ -72.374035619347438, -36.255644958063819 ], [ -72.374255979679887, -36.255523620609338 ], [ -72.374467273316171, -36.25536152724537 ], [ -72.374669438272562, -36.255181206358522 ], [ -72.374821589525467, -36.254936700721395 ], [ -72.374839174047182, -36.254910048024271 ], [ -72.374916400415515, -36.254826123081727 ], [ -72.375001270548609, -36.254742366109205 ], [ -72.37508777561554, -36.254672163987145 ], [ -72.375181227354545, -36.25460211537456 ], [ -72.375276465842632, -36.254541116621525 ], [ -72.375309010008763, -36.254522774826299 ], [ -72.375320772549074, -36.254516145845436 ], [ -72.375330336911915, -36.254510755587511 ], [ -72.375331454416141, -36.254508527334032 ], [ -72.375332573716975, -36.254506299080475 ], [ -72.375341621548515, -36.254505176985262 ], [ -72.375365275986567, -36.254502245339438 ], [ -72.375376441147253, -36.254500861011486 ], [ -72.375384746970354, -36.254499830914959 ], [ -72.375416074817579, -36.254495948131996 ], [ -72.375442037027611, -36.254492730347856 ], [ -72.3754615906564, -36.254490305781509 ], [ -72.375610527737237, -36.254471843723913 ], [ -72.375809549488437, -36.254322997481104 ], [ -72.375832218474642, -36.254262818533192 ], [ -72.375854859613057, -36.254202721396474 ], [ -72.375862380308604, -36.254182756859656 ], [ -72.375866795528225, -36.25417103819575 ], [ -72.375871809924135, -36.254166643243593 ], [ -72.375876826116709, -36.254162245393537 ], [ -72.375936317046381, -36.254109476244729 ], [ -72.376017409763705, -36.254034647509492 ], [ -72.376106993357112, -36.253955499801066 ], [ -72.376205852954129, -36.253890075150423 ], [ -72.376295376360389, -36.253833457048941 ], [ -72.376395719974269, -36.253786090301261 ], [ -72.376522471362549, -36.253739302325904 ], [ -72.376630851304938, -36.253701122453784 ], [ -72.376747270270812, -36.2536721331211 ], [ -72.376872270842597, -36.253656851019656 ], [ -72.376998210153843, -36.253655108094904 ], [ -72.376999494744709, -36.253655231244224 ], [ -72.377120222928994, -36.253666797859879 ], [ -72.377257676845574, -36.253674320107216 ], [ -72.377393437437831, -36.253690817760678 ], [ -72.377505569643162, -36.253706796735166 ], [ -72.377509755792403, -36.253706889459274 ], [ -72.377552826417016, -36.253707831912969 ], [ -72.377553477695599, -36.253707839157023 ], [ -72.377884476335069, -36.253710602770219 ], [ -72.378123904307742, -36.253684309685291 ], [ -72.37841617028711, -36.253596086236854 ], [ -72.378509053392534, -36.253584604366466 ], [ -72.37863196897456, -36.253569273712529 ], [ -72.378765007671518, -36.253563179264233 ], [ -72.378906235410582, -36.253561768840925 ], [ -72.378906781586281, -36.253561888368331 ], [ -72.379020847864425, -36.253586814536099 ], [ -72.379132379096831, -36.253620804488662 ], [ -72.379247779373188, -36.25366389081249 ], [ -72.379357619077908, -36.253706856136553 ], [ -72.379455645038348, -36.253749562823778 ], [ -72.379566122546933, -36.253815073072005 ], [ -72.379666872199323, -36.253880371014461 ], [ -72.379766230361312, -36.253945638477305 ], [ -72.379857643822945, -36.25401974361796 ], [ -72.37993436982967, -36.254075500992847 ], [ -72.379999410551193, -36.254189585079558 ], [ -72.380003336188977, -36.254189212012172 ], [ -72.38015360097981, -36.254174939104978 ], [ -72.380262360011272, -36.254042132052369 ], [ -72.380459851931533, -36.253834661736057 ], [ -72.380583546352895, -36.253566991101565 ], [ -72.380634151147788, -36.253159661691811 ], [ -72.380634912919163, -36.25315353171537 ], [ -72.380519867477346, -36.252641792892277 ], [ -72.380407130705819, -36.252206712613308 ], [ -72.380307099705675, -36.252078342923625 ], [ -72.380143755444308, -36.25186747056771 ], [ -72.380073585342515, -36.251802844658059 ], [ -72.379998159197996, -36.251729088761167 ], [ -72.379945420904306, -36.251642311957596 ], [ -72.379937981955422, -36.251559483909659 ], [ -72.379937310913917, -36.25155200782207 ], [ -72.379966728942833, -36.25146252508349 ], [ -72.380013124232335, -36.251364401979856 ], [ -72.380062694168004, -36.251275362377399 ], [ -72.380129880964731, -36.251200225942711 ], [ -72.38022148486921, -36.251143650806725 ], [ -72.380327231849506, -36.251100905024728 ], [ -72.38044240485209, -36.251067377612202 ], [ -72.380568397163955, -36.25104310118045 ], [ -72.3806829691936, -36.251027586022133 ], [ -72.380794761835759, -36.251012010732886 ], [ -72.380912959465903, -36.25099206783819 ], [ -72.380957736889556, -36.250984036056686 ], [ -72.381211956521682, -36.25093102352519 ], [ -72.381497898361459, -36.250865184863805 ], [ -72.381575244205749, -36.250839840553958 ], [ -72.381660535648706, -36.250805658141047 ], [ -72.3817819627223, -36.250772266795494 ], [ -72.381892966643647, -36.250738647238755 ], [ -72.38201339838389, -36.250714246102092 ], [ -72.382147727959904, -36.250690149944973 ], [ -72.382262300887874, -36.250674632543301 ], [ -72.382389380161214, -36.250659391148375 ], [ -72.382522020006178, -36.250644270006816 ], [ -72.382649101076169, -36.250629027157103 ], [ -72.382775485951811, -36.25061376836684 ], [ -72.382892988285903, -36.250593809432914 ], [ -72.383012724730122, -36.250569391588996 ], [ -72.383125117446909, -36.250535801646862 ], [ -72.383229864602299, -36.250502044345367 ], [ -72.383335758906313, -36.250454791488053 ], [ -72.383439417303563, -36.250411997516331 ], [ -72.383545461626213, -36.250360241496978 ], [ -72.3835586902171, -36.250353998288539 ], [ -72.383559257952371, -36.250353730970836 ], [ -72.383654978835779, -36.250308562233883 ], [ -72.383766825376867, -36.250270452404777 ], [ -72.383838549564089, -36.250241050317747 ], [ -72.383871179968452, -36.250227673545318 ], [ -72.383871979469063, -36.250227365658567 ], [ -72.383921552099693, -36.250208352019612 ], [ -72.383922466584664, -36.250208000666383 ], [ -72.383923382866243, -36.25020765003763 ], [ -72.383967922236351, -36.250190567025854 ], [ -72.383971212765246, -36.250189305051777 ], [ -72.384059336596309, -36.250132650944352 ], [ -72.384117786378582, -36.25004830866321 ], [ -72.384187354609125, -36.249964209703478 ], [ -72.384256921043033, -36.249880112102154 ], [ -72.384338152100923, -36.249800775452215 ], [ -72.38442379748011, -36.249735053198449 ], [ -72.384537332853924, -36.249687967223977 ], [ -72.384643375379937, -36.249636211449527 ], [ -72.384756610716465, -36.249598130994805 ], [ -72.384874166051176, -36.249555639372154 ], [ -72.384988245804053, -36.249513070935166 ], [ -72.385102027316236, -36.249479508792348 ], [ -72.3852166523465, -36.249441459412459 ], [ -72.385330432062077, -36.24940789723891 ], [ -72.385436961474994, -36.24938318852108 ], [ -72.385555455549181, -36.249354234533186 ], [ -72.385666156738267, -36.249329618527689 ], [ -72.385776950453831, -36.24932302750198 ], [ -72.385896084128504, -36.249316620485459 ], [ -72.386023555965622, -36.249310395304832 ], [ -72.386139064938121, -36.249308415388683 ], [ -72.386250009570659, -36.249297321192365 ], [ -72.386376937028714, -36.249286577627366 ], [ -72.386499694507236, -36.249275742055971 ], [ -72.386618283802846, -36.249264815202579 ], [ -72.386737416579194, -36.249258407456843 ], [ -72.386848511230383, -36.249242810081462 ], [ -72.38691760874373, -36.249235308416516 ], [ -72.387083073927485, -36.249153304413888 ], [ -72.387303546549347, -36.249027437755672 ], [ -72.387517670777086, -36.24888340671523 ], [ -72.387626314824189, -36.248732565548941 ], [ -72.387649601851322, -36.248701528516044 ], [ -72.387687892540285, -36.24861674567093 ], [ -72.387750355995252, -36.248536996247836 ], [ -72.387847510589864, -36.248480536545458 ], [ -72.387965607608692, -36.248442559124754 ], [ -72.388087819809826, -36.248427204279345 ], [ -72.388200001422518, -36.248420641431288 ], [ -72.388204082468846, -36.24842073126387 ], [ -72.388204187571731, -36.248420732712773 ], [ -72.388323003242803, -36.248423326990242 ], [ -72.388434736596153, -36.248430275973128 ], [ -72.38843892364369, -36.248430367254585 ], [ -72.388558434610758, -36.24843297602083 ], [ -72.388562619861673, -36.248433066577839 ], [ -72.388685605512279, -36.248435754309689 ], [ -72.388689790763195, -36.248435844866698 ], [ -72.388750233008764, -36.248437166274449 ], [ -72.388751623600839, -36.248437196701623 ], [ -72.388752317998538, -36.248437211915181 ], [ -72.388828036095532, -36.248565045694455 ], [ -72.388957238087883, -36.248590399435564 ], [ -72.388957932485624, -36.248589798138269 ], [ -72.389013090840692, -36.248542048597372 ], [ -72.389074108906357, -36.248484799242092 ], [ -72.389143206419689, -36.248477296055512 ], [ -72.389146515813195, -36.248477474271581 ], [ -72.389284126934953, -36.24848488038112 ], [ -72.389284420684049, -36.248484752876934 ], [ -72.389373731189593, -36.248446279205986 ], [ -72.389408491499509, -36.248383948442857 ], [ -72.389411366108419, -36.248297562029194 ], [ -72.389411638297943, -36.24828938363035 ], [ -72.389375787433281, -36.248112853454089 ], [ -72.389262297873543, -36.24797067679534 ], [ -72.38926190351313, -36.247961655814819 ], [ -72.389261656476435, -36.247956017339256 ], [ -72.389261508254407, -36.24795263410882 ], [ -72.389254256155141, -36.247866388488312 ], [ -72.38925353570626, -36.247857827528733 ], [ -72.389310287672657, -36.247782458153424 ], [ -72.389324173830317, -36.247698268370719 ], [ -72.389325099993371, -36.247692654507865 ], [ -72.389302534313444, -36.247597526674944 ], [ -72.389254654108797, -36.247510861197505 ], [ -72.389231790188191, -36.247424741146439 ], [ -72.389228338860846, -36.247338765169239 ], [ -72.389227988517902, -36.247330023759751 ], [ -72.389266277410258, -36.24724523942664 ], [ -72.389309436968077, -36.247208097440989 ], [ -72.389342880347783, -36.247179315794959 ], [ -72.389343649305673, -36.247177080087731 ], [ -72.389344419161873, -36.247174843655948 ], [ -72.389349996801471, -36.247171139452512 ], [ -72.3894823815249, -36.247083223069531 ], [ -72.389508025731317, -36.246976425464645 ], [ -72.389508215275839, -36.246975633619449 ], [ -72.389505461939493, -36.246849396147113 ], [ -72.389445714989932, -36.246701413443986 ], [ -72.389415518121666, -36.246626619633759 ], [ -72.389368017006078, -36.246553972366804 ], [ -72.389328831595066, -36.246494041725789 ], [ -72.389320369465096, -36.246487096917541 ], [ -72.389311909131749, -36.246480153557648 ], [ -72.389301442860372, -36.246470011643474 ], [ -72.389261817274871, -36.246431617397285 ], [ -72.389235782301313, -36.246406389014403 ], [ -72.389197617376439, -36.246383023973223 ], [ -72.389136382816815, -36.246300571424875 ], [ -72.389044669317869, -36.2462354801442 ], [ -72.388954194595712, -36.24617492113741 ], [ -72.388847193567273, -36.246109495767911 ], [ -72.388748476802391, -36.246066780558095 ], [ -72.388631146944803, -36.246019154810362 ], [ -72.388518628463899, -36.245994165372302 ], [ -72.388397919144225, -36.245964490721171 ], [ -72.388329703776492, -36.245960346701622 ], [ -72.388282019404585, -36.245957449510186 ], [ -72.388166683806929, -36.245954931221185 ], [ -72.388162496759392, -36.245954839936822 ], [ -72.388041789236368, -36.245925165270762 ], [ -72.387920684657971, -36.245886467924457 ], [ -72.387822118810035, -36.245839250673605 ], [ -72.387708565469921, -36.245782693390765 ], [ -72.387606769280239, -36.245748924617743 ], [ -72.387493556401623, -36.245723919154699 ], [ -72.387374807205902, -36.245707918986753 ], [ -72.387373787618046, -36.245707782059775 ], [ -72.387258284035454, -36.24570976206715 ], [ -72.387142946641177, -36.245707243045679 ], [ -72.387138761390261, -36.245707151761039 ], [ -72.38702207292981, -36.245682069489582 ], [ -72.38689411690072, -36.245661248611746 ], [ -72.386784827863266, -36.245622808325862 ], [ -72.386682788230132, -36.245575514120574 ], [ -72.386579659838887, -36.245519183410075 ], [ -72.386577568560909, -36.24551759461874 ], [ -72.38648809815524, -36.245449585914635 ], [ -72.386415054342848, -36.245366873740537 ], [ -72.386354519570801, -36.245284436058796 ], [ -72.386303863571939, -36.245197708608423 ], [ -72.386294906470241, -36.245155545683374 ], [ -72.386294785197677, -36.245154973339105 ], [ -72.386285963741585, -36.245113442143563 ], [ -72.386285684365532, -36.245112135169343 ], [ -72.386284953136894, -36.245108690234389 ], [ -72.386284627946765, -36.245107159393648 ], [ -72.386286897989478, -36.245051349252037 ], [ -72.386286944701865, -36.245050206735399 ], [ -72.38628847453279, -36.245012610901689 ], [ -72.386323289639961, -36.244927750881153 ], [ -72.386396718829602, -36.244852748169549 ], [ -72.386482506142599, -36.244782521947918 ], [ -72.386576727737804, -36.244730505006089 ], [ -72.386690649387191, -36.244692438099669 ], [ -72.38674391139871, -36.244680082633984 ], [ -72.386748851234444, -36.244677937416618 ], [ -72.386753791070205, -36.24467579292368 ], [ -72.38689839827137, -36.244593332778258 ], [ -72.386952431037386, -36.24447382634267 ], [ -72.386962959292532, -36.24445053969346 ], [ -72.387080156199445, -36.244240211859577 ], [ -72.387082035475004, -36.244236837162234 ], [ -72.387023710558566, -36.24404629548529 ], [ -72.386989731782947, -36.243959931083275 ], [ -72.386947714882155, -36.243864379222188 ], [ -72.386913040810498, -36.243777999404664 ], [ -72.386881051803243, -36.243673654787742 ], [ -72.386869213804431, -36.243569749803683 ], [ -72.386868693679872, -36.243470866929812 ], [ -72.38686864517085, -36.243461583884631 ], [ -72.386891006933212, -36.243353919896549 ], [ -72.386913613037336, -36.243259780801949 ], [ -72.38695977117159, -36.243176030993077 ], [ -72.386960240092165, -36.243175178975456 ], [ -72.38701436089309, -36.243095247220175 ], [ -72.387115283021998, -36.243029856946926 ], [ -72.387196899457138, -36.242959539248574 ], [ -72.387262586965662, -36.242866340814366 ], [ -72.387308668743103, -36.242777221251878 ], [ -72.387347652033185, -36.242692452265935 ], [ -72.387393337653577, -36.242594310180607 ], [ -72.387462350725272, -36.242505690945016 ], [ -72.38753632249734, -36.242435205412889 ], [ -72.387615006831396, -36.242369328439793 ], [ -72.387720192364654, -36.242322057623696 ], [ -72.387834655698157, -36.242288507607419 ], [ -72.387956611879432, -36.242259627789423 ], [ -72.388074945155182, -36.24223517473829 ], [ -72.388184693231764, -36.242197014603271 ], [ -72.388307195588737, -36.242172652821338 ], [ -72.388433021712274, -36.242152869962055 ], [ -72.388547334128802, -36.242123822731081 ], [ -72.388669836485789, -36.242099459477295 ], [ -72.388792977544924, -36.242097643118797 ], [ -72.388927387071007, -36.2420915658887 ], [ -72.388929984998796, -36.242091720934837 ], [ -72.389046754307628, -36.242098679174923 ], [ -72.38905094135518, -36.242098770463762 ], [ -72.389158628696492, -36.242101120065122 ], [ -72.389162814845719, -36.242101210629457 ], [ -72.389289958797761, -36.242103988418897 ], [ -72.389321378273152, -36.24210017022628 ], [ -72.389622161179716, -36.242088712024746 ], [ -72.38973936078159, -36.242014662949281 ], [ -72.389762103429646, -36.241905142930271 ], [ -72.389769170475972, -36.241871110206837 ], [ -72.389811692229941, -36.241700795667448 ], [ -72.389837835899655, -36.241521111263431 ], [ -72.389839510359351, -36.241345400448203 ], [ -72.389859957811851, -36.241107009247102 ], [ -72.389862354517035, -36.240789325135715 ], [ -72.389862405721004, -36.240782602974896 ], [ -72.389855289267317, -36.240390393812845 ], [ -72.389811142460999, -36.240254238456131 ], [ -72.389796988605383, -36.240208804499389 ], [ -72.389796633770857, -36.240207666983679 ], [ -72.3897885264754, -36.240181643228674 ], [ -72.389769924162508, -36.239835066672789 ], [ -72.38976963759994, -36.239829734089575 ], [ -72.389776408202209, -36.239730740701937 ], [ -72.389795835168556, -36.239627518787231 ], [ -72.389806773953765, -36.239528617884474 ], [ -72.389833544647558, -36.239434567648338 ], [ -72.389867168588637, -36.239322642887224 ], [ -72.389897412169319, -36.23922867065378 ], [ -72.389927956685597, -36.239125690073259 ], [ -72.389954182101988, -36.23902712182548 ], [ -72.389984332257882, -36.238915121128393 ], [ -72.390010706794627, -36.238812050291209 ], [ -72.390048990297103, -36.238727265412415 ], [ -72.390091345862743, -36.238624542834643 ], [ -72.390133402289379, -36.238530826976479 ], [ -72.39019059443028, -36.23844194809292 ], [ -72.390249027144549, -36.238357601889675 ], [ -72.390309994904584, -36.238259792726737 ], [ -72.390386791878214, -36.238166835036395 ], [ -72.390455946883733, -36.238073710588559 ], [ -72.390526041527039, -36.237994126473758 ], [ -72.390584324222672, -36.237914283612305 ], [ -72.390645685444781, -36.237825495321609 ], [ -72.390699402003833, -36.237736540282391 ], [ -72.390750190953369, -36.237652026670183 ], [ -72.390807136955857, -36.237549622933706 ], [ -72.390849192484197, -36.237455906511514 ], [ -72.390903454320622, -36.237371470123691 ], [ -72.390905658786309, -36.237367934277763 ], [ -72.390964419385682, -36.237273661176062 ], [ -72.391026324088543, -36.237189389791162 ], [ -72.391110368669885, -36.23708757813975 ], [ -72.391191877307193, -36.236999228719284 ], [ -72.391276166230313, -36.23691094006228 ], [ -72.391346109058318, -36.236835857926266 ], [ -72.391416051886353, -36.236760776442729 ], [ -72.391504905149418, -36.236681598921415 ], [ -72.391594152772896, -36.236611443611523 ], [ -72.391691192383149, -36.236536953158577 ], [ -72.3917878385313, -36.236453439601313 ], [ -72.391880462921947, -36.236365332919029 ], [ -72.391973087312564, -36.23627722613746 ], [ -72.392053602413171, -36.236197868433216 ], [ -72.392116049698458, -36.236118115033108 ], [ -72.39215521714317, -36.236069398541197 ], [ -72.392157375794795, -36.236067192948127 ], [ -72.392159535344732, -36.236064986630446 ], [ -72.392296125980309, -36.236013890613805 ], [ -72.392352141328161, -36.235938963399256 ], [ -72.39235579387811, -36.235934075437406 ], [ -72.392287071860565, -36.235846955762426 ], [ -72.392251441083133, -36.235802451045224 ], [ -72.392250353223318, -36.235801092470602 ], [ -72.392260540118656, -36.235724705035821 ], [ -72.392311945312457, -36.235620776443184 ], [ -72.392313462566975, -36.235617707144279 ], [ -72.392283607956841, -36.235490877463604 ], [ -72.392100251925882, -36.235338166400638 ], [ -72.392077461667114, -36.235310788962686 ], [ -72.392073506384918, -36.235306039355876 ], [ -72.391978575120646, -36.235254398684994 ], [ -72.391883642958049, -36.235202757980019 ], [ -72.391796256643829, -36.235133256362786 ], [ -72.391738653074555, -36.235046377805254 ], [ -72.39172651054686, -36.23495147948902 ], [ -72.391722160005941, -36.234852244434926 ], [ -72.391660931734492, -36.23476979349001 ], [ -72.391546555537559, -36.234758391456026 ], [ -72.391545199081492, -36.234758255959051 ], [ -72.391433185453778, -36.234760318846234 ], [ -72.391317414173216, -36.2347621781256 ], [ -72.391314223357327, -36.234762228846414 ], [ -72.391194472540064, -36.23474609745886 ], [ -72.391095521314895, -36.234689861834752 ], [ -72.391038652567502, -36.234608749025604 ], [ -72.391037768625267, -36.234607487524542 ], [ -72.3910480327757, -36.234511740186484 ], [ -72.391048853835869, -36.234504082046413 ], [ -72.391010705080703, -36.234417628846266 ], [ -72.39098476712519, -36.234322789907601 ], [ -72.390983427737112, -36.23431789314963 ], [ -72.391013273364109, -36.234214898129821 ], [ -72.391035872281691, -36.234120756724174 ], [ -72.391054440458618, -36.2340851112995 ], [ -72.391230097927604, -36.233967272021182 ], [ -72.391325852048681, -36.233847689198804 ], [ -72.391526820449101, -36.233721388497649 ], [ -72.391838858347867, -36.233579484917506 ], [ -72.392135643751445, -36.233540894495803 ], [ -72.392491634420438, -36.233499087580341 ], [ -72.392819930029233, -36.233474702799107 ], [ -72.393187381404616, -36.233464688899893 ], [ -72.393451262417656, -36.23341185940118 ], [ -72.393657434758495, -36.233317213434326 ], [ -72.393867271327395, -36.233258697925926 ], [ -72.394086588715808, -36.233186869347691 ], [ -72.394282292090367, -36.233051436912554 ], [ -72.394407863990651, -36.232955032631033 ], [ -72.394487475386086, -36.232902691168356 ], [ -72.394540495750775, -36.23284492023911 ], [ -72.394540705956558, -36.23284468981614 ], [ -72.394540917060638, -36.232844460117775 ], [ -72.394605061263505, -36.232774568017994 ], [ -72.394690501826815, -36.232546604532658 ], [ -72.394697377531998, -36.2323394611916 ], [ -72.394736453348543, -36.23220962704719 ], [ -72.394826386386583, -36.232139485115113 ], [ -72.394915029443865, -36.232087338750567 ], [ -72.395047987292443, -36.232040666040071 ], [ -72.395085805467588, -36.232032477244879 ], [ -72.395208930357057, -36.232030653406412 ], [ -72.395210851853449, -36.232030770068313 ], [ -72.395324809435465, -36.232037684278197 ], [ -72.395430065935614, -36.232071520566251 ], [ -72.395522269914679, -36.232100567909377 ], [ -72.395524701654153, -36.232100620805717 ], [ -72.395526456063905, -36.232100657760689 ], [ -72.395527134291953, -36.232100672977452 ], [ -72.395613821716864, -36.232149237600957 ], [ -72.395719625291036, -36.232208514051742 ], [ -72.395839675247274, -36.232215634758731 ], [ -72.396099770759704, -36.232234817985045 ], [ -72.396256194400124, -36.232256249659017 ], [ -72.396635743387449, -36.23230056582355 ], [ -72.397031966004761, -36.232345242816315 ], [ -72.397035172092004, -36.23234521455673 ], [ -72.397625911409364, -36.232340145943517 ], [ -72.398216090177996, -36.232280887707638 ], [ -72.398549990375841, -36.232234075988302 ], [ -72.398868013749365, -36.232141855304796 ], [ -72.399168716705873, -36.232026723132144 ], [ -72.399518850359229, -36.231867601928514 ], [ -72.399755436062335, -36.231715023638642 ], [ -72.40008095138532, -36.231564379041551 ], [ -72.400389843383962, -36.231390839978296 ], [ -72.400424412352734, -36.231339026437112 ], [ -72.400424547998341, -36.231338826443505 ], [ -72.400424680949001, -36.231338625000681 ], [ -72.400564695962458, -36.231128764046403 ], [ -72.400703666235216, -36.230879427483877 ], [ -72.400740754080047, -36.230578305790544 ], [ -72.400751277843597, -36.230533470545232 ], [ -72.400757486998828, -36.230429958956655 ], [ -72.400765448767203, -36.230335888354809 ], [ -72.400765482004871, -36.230335497782598 ], [ -72.400765139746738, -36.230240856787454 ], [ -72.400764005174537, -36.230128172499988 ], [ -72.400763414981398, -36.230020005373113 ], [ -72.40076235766432, -36.229914943126268 ], [ -72.400762279510886, -36.229907322216654 ], [ -72.40076610633399, -36.229812771281921 ], [ -72.400780256596349, -36.229700418257949 ], [ -72.400794802117431, -36.22959708817357 ], [ -72.400813665840076, -36.229489344221584 ], [ -72.400832381340706, -36.229386103712748 ], [ -72.40085134297972, -36.229296389075955 ], [ -72.400866284657837, -36.22920207870574 ], [ -72.400889565396739, -36.229107951554525 ], [ -72.400918849576698, -36.229000433739721 ], [ -72.4009462976002, -36.228906396925424 ], [ -72.400976277076182, -36.228798894775515 ], [ -72.401013750298247, -36.228696062051547 ], [ -72.401051767899389, -36.228597748046752 ], [ -72.401106162686474, -36.228508802798608 ], [ -72.401194398806936, -36.22843509013741 ], [ -72.401195540565666, -36.228434136509335 ], [ -72.401304867332385, -36.228386942050214 ], [ -72.40142987598901, -36.228349101969087 ], [ -72.401544313271359, -36.228315537260507 ], [ -72.401661679061547, -36.22827752975234 ], [ -72.401779193972061, -36.228235020742027 ], [ -72.401893234199065, -36.228192434171753 ], [ -72.402003502400191, -36.228158778815434 ], [ -72.402124888151278, -36.228125365475861 ], [ -72.402243342699578, -36.228105481959524 ], [ -72.402243740653262, -36.228105414567565 ], [ -72.40235867290734, -36.228098899289137 ], [ -72.402493604354603, -36.228097323911953 ], [ -72.402495580648207, -36.228097433333268 ], [ -72.402628932857212, -36.228104769634029 ], [ -72.402749619718989, -36.228134430050339 ], [ -72.402859289642137, -36.228181876113268 ], [ -72.402961864671155, -36.228233673630228 ], [ -72.403056497694791, -36.228294312478944 ], [ -72.403140959094401, -36.228368249187191 ], [ -72.403217083229904, -36.228442003215953 ], [ -72.403275143143347, -36.228515367318487 ], [ -72.403284371536259, -36.228551618907602 ], [ -72.403299602471904, -36.228763749823813 ], [ -72.403428082218781, -36.228852162173403 ], [ -72.40359148576897, -36.228884977376744 ], [ -72.40360420321845, -36.228887530998271 ], [ -72.403606685263583, -36.228887272302792 ], [ -72.403782806263237, -36.228868876660727 ], [ -72.40389354697821, -36.228800356370414 ], [ -72.403944636863358, -36.2287687440311 ], [ -72.403998629205191, -36.228733865008195 ], [ -72.4040164499838, -36.228405285631432 ], [ -72.404016523645666, -36.228403044314724 ], [ -72.404016599104125, -36.228400781983353 ], [ -72.40403138896697, -36.228310974911224 ], [ -72.404097441191496, -36.228226787345086 ], [ -72.404170739227098, -36.228133743812315 ], [ -72.40423594613695, -36.22805404523077 ], [ -72.404314057345843, -36.227983637974106 ], [ -72.404403135187735, -36.227917976362015 ], [ -72.404507796104852, -36.227843638498342 ], [ -72.404608287042436, -36.227769210707699 ], [ -72.404701829511282, -36.227694632843999 ], [ -72.40479482760108, -36.227615535998318 ], [ -72.404888221847884, -36.227545460236364 ], [ -72.404981069919032, -36.227470866941658 ], [ -72.405085331984182, -36.227387508196671 ], [ -72.405181653840515, -36.227312990115088 ], [ -72.405267553442926, -36.227238245146296 ], [ -72.405352610425609, -36.227167989332301 ], [ -72.405453397807221, -36.227084554175832 ], [ -72.40553096014547, -36.227009627825048 ], [ -72.405608126326712, -36.226925680892904 ], [ -72.405665986814157, -36.226836807657989 ], [ -72.405712583326249, -36.226752198203869 ], [ -72.405750446417159, -36.226658384779384 ], [ -72.405784685704234, -36.226568999631723 ], [ -72.405826072885986, -36.22645273168348 ], [ -72.405879515458878, -36.226350243711614 ], [ -72.405902591381903, -36.226310930858411 ], [ -72.405936978890963, -36.226252348510855 ], [ -72.40600168813414, -36.226145600709771 ], [ -72.406062772675156, -36.226043277558702 ], [ -72.406066818687194, -36.22603660630579 ], [ -72.40607086110596, -36.226029933602959 ], [ -72.406073936039178, -36.225894809074219 ], [ -72.406206828310744, -36.22580756299179 ], [ -72.406361604440932, -36.225752336921332 ], [ -72.406392072600411, -36.225734973191479 ], [ -72.406505560363527, -36.225687864063509 ], [ -72.406630711852273, -36.225645513797026 ], [ -72.406740974663506, -36.225611854446001 ], [ -72.406761577524563, -36.225607591226712 ], [ -72.406761682627462, -36.225607569486684 ], [ -72.406859276498238, -36.225587380969756 ], [ -72.406981450071811, -36.225572004967397 ], [ -72.407093054067758, -36.225560905952797 ], [ -72.407219792879616, -36.225554640472836 ], [ -72.407346530793163, -36.225548376441743 ], [ -72.407473269605035, -36.225542112410132 ], [ -72.407604028377776, -36.225540439875914 ], [ -72.407730768087958, -36.225534175118987 ], [ -72.407849864033381, -36.225527743687863 ], [ -72.407991886781488, -36.225521810103345 ], [ -72.40813460572393, -36.225515890287113 ], [ -72.408245910580888, -36.225513795995312 ], [ -72.40835721723451, -36.225511702428093 ], [ -72.408488124229279, -36.225505526803133 ], [ -72.40862305028665, -36.225503944127013 ], [ -72.408749640876479, -36.22550218100843 ], [ -72.408865263934999, -36.225495673484446 ], [ -72.408976570588592, -36.225493578467429 ], [ -72.408980390225196, -36.225493662528983 ], [ -72.408980755839508, -36.225493669775688 ], [ -72.408984211658407, -36.225493743691878 ], [ -72.409306768829168, -36.225536784649371 ], [ -72.409308574442889, -36.225536549856855 ], [ -72.409455490314343, -36.225517475136975 ], [ -72.409567286549759, -36.22541624976288 ], [ -72.40965852933148, -36.225179386875837 ], [ -72.409684628085444, -36.225125874211251 ], [ -72.40972987892124, -36.225018701663551 ], [ -72.409767485992305, -36.224911363018677 ], [ -72.409817451186711, -36.224808798385446 ], [ -72.409867515195813, -36.224724261378988 ], [ -72.409939710100261, -36.224622176236409 ], [ -72.410008829173165, -36.224529040004512 ], [ -72.410093380404334, -36.224431730238486 ], [ -72.410189046490501, -36.224334661669616 ], [ -72.41028124058812, -36.224237516888834 ], [ -72.410369810881875, -36.22414480123868 ], [ -72.410450043911467, -36.224051904308077 ], [ -72.410526804952497, -36.223958931900171 ], [ -72.410577312729359, -36.223860884421427 ], [ -72.410630053718009, -36.223758379284213 ], [ -72.410672076906991, -36.223664655028436 ], [ -72.410721493230781, -36.223557571064347 ], [ -72.410759099403521, -36.223450231863644 ], [ -72.410793627948081, -36.223351838070847 ], [ -72.410863290501737, -36.223263218764266 ], [ -72.410948338501271, -36.223192957930181 ], [ -72.411037702007405, -36.223118283667027 ], [ -72.411130937252437, -36.223052705657828 ], [ -72.411232210622629, -36.222996315236578 ], [ -72.411357504045199, -36.222949456651946 ], [ -72.41148344335646, -36.22292514539842 ], [ -72.411606156817513, -36.222914281533292 ], [ -72.411741080179937, -36.222912695905976 ], [ -72.411867665379873, -36.222910928380799 ], [ -72.411869025429226, -36.222911050853881 ], [ -72.411999364688739, -36.222922791597327 ], [ -72.412068922139497, -36.222934372182031 ], [ -72.41212381908484, -36.222943511276782 ], [ -72.412229070195096, -36.222977334107121 ], [ -72.412285834737901, -36.223002809199365 ], [ -72.412334571935318, -36.223024680392435 ], [ -72.412412138765163, -36.223065894312938 ], [ -72.412416819886104, -36.223068189409723 ], [ -72.412417070516085, -36.22306831912946 ], [ -72.412417561894529, -36.223068577844145 ], [ -72.41241879168814, -36.223069230066145 ], [ -72.412441166026937, -36.223081064995732 ], [ -72.4124527309379, -36.223086755993904 ], [ -72.412452731836211, -36.223086729180352 ], [ -72.412452745310944, -36.223086313932427 ], [ -72.412452762378933, -36.223085870421556 ], [ -72.41245966413527, -36.222870025996642 ], [ -72.412469504280892, -36.222562299748056 ], [ -72.412561074947689, -36.22249338694445 ], [ -72.412202187211903, -36.207807660786841 ], [ -72.411893333840808, -36.207854049326841 ], [ -72.397075493871867, -36.210135332894119 ], [ -72.390106240828459, -36.211066721704249 ], [ -72.389878597854008, -36.211100027087291 ], [ -72.389543131892609, -36.211149106313449 ], [ -72.386591116053708, -36.211580948396268 ], [ -72.385648287450621, -36.211749799945743 ], [ -72.385540086864125, -36.211766552292353 ], [ -72.385430810487406, -36.211777880834838 ], [ -72.385320875553617, -36.211783742321501 ], [ -72.385210701810379, -36.211784114373629 ], [ -72.385100709917126, -36.211778995570683 ], [ -72.38499131983896, -36.21176840545597 ], [ -72.384917499749875, -36.211754736550816 ], [ -72.384845571371457, -36.211735596907907 ], [ -72.384776156045689, -36.211711151858061 ], [ -72.384709853405923, -36.211681612561186 ], [ -72.384652588615523, -36.211667730619858 ], [ -72.384593968612762, -36.211658218984574 ], [ -72.384534504554694, -36.211653160596953 ], [ -72.384474714958358, -36.211652599566136 ], [ -72.384415121179501, -36.21165654078434 ], [ -72.384356242866318, -36.211664949884081 ], [ -72.384298593428269, -36.211677753537934 ], [ -72.384242675559264, -36.211694840097991 ], [ -72.383696571731747, -36.211911671360475 ], [ -72.383149954067875, -36.212116669784365 ], [ -72.380597115405251, -36.212494811997701 ], [ -72.380180625896827, -36.212556500220252 ], [ -72.379591432580071, -36.212643764706215 ], [ -72.375000344385555, -36.213294677148752 ], [ -72.374734957767004, -36.213317638685965 ], [ -72.374469045801547, -36.213336227328185 ], [ -72.374202719165766, -36.213350435341603 ], [ -72.373936088708888, -36.213360256815051 ], [ -72.373855231840238, -36.213354085424626 ], [ -72.373774016222342, -36.213353598715209 ], [ -72.37369305465279, -36.213358800359295 ], [ -72.373612958012288, -36.213369651107683 ], [ -72.373534330655389, -36.213386069085708 ], [ -72.373457765850432, -36.213407930411066 ], [ -72.373383841303138, -36.213435070128668 ], [ -72.373261298533791, -36.213478778028609 ], [ -72.37313625959321, -36.213517612045486 ], [ -72.373009022059676, -36.213551479766096 ], [ -72.372879888743924, -36.213580300595694 ], [ -72.372749166968333, -36.213604005949612 ], [ -72.372617167835699, -36.213622539416484 ], [ -72.371408430722013, -36.213727709072089 ], [ -72.370589369303829, -36.213823230358713 ], [ -72.370296851796184, -36.213857343419065 ], [ -72.368863097483583, -36.214024534670521 ], [ -72.366648467338933, -36.214193538222851 ], [ -72.36233749091798, -36.214563631252105 ], [ -72.360426930615517, -36.214805502539399 ], [ -72.36011614586657, -36.214844843642922 ], [ -72.337787335500238, -36.205527273423108 ], [ -72.336736329075691, -36.188142569725706 ], [ -72.336394308107685, -36.180087112469991 ], [ -72.338443492831516, -36.174406530027561 ], [ -72.344902578252018, -36.173544853183849 ], [ -72.352075647355292, -36.167694432515162 ], [ -72.358706102585899, -36.157437447644071 ], [ -72.370849629207953, -36.163973491686328 ], [ -72.373376679035374, -36.16992028274516 ], [ -72.373569863533874, -36.170000830979085 ], [ -72.373932973351486, -36.169819257406246 ], [ -72.375257689256586, -36.16995881824657 ], [ -72.375863032485498, -36.17002270900597 ], [ -72.376274537242438, -36.169963333234925 ], [ -72.377453768292312, -36.169863231110433 ], [ -72.377506103242453, -36.169869282768545 ], [ -72.377658230240883, -36.169850148794623 ], [ -72.378925283287856, -36.17000362438192 ], [ -72.380035679132462, -36.170204107338918 ], [ -72.380550191906394, -36.170255851857611 ], [ -72.380702924369302, -36.170240240178643 ], [ -72.380787792705803, -36.170221601593497 ], [ -72.381373481694624, -36.170092988563589 ], [ -72.381682685408663, -36.170070367970141 ], [ -72.381841632416723, -36.170017228078216 ], [ -72.38219756020365, -36.170498784642611 ], [ -72.38225740237462, -36.170579842081459 ], [ -72.382642840716954, -36.171116590235734 ], [ -72.382773283282717, -36.171209232372966 ], [ -72.383664332992822, -36.171842177446905 ], [ -72.384492417988042, -36.172164799982653 ], [ -72.384899013451943, -36.172323292776966 ], [ -72.385163859255584, -36.172756779758672 ], [ -72.38521164693374, -36.173086349854813 ], [ -72.385231864417534, -36.173226030328394 ], [ -72.385594715520355, -36.173797732046658 ], [ -72.386207400680092, -36.174037563283562 ], [ -72.386825060709882, -36.174126516784433 ], [ -72.38764387419306, -36.174697919701899 ], [ -72.388813925359059, -36.174975021655804 ], [ -72.389736658649227, -36.175221550254427 ], [ -72.390235731180027, -36.175323959434493 ], [ -72.390660942431566, -36.175396276936269 ], [ -72.390791016688084, -36.175406096680533 ], [ -72.391008241001884, -36.175422673206612 ], [ -72.391325028293551, -36.175446685958981 ], [ -72.391558184228927, -36.175380946182564 ], [ -72.391904124546528, -36.175369510839289 ], [ -72.392413118969657, -36.175191198308049 ], [ -72.392555638486115, -36.175141315568922 ], [ -72.393039382164929, -36.175268211898505 ], [ -72.393226505730183, -36.175317232373409 ], [ -72.393231889333677, -36.175317521701572 ], [ -72.394401158067055, -36.175360812145875 ], [ -72.394521113700208, -36.175351354237286 ], [ -72.394820642558656, -36.175382639367363 ], [ -72.395693084565949, -36.175275930946661 ], [ -72.397468911948849, -36.174626321619279 ], [ -72.397599956385875, -36.174584878426046 ], [ -72.397797260558235, -36.174559784950567 ], [ -72.398446677829952, -36.174477405345392 ], [ -72.398773956545853, -36.174413553749773 ], [ -72.399027471000494, -36.174364051215193 ], [ -72.399533774969342, -36.1743366676695 ], [ -72.399789689722439, -36.174374273542647 ], [ -72.400065953113327, -36.174414990255329 ], [ -72.40063358596494, -36.175081358491795 ], [ -72.400767809539758, -36.175761601484894 ], [ -72.401030246061822, -36.175909817020091 ], [ -72.401316098070055, -36.176043636338861 ], [ -72.402188938929342, -36.17599038810274 ], [ -72.405426901997927, -36.175586051869139 ], [ -72.406395985661803, -36.175331465288004 ], [ -72.407661254654641, -36.17464258359977 ], [ -72.408645659984018, -36.173933422223691 ], [ -72.409162779668904, -36.173748387205258 ], [ -72.409546102478728, -36.173709112465865 ], [ -72.41007041227914, -36.173694088119774 ], [ -72.410627458485152, -36.173621512344262 ], [ -72.411002164654775, -36.173383691403359 ], [ -72.411380564696842, -36.173231022278912 ], [ -72.411627720875913, -36.173280735823397 ], [ -72.411883490101928, -36.173528917292955 ], [ -72.41206819450413, -36.173750706953015 ], [ -72.41231165950569, -36.173715340763124 ], [ -72.412480366709318, -36.173568577902209 ], [ -72.412715221358866, -36.173334890164931 ], [ -72.413088690548349, -36.17306875326787 ], [ -72.41359462800456, -36.172628686476799 ], [ -72.414040568779612, -36.172417241676513 ], [ -72.41482979535057, -36.172054119810674 ], [ -72.415040329012129, -36.17188120801621 ], [ -72.415916354399101, -36.17149190508183 ], [ -72.416780936147674, -36.170977803766888 ], [ -72.417786405173842, -36.170596967137094 ], [ -72.418844824496091, -36.170494004995156 ], [ -72.419632485303509, -36.170133553037246 ], [ -72.420585475649091, -36.169930246761901 ], [ -72.421541880491048, -36.169861992496593 ], [ -72.42157095626186, -36.169548992410292 ], [ -72.421569672569305, -36.169278934611626 ], [ -72.421581148547077, -36.168739305003406 ], [ -72.421721457309602, -36.16794065840287 ], [ -72.422202240141246, -36.16531594548681 ], [ -72.422180034685738, -36.164805698147589 ], [ -72.422092081534572, -36.163587883016859 ], [ -72.422145871755475, -36.163217410495733 ], [ -72.422444414263737, -36.162839933947637 ], [ -72.422749211741319, -36.162604152331198 ], [ -72.422757038762398, -36.162599941524299 ], [ -72.423135410956704, -36.162343820909932 ], [ -72.424276254299542, -36.161930935285653 ], [ -72.424861468079598, -36.161113197798151 ], [ -72.424954320642314, -36.16085823565485 ], [ -72.424970041159781, -36.160470913802818 ], [ -72.425089183817576, -36.159730667178181 ], [ -72.425273449841939, -36.159079129568966 ], [ -72.425468751669527, -36.158110455226122 ], [ -72.425793747766278, -36.157755982231564 ], [ -72.426123426780606, -36.157504864129677 ], [ -72.426366420166659, -36.157221756567978 ], [ -72.426577470359504, -36.157181237633907 ], [ -72.427043522617097, -36.157133339461595 ], [ -72.427304720362386, -36.157263965430843 ], [ -72.427394137767436, -36.157364967060396 ], [ -72.427694694298594, -36.157425372144985 ], [ -72.427818567484692, -36.157450167206427 ], [ -72.427910340272419, -36.15748820983336 ], [ -72.428438086128793, -36.157523352700885 ], [ -72.428766552417486, -36.157601704419065 ], [ -72.429112665211619, -36.157729891888209 ], [ -72.429545282174345, -36.1578900704449 ], [ -72.430102445161353, -36.157977656961918 ], [ -72.43052453836053, -36.157896458838742 ], [ -72.43070863101002, -36.157853532274451 ], [ -72.430859099718433, -36.157847370894409 ], [ -72.431462699317379, -36.157705748956559 ], [ -72.431752765322628, -36.157410872695024 ], [ -72.4319141997657, -36.156896687725236 ], [ -72.432275297357094, -36.156658971976142 ], [ -72.432981121642129, -36.156638714904908 ], [ -72.433744538716653, -36.156780525173396 ], [ -72.434618656980305, -36.157093577697019 ], [ -72.435223265387322, -36.157200447230501 ], [ -72.435310136068566, -36.15721581490444 ], [ -72.435334102222015, -36.157212247875215 ], [ -72.435386545868312, -36.157204245631242 ], [ -72.435440448378628, -36.157217092159044 ], [ -72.435883536104299, -36.157210417216007 ], [ -72.437406844365881, -36.156979597873445 ], [ -72.438436497836108, -36.15680030278169 ], [ -72.44025672894351, -36.156159942517554 ], [ -72.440694401624654, -36.15605877323943 ], [ -72.441612607405787, -36.155981054627581 ], [ -72.442146935218261, -36.155948331436598 ], [ -72.442187041402434, -36.155949613063726 ], [ -72.44265133925029, -36.155984747191795 ], [ -72.443466787644397, -36.155973821814236 ], [ -72.444088186462395, -36.155703258121171 ], [ -72.444442293364247, -36.155531404758108 ], [ -72.444748950354466, -36.155400555405933 ], [ -72.445197750467045, -36.154957208879594 ], [ -72.445795012451683, -36.154354127722279 ], [ -72.446724938552336, -36.153782129684579 ], [ -72.44756126469197, -36.152869062741111 ], [ -72.448296369563678, -36.152205379480563 ], [ -72.449868420412571, -36.151559556776782 ], [ -72.450737270955386, -36.151071891684687 ], [ -72.451163917714737, -36.150832376793851 ], [ -72.452154063278769, -36.150375525727341 ], [ -72.452803774299582, -36.150075682152476 ], [ -72.453222138592025, -36.150000270807759 ], [ -72.453836637450337, -36.149889520894945 ], [ -72.454483088484992, -36.149903331910338 ], [ -72.455153949440856, -36.149917541150508 ], [ -72.455188205795892, -36.149918323822853 ], [ -72.455834743967117, -36.149932049965116 ], [ -72.456304820677204, -36.149942015071822 ], [ -72.456952814119205, -36.149908083073171 ], [ -72.457722876031895, -36.149733691271706 ], [ -72.458373957881832, -36.149604440393269 ], [ -72.458685131601285, -36.149560823088095 ], [ -72.45926007404438, -36.149480125460535 ], [ -72.45949926845509, -36.149432682470483 ], [ -72.45991115140275, -36.149350866185131 ], [ -72.460854478570809, -36.149275522328651 ], [ -72.461680192013674, -36.149197595339757 ], [ -72.462629778642636, -36.148931612237149 ], [ -72.46387768589598, -36.148528838884602 ], [ -72.464323600619863, -36.148430521393436 ], [ -72.465062192751518, -36.148267696899943 ], [ -72.46600549925833, -36.148192312832201 ], [ -72.467067860388056, -36.148071764763479 ], [ -72.467776128988973, -36.14799136954057 ], [ -72.468659128895823, -36.147962371501478 ], [ -72.469010230034726, -36.148017516077296 ], [ -72.469519032218415, -36.148167071633544 ], [ -72.469709256768013, -36.148222968288586 ], [ -72.469936687740059, -36.148466236294148 ], [ -72.470157967049062, -36.148900198312688 ], [ -72.470263266668354, -36.149283935218165 ], [ -72.470303661211744, -36.14985719484018 ], [ -72.470633235123174, -36.150579510157115 ], [ -72.471839795618934, -36.151463567844374 ], [ -72.472639572004596, -36.152195849144405 ], [ -72.47403321294648, -36.152749886954489 ], [ -72.475731425888839, -36.152976470431874 ], [ -72.476967136715558, -36.152954875607328 ], [ -72.477912010782546, -36.152831665602882 ], [ -72.478923402401378, -36.152471487845226 ], [ -72.479762912170372, -36.151964463775172 ], [ -72.480440498812754, -36.151241586731892 ], [ -72.480470887022193, -36.151070558477436 ], [ -72.480608756858743, -36.150794464404036 ], [ -72.480880007650342, -36.150381547699276 ], [ -72.481366163305694, -36.149973226926733 ], [ -72.481806024282889, -36.149668559550456 ], [ -72.482501494585961, -36.149438973628051 ], [ -72.48358486820851, -36.149182806394485 ], [ -72.484238516545204, -36.148917447066381 ], [ -72.484628605465758, -36.148820974699689 ], [ -72.485234871264495, -36.148694212545237 ], [ -72.485753951971631, -36.148600473862857 ], [ -72.486275219178182, -36.148436987448456 ], [ -72.486628054963901, -36.148165398896964 ], [ -72.486800954604959, -36.148134080416426 ], [ -72.487013664884444, -36.148208338018669 ], [ -72.487139284395454, -36.148315619347528 ], [ -72.487439087240062, -36.148356850836137 ], [ -72.487701356675473, -36.148222759378022 ], [ -72.487727815653855, -36.148207815742154 ], [ -72.488358355728181, -36.14785283228403 ], [ -72.488731770120438, -36.147565283856494 ], [ -72.488801382368436, -36.147511655754293 ], [ -72.488887361920916, -36.14744537316826 ], [ -72.48928418101957, -36.14713979285699 ], [ -72.489675439546616, -36.147008503695936 ], [ -72.490149317028681, -36.146983531238021 ], [ -72.490576827967331, -36.147062217738714 ], [ -72.490613404670754, -36.147076356404952 ], [ -72.490959252461877, -36.147209832513241 ], [ -72.491384580494412, -36.147358261625101 ], [ -72.491728378330038, -36.147365498134661 ], [ -72.49220453124471, -36.147270770604798 ], [ -72.49276658825336, -36.147177887636474 ], [ -72.493057853509498, -36.147090400041932 ], [ -72.493240803501962, -36.147035453572485 ], [ -72.493417916241683, -36.146982301692802 ], [ -72.493450214269416, -36.146957442388256 ], [ -72.493770624466634, -36.146710621781963 ], [ -72.49424896657564, -36.146308753206462 ], [ -72.494256684002238, -36.146302179616534 ], [ -72.494292303101588, -36.146290657335136 ], [ -72.494865095876193, -36.146105698517552 ], [ -72.495432590387253, -36.145838441997938 ], [ -72.495632300247976, -36.145660986456313 ], [ -72.496007994564408, -36.145327288807835 ], [ -72.496185431595947, -36.145156609637169 ], [ -72.496270694292832, -36.145096911809951 ], [ -72.496605354465402, -36.144882367041056 ], [ -72.496951784364839, -36.144742252316625 ], [ -72.497459336093627, -36.144623482746525 ], [ -72.498033175405553, -36.144554663109957 ], [ -72.498667725559301, -36.144406190971068 ], [ -72.49901059363863, -36.144188152135257 ], [ -72.499510140479927, -36.143887506526582 ], [ -72.500819109816405, -36.143771256514626 ], [ -72.501325578176946, -36.143626371577696 ], [ -72.501762197134283, -36.14335368838212 ], [ -72.501933353145375, -36.14288069421405 ], [ -72.50194659161771, -36.141736401104851 ], [ -72.501766899814797, -36.14129966016111 ], [ -72.50148998963688, -36.140839782118498 ], [ -72.499932364833157, -36.139689494485346 ], [ -72.497910804202604, -36.138916658010686 ], [ -72.497573493101612, -36.138536483971244 ], [ -72.497528723762798, -36.138251909217097 ], [ -72.497544558366329, -36.137887391433466 ], [ -72.497595940203936, -36.137599930533547 ], [ -72.497838106241588, -36.137280835984775 ], [ -72.498210721133248, -36.137009964040907 ], [ -72.498486121243147, -36.136715952376392 ], [ -72.498594551491209, -36.136270778632912 ], [ -72.498578307255926, -36.135907347872852 ], [ -72.498525635437559, -36.135440902175326 ], [ -72.498254446629701, -36.135110835013052 ], [ -72.497989211855526, -36.134910655544779 ], [ -72.497472496412556, -36.13482175766682 ], [ -72.497056363535265, -36.134833922981571 ], [ -72.496673372203787, -36.134871100891431 ], [ -72.496041294213668, -36.135071527858003 ], [ -72.495193158821337, -36.135468115755508 ], [ -72.494768623102885, -36.135723590668746 ], [ -72.494491170342556, -36.135910106215491 ], [ -72.494444658272087, -36.135924161282958 ], [ -72.493839946558793, -36.136019846385622 ], [ -72.493485570162363, -36.135978155702318 ], [ -72.493188261040984, -36.135778828005904 ], [ -72.492816517515166, -36.135347752725202 ], [ -72.492699718561923, -36.134883176961139 ], [ -72.492613853095492, -36.134391713884888 ], [ -72.492627410469751, -36.133975372013076 ], [ -72.492802155250416, -36.133580305966206 ], [ -72.493107339003558, -36.133233396680282 ], [ -72.493475254807962, -36.132858672100916 ], [ -72.493806567857774, -36.132381011171624 ], [ -72.494629307877048, -36.131421082123282 ], [ -72.494832657711285, -36.130947155524083 ], [ -72.494937553987015, -36.130424065813578 ], [ -72.494820705626438, -36.129595585893867 ], [ -72.49469469085669, -36.128923344341409 ], [ -72.494291075104584, -36.128493130379653 ], [ -72.493765190557468, -36.128196546588455 ], [ -72.493150074556567, -36.128058463411293 ], [ -72.492436790661429, -36.12787127763967 ], [ -72.491632064558544, -36.127790760135937 ], [ -72.491148541865286, -36.127726922033702 ], [ -72.490405491394867, -36.127592631334878 ], [ -72.489566389461032, -36.127461063492731 ], [ -72.489340092162848, -36.127415697572026 ], [ -72.48910229103916, -36.127110690815371 ], [ -72.488492587387839, -36.125646485303058 ], [ -72.488293133546989, -36.123676419877512 ], [ -72.488910193502164, -36.123138548083496 ], [ -72.48956842684008, -36.1228072631123 ], [ -72.49019476639215, -36.122477051389282 ], [ -72.490440375672307, -36.122235892008746 ], [ -72.490711157543345, -36.121838101638858 ], [ -72.490947646228406, -36.121389197927229 ], [ -72.490957762156825, -36.120894932118588 ], [ -72.490943950559327, -36.1205833184761 ], [ -72.490920933925125, -36.120064037542647 ], [ -72.490860181760766, -36.119415868360633 ], [ -72.491239043536893, -36.117480899547502 ], [ -72.49192601487907, -36.114185090222847 ], [ -72.49262120939936, -36.111434971661453 ], [ -72.492816383666181, -36.110779333884501 ], [ -72.493146303429015, -36.109547694979014 ], [ -72.49323082321915, -36.109285325216518 ], [ -72.493445556504653, -36.109071045415789 ], [ -72.493468328797107, -36.108862443281382 ], [ -72.493331201867292, -36.10865843604001 ], [ -72.493134542685311, -36.108560171650566 ], [ -72.492774540140246, -36.108388725227336 ], [ -72.492636085500465, -36.108158772495649 ], [ -72.492588084921579, -36.107796191349273 ], [ -72.492635930091922, -36.107430812897903 ], [ -72.492779796182987, -36.107062557994126 ], [ -72.492987623220586, -36.106692583471549 ], [ -72.493478913646115, -36.106210254833314 ], [ -72.494316375256247, -36.105587827875027 ], [ -72.495967300882043, -36.104889594363549 ], [ -72.496810491947073, -36.104397044981162 ], [ -72.49815980731789, -36.10375963486301 ], [ -72.499341056882201, -36.102945170425173 ], [ -72.499618647084787, -36.102703059772594 ], [ -72.499759019627703, -36.102257023943174 ], [ -72.499771484650594, -36.10181465601741 ], [ -72.499846657470187, -36.10134447011167 ], [ -72.499992791807358, -36.101028254854931 ], [ -72.500238397494243, -36.100787078235136 ], [ -72.500514823480216, -36.100518943018187 ], [ -72.500659800787275, -36.100176777542877 ], [ -72.500647116575479, -36.099891189098422 ], [ -72.500626267576052, -36.099423812276726 ], [ -72.500534486703472, -36.098438557691331 ], [ -72.500601675296821, -36.097786651186425 ], [ -72.500496435864662, -36.097581719480672 ], [ -72.500290666867372, -36.097275795494035 ], [ -72.500022010410291, -36.096997619849525 ], [ -72.499329451547055, -36.096549958364797 ], [ -72.498770553913261, -36.09622829942743 ], [ -72.497576245539648, -36.095301251028779 ], [ -72.497211597806256, -36.095025947217238 ], [ -72.497041271838498, -36.094796856911941 ], [ -72.496996630060451, -36.094512200543235 ], [ -72.497077668878859, -36.094171907822542 ], [ -72.497129037241749, -36.093884447269708 ], [ -72.497524127981805, -36.093404914526459 ], [ -72.497971729741792, -36.092663869663532 ], [ -72.49810864107593, -36.092139914429424 ], [ -72.498277613282568, -36.091615022185735 ], [ -72.498536642494741, -36.090957435425558 ], [ -72.498738733789267, -36.090457557675549 ], [ -72.499071008036438, -36.090005839506432 ], [ -72.499708280085514, -36.089207277722458 ], [ -72.500112968426066, -36.088662056430465 ], [ -72.500201220716207, -36.088613710637418 ], [ -72.500255301092949, -36.088541339982925 ], [ -72.501107116883006, -36.087528485744173 ], [ -72.501402789273953, -36.086973901120714 ], [ -72.501501933636916, -36.086320984809142 ], [ -72.501443447023703, -36.085724720761228 ], [ -72.501138256084033, -36.085343757015956 ], [ -72.500841126625687, -36.085144363208229 ], [ -72.500453862008399, -36.085077740474347 ], [ -72.500041451749681, -36.085167822824147 ], [ -72.499538889263974, -36.085390454702619 ], [ -72.4990602318463, -36.085430431384957 ], [ -72.498644359480451, -36.085442588380978 ], [ -72.497682347354484, -36.085418737552281 ], [ -72.497072358038906, -36.085384594716153 ], [ -72.496594757938325, -36.085450513730841 ], [ -72.495804371642322, -36.085681611702945 ], [ -72.494603676247038, -36.086054672479399 ], [ -72.493903343363343, -36.086153140697839 ], [ -72.493391554281359, -36.086168004677354 ], [ -72.492711778444601, -36.086005888055467 ], [ -72.49187750315879, -36.085250296948537 ], [ -72.491347327359577, -36.084849739891297 ], [ -72.49120096934189, -36.08443805960755 ], [ -72.491117490699182, -36.083998488749174 ], [ -72.491032864009512, -36.083532967397581 ], [ -72.4902739439013, -36.082307177585186 ], [ -72.489670581457574, -36.081700808411583 ], [ -72.489276445626658, -36.081478303298823 ], [ -72.48872344183944, -36.081286484235804 ], [ -72.488395545082639, -36.081114085316543 ], [ -72.488095019992528, -36.080836807895082 ], [ -72.487789908104617, -36.080455731891035 ], [ -72.487521359445381, -36.080177595452874 ], [ -72.487322573951076, -36.080027341166115 ], [ -72.487251751672403, -36.079873432556077 ], [ -72.487242479262036, -36.079665764248354 ], [ -72.48745504042121, -36.079399520127083 ], [ -72.48748198808309, -36.079377624089354 ], [ -72.48763188725961, -36.079290140068359 ], [ -72.48779399993073, -36.079112836119734 ], [ -72.487822781952431, -36.078801308658598 ], [ -72.487683177469066, -36.078529306386933 ], [ -72.487546615579589, -36.078326085818382 ], [ -72.487449602020462, -36.078052768510354 ], [ -72.487440459865809, -36.077845981882085 ], [ -72.487384357381387, -36.077697918671689 ], [ -72.487287864845143, -36.077580337113801 ], [ -72.487765535912629, -36.077025353417419 ], [ -72.488049050504515, -36.076706477373875 ], [ -72.488455485169965, -36.076280381592305 ], [ -72.489158963055488, -36.075845701559274 ], [ -72.489530605970003, -36.075593270771584 ], [ -72.490034048804674, -36.075440558736595 ], [ -72.490751323914637, -36.075316008733012 ], [ -72.491118294691375, -36.074960220091221 ], [ -72.49123197020235, -36.074646215548832 ], [ -72.491215188774532, -36.074266999496984 ], [ -72.491199843752852, -36.073922285945841 ], [ -72.491228614096457, -36.073610832311537 ], [ -72.491594046059078, -36.073220467438823 ], [ -72.492000263332244, -36.072794367291323 ], [ -72.492741702225032, -36.072255069580642 ], [ -72.493117803478299, -36.072105988034778 ], [ -72.493500011478872, -36.072094908668575 ], [ -72.493927672436186, -36.072151371379405 ], [ -72.494400798926648, -36.072275669360387 ], [ -72.4949619737897, -36.072466339956918 ], [ -72.495573287222001, -36.0728281968453 ], [ -72.496134380338347, -36.073018937258063 ], [ -72.496601493506319, -36.073005294961838 ], [ -72.49710957524114, -36.072955907782109 ], [ -72.497446229673642, -36.072877055518894 ], [ -72.497829786045443, -36.072900394635326 ], [ -72.498133200117479, -36.073029563420974 ], [ -72.498436525256324, -36.073158733446689 ], [ -72.499079656117686, -36.073278045321103 ], [ -72.499546678555802, -36.073264393630815 ], [ -72.500180631329911, -36.073176768484515 ], [ -72.500520253796097, -36.07316691198362 ], [ -72.500822146122061, -36.07326164615705 ], [ -72.501128534516013, -36.0734597370259 ], [ -72.501529009757874, -36.073862200685852 ], [ -72.50192499342333, -36.074161305082455 ], [ -72.502190421335271, -36.074395136476454 ], [ -72.502668252302897, -36.074622754245667 ], [ -72.502974744901408, -36.074820910662162 ], [ -72.503035523116921, -36.075233381880452 ], [ -72.503093234484027, -36.075576778429166 ], [ -72.503275385874176, -36.075847590748452 ], [ -72.503710732817055, -36.076076519917542 ], [ -72.504092954292361, -36.076065331477061 ], [ -72.504520643995747, -36.076121828366027 ], [ -72.504902772944575, -36.076110640658015 ], [ -72.505413933205858, -36.076130219327474 ], [ -72.505800657935694, -36.076222456678408 ], [ -72.505888301168056, -36.076244691207513 ], [ -72.506270849630113, -36.076277701746449 ], [ -72.507414263052979, -36.076175188679827 ], [ -72.507963848750549, -36.076222564859734 ], [ -72.508350235713806, -36.07636027304823 ], [ -72.508602153862213, -36.076618919228601 ], [ -72.508855561417334, -36.076913025226332 ], [ -72.50925331206895, -36.077504360239139 ], [ -72.509442039126981, -36.077818149353774 ], [ -72.509713302495015, -36.078022931479161 ], [ -72.510072812763298, -36.078242988030446 ], [ -72.510593561641912, -36.078653407698908 ], [ -72.510783871531487, -36.079002579351744 ], [ -72.511298601697703, -36.079767852401062 ], [ -72.511486551713034, -36.080063873462137 ], [ -72.511567802533861, -36.080416243462238 ], [ -72.511642741791491, -36.080626852300718 ], [ -72.511870345240084, -36.080833058070652 ], [ -72.512112822993146, -36.08087908978478 ], [ -72.512527396395086, -36.080866998875678 ], [ -72.512873420256, -36.080785834951904 ], [ -72.513090072342976, -36.080744045245154 ], [ -72.513496750451864, -36.080554732026819 ], [ -72.513903517493972, -36.080365414722614 ], [ -72.514505832502095, -36.080152638761213 ], [ -72.514744974810512, -36.080127902769647 ], [ -72.515073148248419, -36.08013598111804 ], [ -72.515381803091842, -36.080197852657562 ], [ -72.515627350388243, -36.080314797945483 ], [ -72.515807423975133, -36.080433738862041 ], [ -72.516101390465352, -36.080655627645712 ], [ -72.516392201173971, -36.080806672079426 ], [ -72.516896410271571, -36.080845080014363 ], [ -72.51726501777874, -36.080781028058652 ], [ -72.518313722719512, -36.080289088423257 ], [ -72.518612107124284, -36.080120656431667 ], [ -72.518905659491153, -36.079845999328036 ], [ -72.519070811162877, -36.079628335861386 ], [ -72.519146228324232, -36.079360091427546 ], [ -72.519154679674429, -36.079058309628202 ], [ -72.519229212893549, -36.078772301032785 ], [ -72.519328886364207, -36.078556563649613 ], [ -72.519601425339943, -36.078300237700169 ], [ -72.51985067998352, -36.07800916444728 ], [ -72.520033665908585, -36.077702250926166 ], [ -72.520304617561209, -36.077410466120398 ], [ -72.520528818191508, -36.077049118941304 ], [ -72.520867614207646, -36.076808631808326 ], [ -72.521406079660323, -36.076633131569764 ], [ -72.521969411378336, -36.076527906457017 ], [ -72.522383954237569, -36.076515709602084 ], [ -72.522993427021859, -36.07646234225885 ], [ -72.523317534684793, -36.076381793833406 ], [ -72.523505251138147, -36.076181177137386 ], [ -72.523578276984225, -36.075859778994385 ], [ -72.523569483375894, -36.075664945442298 ], [ -72.523538987368639, -36.075470751789084 ], [ -72.523552869034717, -36.075292966565051 ], [ -72.523612100351286, -36.075149278136706 ], [ -72.523737418926686, -36.075021506142178 ], [ -72.523951670715221, -36.074926474225265 ], [ -72.524205556174067, -36.074741697963404 ], [ -72.524227560406956, -36.074711154668542 ], [ -72.524353227528678, -36.07464212926164 ], [ -72.524428894421689, -36.074432851245987 ], [ -72.524290801802948, -36.074195248041121 ], [ -72.524070798999986, -36.074029146749211 ], [ -72.523891664152558, -36.073827370324231 ], [ -72.523877804944348, -36.073517092554304 ], [ -72.523951932124959, -36.073273314933012 ], [ -72.524071631738266, -36.073097212873023 ], [ -72.52448708548917, -36.072877858563508 ], [ -72.52502676456578, -36.072585827867634 ], [ -72.52547836832035, -36.072227371577789 ], [ -72.526244365356391, -36.071766943039002 ], [ -72.526326356389006, -36.071701342197663 ], [ -72.527151373637508, -36.070981039211667 ], [ -72.527702310401267, -36.070430905055119 ], [ -72.527827204971842, -36.070306168496508 ], [ -72.528040182949283, -36.070187103346193 ], [ -72.528368296200071, -36.070003674495304 ], [ -72.529066051817239, -36.069819386230471 ], [ -72.529608957642353, -36.069557652774726 ], [ -72.530614376362848, -36.069487111080974 ], [ -72.531375139814031, -36.069587499552618 ], [ -72.532339219861782, -36.069722776727446 ], [ -72.532689878131251, -36.069671536632896 ], [ -72.533294151466691, -36.069653703375977 ], [ -72.533747421596104, -36.069640250010757 ], [ -72.534256400747893, -36.069748051860408 ], [ -72.534769226485707, -36.069937598035267 ], [ -72.535369837389752, -36.069838001468362 ], [ -72.535763559995615, -36.069621760343146 ], [ -72.536317529471759, -36.069605397448385 ], [ -72.536778039124073, -36.069755513356355 ], [ -72.53729444285166, -36.070026802441269 ], [ -72.537633283783563, -36.070202802460138 ], [ -72.537965516708255, -36.070375378508501 ], [ -72.538483764677125, -36.070687574685891 ], [ -72.538800619342453, -36.071005722170945 ], [ -72.53907624672614, -36.071529700635296 ], [ -72.539225749745611, -36.071803929348384 ], [ -72.539238539958617, -36.071890430585846 ], [ -72.53925254559222, -36.072200627642687 ], [ -72.539142065388688, -36.07258351965033 ], [ -72.539195476520533, -36.07282353468171 ], [ -72.539333609563457, -36.073061118070115 ], [ -72.53964008868725, -36.073259179674857 ], [ -72.539946566014422, -36.073457165269076 ], [ -72.54004238750916, -36.073695999944661 ], [ -72.540141208478602, -36.074003687118072 ], [ -72.540488642694527, -36.074165989674832 ], [ -72.540831348178799, -36.074224942763209 ], [ -72.541007430550891, -36.074357766570394 ], [ -72.541191162975949, -36.074663015937361 ], [ -72.541203629795461, -36.074938711260067 ], [ -72.541219102377923, -36.075283408739161 ], [ -72.541192078359217, -36.075629362960335 ], [ -72.541334956303501, -36.075970365440071 ], [ -72.541644634328009, -36.076237268081705 ], [ -72.542069155673403, -36.076224707431031 ], [ -72.542316219325983, -36.076044819089951 ], [ -72.542434240886337, -36.075834203061376 ], [ -72.542757011856125, -36.075445025435862 ], [ -72.543082781402347, -36.075124700304301 ], [ -72.543549792162352, -36.075110876858439 ], [ -72.543935087672551, -36.075168486029412 ], [ -72.544285633652592, -36.075399774682026 ], [ -72.544771232352488, -36.075799566703246 ], [ -72.545554134783842, -36.076190550437602 ], [ -72.546030544616684, -36.076383635090558 ], [ -72.546467459119739, -36.076646755085555 ], [ -72.546825854578742, -36.077050306019345 ], [ -72.546867947836333, -36.077112834149801 ], [ -72.54705366104659, -36.077388710380269 ], [ -72.547493778941956, -36.077720822188283 ], [ -72.547968647265748, -36.07787932499847 ], [ -72.548520581159465, -36.077863037877094 ], [ -72.549242504152716, -36.077841634388811 ], [ -72.549998984436627, -36.077646624237822 ], [ -72.555255390981699, -36.076817510597934 ], [ -72.561887463179829, -36.075861026352719 ], [ -72.566533302792593, -36.075170419524454 ], [ -72.570246533935276, -36.074076014521452 ], [ -72.570968404826218, -36.074054482214244 ], [ -72.571859981847396, -36.074027881936125 ], [ -72.572797176217009, -36.074068928813105 ], [ -72.574119675978295, -36.074167553625827 ], [ -72.577285197105709, -36.074590721020655 ], [ -72.578359170757125, -36.07483475666691 ], [ -72.580198991425917, -36.075090348975138 ], [ -72.581370399946294, -36.075607576233132 ], [ -72.581895631418178, -36.075937011349581 ], [ -72.582084212949155, -36.076345532820788 ], [ -72.582126649363175, -36.076691332804302 ], [ -72.582270003414521, -36.077070944475366 ], [ -72.582335105221475, -36.077509365540912 ], [ -72.582530693611673, -36.077833751833992 ], [ -72.58276299794413, -36.077973539464004 ], [ -72.583212726914709, -36.077923466398374 ], [ -72.583518825152822, -36.077694043819456 ], [ -72.583682786556807, -36.077322210309362 ], [ -72.583749645468444, -36.076806469649746 ], [ -72.584171146677861, -36.076133296327775 ], [ -72.58452227566454, -36.075902596482649 ], [ -72.585102468760468, -36.075738480197337 ], [ -72.585956852833931, -36.075639518287112 ], [ -72.586946614817336, -36.075536419187749 ], [ -72.587655606562066, -36.075221617555584 ], [ -72.588143774443665, -36.07502355871474 ], [ -72.588625357674218, -36.074678809272235 ], [ -72.588924672733626, -36.0743029115037 ], [ -72.588996586465385, -36.073897072418085 ], [ -72.589289227042229, -36.07337455897185 ], [ -72.589723910130104, -36.072994526484166 ], [ -72.59058678148638, -36.072087984699252 ], [ -72.590610225718663, -36.071610228617047 ], [ -72.590548421627133, -36.071245084900973 ], [ -72.590438068984355, -36.070808099990316 ], [ -72.590051964092098, -36.070269256271558 ], [ -72.589665860098137, -36.069730337702744 ], [ -72.589371680707202, -36.069225420812558 ], [ -72.588905343683663, -36.068909163469833 ], [ -72.58836033310584, -36.068852057270043 ], [ -72.587860545516037, -36.068793742042601 ], [ -72.587629738675147, -36.068690456070172 ], [ -72.587477799424633, -36.068328158994937 ], [ -72.58745946750463, -36.067924950331395 ], [ -72.587665095466434, -36.067478493490334 ], [ -72.588009510444664, -36.067101172216461 ], [ -72.588175098697619, -36.066765969420651 ], [ -72.588295472945703, -36.06643212162539 ], [ -72.588315687734521, -36.0658810182019 ], [ -72.588514639417127, -36.065287945257197 ], [ -72.588944287447859, -36.064798011650666 ], [ -72.589387359003865, -36.064601302628574 ], [ -72.589885543999188, -36.064622975493322 ], [ -72.590117917501928, -36.064762895527075 ], [ -72.590626018999686, -36.065004452807592 ], [ -72.59091351851815, -36.065362827281461 ], [ -72.591284594595706, -36.065571879635286 ], [ -72.591695880163726, -36.065669596526867 ], [ -72.592147194660782, -36.065656054616504 ], [ -72.592603943066976, -36.065362449683747 ], [ -72.592858660365806, -36.065272134787534 ], [ -72.592983608835297, -36.065081195503389 ], [ -72.592996186147587, -36.065061921245864 ], [ -72.59293962103078, -36.064767998944532 ], [ -72.592878928155244, -36.064607062501942 ], [ -72.592836720811619, -36.06454662157072 ], [ -72.592784689492035, -36.064472082242169 ], [ -72.592692908619455, -36.064257309184633 ], [ -72.592536312502503, -36.064014661819556 ], [ -72.592412562385604, -36.063772578661876 ], [ -72.592368899771216, -36.063053030907291 ], [ -72.592373817149067, -36.06289344744647 ], [ -72.592416320038424, -36.062574923671242 ], [ -72.592458028817063, -36.062282922985887 ], [ -72.59266352652314, -36.061994273992696 ], [ -72.592997593807638, -36.061788053684751 ], [ -72.593206492535387, -36.061715942277779 ], [ -72.59336204840325, -36.061662261348012 ], [ -72.593859988158485, -36.061459313814304 ], [ -72.594190803541665, -36.061359477764704 ], [ -72.594555257238937, -36.061233756635346 ], [ -72.595388616243184, -36.061092107805244 ], [ -72.595675663909077, -36.061043332585385 ], [ -72.595972928114691, -36.060969374520809 ], [ -72.596074350605207, -36.060938796104303 ], [ -72.59646918802035, -36.060819611478308 ], [ -72.596866391597942, -36.060694523452526 ], [ -72.59726192700407, -36.060622629627531 ], [ -72.597754244203955, -36.060605842216397 ], [ -72.598249714490493, -36.060482742171409 ], [ -72.598683601671041, -36.060225232439997 ], [ -72.599082459047068, -36.06004686883459 ], [ -72.599513983658426, -36.059869217953448 ], [ -72.599844874500064, -36.059769366088481 ], [ -72.599906242908688, -36.059763533967065 ], [ -72.60007495999379, -36.059747463133355 ], [ -72.60043536767904, -36.05975463437111 ], [ -72.600730264823881, -36.059760528220302 ], [ -72.601055465736508, -36.059846850984016 ], [ -72.601315069870466, -36.059931972518896 ], [ -72.601472302892972, -36.060012866031926 ], [ -72.601476491737131, -36.060015027925935 ], [ -72.601803268294773, -36.060048156384596 ], [ -72.601976349395514, -36.060036084058964 ], [ -72.602098952363818, -36.060027449556415 ], [ -72.602331482173426, -36.059925677820331 ], [ -72.602534579581061, -36.059716802907381 ], [ -72.602672857252728, -36.059479983849194 ], [ -72.602716102150524, -36.059134863453558 ], [ -72.602718840215516, -36.059043474609368 ], [ -72.602723354249804, -36.058895417397778 ], [ -72.602661075847777, -36.058787679833571 ], [ -72.602386895650042, -36.058679896370549 ], [ -72.602304784243174, -36.058647526953045 ], [ -72.602140916263991, -36.058644264811029 ], [ -72.602025768414236, -36.058621009336491 ], [ -72.601847682799061, -36.058585106146992 ], [ -72.601589659699997, -36.058446866477837 ], [ -72.601332423525136, -36.058282030403838 ], [ -72.600943378446942, -36.058141160573612 ], [ -72.600849044562324, -36.058006190281546 ], [ -72.600724493148178, -36.057790711844454 ], [ -72.600733328079002, -36.057498147285813 ], [ -72.600774222085676, -36.057232815064175 ], [ -72.600814234845075, -36.056994008836391 ], [ -72.600916611346406, -36.056862938599657 ], [ -72.601083623429091, -36.056759817794934 ], [ -72.601415289516837, -36.056633437888273 ], [ -72.601676540262702, -36.056665216983205 ], [ -72.601838744561974, -36.056721749593159 ], [ -72.602195813209306, -36.056835307800142 ], [ -72.602623381640157, -36.05679062877612 ], [ -72.602885421106862, -36.0567958823137 ], [ -72.603149910279313, -36.056721342904765 ], [ -72.603416057741811, -36.056593535167316 ], [ -72.603747627709808, -36.0564671520887 ], [ -72.604112038287965, -36.056341330911273 ], [ -72.604409369867213, -36.056267424347361 ], [ -72.604772901893043, -36.056168199009704 ], [ -72.604972750992602, -36.05606570839312 ], [ -72.605108571771993, -36.055908752810524 ], [ -72.605179757868356, -36.055723849085311 ], [ -72.605314880656763, -36.055593412192842 ], [ -72.605543289894158, -36.055624695686234 ], [ -72.605606442356958, -36.055705759209509 ], [ -72.605702351886592, -36.055787533636092 ], [ -72.605829353904809, -36.055923141011732 ], [ -72.605892419231026, -36.056004281208537 ], [ -72.605956360414638, -36.056058822229701 ], [ -72.606078051592917, -36.056086083648147 ], [ -72.606086501146478, -36.056087970406971 ], [ -72.606503761409442, -36.056096364231756 ], [ -72.606512495728921, -36.056096544338047 ], [ -72.606538672636319, -36.056090514408467 ], [ -72.606881617072446, -36.056012276338834 ], [ -72.606941531108617, -36.055998587519134 ], [ -72.607508131795996, -36.055690472611218 ], [ -72.607838904060017, -36.055590601645314 ], [ -72.607887613409673, -36.055588321978881 ], [ -72.608232926703181, -36.055571936556888 ], [ -72.608564568536423, -36.055445390612164 ], [ -72.608635334221248, -36.055390703191343 ], [ -72.608765890873059, -36.055289778793465 ], [ -72.608935327508689, -36.055106782909881 ], [ -72.6090400405281, -36.054895917637978 ], [ -72.609406096819868, -36.054716958776169 ], [ -72.609605845308124, -36.054614464090889 ], [ -72.609903071784487, -36.054540547190292 ], [ -72.610492736716765, -36.05455236544551 ], [ -72.611083177793446, -36.054537437390387 ], [ -72.611276928230566, -36.054506571058369 ], [ -72.611379441275844, -36.05449019267364 ], [ -72.611380863308923, -36.054489485306298 ], [ -72.611388326512312, -36.054485716795753 ], [ -72.611552900567304, -36.054401256794087 ], [ -72.611779199662109, -36.054285113976263 ], [ -72.611856411657413, -36.054178635232546 ], [ -72.611950196671387, -36.054048995384662 ], [ -72.612120409451421, -36.053839473757037 ], [ -72.612389755814647, -36.05360533360782 ], [ -72.612725386167725, -36.053345793987425 ], [ -72.612957973469506, -36.053244000537489 ], [ -72.613653978270179, -36.052991667166523 ], [ -72.614116524403229, -36.05286779844274 ], [ -72.614674288363148, -36.052852214977129 ], [ -72.614867682169077, -36.052962557060773 ], [ -72.614894038739507, -36.052972390673887 ], [ -72.615069830955775, -36.05303779506368 ], [ -72.615094522049688, -36.05304701352248 ], [ -72.615388516387668, -36.053079398316314 ], [ -72.615571297496828, -36.053083031083048 ], [ -72.615617880534217, -36.053083986118686 ], [ -72.615878343457581, -36.053142403772974 ], [ -72.615973387909591, -36.053250769292895 ], [ -72.615969389508251, -36.053383752704384 ], [ -72.615936926190514, -36.053421195758702 ], [ -72.615901448126692, -36.053462273723191 ], [ -72.615699275085461, -36.053644569686838 ], [ -72.615563389627397, -36.053801539226271 ], [ -72.615542467864429, -36.053823060373183 ], [ -72.615488561760856, -36.053878570278279 ], [ -72.615461914136276, -36.053906021278287 ], [ -72.615464097042405, -36.053915994214528 ], [ -72.615489287599601, -36.054033332991239 ], [ -72.615490667411891, -36.05403964050744 ], [ -72.615750355089162, -36.054124727653729 ], [ -72.615981973108759, -36.054049455829642 ], [ -72.616344877212185, -36.053976787556294 ], [ -72.616475111368814, -36.054005996057519 ], [ -72.616558266618028, -36.054100841908145 ], [ -72.616570065989293, -36.054114362567155 ], [ -72.616564509010942, -36.054300612186729 ], [ -72.616521860594503, -36.054365747486209 ], [ -72.616495786993397, -36.054405729771766 ], [ -72.616424626049835, -36.054590565421456 ], [ -72.616322371719363, -36.054721717877541 ], [ -72.616317589088808, -36.054881223499315 ], [ -72.616479703556536, -36.054937665157567 ], [ -72.616709074889613, -36.054942250672866 ], [ -72.616776382958903, -36.054923315267239 ], [ -72.616973450874369, -36.054867686268388 ], [ -72.617399432880404, -36.054876147038001 ], [ -72.617661556788747, -36.054881365843592 ], [ -72.618152083646265, -36.054917694850438 ], [ -72.618542792404355, -36.055005386088595 ], [ -72.618714270012319, -36.055089515727033 ], [ -72.618768858835494, -36.055116357712201 ], [ -72.619027770368362, -36.055227960284498 ], [ -72.619286681002933, -36.055339561246086 ], [ -72.619674242962574, -36.055469564993523 ], [ -72.619708493029435, -36.055481003285351 ], [ -72.619886268725836, -36.055466549641665 ], [ -72.619971401166993, -36.055459694654139 ], [ -72.620175215430251, -36.05522412281622 ], [ -72.620178818572853, -36.055195670060129 ], [ -72.620218288749797, -36.05487892928744 ], [ -72.620162412640809, -36.054558427447901 ], [ -72.620078685164742, -36.054282686842953 ], [ -72.620073005117206, -36.05426388854022 ], [ -72.619946758582131, -36.054101627714353 ], [ -72.61981105368541, -36.053663669534316 ], [ -72.619797396598145, -36.053619573347277 ], [ -72.619800725754587, -36.05350978777274 ], [ -72.619805469757608, -36.053353530839104 ], [ -72.619843773921332, -36.053167989262604 ], [ -72.620176948280431, -36.052988295124258 ], [ -72.62063879282924, -36.052890995337414 ], [ -72.621032701386383, -36.052872217764012 ], [ -72.621172729874559, -36.052831593407277 ], [ -72.621462572199292, -36.052747685045162 ], [ -72.621567247489452, -36.052536811273932 ], [ -72.621574443893181, -36.052297368383215 ], [ -72.621416317047007, -36.052107877029691 ], [ -72.621222140808428, -36.052024215555029 ], [ -72.62106159839243, -36.051968323775014 ], [ -72.620897731311558, -36.051911277180245 ], [ -72.620606168713067, -36.051799041677285 ], [ -72.620348048595957, -36.051660846737363 ], [ -72.620126762998765, -36.051390298313606 ], [ -72.620135519776156, -36.051097588672739 ], [ -72.620207446084308, -36.050886082245825 ], [ -72.62040882501482, -36.05073044906586 ], [ -72.620875515076293, -36.050473493536195 ], [ -72.621045603888803, -36.050263963843122 ], [ -72.621151149646479, -36.050026491002527 ], [ -72.621191881058081, -36.049761158285285 ], [ -72.621262244297668, -36.049602843579152 ], [ -72.62139888793385, -36.049419198963683 ], [ -72.621696949843439, -36.049318582121728 ], [ -72.622256250820811, -36.049249920825645 ], [ -72.622913708912634, -36.049183083932242 ], [ -72.62315681279145, -36.04909911067157 ], [ -72.623278141948646, -36.049057205353257 ], [ -72.623620294070719, -36.048881584371529 ], [ -72.623677570653228, -36.048852171330438 ], [ -72.623748710037205, -36.048667333099537 ], [ -72.623752695862123, -36.048534350435247 ], [ -72.623723929111776, -36.048400661576828 ], [ -72.623562600669899, -36.048317633132982 ], [ -72.623465814384545, -36.048262471565138 ], [ -72.623303705306711, -36.048205965562893 ], [ -72.623175908279435, -36.048096974282473 ], [ -72.623151671733069, -36.048065968152351 ], [ -72.623049670727497, -36.047934790079651 ], [ -72.623006742935019, -36.047831201453633 ], [ -72.622945502087163, -36.047683067949038 ], [ -72.622927417203869, -36.047639549461941 ], [ -72.622930922430086, -36.047523779434258 ], [ -72.622932185461394, -36.047479969606982 ], [ -72.623034421825551, -36.04734888570519 ], [ -72.623235003052088, -36.047219771356637 ], [ -72.623502642616259, -36.047038730118146 ], [ -72.623640058803588, -36.046828560836339 ], [ -72.623744034306142, -36.046644278574767 ], [ -72.623879797593347, -36.046487230845699 ], [ -72.623889626959183, -36.046451872674545 ], [ -72.623916534196894, -36.046354880759232 ], [ -72.623920520021812, -36.046221897820224 ], [ -72.623892626433928, -36.046061683912889 ], [ -72.623863136539782, -36.045983523760071 ], [ -72.623708858076256, -36.045632122424415 ], [ -72.623575205829965, -36.045343943308737 ], [ -72.622897848257963, -36.045116948281382 ], [ -72.622824652630314, -36.045092515776282 ], [ -72.622792286330608, -36.0449753953731 ], [ -72.622688624340086, -36.044599874290682 ], [ -72.622409410881801, -36.044308496210405 ], [ -72.622312618308243, -36.044207495863532 ], [ -72.622275985010958, -36.04395572404507 ], [ -72.622273269403848, -36.043936171506743 ], [ -72.622259089497092, -36.043839021053657 ], [ -72.622332112648223, -36.043560531430565 ], [ -72.62277691795272, -36.043096967248864 ], [ -72.622798758692241, -36.043073792890439 ], [ -72.622976792205122, -36.042712926465079 ], [ -72.623159272378686, -36.042252868530603 ], [ -72.62298966685978, -36.041886059573571 ], [ -72.622624612189568, -36.04169057749872 ], [ -72.622517090138274, -36.041577501542122 ], [ -72.622357329256559, -36.041409392705702 ], [ -72.622293256020598, -36.041122060338971 ], [ -72.622127625546838, -36.040837800219876 ], [ -72.621916755915365, -36.040678838526432 ], [ -72.621889351010992, -36.040679741413385 ], [ -72.621510345504419, -36.040691204372067 ], [ -72.621367331016231, -36.040902130213617 ], [ -72.620917656842892, -36.041080994820653 ], [ -72.620411483129743, -36.041137635231131 ], [ -72.62004634491619, -36.040942073576133 ], [ -72.619982284256679, -36.040654812141902 ], [ -72.620217399417655, -36.040234428764705 ], [ -72.620512796924103, -36.040018896590674 ], [ -72.620990589264167, -36.039343312136985 ], [ -72.621233261951659, -36.039087963991598 ], [ -72.621431689018124, -36.038936036064804 ], [ -72.621626423110484, -36.038786802042971 ], [ -72.62175240733751, -36.038204524061925 ], [ -72.621537854613365, -36.037963077018311 ], [ -72.621221658413134, -36.037724702652014 ], [ -72.620757147664563, -36.037573556613523 ], [ -72.620397331070762, -36.037501692517552 ], [ -72.619844112586179, -36.037084546626431 ], [ -72.61981575007772, -36.036465601109605 ], [ -72.619949213677799, -36.036048290644473 ], [ -72.620295327370243, -36.035831225885516 ], [ -72.620536195342325, -36.03553467299659 ], [ -72.620761842260222, -36.034908047099272 ], [ -72.62115318522892, -36.034565608471489 ], [ -72.621504963697532, -36.034472300192505 ], [ -72.621871225703487, -36.03456810304462 ], [ -72.62196486878365, -36.034624468462845 ], [ -72.622345512817319, -36.035006154382465 ], [ -72.622477558875872, -36.035247955544534 ], [ -72.622788765833008, -36.035435177445933 ], [ -72.623334983746574, -36.035467809931546 ], [ -72.623632592905253, -36.03536048705314 ], [ -72.624053424869786, -36.035298592600341 ], [ -72.624225647181106, -36.035096744459075 ], [ -72.624451646238583, -36.034745864785982 ], [ -72.624713306616243, -36.033853156168277 ], [ -72.624697540284686, -36.033509520133997 ], [ -72.624621339792398, -36.033167787343359 ], [ -72.624187099573959, -36.032935133775553 ], [ -72.623631893117647, -36.03270614083273 ], [ -72.623320697838622, -36.03251899380686 ], [ -72.62323774740527, -36.032029913206998 ], [ -72.623653971910713, -36.031869915239731 ], [ -72.623956160680706, -36.031860771305858 ], [ -72.62439048174754, -36.032093348863242 ], [ -72.624880742703738, -36.032225987350856 ], [ -72.625238779734957, -36.032116904936807 ], [ -72.625715521046118, -36.031954921737302 ], [ -72.626304040626422, -36.031593061412174 ], [ -72.626601720752006, -36.031485729621679 ], [ -72.627089636207003, -36.031569270534973 ], [ -72.627224030461718, -36.031860081170194 ], [ -72.62730466054667, -36.032300069041355 ], [ -72.627443655972257, -36.03268905761373 ], [ -72.627822064099178, -36.033021707524576 ], [ -72.628365916748592, -36.033005156860426 ], [ -72.628605418383117, -36.032948814982632 ], [ -72.629019380930671, -36.032739708664366 ], [ -72.629607975969435, -36.032377757505564 ], [ -72.630080110719831, -36.032117652460279 ], [ -72.630726790824895, -36.031704850615348 ], [ -72.631980088868247, -36.031322807259748 ], [ -72.632403053433265, -36.031309905265815 ], [ -72.633430388351755, -36.031278739967661 ], [ -72.633663105010939, -36.031075042839525 ], [ -72.633654559337629, -36.030889222100399 ], [ -72.633241495105381, -36.030811038896097 ], [ -72.632774235512031, -36.030566059607231 ], [ -72.632720223407247, -36.030537656783281 ], [ -72.632654133453499, -36.030208982543954 ], [ -72.632691763880743, -36.029918644561164 ], [ -72.632880415480315, -36.029640038146276 ], [ -72.63297750898947, -36.029496702239953 ], [ -72.633261450281125, -36.029033627013142 ], [ -72.633295188308239, -36.028660663427871 ], [ -72.633180274918772, -36.02837487919458 ], [ -72.63271931790544, -36.028306193096682 ], [ -72.632371286309862, -36.028482089541036 ], [ -72.632177597856511, -36.028694564261954 ], [ -72.632025445705267, -36.028966600055512 ], [ -72.631942573425363, -36.029114892999864 ], [ -72.631753478956369, -36.029423479519515 ], [ -72.631425702573807, -36.029678401317859 ], [ -72.631086229227947, -36.029688694794295 ], [ -72.630830108760662, -36.029661990161664 ], [ -72.630562900387844, -36.029393958955289 ], [ -72.63033164977918, -36.028986808694327 ], [ -72.630204951391505, -36.02799927604314 ], [ -72.63031778967266, -36.026752709631573 ], [ -72.630291263320629, -36.026177261247071 ], [ -72.63039179288576, -36.025671552015957 ], [ -72.630585028588214, -36.025251459914564 ], [ -72.63091330623071, -36.024999846175731 ], [ -72.631375319662794, -36.024882353697365 ], [ -72.631961375164266, -36.024692008812075 ], [ -72.63236824191938, -36.024299980188204 ], [ -72.63264313987105, -36.023808466258778 ], [ -72.632842608983253, -36.02352628547699 ], [ -72.633210171749738, -36.02320453277909 ], [ -72.633584065842371, -36.023020543246432 ], [ -72.633739660337767, -36.022705146461675 ], [ -72.63376451133179, -36.022324702909252 ], [ -72.633916848535989, -36.021940464202039 ], [ -72.634359816785718, -36.021409304169367 ], [ -72.635395136828791, -36.020825620431467 ], [ -72.63673851433559, -36.020474234713248 ], [ -72.637025356287268, -36.020474160603776 ], [ -72.637310610017536, -36.020439589973407 ], [ -72.637734787308176, -36.020426707267482 ], [ -72.638163814603033, -36.020517234188624 ], [ -72.638640063637439, -36.020709809530885 ], [ -72.63929075112695, -36.021000715471715 ], [ -72.639928835253059, -36.02101586785291 ], [ -72.640219454620521, -36.020868933588972 ], [ -72.640547776280442, -36.020617366886292 ], [ -72.640786407447465, -36.020264968133645 ], [ -72.641197970594888, -36.019976325642951 ], [ -72.641612703896939, -36.019756600216645 ], [ -72.642021086109935, -36.019399036763232 ], [ -72.642137357752105, -36.019153914454897 ], [ -72.642121382113103, -36.018809181105411 ], [ -72.641929485798727, -36.018331841990928 ], [ -72.641915196297504, -36.018021676025022 ], [ -72.642029786293463, -36.017742060449805 ], [ -72.64227634149961, -36.017561990470348 ], [ -72.642568532918801, -36.017449546884663 ], [ -72.642942560860405, -36.017265598409125 ], [ -72.643520587219854, -36.016902871357601 ], [ -72.643845701894207, -36.016582305036231 ], [ -72.644009174614695, -36.016186645192853 ], [ -72.644132189909683, -36.016036828203866 ], [ -72.644324073647624, -36.015402186015436 ], [ -72.644532497166594, -36.015126356245851 ], [ -72.644968040840524, -36.014978395920728 ], [ -72.645358576223771, -36.015056266407065 ], [ -72.645644905237432, -36.015272087048992 ], [ -72.645727047187009, -36.015853513664609 ], [ -72.645796690876026, -36.016165833823194 ], [ -72.646034066198297, -36.016517849822804 ], [ -72.646481941046119, -36.016639069873904 ], [ -72.646815699310167, -36.016661754290197 ], [ -72.646268492351467, -36.015218192071046 ], [ -72.646333138712563, -36.014502241244195 ], [ -72.646440293352939, -36.014294298694828 ], [ -72.646442955061104, -36.014269269518458 ], [ -72.646601584065564, -36.013772924907393 ], [ -72.646769265393132, -36.013472868017047 ], [ -72.647144579722209, -36.012429180389951 ], [ -72.647135522009194, -36.012232820820422 ], [ -72.646824448901029, -36.012045657134649 ], [ -72.646401500505704, -36.012058533217569 ], [ -72.646166609923526, -36.012213233521436 ], [ -72.645989873577889, -36.012316931487035 ], [ -72.645332113652131, -36.012484353976653 ], [ -72.644723461928024, -36.012404558265246 ], [ -72.644412216343312, -36.012217467651219 ], [ -72.643966821743973, -36.011739428820555 ], [ -72.643651146566626, -36.011454153632187 ], [ -72.643691117105192, -36.011010507651179 ], [ -72.643921490059796, -36.010757779534067 ], [ -72.644393540368554, -36.010497623460402 ], [ -72.644811956763277, -36.010386575150285 ], [ -72.645525593696348, -36.01011913745473 ], [ -72.645941647521866, -36.009958924227803 ], [ -72.646174275247844, -36.009755281707704 ], [ -72.646393228818567, -36.009257102905259 ], [ -72.64631931813193, -36.008964399436216 ], [ -72.646005909404025, -36.008728219800105 ], [ -72.645513598492357, -36.008546568332576 ], [ -72.645079353782322, -36.008313988849558 ], [ -72.644528889532424, -36.008183261961896 ], [ -72.643850717188457, -36.007909015072443 ], [ -72.643367462193154, -36.007923714342738 ], [ -72.642942359637772, -36.007887410163129 ], [ -72.642631223647555, -36.007700236886834 ], [ -72.64228844090816, -36.006825947885488 ], [ -72.642512021700924, -36.006425878183549 ], [ -72.642921286957844, -36.006118553255625 ], [ -72.643581350163998, -36.006000159864051 ], [ -72.644348492551998, -36.005583626925556 ], [ -72.644390905609825, -36.00518913927759 ], [ -72.644551699554114, -36.004741743831943 ], [ -72.644889316082299, -36.004190871330849 ], [ -72.645419385880302, -36.003879789287204 ], [ -72.646083951442662, -36.003859563308872 ], [ -72.646871520621914, -36.003884748400942 ], [ -72.647529202394253, -36.003717248056972 ], [ -72.647878105355659, -36.003411670509095 ], [ -72.647918055232978, -36.002968099178887 ], [ -72.648137073482388, -36.002469914552179 ], [ -72.648237521300842, -36.002024426614732 ], [ -72.648158997765222, -36.001633620979277 ], [ -72.647838914554754, -36.001250171658029 ], [ -72.647467381234719, -36.00106484890005 ], [ -72.647169842144606, -36.001172152359793 ], [ -72.646934980308529, -36.001326778823064 ], [ -72.646823298159148, -36.001526814509674 ], [ -72.646532544942716, -36.001781386150931 ], [ -72.646235006750942, -36.001888833982669 ], [ -72.645766587432561, -36.001873786934624 ], [ -72.645439715653495, -36.001719281455458 ], [ -72.645453508386353, -36.001094189670241 ], [ -72.645384118022264, -36.000489270359132 ], [ -72.645301082248977, -36.000000208982954 ], [ -72.645468743813581, -35.999700152724415 ], [ -72.646043362863153, -35.999043748425159 ], [ -72.646452574221186, -35.998736340944028 ], [ -72.647096820790111, -35.998274372796168 ], [ -72.647617699924453, -35.997766926320821 ], [ -72.647838972046941, -35.997317832438384 ], [ -72.647925836439967, -35.996577804953098 ], [ -72.647894150164959, -35.995890619818105 ], [ -72.647842096387492, -35.994761699423513 ], [ -72.647884400749163, -35.994367214327724 ], [ -72.647984844974346, -35.993921725680501 ], [ -72.647778730125665, -35.993387327861356 ], [ -72.647532666297991, -35.99329650304287 ], [ -72.647049415794257, -35.993311288620774 ], [ -72.646749730628954, -35.993369495495855 ], [ -72.646394076828201, -35.993527798209435 ], [ -72.646040681392051, -35.993735189372096 ], [ -72.645497107220365, -35.99375173084055 ], [ -72.645246430543708, -35.993562722243752 ], [ -72.645042687247368, -35.993077405354043 ], [ -72.644961839770133, -35.992637509571928 ], [ -72.644988415529497, -35.991899317021584 ], [ -72.644780064774068, -35.991315821800789 ], [ -72.644527047087763, -35.991077724972463 ], [ -72.643963145837844, -35.990652520528876 ], [ -72.643403768503674, -35.990325420009768 ], [ -72.642962948125756, -35.989945626252222 ], [ -72.642835359507643, -35.989802029174115 ], [ -72.642696470981576, -35.989412980098351 ], [ -72.642622512684227, -35.989120349065168 ], [ -72.642606094175775, -35.987449590212442 ], [ -72.642446882164734, -35.986618801911838 ], [ -72.641811242354507, -35.985950046606007 ], [ -72.641312309062556, -35.985621097747597 ], [ -72.64069709424696, -35.985393997523701 ], [ -72.640023742262812, -35.985217893708381 ], [ -72.639603097147884, -35.9852797569865 ], [ -72.638941125021745, -35.985349096979547 ], [ -72.638153736403865, -35.985323775128634 ], [ -72.637668267959711, -35.985289355541482 ], [ -72.637115722313268, -35.985109493473821 ], [ -72.636804604289338, -35.984922374441076 ], [ -72.636614473164528, -35.984731582701158 ], [ -72.636536026884016, -35.984340691380517 ], [ -72.636577712306462, -35.984018489436998 ], [ -72.636306852282004, -35.983345495311418 ], [ -72.635905278400543, -35.982582798090995 ], [ -72.635647397235303, -35.981757132039277 ], [ -72.635313263475481, -35.980870743570129 ], [ -72.635277729716094, -35.980097011536536 ], [ -72.634645504402272, -35.979102523059126 ], [ -72.634325323275448, -35.978517527275855 ], [ -72.63400783439954, -35.977991055787435 ], [ -72.633755363787245, -35.977282434945067 ], [ -72.633578966106484, -35.976634468848083 ], [ -72.63347563559428, -35.975979783830454 ], [ -72.63389579022909, -35.97554808317301 ], [ -72.633868536241678, -35.974954276181201 ], [ -72.63384656075489, -35.974477447996868 ], [ -72.633732586104898, -35.973588805504626 ], [ -72.633412351079158, -35.973003880812705 ], [ -72.633089319597929, -35.972355930482571 ], [ -72.632771952892895, -35.971829376455673 ], [ -72.632090940974308, -35.971372451818638 ], [ -72.631629829450773, -35.970908933370872 ], [ -72.631458925866283, -35.970378010449288 ], [ -72.631282570406341, -35.96973011272344 ], [ -72.631545240490354, -35.969064408173857 ], [ -72.631124815462655, -35.967887729496418 ], [ -72.62993961241277, -35.96762631671956 ], [ -72.630191540442624, -35.966722156556919 ], [ -72.630676707951181, -35.966112823603844 ], [ -72.631096827551673, -35.965681060262142 ], [ -72.631587437054208, -35.965188700318507 ], [ -72.632148613713881, -35.964635517972347 ], [ -72.632850941755819, -35.963960988743601 ], [ -72.63363161187371, -35.963401220545606 ], [ -72.634051611099963, -35.962969451101998 ], [ -72.634162630292664, -35.962191273333445 ], [ -72.634273551568995, -35.961412950473232 ], [ -72.634308535559427, -35.960578469925423 ], [ -72.63496471175533, -35.960499963230902 ], [ -72.635781034210225, -35.960714060117397 ], [ -72.636437001996981, -35.960631049080568 ], [ -72.636857271616137, -35.960203838796126 ], [ -72.637345034357537, -35.959652935238339 ], [ -72.638182356728819, -35.95873099337345 ], [ -72.638743536981735, -35.958177855955377 ], [ -72.639152733966711, -35.957512117271442 ], [ -72.638886659267754, -35.956506527872769 ], [ -72.638856402212369, -35.955849702433007 ], [ -72.637872117257231, -35.95516780542156 ], [ -72.637093671368007, -35.954177687355148 ], [ -72.63625553602138, -35.953486838859057 ], [ -72.635436883336666, -35.953214354312685 ], [ -72.634815745928407, -35.952458306271005 ], [ -72.634208147928106, -35.951999162130114 ], [ -72.633826055810218, -35.95165482099857 ], [ -72.633091038075079, -35.95161399247857 ], [ -72.632524771560995, -35.952050190074267 ], [ -72.632104722927423, -35.952481881046843 ], [ -72.631744016103156, -35.952609951462563 ], [ -72.63129127148818, -35.952326350225775 ], [ -72.631122920915729, -35.951853955084928 ], [ -72.630748608208194, -35.951685043325213 ], [ -72.630233548360266, -35.951642110310623 ], [ -72.629585675292503, -35.951900441788062 ], [ -72.629095131367009, -35.952392864215582 ], [ -72.628826828846158, -35.952937089761448 ], [ -72.628558614360202, -35.953481313012432 ], [ -72.627710306491323, -35.954164737832684 ], [ -72.626766790677053, -35.954369038698424 ], [ -72.62603454065129, -35.954391193463486 ], [ -72.625430125382039, -35.953994943859009 ], [ -72.624388773151864, -35.953666081436189 ], [ -72.624136480406008, -35.952957355699915 ], [ -72.623737900609399, -35.952257627697726 ], [ -72.623201027869726, -35.951737679304451 ], [ -72.622463612531092, -35.95163839723898 ], [ -72.621726216057084, -35.951543465151083 ], [ -72.621419828561443, -35.951255403069176 ], [ -72.621327550920512, -35.950839228316433 ], [ -72.621525416539924, -35.950355753245582 ], [ -72.62106985929978, -35.950013516049502 ], [ -72.620207838648099, -35.950395480693906 ], [ -72.619410770683018, -35.950599729494975 ], [ -72.618949771448882, -35.950136150924301 ], [ -72.618987591420662, -35.949360118544277 ], [ -72.618740914043642, -35.948772927965713 ], [ -72.618708249503271, -35.948057556532014 ], [ -72.618908077941597, -35.947938884753206 ], [ -72.618105475456062, -35.948009541836747 ], [ -72.6179736521797, -35.948021122992039 ], [ -72.617303997661253, -35.947802547579826 ], [ -72.616767201278392, -35.947282639681163 ], [ -72.616677465869699, -35.947158241186102 ], [ -72.61621944185579, -35.946524274596776 ], [ -72.615417038796252, -35.946607013197415 ], [ -72.615155820389731, -35.946665453054386 ], [ -72.614183546808249, -35.946882995293024 ], [ -72.613668610927832, -35.946839985490286 ], [ -72.613249382456104, -35.946429230185956 ], [ -72.612901233181233, -35.946088150488507 ], [ -72.612226334298157, -35.945863356097554 ], [ -72.612082726023559, -35.94581549788245 ], [ -72.611702948864163, -35.94552519242793 ], [ -72.611615188850806, -35.945089310800391 ], [ -72.611608264636587, -35.945054900579009 ], [ -72.61180608983183, -35.944571441748266 ], [ -72.611860178293398, -35.944150847097482 ], [ -72.611621675585468, -35.943743496712642 ], [ -72.610813759565019, -35.943704725189797 ], [ -72.610253293472738, -35.943638122431288 ], [ -72.609634688415269, -35.943564558896 ], [ -72.609320269980969, -35.943096453207623 ], [ -72.609447433695962, -35.942673659410957 ], [ -72.609206175855064, -35.942203423319881 ], [ -72.608683076983638, -35.941980385184429 ], [ -72.607856365512518, -35.941532197882005 ], [ -72.60762862911325, -35.941358799208231 ], [ -72.60722380961866, -35.941371054810936 ], [ -72.607116299245476, -35.941374215623 ], [ -72.606604064599111, -35.94138970185481 ], [ -72.606151375679659, -35.941105925066438 ], [ -72.605844995370546, -35.940817820567283 ], [ -72.605462781081783, -35.940468884350196 ], [ -72.60487721785708, -35.940486567933931 ], [ -72.604153530572617, -35.940688506993723 ], [ -72.603703515039456, -35.940463249225289 ], [ -72.603614026667486, -35.940110008713198 ], [ -72.602727589806364, -35.939956399807258 ], [ -72.602001041387737, -35.940095374630921 ], [ -72.601358679484264, -35.940475179136243 ], [ -72.600656347849039, -35.941149527098538 ], [ -72.600171188425335, -35.941763244003383 ], [ -72.599075769293165, -35.94302277207651 ], [ -72.599056794179404, -35.943044674021934 ], [ -72.598256435685428, -35.943548121091055 ], [ -72.597560391358911, -35.943986133388435 ], [ -72.59649755322377, -35.944792922050965 ], [ -72.595852263710782, -35.94510960129692 ], [ -72.595683041772503, -35.945333313493784 ], [ -72.595437344457451, -35.945658156168911 ], [ -72.595149958126697, -35.945788421582769 ], [ -72.59490516990671, -35.945911207011179 ], [ -72.594146742075267, -35.946291577726889 ], [ -72.593509592197094, -35.946788254573782 ], [ -72.593021399162666, -35.947338998412484 ], [ -72.591882658775901, -35.948089415048727 ], [ -72.591543598655051, -35.948694292454171 ], [ -72.591519249819271, -35.948733921835412 ], [ -72.591134047733874, -35.949364391681399 ], [ -72.590491348063864, -35.949739501824723 ], [ -72.589772924008656, -35.950058340701098 ], [ -72.589750217293215, -35.950066107328055 ], [ -72.589276956953753, -35.950227980967931 ], [ -72.58919542945182, -35.95025588767507 ], [ -72.589194949751487, -35.950255311724348 ], [ -72.588886599436933, -35.949909203862127 ], [ -72.588590922554431, -35.949854944977027 ], [ -72.588308806639446, -35.950102178500714 ], [ -72.587668938459217, -35.950540299181981 ], [ -72.587321985740289, -35.950969725165798 ], [ -72.586532841814318, -35.951349270154651 ], [ -72.586784935134204, -35.95168806192121 ], [ -72.586923156212009, -35.951873701356433 ], [ -72.587023199788575, -35.952465353471027 ], [ -72.586543166151898, -35.953196082377076 ], [ -72.586295847377755, -35.953331991386264 ], [ -72.585970934824331, -35.953510598758974 ], [ -72.585171169218455, -35.953656094357953 ], [ -72.584756134082454, -35.954204618253712 ], [ -72.584856349237242, -35.954796340898298 ], [ -72.58484233462049, -35.954903937793823 ], [ -72.584747496780992, -35.955633103288299 ], [ -72.58360050985992, -35.956203512480769 ], [ -72.582695432058358, -35.95706850602425 ], [ -72.582472155794491, -35.957192395909459 ], [ -72.582043654912383, -35.957443917708765 ], [ -72.581678007354071, -35.957308470967419 ], [ -72.581447351430143, -35.95722294842335 ], [ -72.580785832953254, -35.957184104983178 ], [ -72.580354486208336, -35.957372741155744 ], [ -72.580143021892127, -35.957559238349539 ], [ -72.580026280431056, -35.958220556369611 ], [ -72.57982171158298, -35.958521554224099 ], [ -72.579613735425028, -35.958827524511626 ], [ -72.579193440653057, -35.959259044655091 ], [ -72.578837979091759, -35.959503945214081 ], [ -72.578173714465038, -35.959406708863092 ], [ -72.577504052760062, -35.959187909002722 ], [ -72.577137118814278, -35.958981773690248 ], [ -72.576902463590713, -35.958849932522178 ], [ -72.576159548765915, -35.958633311792312 ], [ -72.5752647315215, -35.958299645584809 ], [ -72.574760393066498, -35.95849486911461 ], [ -72.574266901768524, -35.958928555743498 ], [ -72.57421640027988, -35.959018639180414 ], [ -72.573927573051407, -35.959533395966503 ], [ -72.573501667402184, -35.959843344055528 ], [ -72.572848249932477, -35.959984543793446 ], [ -72.572319549166963, -35.959639868092324 ], [ -72.571717889030694, -35.959301940809105 ], [ -72.570899079140801, -35.95902886626061 ], [ -72.570302611266868, -35.958807919587713 ], [ -72.569489270320432, -35.958651963487988 ], [ -72.569113399035871, -35.958529109150085 ], [ -72.5688196337683, -35.958433114272943 ], [ -72.568215361331184, -35.95803663771747 ], [ -72.567407022204236, -35.957997588169896 ], [ -72.566623355306547, -35.958498488790738 ], [ -72.565612821578824, -35.958891131047572 ], [ -72.564966165728308, -35.959142438751307 ], [ -72.564396632939847, -35.959519887435704 ], [ -72.563954791177466, -35.959474417375397 ], [ -72.563293052613318, -35.959430981060422 ], [ -72.562626168499207, -35.959275126534585 ], [ -72.562264400764604, -35.959140685644016 ], [ -72.561582595633638, -35.958887095470487 ], [ -72.561221360600015, -35.958738167989139 ], [ -72.560910348577295, -35.958609743942276 ], [ -72.560747853223859, -35.958258712155818 ], [ -72.560726417624565, -35.957781768593385 ], [ -72.560700782401312, -35.95766590292083 ], [ -72.560634444512516, -35.957365529331618 ], [ -72.560761888501858, -35.956942771895072 ], [ -72.56096822882769, -35.956639242626068 ], [ -72.56087099877459, -35.956106016107348 ], [ -72.560567518227202, -35.955876241550158 ], [ -72.560334580582477, -35.95558583562886 ], [ -72.559664992539368, -35.955366932106841 ], [ -72.55913385913604, -35.954968161218481 ], [ -72.55879804013675, -35.954952002836642 ], [ -72.55832582723292, -35.954929114516894 ], [ -72.557870679624557, -35.954586689889375 ], [ -72.557561784032643, -35.954239998175993 ], [ -72.557481998364054, -35.953920830039969 ], [ -72.557472452865838, -35.95388213913747 ], [ -72.557158243739025, -35.953679910926908 ], [ -72.55694406291741, -35.953541959139912 ], [ -72.556835056849252, -35.953439417207264 ], [ -72.556637797592643, -35.953253721095173 ], [ -72.555800502170825, -35.952562116240884 ], [ -72.555052450779229, -35.952228444020811 ], [ -72.554864797207969, -35.95218994208669 ], [ -72.554534666341041, -35.952122226602683 ], [ -72.554019612781318, -35.952078888778857 ], [ -72.553428682122799, -35.951979263906338 ], [ -72.553271387116538, -35.951745135980502 ], [ -72.553624054018997, -35.951432778897477 ], [ -72.553747992782121, -35.951259108886795 ], [ -72.553968964867281, -35.950949548890726 ], [ -72.553722547103376, -35.950357625082979 ], [ -72.553337807650351, -35.9499545601658 ], [ -72.552654973948378, -35.949438683580226 ], [ -72.552134584395844, -35.949273848539782 ], [ -72.551682122750194, -35.948990003343148 ], [ -72.551315944287552, -35.949000777865528 ], [ -72.551058373041073, -35.949225055003843 ], [ -72.550892712922902, -35.94936925095648 ], [ -72.550466765951157, -35.949679193842371 ], [ -72.549862556396107, -35.949282617352267 ], [ -72.549701721129324, -35.948930559456514 ], [ -72.549700108653383, -35.948926990247486 ], [ -72.549163631172448, -35.948406757404882 ], [ -72.549004101157777, -35.948114153969328 ], [ -72.548467542828476, -35.947593920138111 ], [ -72.548088352268934, -35.947307818105905 ], [ -72.546911810775029, -35.947225490401529 ], [ -72.545285339986222, -35.946913090723349 ], [ -72.544171396694566, -35.946590168041332 ], [ -72.543785905351626, -35.94669058513221 ], [ -72.543664043493436, -35.946722237663103 ], [ -72.54309184989512, -35.947036551464635 ], [ -72.542650082692916, -35.946990998585377 ], [ -72.542268120830741, -35.946646423270707 ], [ -72.542092263037446, -35.945993853165788 ], [ -72.542075091740799, -35.945916337763059 ], [ -72.542000601640808, -35.945582015673253 ], [ -72.541767763709061, -35.945291567546022 ], [ -72.541257986853296, -35.945365237107424 ], [ -72.541019635062341, -35.945451185569496 ], [ -72.540536581289672, -35.945625263245283 ], [ -72.539929729789364, -35.94516567503878 ], [ -72.539336140117612, -35.945002944498114 ], [ -72.53881310233163, -35.944779593541853 ], [ -72.5383553945247, -35.944378631054072 ], [ -72.538049032181888, -35.944085842521176 ], [ -72.537602061937562, -35.943923279937685 ], [ -72.53651187279695, -35.944131199258678 ], [ -72.536360335093363, -35.944018524452311 ], [ -72.536048761623576, -35.943608739207164 ], [ -72.535737569937808, -35.943203371489673 ], [ -72.535564585855113, -35.942613817313529 ], [ -72.535545921558466, -35.942195318459937 ], [ -72.535007156068502, -35.941616549020488 ], [ -72.534324509216091, -35.941100556176828 ], [ -72.533489963537377, -35.940467386838343 ], [ -72.532734268381034, -35.939953463675813 ], [ -72.532506692780188, -35.939779985898333 ], [ -72.53184011499161, -35.939623943504664 ], [ -72.531105389208932, -35.939582474554669 ], [ -72.529928966292644, -35.93949997297517 ], [ -72.52968808484583, -35.939029478714197 ], [ -72.529580477454573, -35.938257731727198 ], [ -72.529627103611091, -35.937661700909921 ], [ -72.529974517165741, -35.93723249644286 ], [ -72.530086550556405, -35.9364542826088 ], [ -72.529769829740061, -35.935927412843711 ], [ -72.529747289212935, -35.935421036935466 ], [ -72.529730172713528, -35.935036518914643 ], [ -72.529544016633835, -35.934145436742099 ], [ -72.528843143862645, -35.9332154703893 ], [ -72.527835915036832, -35.931992608847061 ], [ -72.527302392114862, -35.931530792674835 ], [ -72.526912654435591, -35.931006060619424 ], [ -72.526410950739304, -35.930571723909026 ], [ -72.526379142293408, -35.930544240139199 ], [ -72.526365769073777, -35.930496579954379 ], [ -72.526116925858602, -35.929609031238321 ], [ -72.52603075945656, -35.929301981806582 ], [ -72.526152048189587, -35.929159863076094 ], [ -72.526448703337437, -35.928812103987127 ], [ -72.526793518964311, -35.928328951696166 ], [ -72.527357830744322, -35.927834690253917 ], [ -72.527843503106041, -35.92722124128111 ], [ -72.527881741692738, -35.92698316719472 ], [ -72.527958261086965, -35.926505986832076 ], [ -72.52778006857227, -35.925794922489111 ], [ -72.527675108516149, -35.92508163014385 ], [ -72.527397344040395, -35.924572132399788 ], [ -72.52719636935177, -35.924203651358447 ], [ -72.526730644979253, -35.923618188536217 ], [ -72.526555870554205, -35.923442922466378 ], [ -72.525286710059532, -35.923969861610814 ], [ -72.523885335521371, -35.924660926690642 ], [ -72.52245239598075, -35.924694835851184 ], [ -72.519854505908313, -35.924263565589605 ], [ -72.518301652057048, -35.923480260653456 ], [ -72.517816950774133, -35.923263437474311 ], [ -72.517038568665271, -35.92291534473646 ], [ -72.515264888255913, -35.922121940084352 ], [ -72.514600843716423, -35.921287649821501 ], [ -72.514538809656173, -35.921241413550476 ], [ -72.513633046440034, -35.920565375320386 ], [ -72.512242994267694, -35.919963529425878 ], [ -72.510870153816214, -35.919715330815848 ], [ -72.510048847508131, -35.919718557968025 ], [ -72.50987963185807, -35.919719229442656 ], [ -72.508460732087016, -35.919982716223927 ], [ -72.507241066069582, -35.920405412411355 ], [ -72.506812819410698, -35.920510060352541 ], [ -72.506546068280343, -35.920556392351486 ], [ -72.506310470724046, -35.920597162713058 ], [ -72.505198470488352, -35.920647314673872 ], [ -72.503462623525479, -35.920489141542141 ], [ -72.502065995685271, -35.920045038002236 ], [ -72.501153859820505, -35.919464607023542 ], [ -72.500396308744783, -35.918740807765737 ], [ -72.500226238796884, -35.918549272669225 ], [ -72.499932508563589, -35.91821843888961 ], [ -72.499195813673822, -35.917788033239887 ], [ -72.498808197815222, -35.917706851172149 ], [ -72.498537508470676, -35.917725525623219 ], [ -72.498343366368104, -35.917809065528552 ], [ -72.498306069215815, -35.917796718971964 ], [ -72.49631311094393, -35.918705132590404 ], [ -72.494684780642473, -35.919837109160248 ], [ -72.492063284641006, -35.920473301295793 ], [ -72.489050139345338, -35.920064812591036 ], [ -72.488216285369376, -35.919572354601435 ], [ -72.486857376889631, -35.918896147875202 ], [ -72.48682299566876, -35.918904677073321 ], [ -72.486618888554744, -35.918794867578519 ], [ -72.486289732359921, -35.918763542151652 ], [ -72.486044369218163, -35.91892923306898 ], [ -72.485922518139745, -35.919128020389763 ], [ -72.485822768312289, -35.919290807109483 ], [ -72.485475880272077, -35.919820633684104 ], [ -72.484732820818508, -35.920537434122579 ], [ -72.484181389981345, -35.920892054098687 ], [ -72.483595338073144, -35.921392506835957 ], [ -72.482915355623874, -35.922012979649359 ], [ -72.482149245400123, -35.922509501343328 ], [ -72.481296180053477, -35.922906675570673 ], [ -72.480509466070373, -35.923109846027351 ], [ -72.47984340121981, -35.923291205301382 ], [ -72.479286602050522, -35.923594730272292 ], [ -72.479079216984033, -35.924076571524978 ], [ -72.478698740037004, -35.924657327287775 ], [ -72.478730603280141, -35.925164559230559 ], [ -72.478777083909577, -35.925257991017027 ], [ -72.47905220105018, -35.925811385809176 ], [ -72.479315219680544, -35.92615091483335 ], [ -72.479564150032289, -35.92639267585885 ], [ -72.47988861432637, -35.926817007957204 ], [ -72.480388152184517, -35.927384038257024 ], [ -72.481213432639422, -35.928333724975232 ], [ -72.482406459117115, -35.929555516366975 ], [ -72.483495825400908, -35.930274071787252 ], [ -72.483902027402706, -35.930382591677478 ], [ -72.48395346583419, -35.930408926222398 ], [ -72.484258172581931, -35.930512716423827 ], [ -72.484409762387827, -35.930585449787785 ], [ -72.484494473519121, -35.930615098259594 ], [ -72.484492743363873, -35.930670732030343 ], [ -72.484438730360793, -35.930753130807211 ], [ -72.484143308599812, -35.930899973972501 ], [ -72.483438699735345, -35.930996478014237 ], [ -72.482287369459897, -35.931153194269406 ], [ -72.481222295418007, -35.931441004491177 ], [ -72.481162137938369, -35.931468291555781 ], [ -72.480824324679148, -35.931681389866064 ], [ -72.477724810860479, -35.934565221997133 ], [ -72.47758190057688, -35.934864338851895 ], [ -72.477256302608879, -35.93541449008481 ], [ -72.477024175244523, -35.935715899224597 ], [ -72.476777567936111, -35.935933427964677 ], [ -72.476342238061207, -35.936161005766287 ], [ -72.475820159675962, -35.936428521765109 ], [ -72.475224273012032, -35.936861530916723 ], [ -72.474694576014841, -35.937365550506044 ], [ -72.474153572821521, -35.937688307232008 ], [ -72.473444081613493, -35.937731008538329 ], [ -72.473295789523021, -35.937739881184626 ], [ -72.472717711061264, -35.937616300456462 ], [ -72.472306572816976, -35.937621564120363 ], [ -72.471900648394595, -35.93800292025675 ], [ -72.471803967212153, -35.938348895531185 ], [ -72.471698509489357, -35.93897326606514 ], [ -72.471567295270759, -35.939419966710865 ], [ -72.471440775647821, -35.939559231946774 ], [ -72.471424406546731, -35.939577200111735 ], [ -72.471381115834873, -35.939714203144256 ], [ -72.471078469822388, -35.940286189148722 ], [ -72.470748971369432, -35.940582876265886 ], [ -72.470048604349728, -35.940799427942622 ], [ -72.46967555377519, -35.940833255270036 ], [ -72.468497183311356, -35.940940209342308 ], [ -72.467573801437538, -35.94090624169246 ], [ -72.466762395462212, -35.940701169260194 ], [ -72.46637061321735, -35.940721798349813 ], [ -72.465812330031213, -35.940941304650408 ], [ -72.465176587813062, -35.94136168801343 ], [ -72.464387199545357, -35.942140313901405 ], [ -72.462753260163254, -35.943190100894519 ], [ -72.46150924531004, -35.943640878062517 ], [ -72.461096384097047, -35.94379039327719 ], [ -72.460169136772564, -35.943930689351532 ], [ -72.459656618258563, -35.943833129831944 ], [ -72.459296388439739, -35.943420626532088 ], [ -72.459060642661413, -35.943010804004452 ], [ -72.458998923909832, -35.942892411193725 ], [ -72.45872557016213, -35.942367484735335 ], [ -72.458210212971849, -35.941807092950846 ], [ -72.457296374799611, -35.941469678488069 ], [ -72.456446773356717, -35.941137637290559 ], [ -72.456435872300744, -35.941133301161209 ], [ -72.455736300290084, -35.940771462620987 ], [ -72.455094202491296, -35.940280703107788 ], [ -72.454912921568649, -35.939949320944741 ], [ -72.454874026313476, -35.939919142858649 ], [ -72.454506765380927, -35.938742152147476 ], [ -72.454115395462779, -35.938236632872318 ], [ -72.45376806185817, -35.937768819285679 ], [ -72.452883424322565, -35.93640579463964 ], [ -72.452796904882618, -35.936319925802707 ], [ -72.452181246299276, -35.935709615697029 ], [ -72.451827825710311, -35.934726061090657 ], [ -72.451741864124131, -35.933877199475397 ], [ -72.451756608172886, -35.933419327904488 ], [ -72.451773207242695, -35.932901906816596 ], [ -72.451572369996327, -35.932105809234947 ], [ -72.450855831504882, -35.931151377985898 ], [ -72.45013988679986, -35.93046266819006 ], [ -72.449955362959045, -35.930285205284562 ], [ -72.448735148969277, -35.92950425422169 ], [ -72.448248057269396, -35.929162387897442 ], [ -72.448080083091043, -35.928753692390913 ], [ -72.448119802999656, -35.928220547555583 ], [ -72.448242664682738, -35.927693795312955 ], [ -72.448055948054304, -35.926972873408012 ], [ -72.446950123736187, -35.926690277124017 ], [ -72.445632005058542, -35.926403067196702 ], [ -72.444954788522054, -35.926000066327454 ], [ -72.444555369698946, -35.925214235458434 ], [ -72.444193770847633, -35.924904253365867 ], [ -72.443586169254075, -35.923984513954849 ], [ -72.441815774882016, -35.922910431457574 ], [ -72.44098494733025, -35.922331330221382 ], [ -72.440965299378362, -35.921294459733666 ], [ -72.440942863055824, -35.920343960989925 ], [ -72.440449896373991, -35.919167497271296 ], [ -72.439582831681975, -35.918069452219818 ], [ -72.438493834605765, -35.917268974807918 ], [ -72.437830609329808, -35.916434284143939 ], [ -72.437591849703693, -35.915608757361767 ], [ -72.437565268554451, -35.914787705046457 ], [ -72.437051511263675, -35.914258466080391 ], [ -72.434386515242892, -35.91294924690596 ], [ -72.43146470974699, -35.91137536958432 ], [ -72.430590940029688, -35.910492993241803 ], [ -72.43007997380451, -35.909877495488033 ], [ -72.42887817976964, -35.909290384137925 ], [ -72.428571069130186, -35.908938340207783 ], [ -72.427485111054594, -35.908051375370498 ], [ -72.427085878182751, -35.907265546618653 ], [ -72.427254819846667, -35.906966923462058 ], [ -72.427951341178627, -35.906765942395594 ], [ -72.428921463294969, -35.906311690169396 ], [ -72.429841342637502, -35.905770064988808 ], [ -72.431192513029373, -35.90502165798398 ], [ -72.431856893538779, -35.90417227013625 ], [ -72.433431366245685, -35.903083201281689 ], [ -72.434561824165527, -35.902589105152281 ], [ -72.435424478129505, -35.902175747787574 ], [ -72.436457234380725, -35.901420532279694 ], [ -72.437647855170084, -35.900711792898761 ], [ -72.438514479687612, -35.900168898172694 ], [ -72.439125709576615, -35.899318338344791 ], [ -72.439865600672164, -35.898045316912516 ], [ -72.44009925068093, -35.897949739767824 ], [ -72.440661000465767, -35.897823639439345 ], [ -72.441492946420055, -35.897584962392258 ], [ -72.441803623371172, -35.897345073009703 ], [ -72.442057585186831, -35.897031662668027 ], [ -72.44244028097259, -35.896927522169541 ], [ -72.443209048412967, -35.896123430276269 ], [ -72.443774228863859, -35.895055890830029 ], [ -72.44443699959227, -35.894249594565601 ], [ -72.444493898882357, -35.89248031582683 ], [ -72.444680690969292, -35.891620657293203 ], [ -72.445714615030397, -35.890822150160396 ], [ -72.446900817006878, -35.890242853347146 ], [ -72.447922254485519, -35.889832673707971 ], [ -72.44851808096233, -35.88945671896046 ], [ -72.449115291742984, -35.889037537057128 ], [ -72.449625747725094, -35.888011999226016 ], [ -72.449760934293892, -35.887108050486212 ], [ -72.449825981303619, -35.885079805557091 ], [ -72.449003873698288, -35.884241841527682 ], [ -72.448183088413089, -35.883360797372653 ], [ -72.447567623865851, -35.882699950689542 ], [ -72.447426485060006, -35.882135534040579 ], [ -72.447441720487205, -35.881660889739393 ], [ -72.447522513167243, -35.880798958583412 ], [ -72.447490207952981, -35.880150509919694 ], [ -72.447079888073915, -35.879709943747471 ], [ -72.446441261365379, -35.879097663245979 ], [ -72.444026613237881, -35.877751096635045 ], [ -72.442549650858439, -35.877033527218316 ], [ -72.442708390355676, -35.876950061458885 ], [ -72.443006362433721, -35.876759991627274 ], [ -72.443073443229252, -35.876717245760013 ], [ -72.443492326747929, -35.876449960917739 ], [ -72.443608840935212, -35.876296323732902 ], [ -72.443894719892924, -35.875919397040732 ], [ -72.443908020349014, -35.87590188900186 ], [ -72.443933549571071, -35.875875689899161 ], [ -72.44414892155875, -35.875654991976887 ], [ -72.444328687023528, -35.875470822292883 ], [ -72.444517320656757, -35.875380368512154 ], [ -72.445117775253934, -35.875092217499166 ], [ -72.446123703319202, -35.874644338313054 ], [ -72.446769108714847, -35.874328460040388 ], [ -72.447391279185695, -35.873477033005393 ], [ -72.447528543557738, -35.872900852207415 ], [ -72.44757719272026, -35.872696749939713 ], [ -72.447987477565022, -35.872027167936579 ], [ -72.448560193982857, -35.871639920675726 ], [ -72.448627777834943, -35.871594278508908 ], [ -72.449035598600872, -35.870866152784274 ], [ -72.449055922984186, -35.869725080311234 ], [ -72.449056957843396, -35.869671606467406 ], [ -72.449521545847091, -35.868329157882066 ], [ -72.449464338434836, -35.868285699884815 ], [ -72.450187852344456, -35.868084709431336 ], [ -72.450749741368156, -35.867532412012814 ], [ -72.451541259541401, -35.867212307888053 ], [ -72.45248958403738, -35.867126340651978 ], [ -72.453508001380058, -35.866975456064857 ], [ -72.45473069831327, -35.866462658453379 ], [ -72.455592828559432, -35.86608188417177 ], [ -72.456371113650221, -35.866002628461345 ], [ -72.456394861513061, -35.866000246493691 ], [ -72.456812954514305, -35.8655106021126 ], [ -72.456727780750626, -35.865193128066593 ], [ -72.456638024680714, -35.864857849615312 ], [ -72.456834108042599, -35.864315988894724 ], [ -72.457385554151131, -35.863525234951929 ], [ -72.457649160279672, -35.863257949287551 ], [ -72.457806368149335, -35.863098549788923 ], [ -72.458156259257549, -35.862728087697775 ], [ -72.458290997567033, -35.862489981203105 ], [ -72.458428340990807, -35.862247148417339 ], [ -72.45884631631273, -35.861757573308097 ], [ -72.458961371636008, -35.861037855503781 ], [ -72.459013891639088, -35.860558739888191 ], [ -72.459212590895106, -35.860075485383405 ], [ -72.4595651077789, -35.859767910601818 ], [ -72.459672106112379, -35.859755304545295 ], [ -72.460220896800919, -35.859690466501299 ], [ -72.460644218895411, -35.859322235960953 ], [ -72.460853284709799, -35.859077479430091 ], [ -72.460835073164048, -35.858659014792607 ], [ -72.460882128715269, -35.858062908511712 ], [ -72.461005267977768, -35.857523218289877 ], [ -72.461198568358924, -35.856918389943061 ], [ -72.46109445271918, -35.856209568259075 ], [ -72.460927437941564, -35.855736783235372 ], [ -72.461274735613557, -35.855307777973984 ], [ -72.461186271320997, -35.854954379317284 ], [ -72.461243794041906, -35.854596770725408 ], [ -72.461273024322935, -35.854278732379079 ], [ -72.461293558912018, -35.854054693511152 ], [ -72.461800224003625, -35.853922930786752 ], [ -72.461867431461599, -35.853915012740636 ], [ -72.462455867498562, -35.85384540452602 ], [ -72.462591739481908, -35.853602684325246 ], [ -72.462722230556722, -35.85323846720388 ], [ -72.462769545721045, -35.852642425740065 ], [ -72.462776415138023, -35.852556524977558 ], [ -72.46340161742296, -35.852157068244288 ], [ -72.463654016170011, -35.851829414814013 ], [ -72.464385519695767, -35.851116627423615 ], [ -72.464792323568801, -35.850707818671879 ], [ -72.465224813869085, -35.850201859995288 ], [ -72.465469282288822, -35.849767397272018 ], [ -72.465681052930535, -35.849123570284242 ], [ -72.465802273391617, -35.848850856542192 ], [ -72.466061191212688, -35.848492227959007 ], [ -72.46663372167923, -35.848002447030623 ], [ -72.466838264476181, -35.847763126892829 ], [ -72.465061279164871, -35.84640570534949 ], [ -72.464726118630693, -35.846131550683225 ], [ -72.464350264414122, -35.845957634918385 ], [ -72.464341180649981, -35.845957232240771 ], [ -72.464156456484844, -35.845823048000682 ], [ -72.463589015872685, -35.845392606296706 ], [ -72.463274592048521, -35.845440507784559 ], [ -72.462296789336477, -35.845965807890181 ], [ -72.460668929752245, -35.846550076344997 ], [ -72.45922722445107, -35.846901745942354 ], [ -72.458196341187218, -35.846989106237814 ], [ -72.457562830384248, -35.847230509785895 ], [ -72.456799660346405, -35.848033191724284 ], [ -72.456485700951248, -35.8480629031612 ], [ -72.452057728846015, -35.847441311862745 ], [ -72.450786145595046, -35.846668315504452 ], [ -72.450787251421161, -35.846633220235454 ], [ -72.449692122444816, -35.845935377692435 ], [ -72.448403259201029, -35.844306560837019 ], [ -72.448089037497795, -35.842953346637188 ], [ -72.446992013974523, -35.841619808137544 ], [ -72.446368204078283, -35.840860489196892 ], [ -72.445879663395843, -35.840067533639264 ], [ -72.445573816686007, -35.839151222350708 ], [ -72.44540199771825, -35.838237706387289 ], [ -72.445268440693397, -35.837525206838485 ], [ -72.444451422044168, -35.837216618975702 ], [ -72.441044488565609, -35.836834735646249 ], [ -72.439435361549982, -35.836836857775616 ], [ -72.432854756529423, -35.835076789768472 ], [ -72.430550476316043, -35.834463458750179 ], [ -72.428532360724603, -35.833983494333651 ], [ -72.427192518088461, -35.833263340165679 ], [ -72.424075528444249, -35.830139321343985 ], [ -72.42294738638121, -35.829059190075725 ], [ -72.422243337167174, -35.828753499346007 ], [ -72.421570596935751, -35.828138496724605 ], [ -72.420740431442326, -35.826173543934154 ], [ -72.420337960143897, -35.825491628297833 ], [ -72.420178640334996, -35.825308741245628 ], [ -72.419850183029467, -35.825094205044429 ], [ -72.419473269699182, -35.824893153899019 ], [ -72.419082489075862, -35.824719514965864 ], [ -72.418681294283459, -35.824577765688026 ], [ -72.418260454234101, -35.824468167719978 ], [ -72.417826724258731, -35.824381377699069 ], [ -72.417388155957227, -35.824312735601929 ], [ -72.416951499270667, -35.824248540135677 ], [ -72.416512632728498, -35.824202491204623 ], [ -72.41606992948175, -35.824178991104013 ], [ -72.415626055730201, -35.824155670175287 ], [ -72.415184154678997, -35.824127641058247 ], [ -72.414747551891352, -35.824081522133532 ], [ -72.414318740192172, -35.824003585037651 ], [ -72.413898616100084, -35.823889374954597 ], [ -72.413484878131356, -35.823757043515442 ], [ -72.413075545500803, -35.823615432366616 ], [ -72.412671908189139, -35.823469154990399 ], [ -72.412273945535105, -35.823309354294899 ], [ -72.411877789393131, -35.823149351516804 ], [ -72.41147848196114, -35.822994015147501 ], [ -72.411071887395536, -35.822856896021982 ], [ -72.410659240879909, -35.822724449962173 ], [ -72.410243451159047, -35.822601099009006 ], [ -72.410055635891041, -35.822547968499947 ], [ -72.409735824870097, -35.822388374268201 ], [ -72.408674169816194, -35.822056068747969 ], [ -72.405757009508648, -35.82175654528519 ], [ -72.404817463349602, -35.821790871452585 ], [ -72.403626995273825, -35.821983485510387 ], [ -72.402468067047693, -35.822577141737547 ], [ -72.401511913734012, -35.823120528839766 ], [ -72.399977624466388, -35.823578707721929 ], [ -72.398859994488802, -35.823590864295006 ], [ -72.398678297646185, -35.823670345220428 ], [ -72.398664433048083, -35.823668300674946 ], [ -72.398243919087179, -35.823572058388862 ], [ -72.397834716712339, -35.823434968668565 ], [ -72.397552202843684, -35.823322711274635 ], [ -72.397544075785305, -35.823310687225167 ], [ -72.397259767981041, -35.823118090955489 ], [ -72.396810816053176, -35.822964920728168 ], [ -72.396432927152489, -35.822856319872308 ], [ -72.395906635668567, -35.8228449265305 ], [ -72.394459407525034, -35.822390523734171 ], [ -72.393918698080782, -35.822264076618325 ], [ -72.39325002542094, -35.822163535870708 ], [ -72.392820483391446, -35.821967798915693 ], [ -72.392554333234003, -35.8217755643117 ], [ -72.392156970654611, -35.821709575677851 ], [ -72.391669748698988, -35.821612979931544 ], [ -72.391124588102528, -35.82152222651284 ], [ -72.391138445514102, -35.821098405202513 ], [ -72.390953919876651, -35.820355821626066 ], [ -72.390649312841887, -35.819675168603467 ], [ -72.390681034151214, -35.81925999609345 ], [ -72.390875665835608, -35.818862738311459 ], [ -72.3910954225002, -35.818250913646459 ], [ -72.39078518123199, -35.817742199182454 ], [ -72.390216789303963, -35.817077335148866 ], [ -72.390127151811654, -35.816487462100739 ], [ -72.389924959905827, -35.815450613082156 ], [ -72.389808107951964, -35.814802525852471 ], [ -72.389542390782495, -35.814381133044847 ], [ -72.389150527689267, -35.814143126157447 ], [ -72.388611409161399, -35.813973717932505 ], [ -72.388097168577005, -35.813869232252337 ], [ -72.387267108186492, -35.813707806694481 ], [ -72.386545999965193, -35.813548764351658 ], [ -72.385597283803733, -35.813126545360682 ], [ -72.384798204510744, -35.812298962001954 ], [ -72.384421116008994, -35.81161671664384 ], [ -72.384223542342028, -35.81099577518021 ], [ -72.384004833113067, -35.809915529104032 ], [ -72.383698548025365, -35.809348659316825 ], [ -72.383585342333262, -35.809139172977382 ], [ -72.38316729873938, -35.808599442744274 ], [ -72.382779797865169, -35.808232547879925 ], [ -72.382176995071859, -35.80778918594212 ], [ -72.381785759002682, -35.807536889011075 ], [ -72.381275110781118, -35.807052465641455 ], [ -72.380964125707848, -35.806292901905167 ], [ -72.38077916169253, -35.805844263271119 ], [ -72.380269405498041, -35.805331315900986 ], [ -72.379701871461094, -35.804917361557123 ], [ -72.379126167246653, -35.804372603316921 ], [ -72.379050356623196, -35.804300842475925 ], [ -72.378850539862967, -35.803751557856579 ], [ -72.37869016812688, -35.803382392261121 ], [ -72.378088299581449, -35.802910412932192 ], [ -72.377302630339017, -35.802506051413204 ], [ -72.376260068976464, -35.802140208143413 ], [ -72.375794813524521, -35.801977004340202 ], [ -72.376044461630187, -35.801649679907982 ], [ -72.3760972951453, -35.801170577154735 ], [ -72.37586274592293, -35.800816779964229 ], [ -72.375698385666979, -35.800710226736676 ], [ -72.375336223571978, -35.80047554421887 ], [ -72.375290781394995, -35.800429576215777 ], [ -72.3746481176576, -35.799778529986312 ], [ -72.374693524800279, -35.799123869670346 ], [ -72.374801776283576, -35.798224280075409 ], [ -72.374864339451548, -35.797914912080522 ], [ -72.374922698503966, -35.797626110165623 ], [ -72.375273100753589, -35.797260301254525 ], [ -72.375850224306191, -35.797063884312905 ], [ -72.376362386189015, -35.796957506749294 ], [ -72.376502959056253, -35.79692838165959 ], [ -72.376855459770368, -35.796616619466882 ], [ -72.376845354621736, -35.796378094478854 ], [ -72.376754690355042, -35.795966142380244 ], [ -72.376671641107052, -35.795729668719325 ], [ -72.376157466099656, -35.795685585123515 ], [ -72.375782184109937, -35.795457251641018 ], [ -72.375116798385733, -35.795295830920502 ], [ -72.375028616164187, -35.794942273520313 ], [ -72.375013283718914, -35.794582239117219 ], [ -72.375068970283365, -35.794166172524477 ], [ -72.375124375675142, -35.793745610907294 ], [ -72.375038675498729, -35.793450597388897 ], [ -72.374806915545321, -35.793159835198608 ], [ -72.374363388543458, -35.793050567664011 ], [ -72.373766103202627, -35.792769997926683 ], [ -72.372957339172544, -35.792675560966266 ], [ -72.372012317781866, -35.792819250774819 ], [ -72.371140607003213, -35.792965377676317 ], [ -72.370419905718748, -35.793224414297207 ], [ -72.369681601047972, -35.793064935277179 ], [ -72.368774418493686, -35.792373955651705 ], [ -72.36868389256756, -35.791961992265996 ], [ -72.368444639766366, -35.791491083997947 ], [ -72.368648523199866, -35.79112489999352 ], [ -72.368923246878381, -35.79070269150273 ], [ -72.369497869521226, -35.790447762967332 ], [ -72.370145428178631, -35.790190784563222 ], [ -72.370659297758806, -35.790234978323554 ], [ -72.371017113804456, -35.790044740001477 ], [ -72.371296856370464, -35.789739464516749 ], [ -72.370901370371683, -35.789038640501147 ], [ -72.370145415602224, -35.78846065265644 ], [ -72.369686808581676, -35.787995900840279 ], [ -72.369452516277477, -35.787646511212273 ], [ -72.36907464444478, -35.787359761907268 ], [ -72.368954656472297, -35.787277495224025 ], [ -72.368245878526608, -35.786788233546183 ], [ -72.367497474097092, -35.78639021214596 ], [ -72.366968339445279, -35.785986039817409 ], [ -72.366804714011224, -35.785576123094337 ], [ -72.366716487772223, -35.785218130414663 ], [ -72.366252979543503, -35.784636347971258 ], [ -72.365933243981061, -35.783991994780784 ], [ -72.365751435747342, -35.783687632479037 ], [ -72.365618270387927, -35.783464660862137 ], [ -72.365819769692678, -35.783039934667791 ], [ -72.365897328437683, -35.783010078645226 ], [ -72.366323796432312, -35.782845614165687 ], [ -72.366683977742099, -35.782718365862131 ], [ -72.366739605916067, -35.782297800505802 ], [ -72.366349051668209, -35.781713972925587 ], [ -72.365817577803398, -35.781251320579685 ], [ -72.365432059511008, -35.780784427760011 ], [ -72.36532144186522, -35.779895477641688 ], [ -72.365077223177153, -35.779307546145226 ], [ -72.364988832546459, -35.778949555114806 ], [ -72.364711783129678, -35.778869616211317 ], [ -72.364618794921356, -35.778842840654384 ], [ -72.364245825195169, -35.778673016802749 ], [ -72.364296167682014, -35.778135446706429 ], [ -72.364790104544355, -35.777702530988449 ], [ -72.365072210577864, -35.777455818035563 ], [ -72.365420115510986, -35.777031642779313 ], [ -72.365464086247513, -35.77656223922169 ], [ -72.365470448116355, -35.776493998179014 ], [ -72.364933887990418, -35.775909751910476 ], [ -72.363987010680347, -35.775485300930775 ], [ -72.363902894233789, -35.775447570857203 ], [ -72.363888052268663, -35.775411372009138 ], [ -72.363644229737602, -35.77481500986778 ], [ -72.363410007501997, -35.77446560311931 ], [ -72.36302700539072, -35.774057245719987 ], [ -72.362500726483205, -35.773716086749374 ], [ -72.362054770436828, -35.773548298512154 ], [ -72.361817995189185, -35.773135917593201 ], [ -72.361573738771853, -35.772548051269737 ], [ -72.361382583567604, -35.77148107741899 ], [ -72.361430660503274, -35.770884957665878 ], [ -72.361707635359906, -35.770516739233038 ], [ -72.361957205312137, -35.770342994537558 ], [ -72.362433201021602, -35.770379280240924 ], [ -72.362715471446819, -35.7701325686186 ], [ -72.362768292385525, -35.769653543348781 ], [ -72.362667866126657, -35.76900296585363 ], [ -72.36257640235938, -35.768960495013211 ], [ -72.362708168143556, -35.768226865956997 ], [ -72.362546882820823, -35.767870912567055 ], [ -72.362234647292695, -35.767402030027412 ], [ -72.361992872920482, -35.766872634822263 ], [ -72.361819271695182, -35.766224177547819 ], [ -72.361497184343335, -35.766084514226307 ], [ -72.361424085733731, -35.76551887628699 ], [ -72.360817009654596, -35.764999698827111 ], [ -72.360524968254055, -35.764842066372985 ], [ -72.360293173266356, -35.764717000783065 ], [ -72.36005917650786, -35.764367505932903 ], [ -72.359992836822457, -35.764254717504606 ], [ -72.359507508515478, -35.76342776367261 ], [ -72.359618655268946, -35.76259106851839 ], [ -72.359890690289816, -35.762105912651379 ], [ -72.36016536635762, -35.761679223039032 ], [ -72.360505471219128, -35.76107493558483 ], [ -72.36041749830504, -35.760721431539558 ], [ -72.360243647348113, -35.760068474566829 ], [ -72.360163156502011, -35.759890527928071 ], [ -72.359707435768499, -35.759488767156633 ], [ -72.359236684423621, -35.7590783442391 ], [ -72.359162002084162, -35.759053413593058 ], [ -72.358732752007114, -35.758916738841606 ], [ -72.358211522529814, -35.758697000724403 ], [ -72.357610075294275, -35.758314142033711 ], [ -72.357309769393098, -35.758122920484325 ], [ -72.357237799965802, -35.757998771588611 ], [ -72.3570732609451, -35.757715023721886 ], [ -72.35690473609948, -35.757183568821283 ], [ -72.356456426467048, -35.756957281814209 ], [ -72.355796495313257, -35.756912671529328 ], [ -72.355529374077008, -35.757017280949512 ], [ -72.35489409628785, -35.757266228217816 ], [ -72.354645242292904, -35.757363755114767 ], [ -72.35454950883306, -35.757266695495751 ], [ -72.35441612518305, -35.757131414408406 ], [ -72.3536708091615, -35.756796253840264 ], [ -72.353066310348922, -35.756335574971061 ], [ -72.352832281251111, -35.755986065898696 ], [ -72.352960796032278, -35.755563470324503 ], [ -72.353016214898787, -35.755142840082954 ], [ -72.352628638566088, -35.754617565291205 ], [ -72.351948886085538, -35.754100365940694 ], [ -72.350762799991728, -35.753718941704847 ], [ -72.350424680406988, -35.753579693839193 ], [ -72.349954351270313, -35.753619825459509 ], [ -72.349364998951756, -35.753519100150029 ], [ -72.348697644120435, -35.753298888573525 ], [ -72.348241918895354, -35.752892578222294 ], [ -72.347577022752972, -35.752730832682111 ], [ -72.347549357337158, -35.752727616226856 ], [ -72.346768594692804, -35.75263619725289 ], [ -72.346035891017834, -35.752598061937469 ], [ -72.34536091847292, -35.75219784487934 ], [ -72.344837306663479, -35.751914994906791 ], [ -72.344081906154543, -35.751341240461358 ], [ -72.343402235420697, -35.750823987739565 ], [ -72.342503312875422, -35.750312830129737 ], [ -72.342455016750819, -35.750264565782274 ], [ -72.34182601728719, -35.749854043523804 ], [ -72.341450967961123, -35.749625733695041 ], [ -72.341292365007803, -35.749332717381556 ], [ -72.341344773619809, -35.7492866709567 ], [ -72.34151771099009, -35.749134514668938 ], [ -72.34171554157524, -35.748960478308632 ], [ -72.342221885069961, -35.748829315412877 ], [ -72.342226746752289, -35.748828663633205 ], [ -72.342803755320517, -35.748754516005249 ], [ -72.343061799080829, -35.748684219939484 ], [ -72.342992873145718, -35.74803281698378 ], [ -72.342970453891169, -35.747497274399372 ], [ -72.342940498669705, -35.74678167074245 ], [ -72.34268902878064, -35.746013686059918 ], [ -72.342089760857988, -35.745674460658599 ], [ -72.341933885189889, -35.745439983125145 ], [ -72.341850751500232, -35.745104413144404 ], [ -72.341796719632512, -35.744886518683685 ], [ -72.341670003278551, -35.744374989014247 ], [ -72.341501521552061, -35.74384343335953 ], [ -72.341851593221634, -35.743473301988764 ], [ -72.342284908175358, -35.743344096461499 ], [ -72.343010083069927, -35.743202266887728 ], [ -72.343511207352861, -35.742949513396766 ], [ -72.343569494540063, -35.742591923789874 ], [ -72.343700587486097, -35.742232309267528 ], [ -72.343836670573552, -35.741989710105798 ], [ -72.343982738435386, -35.741985645975852 ], [ -72.344206696520544, -35.742096642437247 ], [ -72.344285799469517, -35.742078421683829 ], [ -72.344496381640113, -35.742029966417057 ], [ -72.34463490994176, -35.741845838030166 ], [ -72.344693012076036, -35.741488328044618 ], [ -72.344573079799076, -35.741184494297293 ], [ -72.344529327353158, -35.741073798424495 ], [ -72.34436101989985, -35.740542316244252 ], [ -72.343512871931068, -35.739493509268222 ], [ -72.343208317896924, -35.73920470294523 ], [ -72.342976836421272, -35.738913714684443 ], [ -72.342747806448003, -35.738681272720264 ], [ -72.342440715571499, -35.738333845150514 ], [ -72.341977077087051, -35.738237557833735 ], [ -72.341924466354115, -35.738226618289879 ], [ -72.34189060076622, -35.738090251933308 ], [ -72.341836697357607, -35.737873090768225 ], [ -72.341675484798401, -35.737517102937197 ], [ -72.341439032045955, -35.737109168376847 ], [ -72.341338563566254, -35.736454062752841 ], [ -72.341464671760789, -35.735973003748903 ], [ -72.34141046382328, -35.735755039816041 ], [ -72.341376817424305, -35.735619478617622 ], [ -72.341291412793623, -35.735324498828348 ], [ -72.341346891847252, -35.734903944653993 ], [ -72.34156103493963, -35.734780835821439 ], [ -72.341994023804887, -35.734647065313425 ], [ -72.342419762367498, -35.734337872873326 ], [ -72.342572205572878, -35.734205183015888 ], [ -72.342772515508187, -35.734030707854835 ], [ -72.342979214261817, -35.733727605474023 ], [ -72.343180642599663, -35.733302917040191 ], [ -72.343019714806402, -35.732951425476543 ], [ -72.342715279349861, -35.732662612926227 ], [ -72.342116015020466, -35.732318807340242 ], [ -72.341529365732598, -35.732276503597305 ], [ -72.341448762597096, -35.732260806586247 ], [ -72.341448020588672, -35.732260383643435 ], [ -72.340667122298726, -35.731803431982321 ], [ -72.34021431210671, -35.731521172402296 ], [ -72.339861556271046, -35.731260787723514 ], [ -72.340239317610951, -35.730505797654011 ], [ -72.340179347879214, -35.729497804425193 ], [ -72.340481039880871, -35.728863854240601 ], [ -72.340623530651229, -35.727951812668039 ], [ -72.34156604843723, -35.726615129902193 ], [ -72.342519382837537, -35.725507503729752 ], [ -72.342653405189736, -35.724854661889971 ], [ -72.342692829552604, -35.724230140875292 ], [ -72.342417111439076, -35.722958034731718 ], [ -72.342188783948373, -35.72242939698539 ], [ -72.342104487838753, -35.722234194019762 ], [ -72.341267627201532, -35.721239530058526 ], [ -72.341138486294597, -35.720062265575486 ], [ -72.340415611087138, -35.719298885629357 ], [ -72.340199981282979, -35.718921889459317 ], [ -72.339708586652904, -35.718063042396786 ], [ -72.339468592741596, -35.717473155171938 ], [ -72.339345414851493, -35.717170289546907 ], [ -72.338878906249747, -35.716015976266483 ], [ -72.337954026884361, -35.715141403333789 ], [ -72.337122663936668, -35.714268803248267 ], [ -72.335685462788348, -35.713337046341429 ], [ -72.335180360765335, -35.712776798646011 ], [ -72.334920306575427, -35.712377475513591 ], [ -72.334242571711002, -35.711734016307219 ], [ -72.333567804880275, -35.711215747707655 ], [ -72.333097168519771, -35.710747698460438 ], [ -72.332797758238939, -35.710191998693617 ], [ -72.332207177025069, -35.70827223726905 ], [ -72.331891326676242, -35.706526386208466 ], [ -72.331832305565442, -35.704648953414726 ], [ -72.331582532593941, -35.703728299696699 ], [ -72.330691894312253, -35.702396787470683 ], [ -72.330241566165384, -35.701319130064249 ], [ -72.330224243053436, -35.700159493074992 ], [ -72.330735562316519, -35.699398175223507 ], [ -72.33171180375659, -35.698444141453919 ], [ -72.333187882193798, -35.697603811678604 ], [ -72.33479149894346, -35.696714893916699 ], [ -72.334060493084365, -35.695979669605229 ], [ -72.332768455194383, -35.695078020565617 ], [ -72.332683554518567, -35.693843556376109 ], [ -72.331915326965685, -35.692337168165388 ], [ -72.331313709050235, -35.691502075930813 ], [ -72.32996224670589, -35.690496326750363 ], [ -72.329343376645397, -35.690174470822086 ], [ -72.329042677282146, -35.689756914840878 ], [ -72.329144848069276, -35.688578022348885 ], [ -72.329289519949157, -35.688016288805798 ], [ -72.328936062529266, -35.687289474932214 ], [ -72.327826035892244, -35.686597181248537 ], [ -72.327336522334363, -35.686175470249367 ], [ -72.327114072520558, -35.685297379949617 ], [ -72.326582182735777, -35.684258500811374 ], [ -72.326048633762653, -35.683270823001905 ], [ -72.325576197178322, -35.682335933993308 ], [ -72.325088483844283, -35.681862930016329 ], [ -72.324000898919678, -35.680503360425796 ], [ -72.323680064717649, -35.678801463502985 ], [ -72.323768684418738, -35.678033105873801 ], [ -72.323359246685285, -35.677099564578604 ], [ -72.323272866484189, -35.675916508035499 ], [ -72.323174524316784, -35.675092560636301 ], [ -72.323104974950851, -35.674694216357643 ], [ -72.323095117737225, -35.674637644090325 ], [ -72.323263870754943, -35.67453346866975 ], [ -72.323042374951967, -35.674434982173196 ], [ -72.322388171456424, -35.674511597630186 ], [ -72.321816611170377, -35.674824742386818 ], [ -72.321690453568493, -35.675305858930628 ], [ -72.321705203905466, -35.675661424145275 ], [ -72.321501848681336, -35.676172578428293 ], [ -72.321440650054285, -35.676326564845084 ], [ -72.321206475429392, -35.677279216201384 ], [ -72.320913589612474, -35.677710824591138 ], [ -72.320780047858975, -35.678011943610215 ] ] ] } },
{ "type": "Feature", "properties": { "capa": "ds19", "popup": "<strong>PARQUE DEL SOL</strong><br><br><strong>Programa:</strong> DS19<br><strong>Comuna:</strong> Cauquenes<br><strong>Región:</strong> Maule<br><strong>Año de inicio:</strong> 2020", "etiqueta": "PARQUE DEL SOL" }, "geometry": { "type": "Polygon", "coordinates": [ [ [ -72.301776841996954, -35.959820897789342 ], [ -72.299935332495437, -35.960901020590228 ], [ -72.298758747882374, -35.959631176050415 ], [ -72.298793524361969, -35.959469150077233 ], [ -72.298975180780417, -35.958865061215924 ], [ -72.297405991065716, -35.959100603391938 ], [ -72.298185387372527, -35.95923432812981 ], [ -72.30018980545249, -35.961811576849733 ], [ -72.301160763002059, -35.961311958774921 ], [ -72.300855938575012, -35.960972214322723 ], [ -72.301357326962645, -35.9607644280294 ], [ -72.30099205400181, -35.960500706343637 ], [ -72.30193217238768, -35.959883814940852 ], [ -72.301776841996954, -35.959820897789342 ] ] ] } },
{ "type": "Feature", "properties": { "capa": "ds19", "popup": "<strong>VILLA LOS LAGOS</strong><br><br><strong>Programa:</strong> DS19<br><strong>Comuna:</strong> Cauquenes<br><strong>Región:</strong> Maule<br><strong>Año de inicio:</strong> 2017", "etiqueta": "VILLA LOS LAGOS" }, "geometry": { "type": "Polygon", "coordinates": [ [ [ -72.339647114938003, -35.958433112818639 ], [ -72.339923897555124, -35.958970901639439 ], [ -72.340735552363796, -35.958750969881066 ], [ -72.340744709789803, -35.958609593425628 ], [ -72.340321258337909, -35.958286480051441 ], [ -72.344773650245813, -35.956637947568829 ], [ -72.344550718935025, -35.955851758111478 ], [ -72.339851324459957, -35.957491833595753 ], [ -72.340296251037032, -35.958168416982204 ], [ -72.339647114938003, -35.958433112818639 ] ] ] } },
{ "type": "Feature", "properties": { "capa": "ds19", "popup": "<strong>LOS TRIGALES</strong><br><br><strong>Programa:</strong> DS19<br><strong>Comuna:</strong> Cauquenes<br><strong>Región:</strong> Maule<br><strong>Año de inicio:</strong> 2018", "etiqueta": "LOS TRIGALES" }, "geometry": { "type": "Polygon", "coordinates": [ [ [ -72.348456912692285, -35.946992789051535 ], [ -72.346734244912966, -35.946629493035523 ], [ -72.34542978242429, -35.94685758110662 ], [ -72.345193266789749, -35.946802913597388 ], [ -72.344893813389803, -35.947564038774281 ], [ -72.348091597510646, -35.948140246984373 ], [ -72.348456912692285, -35.946992789051535 ] ] ] } },
{ "type": "Feature", "properties": { "capa": "ds19", "popup": "<strong>LOS TRIGALES 2</strong><br><br><strong>Programa:</strong> DS19<br><strong>Comuna:</strong> Cauquenes<br><strong>Región:</strong> Maule<br><strong>Año de inicio:</strong> 2019", "etiqueta": "LOS TRIGALES 2" }, "geometry": { "type": "Polygon", "coordinates": [ [ [ -72.350308238983231, -35.946095367705666 ], [ -72.349080269837629, -35.946555804289936 ], [ -72.349351272694221, -35.947441090104363 ], [ -72.350439348098959, -35.94723597063301 ], [ -72.350576053718896, -35.946605285265463 ], [ -72.350308238983231, -35.946095367705666 ] ] ] } },
{ "type": "Feature", "properties": { "capa": "ds19", "popup": "<strong>PORTAL DE CAUQUENES</strong><br><br><strong>Programa:</strong> DS19<br><strong>Comuna:</strong> Cauquenes<br><strong>Región:</strong> Maule<br><strong>Año de inicio:</strong> 2023", "etiqueta": "PORTAL DE CAUQUENES" }, "geometry": { "type": "Polygon", "coordinates": [ [ [ -72.328929457216987, -35.96389300269599 ], [ -72.328335265673985, -35.964218093334793 ], [ -72.328280099234064, -35.964298832834835 ], [ -72.328322938991676, -35.964986415989173 ], [ -72.328997408480021, -35.964954115681579 ], [ -72.328936751537086, -35.964043466236248 ], [ -72.328929457216987, -35.96389300269599 ] ] ] } },
{ "type": "Feature", "properties": { "capa": "ds19", "popup": "<strong>JARDINES DE CAUQUENES</strong><br><br><strong>Programa:</strong> DS19<br><strong>Comuna:</strong> Cauquenes<br><strong>Región:</strong> Maule<br><strong>Año de inicio:</strong> 2023", "etiqueta": "JARDINES DE CAUQUENES" }, "geometry": { "type": "Polygon", "coordinates": [ [ [ -72.340227628732478, -35.954584970858015 ], [ -72.338751313140037, -35.954648209226619 ], [ -72.33880208771653, -35.955799561896264 ], [ -72.339727996551233, -35.955704453018782 ], [ -72.340526855756991, -35.955177078232502 ], [ -72.340227628732478, -35.954584970858015 ] ] ] } },
{ "type": "Feature", "properties": { "capa": "colegios", "popup": "<strong>ESCUELA PURISIMA CONCEPCION DE POCILLAS</strong><br><br><strong>Dirección:</strong> POCILLAS 0", "etiqueta": "" }, "geometry": { "type": "Point", "coordinates": [ -72.230988, -36.161549 ] } },
{ "type": "Feature", "properties": { "capa": "colegios", "popup": "<strong>ESCUELA MIXTA ATENEA</strong><br><br><strong>Dirección:</strong> CAMINO A CURIMAQUI 22", "etiqueta": "" }, "geometry": { "type": "Point", "coordinates": [ -72.298157, -36.144749 ] } },
{ "type": "Feature", "properties": { "capa": "colegios", "popup": "<strong>ESCUELA LA PATAGUA</strong><br><br><strong>Dirección:</strong> LA PATAGUA 0", "etiqueta": "" }, "geometry": { "type": "Point", "coordinates": [ -72.19426, -36.109379 ] } },
{ "type": "Feature", "properties": { "capa": "colegios", "popup": "<strong>ESCUELA HECTOR SILVESTRE PAIVA MANRIQUEZ</strong><br><br><strong>Dirección:</strong> LIUCURA 0", "etiqueta": "" }, "geometry": { "type": "Point", "coordinates": [ -72.280991, -36.07935 ] } },
{ "type": "Feature", "properties": { "capa": "colegios", "popup": "<strong>ESCUELA ADOLFO QUIROZ HERNANDEZ</strong><br><br><strong>Dirección:</strong> QUELLA CALLE PRINCIPAL 0", "etiqueta": "" }, "geometry": { "type": "Point", "coordinates": [ -72.09211, -36.05891 ] } },
{ "type": "Feature", "properties": { "capa": "colegios", "popup": "<strong>ESCUELA CLORINDO ALVEAR</strong><br><br><strong>Dirección:</strong> PROGRESO 0", "etiqueta": "" }, "geometry": { "type": "Point", "coordinates": [ -72.456161, -36.049782 ] } },
{ "type": "Feature", "properties": { "capa": "colegios", "popup": "<strong>ESCUELA CHORRILLOS</strong><br><br><strong>Dirección:</strong> CHORRILLOS 0", "etiqueta": "" }, "geometry": { "type": "Point", "coordinates": [ -72.268272, -36.03091 ] } },
{ "type": "Feature", "properties": { "capa": "colegios", "popup": "<strong>ESCUELA RINCON DE PILEN</strong><br><br><strong>Dirección:</strong> RINCON DE PILEN 0", "etiqueta": "" }, "geometry": { "type": "Point", "coordinates": [ -72.416359, -36.015251 ] } },
{ "type": "Feature", "properties": { "capa": "colegios", "popup": "<strong>ESCUELA ESTER URRUTIA DE RUIZ</strong><br><br><strong>Dirección:</strong> LA POSADA 6", "etiqueta": "" }, "geometry": { "type": "Point", "coordinates": [ -72.344521, -36.006802 ] } },
{ "type": "Feature", "properties": { "capa": "colegios", "popup": "<strong>ESCUELA ARTISTICA BARRIO ESTACION</strong><br><br><strong>Dirección:</strong> SALINAS 0", "etiqueta": "" }, "geometry": { "type": "Point", "coordinates": [ -72.31520081, -35.983497619999987 ] } },
{ "type": "Feature", "properties": { "capa": "colegios", "popup": "<strong>ESCUELA ESPECIAL DE LENGUAJE ENSEÑARTE</strong><br><br><strong>Dirección:</strong> AVENIDA RAMIRO MENDEZ 580", "etiqueta": "" }, "geometry": { "type": "Point", "coordinates": [ -72.312325, -35.981754 ] } },
{ "type": "Feature", "properties": { "capa": "colegios", "popup": "<strong>LICEO BICENTENARIO DE CAUQUENES</strong><br><br><strong>Dirección:</strong> AVENIDA RUPERTO PINOCHET 635", "etiqueta": "" }, "geometry": { "type": "Point", "coordinates": [ -72.314163, -35.981411 ] } },
{ "type": "Feature", "properties": { "capa": "colegios", "popup": "<strong>ESCUELA LA CAPILLA DE PILEN ALTO</strong><br><br><strong>Dirección:</strong> CAMINO RINCON DE PILEN 0", "etiqueta": "" }, "geometry": { "type": "Point", "coordinates": [ -72.579262, -35.979321 ] } },
{ "type": "Feature", "properties": { "capa": "colegios", "popup": "<strong>ESCUELA EL TROZO</strong><br><br><strong>Dirección:</strong> CAMINO CAYURRANQUIL 30", "etiqueta": "" }, "geometry": { "type": "Point", "coordinates": [ -72.613167, -35.974098 ] } },
{ "type": "Feature", "properties": { "capa": "colegios", "popup": "<strong>ESCUELA MARIA GONZALEZ VERA</strong><br><br><strong>Dirección:</strong> PILEN 0", "etiqueta": "" }, "geometry": { "type": "Point", "coordinates": [ -72.427094, -35.970711 ] } },
{ "type": "Feature", "properties": { "capa": "colegios", "popup": "<strong>LICEO ANTONIO VARAS</strong><br><br><strong>Dirección:</strong> CLAUDINA URRUTIA 252", "etiqueta": "" }, "geometry": { "type": "Point", "coordinates": [ -72.31456, -35.969471 ] } },
{ "type": "Feature", "properties": { "capa": "colegios", "popup": "<strong>ESCUELA INDEPENDENCIA</strong><br><br><strong>Dirección:</strong> MAIPU 115", "etiqueta": "" }, "geometry": { "type": "Point", "coordinates": [ -72.313683, -35.968529 ] } },
{ "type": "Feature", "properties": { "capa": "colegios", "popup": "<strong>ESCUELA MARIANO LATORRE</strong><br><br><strong>Dirección:</strong> AVENIDA REDENTORISTA 75", "etiqueta": "" }, "geometry": { "type": "Point", "coordinates": [ -72.35198212, -35.96841049 ] } },
{ "type": "Feature", "properties": { "capa": "colegios", "popup": "<strong>ESCUELA ESPECIAL DE LENGUAJE NINO JESUS</strong><br><br><strong>Dirección:</strong> VICTORIA 201", "etiqueta": "" }, "geometry": { "type": "Point", "coordinates": [ -72.31183, -35.967823 ] } },
{ "type": "Feature", "properties": { "capa": "colegios", "popup": "<strong>ESCUELA JAVIERA CARRERA</strong><br><br><strong>Dirección:</strong> SANTA SOFIA 0", "etiqueta": "" }, "geometry": { "type": "Point", "coordinates": [ -72.352089, -35.967651 ] } },
{ "type": "Feature", "properties": { "capa": "colegios", "popup": "<strong>COLEGIO DE ADULTOS PROMAUCAES</strong><br><br><strong>Dirección:</strong> MAIPU 479", "etiqueta": "" }, "geometry": { "type": "Point", "coordinates": [ -72.31321, -35.96702 ] } },
{ "type": "Feature", "properties": { "capa": "colegios", "popup": "<strong>COLEGIO GARDEN COLLEGE</strong><br><br><strong>Dirección:</strong> MAIPU 479", "etiqueta": "" }, "geometry": { "type": "Point", "coordinates": [ -72.313293, -35.966999 ] } },
{ "type": "Feature", "properties": { "capa": "colegios", "popup": "<strong>COLEGIO MANSO DE VELASCO</strong><br><br><strong>Dirección:</strong> ANTONIO VARAS 160", "etiqueta": "" }, "geometry": { "type": "Point", "coordinates": [ -72.311256, -35.966499 ] } },
{ "type": "Feature", "properties": { "capa": "colegios", "popup": "<strong>LICEO CLAUDINA URRUTIA DE LAVIN</strong><br><br><strong>Dirección:</strong> CATEDRAL 525", "etiqueta": "" }, "geometry": { "type": "Point", "coordinates": [ -72.316093, -35.96645 ] } },
{ "type": "Feature", "properties": { "capa": "colegios", "popup": "<strong>CENTRO DE LENGUAJE CAUQUENES</strong><br><br><strong>Dirección:</strong> CHACABUCO 554", "etiqueta": "" }, "geometry": { "type": "Point", "coordinates": [ -72.317406, -35.96641 ] } },
{ "type": "Feature", "properties": { "capa": "colegios", "popup": "<strong>LICEO INMACULADA CONCEPCION</strong><br><br><strong>Dirección:</strong> ANTONIO VARAS 604", "etiqueta": "" }, "geometry": { "type": "Point", "coordinates": [ -72.31826, -35.966148 ] } },
{ "type": "Feature", "properties": { "capa": "colegios", "popup": "<strong>COLEGIO BLANCO ENCALADA</strong><br><br><strong>Dirección:</strong> CHACABUCO 0", "etiqueta": "" }, "geometry": { "type": "Point", "coordinates": [ -72.320534, -35.965229 ] } },
{ "type": "Feature", "properties": { "capa": "colegios", "popup": "<strong>LICEO POLITECNICO PEDRO AGUIRRE CERDA</strong><br><br><strong>Dirección:</strong> CHACABUCO 899", "etiqueta": "" }, "geometry": { "type": "Point", "coordinates": [ -72.32103, -35.965012 ] } },
{ "type": "Feature", "properties": { "capa": "colegios", "popup": "<strong>ESCUELA ANIBAL PINTO</strong><br><br><strong>Dirección:</strong> ANIBAL PINTO 0", "etiqueta": "" }, "geometry": { "type": "Point", "coordinates": [ -72.31588, -35.964279 ] } },
{ "type": "Feature", "properties": { "capa": "colegios", "popup": "<strong>ESCUELA CABRERIA</strong><br><br><strong>Dirección:</strong> CABRERIA CATEDRAL 698", "etiqueta": "" }, "geometry": { "type": "Point", "coordinates": [ -72.31588, -35.964279 ] } },
{ "type": "Feature", "properties": { "capa": "colegios", "popup": "<strong>ESCUELA HOSPITALARIA DE CAUQUENES</strong><br><br><strong>Dirección:</strong> MANUEL MONTT 0", "etiqueta": "" }, "geometry": { "type": "Point", "coordinates": [ -72.32447, -35.962753 ] } },
{ "type": "Feature", "properties": { "capa": "colegios", "popup": "<strong>ESCUELA ESPECIAL HORIZONTE</strong><br><br><strong>Dirección:</strong> PASAJE 19 0", "etiqueta": "" }, "geometry": { "type": "Point", "coordinates": [ -72.335151669999988, -35.96222687 ] } },
{ "type": "Feature", "properties": { "capa": "colegios", "popup": "<strong>ESCUELA ROSITA OHIGGINS</strong><br><br><strong>Dirección:</strong> CALLEJON MONTERO 1915", "etiqueta": "" }, "geometry": { "type": "Point", "coordinates": [ -72.338142, -35.961102 ] } },
{ "type": "Feature", "properties": { "capa": "colegios", "popup": "<strong>ESCUELA LOS CONQUISTADORES</strong><br><br><strong>Dirección:</strong> CAMINO A PARRAL 2.6", "etiqueta": "" }, "geometry": { "type": "Point", "coordinates": [ -72.298286, -35.959492 ] } },
{ "type": "Feature", "properties": { "capa": "colegios", "popup": "<strong>ESCUELA PORONGO</strong><br><br><strong>Dirección:</strong> CAMINO A CHANCO 4", "etiqueta": "" }, "geometry": { "type": "Point", "coordinates": [ -72.347458, -35.948841 ] } },
{ "type": "Feature", "properties": { "capa": "colegios", "popup": "<strong>ESCUELA PEDERNALES</strong><br><br><strong>Dirección:</strong> PEDERNALES 0", "etiqueta": "" }, "geometry": { "type": "Point", "coordinates": [ -72.158783, -35.907249 ] } },
{ "type": "Feature", "properties": { "capa": "colegios", "popup": "<strong>ESCUELA PEDRO DE VALDIVIA</strong><br><br><strong>Dirección:</strong> CAMINO A CHANCO 21", "etiqueta": "" }, "geometry": { "type": "Point", "coordinates": [ -72.428757, -35.870869 ] } },
{ "type": "Feature", "properties": { "capa": "colegios", "popup": "<strong>ESCUELA OCTAVIO PALMA PEREZ</strong><br><br><strong>Dirección:</strong> BALMACEDA SAUZAL 0", "etiqueta": "" }, "geometry": { "type": "Point", "coordinates": [ -72.126007, -35.71664 ] } },
{ "type": "Feature", "properties": { "capa": "jardines", "popup": "<strong>LOS MUÑEQUITOS</strong><br><br><strong>Dirección:</strong> Pasaje 18 Esquina Pasaje 21 #562, Población Cauquenes ", "etiqueta": "" }, "geometry": { "type": "MultiPoint", "coordinates": [ [ -72.335492, -35.962276 ] ] } },
{ "type": "Feature", "properties": { "capa": "jardines", "popup": "<strong>BELLAVISTA</strong><br><br><strong>Dirección:</strong> LOS HUINGANES ESQ.LOS MAITENES ", "etiqueta": "" }, "geometry": { "type": "MultiPoint", "coordinates": [ [ -72.309289, -35.986458 ] ] } },
{ "type": "Feature", "properties": { "capa": "jardines", "popup": "<strong>CLARO DE LUNA</strong><br><br><strong>Dirección:</strong> SALINAS ESQ. ZAÑARTU S/N.BARRIO ESTACION ", "etiqueta": "" }, "geometry": { "type": "MultiPoint", "coordinates": [ [ -72.314641, -35.98383 ] ] } },
{ "type": "Feature", "properties": { "capa": "jardines", "popup": "<strong>LUCERITO DE ESPERANZA</strong><br><br><strong>Dirección:</strong> Calle los Tilos N°202 Villa Esperanza III ", "etiqueta": "" }, "geometry": { "type": "MultiPoint", "coordinates": [ [ -72.332551, -35.955132 ] ] } },
{ "type": "Feature", "properties": { "capa": "jardines", "popup": "<strong>LOS GRILLITOS</strong><br><br><strong>Dirección:</strong> PABLO NERUDA #89.VILLA LOS POETAS.SECTOR PORONGO ", "etiqueta": "" }, "geometry": { "type": "MultiPoint", "coordinates": [ [ -72.351399, -35.953208 ] ] } },
{ "type": "Feature", "properties": { "capa": "jardines", "popup": "<strong>ANTONIO VARAS</strong><br><br><strong>Dirección:</strong> MAIPU # 265 ", "etiqueta": "" }, "geometry": { "type": "MultiPoint", "coordinates": [ [ -72.313492, -35.969589 ] ] } },
{ "type": "Feature", "properties": { "capa": "jardines", "popup": "<strong>LOS ARTESANOS</strong><br><br><strong>Dirección:</strong> Avenida Redentorista S/N ", "etiqueta": "" }, "geometry": { "type": "MultiPoint", "coordinates": [ [ -72.357273, -35.964306 ] ] } },
{ "type": "Feature", "properties": { "capa": "jardines", "popup": "<strong>PASITOS DE TERNURA</strong><br><br><strong>Dirección:</strong> VILLA LOS ACACIOS PASAJE 7 PONIENTE #608 ", "etiqueta": "" }, "geometry": { "type": "MultiPoint", "coordinates": [ [ -72.338744, -35.950812 ] ] } },
{ "type": "Feature", "properties": { "capa": "jardines", "popup": "<strong>ELUNEY</strong><br><br><strong>Dirección:</strong> VILLA DON RAFAEL PASAJE HUITE #2391 ", "etiqueta": "" }, "geometry": { "type": "MultiPoint", "coordinates": [ [ -72.344716, -35.955723 ] ] } },
{ "type": "Feature", "properties": { "capa": "jardines", "popup": "<strong>CAMINO REAL</strong><br><br><strong>Dirección:</strong> PASAJE LOS CABILDOS #109 VILLA CAMINO REAL ", "etiqueta": "" }, "geometry": { "type": "MultiPoint", "coordinates": [ [ -72.315353, -35.993878 ] ] } },
{ "type": "Feature", "properties": { "capa": "jardines", "popup": "<strong>NA</strong><br><br><strong>Dirección:</strong> NA ", "etiqueta": "" }, "geometry": { "type": "MultiPoint", "coordinates": [ [ -72.306324000134239, -35.960887999703139 ] ] } },
{ "type": "Feature", "properties": { "capa": "jardines", "popup": "<strong>NA</strong><br><br><strong>Dirección:</strong> NA ", "etiqueta": "" }, "geometry": { "type": "MultiPoint", "coordinates": [ [ -72.312724999820318, -35.981941999946152 ] ] } },
{ "type": "Feature", "properties": { "capa": "jardines", "popup": "<strong>NA</strong><br><br><strong>Dirección:</strong> NA ", "etiqueta": "" }, "geometry": { "type": "MultiPoint", "coordinates": [ [ -72.337611999669562, -35.956614000396037 ] ] } },
{ "type": "Feature", "properties": { "capa": "jardines", "popup": "<strong>NA</strong><br><br><strong>Dirección:</strong> NA ", "etiqueta": "" }, "geometry": { "type": "MultiPoint", "coordinates": [ [ -72.094107000092151, -36.057176000040329 ] ] } },
{ "type": "Feature", "properties": { "capa": "jardines", "popup": "<strong>NA</strong><br><br><strong>Dirección:</strong> NA ", "etiqueta": "" }, "geometry": { "type": "MultiPoint", "coordinates": [ [ -72.313314999877207, -35.989953999850663 ] ] } },
{ "type": "Feature", "properties": { "capa": "jardines", "popup": "<strong>NA</strong><br><br><strong>Dirección:</strong> NA ", "etiqueta": "" }, "geometry": { "type": "MultiPoint", "coordinates": [ [ -72.317672000324734, -35.970369000340533 ] ] } },
{ "type": "Feature", "properties": { "capa": "bomberos", "popup": "<strong>Cuerpo de Bomberos</strong><br><br><strong>Dirección:</strong> Victoria 885", "etiqueta": "" }, "geometry": { "type": "Point", "coordinates": [ -72.321540183611958, -35.96777467861979 ] } },
{ "type": "Feature", "properties": { "capa": "comisarias", "popup": "<strong>4TA. COM. CAUQUENES</strong><br><br><strong>Dirección:</strong> MEMBRILLAR 420", "etiqueta": "" }, "geometry": { "type": "Point", "coordinates": [ -72.310011311719293, -35.967260535320641 ] } },
{ "type": "Feature", "properties": { "capa": "comisarias", "popup": "<strong>RETEN CORONEL DE MAULE</strong><br><br><strong>Dirección:</strong> UNION S/N", "etiqueta": "" }, "geometry": { "type": "Point", "coordinates": [ -72.45588306399992, -36.052308663999959 ] } },
{ "type": "Feature", "properties": { "capa": "comisarias", "popup": "<strong>RETEN ESTACION</strong><br><br><strong>Dirección:</strong> ARMANDO CORTINEZ 391", "etiqueta": "" }, "geometry": { "type": "Point", "coordinates": [ -72.310776174612016, -35.9840222792456 ] } },
{ "type": "Feature", "properties": { "capa": "comisarias", "popup": "<strong>RETEN POCILLAS</strong><br><br><strong>Dirección:</strong> CEMENTERIO S/N", "etiqueta": "" }, "geometry": { "type": "Point", "coordinates": [ -72.228932692999933, -36.161280867999949 ] } },
{ "type": "Feature", "properties": { "capa": "comisarias", "popup": "<strong>RETEN QUELLA</strong><br><br><strong>Dirección:</strong> PRINCIPAL S/N", "etiqueta": "" }, "geometry": { "type": "Point", "coordinates": [ -72.090947371999903, -36.057265090999913 ] } },
{ "type": "Feature", "properties": { "capa": "comisarias", "popup": "<strong>RETEN SAUZAL</strong><br><br><strong>Dirección:</strong> COMERCIO S/N", "etiqueta": "" }, "geometry": { "type": "Point", "coordinates": [ -72.126343203999909, -35.721061966999905 ] } },
{ "type": "Feature", "properties": { "capa": "salud", "popup": "<strong>Posta de Salud Rural Pocillas</strong><br><br><strong>Tipo de atención:</strong> Posta de Salud Rural (PSR)<br><strong>Dirección:</strong>  NA", "etiqueta": "" }, "geometry": { "type": "Point", "coordinates": [ -72.23107, -36.16172 ] } },
{ "type": "Feature", "properties": { "capa": "salud", "popup": "<strong>Posta de Salud Rural Tres Esquinas (Cauquenes)</strong><br><br><strong>Tipo de atención:</strong> Posta de Salud Rural (PSR)<br><strong>Dirección:</strong>  NA", "etiqueta": "" }, "geometry": { "type": "Point", "coordinates": [ -72.29366, -36.14417 ] } },
{ "type": "Feature", "properties": { "capa": "salud", "popup": "<strong>Posta de Salud Rural Cancha de Los Huevos</strong><br><br><strong>Tipo de atención:</strong> Posta de Salud Rural (PSR)<br><strong>Dirección:</strong>  NA", "etiqueta": "" }, "geometry": { "type": "Point", "coordinates": [ -72.47368, -36.09699 ] } },
{ "type": "Feature", "properties": { "capa": "salud", "popup": "<strong>Posta de Salud Rural Quella</strong><br><br><strong>Tipo de atención:</strong> Posta de Salud Rural (PSR)<br><strong>Dirección:</strong>  NA", "etiqueta": "" }, "geometry": { "type": "Point", "coordinates": [ -72.091152, -36.057582 ] } },
{ "type": "Feature", "properties": { "capa": "salud", "popup": "<strong>Posta de Salud Rural Coronel</strong><br><br><strong>Tipo de atención:</strong> Posta de Salud Rural (PSR)<br><strong>Dirección:</strong>  NA", "etiqueta": "" }, "geometry": { "type": "Point", "coordinates": [ -72.45526, -36.05285 ] } },
{ "type": "Feature", "properties": { "capa": "salud", "popup": "<strong>Centro de Salud Familiar Armando Williams</strong><br><br><strong>Tipo de atención:</strong> Centro de Salud Familiar (CESFAM)<br><strong>Dirección:</strong>  NA", "etiqueta": "" }, "geometry": { "type": "Point", "coordinates": [ -72.31324, -35.98253 ] } },
{ "type": "Feature", "properties": { "capa": "salud", "popup": "<strong>Posta de Salud Rural Pilén</strong><br><br><strong>Tipo de atención:</strong> Posta de Salud Rural (PSR)<br><strong>Dirección:</strong>  NA", "etiqueta": "" }, "geometry": { "type": "Point", "coordinates": [ -72.45443, -35.98133 ] } },
{ "type": "Feature", "properties": { "capa": "salud", "popup": "<strong>Posta de Salud Rural Cayurranquil</strong><br><br><strong>Tipo de atención:</strong> Posta de Salud Rural (PSR)<br><strong>Dirección:</strong>  NA", "etiqueta": "" }, "geometry": { "type": "Point", "coordinates": [ -72.552306, -35.971063 ] } },
{ "type": "Feature", "properties": { "capa": "salud", "popup": "<strong>Asociación Chilena de Seguridad AChS Cauquenes</strong><br><br><strong>Tipo de atención:</strong> Centro de Salud Privado<br><strong>Dirección:</strong>  479", "etiqueta": "" }, "geometry": { "type": "Point", "coordinates": [ -72.315916, -35.969134 ] } },
{ "type": "Feature", "properties": { "capa": "salud", "popup": "<strong>Centro Médico y Laboratorio Clínico San Rafael</strong><br><br><strong>Tipo de atención:</strong> Centro de Salud Privado<br><strong>Dirección:</strong>  322", "etiqueta": "" }, "geometry": { "type": "Point", "coordinates": [ -72.316047, -35.968468 ] } },
{ "type": "Feature", "properties": { "capa": "salud", "popup": "<strong>Centro Médico Cauquenes</strong><br><br><strong>Tipo de atención:</strong> Centro de Salud Privado<br><strong>Dirección:</strong>  241", "etiqueta": "" }, "geometry": { "type": "Point", "coordinates": [ -72.315012, -35.968242 ] } },
{ "type": "Feature", "properties": { "capa": "salud", "popup": "<strong>Policlínico Centro de Cumplimiento Penitenciario de Cauquenes</strong><br><br><strong>Tipo de atención:</strong> Centro de Salud Privado<br><strong>Dirección:</strong>  NA", "etiqueta": "" }, "geometry": { "type": "Point", "coordinates": [ -72.354795, -35.967326 ] } },
{ "type": "Feature", "properties": { "capa": "salud", "popup": "<strong>Posta de Salud Rural Santa Sofía</strong><br><br><strong>Tipo de atención:</strong> Posta de Salud Rural (PSR)<br><strong>Dirección:</strong>  NA", "etiqueta": "" }, "geometry": { "type": "Point", "coordinates": [ -72.35595, -35.96715 ] } },
{ "type": "Feature", "properties": { "capa": "salud", "popup": "<strong>Centro de Salud Mutual CChC Cauquenes</strong><br><br><strong>Tipo de atención:</strong> Centro de Salud Privado<br><strong>Dirección:</strong>  460", "etiqueta": "" }, "geometry": { "type": "Point", "coordinates": [ -72.315571, -35.965256 ] } },
{ "type": "Feature", "properties": { "capa": "salud", "popup": "<strong>SAR Dr. Juan Saavedra Macaya</strong><br><br><strong>Tipo de atención:</strong> Servicio de Atención Primaria de Urgencia de Alta Resolutividad (SAR)<br><strong>Dirección:</strong>  680", "etiqueta": "" }, "geometry": { "type": "Point", "coordinates": [ -72.317408, -35.964271 ] } },
{ "type": "Feature", "properties": { "capa": "salud", "popup": "<strong>Hospital San Juan de Dios (Cauquenes)</strong><br><br><strong>Tipo de atención:</strong> Hospital<br><strong>Dirección:</strong>  NA", "etiqueta": "" }, "geometry": { "type": "Point", "coordinates": [ -72.32527, -35.963105 ] } },
{ "type": "Feature", "properties": { "capa": "salud", "popup": "<strong>Centro Comunitario de Salud Familiar Rosita O'Higgins</strong><br><br><strong>Tipo de atención:</strong> Centro Comunitario de Salud Familiar (CECOSF)<br><strong>Dirección:</strong>  24", "etiqueta": "" }, "geometry": { "type": "Point", "coordinates": [ -72.33618, -35.9621 ] } },
{ "type": "Feature", "properties": { "capa": "salud", "popup": "<strong>Centro Comunitario de Salud Familiar Población Fernández</strong><br><br><strong>Tipo de atención:</strong> Centro Comunitario de Salud Familiar (CECOSF)<br><strong>Dirección:</strong>  NA", "etiqueta": "" }, "geometry": { "type": "Point", "coordinates": [ -72.29983, -35.95794 ] } },
{ "type": "Feature", "properties": { "capa": "salud", "popup": "<strong>Centro de Salud Familiar Dr. Ricardo Valdés Hurtado</strong><br><br><strong>Tipo de atención:</strong> Centro de Salud Familiar (CESFAM)<br><strong>Dirección:</strong>  NA", "etiqueta": "" }, "geometry": { "type": "Point", "coordinates": [ -72.3466, -35.9504 ] } },
{ "type": "Feature", "properties": { "capa": "salud", "popup": "<strong>Posta de Salud Rural Santo Toribio</strong><br><br><strong>Tipo de atención:</strong> Posta de Salud Rural (PSR)<br><strong>Dirección:</strong>  NA", "etiqueta": "" }, "geometry": { "type": "Point", "coordinates": [ -72.033336, -35.834129 ] } },
{ "type": "Feature", "properties": { "capa": "salud", "popup": "<strong>Posta de Salud Rural Tapihue</strong><br><br><strong>Tipo de atención:</strong> Posta de Salud Rural (PSR)<br><strong>Dirección:</strong>  NA", "etiqueta": "" }, "geometry": { "type": "Point", "coordinates": [ -72.303509, -35.772709 ] } },
{ "type": "Feature", "properties": { "capa": "salud", "popup": "<strong>Posta de Salud Rural Sauzal</strong><br><br><strong>Tipo de atención:</strong> Posta de Salud Rural (PSR)<br><strong>Dirección:</strong>  NA", "etiqueta": "" }, "geometry": { "type": "Point", "coordinates": [ -72.126494, -35.721347 ] } },
{ "type": "Feature", "properties": { "capa": "salud", "popup": "<strong>Sociedad Medica Coromoto SPA</strong><br><br><strong>Tipo de atención:</strong> Centro de Salud Privado<br><strong>Dirección:</strong>  241", "etiqueta": "" }, "geometry": { "type": "Point", "coordinates": [ -72.315290299999944, -35.969525619999956 ] } },
{ "type": "Feature", "properties": { "capa": "salud", "popup": "<strong>Centro de Salud Médico Estético y Odontológico SPA</strong><br><br><strong>Tipo de atención:</strong> Centro de Salud Privado<br><strong>Dirección:</strong>  736", "etiqueta": "" }, "geometry": { "type": "Point", "coordinates": [ -72.31498686999997, -35.963447459999927 ] } }
]
}
