{
"type": "FeatureCollection",
"name": "7202",
"crs": { "type": "name", "properties": { "name": "urn:ogc:def:crs:OGC:1.3:CRS84" } },
"features": [
{ "type": "Feature", "properties": { "capa": "comuna", "popup": "", "etiqueta": "" }, "geometry": { "type": "Polygon", "coordinates": [ [ [ -72.564345623004755, -35.755282017416221 ], [ -72.56589818490356, -35.752508318846289 ], [ -72.565990701496361, -35.752433304917147 ], [ -72.566014360425996, -35.75241530523796 ], [ -72.566069273541004, -35.752384058397581 ], [ -72.566095007578951, -35.752366911669547 ], [ -72.566129673565754, -35.752336065775516 ], [ -72.566152693793228, -35.75231363722861 ], [ -72.566173629929239, -35.75229062545273 ], [ -72.566190140964167, -35.752267704069745 ], [ -72.566229815058691, -35.75218134476021 ], [ -72.566341119017338, -35.751965105618766 ], [ -72.566359262291144, -35.751928515528839 ], [ -72.566377295970454, -35.751884623437476 ], [ -72.566459995773812, -35.75163454463906 ], [ -72.566468397716676, -35.75160920558853 ], [ -72.566477650364106, -35.751584965914347 ], [ -72.566488961051846, -35.751562119418715 ], [ -72.566504002442969, -35.75154025055275 ], [ -72.566543734029679, -35.751499140976087 ], [ -72.566559657566387, -35.751477379990106 ], [ -72.566570884710814, -35.751453630187989 ], [ -72.56666172235235, -35.751179558839709 ], [ -72.566674336495566, -35.751139342878389 ], [ -72.566691188890303, -35.751068926440354 ], [ -72.566709684303689, -35.750937249400323 ], [ -72.566714396865649, -35.75090958229994 ], [ -72.56672855970443, -35.750854795580473 ], [ -72.566931403787166, -35.750239568218603 ], [ -72.566953701769137, -35.750171875435925 ], [ -72.566967063310685, -35.750132485705919 ], [ -72.56697767600744, -35.750107191378127 ], [ -72.566984347795056, -35.750095067303448 ], [ -72.56700216677703, -35.750072713217016 ], [ -72.567051249825838, -35.750029540402601 ], [ -72.567064676046087, -35.75001710209591 ], [ -72.567077347681476, -35.750004018578693 ], [ -72.567088262212181, -35.749990538456458 ], [ -72.567103570402935, -35.74996353664929 ], [ -72.567121192653858, -35.749922249828082 ], [ -72.567133734931872, -35.74989528226309 ], [ -72.567147886990838, -35.749869879960428 ], [ -72.567164433060057, -35.749845787753841 ], [ -72.567193819647954, -35.749810327447726 ], [ -72.567270032716664, -35.749733179228279 ], [ -72.567291448553036, -35.74971252008595 ], [ -72.56730510384368, -35.749696211921332 ], [ -72.567316168393035, -35.749670566051648 ], [ -72.567383277934638, -35.749467491911346 ], [ -72.567394258940681, -35.749433642647169 ], [ -72.567402800122395, -35.749403710579983 ], [ -72.567407910638053, -35.749377493036938 ], [ -72.56740969199727, -35.749351659697339 ], [ -72.56740155595574, -35.749299305493487 ], [ -72.567398152239107, -35.74927309739379 ], [ -72.567398210629605, -35.749260299544225 ], [ -72.567402708494242, -35.749236053322228 ], [ -72.567407783077272, -35.749225519186908 ], [ -72.567415029786687, -35.749216291519431 ], [ -72.567459841346306, -35.749186281361439 ], [ -72.567471937161613, -35.749177602669228 ], [ -72.567492262443238, -35.74915647095375 ], [ -72.567543603856663, -35.749086300640926 ], [ -72.56756134827846, -35.749062773946044 ], [ -72.567581007908458, -35.749041718751201 ], [ -72.567615183415128, -35.749016000493867 ], [ -72.567637379887472, -35.748998782321515 ], [ -72.567646149241284, -35.748990396690402 ], [ -72.567657701575854, -35.74897413503755 ], [ -72.567673612536154, -35.748941826794301 ], [ -72.567684319556022, -35.748916985562964 ], [ -72.567701901382762, -35.748866143872071 ], [ -72.567714527204089, -35.748825476182645 ], [ -72.567721425367154, -35.748798665723065 ], [ -72.567725130019383, -35.748775033958459 ], [ -72.567722751280513, -35.748747854577154 ], [ -72.567721441536833, -35.748725474595183 ], [ -72.567725234223957, -35.748698960100789 ], [ -72.567777918618731, -35.748533812979687 ], [ -72.567808973378106, -35.748439887771156 ], [ -72.567832398745765, -35.748371406068401 ], [ -72.567842583844453, -35.748345562924449 ], [ -72.567849048121261, -35.748332983645142 ], [ -72.567856943414284, -35.748320614334482 ], [ -72.567913370190539, -35.748264969910274 ], [ -72.567922757585251, -35.748254433459259 ], [ -72.567937742382512, -35.748230759247242 ], [ -72.567955529923452, -35.748191278881507 ], [ -72.567967020274253, -35.74816978820364 ], [ -72.567993981410879, -35.748141309419466 ], [ -72.568008663475865, -35.748123939412061 ], [ -72.56801729628576, -35.748109151754946 ], [ -72.568044028351991, -35.748030101207959 ], [ -72.568056925464518, -35.747991422717149 ], [ -72.568061511364036, -35.747978805470368 ], [ -72.568066969527706, -35.747966567336874 ], [ -72.568074398595115, -35.747954999944142 ], [ -72.568114644018152, -35.747918768170365 ], [ -72.568129588391216, -35.747903656768685 ], [ -72.568173864554936, -35.747833073427273 ], [ -72.568198479292036, -35.747798146632384 ], [ -72.568243926858884, -35.747743541496732 ], [ -72.568257060228333, -35.747726140052528 ], [ -72.568280947330081, -35.747671549448881 ], [ -72.568293099739222, -35.747646466498594 ], [ -72.568300630316273, -35.747635172460974 ], [ -72.568309564960074, -35.747624986609729 ], [ -72.568358494396975, -35.747586766507993 ], [ -72.568369056788086, -35.747577605725141 ], [ -72.568375830983641, -35.747569359926018 ], [ -72.568394656977048, -35.747517551353852 ], [ -72.568433525282771, -35.747399356292362 ], [ -72.568441937107082, -35.747373656460233 ], [ -72.568449323953672, -35.747348928474942 ], [ -72.568452103341158, -35.747337537428265 ], [ -72.568453514594466, -35.747327471107049 ], [ -72.568453110352579, -35.747318989062094 ], [ -72.568447079962084, -35.747302732900366 ], [ -72.568412427449999, -35.747246056853172 ], [ -72.568398948229159, -35.747220275315186 ], [ -72.568393818848904, -35.747207191338212 ], [ -72.568390746610618, -35.747195502079585 ], [ -72.568390734034196, -35.747177744726876 ], [ -72.56839876227788, -35.747106518425959 ], [ -72.568402734628094, -35.747081360202806 ], [ -72.568437553328508, -35.746954519825643 ], [ -72.56844549084235, -35.746922592070106 ], [ -72.568451258026471, -35.746892963813117 ], [ -72.568454015854385, -35.746860479746339 ], [ -72.568453306185319, -35.74682927811515 ], [ -72.56845153111432, -35.746818605136411 ], [ -72.568434749686489, -35.746788701248938 ], [ -72.568428867518008, -35.746774881560484 ], [ -72.568425998299006, -35.746752920244205 ], [ -72.568427089752063, -35.746724278368369 ], [ -72.568432472457246, -35.746696354625641 ], [ -72.568476577941084, -35.746558705012305 ], [ -72.568493504895969, -35.746507489254491 ], [ -72.568506830504901, -35.746469270074329 ], [ -72.568511375081911, -35.746458005032913 ], [ -72.568520857698061, -35.746440709753635 ], [ -72.568531261985669, -35.746429473142385 ], [ -72.568592973550736, -35.746396288238344 ], [ -72.568618219803497, -35.746380573596426 ], [ -72.568627516468354, -35.746373010094572 ], [ -72.568633591774628, -35.746365921953867 ], [ -72.568640952570064, -35.746349305430577 ], [ -72.568662026148317, -35.746285373596585 ], [ -72.568669186619459, -35.746260820982314 ], [ -72.56867327305568, -35.746239180321119 ], [ -72.568663064600784, -35.746193093465081 ], [ -72.56865906979273, -35.746168135451427 ], [ -72.568660169330627, -35.746142919333991 ], [ -72.568670198122476, -35.746104002244458 ], [ -72.568677158269281, -35.746075119536989 ], [ -72.5686790402398, -35.746060555328441 ], [ -72.568679132766277, -35.746046586051023 ], [ -72.568677435848699, -35.746033301382575 ], [ -72.568673952182039, -35.746020610916801 ], [ -72.568662620833038, -35.74599694697671 ], [ -72.568633862167545, -35.745957335725592 ], [ -72.568613994128413, -35.745923492988595 ], [ -72.568571926023651, -35.745874328473192 ], [ -72.568561365429161, -35.745861675894623 ], [ -72.568553021876795, -35.745848798026039 ], [ -72.56854720348872, -35.74583651144529 ], [ -72.568543994706516, -35.745825720221234 ], [ -72.568543375767277, -35.745816964608409 ], [ -72.56854472503683, -35.745808969433099 ], [ -72.568551170448984, -35.745789720057282 ], [ -72.568557146042266, -35.745778664167922 ], [ -72.568566738252883, -35.745768672745655 ], [ -72.568580784310655, -35.745761295103129 ], [ -72.568653262184412, -35.745744913220101 ], [ -72.56866763073738, -35.745741417970756 ], [ -72.568677920938967, -35.745737570571613 ], [ -72.568684899950398, -35.745733475282208 ], [ -72.568693605523819, -35.74572355530492 ], [ -72.568708590321066, -35.745685279608544 ], [ -72.568755615329565, -35.745542461914191 ], [ -72.56876817647219, -35.745503956467211 ], [ -72.568775123144277, -35.745479128744734 ], [ -72.568777910616603, -35.745431142166233 ], [ -72.568782190190618, -35.745403106418848 ], [ -72.56878543041384, -35.745380186697737 ], [ -72.568784969578118, -35.74536990140146 ], [ -72.568781997951149, -35.74536217959065 ], [ -72.568758247393347, -35.745343311421927 ], [ -72.568747322082856, -35.745335338800871 ], [ -72.568737550209207, -35.745325856958324 ], [ -72.568730254092472, -35.745314892870176 ], [ -72.56872565112495, -35.745302631725274 ], [ -72.568723734120141, -35.745289341829036 ], [ -72.568726801866831, -35.745261191564154 ], [ -72.568763070448114, -35.745137535884915 ], [ -72.568842645910934, -35.744895142432469 ], [ -72.568880537747916, -35.744779902153198 ], [ -72.56889645769138, -35.744732722264196 ], [ -72.568907135965176, -35.744705175495497 ], [ -72.568911946443521, -35.744696078541565 ], [ -72.568916670683592, -35.744689774031805 ], [ -72.568928196966993, -35.744681624903606 ], [ -72.569007022336564, -35.744645541105008 ], [ -72.569039416484017, -35.744631052461145 ], [ -72.569053700595347, -35.744623139554825 ], [ -72.569065888937118, -35.744615002814477 ], [ -72.569075318552677, -35.744606720253536 ], [ -72.569081533996112, -35.744598644026681 ], [ -72.569109757265707, -35.744517730060416 ], [ -72.569122599581007, -35.744480853655986 ], [ -72.569128269747097, -35.744468889855412 ], [ -72.569135364641198, -35.744457405800873 ], [ -72.56915346479586, -35.744436679670208 ], [ -72.569174220370499, -35.744419521751709 ], [ -72.569182629499878, -35.744412030244462 ], [ -72.569188149647303, -35.744405020672005 ], [ -72.569214932019179, -35.744327863567875 ], [ -72.569231482579966, -35.744274477297033 ], [ -72.56924042441031, -35.74424220797588 ], [ -72.569248113090822, -35.744211176657444 ], [ -72.569250327437985, -35.744196528990202 ], [ -72.56925085205414, -35.74418292831156 ], [ -72.569249671667848, -35.744170825936656 ], [ -72.569247100689509, -35.744160859102067 ], [ -72.569210329949982, -35.744104771391541 ], [ -72.569193704829019, -35.744077033380385 ], [ -72.569189374051035, -35.744066760310488 ], [ -72.569187959204442, -35.74405870954751 ], [ -72.569189696546218, -35.744045224043745 ], [ -72.569302051533739, -35.743702900298494 ], [ -72.569367837856944, -35.743502953391847 ], [ -72.569399994849178, -35.743405354096055 ], [ -72.56941716434919, -35.743353421781386 ], [ -72.569427343159674, -35.74332775782765 ], [ -72.569464453462388, -35.743252702435854 ], [ -72.569494695246419, -35.743207163600886 ], [ -72.569525304441413, -35.743145948831454 ], [ -72.569545680028682, -35.74311219822561 ], [ -72.569562938461928, -35.743079105994177 ], [ -72.56957269775917, -35.743052712839066 ], [ -72.569581941423451, -35.743014139838458 ], [ -72.569608041075725, -35.742937600404048 ], [ -72.569646052388649, -35.742832908314199 ], [ -72.569656736052309, -35.742805182254877 ], [ -72.569669631368214, -35.742777409522446 ], [ -72.569677332625147, -35.742764134516065 ], [ -72.569685890874865, -35.742751778922347 ], [ -72.569705785863462, -35.742730186887023 ], [ -72.569752033829232, -35.742692723445074 ], [ -72.569773932060912, -35.74267072163029 ], [ -72.569793515334112, -35.742644797161795 ], [ -72.569809640991778, -35.742616279215937 ], [ -72.570027133003521, -35.742004946581012 ], [ -72.570074868579411, -35.741874941738374 ], [ -72.57009330829726, -35.741824837797978 ], [ -72.570104951361657, -35.741798302047762 ], [ -72.570118722534957, -35.741774423218963 ], [ -72.570145113241381, -35.741739172221585 ], [ -72.570189441507381, -35.741688509685694 ], [ -72.570210197082005, -35.741664051169074 ], [ -72.570229328502634, -35.741638477811428 ], [ -72.570248264090495, -35.74160839480033 ], [ -72.570283442117045, -35.741542313338712 ], [ -72.570304792376376, -35.741494611663207 ], [ -72.570335233586434, -35.741417077695651 ], [ -72.570493831149832, -35.740971668240988 ], [ -72.570592600915319, -35.740693967624971 ], [ -72.57066422538955, -35.740490892457451 ], [ -72.570697731651336, -35.740396114146854 ], [ -72.570710312556884, -35.74036049359556 ], [ -72.570720410518987, -35.740326536191937 ], [ -72.570727756941395, -35.740288556118166 ], [ -72.570732663539459, -35.740199870253008 ], [ -72.570737288066553, -35.740167784481663 ], [ -72.570761697089452, -35.740081294652164 ], [ -72.570771782475148, -35.740044091725174 ], [ -72.570777725729059, -35.740015908981583 ], [ -72.570783499201397, -35.73996780171818 ], [ -72.570784442432441, -35.73995132531283 ], [ -72.570779845753137, -35.739840633558572 ], [ -72.570779672378293, -35.739809983324328 ], [ -72.57078466341801, -35.739780339295507 ], [ -72.570801790697217, -35.73972245626419 ], [ -72.570853229128687, -35.739576031001242 ], [ -72.570869585653398, -35.73952894937937 ], [ -72.570879413222599, -35.739496607407581 ], [ -72.570885678073395, -35.73946509664885 ], [ -72.570887925658241, -35.739431160008571 ], [ -72.570887009376648, -35.739414015594171 ], [ -72.570880492099263, -35.739381073488076 ], [ -72.570853722303781, -35.739305177314435 ], [ -72.570845642856128, -35.739276351201205 ], [ -72.570839188460809, -35.739248638486195 ], [ -72.570837382847074, -35.739220749307755 ], [ -72.5708484330234, -35.739122723314139 ], [ -72.570853010838093, -35.739095774694015 ], [ -72.570910781494007, -35.738893771677056 ], [ -72.571074177857668, -35.738424751913882 ], [ -72.571124651498536, -35.738262713018592 ], [ -72.571235859337435, -35.737942988780809 ], [ -72.571320545315913, -35.737681046463074 ], [ -72.571558740800015, -35.737002345284573 ], [ -72.571673988362747, -35.736673237384331 ], [ -72.571711267548736, -35.736566997045088 ], [ -72.571725573219638, -35.736521856889368 ], [ -72.571731395200999, -35.736490336203282 ], [ -72.571733239442281, -35.736458734566511 ], [ -72.571727672582455, -35.736358118791493 ], [ -72.571725707068609, -35.7363136420663 ], [ -72.571725862477166, -35.736268485725091 ], [ -72.571728181028902, -35.73623950903152 ], [ -72.571734641712425, -35.736212417975516 ], [ -72.571861978802275, -35.73584921114093 ], [ -72.5718898041182, -35.735770271650928 ], [ -72.57191046357309, -35.73571615556579 ], [ -72.571936353019595, -35.735660883692596 ], [ -72.572035062597962, -35.735410220890984 ], [ -72.572045592649715, -35.735383843423158 ], [ -72.572058189724942, -35.735358588159883 ], [ -72.57207482203242, -35.735335128138686 ], [ -72.572116788627554, -35.735292890166214 ], [ -72.572137285487401, -35.735269597108847 ], [ -72.572156910981391, -35.73524223082034 ], [ -72.572174114617425, -35.735210850360382 ], [ -72.572196703653546, -35.735155060414911 ], [ -72.572218583918925, -35.7350934872577 ], [ -72.572230618648774, -35.73505758505587 ], [ -72.57223836122823, -35.735028356352352 ], [ -72.572241725418962, -35.734972179080785 ], [ -72.572245949297425, -35.734945944388542 ], [ -72.57234217772897, -35.734667739303418 ], [ -72.572367470694118, -35.734595689491734 ], [ -72.572380357026859, -35.734553584568957 ], [ -72.572384783026266, -35.734527984864208 ], [ -72.572384173070191, -35.73450805242539 ], [ -72.572380055192923, -35.734490753091592 ], [ -72.572376430490749, -35.734468145239674 ], [ -72.57238327026333, -35.734381210974419 ], [ -72.572381688330125, -35.734298612396636 ], [ -72.572381225697754, -35.734262909635454 ], [ -72.572384411123736, -35.734241701041441 ], [ -72.572471790251413, -35.733996397737691 ], [ -72.572506626918155, -35.733897679867489 ], [ -72.57252481690432, -35.733848381045277 ], [ -72.572537460691962, -35.733817899136596 ], [ -72.572553185701011, -35.733787930571523 ], [ -72.572581366749787, -35.733751813396871 ], [ -72.572599205494697, -35.733728647498438 ], [ -72.572614041171619, -35.733702446668879 ], [ -72.572630695038669, -35.73366005834464 ], [ -72.57265127095026, -35.733597737331166 ], [ -72.572680558723462, -35.733485116030103 ], [ -72.572698343569442, -35.733427335615062 ], [ -72.572827807869885, -35.733062909244261 ], [ -72.572869181576934, -35.732945483910335 ], [ -72.572889205024595, -35.732886758052722 ], [ -72.572905281274942, -35.732837866960338 ], [ -72.572912832513211, -35.73280764280409 ], [ -72.572924194404933, -35.732721069871531 ], [ -72.572931685456069, -35.732678225269957 ], [ -72.572942746412167, -35.732637977356219 ], [ -72.573045758022431, -35.732343683648622 ], [ -72.573086038479772, -35.732229481100802 ], [ -72.573105760991837, -35.732173363108672 ], [ -72.573114152154915, -35.73214459785509 ], [ -72.573118242184393, -35.732115476005973 ], [ -72.573116427587522, -35.732087857054957 ], [ -72.573107783997841, -35.732048472961075 ], [ -72.573101758098929, -35.732024825285983 ], [ -72.573097836054387, -35.732015643023622 ], [ -72.573060538902126, -35.731973336202806 ], [ -72.573055349334723, -35.7319658406076 ], [ -72.573052566353965, -35.731959204026403 ], [ -72.573052501675278, -35.73194676362548 ], [ -72.573199938569587, -35.731525462394856 ], [ -72.573253063138864, -35.731374111491981 ], [ -72.573277011326027, -35.731306270678246 ], [ -72.573281603513749, -35.7312933838923 ], [ -72.573286469687645, -35.731282394536663 ], [ -72.573291924258058, -35.731273851715358 ], [ -72.57331110239106, -35.731261169106062 ], [ -72.573320050509594, -35.731250442265512 ], [ -72.573347006256341, -35.731181850977386 ], [ -72.57335693533517, -35.731164294234986 ], [ -72.573368821843019, -35.731151464305377 ], [ -72.573383267651081, -35.731134448639068 ], [ -72.573390119101759, -35.731123590521477 ], [ -72.573401090226341, -35.73109722184298 ], [ -72.57341017219386, -35.731063873036 ], [ -72.573417329071717, -35.73102841384361 ], [ -72.573419464367149, -35.731012682313072 ], [ -72.573420887298568, -35.730969445199371 ], [ -72.573419353874357, -35.73092524694497 ], [ -72.573417492565099, -35.730895553667388 ], [ -72.573413897507322, -35.730864654970532 ], [ -72.57341070219988, -35.730849717533353 ], [ -72.573400364387567, -35.730822467131183 ], [ -72.573380617620998, -35.730784661913567 ], [ -72.573375154067449, -35.730771662013311 ], [ -72.573371148479595, -35.730757970075899 ], [ -72.573369136253362, -35.730744138854043 ], [ -72.573369108405586, -35.730730437431966 ], [ -72.573374884572857, -35.73070405330953 ], [ -72.573454475307031, -35.730478332011891 ], [ -72.573471582823302, -35.730431896211904 ], [ -72.573491394268586, -35.7303874074261 ], [ -72.573520899434087, -35.730333109021871 ], [ -72.573532489497879, -35.730308194165545 ], [ -72.573540983068881, -35.730283307741381 ], [ -72.573544575431711, -35.730270580491293 ], [ -72.573547073646509, -35.730257471122606 ], [ -72.573547931537618, -35.730243787118368 ], [ -72.573540501571898, -35.730200822319503 ], [ -72.573537376333036, -35.730187238210128 ], [ -72.573534949085129, -35.730161590431038 ], [ -72.573540596793322, -35.730135745022025 ], [ -72.573572681920311, -35.730043820997174 ], [ -72.573586629163415, -35.729999484404189 ], [ -72.573600854884262, -35.72994235266534 ], [ -72.573610443501607, -35.729895945722191 ], [ -72.573617014677907, -35.729854254707192 ], [ -72.573620499242892, -35.729823227261171 ], [ -72.573621309523276, -35.729792867781732 ], [ -72.573620187527496, -35.729778873043763 ], [ -72.573613909201981, -35.729752606742103 ], [ -72.573581389290368, -35.729669474667972 ], [ -72.57356458720129, -35.729629384936402 ], [ -72.573543555843855, -35.729590201625257 ], [ -72.573537078990668, -35.729577811900853 ], [ -72.573531920864298, -35.72956562927768 ], [ -72.57352864470846, -35.729553394876838 ], [ -72.57352736191423, -35.729541020460672 ], [ -72.573530338931079, -35.729515751676679 ], [ -72.573758783202791, -35.728861815277526 ], [ -72.573812004790099, -35.728710826852009 ], [ -72.57382785735993, -35.728665627549802 ], [ -72.573836399439969, -35.728639118771689 ], [ -72.573842964328065, -35.728612210358428 ], [ -72.573844937926751, -35.728598188430936 ], [ -72.573838906637917, -35.7285419110923 ], [ -72.573837899626497, -35.728527738927731 ], [ -72.573840315196279, -35.728499124040724 ], [ -72.57385269128595, -35.728455566881749 ], [ -72.574159060815276, -35.727586691057702 ], [ -72.57418308985082, -35.727519753482163 ], [ -72.574193636072266, -35.727492744053492 ], [ -72.574205616903214, -35.727465854213598 ], [ -72.574219341364113, -35.727439811030749 ], [ -72.574235465225144, -35.727414807029412 ], [ -72.574253948062136, -35.727392195710301 ], [ -72.574275469899703, -35.727371446906027 ], [ -72.574329748804104, -35.727327653580382 ], [ -72.574371863621266, -35.727291276048248 ], [ -72.574396799955238, -35.727267261602655 ], [ -72.574417979534687, -35.727243261005761 ], [ -72.574452014904168, -35.727188964104407 ], [ -72.574496925278495, -35.727129657887822 ], [ -72.574512450861548, -35.727106174294093 ], [ -72.574561316518057, -35.72698934983913 ], [ -72.574576834016256, -35.72695153478027 ], [ -72.574597848305714, -35.726907430558683 ], [ -72.574616314972999, -35.726874451920636 ], [ -72.574635488614433, -35.726843651572658 ], [ -72.574667010497748, -35.72679930809349 ], [ -72.574756854602569, -35.726694487583252 ], [ -72.574777425124267, -35.726668671678262 ], [ -72.574796902396258, -35.726638778454195 ], [ -72.574839290301256, -35.726553281773278 ], [ -72.574878638307325, -35.726462314785067 ], [ -72.574891154534185, -35.72643597738027 ], [ -72.574908901650943, -35.726408481893408 ], [ -72.574931271498144, -35.726381621587386 ], [ -72.574975250319511, -35.726338430820576 ], [ -72.574996266405577, -35.726316139343794 ], [ -72.575036582795519, -35.72626611531318 ], [ -72.575433465674578, -35.725360661437634 ], [ -72.575506185195138, -35.725171576993056 ], [ -72.575527324350404, -35.725116027239942 ], [ -72.575537232767985, -35.725088195100575 ], [ -72.575545378690975, -35.725060145626735 ], [ -72.575549848707851, -35.725033014303939 ], [ -72.57554549457366, -35.724925031503957 ], [ -72.575547268746334, -35.724902983210882 ], [ -72.575597772031614, -35.724768524444606 ], [ -72.575617104674848, -35.724717897056181 ], [ -72.575624817609878, -35.724693174432204 ], [ -72.575632900650803, -35.724627086226178 ], [ -72.575638020149597, -35.724600417849913 ], [ -72.57566356015144, -35.724527289802531 ], [ -72.575971210678375, -35.723724325950101 ], [ -72.576054751304852, -35.723506343810215 ], [ -72.576076910047973, -35.723446308476632 ], [ -72.576086827448719, -35.723414509130677 ], [ -72.576094967981803, -35.72337933897947 ], [ -72.576100041666521, -35.723346902204376 ], [ -72.576100566282676, -35.723318608533347 ], [ -72.576096219334985, -35.723290668559819 ], [ -72.576072731085262, -35.723204924701072 ], [ -72.576069828628576, -35.72319125552972 ], [ -72.576068457799465, -35.723178158123197 ], [ -72.576068844973349, -35.723165366289201 ], [ -72.576075061315109, -35.723138990600305 ], [ -72.576112581249589, -35.723042578434715 ], [ -72.576133325146131, -35.722989094753103 ], [ -72.576144013301388, -35.722964702693361 ], [ -72.576149060036656, -35.722954978977498 ], [ -72.576159873057719, -35.722941045028399 ], [ -72.576194727690734, -35.722914346186521 ], [ -72.576207506225657, -35.722901173616876 ], [ -72.576218121617373, -35.722882818656267 ], [ -72.576239777303925, -35.722832056607913 ], [ -72.576294028360579, -35.722690551502374 ], [ -72.576335045436437, -35.722580869903858 ], [ -72.576348501301084, -35.722541750950448 ], [ -72.576368688242141, -35.722437326683227 ], [ -72.576374602749979, -35.722409954526853 ], [ -72.576377638157325, -35.722382704154526 ], [ -72.576372434216893, -35.722302737586013 ], [ -72.576373530161533, -35.722277520474279 ], [ -72.576377205169351, -35.722251093440207 ], [ -72.57638378443049, -35.722223645372281 ], [ -72.576425197663397, -35.722111806577004 ], [ -72.576439368587017, -35.722070990300438 ], [ -72.576463435351798, -35.721951591303657 ], [ -72.576486343289844, -35.721859481341802 ], [ -72.576492359307309, -35.721828776052718 ], [ -72.576494154141244, -35.721813308173168 ], [ -72.576495065931269, -35.721797822787202 ], [ -72.576494228701421, -35.721767068610731 ], [ -72.576478705813301, -35.721651920300168 ], [ -72.576470839266364, -35.721601465236084 ], [ -72.576468877345789, -35.721582316487265 ], [ -72.576469317520264, -35.721553211197048 ], [ -72.576474143269976, -35.721525274980266 ], [ -72.576532531068494, -35.721363933929034 ], [ -72.576547916514357, -35.721319445183781 ], [ -72.576556731682246, -35.721287533404123 ], [ -72.576562421611271, -35.721252945034706 ], [ -72.57656387688202, -35.721219533031885 ], [ -72.576561124443984, -35.721190003148919 ], [ -72.576540694059489, -35.721105493216413 ], [ -72.576535148759234, -35.721076897542602 ], [ -72.576534972689444, -35.721049852381014 ], [ -72.576540173036619, -35.721009575982642 ], [ -72.576540588058293, -35.720995883096535 ], [ -72.576536646250815, -35.720969123069636 ], [ -72.576528799466814, -35.720943546712675 ], [ -72.576523107741153, -35.720919814786626 ], [ -72.576522198646103, -35.72090970136658 ], [ -72.576525249324803, -35.720892907412413 ], [ -72.576570788519817, -35.720768894449662 ], [ -72.576584814814652, -35.720729155416123 ], [ -72.576611856799673, -35.720620994663363 ], [ -72.57661831658487, -35.720593812235137 ], [ -72.576621226228085, -35.720567100208257 ], [ -72.576618470196777, -35.720541355249502 ], [ -72.576592194474728, -35.720460062388035 ], [ -72.576584568676282, -35.720434489514211 ], [ -72.576579061105278, -35.720408329529384 ], [ -72.576575116602868, -35.720367057284022 ], [ -72.576574307220781, -35.720328100611546 ], [ -72.576574584800227, -35.720315306861252 ], [ -72.576574866871198, -35.720302332966583 ], [ -72.576577606732812, -35.720233793513962 ], [ -72.576583180779153, -35.720188475627552 ], [ -72.576609689164869, -35.720079673065619 ], [ -72.57663467849946, -35.719948034479209 ], [ -72.57667578900012, -35.719773184574599 ], [ -72.576683083320233, -35.71974764211204 ], [ -72.576687917154771, -35.719719436140636 ], [ -72.576688950217331, -35.719688990396463 ], [ -72.576681347775107, -35.719604287788016 ], [ -72.576681677456804, -35.719575181045919 ], [ -72.576686788870774, -35.71954508678283 ], [ -72.576708750882844, -35.719473239172565 ], [ -72.576720620322703, -35.719428048486151 ], [ -72.576727053158436, -35.719398162755752 ], [ -72.576730776675291, -35.719370114925191 ], [ -72.576733053006222, -35.719273082643703 ], [ -72.576740229647015, -35.719211302477213 ], [ -72.576743905553172, -35.719181179632749 ], [ -72.576739394213817, -35.719114837422694 ], [ -72.576736928338349, -35.71908314939445 ], [ -72.576737476310683, -35.719054135816521 ], [ -72.576743690855807, -35.719013158249602 ], [ -72.576756038199392, -35.71895950484565 ], [ -72.576773156495449, -35.718905227095611 ], [ -72.577040481649277, -35.718206275505828 ], [ -72.577208304910641, -35.717770775659631 ], [ -72.577288986199576, -35.717562920250849 ], [ -72.577304972618379, -35.717524121934268 ], [ -72.577317742170138, -35.71749661680753 ], [ -72.577350280048051, -35.717447787015459 ], [ -72.577364164409062, -35.717423639778779 ], [ -72.577420171672102, -35.717282348977719 ], [ -72.577550395947256, -35.716942177739739 ], [ -72.5775904769786, -35.716837704560447 ], [ -72.57760011051171, -35.716811577674328 ], [ -72.577606846978028, -35.716786204931083 ], [ -72.577608950832428, -35.716764163137896 ], [ -72.57760489404059, -35.716741187036313 ], [ -72.577605159043614, -35.716725147084922 ], [ -72.577614894984649, -35.716691992833567 ], [ -72.577791398666633, -35.716228723871488 ], [ -72.577814089212396, -35.716169238825699 ], [ -72.577830399024691, -35.716123416828232 ], [ -72.577837768803263, -35.716091746573717 ], [ -72.577839465720857, -35.716075826106632 ], [ -72.577838224249135, -35.716025595071962 ], [ -72.577837581055377, -35.715992049592224 ], [ -72.577841548913995, -35.715959590116853 ], [ -72.577850597643859, -35.715927232738892 ], [ -72.578204943497568, -35.714999999080682 ], [ -72.578341522455048, -35.714643188395989 ], [ -72.578412452531566, -35.71445785157136 ], [ -72.578461004676043, -35.714329030029177 ], [ -72.578471457472702, -35.714301387406245 ], [ -72.578479866602066, -35.71427550694716 ], [ -72.578490579910138, -35.714206407254537 ], [ -72.578496171024483, -35.714178667581862 ], [ -72.578514132838578, -35.71412566736273 ], [ -72.578782346426209, -35.713425467448133 ], [ -72.578796475128996, -35.713385910015944 ], [ -72.578804573441303, -35.713355696713762 ], [ -72.578810866139847, -35.71331940762196 ], [ -72.578819040808938, -35.713213660561337 ], [ -72.578820341569468, -35.713185292541453 ], [ -72.578824623838429, -35.713156985779975 ], [ -72.578843879226554, -35.713094097308755 ], [ -72.57886106579457, -35.713015572170697 ], [ -72.578875026512378, -35.712970603932433 ], [ -72.578961184829609, -35.712742125619869 ], [ -72.578985562411475, -35.712677988103856 ], [ -72.579004277013794, -35.712625633127615 ], [ -72.579012349274947, -35.712599926448952 ], [ -72.579031780732834, -35.712498371712286 ], [ -72.579038703150417, -35.712470477543199 ], [ -72.579107791680599, -35.712287446387926 ], [ -72.579123650538634, -35.71224549086957 ], [ -72.57913335593696, -35.712216932132947 ], [ -72.579145076256495, -35.712172910929006 ], [ -72.579150403266098, -35.712143002054503 ], [ -72.579152278050117, -35.712113924680452 ], [ -72.579140609832891, -35.712013727461951 ], [ -72.579138450282954, -35.711982856452529 ], [ -72.579139239003752, -35.711967728749102 ], [ -72.579145413124706, -35.711939008715994 ], [ -72.579236354970803, -35.711698458794594 ], [ -72.579265427148357, -35.711621615738302 ], [ -72.579274795678444, -35.71159323037552 ], [ -72.579280420928754, -35.711564408820678 ], [ -72.579283309910721, -35.711505426498171 ], [ -72.579287960488941, -35.711475955743808 ], [ -72.579320027649629, -35.711380422984391 ], [ -72.579330258562408, -35.71135277642113 ], [ -72.579337476525723, -35.711326060567039 ], [ -72.579338868914405, -35.711312928387031 ], [ -72.579338325433653, -35.711272445751568 ], [ -72.579339726805486, -35.711244351296692 ], [ -72.579383411877771, -35.71108631624768 ], [ -72.579430280579388, -35.710936278833174 ], [ -72.579492319131234, -35.710766986941756 ], [ -72.579503879550629, -35.710735580792793 ], [ -72.579728272420411, -35.709497820594926 ], [ -72.579743661459531, -35.709502180338987 ], [ -72.579756183974581, -35.709504685167573 ], [ -72.579766329547397, -35.709505430634863 ], [ -72.579774206874134, -35.709504417470384 ], [ -72.579780153721316, -35.709501472072049 ], [ -72.579788239457201, -35.709489917327367 ], [ -72.580058111334836, -35.708858161062096 ], [ -72.58009895413754, -35.708761093368622 ], [ -72.580116768627946, -35.708723864141398 ], [ -72.580145322477577, -35.708675042833185 ], [ -72.58016367775376, -35.708638185574067 ], [ -72.580222866849525, -35.70849722786415 ], [ -72.580241192481324, -35.708457665797674 ], [ -72.580248058305045, -35.708446266270215 ], [ -72.580254843280386, -35.708441174850314 ], [ -72.580270707528285, -35.708439149953158 ], [ -72.580285825276206, -35.708436299341329 ], [ -72.580293759196806, -35.708433394751594 ], [ -72.580303371170359, -35.708426196737236 ], [ -72.580315516392986, -35.708411928356831 ], [ -72.580329123174593, -35.708389577157327 ], [ -72.580347411975467, -35.70835127622302 ], [ -72.580362898032647, -35.70831427073972 ], [ -72.58037715339789, -35.708277781676578 ], [ -72.580384533956263, -35.708252961313796 ], [ -72.580402772451464, -35.708165173451462 ], [ -72.58040641062837, -35.708139827862162 ], [ -72.580407123890723, -35.708127222536987 ], [ -72.580406598376285, -35.708089804820041 ], [ -72.580407948544149, -35.708070722849875 ], [ -72.580607303570318, -35.707592404348894 ], [ -72.580665785691934, -35.707452874489839 ], [ -72.580694393440467, -35.707383953430224 ], [ -72.58070345564505, -35.707358356665246 ], [ -72.580709331525341, -35.707332154456871 ], [ -72.580710166060243, -35.707300892842589 ], [ -72.580694494051784, -35.70721611944095 ], [ -72.580692618369469, -35.707201388378209 ], [ -72.580692483622187, -35.707187595374251 ], [ -72.580693985605322, -35.707174464700735 ], [ -72.580701588047589, -35.707149649100494 ], [ -72.580737672474228, -35.707063662475299 ], [ -72.580778704821469, -35.706978586102416 ], [ -72.580844065343229, -35.70682351070581 ], [ -72.580865273668763, -35.70677264943469 ], [ -72.580875331206698, -35.706747072168447 ], [ -72.580882819562888, -35.706722344698065 ], [ -72.580884228121263, -35.706690373823271 ], [ -72.580886069667585, -35.706676980467279 ], [ -72.5809163734354, -35.706599440325 ], [ -72.580958649949295, -35.706469499508785 ], [ -72.581005888756835, -35.706347231554815 ], [ -72.58101504258957, -35.706322266159965 ], [ -72.581022227315202, -35.706296631122711 ], [ -72.581027707038444, -35.706221386190009 ], [ -72.58104189503004, -35.706154158579707 ], [ -72.581049068077576, -35.706081380517205 ], [ -72.5810517729049, -35.706054033379473 ], [ -72.581058179689506, -35.706028563112127 ], [ -72.58112153157829, -35.705874078183442 ], [ -72.581143689423087, -35.705821071712485 ], [ -72.58115651197545, -35.705788069028145 ], [ -72.581158413708906, -35.705779994700478 ], [ -72.581157822617456, -35.705766642040984 ], [ -72.581149899476642, -35.705743588364555 ], [ -72.581146581099986, -35.705718101949991 ], [ -72.581147005104796, -35.705704049732937 ], [ -72.581152665389411, -35.705677662428677 ], [ -72.581334291265136, -35.705240810270531 ], [ -72.581365365787448, -35.705166980222664 ], [ -72.581387391579881, -35.705110997813101 ], [ -72.581398165973411, -35.705079936658848 ], [ -72.581407106007106, -35.705047395416429 ], [ -72.581413019616633, -35.705012631492558 ], [ -72.581414228749011, -35.704954335851525 ], [ -72.581417851654535, -35.704929531231549 ], [ -72.581540166263622, -35.704623086599078 ], [ -72.581548376865328, -35.704596391102832 ], [ -72.581552159670991, -35.704529764660748 ], [ -72.581556692569919, -35.704504075796095 ], [ -72.58162720223487, -35.704317465816473 ], [ -72.581637411588076, -35.704290449252035 ], [ -72.581644660992424, -35.704262652147676 ], [ -72.581645585358856, -35.704191822228168 ], [ -72.581647550872688, -35.704170679304823 ], [ -72.581823958434939, -35.703745348936252 ], [ -72.581840659014361, -35.703704671335458 ], [ -72.581849909865156, -35.703676464062774 ], [ -72.581855869288759, -35.703647469677989 ], [ -72.581857025420533, -35.703620180063297 ], [ -72.58185052790607, -35.703579217174173 ], [ -72.581846544776113, -35.703550113332867 ], [ -72.581847197851317, -35.703521191849653 ], [ -72.581852959645559, -35.703495077376047 ], [ -72.581905422156467, -35.703357048172968 ], [ -72.581922601537954, -35.703311513518038 ], [ -72.581935306411026, -35.703245788365642 ], [ -72.581941576651701, -35.703221126191671 ], [ -72.581951594663764, -35.703196809782561 ], [ -72.581957152540411, -35.703184753702139 ], [ -72.581963915956194, -35.703173081325303 ], [ -72.581972537986289, -35.703161987422945 ], [ -72.581984008574167, -35.70315176159805 ], [ -72.581997987258291, -35.703142668651672 ], [ -72.58201446415724, -35.703134977032242 ], [ -72.582050608770999, -35.70312371534451 ], [ -72.582065890012288, -35.703119064919179 ], [ -72.582076857543598, -35.703114507866786 ], [ -72.582084074608602, -35.703109695496671 ], [ -72.582092690350478, -35.703098872222064 ], [ -72.582102110084563, -35.703072380469507 ], [ -72.582107112802376, -35.703045799711695 ], [ -72.582106892715117, -35.703016500904653 ], [ -72.582099468139305, -35.702958663376393 ], [ -72.5820939030761, -35.702912400472499 ], [ -72.582092851148929, -35.702885067566811 ], [ -72.582095749114018, -35.702858625347908 ], [ -72.582102987738594, -35.702831188107972 ], [ -72.582146573097859, -35.702723628229698 ], [ -72.582156127579225, -35.702696328815478 ], [ -72.582163371593666, -35.702668711337473 ], [ -72.582172553274177, -35.70260255453055 ], [ -72.582179207095493, -35.702576187354772 ], [ -72.58239039383227, -35.702071151215669 ], [ -72.58240911831605, -35.70202564719429 ], [ -72.582418965648202, -35.701999615392559 ], [ -72.582429380715595, -35.701962146653131 ], [ -72.582435345529092, -35.701907372945861 ], [ -72.582438933400326, -35.701880042613553 ], [ -72.582445875580859, -35.701851427639838 ], [ -72.582461213416011, -35.701808289230804 ], [ -72.582781590375575, -35.701046660307455 ], [ -72.582915394437137, -35.700725302894206 ], [ -72.582937672656186, -35.700671847274883 ], [ -72.582949644503969, -35.700641350484034 ], [ -72.582959128916741, -35.700612697861196 ], [ -72.582964936525073, -35.700585051940358 ], [ -72.582965610261525, -35.70055910501997 ], [ -72.58295751015261, -35.700501614411273 ], [ -72.582954861020838, -35.700472266522091 ], [ -72.582956884925167, -35.700441840416694 ], [ -72.582963887292806, -35.700411244325416 ], [ -72.583038923568495, -35.700228149004566 ], [ -72.583150374850845, -35.699962587602407 ], [ -72.583179764133689, -35.699893231116484 ], [ -72.583228625298602, -35.699793797652212 ], [ -72.583298198020728, -35.699630603419372 ], [ -72.583339266300584, -35.699525786563285 ], [ -72.583389681550955, -35.699407817190284 ], [ -72.58342825341262, -35.699316110125928 ], [ -72.583452109073306, -35.69925799926375 ], [ -72.583460222656967, -35.699234456389867 ], [ -72.583461806386808, -35.69922592472259 ], [ -72.583461684215919, -35.699218981936369 ], [ -72.583439453607582, -35.699183020526277 ], [ -72.583433259723705, -35.69917225945688 ], [ -72.583428707061842, -35.699161982783799 ], [ -72.583426872702034, -35.699153202344249 ], [ -72.583430282706843, -35.699135423337303 ], [ -72.583633893052522, -35.698650152890231 ], [ -72.583680807568228, -35.698538332808674 ], [ -72.583706107719905, -35.698479890906654 ], [ -72.583727587336668, -35.698434621930204 ], [ -72.583787262420984, -35.698339282914475 ], [ -72.583818611827766, -35.698278167165583 ], [ -72.583864930760441, -35.698200677216427 ], [ -72.583893026469269, -35.698148511162003 ], [ -72.583933707575227, -35.698060091347187 ], [ -72.584160421691678, -35.697523230056845 ], [ -72.584167913641153, -35.697505487162942 ], [ -72.584268519563096, -35.697265847184852 ], [ -72.58429957881404, -35.69718868089403 ], [ -72.584333832474144, -35.697089856135939 ], [ -72.584487293470744, -35.696717151833994 ], [ -72.584535633612816, -35.696601933771426 ], [ -72.58457877610266, -35.696501484332273 ], [ -72.584596869070779, -35.696458491854877 ], [ -72.584607887806072, -35.696433923880768 ], [ -72.584614443711004, -35.696421707738082 ], [ -72.584622427038951, -35.696409788516242 ], [ -72.584665250626841, -35.696367562736228 ], [ -72.584685877742402, -35.696346794180968 ], [ -72.584702572033649, -35.696324504527965 ], [ -72.584721877727418, -35.696288927010187 ], [ -72.584748932288832, -35.696227274935886 ], [ -72.584766468301481, -35.696191752090364 ], [ -72.584780340984423, -35.696167782988141 ], [ -72.584795621327402, -35.696144744045156 ], [ -72.584817630051859, -35.696118505321962 ], [ -72.584881232570623, -35.696054071367968 ], [ -72.584900442144644, -35.69603264322388 ], [ -72.584916928026729, -35.696009989440853 ], [ -72.584981666914317, -35.695879350700359 ], [ -72.585163229907977, -35.695456887730074 ], [ -72.585221081412257, -35.695308328879264 ], [ -72.585251461536856, -35.695235295787342 ], [ -72.585267894418365, -35.69519605470817 ], [ -72.585279151207175, -35.695170861849306 ], [ -72.585285699925592, -35.69515891471756 ], [ -72.585293444301669, -35.695147622721223 ], [ -72.585302485845006, -35.695137257983291 ], [ -72.585350874496086, -35.695104606897843 ], [ -72.585372558928739, -35.695085392688966 ], [ -72.585381539386617, -35.69507340395996 ], [ -72.58539631757138, -35.695045037509573 ], [ -72.585423455676107, -35.69498034369694 ], [ -72.585466324179777, -35.694878153688315 ], [ -72.585477536951146, -35.694850796141878 ], [ -72.585488084969214, -35.694823426183618 ], [ -72.585496703406051, -35.694797818820014 ], [ -72.585499021957816, -35.694786868933711 ], [ -72.585499288757447, -35.694778041320909 ], [ -72.585497738265261, -35.694770798300347 ], [ -72.585479359632856, -35.694746362585356 ], [ -72.585472671675561, -35.694737305158164 ], [ -72.585466679014317, -35.694727179661044 ], [ -72.585462778529347, -35.694717275947461 ], [ -72.585462050893966, -35.694708427899421 ], [ -72.585485089986051, -35.694647956484005 ], [ -72.585500465550467, -35.694603465957599 ], [ -72.585508826170823, -35.694571725140392 ], [ -72.585521910132925, -35.694528938087288 ], [ -72.585524164904285, -35.694474239525235 ], [ -72.585531336155199, -35.694410914630303 ], [ -72.585534128119122, -35.694395286763054 ], [ -72.585581810694393, -35.694279874930892 ], [ -72.585596369690194, -35.694244112651894 ], [ -72.585604959380944, -35.694219496574213 ], [ -72.585609912691424, -35.69419453905477 ], [ -72.585606336498287, -35.694144893929874 ], [ -72.585604362001277, -35.6941189864989 ], [ -72.585607498918264, -35.694092008063791 ], [ -72.585616150592756, -35.694065322173664 ], [ -72.585682770552538, -35.693904501158151 ], [ -72.58570748769759, -35.693847037852429 ], [ -72.585724880878118, -35.693808898460908 ], [ -72.585737280323983, -35.693786071869113 ], [ -72.585743739210869, -35.693777096044045 ], [ -72.585776604973859, -35.693753236380275 ], [ -72.585796964391463, -35.69373750770432 ], [ -72.585809347667649, -35.693722523180995 ], [ -72.585818635349369, -35.693703960869975 ], [ -72.58582750980608, -35.693680883277835 ], [ -72.585838141367446, -35.693632602849895 ], [ -72.585844642475152, -35.693607585322418 ], [ -72.585959750799034, -35.69332659266572 ], [ -72.585995603460347, -35.693240599157576 ], [ -72.58600723754158, -35.693213881611086 ], [ -72.586026618693836, -35.693175780583971 ], [ -72.586085981164459, -35.693079440876687 ], [ -72.586103589042324, -35.693056087326191 ], [ -72.58618027462488, -35.692978570415526 ], [ -72.586202263586401, -35.692956384879459 ], [ -72.586238398318713, -35.692926731441077 ], [ -72.586260405246549, -35.692907611551853 ], [ -72.586278615893988, -35.692886252601234 ], [ -72.586293030261018, -35.69286256485006 ], [ -72.58631004255588, -35.692826039532079 ], [ -72.586320630998117, -35.69280101372631 ], [ -72.586331007437977, -35.692775712134029 ], [ -72.586335366962047, -35.692763090517801 ], [ -72.586338287385047, -35.692750530183758 ], [ -72.586338387098039, -35.692725384704225 ], [ -72.586332404318227, -35.692685876095595 ], [ -72.58632938418225, -35.692657965509426 ], [ -72.586329258418118, -35.692643901506152 ], [ -72.586330669671426, -35.692630138814607 ], [ -72.586338429318857, -35.692603705597769 ], [ -72.586388725991597, -35.692482126987144 ], [ -72.586484650792599, -35.692261769979645 ], [ -72.586502199381684, -35.692222101363697 ], [ -72.586517542606714, -35.692193293963342 ], [ -72.586542383719276, -35.692157194412907 ], [ -72.586562969512315, -35.692119389819673 ], [ -72.586604255184469, -35.692025391517767 ], [ -72.586619807716986, -35.691989648656111 ], [ -72.586631044742859, -35.691968781926505 ], [ -72.586671120384338, -35.691929292641781 ], [ -72.586681073717671, -35.691917952765401 ], [ -72.586696640623231, -35.691892665484602 ], [ -72.586730028307386, -35.691815095642887 ], [ -72.586764354731017, -35.691732045830413 ], [ -72.586779445529473, -35.691693318842738 ], [ -72.586808106278625, -35.691600423169525 ], [ -72.586815940486233, -35.691575160593928 ], [ -72.586823948068684, -35.691522321906007 ], [ -72.586831666393579, -35.691493633175227 ], [ -72.58691794059348, -35.691281826383239 ], [ -72.586934286338376, -35.6912417727875 ], [ -72.586943116777633, -35.691216441517085 ], [ -72.586946125235514, -35.691204603231093 ], [ -72.586947319994849, -35.691194351796405 ], [ -72.586941999273407, -35.691169458263644 ], [ -72.586940691326376, -35.691146989144158 ], [ -72.586945548517107, -35.691121579048122 ], [ -72.586981478433529, -35.691032972692938 ], [ -72.586997791839082, -35.690993999494168 ], [ -72.58701458584332, -35.690957379932996 ], [ -72.587063376939653, -35.690889039959849 ], [ -72.587078922285642, -35.690864473188398 ], [ -72.587098299844641, -35.690826372498094 ], [ -72.587181664401328, -35.690626766374571 ], [ -72.58723168349465, -35.690510590311483 ], [ -72.587248245733562, -35.690474325840761 ], [ -72.587293456145176, -35.690396540848347 ], [ -72.587310464846752, -35.690367406659611 ], [ -72.587364894668141, -35.690244197640425 ], [ -72.587376039167552, -35.690219001758152 ], [ -72.587397718210312, -35.690177882417274 ], [ -72.587413960648973, -35.690152159015327 ], [ -72.587448315818691, -35.690108227041492 ], [ -72.587461967516063, -35.690087859594144 ], [ -72.587551943673233, -35.689874052884463 ], [ -72.587578401753291, -35.689810044349606 ], [ -72.587595148146818, -35.689771350719944 ], [ -72.587607730849015, -35.689746094131451 ], [ -72.587622154199209, -35.68972204575433 ], [ -72.587629884202229, -35.68971120315215 ], [ -72.587637785783471, -35.689701897088739 ], [ -72.587654864553656, -35.689688717570675 ], [ -72.587692693508586, -35.689668650612028 ], [ -72.587720484688532, -35.689651809217551 ], [ -72.587732132244483, -35.689642847519281 ], [ -72.58774169031912, -35.689633575009573 ], [ -72.587754640432266, -35.689614453601337 ], [ -72.587843739833701, -35.689396754644427 ], [ -72.587853369773569, -35.689370537778103 ], [ -72.58786074673867, -35.689342112390229 ], [ -72.587863581821722, -35.689314136428749 ], [ -72.587862634997407, -35.689272475983969 ], [ -72.587864384915562, -35.689243847730822 ], [ -72.587877340418586, -35.68919173856365 ], [ -72.587886092704423, -35.689136119955627 ], [ -72.587890993014298, -35.689109268245829 ], [ -72.587899259311541, -35.689084285050278 ], [ -72.587909773193616, -35.689058085591789 ], [ -72.587922109757415, -35.689030030003522 ], [ -72.587937091859729, -35.689002115949272 ], [ -72.587946202573335, -35.688989409831052 ], [ -72.587956276280934, -35.688977712028837 ], [ -72.588003468376058, -35.688940256140604 ], [ -72.58802614095552, -35.688920968945041 ], [ -72.58803585174374, -35.688910347305331 ], [ -72.588051136578301, -35.688887036310661 ], [ -72.588131301335935, -35.688698091509657 ], [ -72.58816400180892, -35.688621447356148 ], [ -72.588196926860718, -35.688544279267703 ], [ -72.588237543287974, -35.688450358469247 ], [ -72.588254411852375, -35.688411216197615 ], [ -72.588269883536512, -35.688385385702404 ], [ -72.588280972340385, -35.688372987382735 ], [ -72.588332723385577, -35.688330845630922 ], [ -72.588345432750216, -35.688319653354597 ], [ -72.588358430474059, -35.688306211676689 ], [ -72.588370920649766, -35.688291318064401 ], [ -72.588381768705162, -35.688275940715044 ], [ -72.588397235897702, -35.688246594163495 ], [ -72.588460023644473, -35.688095249341792 ], [ -72.58848919014514, -35.688025707426803 ], [ -72.588506757598836, -35.687989012811585 ], [ -72.58855399550805, -35.68791352004304 ], [ -72.588582371491242, -35.687862710186245 ], [ -72.58860979526024, -35.687806922839258 ], [ -72.588618246610437, -35.687787084507512 ], [ -72.588639905890261, -35.687735962293146 ], [ -72.588656259719997, -35.687695547214396 ], [ -72.588707497827158, -35.687509356830162 ], [ -72.588756786590181, -35.687380545003279 ], [ -72.588788266252692, -35.687278147529412 ], [ -72.588799464651004, -35.687262147615861 ], [ -72.588807120093875, -35.687253737974203 ], [ -72.588832080682337, -35.687221066880014 ], [ -72.588845424257585, -35.687196185970109 ], [ -72.588858734595149, -35.687168779822358 ], [ -72.588882300998307, -35.687116340968451 ], [ -72.588961416523702, -35.686932601507287 ], [ -72.588973100910607, -35.686915168537503 ], [ -72.588986979881739, -35.6869019258111 ], [ -72.589028574574343, -35.686867154705844 ], [ -72.589069444326498, -35.686827141211708 ], [ -72.589087772653244, -35.686805514318749 ], [ -72.589102286733294, -35.686782189575659 ], [ -72.589118618105161, -35.686746190453832 ], [ -72.589196802077595, -35.686560359750253 ], [ -72.58924332582616, -35.686460967302978 ], [ -72.589323543584399, -35.686266252657653 ], [ -72.589325704032646, -35.686253226524457 ], [ -72.589323195038077, -35.686237491991712 ], [ -72.589308340496515, -35.686176711355976 ], [ -72.589308407870178, -35.686163462669882 ], [ -72.58931046321554, -35.686150252652183 ], [ -72.589318523798582, -35.68612472495262 ], [ -72.589329174224616, -35.686101231464988 ], [ -72.589343221180698, -35.686078708384215 ], [ -72.58936266521502, -35.686056743467503 ], [ -72.58937491374391, -35.686046262265897 ], [ -72.589388920275823, -35.686036087509571 ], [ -72.589404900406421, -35.686026402336914 ], [ -72.589422630455189, -35.686017292845065 ], [ -72.589499396886097, -35.685977637175569 ], [ -72.589522155703833, -35.685959344486534 ], [ -72.589543697304336, -35.685937421855854 ], [ -72.589563766566101, -35.685913035968376 ], [ -72.589580541705701, -35.685887953270928 ], [ -72.589594798867594, -35.685862097880673 ], [ -72.589613261043311, -35.685821364460587 ], [ -72.589615668528268, -35.68580744153104 ], [ -72.58961456809206, -35.685799938674762 ], [ -72.589610964051133, -35.685791212946114 ], [ -72.589604761184091, -35.685780722224351 ], [ -72.589583581604629, -35.68574289053096 ], [ -72.58957645526948, -35.685719041597366 ], [ -72.589574532874778, -35.685702147564733 ], [ -72.589575894720738, -35.685693611531264 ], [ -72.589579080146748, -35.685683218568172 ], [ -72.589592028463244, -35.685645800533479 ], [ -72.58959173112089, -35.685637321405778 ], [ -72.589589171820649, -35.685626904357292 ], [ -72.58958511592715, -35.685614834675945 ], [ -72.589562617620857, -35.685547411660004 ], [ -72.589557632869329, -35.685518467595386 ], [ -72.589557724497496, -35.685489714685872 ], [ -72.589560119406045, -35.685476241886263 ], [ -72.589564029772475, -35.685463791310063 ], [ -72.589575335070336, -35.68544058145784 ], [ -72.58958927961848, -35.685417785304992 ], [ -72.589605078289381, -35.685395747242268 ], [ -72.589623713839956, -35.685374938618274 ], [ -72.589667886697427, -35.685335260740239 ], [ -72.589685762273263, -35.685313985859601 ], [ -72.5897009806325, -35.685289232042194 ], [ -72.589713226466444, -35.685264148418973 ], [ -72.589767569151235, -35.68513985456439 ], [ -72.589779876968947, -35.68512369588943 ], [ -72.589811609956342, -35.685086202439024 ], [ -72.589826163562279, -35.685072522352492 ], [ -72.589837206552076, -35.685065352874247 ], [ -72.589849994968446, -35.685058937846946 ], [ -72.589863849685074, -35.685053806992137 ], [ -72.589878676378831, -35.685049418184782 ], [ -72.589926934774212, -35.685035511902342 ], [ -72.589960066438522, -35.685028602903657 ], [ -72.590008185595025, -35.6850229875633 ], [ -72.590022452638394, -35.685018856318585 ], [ -72.590028426435012, -35.685014919159002 ], [ -72.59003291711312, -35.685008879894397 ], [ -72.590035494379677, -35.685000368594679 ], [ -72.590036341491, -35.684990560716045 ], [ -72.590036073793016, -35.68498108993191 ], [ -72.590035420717825, -35.684944030553147 ], [ -72.590042658444062, -35.684912807588155 ], [ -72.590054598850813, -35.684875818953273 ], [ -72.590087105287679, -35.684779571371671 ], [ -72.590106637356911, -35.684728944119399 ], [ -72.590123185222765, -35.684693039654825 ], [ -72.590138452091011, -35.68467036003193 ], [ -72.590157404746876, -35.684650008707685 ], [ -72.590188979630796, -35.684621435708152 ], [ -72.590199877991822, -35.684604347356782 ], [ -72.590211326121818, -35.684580058834648 ], [ -72.590221848088731, -35.684553498180236 ], [ -72.590227397880554, -35.684526928761208 ], [ -72.590227568560465, -35.684513951960092 ], [ -72.590225960576106, -35.684501299850638 ], [ -72.590214668752978, -35.684450596538277 ], [ -72.590214754991251, -35.684436717148472 ], [ -72.590216492333013, -35.684423050813869 ], [ -72.590219875388385, -35.684409777758134 ], [ -72.590229833213286, -35.684383567278971 ], [ -72.590304451772369, -35.68420226074894 ], [ -72.59031189251786, -35.684175277500358 ], [ -72.590315152504019, -35.684151366077693 ], [ -72.590314370071425, -35.684133323240559 ], [ -72.59031085676034, -35.684125229938147 ], [ -72.590304042140588, -35.684116711247633 ], [ -72.590293915432383, -35.684108125428153 ], [ -72.590280241277142, -35.684099919027048 ], [ -72.590263559562317, -35.684092554644153 ], [ -72.590209574407012, -35.684072814621516 ], [ -72.590195787064033, -35.684064695775099 ], [ -72.590183719096501, -35.684054539007349 ], [ -72.590175134795643, -35.684042378611139 ], [ -72.590172635682521, -35.684033676039199 ], [ -72.590171544229463, -35.684022206621371 ], [ -72.590172055370857, -35.684008875856328 ], [ -72.59017402447796, -35.683994854107283 ], [ -72.59017752521261, -35.683981312467779 ], [ -72.590186621553187, -35.683958059134703 ], [ -72.590197036620594, -35.683942402951914 ], [ -72.590204838488816, -35.683936430004643 ], [ -72.5902159389708, -35.683931063399413 ], [ -72.590229773924477, -35.683926564352532 ], [ -72.590246116076145, -35.683923195539599 ], [ -72.590263963804205, -35.683921208691437 ], [ -72.590281781887867, -35.683920213443209 ], [ -72.590310309686345, -35.683919433442959 ], [ -72.590331076040769, -35.683915882945847 ], [ -72.59034247745835, -35.683911514506185 ], [ -72.590384651564307, -35.683894150923066 ], [ -72.5904348152864, -35.683879291510443 ], [ -72.590513579570498, -35.683857612742514 ], [ -72.590526613226984, -35.683850392079243 ], [ -72.590538373072363, -35.683841433377459 ], [ -72.590548630036267, -35.683831002960694 ], [ -72.590557376932196, -35.683819369341386 ], [ -72.590564709879843, -35.6838069878238 ], [ -72.590576848814294, -35.683781721320699 ], [ -72.590586767113336, -35.683756860498164 ], [ -72.590619881709657, -35.683658732701133 ], [ -72.590634638334834, -35.683630905055786 ], [ -72.590644150595367, -35.683619557432799 ], [ -72.590655376841482, -35.683609957336671 ], [ -72.590668217360161, -35.683601831146603 ], [ -72.590682677541281, -35.683594909619586 ], [ -72.590697320080409, -35.683589254047149 ], [ -72.590739901123186, -35.683573070979421 ], [ -72.590748307557618, -35.683565396443512 ], [ -72.590756454378933, -35.683555373869169 ], [ -72.590764103533573, -35.683543448346619 ], [ -72.590777396803148, -35.683516582350123 ], [ -72.590818105756881, -35.683426718371791 ], [ -72.590926652785924, -35.683167850387775 ], [ -72.59093756821494, -35.683131834312121 ], [ -72.590944752042262, -35.683095020699987 ], [ -72.590954557153594, -35.683070248682199 ], [ -72.590982019550154, -35.683005718816624 ], [ -72.591000328113964, -35.68297003028637 ], [ -72.591036188860073, -35.682909092472642 ], [ -72.591051473694648, -35.682871090135542 ], [ -72.591057680154947, -35.682848408535442 ], [ -72.591061219517172, -35.682822520784541 ], [ -72.591068557854726, -35.682798961384371 ], [ -72.591091372367998, -35.682734698356775 ], [ -72.591096407425155, -35.682706855795878 ], [ -72.591096495460064, -35.682692885624206 ], [ -72.591092787214578, -35.682665589568252 ], [ -72.591076599573157, -35.682575668447122 ], [ -72.591077178088199, -35.682560086419016 ], [ -72.591079389740415, -35.682545347152967 ], [ -72.591085965408297, -35.682517716859088 ], [ -72.591094283807834, -35.682490931510266 ], [ -72.591116560230248, -35.682433508140143 ], [ -72.591151473253774, -35.68234533139492 ], [ -72.591158013887352, -35.682318871420485 ], [ -72.591159815009476, -35.682292045873112 ], [ -72.591164046074482, -35.682166026826003 ], [ -72.591161712251363, -35.682137135530247 ], [ -72.591157836020912, -35.682122725997139 ], [ -72.591151639442089, -35.682108360241671 ], [ -72.591143124311515, -35.682093947784708 ], [ -72.591132281646026, -35.682079759334094 ], [ -72.591119874115321, -35.682066169940924 ], [ -72.591106767695337, -35.682053829742564 ], [ -72.591080861180856, -35.682033570419144 ], [ -72.59102711138415, -35.681998692119343 ], [ -72.590985124127769, -35.681973153605632 ], [ -72.590949540062738, -35.68195143929546 ], [ -72.590869144438074, -35.681920895214013 ], [ -72.590830308471709, -35.681908128864457 ], [ -72.590889291853259, -35.681728581790836 ], [ -72.590937041802192, -35.681709437327271 ], [ -72.590988323926808, -35.681705146112307 ], [ -72.591046411688026, -35.681694951101115 ], [ -72.591139501405976, -35.681674369900037 ], [ -72.591178573629264, -35.681664606122666 ], [ -72.591325220904451, -35.681615531831689 ], [ -72.591364944406308, -35.681602445835416 ], [ -72.591388637471908, -35.68159345550518 ], [ -72.591411855328758, -35.681581841990543 ], [ -72.591438663751774, -35.681564710666926 ], [ -72.591450768550231, -35.68155530879536 ], [ -72.591459536107408, -35.681546650462337 ], [ -72.591474262189848, -35.681527204598879 ], [ -72.591493065725388, -35.681493418403186 ], [ -72.591531925946256, -35.681402525490398 ], [ -72.59155036476578, -35.681355121270208 ], [ -72.591563006756786, -35.68131679494563 ], [ -72.591571806653306, -35.681281366155069 ], [ -72.591577572040791, -35.681247589341126 ], [ -72.591580731415647, -35.681212318860155 ], [ -72.591578695833221, -35.681092664565867 ], [ -72.591578448796525, -35.68108247312481 ], [ -72.591578947361498, -35.681062202609546 ], [ -72.591581312625635, -35.681042329035293 ], [ -72.591588157788095, -35.681016776351534 ], [ -72.591620957974072, -35.680932702498922 ], [ -72.591702887022933, -35.680739462914993 ], [ -72.591730834509733, -35.680677105622074 ], [ -72.591746740978465, -35.680644162581224 ], [ -72.591765326223381, -35.680613887252903 ], [ -72.59177174558441, -35.680606173759067 ], [ -72.591786998079613, -35.680594940996038 ], [ -72.591849976269231, -35.680561679048957 ], [ -72.591871799940762, -35.680548685549887 ], [ -72.59188536360324, -35.680538500606495 ], [ -72.591897639979905, -35.680527028497224 ], [ -72.591908982108677, -35.680513553400189 ], [ -72.591925723112311, -35.680485855271662 ], [ -72.591987760765832, -35.680347923424783 ], [ -72.592119889469387, -35.68006870390419 ], [ -72.592132494629467, -35.680042635747803 ], [ -72.59214570255908, -35.68001856328452 ], [ -72.592156703328058, -35.680001746121661 ], [ -72.592173706639755, -35.679983699427389 ], [ -72.592223053793262, -35.679944484410747 ], [ -72.592235302322138, -35.679933912654271 ], [ -72.592246601331809, -35.679921880055602 ], [ -72.592254768814357, -35.67991113681876 ], [ -72.592270579163369, -35.679881346456838 ], [ -72.592397494943327, -35.679584355802575 ], [ -72.592411803309162, -35.679553093525719 ], [ -72.592425216953004, -35.679529474784644 ], [ -72.592436982188275, -35.679512944288618 ], [ -72.592455850402501, -35.679491688286859 ], [ -72.592541040335846, -35.679421463174478 ], [ -72.592560917358128, -35.679403382053295 ], [ -72.592573254820252, -35.679389838175133 ], [ -72.592582116700527, -35.679378026592211 ], [ -72.592596002858187, -35.679353426358347 ], [ -72.59262844012477, -35.679281333830815 ], [ -72.593131078967289, -35.678057930534983 ], [ -72.59326545525569, -35.67773305523108 ], [ -72.593324859947103, -35.677590652058704 ], [ -72.593366148314203, -35.677499716755229 ], [ -72.593404692328093, -35.677422878685356 ], [ -72.593421240193948, -35.677394184884115 ], [ -72.593440142544154, -35.677368061855141 ], [ -72.593470666399185, -35.677333878393185 ], [ -72.593484987341455, -35.677316859263328 ], [ -72.593503254582757, -35.677289821876464 ], [ -72.593526138266313, -35.677241514014739 ], [ -72.593570383887297, -35.677132970993171 ], [ -72.593582389871074, -35.6771047273227 ], [ -72.59358956561357, -35.677090177504965 ], [ -72.593597454618404, -35.677077626378605 ], [ -72.593648131278513, -35.677030866118479 ], [ -72.593656086758671, -35.677023453651529 ], [ -72.593665184895855, -35.677011106835529 ], [ -72.593853720612756, -35.676563822436322 ], [ -72.593917693237387, -35.676412677288184 ], [ -72.593931340443191, -35.676381311607578 ], [ -72.593938052654991, -35.676367473867771 ], [ -72.593951080921556, -35.676345650762833 ], [ -72.593994861215251, -35.676289377393424 ], [ -72.59447481220694, -35.675218523719003 ], [ -72.594584934880984, -35.675018680785861 ], [ -72.594610325762488, -35.674971415071781 ], [ -72.59462949491234, -35.674940069257325 ], [ -72.594733505449199, -35.674809374847428 ], [ -72.594762222792198, -35.6747727208569 ], [ -72.594778377195951, -35.67474978811412 ], [ -72.594793707844573, -35.674724855882069 ], [ -72.594814431079868, -35.674682183698671 ], [ -72.594951978421236, -35.67435430417126 ], [ -72.595000874620467, -35.674241615933497 ], [ -72.595046446154825, -35.67414030934772 ], [ -72.595077319454518, -35.674076026211438 ], [ -72.595107545967196, -35.674022187129381 ], [ -72.595218075578074, -35.673850878660957 ], [ -72.595254368413848, -35.67379373513387 ], [ -72.595313998582427, -35.673691447198742 ], [ -72.595364280882123, -35.673602493827637 ], [ -72.595402378433334, -35.673529340887505 ], [ -72.595434505781142, -35.673463731303841 ], [ -72.595496510197009, -35.673319125422189 ], [ -72.595509777415444, -35.673289284435803 ], [ -72.595521654940129, -35.673265274883235 ], [ -72.595533893587557, -35.673243975621531 ], [ -72.595623416095506, -35.67313209876064 ], [ -72.595686258639532, -35.673047903489135 ], [ -72.595731706206379, -35.672983821614864 ], [ -72.595752300982582, -35.672949078742647 ], [ -72.595788760905023, -35.672875261856227 ], [ -72.595812967806978, -35.672834281716668 ], [ -72.595922225403413, -35.672675837774221 ], [ -72.595939146070108, -35.672649404513493 ], [ -72.595978551568365, -35.672580514674912 ], [ -72.596005106666468, -35.672531197625958 ], [ -72.596237952683069, -35.671983208580166 ], [ -72.596259216704155, -35.671933516793324 ], [ -72.596273214252903, -35.67190513116811 ], [ -72.5962871489196, -35.6718825150488 ], [ -72.596298311385311, -35.671867594288472 ], [ -72.59631054284624, -35.671853866690256 ], [ -72.596321557988233, -35.671843901026058 ], [ -72.596342117730146, -35.671828717543207 ], [ -72.596444740369904, -35.671766138006561 ], [ -72.596475594804957, -35.671746563510354 ], [ -72.596492784067905, -35.671733295643627 ], [ -72.596512207440981, -35.671715476225963 ], [ -72.596526349618514, -35.671697009501933 ], [ -72.596543133741278, -35.671667779453166 ], [ -72.596563861468127, -35.671621230574736 ], [ -72.596575959978395, -35.671589833090593 ], [ -72.596581920300295, -35.671571564104426 ], [ -72.59658401696818, -35.671560609570484 ], [ -72.596583394435669, -35.67154455177252 ], [ -72.596572366717254, -35.671499712668002 ], [ -72.596566920231695, -35.671467694833254 ], [ -72.596566756738298, -35.671458407805183 ], [ -72.596581415447105, -35.671415343449212 ], [ -72.596814794164672, -35.670841944053166 ], [ -72.596882708596766, -35.670676904096403 ], [ -72.596897201117244, -35.670643031572013 ], [ -72.596908875622674, -35.670618385588739 ], [ -72.596922775255081, -35.670593244079939 ], [ -72.597037659898447, -35.67043851609418 ], [ -72.597062764217384, -35.670404404101546 ], [ -72.597075385547114, -35.670385006607376 ], [ -72.597089732540525, -35.670359693527239 ], [ -72.59715023946481, -35.670220645130456 ], [ -72.597377143125783, -35.669671363099084 ], [ -72.597405836214278, -35.669602258322769 ], [ -72.597417826028376, -35.669574464454179 ], [ -72.597426555856288, -35.669555980449786 ], [ -72.597495426095875, -35.669451081746296 ], [ -72.597516331689164, -35.669420670809991 ], [ -72.597540608659713, -35.669384649989276 ], [ -72.59755424059415, -35.669361034806862 ], [ -72.597719491080554, -35.668970517391791 ], [ -72.597736735140757, -35.668929577575405 ], [ -72.597754989805637, -35.668891813790879 ], [ -72.597770638457902, -35.668867246814195 ], [ -72.597789758200406, -35.66884482395885 ], [ -72.597907123990581, -35.668747203275281 ], [ -72.597940427233112, -35.668719563825093 ], [ -72.597973072908843, -35.668688126520557 ], [ -72.598020883943207, -35.6686371599219 ], [ -72.5980471955979, -35.668606947909318 ], [ -72.598055558913188, -35.66859692856476 ], [ -72.598065463737498, -35.668583425180714 ], [ -72.598562565364603, -35.667384674197145 ], [ -72.598605840805092, -35.667282328422004 ], [ -72.598620118628233, -35.667251875790278 ], [ -72.598630193234115, -35.667232697931723 ], [ -72.598641697059662, -35.667213727333689 ], [ -72.598702077321477, -35.667137682879236 ], [ -72.598721338997805, -35.667110484405569 ], [ -72.59874028356883, -35.66707543829591 ], [ -72.598916997456584, -35.666663243046393 ], [ -72.59895037975086, -35.666585037092368 ], [ -72.599000451844773, -35.666488055881281 ], [ -72.599025781640862, -35.666435288886497 ], [ -72.599394147501215, -35.665558103828658 ], [ -72.599423296035539, -35.66548846710004 ], [ -72.599435030728088, -35.665461749747585 ], [ -72.599449365145091, -35.665433101274132 ], [ -72.59945994011261, -35.665415645361726 ], [ -72.599475145895425, -35.665394765843445 ], [ -72.599617686971456, -35.665245544527984 ], [ -72.599644742431181, -35.665216248622038 ], [ -72.599660109910744, -35.665197354906354 ], [ -72.599673245076829, -35.6651792289626 ], [ -72.599692018967957, -35.665146162022559 ], [ -72.599760476880803, -35.66498843191701 ], [ -72.599798800807449, -35.664911135147648 ], [ -72.599816108648056, -35.664879030740039 ], [ -72.599831226395949, -35.664853732700031 ], [ -72.599848279115008, -35.664830185511001 ], [ -72.599864308652926, -35.664811306300528 ], [ -72.599882211178212, -35.664792553345997 ], [ -72.599901765705326, -35.664774014226992 ], [ -72.600054897918554, -35.664658355191897 ], [ -72.600084554001029, -35.664634428433409 ], [ -72.600119643992642, -35.664602407845045 ], [ -72.600159077338674, -35.664561820486483 ], [ -72.600175432066735, -35.664543127319533 ], [ -72.600189549091425, -35.664525380739597 ], [ -72.600201570346556, -35.664507592555331 ], [ -72.600219314768367, -35.664471981872794 ], [ -72.60032991354953, -35.664208997442955 ], [ -72.600445802509384, -35.66392791146334 ], [ -72.600482031564781, -35.663839396062016 ], [ -72.600498559667685, -35.663796458966679 ], [ -72.600518941543186, -35.663728089161253 ], [ -72.60053959291325, -35.663669189692506 ], [ -72.600593362472893, -35.663537125893392 ], [ -72.600613481141991, -35.663488581997562 ], [ -72.600635166472955, -35.663439438142611 ], [ -72.600645338995236, -35.663420621369632 ], [ -72.600655463008493, -35.66340712148908 ], [ -72.600713887637937, -35.663359341658918 ], [ -72.60073102569693, -35.663343998186484 ], [ -72.60073989476372, -35.663331825876277 ], [ -72.600856654191091, -35.663051117787617 ], [ -72.600885745233256, -35.662983282320752 ], [ -72.600906382230278, -35.662939615648916 ], [ -72.600919810247134, -35.6629153650535 ], [ -72.601005867953049, -35.662800530972639 ], [ -72.601035600392308, -35.662759209201255 ], [ -72.601053819124601, -35.662729916762089 ], [ -72.60114561616686, -35.662545068706173 ], [ -72.601170425838362, -35.662494814898452 ], [ -72.601181249639225, -35.662476371586152 ], [ -72.601195593039364, -35.662458449382726 ], [ -72.601279119292798, -35.662387551687459 ], [ -72.601300893556981, -35.662368606212773 ], [ -72.601328334393969, -35.66234112001262 ], [ -72.601343011069076, -35.662323114575791 ], [ -72.601354923628051, -35.662305233209722 ], [ -72.601381504777308, -35.662247443526518 ], [ -72.601429143335139, -35.662139325325079 ], [ -72.601526773138531, -35.661910785311996 ], [ -72.601897250039798, -35.661013080792991 ], [ -72.602030895997871, -35.660695570532347 ], [ -72.602060227788542, -35.660627017794546 ], [ -72.60206989186436, -35.660606749382623 ], [ -72.602077670376403, -35.660594103701072 ], [ -72.602092532104479, -35.660577273686918 ], [ -72.602140423987208, -35.660534420961753 ], [ -72.602159666798912, -35.66051515317556 ], [ -72.602247962208196, -35.660399190914418 ], [ -72.60226909777019, -35.660372029558083 ], [ -72.602357606080204, -35.66028581660467 ], [ -72.602372378875046, -35.660268263953888 ], [ -72.602392298118161, -35.660237472176441 ], [ -72.602419080490023, -35.660184012782103 ], [ -72.602473898383607, -35.660057287343768 ], [ -72.602488243580396, -35.6600244919847 ], [ -72.602498127743459, -35.660004227799099 ], [ -72.602508019991362, -35.65998738817229 ], [ -72.602524313633992, -35.659966980922135 ], [ -72.602575993712279, -35.659915639439923 ], [ -72.602601543595597, -35.659888566233853 ], [ -72.602615549229185, -35.65987081715965 ], [ -72.602630213327885, -35.65984587006205 ], [ -72.602707737936925, -35.659672634953516 ], [ -72.602725427561481, -35.659635128815829 ], [ -72.602740601903264, -35.659607848229754 ], [ -72.602757693249856, -35.659582949951762 ], [ -72.602823313384732, -35.659512326326791 ], [ -72.602837467240349, -35.659497013499866 ], [ -72.602849251340231, -35.659483366980453 ], [ -72.60286111988178, -35.659466927946646 ], [ -72.602893674827669, -35.659397627488481 ], [ -72.603002388045041, -35.6591417251651 ], [ -72.603041503387473, -35.659048849255043 ], [ -72.603116398627634, -35.658893318649767 ], [ -72.603198327676509, -35.658705748001111 ], [ -72.603213364576035, -35.658671974771011 ], [ -72.603228741937073, -35.658641543671237 ], [ -72.603239549568272, -35.658623641043896 ], [ -72.603258134813174, -35.658600485425907 ], [ -72.603352341137025, -35.658519432316403 ], [ -72.603366426720669, -35.658506373188544 ], [ -72.603377048400588, -35.658494686245355 ], [ -72.60338486104861, -35.65848087022092 ], [ -72.603404164945758, -35.658404095590164 ], [ -72.603411329010143, -35.658375032927729 ], [ -72.603433831808019, -35.658313195359582 ], [ -72.603508847422447, -35.658133532435535 ], [ -72.603732073380655, -35.657750762662488 ], [ -72.603965597625304, -35.657303841121596 ], [ -72.603966224649355, -35.657303238956189 ], [ -72.604024141730662, -35.657253734374301 ], [ -72.604049162506271, -35.65723322934911 ], [ -72.604127221612885, -35.657186107842627 ], [ -72.604149289626164, -35.657172035397366 ], [ -72.604161059353018, -35.657162535035603 ], [ -72.604173867532339, -35.657147916621824 ], [ -72.604189263757988, -35.657124245997075 ], [ -72.604204360844662, -35.657092096124323 ], [ -72.604216545593175, -35.657061330858376 ], [ -72.604221085678617, -35.657046187628119 ], [ -72.604223492265263, -35.657032174280111 ], [ -72.604223869557671, -35.657026953305532 ], [ -72.604222667611822, -35.657004304505243 ], [ -72.6042127151768, -35.656952997613296 ], [ -72.604211083836233, -35.656933675680172 ], [ -72.604211116175591, -35.656928898478924 ], [ -72.604212429512543, -35.656914501912325 ], [ -72.60421538496982, -35.656900589997448 ], [ -72.604222218454197, -35.656882608150482 ], [ -72.604232010090783, -35.656865406564187 ], [ -72.604241099244831, -35.656853238375675 ], [ -72.604251713738222, -35.656841731476277 ], [ -72.604312323968756, -35.656801924087659 ], [ -72.604326853320174, -35.656792477694665 ], [ -72.604332639368906, -35.656787365459842 ], [ -72.604358438085555, -35.656740826152571 ], [ -72.604390854690905, -35.65667612025927 ], [ -72.604416595017042, -35.656620476798622 ], [ -72.604440926784847, -35.656563902671309 ], [ -72.604457919316758, -35.65652007263985 ], [ -72.604473488018925, -35.656461070776828 ], [ -72.604480113094155, -35.65643893785915 ], [ -72.604512528801195, -35.656363145178751 ], [ -72.6045295626556, -35.656329051258922 ], [ -72.604548746178509, -35.656296893037116 ], [ -72.604589158688199, -35.656241811340763 ], [ -72.604606972280266, -35.656218548465667 ], [ -72.604625199097384, -35.6561851997199 ], [ -72.604678823129959, -35.65606493930742 ], [ -72.604691379781002, -35.656036524682897 ], [ -72.604701004330963, -35.656017516388999 ], [ -72.604711215480776, -35.656001044525716 ], [ -72.604804288130737, -35.655905997129601 ], [ -72.604854402445497, -35.65585146843604 ], [ -72.604895927967817, -35.655803439564579 ], [ -72.604932687029248, -35.655756036198483 ], [ -72.60498149519357, -35.655686068299907 ], [ -72.604995941899972, -35.655664631503939 ], [ -72.605006485426472, -35.655648075627958 ], [ -72.605030833363926, -35.655598352505983 ], [ -72.605113216960319, -35.655406372732052 ], [ -72.605135165497657, -35.655355610790181 ], [ -72.605144729860484, -35.655334889222651 ], [ -72.605158987022364, -35.655308671384702 ], [ -72.605173244184229, -35.655289846126465 ], [ -72.605255170538143, -35.655209269212108 ], [ -72.60528100159415, -35.655183822855001 ], [ -72.605294615562272, -35.655168048620453 ], [ -72.605306400560494, -35.655150616740954 ], [ -72.605328737170026, -35.65510536040486 ], [ -72.605398344926442, -35.654941699580604 ], [ -72.605410526980023, -35.654914719577789 ], [ -72.605417213140683, -35.654901602196844 ], [ -72.605423200412034, -35.654893428558658 ], [ -72.605495887593264, -35.654837456851808 ], [ -72.60551253247715, -35.654823725595342 ], [ -72.605527239694993, -35.654808334497794 ], [ -72.605536896584283, -35.654795636073658 ], [ -72.605556583163747, -35.65475771888989 ], [ -72.605607011888864, -35.654637124213494 ], [ -72.605629250582012, -35.654580328244684 ], [ -72.605640486709589, -35.654548011655422 ], [ -72.605658170045956, -35.654469942009392 ], [ -72.605665825488813, -35.654435480859718 ], [ -72.605678257274036, -35.65440012261854 ], [ -72.605709271609214, -35.654326826535481 ], [ -72.605722033974459, -35.654298866765721 ], [ -72.605729472025004, -35.654286485048068 ], [ -72.605739335526835, -35.654274242744208 ], [ -72.605759182006395, -35.654256879282613 ], [ -72.60580519191862, -35.654225073510418 ], [ -72.605823923588915, -35.654211745797589 ], [ -72.605835798418667, -35.654202426835241 ], [ -72.60584352482843, -35.654195189620417 ], [ -72.605856440805582, -35.654176877237767 ], [ -72.60588648316363, -35.654110230582006 ], [ -72.605914968741288, -35.654040218905841 ], [ -72.605923846791242, -35.65401290356175 ], [ -72.605928430894139, -35.653992532011181 ], [ -72.605929401972958, -35.653967402785099 ], [ -72.605924802598707, -35.65391061363934 ], [ -72.605924587901356, -35.653895646454359 ], [ -72.605927882023494, -35.653877774150068 ], [ -72.605942442815945, -35.653837681341706 ], [ -72.605964166774456, -35.653787004534514 ], [ -72.605973351149927, -35.65376789789466 ], [ -72.605980119955589, -35.653755773759933 ], [ -72.605990959926118, -35.653740394135511 ], [ -72.606028869729428, -35.653702478640533 ], [ -72.606036403899708, -35.653694245755275 ], [ -72.60605098355677, -35.653668304752401 ], [ -72.606087037440702, -35.653585283121551 ], [ -72.606112457068292, -35.65352179000854 ], [ -72.606142416781339, -35.653431975470525 ], [ -72.606148439086994, -35.653415239568197 ], [ -72.606163179542506, -35.653387589700976 ], [ -72.606190207154455, -35.653347925117558 ], [ -72.606268051563717, -35.653252303755295 ], [ -72.60628742642777, -35.653228531244956 ], [ -72.606305695465693, -35.653201041168828 ], [ -72.606358785898976, -35.653098527576219 ], [ -72.606369233305742, -35.653077822941576 ], [ -72.60637984240924, -35.653059104458173 ], [ -72.606392655978453, -35.653040520278701 ], [ -72.606412756681266, -35.65301829444109 ], [ -72.606467270045968, -35.65296799960106 ], [ -72.606476598151872, -35.652958900934621 ], [ -72.606486806606739, -35.6529462131655 ], [ -72.606536922718135, -35.652839674366291 ], [ -72.60655540825006, -35.652801281793842 ], [ -72.606633390999875, -35.652671409548802 ], [ -72.606652995832633, -35.652636194324906 ], [ -72.606696740193698, -35.652539623187259 ], [ -72.606838089205354, -35.652203420408469 ], [ -72.606872207219823, -35.652122252774774 ], [ -72.606885327114554, -35.652093398050567 ], [ -72.606895238227096, -35.65207583775959 ], [ -72.606941176274077, -35.652020504240632 ], [ -72.606956213173632, -35.651997727739946 ], [ -72.606988448319299, -35.651935271348933 ], [ -72.606999258645416, -35.651917187651399 ], [ -72.607012795358429, -35.651900239747086 ], [ -72.607059883249008, -35.651854484475244 ], [ -72.607078244813394, -35.651835018238927 ], [ -72.607109090265325, -35.651793175450194 ], [ -72.60712868072504, -35.651765892185338 ], [ -72.607143708641416, -35.651747082150962 ], [ -72.607166012013295, -35.65172508077756 ], [ -72.607307529009887, -35.651605123877928 ], [ -72.60735495017542, -35.651562980229386 ], [ -72.607455164431897, -35.65145779583397 ], [ -72.607500961443392, -35.651410842458553 ], [ -72.607594562302737, -35.651327430876719 ], [ -72.607605154338259, -35.651316644373978 ], [ -72.607614194084945, -35.651302402275519 ], [ -72.60763798776189, -35.651248881423605 ], [ -72.607653583413523, -35.651211062559653 ], [ -72.607662905231237, -35.651183665223229 ], [ -72.607666290981555, -35.651166426641765 ], [ -72.607667175822087, -35.651147874869864 ], [ -72.607659631770332, -35.651086069663528 ], [ -72.607657995039887, -35.651070623099166 ], [ -72.607657924072981, -35.651065574734126 ], [ -72.607661140041699, -35.65104292351333 ], [ -72.60767368321801, -35.651003781143409 ], [ -72.607725719029162, -35.650877268154098 ], [ -72.607746635402236, -35.650827656665292 ], [ -72.607757500525594, -35.650804076141966 ], [ -72.607767184364377, -35.650786691487191 ], [ -72.607777660517201, -35.650772387247898 ], [ -72.607796803615912, -35.650752665992798 ], [ -72.607857780359083, -35.650707727616279 ], [ -72.607875716122052, -35.650695102995947 ], [ -72.607888462317618, -35.650686162471445 ], [ -72.607896704360343, -35.650680107470016 ], [ -72.607907270344725, -35.650670220918173 ], [ -72.607926966805636, -35.650631942636409 ], [ -72.608015575726938, -35.650427014569388 ], [ -72.608023279678818, -35.65040941011447 ], [ -72.608031690604818, -35.650393982398228 ], [ -72.608039935342504, -35.650384141798504 ], [ -72.608050452817849, -35.650375877182917 ], [ -72.608063455033275, -35.650369465207092 ], [ -72.608119609620005, -35.650356609135692 ], [ -72.608130097450953, -35.650353031596921 ], [ -72.60813928991125, -35.650348437222299 ], [ -72.60814718789922, -35.650342825281655 ], [ -72.608154119299968, -35.650336292859599 ], [ -72.608166380405251, -35.650317697097208 ], [ -72.608251938647854, -35.650115051548845 ], [ -72.608451026874405, -35.649616120164538 ], [ -72.608500670471955, -35.649495688537989 ], [ -72.608514440746944, -35.649463511505516 ], [ -72.608525583449719, -35.649437953822478 ], [ -72.608538094286686, -35.649410979990272 ], [ -72.608642258435452, -35.649162101576195 ], [ -72.60865786396856, -35.649123921847988 ], [ -72.608678266505308, -35.649087821063368 ], [ -72.608698227969228, -35.649055407355419 ], [ -72.608716109833281, -35.649018624014964 ], [ -72.608732523850136, -35.648982984526015 ], [ -72.608755528806256, -35.648933685019571 ], [ -72.608777712702206, -35.648893382416837 ], [ -72.608801227901395, -35.648856622360945 ], [ -72.608826779581335, -35.648821885778823 ], [ -72.608860822137331, -35.64878019616652 ], [ -72.608886372020649, -35.648745549338152 ], [ -72.608915318434057, -35.648711781385842 ], [ -72.60894566801592, -35.648679122983289 ], [ -72.608973240905257, -35.648639558988499 ], [ -72.609001905247666, -35.648604162412809 ], [ -72.609032254829529, -35.64857150396621 ], [ -72.609060110688176, -35.648533567038271 ], [ -72.609087644051627, -35.648491658282133 ], [ -72.609115419061908, -35.64844903339516 ], [ -72.609143584839302, -35.648408128315467 ], [ -72.60917193926295, -35.648375700462118 ], [ -72.60919833895251, -35.648345847962737 ], [ -72.609231304428491, -35.648306932024902 ], [ -72.609266393521807, -35.648267156881559 ], [ -72.609301367630778, -35.648234950155022 ], [ -72.609332874242739, -35.648204207026701 ], [ -72.609355796553828, -35.648168786898722 ], [ -72.609383894059278, -35.648130134397853 ], [ -72.609402371506377, -35.648091922057262 ], [ -72.609419769178473, -35.648056572687722 ], [ -72.609444671376465, -35.648013980417836 ], [ -72.609474834108767, -35.647972753922971 ], [ -72.609506286821798, -35.647932726769071 ], [ -72.60953784912931, -35.647892700325094 ], [ -72.60957729505175, -35.647840121057946 ], [ -72.609605944122805, -35.647797783437191 ], [ -72.609639645318993, -35.647745270536184 ], [ -72.609666921764273, -35.647697136782398 ], [ -72.609689616801617, -35.647650805334273 ], [ -72.609707609158448, -35.647614024996976 ], [ -72.609729116622987, -35.647570463799148 ], [ -72.609749019696409, -35.647528854562317 ], [ -72.609768021759606, -35.647491552958058 ], [ -72.609791564806585, -35.647450106467325 ], [ -72.609825955010606, -35.647407792729489 ], [ -72.609861168071433, -35.647374960056631 ], [ -72.60991527360099, -35.647323302424439 ], [ -72.609942294924736, -35.647287422742799 ], [ -72.60996381406737, -35.647250892624541 ], [ -72.609983746785204, -35.647204596687104 ], [ -72.609998515986803, -35.64716847386547 ], [ -72.610015792386335, -35.647126090629349 ], [ -72.610030562486244, -35.647089967772217 ], [ -72.610045682929098, -35.647053220026294 ], [ -72.610062715885206, -35.647011552850742 ], [ -72.610080343526022, -35.646968456329283 ], [ -72.610094519839535, -35.646933763455671 ], [ -72.61011434116628, -35.646887464414519 ], [ -72.610136268144032, -35.646840937588664 ], [ -72.610155821772821, -35.646799952116304 ], [ -72.610186721123654, -35.64676360792356 ], [ -72.610226461693514, -35.646738166905791 ], [ -72.610266525656854, -35.646716697048625 ], [ -72.610305392165955, -35.646690967668128 ], [ -72.6103215052472, -35.646665328068686 ], [ -72.610338056706297, -35.646625003881759 ], [ -72.610352231223175, -35.64659031085899 ], [ -72.610361852179878, -35.646552823397592 ], [ -72.610374330677487, -35.646508362265948 ], [ -72.610391191157049, -35.64646506983398 ], [ -72.610410969364665, -35.646416516290586 ], [ -72.610426926139056, -35.646377622042827 ], [ -72.610442532570488, -35.646339351924127 ], [ -72.610460199737176, -35.646298690313579 ], [ -72.61047496893876, -35.646262567082317 ], [ -72.610495086709534, -35.646224837107567 ], [ -72.610526242080226, -35.646194718084857 ], [ -72.61055781696416, -35.646161633063691 ], [ -72.610588475566487, -35.646126005440223 ], [ -72.610603487313213, -35.646089166000934 ], [ -72.610620519370983, -35.646047498322581 ], [ -72.61063730978195, -35.64600654821318 ], [ -72.61065744102747, -35.645957280450027 ], [ -72.610692369322351, -35.645922819277786 ], [ -72.610733769080539, -35.645904712319144 ], [ -72.610768711748463, -35.645877191982507 ], [ -72.610779208562548, -35.645858471811778 ], [ -72.610798504374856, -35.645811260374352 ], [ -72.610816966550587, -35.645766106787221 ], [ -72.610833646468762, -35.645725153613604 ], [ -72.610848415670361, -35.645689030123059 ], [ -72.610863185770256, -35.645652907346154 ], [ -72.610878051091575, -35.645609845131993 ], [ -72.610895084047698, -35.645568177933669 ], [ -72.610911764864198, -35.645527226118602 ], [ -72.610932842035709, -35.645475814033546 ], [ -72.610947611237279, -35.64543969043023 ], [ -72.610964089932864, -35.645401798735499 ], [ -72.61098283417958, -35.645358272831785 ], [ -72.611007722902841, -35.645327217613541 ], [ -72.611045226667642, -35.645321201626324 ], [ -72.611092268744116, -35.645310146399943 ], [ -72.611109357395776, -35.645296244144028 ], [ -72.611116984092547, -35.645277465436571 ], [ -72.611132346182202, -35.64524000217942 ], [ -72.611150212774902, -35.645196278355385 ], [ -72.611168431507181, -35.645151841289113 ], [ -72.611189156539098, -35.645101142911265 ], [ -72.611204168285809, -35.64506430299943 ], [ -72.611219177337588, -35.645027554321807 ], [ -72.611238218028348, -35.644992596341751 ], [ -72.611259565592746, -35.644954350379976 ], [ -72.611292969446581, -35.644911746966066 ], [ -72.611320836983325, -35.644880750705134 ], [ -72.611341237723451, -35.644844649463124 ], [ -72.611362542168706, -35.644804148424463 ], [ -72.611382191018919, -35.644756223872143 ], [ -72.611401728478043, -35.644708297101118 ], [ -72.611423287146536, -35.644655542725097 ], [ -72.611440672242225, -35.644613161075952 ], [ -72.611458026795205, -35.644575466822957 ], [ -72.61148042269356, -35.644539134758581 ], [ -72.61150847707988, -35.644498137155161 ], [ -72.611542327396421, -35.64444796908338 ], [ -72.611567482919313, -35.644411601920289 ], [ -72.611605295704578, -35.644365570063265 ], [ -72.611636450176945, -35.644335449609635 ], [ -72.611669423737752, -35.644303563965309 ], [ -72.611705118295575, -35.644269298454248 ], [ -72.611741152416556, -35.644227377240931 ], [ -72.611771594524924, -35.644187778190755 ], [ -72.611791752719881, -35.644152392782956 ], [ -72.611807881072508, -35.644115125373126 ], [ -72.611832083482881, -35.64406999491807 ], [ -72.61185643142035, -35.644031087117668 ], [ -72.611887920964321, -35.643993402080312 ], [ -72.611920332179764, -35.643958169160499 ], [ -72.611948155699054, -35.643924918958753 ], [ -72.611969434093197, -35.643889015120287 ], [ -72.611977651881404, -35.643868896494986 ], [ -72.612118793382237, -35.643508614632701 ], [ -72.612171633185554, -35.643391760410161 ], [ -72.612190179802909, -35.643351114820099 ], [ -72.612209147730141, -35.643314894622854 ], [ -72.612234722766274, -35.643275560119747 ], [ -72.61229795428082, -35.643191722468536 ], [ -72.612321606023926, -35.643161364313713 ], [ -72.612336222511914, -35.643145158449222 ], [ -72.612347451452962, -35.643135195042071 ], [ -72.612365353079937, -35.64312365185517 ], [ -72.612435453113136, -35.643090969997452 ], [ -72.612454305157698, -35.643080887589115 ], [ -72.612470305949529, -35.643070117493508 ], [ -72.612481516924277, -35.643060784820882 ], [ -72.612491229509132, -35.643049800824478 ], [ -72.612501567321416, -35.643032699193142 ], [ -72.612531783952633, -35.642963529751391 ], [ -72.61258787835223, -35.6428263689563 ], [ -72.612630471073118, -35.642719857542282 ], [ -72.612677383792203, -35.642575752264257 ], [ -72.612696938319303, -35.642519803317867 ], [ -72.612818754363417, -35.642218719068673 ], [ -72.612877928187814, -35.642074498271121 ], [ -72.612901471234764, -35.642018086860226 ], [ -72.61292460285334, -35.64196437143859 ], [ -72.612971757219228, -35.641882648062882 ], [ -72.613046813257839, -35.641735316689569 ], [ -72.6130659473734, -35.641697205686128 ], [ -72.613082217659837, -35.641669946714806 ], [ -72.613094683581011, -35.641651804480453 ], [ -72.613155937903613, -35.641582349857316 ], [ -72.613174368638298, -35.641560450810452 ], [ -72.613186166212927, -35.641542476460771 ], [ -72.613273957667332, -35.641341944030415 ], [ -72.61329144876423, -35.641303350280502 ], [ -72.613311939335858, -35.641267881830359 ], [ -72.613350551621721, -35.641209695841823 ], [ -72.61337467587866, -35.641174568281087 ], [ -72.613423089682584, -35.64111729843156 ], [ -72.613438855115831, -35.641099582418327 ], [ -72.613452389133911, -35.641082634409237 ], [ -72.613469222664008, -35.641055025536239 ], [ -72.613512531342167, -35.640968899048822 ], [ -72.613527291560601, -35.640940437441657 ], [ -72.613546635881931, -35.640910083541833 ], [ -72.613564834851275, -35.640884754547599 ], [ -72.613587773332043, -35.640856093607411 ], [ -72.613685542374313, -35.640754371606874 ], [ -72.613701959984439, -35.640737029298187 ], [ -72.613720618891207, -35.640714865011837 ], [ -72.613742790210736, -35.640682222321608 ], [ -72.613817150953338, -35.640561918127645 ], [ -72.613835596061065, -35.640532086800356 ], [ -72.613888975751877, -35.640422903989119 ], [ -72.613914364836745, -35.640374912564418 ], [ -72.613928321063, -35.640351212147436 ], [ -72.613947514467355, -35.640322207161098 ], [ -72.614030666123313, -35.640232994677994 ], [ -72.614053923506034, -35.64020839698297 ], [ -72.614067240131803, -35.640191353877867 ], [ -72.614128800779895, -35.640074400627057 ], [ -72.614150462754679, -35.640032914516006 ], [ -72.614161033230616, -35.640015366905153 ], [ -72.614173493761925, -35.639997405348929 ], [ -72.614375963247184, -35.639776159498993 ], [ -72.614425618522816, -35.639717922050231 ], [ -72.614457718921187, -35.639678175483617 ], [ -72.614473335234095, -35.639658022945433 ], [ -72.614482597762972, -35.639643604284537 ], [ -72.614551231745622, -35.639489293057565 ], [ -72.614571200396071, -35.639445339767832 ], [ -72.614593658278181, -35.639403059023792 ], [ -72.614698714454036, -35.639230720628227 ], [ -72.614714734110478, -35.639204447130446 ], [ -72.614726816451068, -35.639188009763529 ], [ -72.614770673101546, -35.639142818120561 ], [ -72.614790994789914, -35.639120414661235 ], [ -72.614803429270069, -35.639103264004703 ], [ -72.614819456113054, -35.639073024757181 ], [ -72.614912570085508, -35.638852945913847 ], [ -72.614952139077147, -35.638758812599683 ], [ -72.614983174073586, -35.638695428163828 ], [ -72.615028909101326, -35.638613045113658 ], [ -72.615155779067223, -35.638408868122717 ], [ -72.615180755825378, -35.638367268716159 ], [ -72.615215088537227, -35.638300703780082 ], [ -72.615237572470477, -35.638257522252268 ], [ -72.615250666314054, -35.638236778727844 ], [ -72.61528000529124, -35.638200763552838 ], [ -72.61531560552595, -35.63816207775686 ], [ -72.615403802120539, -35.638077651412203 ], [ -72.615429159764361, -35.638052914339831 ], [ -72.615448491509298, -35.638030401794019 ], [ -72.615460252253001, -35.638013598418645 ], [ -72.615536073656216, -35.637851406533024 ], [ -72.61554788111232, -35.637825680138363 ], [ -72.615571522075655, -35.63778441407289 ], [ -72.615607422347665, -35.637728247129324 ], [ -72.61564140291992, -35.637677179733018 ], [ -72.61567230586401, -35.637636778732315 ], [ -72.615748569238377, -35.637548870090903 ], [ -72.615765780959222, -35.637527036375815 ], [ -72.615782333316645, -35.637501403326787 ], [ -72.615831653520686, -35.63740602144523 ], [ -72.615876847762635, -35.63732317711542 ], [ -72.615983297225483, -35.637140949658985 ], [ -72.616018812120245, -35.637079095652588 ], [ -72.616077000492766, -35.636960271754006 ], [ -72.616091006126354, -35.636934859738517 ], [ -72.616156748432118, -35.63684791403643 ], [ -72.616208232677678, -35.636768890393625 ], [ -72.616220626733664, -35.63674939492865 ], [ -72.616229254153637, -35.636737757368358 ], [ -72.616239685390724, -35.636728589685589 ], [ -72.616263955174745, -35.636714467640978 ], [ -72.616279593945521, -35.636704681572965 ], [ -72.616301774248214, -35.636686552082971 ], [ -72.616318551184463, -35.636668225465655 ], [ -72.616342898223607, -35.636636617114988 ], [ -72.616400648218274, -35.636539958739029 ], [ -72.61643742614433, -35.636483898973864 ], [ -72.616471341139572, -35.636431297597234 ], [ -72.616526203948908, -35.636327732330024 ], [ -72.616545033535573, -35.63629231934862 ], [ -72.616555484535596, -35.636275039589385 ], [ -72.616585819744415, -35.636235167195139 ], [ -72.616658364991821, -35.636149618855697 ], [ -72.616683555549031, -35.636119379950713 ], [ -72.616695539074911, -35.63610258055413 ], [ -72.61672230976869, -35.636048846554317 ], [ -72.616872899749666, -35.635688925145416 ], [ -72.616908920395915, -35.635602562894604 ], [ -72.616939051687183, -35.635536096409105 ], [ -72.616959020337632, -35.635495747623111 ], [ -72.616995627583762, -35.635430580622028 ], [ -72.617020424678884, -35.635391229096264 ], [ -72.61703656740454, -35.635368202541848 ], [ -72.617116131189249, -35.635280538908589 ], [ -72.617137728485318, -35.635255998097158 ], [ -72.617159344645984, -35.635227130710469 ], [ -72.617202141284437, -35.635161724747753 ], [ -72.617227298603979, -35.635121388914577 ], [ -72.617300729590241, -35.634965098411591 ], [ -72.617310087340556, -35.634947435792135 ], [ -72.617322066374868, -35.634930725951733 ], [ -72.617332776988007, -35.634919580945493 ], [ -72.6174174414069, -35.634868344561028 ], [ -72.617445101432807, -35.634851585057099 ], [ -72.617457082263769, -35.634842267486924 ], [ -72.617472035619983, -35.634825797098294 ], [ -72.61749338138776, -35.63479485168272 ], [ -72.617509918473829, -35.634765973177934 ], [ -72.61754853614957, -35.634685071109033 ], [ -72.617627470215268, -35.634499593047295 ], [ -72.617641374339243, -35.634466426522586 ], [ -72.617655014358519, -35.634438392632262 ], [ -72.617669307453014, -35.634418122685808 ], [ -72.617788621689044, -35.634282029243145 ], [ -72.617809120345512, -35.634257286615288 ], [ -72.617833938101867, -35.634221000237012 ], [ -72.617899009366113, -35.634096993422652 ], [ -72.617916572328227, -35.634063268196847 ], [ -72.617936545470229, -35.63403022122916 ], [ -72.617957722354745, -35.634001254834885 ], [ -72.617983121321103, -35.633971380172412 ], [ -72.618051737337453, -35.633902789896922 ], [ -72.618073465787546, -35.633881225327031 ], [ -72.61808513849634, -35.633867394093876 ], [ -72.618102108570369, -35.633835099790559 ], [ -72.618404618937248, -35.633121679439633 ], [ -72.618417750510062, -35.633092192871594 ], [ -72.618432114571448, -35.633065795425942 ], [ -72.618443447717084, -35.633048532491991 ], [ -72.618456882920484, -35.633031130831711 ], [ -72.618599392555467, -35.632890898164646 ], [ -72.618632032841305, -35.6328588232332 ], [ -72.618660774438837, -35.632827932545304 ], [ -72.6186773708137, -35.632808159403069 ], [ -72.618698199151879, -35.632779727014871 ], [ -72.618751346179039, -35.632674233143298 ], [ -72.618761650753655, -35.632654425647303 ], [ -72.618771863700132, -35.63263768174189 ], [ -72.618790817254293, -35.632612907939837 ], [ -72.618816447985992, -35.632586372342594 ], [ -72.61891131187663, -35.63250387785736 ], [ -72.61895349137248, -35.632466582381241 ], [ -72.618974525424861, -35.632446085596158 ], [ -72.618990173178773, -35.632428548001513 ], [ -72.619003072087949, -35.632410594231821 ], [ -72.619026846001944, -35.632361036987632 ], [ -72.619125676852875, -35.632126194737786 ], [ -72.619136876149511, -35.632102258963883 ], [ -72.619150348183837, -35.632079900259157 ], [ -72.619234380188772, -35.631982858895967 ], [ -72.619292563171413, -35.631908561682351 ], [ -72.619323276570967, -35.631870679634268 ], [ -72.619417207112022, -35.631771219824039 ], [ -72.619447985190291, -35.631734871716262 ], [ -72.619469160278172, -35.631705904490154 ], [ -72.619483433609716, -35.631682569488682 ], [ -72.619519894430468, -35.631607303110464 ], [ -72.619544479523157, -35.631556409225425 ], [ -72.619582461191683, -35.631493161453555 ], [ -72.619761394816493, -35.63122285469781 ], [ -72.619777723493428, -35.63119721597625 ], [ -72.619792967903791, -35.631170926695084 ], [ -72.619810755444746, -35.631137025001976 ], [ -72.619987527722969, -35.630719928298461 ], [ -72.620563494245488, -35.629734635777858 ], [ -72.620642553177007, -35.62968599029216 ], [ -72.62067475598333, -35.629664902832907 ], [ -72.620692052145799, -35.629651272391627 ], [ -72.620714789403948, -35.629629187537873 ], [ -72.620735047311925, -35.629605069938911 ], [ -72.620747395553821, -35.629587015504406 ], [ -72.620760241462392, -35.629563381982813 ], [ -72.62083263040293, -35.629393366889666 ], [ -72.620855468272381, -35.629341807155939 ], [ -72.620870542002876, -35.629313800674439 ], [ -72.620889239537192, -35.629286407512005 ], [ -72.62091518467922, -35.629256633308977 ], [ -72.620936446005359, -35.629235870654938 ], [ -72.620981059037334, -35.629198353147551 ], [ -72.621056507639722, -35.629141161604423 ], [ -72.621087139292598, -35.62911715922273 ], [ -72.621115505394314, -35.62909139935023 ], [ -72.621138808591098, -35.629065087471858 ], [ -72.621151362547209, -35.629047578341677 ], [ -72.621168175416045, -35.629016721958614 ], [ -72.621189161857728, -35.628968010321984 ], [ -72.62121213447449, -35.628911856166965 ], [ -72.621236134763933, -35.628839677936924 ], [ -72.62140520219198, -35.628469748608069 ], [ -72.621520821657256, -35.628197015518403 ], [ -72.621614462042473, -35.627984152888693 ], [ -72.621639515157426, -35.627928580714986 ], [ -72.621660621075023, -35.627886992647589 ], [ -72.621678034018487, -35.627858221902315 ], [ -72.621697701733325, -35.627831658440719 ], [ -72.62171264969966, -35.627815277148251 ], [ -72.621729564078151, -35.627799656686477 ], [ -72.621748778143754, -35.627784621815678 ], [ -72.621827447206442, -35.627737861166331 ], [ -72.621851151950167, -35.62772408728361 ], [ -72.621879098538656, -35.627704988284215 ], [ -72.621893592855756, -35.627692745558157 ], [ -72.621904308858774, -35.627681328650368 ], [ -72.621913813932807, -35.627666103183429 ], [ -72.622003897887822, -35.627457675654128 ], [ -72.622029826860171, -35.627398605596937 ], [ -72.622044664333728, -35.627367349904063 ], [ -72.622056086412556, -35.627347023401725 ], [ -72.622065181854808, -35.62733440312229 ], [ -72.622080207076252, -35.627319195843604 ], [ -72.622175979163643, -35.627250418047289 ], [ -72.622202054561384, -35.627231101343405 ], [ -72.622217112122186, -35.627218508792225 ], [ -72.622237594608961, -35.627197911358031 ], [ -72.622249411946541, -35.627182910692241 ], [ -72.622260771143303, -35.627164656373544 ], [ -72.622459511721814, -35.626694715758163 ], [ -72.622519166144897, -35.626559331312556 ], [ -72.622531778491478, -35.626532358519398 ], [ -72.622547117224954, -35.626506521145259 ], [ -72.622561187537258, -35.626489941702737 ], [ -72.622630889616772, -35.626425336169476 ], [ -72.62265495188997, -35.626403186168751 ], [ -72.622690115543463, -35.62636403830016 ], [ -72.622751361781212, -35.626286736281557 ], [ -72.622835091053901, -35.626177156506031 ], [ -72.622917993876527, -35.6260619716966 ], [ -72.622964592185269, -35.625998351565229 ], [ -72.6230586628635, -35.625882576509099 ], [ -72.623081782803965, -35.625854908351698 ], [ -72.623091532219746, -35.625842571878664 ], [ -72.623111019373212, -35.625810866513596 ], [ -72.623224355321028, -35.625551517454987 ], [ -72.623254424628513, -35.625483064532133 ], [ -72.62327394142639, -35.625442885916961 ], [ -72.623285938427003, -35.625421760098867 ], [ -72.623310020463151, -35.62538401590335 ], [ -72.623329577685197, -35.625357360346065 ], [ -72.623548437831133, -35.625124791783264 ], [ -72.623576356571832, -35.625095416905602 ], [ -72.623589963353467, -35.625079550567939 ], [ -72.623607657469606, -35.625056192456675 ], [ -72.623674203767536, -35.624922836634397 ], [ -72.623698990082843, -35.624876183110125 ], [ -72.623714569564825, -35.624849628880476 ], [ -72.623725672741742, -35.624832630693177 ], [ -72.62374580847883, -35.624808780358791 ], [ -72.623815960614323, -35.624743822243332 ], [ -72.623835834941659, -35.62472510442403 ], [ -72.623850314885715, -35.624709616254037 ], [ -72.6238680045103, -35.624686348578926 ], [ -72.62387890287134, -35.62466880636115 ], [ -72.623973464029717, -35.62445054986074 ], [ -72.623999417256584, -35.624390578707882 ], [ -72.624033277454586, -35.624320846943249 ], [ -72.624045429863742, -35.62429819106179 ], [ -72.624055965305416, -35.624281633067326 ], [ -72.624067682031651, -35.62426627040572 ], [ -72.624080582737449, -35.624251921988161 ], [ -72.624094999799453, -35.624238505302671 ], [ -72.624163543052248, -35.624190550892934 ], [ -72.624178115522795, -35.624179391245661 ], [ -72.624189923877211, -35.624168356461063 ], [ -72.624203576472894, -35.624150957979118 ], [ -72.624265033814737, -35.624021648154269 ], [ -72.624282123364708, -35.623985118353708 ], [ -72.624300213637895, -35.623952033630424 ], [ -72.624332810804617, -35.623902558767028 ], [ -72.624370133109721, -35.623850112676649 ], [ -72.624427366573116, -35.623773991887916 ], [ -72.624577668194874, -35.623585859769804 ], [ -72.624607664738832, -35.623545978855468 ], [ -72.62462199017267, -35.62352444800203 ], [ -72.624635574496381, -35.623501910188338 ], [ -72.624661428908581, -35.623448967294586 ], [ -72.624740039580786, -35.6232622159662 ], [ -72.624788441706599, -35.623144996244747 ], [ -72.624810277954538, -35.62308981136988 ], [ -72.62483207467659, -35.623028494878724 ], [ -72.624844595395018, -35.622985925049541 ], [ -72.624850795567113, -35.622955490579777 ], [ -72.624851497151354, -35.622860857333663 ], [ -72.624855562926314, -35.622801805786686 ], [ -72.624864825455219, -35.6227163555236 ], [ -72.62502692105835, -35.622398407539578 ], [ -72.625574983213184, -35.621545830852789 ], [ -72.625614020402168, -35.621633135673598 ], [ -72.62564376002797, -35.621717551638575 ], [ -72.625650821684417, -35.621736350486358 ], [ -72.625656472985881, -35.621746828446973 ], [ -72.625662961517165, -35.621755158822616 ], [ -72.625673643384218, -35.621763481895172 ], [ -72.625680477766892, -35.621767582822713 ], [ -72.625689986434182, -35.621770834501746 ], [ -72.625694496875212, -35.621771374866078 ], [ -72.625699708900484, -35.621770576003136 ], [ -72.625720773495601, -35.621756388516857 ], [ -72.625775621931894, -35.621708524626577 ], [ -72.625803308008955, -35.621683199770551 ], [ -72.625821493503565, -35.621665530565338 ], [ -72.625834855943424, -35.62165047044374 ], [ -72.625846502601064, -35.621633663625069 ], [ -72.625862303966926, -35.621603327220782 ], [ -72.62607083169047, -35.62110725118746 ], [ -72.626129253624953, -35.620968415709882 ], [ -72.626147756224853, -35.620928848219151 ], [ -72.626166189654498, -35.620895318981646 ], [ -72.626186852702645, -35.620864807772193 ], [ -72.626202080943372, -35.6208463592302 ], [ -72.626218924354944, -35.620829294471086 ], [ -72.626237727890469, -35.620813169515429 ], [ -72.62627344400785, -35.620788814852929 ], [ -72.626342843355118, -35.620749079320113 ], [ -72.626360506928549, -35.62073788925305 ], [ -72.626372621608468, -35.62072767185294 ], [ -72.626384135315462, -35.620715368909742 ], [ -72.626393810171081, -35.620701769072902 ], [ -72.626416258171716, -35.620655699462361 ], [ -72.626503920268703, -35.620450104492512 ], [ -72.626537737347562, -35.620370456353683 ], [ -72.626550170031109, -35.620342037067687 ], [ -72.626562000843407, -35.620319013480753 ], [ -72.626668227524064, -35.620150112057409 ], [ -72.626697585365861, -35.620105530352689 ], [ -72.626718861963369, -35.620076653843846 ], [ -72.626738292522987, -35.620054231896411 ], [ -72.626755340750421, -35.620037710995511 ], [ -72.626781681151186, -35.620016777262464 ], [ -72.626811297707789, -35.619997079817381 ], [ -72.626875738354698, -35.619960761407938 ], [ -72.62689179574042, -35.619951612978006 ], [ -72.626903852029841, -35.619943377345514 ], [ -72.626914391064759, -35.619934120838245 ], [ -72.626921598248259, -35.619925609173606 ], [ -72.62693380635298, -35.619904757198015 ], [ -72.627043959569747, -35.619647774681901 ], [ -72.627070855129361, -35.619585656666594 ], [ -72.627082862909745, -35.619560384445975 ], [ -72.62709300758425, -35.619542105749545 ], [ -72.62710227011317, -35.619527504550611 ], [ -72.627112915149254, -35.619514734797683 ], [ -72.627132569389389, -35.619499618042333 ], [ -72.627182790603641, -35.619470050504702 ], [ -72.627257579842635, -35.619430961312332 ], [ -72.627286513679621, -35.619415666361675 ], [ -72.627300444753033, -35.619407467186178 ], [ -72.627308228654982, -35.61940185161216 ], [ -72.627317109399868, -35.619388956237245 ], [ -72.627378876660501, -35.619248834005639 ], [ -72.627398017064252, -35.619206304518606 ], [ -72.62744616406853, -35.6191273883082 ], [ -72.627464906518625, -35.619094587101415 ], [ -72.627515884114359, -35.618979580493146 ], [ -72.627531147389362, -35.618944997420925 ], [ -72.627545228481424, -35.618916790130584 ], [ -72.627560895100004, -35.618890958328308 ], [ -72.62757974355128, -35.618865820253895 ], [ -72.62764264718075, -35.618799274130339 ], [ -72.627659182470168, -35.61878139178534 ], [ -72.627673162052631, -35.618764089254505 ], [ -72.627692593510531, -35.618734095709307 ], [ -72.627722818226601, -35.618671412500802 ], [ -72.627814270315767, -35.618456877792639 ], [ -72.627832810644932, -35.618415958821963 ], [ -72.627852490037853, -35.618377586222884 ], [ -72.627869453823678, -35.618348985125877 ], [ -72.62789524984538, -35.618312806176689 ], [ -72.627917525369469, -35.618287464909969 ], [ -72.627976103610834, -35.618236518000344 ], [ -72.627994453497138, -35.618220744504576 ], [ -72.628007974040486, -35.618207759848161 ], [ -72.628019750953868, -35.61819402010623 ], [ -72.628031910549552, -35.618174790305552 ], [ -72.62810008998467, -35.618023075319293 ], [ -72.628116813022004, -35.617987618446492 ], [ -72.62813722723682, -35.617950522131089 ], [ -72.628162102485362, -35.617911891527854 ], [ -72.6281950715546, -35.617868372560906 ], [ -72.628214300891571, -35.617841528282483 ], [ -72.628286622458475, -35.61770648083202 ], [ -72.62829372274247, -35.617694091253462 ], [ -72.628302461553545, -35.617682274196348 ], [ -72.628316993599924, -35.617668678955518 ], [ -72.628403505853356, -35.617610079986946 ], [ -72.628437328322093, -35.617586227498329 ], [ -72.628457434414813, -35.617570759123147 ], [ -72.628470290204831, -35.617557851038555 ], [ -72.62848643921869, -35.617534372427883 ], [ -72.628522854225352, -35.617460093188576 ], [ -72.628544738982313, -35.617418068091496 ], [ -72.628574503760944, -35.617370880018314 ], [ -72.628673360663015, -35.617238156932096 ], [ -72.628702072616122, -35.617196717390016 ], [ -72.628723017735297, -35.617164048299479 ], [ -72.628739264665526, -35.617137235916267 ], [ -72.628752937024146, -35.617111635763365 ], [ -72.628911456434125, -35.616734184452255 ], [ -72.628944281772917, -35.616658122613984 ], [ -72.628957753807242, -35.616631795690061 ], [ -72.628973078167675, -35.616606317330366 ], [ -72.628990683350608, -35.616582055591486 ], [ -72.629010473236306, -35.616558648260785 ], [ -72.629036406700251, -35.616532748512043 ], [ -72.629079586021021, -35.616494837270487 ], [ -72.629114758657636, -35.616466324593155 ], [ -72.629212731617486, -35.616397133621767 ], [ -72.629234269624746, -35.616381782590302 ], [ -72.629260976538134, -35.616359593293858 ], [ -72.629276567698213, -35.616343765387832 ], [ -72.629290191547796, -35.616327267819401 ], [ -72.629306971178977, -35.616301096334524 ], [ -72.62938336031749, -35.616125384657167 ], [ -72.629399110479369, -35.616092974376222 ], [ -72.629414313567239, -35.616067853679212 ], [ -72.62943121716593, -35.616044930369959 ], [ -72.629443896886173, -35.616030487002106 ], [ -72.629458782868738, -35.616016087448124 ], [ -72.629530317511453, -35.615963681462503 ], [ -72.629548140086698, -35.61595078188185 ], [ -72.629567340677568, -35.615932320521843 ], [ -72.62958124030996, -35.615913935106228 ], [ -72.629609969331071, -35.615853205366854 ], [ -72.629697727547793, -35.615647609735319 ], [ -72.629715985805944, -35.615604972442881 ], [ -72.629732411500925, -35.615568338749334 ], [ -72.629790063579236, -35.615477619823366 ], [ -72.62981086227299, -35.615442423992583 ], [ -72.629869171019777, -35.615314492001424 ], [ -72.629885335304991, -35.6152792040834 ], [ -72.629894906854361, -35.615261634972413 ], [ -72.629908181259296, -35.615241975061053 ], [ -72.629930295984948, -35.615214556629773 ], [ -72.630010364622862, -35.61513104081159 ], [ -72.630029225650574, -35.615109146932745 ], [ -72.630040949563337, -35.615093423209707 ], [ -72.630102262276438, -35.614979610704609 ], [ -72.630118855058043, -35.614952264481559 ], [ -72.630133106830044, -35.614933164622393 ], [ -72.630197245643004, -35.614865740345039 ], [ -72.630233659751354, -35.61482508170959 ], [ -72.630249819545014, -35.614804938972092 ], [ -72.630269858264043, -35.614776757972493 ], [ -72.630281338733383, -35.614758054616772 ], [ -72.630327251627548, -35.614657370736005 ], [ -72.630351086626987, -35.614605287377529 ], [ -72.630361506185949, -35.614585120485195 ], [ -72.630371803574064, -35.614569097971412 ], [ -72.630443265453238, -35.614492893858788 ], [ -72.63046397341715, -35.614468242234942 ], [ -72.630481734906951, -35.614442451352623 ], [ -72.630521757547825, -35.614365537277777 ], [ -72.630532310057461, -35.614348347716799 ], [ -72.630544378024979, -35.614332179827876 ], [ -72.630559546976869, -35.614315621960785 ], [ -72.630624099014881, -35.614260374760661 ], [ -72.630642100354848, -35.614245134323312 ], [ -72.630657771464982, -35.614230299194482 ], [ -72.630671812132874, -35.614214620576746 ], [ -72.630728207468096, -35.614121533969566 ], [ -72.630748623479562, -35.614088042774469 ], [ -72.630775678939287, -35.614050265478262 ], [ -72.630820347666798, -35.613999223852666 ], [ -72.630833965228177, -35.613982905452794 ], [ -72.630847080631341, -35.613964865017849 ], [ -72.630867527185501, -35.613930383478937 ], [ -72.630936334543023, -35.613779489326333 ], [ -72.630950946539414, -35.613748137753419 ], [ -72.630960043778302, -35.613731641110199 ], [ -72.630970669051493, -35.613715714824508 ], [ -72.630987668769919, -35.613697029478104 ], [ -72.631107849880209, -35.613596994225844 ], [ -72.631348270491273, -35.61326405855997 ], [ -72.631358659507541, -35.613248668221303 ], [ -72.631408075831317, -35.613201235228516 ], [ -72.631427975311482, -35.613181525150345 ], [ -72.631462186750767, -35.613140642916989 ], [ -72.631500878986685, -35.613090025016035 ], [ -72.631524272015, -35.613056682370598 ], [ -72.631561910527097, -35.612993151943698 ], [ -72.631569454578838, -35.612961931517042 ], [ -72.631601691521126, -35.612842223889764 ], [ -72.631615181521767, -35.612811747583876 ], [ -72.631642707698688, -35.612750454615316 ], [ -72.631659655314834, -35.61271482086228 ], [ -72.631671332515211, -35.612693146874186 ], [ -72.631743615454553, -35.612600192872655 ], [ -72.63177876832826, -35.612549774003327 ], [ -72.631875851955954, -35.612383212145474 ], [ -72.631887137490864, -35.612363603378526 ], [ -72.631903328725528, -35.612338591786781 ], [ -72.631920215256258, -35.612319905388411 ], [ -72.631963977583652, -35.612280833880426 ], [ -72.631983961505455, -35.612261936409247 ], [ -72.631998127039182, -35.612245719898219 ], [ -72.632078651122924, -35.612124081719699 ], [ -72.63210603536605, -35.612082615427774 ], [ -72.632163362254218, -35.612006403103877 ], [ -72.632184439425728, -35.611976710103768 ], [ -72.632208991280748, -35.611933926252824 ], [ -72.632262519193588, -35.611818157125676 ], [ -72.632281841955333, -35.6117767125846 ], [ -72.632301412652126, -35.611738157143066 ], [ -72.632313724063096, -35.611717487071921 ], [ -72.632326507987898, -35.611699439553242 ], [ -72.632342580644973, -35.611682177848557 ], [ -72.632448368947777, -35.611602141214235 ], [ -72.632473111245645, -35.611582887188952 ], [ -72.632488555980316, -35.611568227572391 ], [ -72.632503173366629, -35.611551658178414 ], [ -72.632565206528582, -35.611454355277729 ], [ -72.632587423662173, -35.611423332896599 ], [ -72.632605287559926, -35.61140150957393 ], [ -72.632629079440221, -35.611377009633621 ], [ -72.632771179443452, -35.611259824344117 ], [ -72.632795164461527, -35.611240013733955 ], [ -72.632812971765389, -35.611223867856658 ], [ -72.632870709183663, -35.611156314107525 ], [ -72.632884379745647, -35.611142156142016 ], [ -72.633010644247037, -35.611045214981992 ], [ -72.633047817431816, -35.611016108802652 ], [ -72.633060416303678, -35.611004368172843 ], [ -72.633071027203812, -35.610992677933474 ], [ -72.633082463655683, -35.610975415346005 ], [ -72.633110946538409, -35.610915310663657 ], [ -72.633158516824267, -35.610806815532442 ], [ -72.633190875039119, -35.610731374674671 ], [ -72.633226972042181, -35.610622829631957 ], [ -72.633242043077701, -35.61057994354185 ], [ -72.633289965503167, -35.610467128081766 ], [ -72.633309944035091, -35.610422179468436 ], [ -72.633323785276986, -35.610394508152901 ], [ -72.633333024449684, -35.610380627576518 ], [ -72.633354142045377, -35.610356975962702 ], [ -72.63341802394018, -35.610298017428889 ], [ -72.633438804667648, -35.610278324163204 ], [ -72.633451829340956, -35.610263347345573 ], [ -72.633482870625599, -35.610217535370523 ], [ -72.633512056889174, -35.610171055849456 ], [ -72.633536562930118, -35.610126016509 ], [ -72.63364158856325, -35.609891914506591 ], [ -72.63365931322214, -35.609852329850746 ], [ -72.633676359652966, -35.609816970141601 ], [ -72.633689862229986, -35.609793258473978 ], [ -72.633706156770941, -35.609768428661518 ], [ -72.633818692319849, -35.609635340209564 ], [ -72.633860590642996, -35.609580728088375 ], [ -72.633880013117761, -35.609554607710486 ], [ -72.633894829930043, -35.609538763851148 ], [ -72.633950264966231, -35.609492981404877 ], [ -72.633968721752069, -35.609477209106196 ], [ -72.633985192362786, -35.609461397366267 ], [ -72.633999685781603, -35.609445276691709 ], [ -72.634045390266635, -35.609370006909131 ], [ -72.634180798719285, -35.609179592929422 ], [ -72.634302313827774, -35.609015042710269 ], [ -72.634324755540206, -35.608983933933544 ], [ -72.634343617466214, -35.608954377845656 ], [ -72.634365193202711, -35.608911354287628 ], [ -72.634595551784273, -35.60839045401115 ], [ -72.634630427078562, -35.608311905447977 ], [ -72.634648379909507, -35.608275751172641 ], [ -72.634665109235058, -35.608247415230615 ], [ -72.63468181789932, -35.608223496409899 ], [ -72.634702395607533, -35.608199382579691 ], [ -72.634753007588955, -35.608152422048533 ], [ -72.634773873656385, -35.608133541860795 ], [ -72.63479058052404, -35.608117193780821 ], [ -72.634812701537911, -35.608089415037377 ], [ -72.63493557759405, -35.607912359738911 ], [ -72.634978778474377, -35.607850921328748 ], [ -72.635011023501505, -35.607797921331901 ], [ -72.63508268031508, -35.607666012770338 ], [ -72.635097148581053, -35.60763943456751 ], [ -72.635110860465545, -35.607616086699792 ], [ -72.635176203919315, -35.607541110988812 ], [ -72.635240131628194, -35.607457907784067 ], [ -72.63525769638693, -35.607434817677969 ], [ -72.6352683378298, -35.607422045994419 ], [ -72.635313783600012, -35.607385531983105 ], [ -72.635326780425558, -35.607375239841915 ], [ -72.635376171596505, -35.607317168681917 ], [ -72.635436086531016, -35.607261647147595 ], [ -72.63545536527532, -35.607244176334241 ], [ -72.635468553441996, -35.607227399354237 ], [ -72.635504831006443, -35.607161137881057 ], [ -72.635516835193584, -35.607139559525578 ], [ -72.635527690435481, -35.607123276244174 ], [ -72.635599008584194, -35.607047964107366 ], [ -72.63561989351625, -35.607024667192043 ], [ -72.635637037863432, -35.607000936437885 ], [ -72.635672610250381, -35.606932407747294 ], [ -72.635685006102975, -35.606908763147999 ], [ -72.635696236840658, -35.606890955562605 ], [ -72.635743429834108, -35.606836798772449 ], [ -72.635766144634388, -35.606807588811755 ], [ -72.635797586567648, -35.606759350065545 ], [ -72.635868578627921, -35.606634909186639 ], [ -72.635890338519047, -35.606596934094817 ], [ -72.636010200727412, -35.606413418360688 ], [ -72.636026501556543, -35.606388408560456 ], [ -72.636071576322564, -35.606334487337371 ], [ -72.636087958898386, -35.606314344653029 ], [ -72.636106100375571, -35.606286666804152 ], [ -72.636248586654361, -35.606017146896107 ], [ -72.636265315979884, -35.605985025396528 ], [ -72.636276720092425, -35.605965057912151 ], [ -72.636301115640592, -35.605938674152121 ], [ -72.636337441714048, -35.605889628556767 ], [ -72.636397620753243, -35.605817525955423 ], [ -72.636419950176276, -35.605790110867154 ], [ -72.636462978580056, -35.605726955921966 ], [ -72.636480269352646, -35.605701966357522 ], [ -72.636532098551285, -35.605639794419922 ], [ -72.636548203547704, -35.60562136135578 ], [ -72.636563388669245, -35.605596690929922 ], [ -72.636590324653042, -35.60553840375016 ], [ -72.636617259738543, -35.605480115797626 ], [ -72.636634567579108, -35.605443405890959 ], [ -72.636649258627273, -35.605416742957082 ], [ -72.636708685776583, -35.605332902849774 ], [ -72.636720146482972, -35.605314827597368 ], [ -72.636776946060067, -35.605192539073528 ], [ -72.636788097746006, -35.605169953001898 ], [ -72.636801441321225, -35.605151556348183 ], [ -72.636827372090224, -35.605125563800428 ], [ -72.636842298496987, -35.605109631419133 ], [ -72.63685480304575, -35.605093560993957 ], [ -72.636867415392331, -35.605073797061593 ], [ -72.63697081507479, -35.604853179096374 ], [ -72.636991382901542, -35.604810586446462 ], [ -72.637003473326942, -35.604789821097192 ], [ -72.637015864687982, -35.604773837522629 ], [ -72.637069410567122, -35.60472476711081 ], [ -72.637084395364383, -35.604710638683009 ], [ -72.637097297866802, -35.604696019438727 ], [ -72.637109286782575, -35.604678677342093 ], [ -72.637240419254496, -35.604389553712664 ], [ -72.63726095384358, -35.60434434605137 ], [ -72.637276066201593, -35.604314625374485 ], [ -72.637295361115591, -35.604281561729373 ], [ -72.637357539804597, -35.604193904183795 ], [ -72.637372347633743, -35.604174543200514 ], [ -72.637524348868027, -35.603858522033789 ], [ -72.637644015243652, -35.603587918085111 ], [ -72.63766333800541, -35.60354259603028 ], [ -72.637672250191358, -35.603517261770506 ], [ -72.63767863900965, -35.603491427186292 ], [ -72.637681259395336, -35.603473629796177 ], [ -72.637681648365856, -35.603441638015212 ], [ -72.637658554476531, -35.603299845198656 ], [ -72.637654580329709, -35.603269840742122 ], [ -72.637654752806242, -35.603252717453785 ], [ -72.637656778507207, -35.603240138656368 ], [ -72.637670408645022, -35.603200743532852 ], [ -72.637718374189603, -35.603089463908681 ], [ -72.63773335180035, -35.60305307062621 ], [ -72.637741846269677, -35.603026827602292 ], [ -72.637744781065706, -35.603013364263028 ], [ -72.637746673816025, -35.602986539102439 ], [ -72.637744366942357, -35.602933581167818 ], [ -72.637744197160771, -35.602901849191326 ], [ -72.637746625306988, -35.602871789075571 ], [ -72.637749970633109, -35.602851844186944 ], [ -72.637755200624682, -35.602831665566917 ], [ -72.637848195121222, -35.602611835361436 ], [ -72.637861107505103, -35.602581800700648 ], [ -72.637881875656177, -35.602506130046201 ], [ -72.637893776537041, -35.602469226680391 ], [ -72.637938392263948, -35.602363194688323 ], [ -72.637949674205601, -35.602336102713949 ], [ -72.637970902294086, -35.602263506811965 ], [ -72.637979684224305, -35.60223510446545 ], [ -72.638036880856745, -35.602095247997177 ], [ -72.638047718132356, -35.602068238467488 ], [ -72.638052857394072, -35.602051122956446 ], [ -72.638054505802629, -35.602036371753847 ], [ -72.638053073888059, -35.602024986242718 ], [ -72.638014966455401, -35.601947169137532 ], [ -72.638003532698477, -35.601919361227047 ], [ -72.637998887510122, -35.601904667702087 ], [ -72.637995607761013, -35.601888558652178 ], [ -72.637994677106391, -35.601867628203777 ], [ -72.638010412895227, -35.601779147769498 ], [ -72.638011958895817, -35.601764125536647 ], [ -72.638011154005326, -35.601746442435925 ], [ -72.638007983850699, -35.601734121234692 ], [ -72.637996732451754, -35.601715150423026 ], [ -72.637937626001019, -35.601638273779358 ], [ -72.637912197390264, -35.601609741198651 ], [ -72.63786192587034, -35.601558998406574 ], [ -72.637773722089221, -35.601481624935921 ], [ -72.637686534302688, -35.601391395477805 ], [ -72.63765711178219, -35.601363507029262 ], [ -72.637621259120877, -35.60133278823745 ], [ -72.637537599018472, -35.601280217786062 ], [ -72.63752040167067, -35.601268252222361 ], [ -72.637439362852263, -35.601186529609507 ], [ -72.63736784976912, -35.601122479929963 ], [ -72.637340352338271, -35.601096700814217 ], [ -72.637280387996427, -35.601026567465851 ], [ -72.637263163699174, -35.601008020855602 ], [ -72.637120460028086, -35.600887768714337 ], [ -72.637075833521408, -35.600847772033177 ], [ -72.637046626596558, -35.600819977618521 ], [ -72.637026417197632, -35.600797857777351 ], [ -72.636989588067607, -35.600744133650814 ], [ -72.63695551407055, -35.600690553379856 ], [ -72.636937315101221, -35.600660089244471 ], [ -72.636910070096974, -35.600595735290767 ], [ -72.636896971761814, -35.600568255597729 ], [ -72.636777081705659, -35.600370389404354 ], [ -72.636746990838603, -35.600324008612546 ], [ -72.636719782665281, -35.600284713581566 ], [ -72.636705352128558, -35.600264960148188 ], [ -72.636663716113446, -35.600220875732127 ], [ -72.636648109682028, -35.600203623237618 ], [ -72.636634712207865, -35.600186323992567 ], [ -72.636602819320345, -35.600129900554926 ], [ -72.636530026137919, -35.599978118476137 ], [ -72.636519119692053, -35.599954918109241 ], [ -72.636473347833387, -35.599901377483107 ], [ -72.636397794128101, -35.599802182497029 ], [ -72.636369399280284, -35.599765659895517 ], [ -72.636311590895119, -35.599701066374067 ], [ -72.63629065835238, -35.599677308613515 ], [ -72.636207818411819, -35.599563187850201 ], [ -72.636162125604883, -35.599503158593649 ], [ -72.636139641671633, -35.599475855288439 ], [ -72.636112743417087, -35.59944855562604 ], [ -72.636091028441726, -35.599428839968411 ], [ -72.636072283296699, -35.599413238066369 ], [ -72.63605435741519, -35.599399816483896 ], [ -72.635885166917944, -35.599305993898653 ], [ -72.635818107681999, -35.599266998573562 ], [ -72.635747576457462, -35.599222166379981 ], [ -72.635705471521788, -35.599194026638664 ], [ -72.635651853777418, -35.599155836191251 ], [ -72.635559443185841, -35.59907821424251 ], [ -72.63554263660518, -35.599064184886601 ], [ -72.63552405136025, -35.599050658794127 ], [ -72.635503782672515, -35.599038092483951 ], [ -72.635481706574382, -35.599026843867023 ], [ -72.635246808805704, -35.598949308714346 ], [ -72.635186290203322, -35.59892810942916 ], [ -72.63515300402878, -35.598915286718544 ], [ -72.635110633191786, -35.598896246578136 ], [ -72.635065191014817, -35.598872728890505 ], [ -72.635035348082781, -35.598855466609763 ], [ -72.635005219486459, -35.598836578384912 ], [ -72.634975799660893, -35.598816171588204 ], [ -72.634888166309977, -35.598744953010176 ], [ -72.634856450390558, -35.598719994134754 ], [ -72.634832928903151, -35.598705470213147 ], [ -72.634702291402974, -35.598640527419342 ], [ -72.634658588364402, -35.598617944611412 ], [ -72.634572914239115, -35.598559376244275 ], [ -72.634379506958439, -35.598418473942829 ], [ -72.63422790457615, -35.598308408958168 ], [ -72.634193534135079, -35.598283756729913 ], [ -72.634149124122359, -35.598255211266228 ], [ -72.634066204231758, -35.598207701453582 ], [ -72.634008687799067, -35.598178267750818 ], [ -72.633931238648529, -35.598143574154889 ], [ -72.633908815800709, -35.598132947745313 ], [ -72.633889153475778, -35.59812228554285 ], [ -72.633869978037723, -35.598110100375564 ], [ -72.633792455225333, -35.598044217024082 ], [ -72.633766070807113, -35.598021974432427 ], [ -72.633697905745052, -35.597971869960801 ], [ -72.633647884855094, -35.597938977539627 ], [ -72.633569558948835, -35.597892908697538 ], [ -72.633540412211119, -35.597874489188158 ], [ -72.633513162715289, -35.597855384521395 ], [ -72.633484015977572, -35.597833268243456 ], [ -72.633441013624932, -35.59779816983373 ], [ -72.633283061051912, -35.597641466725364 ], [ -72.633262338714928, -35.597621859458499 ], [ -72.63323635584365, -35.597600977564298 ], [ -72.633216883063227, -35.59758761411333 ], [ -72.633194221263551, -35.597573918308569 ], [ -72.633167983270738, -35.597561684848557 ], [ -72.633088679099131, -35.597533805291654 ], [ -72.633050257256116, -35.597519349086042 ], [ -72.633031433059344, -35.597510235342192 ], [ -72.633013107427544, -35.597499147938549 ], [ -72.6329884603511, -35.597481627514902 ], [ -72.632802631258173, -35.597319688685438 ], [ -72.632786901757541, -35.597306669957774 ], [ -72.632772849411552, -35.597296658472189 ], [ -72.632750456208143, -35.59728504073545 ], [ -72.632686980351849, -35.597259365567794 ], [ -72.63264547549079, -35.597240881633347 ], [ -72.632621237147788, -35.597228236150798 ], [ -72.632608896092407, -35.597220062458106 ], [ -72.63259640501839, -35.59720953964927 ], [ -72.632581259422693, -35.597191664895682 ], [ -72.632492951437015, -35.597061119395818 ], [ -72.632477309072968, -35.597037645726274 ], [ -72.632454058876775, -35.597006450482716 ], [ -72.632297123196651, -35.596860311776872 ], [ -72.632257534442076, -35.596814283949591 ], [ -72.632246106973341, -35.596805044488086 ], [ -72.632197059857148, -35.596784159458949 ], [ -72.632177916758451, -35.596774589830424 ], [ -72.632163943464192, -35.596765660805737 ], [ -72.632150677144082, -35.596755213904025 ], [ -72.632136860156692, -35.596740970849339 ], [ -72.63207070103266, -35.596645293452745 ], [ -72.632053770484504, -35.596620622450956 ], [ -72.632040886846696, -35.59660468472412 ], [ -72.6319360866907, -35.596509508985655 ], [ -72.631916150379595, -35.596489466822028 ], [ -72.631904339330248, -35.596474541476944 ], [ -72.631853634822335, -35.596378806786504 ], [ -72.631843167652661, -35.596359491391965 ], [ -72.631830360371637, -35.596340940778362 ], [ -72.631784432206132, -35.596289109189925 ], [ -72.631747310225322, -35.596249257762487 ], [ -72.631736593323978, -35.596238410503922 ], [ -72.631719114803488, -35.596224816732047 ], [ -72.631701773725254, -35.596214108987141 ], [ -72.631679768594054, -35.596204301161968 ], [ -72.631622484825002, -35.596185778269721 ], [ -72.631585714085489, -35.596175229758963 ], [ -72.631526591465061, -35.596162889438617 ], [ -72.631445457425244, -35.596148495074132 ], [ -72.631425895711615, -35.596145676244397 ], [ -72.631414973096071, -35.596145552066886 ], [ -72.63140418882108, -35.596148223344514 ], [ -72.631395522773531, -35.596157698819077 ], [ -72.631373749407686, -35.596196211367115 ], [ -72.631357926482252, -35.596220057815628 ], [ -72.631340978866106, -35.596240907199657 ], [ -72.631271349550133, -35.596315436964638 ], [ -72.631264755915922, -35.59632197745367 ], [ -72.631257210965856, -35.596327057033484 ], [ -72.631252754423741, -35.5963285018722 ], [ -72.631249227637937, -35.59632834263315 ], [ -72.631242532494127, -35.59630089799758 ], [ -72.631236350288347, -35.596285993070076 ], [ -72.631232094070512, -35.596280590626662 ], [ -72.631225168059672, -35.596275947855879 ], [ -72.631165055495799, -35.596256016662984 ], [ -72.63108812826647, -35.596233680806549 ], [ -72.631048595207432, -35.596223258670875 ], [ -72.631040010906574, -35.596221609302773 ], [ -72.630962401855925, -35.596011730951545 ], [ -72.631000452694721, -35.596014448252404 ], [ -72.631031606268778, -35.59601713414353 ], [ -72.63107167741866, -35.596024321841959 ], [ -72.63109442635492, -35.59602756361064 ], [ -72.631112603764691, -35.596028642495753 ], [ -72.631146138772564, -35.596025425562701 ], [ -72.631181953704626, -35.596019730188367 ], [ -72.631199601108392, -35.596016381772635 ], [ -72.631219764693256, -35.596010017298831 ], [ -72.631235518448392, -35.596003476784276 ], [ -72.631250560737811, -35.595994848622027 ], [ -72.631262197514019, -35.595985703294936 ], [ -72.63127209425349, -35.595975712096916 ], [ -72.631285351590449, -35.595956501791015 ], [ -72.631307683708428, -35.595910248462857 ], [ -72.631316231178346, -35.595889864294698 ], [ -72.63132112160676, -35.595873735772663 ], [ -72.631321491712654, -35.595864908181241 ], [ -72.631318745562837, -35.595857011923599 ], [ -72.631304543198198, -35.595840868055291 ], [ -72.63128879483294, -35.595828480203544 ], [ -72.631268805521231, -35.59581772054306 ], [ -72.63123705366921, -35.595805377976227 ], [ -72.63111031934892, -35.595765477367159 ], [ -72.631080480010141, -35.595755695783566 ], [ -72.631057792159325, -35.595746597178554 ], [ -72.631043876357253, -35.595739472274708 ], [ -72.63102700330127, -35.595727782726897 ], [ -72.63100604830062, -35.595708620571862 ], [ -72.630949593676604, -35.595628277235456 ], [ -72.630938046731941, -35.59561191564373 ], [ -72.63085760169993, -35.59553299222766 ], [ -72.630838920335279, -35.595515317976613 ], [ -72.630826829909893, -35.595498674403473 ], [ -72.630814854468824, -35.595474371201178 ], [ -72.630797316659525, -35.595429135859213 ], [ -72.630746427996996, -35.595268587332924 ], [ -72.630739210033681, -35.595247623012789 ], [ -72.63073758138809, -35.595231725918524 ], [ -72.630748775294833, -35.595129096340912 ], [ -72.630753981031916, -35.59508728230513 ], [ -72.630760147966342, -35.595057748111444 ], [ -72.630766187339987, -35.595040108817848 ], [ -72.630773530169122, -35.595023126940021 ], [ -72.630781607820168, -35.595007421183375 ], [ -72.63078982740501, -35.594994421802163 ], [ -72.630793502412843, -35.594989536441901 ], [ -72.630796917807558, -35.594985997331307 ], [ -72.630811006086148, -35.594979785443108 ], [ -72.630866300086836, -35.594964737098088 ], [ -72.630879210674109, -35.594961025596213 ], [ -72.63088725059589, -35.594957848065448 ], [ -72.630895496231886, -35.594951430913873 ], [ -72.63093021701593, -35.59488549894288 ], [ -72.630937583201259, -35.594871492226993 ], [ -72.630947607501511, -35.594857176520804 ], [ -72.630956254684435, -35.59484833274697 ], [ -72.630962349753645, -35.594843765131323 ], [ -72.630971386805399, -35.594840427623417 ], [ -72.631004609199536, -35.594836574405008 ], [ -72.631024245473341, -35.594833083498543 ], [ -72.631031615251928, -35.594830164548348 ], [ -72.631036905430634, -35.594826662684596 ], [ -72.631043334673123, -35.594818225778106 ], [ -72.631045306475173, -35.59481123373687 ], [ -72.631045613699001, -35.59480456894476 ], [ -72.63103103494025, -35.594782468624636 ], [ -72.631030009064219, -35.594779834555325 ], [ -72.631035821164105, -35.594754889783246 ], [ -72.630984954959459, -35.594634723207527 ], [ -72.630975976298174, -35.594613634541446 ], [ -72.63096741535351, -35.59458957796938 ], [ -72.63096490546063, -35.594521202275402 ], [ -72.630963301967839, -35.594504495675046 ], [ -72.630942397272847, -35.594457391239104 ], [ -72.63093923071149, -35.594448765101596 ], [ -72.630937840119429, -35.594436028599453 ], [ -72.630939845159133, -35.594416687900043 ], [ -72.630948203982854, -35.594380254880484 ], [ -72.630981944704928, -35.594280141421308 ], [ -72.630990804788581, -35.594252913034012 ], [ -72.630994345049118, -35.594233873245429 ], [ -72.630994587594245, -35.594221889096886 ], [ -72.630991553983534, -35.594208758833325 ], [ -72.630970103112844, -35.594165250347395 ], [ -72.630955403081558, -35.594136026265119 ], [ -72.630947350583341, -35.594117208513012 ], [ -72.630945965381173, -35.594033170296278 ], [ -72.630942617360105, -35.594008226021991 ], [ -72.630939659207868, -35.593988787335491 ], [ -72.630939235203059, -35.59398066590623 ], [ -72.630940397623036, -35.593971224506276 ], [ -72.63094261825843, -35.593967031574728 ], [ -72.630977310296387, -35.593961944540403 ], [ -72.630987523242851, -35.593959891902955 ], [ -72.630998457536478, -35.593955870632691 ], [ -72.631010687200757, -35.593949079397021 ], [ -72.63103023903291, -35.593933509298232 ], [ -72.631039921075043, -35.593923243184975 ], [ -72.631050474483018, -35.593905964496741 ], [ -72.631060920991445, -35.593881020182813 ], [ -72.631066704345258, -35.593860762600876 ], [ -72.631067818256213, -35.593852942115142 ], [ -72.631064842137661, -35.593837830006741 ], [ -72.631046328757975, -35.593792034924661 ], [ -72.631040558878908, -35.593774344218723 ], [ -72.631037644744126, -35.593757159729968 ], [ -72.631038190021513, -35.593742388736722 ], [ -72.631073030281485, -35.593649958386543 ], [ -72.631078223442131, -35.593634736668029 ], [ -72.631080608469219, -35.593617476179496 ], [ -72.631071681011932, -35.593564658871543 ], [ -72.631068429110599, -35.593543951964456 ], [ -72.631070799764629, -35.593523447394972 ], [ -72.631071566925883, -35.59351616085717 ], [ -72.631067967376538, -35.593503470226878 ], [ -72.631023356141228, -35.593429488626171 ], [ -72.631013392926391, -35.593411805875412 ], [ -72.631006660053345, -35.593396890183151 ], [ -72.631003564458879, -35.593385832889943 ], [ -72.631004598419764, -35.59337323354918 ], [ -72.631015132064789, -35.593345316739807 ], [ -72.631024110726045, -35.593328997049291 ], [ -72.631031927865649, -35.593318424056172 ], [ -72.631040457369281, -35.593309848199183 ], [ -72.631046325164718, -35.593305456541898 ], [ -72.631075563530572, -35.593298189707248 ], [ -72.631084181967424, -35.593294122383362 ], [ -72.631090547429523, -35.593287847542399 ], [ -72.631095312992102, -35.593279647880429 ], [ -72.631097656696681, -35.593267525527878 ], [ -72.631096884145535, -35.593245065385979 ], [ -72.63108522850473, -35.593198684117489 ], [ -72.631067375386763, -35.593141724692288 ], [ -72.6310341053819, -35.593068597423631 ], [ -72.631015020673686, -35.593015941190622 ], [ -72.631005665618332, -35.592992591247658 ], [ -72.630953373787321, -35.592894660935691 ], [ -72.630942464646509, -35.592871641136981 ], [ -72.630938944148909, -35.59286003371529 ], [ -72.630937794305339, -35.59285036573246 ], [ -72.630939800243382, -35.592838507020389 ], [ -72.630950283582735, -35.592812301554268 ], [ -72.630970483100228, -35.592774750159698 ], [ -72.630976152367978, -35.592765848447357 ], [ -72.630984292002779, -35.592755551503885 ], [ -72.63099142103286, -35.592749562241131 ], [ -72.631041122122582, -35.592725751283034 ], [ -72.631056247955343, -35.59271802638024 ], [ -72.631068290770045, -35.592710059685373 ], [ -72.63107905348545, -35.59270062690144 ], [ -72.631109516255066, -35.592651828863566 ], [ -72.631117858010796, -35.59263838204113 ], [ -72.631125656285775, -35.592628439368042 ], [ -72.631133793225615, -35.592621928527194 ], [ -72.63116465125394, -35.592615865475146 ], [ -72.631174556078264, -35.592613085236884 ], [ -72.631183690148063, -35.59260641441788 ], [ -72.631191136283462, -35.592597186158464 ], [ -72.631212721003109, -35.592553802440655 ], [ -72.631239805208921, -35.592492318636118 ], [ -72.631247554076566, -35.592472820411842 ], [ -72.631251335983904, -35.592460545264757 ], [ -72.631254657953818, -35.592437714538086 ], [ -72.631254997517019, -35.592418702076394 ], [ -72.631216565792528, -35.592198724198575 ], [ -72.631209785308769, -35.592166681159007 ], [ -72.631172146796658, -35.592069580407454 ], [ -72.631109421931953, -35.591880043491798 ], [ -72.631092934253218, -35.591829150623418 ], [ -72.631074817928891, -35.591754879659867 ], [ -72.631059048004076, -35.591675876469203 ], [ -72.631040935273006, -35.591556535116972 ], [ -72.631035324395739, -35.591526047050991 ], [ -72.631030646868069, -35.591508737894905 ], [ -72.631019259823532, -35.59147948873634 ], [ -72.630998108091831, -35.591437067941008 ], [ -72.630983415247059, -35.591411359486095 ], [ -72.630959667384204, -35.591374654813833 ], [ -72.630891419677113, -35.591293899508294 ], [ -72.630858738967078, -35.591253234007723 ], [ -72.630828239366565, -35.591209727567907 ], [ -72.630806527984461, -35.59117504702256 ], [ -72.630798170059052, -35.591159107480948 ], [ -72.630791426406219, -35.591140766777137 ], [ -72.630790981740134, -35.591129671186209 ], [ -72.630805836281681, -35.591082458841555 ], [ -72.630807839524763, -35.591074386061095 ], [ -72.630808258139695, -35.591071419491229 ], [ -72.630808116205884, -35.591065016638105 ], [ -72.630804015396606, -35.591054389288772 ], [ -72.630694143352514, -35.59089574444755 ], [ -72.630663429952961, -35.590851963143841 ], [ -72.630638197174946, -35.590820728964317 ], [ -72.630583516723604, -35.590762684508022 ], [ -72.63041608063611, -35.590602636516053 ], [ -72.630357755719658, -35.590544700747174 ], [ -72.630326404516239, -35.590511362586426 ], [ -72.630312337797207, -35.590494409698643 ], [ -72.630300995668421, -35.590478592746805 ], [ -72.630254084745985, -35.590385366026318 ], [ -72.630178436717586, -35.590248757152352 ], [ -72.630164915275927, -35.590224512988506 ], [ -72.630157724262077, -35.590213915478522 ], [ -72.63015065452079, -35.590206654937838 ], [ -72.6300277515152, -35.590141949969542 ], [ -72.629965853100543, -35.590107921308082 ], [ -72.629947553519898, -35.590096023472697 ], [ -72.62993329815464, -35.59008546685434 ], [ -72.629917450974716, -35.590069020120815 ], [ -72.629891142913308, -35.590033076756939 ], [ -72.629849924614817, -35.589982598375876 ], [ -72.629752390032849, -35.589874552618056 ], [ -72.629727565988276, -35.589847053903306 ], [ -72.629706594817975, -35.589824736712963 ], [ -72.62964904335098, -35.589740585143325 ], [ -72.629641085175876, -35.589729791791378 ], [ -72.629628227589194, -35.589716738956078 ], [ -72.629616682441181, -35.589707858088573 ], [ -72.629533090610735, -35.589672230145091 ], [ -72.629513157892887, -35.589663364613465 ], [ -72.62948785863955, -35.589649346026114 ], [ -72.62946440183083, -35.589632748716845 ], [ -72.62944332645597, -35.589613945977462 ], [ -72.629404165299476, -35.589561073430907 ], [ -72.629391403832543, -35.589544777806509 ], [ -72.629351446768709, -35.589507664650242 ], [ -72.629346457525614, -35.589500985536759 ], [ -72.629345132510579, -35.589497264284851 ], [ -72.629346031724168, -35.589492955697324 ], [ -72.629365817118313, -35.58948811675441 ], [ -72.629371335469102, -35.589484348748812 ], [ -72.629376294169461, -35.589477144391779 ], [ -72.629378735790411, -35.589469170799745 ], [ -72.629378904673672, -35.589467191098798 ], [ -72.629378642365623, -35.589461146801256 ], [ -72.629374921543715, -35.589452599751695 ], [ -72.629367160099662, -35.589442621618126 ], [ -72.629274822271597, -35.589366799742599 ], [ -72.629259318248117, -35.589353694250825 ], [ -72.629238073989953, -35.589333174728232 ], [ -72.629206114627095, -35.589290540214662 ], [ -72.629178328837042, -35.589248618664939 ], [ -72.629172123275069, -35.589238259905478 ], [ -72.629161500696824, -35.589220524362041 ], [ -72.629143930548182, -35.589183942143173 ], [ -72.629114847590856, -35.589103685764705 ], [ -72.629103165898897, -35.58907695456228 ], [ -72.629086622524639, -35.589046701510235 ], [ -72.628984937726059, -35.58889128086826 ], [ -72.628954017713951, -35.588843349099825 ], [ -72.628840675477946, -35.588697794520584 ], [ -72.628816761426762, -35.588666766239022 ], [ -72.628753555963371, -35.588561138935546 ], [ -72.628648058714717, -35.58840032533363 ], [ -72.628613701748364, -35.588345474448502 ], [ -72.628576916635794, -35.588283184561917 ], [ -72.628564386035904, -35.588259050112576 ], [ -72.628553427487745, -35.588226564987586 ], [ -72.628520328162793, -35.58808421119825 ], [ -72.628490292991273, -35.587916589549835 ], [ -72.628486149062851, -35.587899922480865 ], [ -72.628479068541779, -35.58788184475226 ], [ -72.628420888254084, -35.587785421120827 ], [ -72.628403323495348, -35.587752444155242 ], [ -72.628389383438773, -35.587719990237623 ], [ -72.628376403681216, -35.587681154368617 ], [ -72.628358529902002, -35.587598775013028 ], [ -72.628352707920655, -35.587579190124416 ], [ -72.628337292830381, -35.587551844033499 ], [ -72.628306501277379, -35.587507068834853 ], [ -72.628298218810485, -35.587496088164848 ], [ -72.628287502807453, -35.587485241911772 ], [ -72.628240608054682, -35.587455203035681 ], [ -72.628230450803741, -35.587447881610373 ], [ -72.628227589669564, -35.5874438585519 ], [ -72.628226739863322, -35.587435279143477 ], [ -72.628262565575156, -35.587346835353237 ], [ -72.628272923150391, -35.587321168686508 ], [ -72.628278280702744, -35.587304147913834 ], [ -72.628279066728609, -35.587292444715111 ], [ -72.62827629093438, -35.587278058252544 ], [ -72.628267947382014, -35.58726166865474 ], [ -72.62824966037779, -35.587238142435027 ], [ -72.628225802920483, -35.587212703661201 ], [ -72.628129426266895, -35.587150502018957 ], [ -72.628091041254805, -35.587123786236269 ], [ -72.628068554626623, -35.587104233375157 ], [ -72.628033266107323, -35.587066040081631 ], [ -72.627969359958001, -35.58699167776512 ], [ -72.627956606575921, -35.586975111318111 ], [ -72.627905204975349, -35.586884679218819 ], [ -72.627897003356807, -35.586870907067699 ], [ -72.627891796721428, -35.586864133494487 ], [ -72.627885325258106, -35.586859048200438 ], [ -72.627794344784462, -35.586827149862465 ], [ -72.627771093689958, -35.586816708238565 ], [ -72.627765375913171, -35.586814140386402 ], [ -72.627698379559291, -35.586777215174607 ], [ -72.627670627905204, -35.586760353544364 ], [ -72.627612124224015, -35.586716114120968 ], [ -72.627524111784055, -35.586654708384465 ], [ -72.627391046137646, -35.586568166067053 ], [ -72.627214161569995, -35.586429651263735 ], [ -72.627192478035681, -35.586412818782108 ], [ -72.627182766349137, -35.586401631217811 ], [ -72.627137264883373, -35.586320688990178 ], [ -72.627124216853872, -35.586299159075871 ], [ -72.627114587812329, -35.586285178618418 ], [ -72.627105411521711, -35.586274541137485 ], [ -72.627090381808685, -35.586264059261502 ], [ -72.62704709828337, -35.586242564398205 ], [ -72.627011383064286, -35.586222570802313 ], [ -72.626994166851873, -35.586211415355514 ], [ -72.626981214942091, -35.58620160411315 ], [ -72.626980452272406, -35.586200669743839 ], [ -72.626937763431798, -35.586148377189367 ], [ -72.626923997648404, -35.586132511162816 ], [ -72.626894011884218, -35.586105329681608 ], [ -72.626825960009867, -35.586051887912689 ], [ -72.626800047207169, -35.58603253788224 ], [ -72.626774603325075, -35.586015990961599 ], [ -72.626680457188357, -35.585971770121191 ], [ -72.626660315163051, -35.585962540366431 ], [ -72.626642816879638, -35.585953452337144 ], [ -72.626626357048664, -35.585942851339617 ], [ -72.626572344943895, -35.585892300246975 ], [ -72.626555056866266, -35.585876094464055 ], [ -72.626492430816228, -35.58584069786091 ], [ -72.626469638760838, -35.585827808765352 ], [ -72.626451794626021, -35.585815468311019 ], [ -72.626394492890682, -35.585764221653641 ], [ -72.626355948876792, -35.585727946878656 ], [ -72.626340511328635, -35.58571258923245 ], [ -72.626291267481392, -35.585642571712029 ], [ -72.626279515720839, -35.585625753675998 ], [ -72.62625916618471, -35.585601105577936 ], [ -72.626215833252033, -35.585558876725436 ], [ -72.626112400331905, -35.585466697734446 ], [ -72.626091159667013, -35.585446088088119 ], [ -72.62605389305746, -35.585401940718924 ], [ -72.626048832847459, -35.585395946522731 ], [ -72.625969645456863, -35.585293608976976 ], [ -72.625927961831039, -35.585236630046907 ], [ -72.625895573073478, -35.58518623411684 ], [ -72.625881103010869, -35.585164315241606 ], [ -72.625869549778002, -35.585148223278118 ], [ -72.62585037703488, -35.585124859351559 ], [ -72.625831463904888, -35.585107288002753 ], [ -72.625721711336752, -35.585005320480853 ], [ -72.625678113401065, -35.584964619641603 ], [ -72.625599799172917, -35.584881318448112 ], [ -72.62557647890813, -35.584856431228118 ], [ -72.625549636349135, -35.584831203559744 ], [ -72.625452848267159, -35.58475321705145 ], [ -72.625361310838031, -35.584673081157611 ], [ -72.625349044342812, -35.58466247268499 ], [ -72.625338131608729, -35.584654595778076 ], [ -72.625322843180925, -35.584645460113848 ], [ -72.625303912084618, -35.584636343443201 ], [ -72.625118979510347, -35.584576270117182 ], [ -72.625083577803309, -35.584564394107169 ], [ -72.625042202299653, -35.584549336498711 ], [ -72.625000842965648, -35.584529953229868 ], [ -72.624929719751336, -35.584490871805755 ], [ -72.624913422515462, -35.584482257013917 ], [ -72.624881800020816, -35.584469464133953 ], [ -72.624844396867346, -35.584457667739429 ], [ -72.624782420299255, -35.584438120071781 ], [ -72.624746357432187, -35.584426231621727 ], [ -72.624714624444763, -35.584413436541126 ], [ -72.624539466439089, -35.584321374582871 ], [ -72.624495260343963, -35.584297517284291 ], [ -72.624437405246411, -35.584261311248476 ], [ -72.624398012324562, -35.584238901180569 ], [ -72.62436241029323, -35.584222604472991 ], [ -72.624255058921818, -35.584184702031017 ], [ -72.624087931854788, -35.584130836713321 ], [ -72.623687550936026, -35.58399421935934 ], [ -72.623606345929304, -35.583964042557504 ], [ -72.623543575250494, -35.583937384887591 ], [ -72.623495239600004, -35.58391885331244 ], [ -72.623229596990711, -35.583838075144634 ], [ -72.623027944074025, -35.583772621310423 ], [ -72.622503829208057, -35.583614988491831 ], [ -72.622426613619481, -35.583591740278635 ], [ -72.622396678160953, -35.583581594844524 ], [ -72.622383394772854, -35.583575563983501 ], [ -72.62237113815911, -35.583568381011915 ], [ -72.622360671887748, -35.58356033231324 ], [ -72.622352525964743, -35.583552239779472 ], [ -72.622348712616358, -35.583546845974141 ], [ -72.622339624360635, -35.583507919681914 ], [ -72.622334609964724, -35.583486443804162 ], [ -72.622328084602486, -35.583460805122883 ], [ -72.622321696682505, -35.583441749617343 ], [ -72.622315326728824, -35.583429545412251 ], [ -72.622309552358189, -35.583423301943284 ], [ -72.622304672709561, -35.583420411069405 ], [ -72.622243620507902, -35.583410282416764 ], [ -72.622092376553397, -35.583367905563797 ], [ -72.622063121119538, -35.583360927133931 ], [ -72.621975620719297, -35.583353340866914 ], [ -72.621950974541164, -35.583350962122054 ], [ -72.621902003781756, -35.583338998261581 ], [ -72.621857692583745, -35.583326137986276 ], [ -72.621662341348795, -35.583228020512458 ], [ -72.621621482376412, -35.583198069169278 ], [ -72.621606460748239, -35.583187406438739 ], [ -72.62152881486665, -35.583148826264143 ], [ -72.621475065968255, -35.583126852038049 ], [ -72.621462247009163, -35.583120018241011 ], [ -72.621454071441761, -35.583112916322399 ], [ -72.621451336970026, -35.583108355342944 ], [ -72.621450572503718, -35.583104373709205 ], [ -72.621466037899651, -35.583092601222582 ], [ -72.621470831310006, -35.5830871971582 ], [ -72.621471699980873, -35.583083968746479 ], [ -72.621470958870773, -35.583079176173023 ], [ -72.62145662535211, -35.583071322488784 ], [ -72.621404030788838, -35.583051353671223 ], [ -72.621378189851399, -35.583040837766845 ], [ -72.621359805829087, -35.583031911593743 ], [ -72.62134515520512, -35.583023600564438 ], [ -72.62133314652641, -35.583015520396238 ], [ -72.621279352712264, -35.582942796653967 ], [ -72.621264793716435, -35.58292393974201 ], [ -72.621245231104496, -35.582883982302839 ], [ -72.621225508592431, -35.582849430385608 ], [ -72.621183227586968, -35.582786667922967 ], [ -72.621152853750573, -35.582739196417357 ], [ -72.621090673264916, -35.582629258181996 ], [ -72.621029808811159, -35.582512135998769 ], [ -72.621012211713051, -35.58248032944347 ], [ -72.62099907654698, -35.582458075952054 ], [ -72.620980451776191, -35.582431206642845 ], [ -72.620926395653967, -35.582367401312311 ], [ -72.620891277814565, -35.582323621189758 ], [ -72.620884694061843, -35.582314927261876 ], [ -72.620874866492642, -35.582300221371121 ], [ -72.620852450831364, -35.582244881930762 ], [ -72.620848711144816, -35.58221526701869 ], [ -72.620844471096689, -35.582201932414414 ], [ -72.620824186239247, -35.582171514575158 ], [ -72.620811690673662, -35.582149906103361 ], [ -72.620640115149328, -35.581732410025488 ], [ -72.62062006834546, -35.581686582448413 ], [ -72.620608859167348, -35.581662742629554 ], [ -72.620598593220279, -35.58164424194328 ], [ -72.6205855649537, -35.581625955315211 ], [ -72.620513292794158, -35.581552496799539 ], [ -72.620481376550416, -35.581520044752601 ], [ -72.62045993735785, -35.581495103885473 ], [ -72.620430336072602, -35.581455126737985 ], [ -72.620410547983539, -35.581426611802911 ], [ -72.620400467089411, -35.581409732972972 ], [ -72.620391523462445, -35.581391257798977 ], [ -72.620382512461816, -35.581364126580297 ], [ -72.620357374006915, -35.581251585550028 ], [ -72.620342566177783, -35.581185220014063 ], [ -72.620337444882352, -35.581168082503474 ], [ -72.620281234600057, -35.581050420466255 ], [ -72.620231381695049, -35.580934145655746 ], [ -72.620215180578896, -35.580896237273791 ], [ -72.620173860770791, -35.580823488958501 ], [ -72.620138959425375, -35.580753841959186 ], [ -72.620128326067345, -35.58073316680737 ], [ -72.620112826535433, -35.580712579321847 ], [ -72.620048181072647, -35.580652618486702 ], [ -72.620002639182687, -35.580607008009864 ], [ -72.6199743162001, -35.580576071570817 ], [ -72.619963148344482, -35.580561969565458 ], [ -72.619958105202485, -35.580553395995032 ], [ -72.619951782859502, -35.580535874785056 ], [ -72.619948177021968, -35.580508581083677 ], [ -72.619946843023769, -35.580479167905466 ], [ -72.619946938245178, -35.580472229406801 ], [ -72.619949793989463, -35.580424151592894 ], [ -72.61995886517721, -35.580358062999274 ], [ -72.619960156056266, -35.58034799313792 ], [ -72.619962573422697, -35.580322170801715 ], [ -72.619962798001509, -35.580314603242492 ], [ -72.619962093722336, -35.58030178412573 ], [ -72.619955206339057, -35.580273524490273 ], [ -72.619919584544775, -35.580187187150862 ], [ -72.619911561690984, -35.580167468210547 ], [ -72.619906147544754, -35.580149062887742 ], [ -72.619902853422616, -35.580129976639491 ], [ -72.619902636928643, -35.580092475553059 ], [ -72.619913532594708, -35.580000117847234 ], [ -72.619914689624792, -35.579964715724302 ], [ -72.619913253218655, -35.579934941428 ], [ -72.619910414542346, -35.579904057332861 ], [ -72.619906896739707, -35.579877486714558 ], [ -72.619880777324497, -35.57977574340466 ], [ -72.619875340720398, -35.579754362965964 ], [ -72.619867090592834, -35.579656579386828 ], [ -72.619864374087413, -35.579632728004562 ], [ -72.61986032627874, -35.579612907373367 ], [ -72.619808265314774, -35.579489287135225 ], [ -72.619784071887537, -35.579430668242694 ], [ -72.619772102734686, -35.579398972977287 ], [ -72.619762199706997, -35.579360827151298 ], [ -72.619750646474131, -35.57929633040952 ], [ -72.619736322836928, -35.579176250222964 ], [ -72.619721613822477, -35.579054360130591 ], [ -72.619713988024017, -35.578991292950747 ], [ -72.619709522498738, -35.578892321923732 ], [ -72.619707088962627, -35.578620142384032 ], [ -72.619699408366955, -35.578469366495725 ], [ -72.619698764274901, -35.578446458717728 ], [ -72.619702338671416, -35.578407589126392 ], [ -72.619712401599216, -35.578339642367212 ], [ -72.619717736693701, -35.578308470523702 ], [ -72.619744623270165, -35.578212553373668 ], [ -72.619753935206376, -35.578173706318047 ], [ -72.619760044648629, -35.578134977604037 ], [ -72.619762333555997, -35.578106088139727 ], [ -72.619760873793638, -35.577980043564722 ], [ -72.619760595315896, -35.577963362737563 ], [ -72.619760647418175, -35.577928029123477 ], [ -72.619761923924216, -35.577907232689505 ], [ -72.619780492101128, -35.577823948996063 ], [ -72.61978388413965, -35.577806259145568 ], [ -72.619785211849631, -35.577791232413837 ], [ -72.619782823229301, -35.577763782884894 ], [ -72.619771560152259, -35.577715605541478 ], [ -72.619769627876082, -35.577702587278885 ], [ -72.619769877607752, -35.577686726885226 ], [ -72.619777179114365, -35.577652438673098 ], [ -72.619812045425491, -35.577540810823763 ], [ -72.619820719557865, -35.577508623099156 ], [ -72.619830573178234, -35.57741408076177 ], [ -72.619833666077753, -35.577380430270523 ], [ -72.619836899114446, -35.577356877037069 ], [ -72.619896485265556, -35.57702435975996 ], [ -72.619895696544731, -35.576995048321102 ], [ -72.61989705030588, -35.576975782316659 ], [ -72.619903433734294, -35.576950218997908 ], [ -72.619939197462372, -35.576860333049773 ], [ -72.619946176473817, -35.576840820059282 ], [ -72.619948876809559, -35.576827803115783 ], [ -72.619941198908833, -35.576647907366727 ], [ -72.619940785683795, -35.576613375408726 ], [ -72.619949422086933, -35.576518989831847 ], [ -72.619960278227154, -35.57642419791015 ], [ -72.61996792109359, -35.576367200248598 ], [ -72.619987154023818, -35.576276360164492 ], [ -72.619994771737439, -35.576235135405497 ], [ -72.620028147743497, -35.575927068743084 ], [ -72.620032352757335, -35.575896774921517 ], [ -72.620065287690608, -35.575777730802862 ], [ -72.620073743532373, -35.575745448116919 ], [ -72.620078730978818, -35.575714809363411 ], [ -72.620079110067891, -35.575638558022597 ], [ -72.620078757029972, -35.575613132368666 ], [ -72.620080241046836, -35.575592790524574 ], [ -72.620091452021569, -35.575553170638386 ], [ -72.620133159901897, -35.575437264129292 ], [ -72.620142007409115, -35.575413081238906 ], [ -72.620148822927177, -35.575391492862998 ], [ -72.620150371622742, -35.575380165667006 ], [ -72.620149325983746, -35.575370770296288 ], [ -72.620126472842912, -35.575326509967915 ], [ -72.620120458622097, -35.575313500815476 ], [ -72.620117225585375, -35.575303432511831 ], [ -72.620116288642535, -35.575297824802206 ], [ -72.620116887818838, -35.575258895961824 ], [ -72.620126743235829, -35.575160568407128 ], [ -72.620138743829699, -35.575072553832896 ], [ -72.620182863686566, -35.574839409472297 ], [ -72.620203736940496, -35.574711735518335 ], [ -72.620252100438762, -35.574333471922365 ], [ -72.620256918103649, -35.574293635870006 ], [ -72.620257886487522, -35.574227312061211 ], [ -72.62026034966803, -35.574192476567937 ], [ -72.62027510988645, -35.574099925010565 ], [ -72.620318314360048, -35.573881019097861 ], [ -72.620339271157306, -35.573791564448285 ], [ -72.620357045223528, -35.573690329254163 ], [ -72.620367188999722, -35.573653211672422 ], [ -72.620478768741151, -35.573390318600865 ], [ -72.620509573768871, -35.573314759909117 ], [ -72.620519761562505, -35.573287287656839 ], [ -72.620530234122086, -35.57325396276979 ], [ -72.620537967718377, -35.573216257531037 ], [ -72.620546323847151, -35.57315747110912 ], [ -72.620549920701549, -35.573125362727041 ], [ -72.620548222885674, -35.573018512976525 ], [ -72.620548463634151, -35.572995442892811 ], [ -72.620550496521659, -35.572971415628139 ], [ -72.620570807430227, -35.572874104547957 ], [ -72.620575124733477, -35.572851204668439 ], [ -72.620576862973536, -35.572830500441952 ], [ -72.620572348040938, -35.572771899326966 ], [ -72.620572013867644, -35.572753324250755 ], [ -72.620573877871863, -35.572735063358152 ], [ -72.620578422448887, -35.572715860628044 ], [ -72.620675490805212, -35.572485574372912 ], [ -72.620682849804027, -35.572302182828579 ], [ -72.620686188841944, -35.572271151847616 ], [ -72.620691840143394, -35.572243951778894 ], [ -72.620712814008655, -35.57219073530657 ], [ -72.620722190623582, -35.572164421519076 ], [ -72.620728611781217, -35.572137326631342 ], [ -72.620731755884734, -35.572109176639302 ], [ -72.620730959079069, -35.572080045340059 ], [ -72.620707286674701, -35.571946069285161 ], [ -72.620702971168072, -35.571920025767824 ], [ -72.620701126028479, -35.571892767856411 ], [ -72.620703405952668, -35.57186352103141 ], [ -72.620709188408156, -35.571834437867601 ], [ -72.620734316981611, -35.571752908064752 ], [ -72.620758281338439, -35.571673318132461 ], [ -72.620766387735571, -35.571645175284175 ], [ -72.620770767920888, -35.571616328050659 ], [ -72.620770935007528, -35.571587938943168 ], [ -72.620762451317987, -35.571535220359202 ], [ -72.620760621449747, -35.571522474366766 ], [ -72.620760011493672, -35.571509482132868 ], [ -72.620760947538187, -35.571496430711747 ], [ -72.620778438635099, -35.57144161281991 ], [ -72.620785093354726, -35.571414072702588 ], [ -72.62079669329998, -35.571323443283589 ], [ -72.62081341903226, -35.571253467253655 ], [ -72.620819621899301, -35.571226278530325 ], [ -72.620818429834927, -35.571125564725776 ], [ -72.620821018779566, -35.571089742190203 ], [ -72.620827701346968, -35.571053819534789 ], [ -72.620836993520271, -35.57102281656698 ], [ -72.620853397655665, -35.570982489308939 ], [ -72.62088678444151, -35.570912122064058 ], [ -72.620925270963241, -35.570840866972809 ], [ -72.620937511407305, -35.570814609004863 ], [ -72.620947056007196, -35.570786314602636 ], [ -72.620950245026435, -35.570771594173408 ], [ -72.620951765874224, -35.570757383030809 ], [ -72.620951280783984, -35.570743942761226 ], [ -72.620918537191855, -35.570638822297454 ], [ -72.620887060224305, -35.570516871718596 ], [ -72.620876781700829, -35.570468984484741 ], [ -72.620856959475773, -35.570351951930895 ], [ -72.620846677359026, -35.570267195344464 ], [ -72.620831609018452, -35.570164859657076 ], [ -72.620823905066572, -35.570119368156696 ], [ -72.620813653492547, -35.570070579739649 ], [ -72.620801991563525, -35.570032218300575 ], [ -72.620730345529722, -35.56987386646982 ], [ -72.620706644379283, -35.569817510082977 ], [ -72.620693628689125, -35.56978020510995 ], [ -72.620663951047078, -35.569664599333109 ], [ -72.620644540250424, -35.569567315656229 ], [ -72.620633183748595, -35.56951859558874 ], [ -72.620619785376135, -35.569475515029239 ], [ -72.620597800906197, -35.569420724982628 ], [ -72.620588990229891, -35.569394138464908 ], [ -72.620576615936841, -35.569319980410995 ], [ -72.620547447639566, -35.569197807883413 ], [ -72.620519084232797, -35.569059874635485 ], [ -72.620508167905456, -35.569011163758574 ], [ -72.620493102259829, -35.568964803526789 ], [ -72.620463227886745, -35.568893361835343 ], [ -72.620402654487123, -35.568774799074305 ], [ -72.620381462331267, -35.568730571636941 ], [ -72.620360024036998, -35.568675972526073 ], [ -72.620275759368397, -35.568433180269018 ], [ -72.620266342329273, -35.568404779803664 ], [ -72.620246475188466, -35.568308117162019 ], [ -72.620232253060877, -35.568242743436585 ], [ -72.620214133143293, -35.568176493535105 ], [ -72.620145960894689, -35.567967551516659 ], [ -72.620126591420529, -35.567910109409965 ], [ -72.620088522615418, -35.567824895005309 ], [ -72.62007356117438, -35.567786289162981 ], [ -72.6200603559397, -35.567744202906042 ], [ -72.620032098534111, -35.567618794556267 ], [ -72.619970693294562, -35.567412420288541 ], [ -72.619941309401611, -35.567301958281142 ], [ -72.619930814384148, -35.567250190466062 ], [ -72.619902724065213, -35.567039520067787 ], [ -72.619897632414194, -35.567002734075309 ], [ -72.619887164346181, -35.566946279213603 ], [ -72.619876503140389, -35.566900187423762 ], [ -72.619832873763656, -35.566771684598422 ], [ -72.619818630076509, -35.566727414404099 ], [ -72.619794113255779, -35.566605150967021 ], [ -72.619783673035556, -35.566540315128016 ], [ -72.619759616152237, -35.566319989214925 ], [ -72.619751615756329, -35.56626214256486 ], [ -72.619745344617328, -35.566231731094774 ], [ -72.619736755824903, -35.566201364918335 ], [ -72.619725251999355, -35.566172651640443 ], [ -72.619703836162998, -35.566132295634873 ], [ -72.619646328713443, -35.566040744635728 ], [ -72.619621826265757, -35.566000417792992 ], [ -72.619599760049127, -35.565959687566234 ], [ -72.619579640481703, -35.565916472099993 ], [ -72.619563037818622, -35.565873686280973 ], [ -72.619554615214511, -35.565845216219536 ], [ -72.619541856442524, -35.565772942364561 ], [ -72.619536352464792, -35.565746422594628 ], [ -72.619524600704239, -35.56570743065425 ], [ -72.619486204014052, -35.565617524783839 ], [ -72.619458851211974, -35.565523333780448 ], [ -72.619450059400265, -35.565496117536867 ], [ -72.619404228252805, -35.565397496666122 ], [ -72.619368048604727, -35.565315564253424 ], [ -72.619306119647362, -35.565138293773018 ], [ -72.619271596492666, -35.565048821323451 ], [ -72.61925909913046, -35.565023876058412 ], [ -72.619237033812112, -35.56499062738488 ], [ -72.619222393967931, -35.564967351112934 ], [ -72.619210134659255, -35.564941241752663 ], [ -72.619201818954664, -35.564912594520663 ], [ -72.619189027843333, -35.564823102089051 ], [ -72.619181335569564, -35.564781034005755 ], [ -72.619170919603832, -35.56473783178798 ], [ -72.619131719819805, -35.564619963661066 ], [ -72.619121198751174, -35.56458784528072 ], [ -72.619114714711458, -35.564572122593376 ], [ -72.619098742665713, -35.564545394894672 ], [ -72.619061674583818, -35.564497426632862 ], [ -72.619047792019416, -35.564474615702217 ], [ -72.619037994094612, -35.564451616232816 ], [ -72.61902837852783, -35.564415009546401 ], [ -72.619020606303977, -35.564360682255327 ], [ -72.619017598744406, -35.564346741813168 ], [ -72.619007588817183, -35.564320218648284 ], [ -72.618992913938726, -35.564294776248779 ], [ -72.618941648882085, -35.564227146355435 ], [ -72.618916197813448, -35.564192300667997 ], [ -72.618893636625103, -35.564156790715636 ], [ -72.618874931005934, -35.564121448088848 ], [ -72.618801266457695, -35.563957463650347 ], [ -72.618784519165843, -35.563919633462703 ], [ -72.618763372824063, -35.563851429613536 ], [ -72.61873895751296, -35.563789380092999 ], [ -72.618727345889582, -35.563756879196752 ], [ -72.618706493296898, -35.563637572236701 ], [ -72.618678257450895, -35.563506852187643 ], [ -72.618663376858208, -35.563439313704379 ], [ -72.618657206330511, -35.563405479038842 ], [ -72.61865287195927, -35.563369248213377 ], [ -72.618656782325701, -35.563228978934696 ], [ -72.618657147940027, -35.563216548769162 ], [ -72.618657150634974, -35.563175264675266 ], [ -72.618643561819667, -35.563031039463539 ], [ -72.618641185775743, -35.56288343422991 ], [ -72.618640406038068, -35.562853763929425 ], [ -72.618636519027831, -35.562809788989938 ], [ -72.618630494027229, -35.562782267828467 ], [ -72.618620584711323, -35.562755569493994 ], [ -72.61860606703803, -35.562728149889644 ], [ -72.618586110964003, -35.562698187957992 ], [ -72.618513566614908, -35.562608141328106 ], [ -72.61849011339946, -35.562577118284814 ], [ -72.618475233705098, -35.562550772840268 ], [ -72.618472662726759, -35.562540716817175 ], [ -72.618473666144936, -35.562532894003475 ], [ -72.618499896951235, -35.562499522989739 ], [ -72.618516522072198, -35.562477858788519 ], [ -72.618523438201564, -35.562467631757656 ], [ -72.618528447207581, -35.562458536677916 ], [ -72.618536027191951, -35.562411650889594 ], [ -72.618538011570408, -35.562386107769505 ], [ -72.618536801539719, -35.562363549082292 ], [ -72.618532203063793, -35.562347593575467 ], [ -72.618517391641376, -35.562318995108242 ], [ -72.618501265085399, -35.562297491626481 ], [ -72.618480883209912, -35.562278247664224 ], [ -72.618440679109383, -35.562246983340692 ], [ -72.618432890715866, -35.562241870176081 ], [ -72.618425385291658, -35.562238385887078 ], [ -72.618408676627382, -35.562235894708053 ], [ -72.618384964697142, -35.562236146091337 ], [ -72.618370642856561, -35.562235771208719 ], [ -72.618364484006989, -35.562235117173707 ], [ -72.618354232432949, -35.562164763438851 ], [ -72.618351420706119, -35.562145471944937 ], [ -72.618301521987036, -35.561893857063872 ], [ -72.617655628806176, -35.562080974496439 ], [ -72.617365658920662, -35.562304121855121 ], [ -72.61723801191205, -35.562798021558919 ], [ -72.617250093354315, -35.563622626883792 ], [ -72.617699197097451, -35.564492416646893 ], [ -72.617882370770403, -35.565248325435618 ], [ -72.617758149936279, -35.56580028931527 ], [ -72.617677085965056, -35.565885988886954 ], [ -72.617453379408175, -35.566122426397335 ], [ -72.617402238319045, -35.566176447049116 ], [ -72.617031692247494, -35.566426226050382 ], [ -72.617021431690318, -35.566433104384629 ], [ -72.616787316354234, -35.566590868935712 ], [ -72.615795604128337, -35.56694788314924 ], [ -72.61575469574862, -35.566954278431247 ], [ -72.615203105909643, -35.567039639906127 ], [ -72.614708937281961, -35.567116187335685 ], [ -72.613979995751407, -35.567125078015728 ], [ -72.613871419077952, -35.567099327411803 ], [ -72.613469158883618, -35.56700370301251 ], [ -72.612505287245014, -35.566774566573777 ], [ -72.611613098471139, -35.566401470472556 ], [ -72.611431181541263, -35.566301665474789 ], [ -72.611089577391525, -35.566114231260983 ], [ -72.610227722928173, -35.565782585848645 ], [ -72.610046695330425, -35.565640160012933 ], [ -72.60942746145227, -35.565152568025098 ], [ -72.609092264985449, -35.564685097735548 ], [ -72.609069699305508, -35.564401803513022 ], [ -72.609059998398749, -35.564310488029371 ], [ -72.608871683667445, -35.564140450461664 ], [ -72.608589597396872, -35.56404689055055 ], [ -72.608423043454991, -35.564059707153355 ], [ -72.608248136977593, -35.563987072159271 ], [ -72.608033363267893, -35.563950030464547 ], [ -72.607821599812695, -35.563978078826111 ], [ -72.607530174656432, -35.564008512343264 ], [ -72.607242563746851, -35.564126008687957 ], [ -72.606928241432314, -35.564244156686762 ], [ -72.606485018959347, -35.564453268447572 ], [ -72.60599245921432, -35.564750811966555 ], [ -72.605594184844904, -35.56537201880257 ], [ -72.60523761745749, -35.565730814859748 ], [ -72.604904470047856, -35.566023653574653 ], [ -72.604624727481863, -35.566314820044099 ], [ -72.604085741006344, -35.566766102597683 ], [ -72.603802006327214, -35.566970357243648 ], [ -72.6034622068929, -35.567111035022819 ], [ -72.603063242617338, -35.567122975001325 ], [ -72.602721407600583, -35.56722030695073 ], [ -72.602406185174132, -35.56731676922626 ], [ -72.601961957486338, -35.5675041187868 ], [ -72.601570779807673, -35.567689880794951 ], [ -72.60120630634745, -35.567874841509976 ], [ -72.600028158665808, -35.56832344745586 ], [ -72.599427230656488, -35.568580727784152 ], [ -72.598949472452418, -35.568616785998572 ], [ -72.598364364673571, -35.568634274741854 ], [ -72.597673058960154, -35.568654860216888 ], [ -72.59700421382378, -35.568587887986531 ], [ -72.596091319780911, -35.568419323836174 ], [ -72.595606842178526, -35.568303211175099 ], [ -72.595117510978639, -35.568078510952098 ], [ -72.594818200410799, -35.567935164114161 ], [ -72.594575920287113, -35.567877143258826 ], [ -72.594281381570056, -35.567842458454301 ], [ -72.593810513444211, -35.568030574764499 ], [ -72.593447958785433, -35.56825893378911 ], [ -72.593064613517711, -35.568618420590454 ], [ -72.59210546881414, -35.569800204272063 ], [ -72.591753492716151, -35.57026755703707 ], [ -72.591449985219299, -35.570624730964241 ], [ -72.591037092565259, -35.570919911909527 ], [ -72.590620315595942, -35.571128178383375 ], [ -72.589605460073386, -35.571658844835873 ], [ -72.587481399872289, -35.572396693935133 ], [ -72.586903042034479, -35.572566136752194 ], [ -72.586583990988288, -35.572575714388947 ], [ -72.586133784113983, -35.572632603686401 ], [ -72.585628492546434, -35.572647654036707 ], [ -72.584934054407626, -35.572603006409544 ], [ -72.584045724796212, -35.572390214329474 ], [ -72.584057004042918, -35.572331120418632 ], [ -72.584028143867783, -35.572322162363626 ], [ -72.583729321983483, -35.572220110610765 ], [ -72.583453059490893, -35.572117387237341 ], [ -72.583222913810033, -35.572031744016591 ], [ -72.582996065844597, -35.572020041508658 ], [ -72.582744919349054, -35.571972006115224 ], [ -72.582450215341979, -35.571962247198485 ], [ -72.582157981701968, -35.572007924705588 ], [ -72.581866573613681, -35.57207210435751 ], [ -72.581304751963643, -35.572162782615479 ], [ -72.581102103713647, -35.572187265332964 ], [ -72.580874433789717, -35.572157128653522 ], [ -72.580577171380739, -35.572092005036986 ], [ -72.580347853946591, -35.572024861048199 ], [ -72.580164561696009, -35.571974800953022 ], [ -72.57989241528405, -35.571964365430091 ], [ -72.579666481803571, -35.571971157069058 ], [ -72.579283744695317, -35.572019519075248 ], [ -72.577884657267859, -35.572116541846086 ], [ -72.577229131452199, -35.572136020914996 ], [ -72.576844017401683, -35.572129008626092 ], [ -72.576144101336268, -35.572168181571556 ], [ -72.575784830918181, -35.572234363142357 ], [ -72.575310948944548, -35.572266963625076 ], [ -72.57481277113574, -35.5722632298815 ], [ -72.574244280393032, -35.572206217568457 ], [ -72.573743728336922, -35.572147038032909 ], [ -72.572973500235918, -35.57213299007477 ], [ -72.572497147895263, -35.572110069524534 ], [ -72.571776959548828, -35.572205476664557 ], [ -72.571375029934529, -35.572328347513455 ], [ -72.571022315421359, -35.572542175849868 ], [ -72.570508144007249, -35.572686901256894 ], [ -72.570043190389228, -35.572922657443989 ], [ -72.56980444423786, -35.573151631628228 ], [ -72.56958825478327, -35.573379935870079 ], [ -72.569413992397926, -35.573533106220502 ], [ -72.569308221163112, -35.57370262627596 ], [ -72.569247840002973, -35.57387087389494 ], [ -72.569164808721268, -35.574039794096279 ], [ -72.569078494097198, -35.574134772234565 ], [ -72.568966252297386, -35.574156627638828 ], [ -72.568648890083921, -35.574147506851503 ], [ -72.568371997872319, -35.574026312729941 ], [ -72.568064165885701, -35.573721048424005 ], [ -72.567847567697655, -35.573431533863996 ], [ -72.567655990285218, -35.573196788223427 ], [ -72.567420940701254, -35.573000386587118 ], [ -72.567233553929611, -35.572857935586775 ], [ -72.56675719979232, -35.572835066390709 ], [ -72.566509340232386, -35.572860937172841 ], [ -72.566331701079889, -35.572940164244734 ], [ -72.566225285753035, -35.573091246460962 ], [ -72.566162438717427, -35.573204055421058 ], [ -72.566009085518644, -35.573319545029541 ], [ -72.565761223263777, -35.573345414924546 ], [ -72.565581217948832, -35.573369274024365 ], [ -72.565233015673343, -35.573176145462149 ], [ -72.565043175602653, -35.572978326280555 ], [ -72.564866060167986, -35.572558161476266 ], [ -72.564758443793565, -35.572172993795441 ], [ -72.56449800781968, -35.571403998794068 ], [ -72.563970350896497, -35.570735406866334 ], [ -72.563403312729605, -35.5701973046137 ], [ -72.562706224560699, -35.569792598453162 ], [ -72.562606113610485, -35.56971908597361 ], [ -72.562328778529448, -35.569615901976384 ], [ -72.561902138058301, -35.569436081368778 ], [ -72.56160520712767, -35.569231090615645 ], [ -72.56144090975377, -35.569064915025471 ], [ -72.561302599742746, -35.568897971850788 ], [ -72.561084170788149, -35.568690656074274 ], [ -72.560792920803351, -35.568613790099157 ], [ -72.560400964285336, -35.568625307505016 ], [ -72.559959515985042, -35.568702507401909 ], [ -72.559571344069298, -35.568799465503524 ], [ -72.559083324409741, -35.569006334538543 ], [ -72.558646689282725, -35.569190276538954 ], [ -72.558236128655182, -35.569373446497607 ], [ -72.557931088632472, -35.569574903229025 ], [ -72.557574652399083, -35.569799136724662 ], [ -72.55667331158908, -35.570125171323923 ], [ -72.556215130369992, -35.570416629048466 ], [ -72.555752310250782, -35.57060125904291 ], [ -72.555420145598063, -35.570782104381877 ], [ -72.555085145862307, -35.570898884220576 ], [ -72.554619492456681, -35.571019594975766 ], [ -72.554153834559486, -35.57114022955794 ], [ -72.553819774461516, -35.571278313398416 ], [ -72.553567901228888, -35.571499522953239 ], [ -72.553315937266433, -35.571720735550656 ], [ -72.553147197723462, -35.572046453254131 ], [ -72.553077369879801, -35.572240882947682 ], [ -72.552812541144164, -35.572761804399761 ], [ -72.55266703922095, -35.573022614941053 ], [ -72.552337689888333, -35.573267515871279 ], [ -72.551926150995413, -35.573429360140821 ], [ -72.551484752102482, -35.573506455307871 ], [ -72.551146907402213, -35.573559235431581 ], [ -72.550856584478794, -35.57350357722796 ], [ -72.550643738553703, -35.573424373363842 ], [ -72.550377611752467, -35.57332533335169 ], [ -72.550161081836393, -35.57316068238503 ], [ -72.549942576524984, -35.57295334987348 ], [ -72.549754011163699, -35.572830614426266 ], [ -72.549386226513334, -35.572798717807196 ], [ -72.54824099579865, -35.572939436499652 ], [ -72.547567272810284, -35.573087512025126 ], [ -72.547080133499691, -35.573315641090268 ], [ -72.546666788094754, -35.573434780200742 ], [ -72.546326959016042, -35.573444716489256 ], [ -72.545593356127469, -35.573423582786134 ], [ -72.544268857614668, -35.573056436046997 ], [ -72.543743300054345, -35.573007758287986 ], [ -72.542828586024712, -35.573034678251922 ], [ -72.542181869088736, -35.573203336446369 ], [ -72.541834283955836, -35.573377585324856 ], [ -72.541698475752867, -35.57351681537174 ], [ -72.541392433210319, -35.573696854055605 ], [ -72.541112468760446, -35.573876125142753 ], [ -72.540986512381167, -35.573986792169137 ], [ -72.54072801048008, -35.574058542040071 ], [ -72.540438632584355, -35.574024238392354 ], [ -72.540278127897594, -35.573943403482389 ], [ -72.540004579215477, -35.573673595656743 ], [ -72.539862628332585, -35.573421178173135 ], [ -72.539746757339032, -35.573167993425876 ], [ -72.539500229980675, -35.572918723527934 ], [ -72.539146389878468, -35.572608459405586 ], [ -72.538900893786035, -35.572380491266642 ], [ -72.538267091928915, -35.572249490288243 ], [ -72.537767710377636, -35.572200017795709 ], [ -72.537190944354506, -35.572174222790345 ], [ -72.535937529530159, -35.57223244804532 ], [ -72.535390508522724, -35.572291253412885 ], [ -72.5349248075064, -35.572411815935645 ], [ -72.53456078140718, -35.572465244156021 ], [ -72.534168797939699, -35.572476751509498 ], [ -72.533826244270728, -35.572422657654194 ], [ -72.533300784626732, -35.572373932016326 ], [ -72.532882633235033, -35.572386202936002 ], [ -72.532030575798146, -35.57264638705422 ], [ -72.531598452010513, -35.572936988762677 ], [ -72.531507091549486, -35.573238927146704 ], [ -72.531467891765445, -35.573539410374806 ], [ -72.531479242877353, -35.573795669295869 ], [ -72.531559836131393, -35.575033303397618 ], [ -72.531683944676089, -35.575478550673076 ], [ -72.53177268564977, -35.575711133501279 ], [ -72.531810208279168, -35.575966623417322 ], [ -72.531818561712996, -35.576158749391887 ], [ -72.53170103422606, -35.576461530476067 ], [ -72.531450021579488, -35.576704077751529 ], [ -72.531271795827124, -35.576816194098804 ], [ -72.530702409464055, -35.576961116360842 ], [ -72.530188177862826, -35.577168639422297 ], [ -72.529756024430768, -35.577459236415365 ], [ -72.529502188379254, -35.577637715852475 ], [ -72.528936634229197, -35.577868072048616 ], [ -72.528523989510177, -35.578008463284903 ], [ -72.528133004070966, -35.578041255762997 ], [ -72.527740900229233, -35.578052746241823 ], [ -72.527347952869462, -35.578042925963068 ], [ -72.526871895176214, -35.577928577090148 ], [ -72.526464888283897, -35.577598425759142 ], [ -72.526182934963998, -35.577136387983394 ], [ -72.525603082329567, -35.576447888046744 ], [ -72.525254984258666, -35.576265637330785 ], [ -72.524933814086694, -35.576104003370489 ], [ -72.524790033335591, -35.575808879520096 ], [ -72.524704124750016, -35.57564043139152 ], [ -72.524663904479794, -35.575320867919579 ], [ -72.524716100191071, -35.574720746643671 ], [ -72.524697458352307, -35.574293662173574 ], [ -72.524605838278163, -35.573997011153828 ], [ -72.524413655401219, -35.573788932611038 ], [ -72.524148489797327, -35.573711139204221 ], [ -72.523622936728572, -35.573662447960444 ], [ -72.522918300016315, -35.573704401050968 ], [ -72.522375086967401, -35.573848517910989 ], [ -72.521938330567849, -35.574032331888837 ], [ -72.521685331746156, -35.574232178229956 ], [ -72.521514582671898, -35.574515097941941 ], [ -72.521234655052965, -35.574694323358791 ], [ -72.52084920772748, -35.574855300386432 ], [ -72.52040477522381, -35.574868222665962 ], [ -72.519982019067939, -35.574773694017026 ], [ -72.519634786074661, -35.574612807426291 ], [ -72.519365035469562, -35.574428248782532 ], [ -72.519273529481467, -35.57413166328967 ], [ -72.51921182689955, -35.573321019510033 ], [ -72.519464819433011, -35.572522659615437 ], [ -72.51972604143279, -35.571916427914033 ], [ -72.519845570366186, -35.571656340066774 ], [ -72.519886596425224, -35.571398621706948 ], [ -72.519921920877124, -35.571012772567322 ], [ -72.519929384978838, -35.570584924487243 ], [ -72.519951669486076, -35.570423273949821 ], [ -72.519933113885557, -35.569999581835127 ], [ -72.51990671958589, -35.569396886627842 ], [ -72.519890585843399, -35.569028487276803 ], [ -72.519777858055008, -35.568327627115998 ], [ -72.519681176872552, -35.567995243345571 ], [ -72.519669445773275, -35.56772732996145 ], [ -72.519612352447055, -35.567360201691436 ], [ -72.519597596720203, -35.56702527465 ], [ -72.519697119273914, -35.566485852631949 ], [ -72.519682551294935, -35.566151068081759 ], [ -72.51954637208776, -35.565853278390122 ], [ -72.519367762754769, -35.565523140135554 ], [ -72.518943192900352, -35.565200265521561 ], [ -72.517684519338317, -35.564566474672432 ], [ -72.517264359313629, -35.564344079705059 ], [ -72.516880857739054, -35.564019996796617 ], [ -72.516447605667423, -35.563496136413768 ], [ -72.516343710114924, -35.562996243678342 ], [ -72.516242652340395, -35.562563295185129 ], [ -72.516214826126159, -35.561927051483934 ], [ -72.516102145948494, -35.561226186209815 ], [ -72.515925027818867, -35.560929586922448 ], [ -72.515544476311689, -35.560672439876477 ], [ -72.515125805693742, -35.56048350608684 ], [ -72.514749741271416, -35.560326841032541 ], [ -72.514170063808464, -35.56020963070042 ], [ -72.513514407737091, -35.560228763349471 ], [ -72.512507382828858, -35.560660528168043 ], [ -72.511908772472992, -35.561046787432332 ], [ -72.511273583617069, -35.561534724479912 ], [ -72.510355944672867, -35.562131508463679 ], [ -72.509757223824209, -35.562517759907749 ], [ -72.509520128776316, -35.562725900607681 ], [ -72.50920539952493, -35.563036844605705 ], [ -72.508966744103404, -35.563211369167597 ], [ -72.508682836049445, -35.563286743006671 ], [ -72.508312524438182, -35.563264018691335 ], [ -72.507880794112637, -35.562773668970749 ], [ -72.507446145160728, -35.562216300694331 ], [ -72.507093427952626, -35.561656544767708 ], [ -72.506952919764089, -35.56125824966783 ], [ -72.506938404785743, -35.560923386277132 ], [ -72.506887129847627, -35.560690209511414 ], [ -72.506876904324756, -35.560455762699675 ], [ -72.506578395054149, -35.560196198161776 ], [ -72.506287099255303, -35.560104065253363 ], [ -72.506115861497506, -35.559941407740901 ], [ -72.506023716807235, -35.559709420764911 ], [ -72.505930025218049, -35.559443963636227 ], [ -72.505675403140671, -35.559250145987221 ], [ -72.505458825613871, -35.558988192230125 ], [ -72.505442768228164, -35.558619860491497 ], [ -72.505710608116644, -35.558176235451086 ], [ -72.505821990228725, -35.557904735335171 ], [ -72.505684415039582, -35.557573380427215 ], [ -72.505388753428463, -35.557380830594447 ], [ -72.504806275916778, -35.557196553814244 ], [ -72.503843309779953, -35.556755235388444 ], [ -72.503256465557683, -35.556470536273771 ], [ -72.502799798898138, -35.556349691055139 ], [ -72.502344680035861, -35.556262313554811 ], [ -72.501688959285801, -35.55628138283398 ], [ -72.500630832814323, -35.556479789158871 ], [ -72.500267841574299, -35.556624469034681 ], [ -72.499698496533767, -35.556741559640166 ], [ -72.499167200535396, -35.556790585648564 ], [ -72.498675404358366, -35.556804875272988 ], [ -72.498226113765625, -35.556851442052107 ], [ -72.497662589808115, -35.557102481536354 ], [ -72.496861860309949, -35.557561712348047 ], [ -72.496383249604676, -35.557877308955575 ], [ -72.496149041742115, -35.558152367442254 ], [ -72.495913376812155, -35.558393955065391 ], [ -72.495635200009701, -35.558603188056885 ], [ -72.495349834888358, -35.558644985333842 ], [ -72.495089419575692, -35.558317256797949 ], [ -72.495071864698403, -35.55791545112583 ], [ -72.49505585133015, -35.557547041376722 ], [ -72.495073615514883, -35.557010080517408 ], [ -72.49529899832811, -35.55653404871051 ], [ -72.495569895183493, -35.556157457651537 ], [ -72.495707620391272, -35.555549839996843 ], [ -72.495843643291607, -35.554938432758163 ], [ -72.495801958767473, -35.554706816451606 ], [ -72.495764446917846, -35.554498480256711 ], [ -72.495792777086962, -35.554138158348294 ], [ -72.495962691626318, -35.553865926137746 ], [ -72.496119250014019, -35.553693737464478 ], [ -72.496360818672017, -35.553586182117144 ], [ -72.496599379770458, -35.553411538662814 ], [ -72.49675748056552, -35.553272818162135 ], [ -72.496788249660639, -35.553037254111793 ], [ -72.496608309922692, -35.552673676996164 ], [ -72.495973283661812, -35.552222696595074 ], [ -72.495382134712699, -35.551837540065655 ], [ -72.494714888577533, -35.55158857143654 ], [ -72.492973478348134, -35.551169675082036 ], [ -72.491932998382097, -35.55083104576493 ], [ -72.491227635831095, -35.550650338119503 ], [ -72.490722788929631, -35.55036312431367 ], [ -72.490261908273126, -35.550141884185905 ], [ -72.489723468871603, -35.550023357269382 ], [ -72.48892739084998, -35.549643958280633 ], [ -72.488545613142421, -35.549353242864704 ], [ -72.488247118244871, -35.549093703038459 ], [ -72.487827113628725, -35.548871194973032 ], [ -72.487568301808849, -35.548576841309071 ], [ -72.487190712945463, -35.54838669058018 ], [ -72.486655100542151, -35.548335096193796 ], [ -72.485999612455757, -35.548354070880933 ], [ -72.485422956925419, -35.54830373214665 ], [ -72.484344480019487, -35.548033091016798 ], [ -72.483634894488347, -35.547751842922018 ], [ -72.483214909635151, -35.547529317245754 ], [ -72.482594492675744, -35.54741312827241 ], [ -72.482020831230244, -35.547429715326331 ], [ -72.481167540406489, -35.547622026668179 ], [ -72.480847043072671, -35.547798934627565 ], [ -72.4805659611186, -35.547941188978484 ], [ -72.480286418876915, -35.548116911454436 ], [ -72.480172149579516, -35.548321372231996 ], [ -72.480060780043843, -35.548592850719352 ], [ -72.479904194706663, -35.548765020381659 ], [ -72.479615866043176, -35.548739836895187 ], [ -72.47931884707765, -35.548513745022824 ], [ -72.479020465367824, -35.548254029988449 ], [ -72.478398512289274, -35.548104423397383 ], [ -72.477867339360103, -35.548153277080687 ], [ -72.476823625459033, -35.5486863468103 ], [ -72.476384493913855, -35.548967283924135 ], [ -72.475825289056246, -35.549318713761103 ], [ -72.474904514093382, -35.549848293107615 ], [ -72.474261840474497, -35.550168536291523 ], [ -72.47353734111303, -35.550491283627039 ], [ -72.472809848565007, -35.550746937278348 ], [ -72.471839311427004, -35.551076695686447 ], [ -72.470986042162792, -35.551268935426755 ], [ -72.470421016222133, -35.551486377802085 ], [ -72.470016935142709, -35.551632152751068 ], [ -72.469533911912748, -35.551847228347292 ], [ -72.469009836572624, -35.552063484433198 ], [ -72.468529607103221, -35.552345578351797 ], [ -72.468096292149511, -35.552760450339498 ], [ -72.467785670893932, -35.553171787992035 ], [ -72.467596753393039, -35.553546031718533 ], [ -72.467652061766785, -35.553879730273898 ], [ -72.467792358851227, -35.554278009419505 ], [ -72.468051303621763, -35.554572402081028 ], [ -72.468185740097283, -35.554836792980105 ], [ -72.468157773745858, -35.555139300188529 ], [ -72.467967322820797, -35.555480148369512 ], [ -72.467731572550903, -35.555721611036518 ], [ -72.467122657620379, -35.555873274567482 ], [ -72.466422974218631, -35.555826314036914 ], [ -72.465883078648034, -35.555674208267881 ], [ -72.465183490467709, -35.555627311933371 ], [ -72.464652163926615, -35.555676112798274 ], [ -72.463961319947245, -35.555830117974665 ], [ -72.463191345171126, -35.556053496136904 ], [ -72.462626259043347, -35.556270831259297 ], [ -72.462257425160743, -35.556281509996602 ], [ -72.461803689703984, -35.556227451980398 ], [ -72.461393894441045, -35.556239305151259 ], [ -72.460991300971727, -35.556418521022451 ], [ -72.460584383012659, -35.556497243279274 ], [ -72.460082479890374, -35.556276917525864 ], [ -72.459785572315923, -35.556050773095144 ], [ -72.459488574011644, -35.555824556405682 ], [ -72.459194459299397, -35.555665360166991 ], [ -72.458623698513961, -35.555748855447568 ], [ -72.458143315432622, -35.556030840660398 ], [ -72.457957135996736, -35.556472094377561 ], [ -72.457927695509923, -35.556741203002254 ], [ -72.457819117938172, -35.557079611497493 ], [ -72.457535172154962, -35.557154867596182 ], [ -72.457122485215109, -35.557099612367772 ], [ -72.456746445047287, -35.556942760918979 ], [ -72.456289921219906, -35.556821732977809 ], [ -72.455757049576533, -35.556837025274277 ], [ -72.455307811086072, -35.556883430524756 ], [ -72.455029529180734, -35.557092648458188 ], [ -72.454915183526523, -35.557297089999828 ], [ -72.454509690295481, -35.55740926566083 ], [ -72.453976906686989, -35.557424621425596 ], [ -72.453637517782781, -35.557166092131958 ], [ -72.453378794896111, -35.55687166003117 ], [ -72.453646928533686, -35.556428135668618 ], [ -72.453834571325174, -35.556020433024671 ], [ -72.453848206852868, -35.555382972444022 ], [ -72.453672759589679, -35.555119667167567 ], [ -72.453330597586174, -35.55479418760833 ], [ -72.453035059942522, -35.55460150101095 ], [ -72.452332605238112, -35.554487508216646 ], [ -72.451676956353282, -35.554506376207364 ], [ -72.451308119775717, -35.554516872470778 ], [ -72.45088970517763, -35.554327701996726 ], [ -72.450674748211597, -35.554099112524696 ], [ -72.450576931558643, -35.553733108710603 ], [ -72.450558256482196, -35.553297807281254 ], [ -72.450750214780314, -35.552990455630152 ], [ -72.451024190162187, -35.55268090074226 ], [ -72.451094610893932, -35.552410545534606 ], [ -72.451118420740528, -35.552007542342537 ], [ -72.450815711845991, -35.551647335677373 ], [ -72.450438273001254, -35.551456989050301 ], [ -72.449771066391975, -35.551207913263902 ], [ -72.449054284457105, -35.550759017098386 ], [ -72.448628801914367, -35.550402321055024 ], [ -72.448285152300727, -35.550043279503804 ], [ -72.447932895030064, -35.549483396906552 ], [ -72.447753181667579, -35.54911973350945 ], [ -72.447614515025379, -35.548754821567591 ], [ -72.447278051035696, -35.548563217520595 ], [ -72.446863983385271, -35.548474525431502 ], [ -72.446205504807281, -35.548426266158501 ], [ -72.445706558938909, -35.548272894329934 ], [ -72.445494418191316, -35.548111391011325 ], [ -72.445278061650072, -35.547849316070725 ], [ -72.444975484807884, -35.547489088531222 ], [ -72.444712440126381, -35.547094289843145 ], [ -72.444456563102534, -35.546866858697477 ], [ -72.443995722870199, -35.546645361144876 ], [ -72.443534973367719, -35.546423860056777 ], [ -72.443075567744913, -35.546235758813708 ], [ -72.442572433930678, -35.54598194949169 ], [ -72.442233130366404, -35.545723382565882 ], [ -72.441551661205352, -35.545139225151459 ], [ -72.441414375273723, -35.544807853295062 ], [ -72.441158518012813, -35.54458048802632 ], [ -72.44078265571143, -35.544423578461078 ], [ -72.440368521585654, -35.544334791889 ], [ -72.439797718579399, -35.54441812354721 ], [ -72.439310263061827, -35.544532661311166 ], [ -72.438859557622536, -35.544545530006317 ], [ -72.438316831460497, -35.544326348202048 ], [ -72.438063845215225, -35.544165922365906 ], [ -72.438012869416127, -35.543932627417135 ], [ -72.437915213561567, -35.543566531874902 ], [ -72.43805900599078, -35.543093075017374 ], [ -72.438084222599144, -35.542723546057047 ], [ -72.437948382056817, -35.542425569917413 ], [ -72.437653016889698, -35.542232838244573 ], [ -72.437186588238006, -35.541877340310847 ], [ -72.437004073928449, -35.541446562718669 ], [ -72.436781978949185, -35.541182272393435 ], [ -72.436325889906414, -35.541011544713477 ], [ -72.435818614858718, -35.541084629599084 ], [ -72.435555953757842, -35.541291659344374 ], [ -72.435473906131364, -35.541356378918252 ], [ -72.435599107925782, -35.541597966719479 ], [ -72.435667945826012, -35.542213810211749 ], [ -72.435698514596794, -35.542487626473211 ], [ -72.435284794594395, -35.543444776924758 ], [ -72.435305375895879, -35.544802567981783 ], [ -72.436045953304301, -35.546619508942989 ], [ -72.436314841526723, -35.549209593568555 ], [ -72.437042650281711, -35.550425841283229 ], [ -72.437006152630033, -35.551573615066516 ], [ -72.436841901070224, -35.552718759621939 ], [ -72.437431770818378, -35.553253439749739 ], [ -72.438089276520927, -35.554676980878959 ], [ -72.437616091639953, -35.55649422500224 ], [ -72.436588302173945, -35.55767316998628 ], [ -72.436038280793468, -35.56089836884253 ], [ -72.436924245140744, -35.562170264645104 ], [ -72.436960174158841, -35.564050485834727 ], [ -72.437302001989067, -35.566354933356095 ], [ -72.43785045940264, -35.568193945839006 ], [ -72.43767366556483, -35.569730329209214 ], [ -72.438327823246311, -35.573268327639802 ], [ -72.43956932640998, -35.574417172064734 ], [ -72.440510926117767, -35.575951277781321 ], [ -72.441572187709582, -35.577748816056314 ], [ -72.441618082637447, -35.579316115319145 ], [ -72.432418012706279, -35.606242456431019 ], [ -72.434510207867618, -35.606606869920192 ], [ -72.434860275943947, -35.606904120993818 ], [ -72.435042279112082, -35.607052915924349 ], [ -72.435352802451305, -35.607273043599299 ], [ -72.435924413941308, -35.607506460890981 ], [ -72.43643577812017, -35.60757830561689 ], [ -72.436842853284432, -35.607701404104908 ], [ -72.437181342076741, -35.607922131072492 ], [ -72.437536872808309, -35.608196701479521 ], [ -72.437733178952399, -35.608482980540963 ], [ -72.438159791575785, -35.609163303490178 ], [ -72.438325498406357, -35.609532837922707 ], [ -72.438528704510148, -35.609895617282376 ], [ -72.438523970388587, -35.61033793562337 ], [ -72.438379107167563, -35.61063226249459 ], [ -72.438252818411655, -35.611079530521394 ], [ -72.438412015151371, -35.61194473340769 ], [ -72.438474298044952, -35.612335013276493 ], [ -72.438694154422549, -35.61275917737121 ], [ -72.438924773515538, -35.613145385490824 ], [ -72.439125312521242, -35.613302206489273 ], [ -72.43970303794508, -35.613634792184413 ], [ -72.440071610417959, -35.613795224992401 ], [ -72.440192734759293, -35.613805419178433 ], [ -72.440570318232758, -35.61397356500224 ], [ -72.441203850595329, -35.614315029695454 ], [ -72.44181781585435, -35.614541596056647 ], [ -72.442253322697354, -35.614649983882238 ], [ -72.443012718014359, -35.614856806766433 ], [ -72.443547856107216, -35.615066425370699 ], [ -72.443938151640268, -35.61512811748981 ], [ -72.444255266817038, -35.615142443445123 ], [ -72.444477316880537, -35.615208210479345 ], [ -72.44488128207729, -35.615430362689303 ], [ -72.446197406494989, -35.615900562298883 ], [ -72.446686945205713, -35.61607109317535 ], [ -72.447109130931366, -35.61630888103403 ], [ -72.447844244786253, -35.616690584514949 ], [ -72.448697606576914, -35.616876445659535 ], [ -72.449179698253914, -35.616993364206735 ], [ -72.450048859613815, -35.617271111525255 ], [ -72.450562219849218, -35.617299356639442 ], [ -72.450803929542715, -35.618057421457003 ], [ -72.450780010999964, -35.618514461820965 ], [ -72.450628752672444, -35.619159630133154 ], [ -72.449995794333333, -35.62041226886155 ], [ -72.449727796341364, -35.620909968856246 ], [ -72.449263999753427, -35.621395784985161 ], [ -72.448743145771928, -35.621910991746304 ], [ -72.448075126187305, -35.62265194555944 ], [ -72.447470923818784, -35.623142517913543 ], [ -72.446804709847882, -35.6235325481776 ], [ -72.446648577261612, -35.623627450074508 ], [ -72.446404508592167, -35.623775804983929 ], [ -72.446029149347325, -35.624271183186451 ], [ -72.44551398978642, -35.624900930102029 ], [ -72.444996399384323, -35.625606852509769 ], [ -72.444313632157673, -35.625927952354076 ], [ -72.443551846423702, -35.626087134525626 ], [ -72.443141655003714, -35.626353035214798 ], [ -72.443088420839985, -35.626557858542796 ], [ -72.443057778407336, -35.626930862723007 ], [ -72.443195287121128, -35.627307544497413 ], [ -72.443522281969379, -35.627894135863563 ], [ -72.443676546059862, -35.628275578141306 ], [ -72.444071592782478, -35.628172660914402 ], [ -72.444433649774581, -35.628103757533879 ], [ -72.444878811710254, -35.628266705934024 ], [ -72.445334237796374, -35.628672742575972 ], [ -72.445208879695116, -35.629153872867946 ], [ -72.444932456404075, -35.629517746806933 ], [ -72.445096374688916, -35.629932129983374 ], [ -72.44525237522285, -35.630166397483272 ], [ -72.445051343940364, -35.630586725761027 ], [ -72.444848078547764, -35.63095300920552 ], [ -72.444561404581023, -35.631078368730542 ], [ -72.444092615156748, -35.631548880826593 ], [ -72.444071543375131, -35.63156985826901 ], [ -72.444067607855871, -35.631589828853308 ], [ -72.444011329301617, -35.631869003256085 ], [ -72.443956420678205, -35.632289577395341 ], [ -72.443758081646635, -35.632772868982897 ], [ -72.443557126720933, -35.633193193777004 ], [ -72.443650494018314, -35.633668136895395 ], [ -72.443736310975723, -35.63396302770601 ], [ -72.44369397427468, -35.634680588269468 ], [ -72.443644089030329, -35.635218170932696 ], [ -72.443645725760788, -35.635256288676523 ], [ -72.443662061624224, -35.635636658359367 ], [ -72.443755240275379, -35.636107103468937 ], [ -72.444276133782765, -35.636331073947943 ], [ -72.444932364775923, -35.636312212823732 ], [ -72.445802494519697, -35.63617014316462 ], [ -72.446000651193259, -35.635686926875451 ], [ -72.446201494727845, -35.635262098803537 ], [ -72.446361756869493, -35.63516176417312 ], [ -72.446699186548088, -35.634950495648511 ], [ -72.447061357626239, -35.634881507577326 ], [ -72.447587007713039, -35.635222405508365 ], [ -72.447610225569903, -35.635762397489067 ], [ -72.447914625093802, -35.636051094506577 ], [ -72.448354716938013, -35.63609702090951 ], [ -72.448667042297686, -35.636565682627214 ], [ -72.448973961595982, -35.63691277105643 ], [ -72.449512603118421, -35.637555137080071 ], [ -72.449970520232824, -35.638015117702061 ], [ -72.450717932922259, -35.638412684199167 ], [ -72.450871544835849, -35.638588546939388 ], [ -72.45130390398208, -35.638454489461736 ], [ -72.451595539344126, -35.638446123592523 ], [ -72.451676173022349, -35.638624003437492 ], [ -72.45164676667153, -35.638770641143175 ], [ -72.451616166459686, -35.638923144655763 ], [ -72.451178575525219, -35.638935698129778 ], [ -72.451113435090704, -35.639117760879891 ], [ -72.451266866442921, -35.63929355344267 ], [ -72.451420378643505, -35.639464914881813 ], [ -72.451709499621089, -35.639398080737394 ], [ -72.452282687654417, -35.639142827611359 ], [ -72.452493876187816, -35.638381370756811 ], [ -72.452598750903974, -35.638002840051342 ], [ -72.452799566590798, -35.637578076125166 ], [ -72.453146162678564, -35.637153631177249 ], [ -72.453349491851526, -35.636787333801465 ], [ -72.453844731271047, -35.636417158708078 ], [ -72.454155615733001, -35.636513648582323 ], [ -72.454362751067848, -35.636577978020817 ], [ -72.454722315235031, -35.636450576303666 ], [ -72.455058731614002, -35.636214142061064 ], [ -72.455076547901029, -35.636201597650718 ], [ -72.455271587420569, -35.636060757999275 ], [ -72.455610265757414, -35.63672242192326 ], [ -72.455628302131686, -35.637140904393917 ], [ -72.455859847387742, -35.637431598308787 ], [ -72.456302474277678, -35.637536109056867 ], [ -72.457112331557454, -35.637693034809473 ], [ -72.457844155781771, -35.637730543219405 ], [ -72.458516098309246, -35.638071615897267 ], [ -72.45875261753703, -35.638479387755226 ], [ -72.458848605220069, -35.639012779848407 ], [ -72.459239132518476, -35.639600818444421 ], [ -72.459405292099945, -35.640069076336431 ], [ -72.459649966233897, -35.640661381599912 ], [ -72.459748576997583, -35.641253235686193 ], [ -72.45969609562205, -35.641732357108431 ], [ -72.459346900708169, -35.64209828213118 ], [ -72.459291983999904, -35.642518935309127 ], [ -72.459388163024101, -35.643052320880159 ], [ -72.459192421022024, -35.643594100342796 ], [ -72.458777916790368, -35.644142243346899 ], [ -72.458350678041228, -35.644393258094112 ], [ -72.45777738670165, -35.644648544089634 ], [ -72.457269490918108, -35.644721753421742 ], [ -72.456756364244654, -35.644677886961581 ], [ -72.456099889808073, -35.644696748301357 ], [ -72.455523439991936, -35.644713307177213 ], [ -72.455297810142028, -35.644719787498168 ], [ -72.45463366409291, -35.644558594012537 ], [ -72.454110178047614, -35.644276353334213 ], [ -72.45358172342047, -35.643872450963485 ], [ -72.452771821224928, -35.643720007997821 ], [ -72.451972267621471, -35.643801490777513 ], [ -72.451112335552807, -35.644182047554501 ], [ -72.450445596067468, -35.64396243904401 ], [ -72.450007977285225, -35.643974990266344 ], [ -72.449585851746704, -35.644347556923762 ], [ -72.449533485355516, -35.644826598470999 ], [ -72.449040872609913, -35.645255220648806 ], [ -72.448475287917134, -35.645690509110345 ], [ -72.447766605192868, -35.646188435713285 ], [ -72.447054931977007, -35.646623327813082 ], [ -72.446275850978864, -35.647181802753472 ], [ -72.445571989512729, -35.647596826524413 ], [ -72.445207524137331, -35.647811597659725 ], [ -72.443571652479079, -35.648876781338856 ], [ -72.443062991330919, -35.648886838196681 ], [ -72.442474239086977, -35.64878203278451 ], [ -72.442026347171137, -35.648556040856143 ], [ -72.441586197834766, -35.648434503903893 ], [ -72.441435084135975, -35.648392689263041 ], [ -72.440841601363729, -35.648175435564987 ], [ -72.440109484288641, -35.648133257257832 ], [ -72.439679565865035, -35.648325819517204 ], [ -72.439587623295694, -35.648446780681788 ], [ -72.43940314437063, -35.648689608362027 ], [ -72.439131937596457, -35.64917497681914 ], [ -72.438943771087168, -35.649896779123679 ], [ -72.438531599780305, -35.650503255238469 ], [ -72.4384195115924, -35.650776640708145 ], [ -72.437958992956951, -35.651898652842611 ], [ -72.437936638381089, -35.651953106860589 ], [ -72.437842971944747, -35.652076183753636 ], [ -72.437735784965042, -35.6522172163505 ], [ -72.437660017460715, -35.652316898165303 ], [ -72.437313380948765, -35.652745879433226 ], [ -72.437041876832254, -35.653231178718137 ], [ -72.436931875430759, -35.654067897014272 ], [ -72.436803647212159, -35.654486060175635 ], [ -72.43679046263874, -35.654653121908957 ], [ -72.436756508117625, -35.655086677432706 ], [ -72.436708905492409, -35.655682805592058 ], [ -72.436729362826384, -35.656159761702718 ], [ -72.436903339547442, -35.656808098328952 ], [ -72.43678032515075, -35.657347841518806 ], [ -72.436602350926663, -35.65830808249224 ], [ -72.43627093187564, -35.659092512945477 ], [ -72.435934397817363, -35.659759936812598 ], [ -72.434865632597976, -35.660385229975468 ], [ -72.434226852277547, -35.660817969045901 ], [ -72.433583240817512, -35.66113819317826 ], [ -72.433158337688127, -35.661447668844559 ], [ -72.432657928464153, -35.661700758936682 ], [ -72.432587541868386, -35.661746912178586 ], [ -72.432089440416377, -35.662073015937885 ], [ -72.431931574081617, -35.662235126538398 ], [ -72.431669729549341, -35.662503920506815 ], [ -72.431249734814656, -35.662930401343104 ], [ -72.430754603192995, -35.663304989567635 ], [ -72.430188688818504, -35.663735702838778 ], [ -72.429883602981718, -35.663915961842463 ], [ -72.429547451605771, -35.664114378741552 ], [ -72.429062322724789, -35.664722978714984 ], [ -72.429043137405259, -35.664750248795507 ], [ -72.428373499056505, -35.665697847838096 ], [ -72.427672024414065, -35.666371149156866 ], [ -72.426834926621623, -35.667291621774389 ], [ -72.426120627630198, -35.667667858596062 ], [ -72.425695571787202, -35.667977314061666 ], [ -72.425273015057329, -35.668345309708741 ], [ -72.424850647871978, -35.668717801374704 ], [ -72.424429935383401, -35.668980991349081 ], [ -72.424352576962718, -35.669029405651607 ], [ -72.423927599273142, -35.669338925898806 ], [ -72.423573120468774, -35.66958775165417 ], [ -72.423007313892128, -35.670022860072578 ], [ -72.42251413430958, -35.670451395204829 ], [ -72.422013724187281, -35.670704443619449 ], [ -72.421442708280324, -35.671018036797847 ], [ -72.42101761919966, -35.671327551523397 ], [ -72.420590025615994, -35.671578521703154 ], [ -72.420019178592284, -35.671892104879653 ], [ -72.419974863801002, -35.671939060078493 ], [ -72.419669687234375, -35.67226250674473 ], [ -72.419317500032292, -35.672569868967052 ], [ -72.418884797729604, -35.672699322809002 ], [ -72.418168110117833, -35.673021619951179 ], [ -72.417159264324525, -35.673347563816314 ], [ -72.41651010666591, -35.67354177216329 ], [ -72.415861049618627, -35.673740478929396 ], [ -72.415139243406372, -35.673941173757015 ], [ -72.414562998406112, -35.674133302349738 ], [ -72.414062537079886, -35.67438631865884 ], [ -72.413813828611993, -35.674471112365147 ], [ -72.413486383707777, -35.674582869131321 ], [ -72.413386526980801, -35.674670449501015 ], [ -72.413204772645997, -35.674829671032413 ], [ -72.412777130553295, -35.675080543361794 ], [ -72.412422415492017, -35.675329491327254 ], [ -72.41170547814859, -35.675647106848174 ], [ -72.411199820966729, -35.675778604047117 ], [ -72.410762100674873, -35.675791018918517 ], [ -72.41047004669791, -35.675799302065954 ], [ -72.410229164352785, -35.675832264620368 ], [ -72.409889253527382, -35.675878886934576 ], [ -72.409312886356247, -35.676070921106295 ], [ -72.408812304655754, -35.676323919597095 ], [ -72.408087784633025, -35.676466110491489 ], [ -72.407919132226638, -35.676570030905772 ], [ -72.407375801498389, -35.676900787366236 ], [ -72.407122973356621, -35.677069839571281 ], [ -72.406761589202659, -35.677311504617997 ], [ -72.405884158850569, -35.677898279807849 ], [ -72.404960847943684, -35.678519197896442 ], [ -72.40438472960588, -35.678715704624032 ], [ -72.403670310240202, -35.679091889786775 ], [ -72.40317467466366, -35.679466383202765 ], [ -72.402741810664224, -35.679595711296372 ], [ -72.402163377367941, -35.679733807164943 ], [ -72.401355556568902, -35.679634927943823 ], [ -72.401148399674497, -35.679618714886288 ], [ -72.400256041119036, -35.679548868596953 ], [ -72.39967723142864, -35.679682460152506 ], [ -72.399247035425603, -35.679874816451218 ], [ -72.398530002860767, -35.680192432853737 ], [ -72.398021809734857, -35.680265407480071 ], [ -72.397513431556021, -35.68033831053031 ], [ -72.396866834994285, -35.680595386833268 ], [ -72.395928424305779, -35.680860627451267 ], [ -72.395430250090243, -35.681172117920994 ], [ -72.394866684810225, -35.681665649557573 ], [ -72.394857103379394, -35.68173841196073 ], [ -72.394811322537592, -35.682086219840521 ], [ -72.394823917816183, -35.682383213587173 ], [ -72.394690654540412, -35.682684399615674 ], [ -72.394674052775656, -35.682495591894543 ], [ -72.394323248080795, -35.682636157770993 ], [ -72.393892993687246, -35.682610135692677 ], [ -72.393664120919169, -35.682596220229044 ], [ -72.393085272601212, -35.682729708177845 ], [ -72.392287728529041, -35.68287386577633 ], [ -72.391792001324333, -35.683243740204503 ], [ -72.390415591866216, -35.683521364527365 ], [ -72.389416591608423, -35.684085761578594 ], [ -72.389142256002131, -35.68444709495131 ], [ -72.388724719956386, -35.684997386538541 ], [ -72.38804047320447, -35.685187414868366 ], [ -72.388002643351228, -35.685197929746344 ], [ -72.386991033441774, -35.685465238186197 ], [ -72.386315632400468, -35.6859843228237 ], [ -72.386210965195147, -35.686023368515066 ], [ -72.386007022472825, -35.686385076168712 ], [ -72.385913991145372, -35.686523821331519 ], [ -72.385800884267951, -35.686692808641773 ], [ -72.385156665546774, -35.687008222888686 ], [ -72.384825702839905, -35.68701761390296 ], [ -72.384718780863224, -35.687020549187515 ], [ -72.38421052665187, -35.687093467954199 ], [ -72.383853187611635, -35.687283721852168 ], [ -72.38328207558493, -35.687597143357991 ], [ -72.382557120777591, -35.687734766447207 ], [ -72.381693890993532, -35.688056396553584 ], [ -72.381153533688874, -35.688252084512911 ], [ -72.380614504094211, -35.68844714160678 ], [ -72.380387392922415, -35.688490289432593 ], [ -72.38025220096371, -35.68851594040926 ], [ -72.380194284780728, -35.688556546230636 ], [ -72.379897317019143, -35.68876472753221 ], [ -72.379550031923571, -35.689193496913894 ], [ -72.379192753070456, -35.689379232471836 ], [ -72.378893233195157, -35.689212028901629 ], [ -72.378447823324478, -35.689044273397862 ], [ -72.377871646596191, -35.689240657166202 ], [ -72.377370595076783, -35.689489039287849 ], [ -72.377086345663002, -35.689677220511406 ], [ -72.376527542352335, -35.690287691052227 ], [ -72.37611242007975, -35.690840013659241 ], [ -72.375473067532468, -35.691272542390685 ], [ -72.375050429055904, -35.691644801556144 ], [ -72.374489220056887, -35.692196790103267 ], [ -72.374219767692466, -35.692740515329561 ], [ -72.37379930313891, -35.693166819281593 ], [ -72.373084699618587, -35.693547337778675 ], [ -72.372286814186609, -35.693686872275507 ], [ -72.371411052005996, -35.69371143088199 ], [ -72.370527706247771, -35.693555997727543 ], [ -72.370001859429919, -35.693214697269369 ], [ -72.369630274905902, -35.692883317532527 ], [ -72.369546401902781, -35.692808450992125 ], [ -72.36908858539968, -35.692348232931579 ], [ -72.368766513319187, -35.691640820218986 ], [ -72.36867340293999, -35.691165878176101 ], [ -72.368369044738557, -35.690876978370575 ], [ -72.367926018098331, -35.690767730143548 ], [ -72.367113096665108, -35.690551683945117 ], [ -72.366740739589957, -35.690386341111051 ], [ -72.36621994849051, -35.69016218367927 ], [ -72.365568050970296, -35.690297585831125 ], [ -72.365145367577981, -35.690669811608032 ], [ -72.364865916066123, -35.69097505862068 ], [ -72.364613217281757, -35.691087989526935 ], [ -72.364435659875966, -35.691167296494896 ], [ -72.363856600453929, -35.691300651909181 ], [ -72.363353400164371, -35.69149499968767 ], [ -72.362920396926057, -35.691624191549799 ], [ -72.362475005021679, -35.691456449144496 ], [ -72.361883650358351, -35.691297288514761 ], [ -72.361289740886363, -35.691075079456105 ], [ -72.36069847246128, -35.690911407738952 ], [ -72.360185067310098, -35.690867141301219 ], [ -72.359731010256496, -35.690734179141707 ], [ -72.359075397304267, -35.69054217734152 ], [ -72.358421025823759, -35.690619069899839 ], [ -72.35821011846302, -35.690662830867666 ], [ -72.357769106743973, -35.690754431148562 ], [ -72.357328825355225, -35.69070811082215 ], [ -72.357226290750376, -35.690610870734844 ], [ -72.357024420441419, -35.690419255323022 ], [ -72.356355136927192, -35.690140584685551 ], [ -72.355698310351016, -35.690158916543659 ], [ -72.355119327285777, -35.6902921539902 ], [ -72.354004592578363, -35.689845699906414 ], [ -72.353948694909803, -35.689824742875118 ], [ -72.353483832919935, -35.689621409626945 ], [ -72.352817203927387, -35.689405688645415 ], [ -72.352077453867324, -35.689187573243366 ], [ -72.351407999673185, -35.688904228078684 ], [ -72.350986851501688, -35.688683500029278 ], [ -72.350436733103166, -35.688395199730195 ], [ -72.349981492968311, -35.687993300040496 ], [ -72.349302271392105, -35.687476125491294 ], [ -72.348842048302373, -35.68695270052816 ], [ -72.34876550914521, -35.68681028827293 ], [ -72.348525071466156, -35.686362240885657 ], [ -72.347830998043364, -35.685489428667111 ], [ -72.347456159821391, -35.685261123323855 ], [ -72.346781865504497, -35.684860804308975 ], [ -72.346042168445038, -35.684642574329402 ], [ -72.345229545252508, -35.684430871197186 ], [ -72.344492393120248, -35.684271174848867 ], [ -72.343236815152693, -35.683950118312147 ], [ -72.34227316360132, -35.683616430852993 ], [ -72.341382554964028, -35.683285284133511 ], [ -72.340270514304137, -35.682897088779534 ], [ -72.339450504265017, -35.682505351192219 ], [ -72.338927113441144, -35.682218025294631 ], [ -72.338401471439155, -35.681876647866503 ], [ -72.337659293232903, -35.681599891971736 ], [ -72.336990143567647, -35.681321106612451 ], [ -72.336854992033139, -35.681252288470972 ], [ -72.336318371720083, -35.680979270755607 ], [ -72.336109640078988, -35.680794894740878 ], [ -72.335863332807861, -35.680577308167159 ], [ -72.33504065028076, -35.680122494396102 ], [ -72.334497696844949, -35.6793625636098 ], [ -72.334190981464232, -35.679015170731503 ], [ -72.333806275248861, -35.678548204335911 ], [ -72.333059173376512, -35.67814989700792 ], [ -72.332611385665274, -35.677923490527029 ], [ -72.332007720489287, -35.677462586767895 ], [ -72.331888929072747, -35.677395303535341 ], [ -72.331409031081662, -35.677123273794024 ], [ -72.330725048434431, -35.676484312682405 ], [ -72.33004866553452, -35.676029989310052 ], [ -72.329666432381117, -35.675621555355669 ], [ -72.329196287399085, -35.675294249608974 ], [ -72.328763696487513, -35.674993141497652 ], [ -72.32788052949401, -35.674837381435943 ], [ -72.327060470945852, -35.674441053617024 ], [ -72.326097271247093, -35.674111722368281 ], [ -72.325138576599471, -35.673899414796303 ], [ -72.324474390126156, -35.673737574535437 ], [ -72.323898257415323, -35.673933699704449 ], [ -72.323839906447731, -35.674291284391067 ], [ -72.323547976438277, -35.674503397539503 ], [ -72.323414392463945, -35.674600401121239 ], [ -72.323328116467437, -35.674562034335658 ], [ -72.323263870754943, -35.67453346866975 ], [ -72.323095117737225, -35.674637644090325 ], [ -72.323104974950851, -35.674694216357643 ], [ -72.323174524316784, -35.675092560636301 ], [ -72.323272866484189, -35.675916508035499 ], [ -72.323359246685285, -35.677099564578604 ], [ -72.323768684418738, -35.678033105873801 ], [ -72.323680064717649, -35.678801463502985 ], [ -72.324000898919678, -35.680503360425796 ], [ -72.325088483844283, -35.681862930016329 ], [ -72.325576197178322, -35.682335933993308 ], [ -72.326048633762653, -35.683270823001905 ], [ -72.326582182735777, -35.684258500811374 ], [ -72.327114072520558, -35.685297379949617 ], [ -72.327336522334363, -35.686175470249367 ], [ -72.327826035892244, -35.686597181248537 ], [ -72.328936062529266, -35.687289474932214 ], [ -72.329289519949157, -35.688016288805798 ], [ -72.329144848069276, -35.688578022348885 ], [ -72.329042677282146, -35.689756914840878 ], [ -72.329343376645397, -35.690174470822086 ], [ -72.32996224670589, -35.690496326750363 ], [ -72.331313709050235, -35.691502075930813 ], [ -72.331915326965685, -35.692337168165388 ], [ -72.332683554518567, -35.693843556376109 ], [ -72.332768455194383, -35.695078020565617 ], [ -72.334060493084365, -35.695979669605229 ], [ -72.33479149894346, -35.696714893916699 ], [ -72.333187882193798, -35.697603811678604 ], [ -72.33171180375659, -35.698444141453919 ], [ -72.330735562316519, -35.699398175223507 ], [ -72.330224243053436, -35.700159493074992 ], [ -72.330241566165384, -35.701319130064249 ], [ -72.330691894312253, -35.702396787470683 ], [ -72.331582532593941, -35.703728299696699 ], [ -72.331832305565442, -35.704648953414726 ], [ -72.331891326676242, -35.706526386208466 ], [ -72.332207177025069, -35.70827223726905 ], [ -72.332797758238939, -35.710191998693617 ], [ -72.333097168519771, -35.710747698460438 ], [ -72.333567804880275, -35.711215747707655 ], [ -72.334242571711002, -35.711734016307219 ], [ -72.334920306575427, -35.712377475513591 ], [ -72.335180360765335, -35.712776798646011 ], [ -72.335685462788348, -35.713337046341429 ], [ -72.337122663936668, -35.714268803248267 ], [ -72.337954026884361, -35.715141403333789 ], [ -72.338878906249747, -35.716015976266483 ], [ -72.339345414851493, -35.717170289546907 ], [ -72.339468592741596, -35.717473155171938 ], [ -72.339708586652904, -35.718063042396786 ], [ -72.340199981282979, -35.718921889459317 ], [ -72.340415611087138, -35.719298885629357 ], [ -72.341138486294597, -35.720062265575486 ], [ -72.341267627201532, -35.721239530058526 ], [ -72.342104487838753, -35.722234194019762 ], [ -72.342188783948373, -35.72242939698539 ], [ -72.342417111439076, -35.722958034731718 ], [ -72.342692829552604, -35.724230140875292 ], [ -72.342653405189736, -35.724854661889971 ], [ -72.342519382837537, -35.725507503729752 ], [ -72.34156604843723, -35.726615129902193 ], [ -72.340623530651229, -35.727951812668039 ], [ -72.340481039880871, -35.728863854240601 ], [ -72.340179347879214, -35.729497804425193 ], [ -72.340239317610951, -35.730505797654011 ], [ -72.339861556271046, -35.731260787723514 ], [ -72.34021431210671, -35.731521172402296 ], [ -72.340667122298726, -35.731803431982321 ], [ -72.341448020588672, -35.732260383643435 ], [ -72.341448762597096, -35.732260806586247 ], [ -72.341529365732598, -35.732276503597305 ], [ -72.342116015020466, -35.732318807340242 ], [ -72.342715279349861, -35.732662612926227 ], [ -72.343019714806402, -35.732951425476543 ], [ -72.343180642599663, -35.733302917040191 ], [ -72.342979214261817, -35.733727605474023 ], [ -72.342772515508187, -35.734030707854835 ], [ -72.342572205572878, -35.734205183015888 ], [ -72.342419762367498, -35.734337872873326 ], [ -72.341994023804887, -35.734647065313425 ], [ -72.34156103493963, -35.734780835821439 ], [ -72.341346891847252, -35.734903944653993 ], [ -72.341291412793623, -35.735324498828348 ], [ -72.341376817424305, -35.735619478617622 ], [ -72.34141046382328, -35.735755039816041 ], [ -72.341464671760789, -35.735973003748903 ], [ -72.341338563566254, -35.736454062752841 ], [ -72.341439032045955, -35.737109168376847 ], [ -72.341675484798401, -35.737517102937197 ], [ -72.341836697357607, -35.737873090768225 ], [ -72.34189060076622, -35.738090251933308 ], [ -72.341924466354115, -35.738226618289879 ], [ -72.341977077087051, -35.738237557833735 ], [ -72.342440715571499, -35.738333845150514 ], [ -72.342747806448003, -35.738681272720264 ], [ -72.342976836421272, -35.738913714684443 ], [ -72.343208317896924, -35.73920470294523 ], [ -72.343512871931068, -35.739493509268222 ], [ -72.34436101989985, -35.740542316244252 ], [ -72.344529327353158, -35.741073798424495 ], [ -72.344573079799076, -35.741184494297293 ], [ -72.344693012076036, -35.741488328044618 ], [ -72.34463490994176, -35.741845838030166 ], [ -72.344496381640113, -35.742029966417057 ], [ -72.344285799469517, -35.742078421683829 ], [ -72.344206696520544, -35.742096642437247 ], [ -72.343982738435386, -35.741985645975852 ], [ -72.343836670573552, -35.741989710105798 ], [ -72.343700587486097, -35.742232309267528 ], [ -72.343569494540063, -35.742591923789874 ], [ -72.343511207352861, -35.742949513396766 ], [ -72.343010083069927, -35.743202266887728 ], [ -72.342284908175358, -35.743344096461499 ], [ -72.341851593221634, -35.743473301988764 ], [ -72.341501521552061, -35.74384343335953 ], [ -72.341670003278551, -35.744374989014247 ], [ -72.341796719632512, -35.744886518683685 ], [ -72.341850751500232, -35.745104413144404 ], [ -72.341933885189889, -35.745439983125145 ], [ -72.342089760857988, -35.745674460658599 ], [ -72.34268902878064, -35.746013686059918 ], [ -72.342940498669705, -35.74678167074245 ], [ -72.342970453891169, -35.747497274399372 ], [ -72.342992873145718, -35.74803281698378 ], [ -72.343061799080829, -35.748684219939484 ], [ -72.342803755320517, -35.748754516005249 ], [ -72.342226746752289, -35.748828663633205 ], [ -72.342221885069961, -35.748829315412877 ], [ -72.34171554157524, -35.748960478308632 ], [ -72.34151771099009, -35.749134514668938 ], [ -72.341344773619809, -35.7492866709567 ], [ -72.341292365007803, -35.749332717381556 ], [ -72.341450967961123, -35.749625733695041 ], [ -72.34182601728719, -35.749854043523804 ], [ -72.342455016750819, -35.750264565782274 ], [ -72.342503312875422, -35.750312830129737 ], [ -72.343402235420697, -35.750823987739565 ], [ -72.344081906154543, -35.751341240461358 ], [ -72.344837306663479, -35.751914994906791 ], [ -72.34536091847292, -35.75219784487934 ], [ -72.346035891017834, -35.752598061937469 ], [ -72.346768594692804, -35.75263619725289 ], [ -72.347549357337158, -35.752727616226856 ], [ -72.347577022752972, -35.752730832682111 ], [ -72.348241918895354, -35.752892578222294 ], [ -72.348697644120435, -35.753298888573525 ], [ -72.349364998951756, -35.753519100150029 ], [ -72.349954351270313, -35.753619825459509 ], [ -72.350424680406988, -35.753579693839193 ], [ -72.350762799991728, -35.753718941704847 ], [ -72.351948886085538, -35.754100365940694 ], [ -72.352628638566088, -35.754617565291205 ], [ -72.353016214898787, -35.755142840082954 ], [ -72.352960796032278, -35.755563470324503 ], [ -72.352832281251111, -35.755986065898696 ], [ -72.353066310348922, -35.756335574971061 ], [ -72.3536708091615, -35.756796253840264 ], [ -72.35441612518305, -35.757131414408406 ], [ -72.35454950883306, -35.757266695495751 ], [ -72.354645242292904, -35.757363755114767 ], [ -72.35489409628785, -35.757266228217816 ], [ -72.355529374077008, -35.757017280949512 ], [ -72.355796495313257, -35.756912671529328 ], [ -72.356456426467048, -35.756957281814209 ], [ -72.35690473609948, -35.757183568821283 ], [ -72.3570732609451, -35.757715023721886 ], [ -72.357237799965802, -35.757998771588611 ], [ -72.357309769393098, -35.758122920484325 ], [ -72.357610075294275, -35.758314142033711 ], [ -72.358211522529814, -35.758697000724403 ], [ -72.358732752007114, -35.758916738841606 ], [ -72.359162002084162, -35.759053413593058 ], [ -72.359236684423621, -35.7590783442391 ], [ -72.359707435768499, -35.759488767156633 ], [ -72.360163156502011, -35.759890527928071 ], [ -72.360243647348113, -35.760068474566829 ], [ -72.36041749830504, -35.760721431539558 ], [ -72.360505471219128, -35.76107493558483 ], [ -72.36016536635762, -35.761679223039032 ], [ -72.359890690289816, -35.762105912651379 ], [ -72.359618655268946, -35.76259106851839 ], [ -72.359507508515478, -35.76342776367261 ], [ -72.359992836822457, -35.764254717504606 ], [ -72.36005917650786, -35.764367505932903 ], [ -72.360293173266356, -35.764717000783065 ], [ -72.360524968254055, -35.764842066372985 ], [ -72.360817009654596, -35.764999698827111 ], [ -72.361424085733731, -35.76551887628699 ], [ -72.361497184343335, -35.766084514226307 ], [ -72.361819271695182, -35.766224177547819 ], [ -72.361992872920482, -35.766872634822263 ], [ -72.362234647292695, -35.767402030027412 ], [ -72.362546882820823, -35.767870912567055 ], [ -72.362708168143556, -35.768226865956997 ], [ -72.36257640235938, -35.768960495013211 ], [ -72.362667866126657, -35.76900296585363 ], [ -72.362768292385525, -35.769653543348781 ], [ -72.362715471446819, -35.7701325686186 ], [ -72.362433201021602, -35.770379280240924 ], [ -72.361957205312137, -35.770342994537558 ], [ -72.361707635359906, -35.770516739233038 ], [ -72.361430660503274, -35.770884957665878 ], [ -72.361382583567604, -35.77148107741899 ], [ -72.361573738771853, -35.772548051269737 ], [ -72.361817995189185, -35.773135917593201 ], [ -72.362054770436828, -35.773548298512154 ], [ -72.362500726483205, -35.773716086749374 ], [ -72.36302700539072, -35.774057245719987 ], [ -72.363410007501997, -35.77446560311931 ], [ -72.363644229737602, -35.77481500986778 ], [ -72.363888052268663, -35.775411372009138 ], [ -72.363902894233789, -35.775447570857203 ], [ -72.363987010680347, -35.775485300930775 ], [ -72.364933887990418, -35.775909751910476 ], [ -72.365470448116355, -35.776493998179014 ], [ -72.365464086247513, -35.77656223922169 ], [ -72.365420115510986, -35.777031642779313 ], [ -72.365072210577864, -35.777455818035563 ], [ -72.364790104544355, -35.777702530988449 ], [ -72.364296167682014, -35.778135446706429 ], [ -72.364245825195169, -35.778673016802749 ], [ -72.364618794921356, -35.778842840654384 ], [ -72.364711783129678, -35.778869616211317 ], [ -72.364988832546459, -35.778949555114806 ], [ -72.365077223177153, -35.779307546145226 ], [ -72.36532144186522, -35.779895477641688 ], [ -72.365432059511008, -35.780784427760011 ], [ -72.365817577803398, -35.781251320579685 ], [ -72.366349051668209, -35.781713972925587 ], [ -72.366739605916067, -35.782297800505802 ], [ -72.366683977742099, -35.782718365862131 ], [ -72.366323796432312, -35.782845614165687 ], [ -72.365897328437683, -35.783010078645226 ], [ -72.365819769692678, -35.783039934667791 ], [ -72.365618270387927, -35.783464660862137 ], [ -72.365751435747342, -35.783687632479037 ], [ -72.365933243981061, -35.783991994780784 ], [ -72.366252979543503, -35.784636347971258 ], [ -72.366716487772223, -35.785218130414663 ], [ -72.366804714011224, -35.785576123094337 ], [ -72.366968339445279, -35.785986039817409 ], [ -72.367497474097092, -35.78639021214596 ], [ -72.368245878526608, -35.786788233546183 ], [ -72.368954656472297, -35.787277495224025 ], [ -72.36907464444478, -35.787359761907268 ], [ -72.369452516277477, -35.787646511212273 ], [ -72.369686808581676, -35.787995900840279 ], [ -72.370145415602224, -35.78846065265644 ], [ -72.370901370371683, -35.789038640501147 ], [ -72.371296856370464, -35.789739464516749 ], [ -72.371017113804456, -35.790044740001477 ], [ -72.370659297758806, -35.790234978323554 ], [ -72.370145428178631, -35.790190784563222 ], [ -72.369497869521226, -35.790447762967332 ], [ -72.368923246878381, -35.79070269150273 ], [ -72.368648523199866, -35.79112489999352 ], [ -72.368444639766366, -35.791491083997947 ], [ -72.36868389256756, -35.791961992265996 ], [ -72.368774418493686, -35.792373955651705 ], [ -72.369681601047972, -35.793064935277179 ], [ -72.370419905718748, -35.793224414297207 ], [ -72.371140607003213, -35.792965377676317 ], [ -72.372012317781866, -35.792819250774819 ], [ -72.372957339172544, -35.792675560966266 ], [ -72.373766103202627, -35.792769997926683 ], [ -72.374363388543458, -35.793050567664011 ], [ -72.374806915545321, -35.793159835198608 ], [ -72.375038675498729, -35.793450597388897 ], [ -72.375124375675142, -35.793745610907294 ], [ -72.375068970283365, -35.794166172524477 ], [ -72.375013283718914, -35.794582239117219 ], [ -72.375028616164187, -35.794942273520313 ], [ -72.375116798385733, -35.795295830920502 ], [ -72.375782184109937, -35.795457251641018 ], [ -72.376157466099656, -35.795685585123515 ], [ -72.376671641107052, -35.795729668719325 ], [ -72.376754690355042, -35.795966142380244 ], [ -72.376845354621736, -35.796378094478854 ], [ -72.376855459770368, -35.796616619466882 ], [ -72.376502959056253, -35.79692838165959 ], [ -72.376362386189015, -35.796957506749294 ], [ -72.375850224306191, -35.797063884312905 ], [ -72.375273100753589, -35.797260301254525 ], [ -72.374922698503966, -35.797626110165623 ], [ -72.374864339451548, -35.797914912080522 ], [ -72.374801776283576, -35.798224280075409 ], [ -72.374693524800279, -35.799123869670346 ], [ -72.3746481176576, -35.799778529986312 ], [ -72.375290781394995, -35.800429576215777 ], [ -72.375336223571978, -35.80047554421887 ], [ -72.375698385666979, -35.800710226736676 ], [ -72.37586274592293, -35.800816779964229 ], [ -72.3760972951453, -35.801170577154735 ], [ -72.376044461630187, -35.801649679907982 ], [ -72.375794813524521, -35.801977004340202 ], [ -72.376260068976464, -35.802140208143413 ], [ -72.377302630339017, -35.802506051413204 ], [ -72.378088299581449, -35.802910412932192 ], [ -72.37869016812688, -35.803382392261121 ], [ -72.378850539862967, -35.803751557856579 ], [ -72.379050356623196, -35.804300842475925 ], [ -72.379126167246653, -35.804372603316921 ], [ -72.379701871461094, -35.804917361557123 ], [ -72.380269405498041, -35.805331315900986 ], [ -72.38077916169253, -35.805844263271119 ], [ -72.380964125707848, -35.806292901905167 ], [ -72.381275110781118, -35.807052465641455 ], [ -72.381785759002682, -35.807536889011075 ], [ -72.382176995071859, -35.80778918594212 ], [ -72.382779797865169, -35.808232547879925 ], [ -72.38316729873938, -35.808599442744274 ], [ -72.383585342333262, -35.809139172977382 ], [ -72.383698548025365, -35.809348659316825 ], [ -72.384004833113067, -35.809915529104032 ], [ -72.384223542342028, -35.81099577518021 ], [ -72.384421116008994, -35.81161671664384 ], [ -72.384798204510744, -35.812298962001954 ], [ -72.385597283803733, -35.813126545360682 ], [ -72.386545999965193, -35.813548764351658 ], [ -72.387267108186492, -35.813707806694481 ], [ -72.388097168577005, -35.813869232252337 ], [ -72.388611409161399, -35.813973717932505 ], [ -72.389150527689267, -35.814143126157447 ], [ -72.389542390782495, -35.814381133044847 ], [ -72.389808107951964, -35.814802525852471 ], [ -72.389924959905827, -35.815450613082156 ], [ -72.390127151811654, -35.816487462100739 ], [ -72.390216789303963, -35.817077335148866 ], [ -72.39078518123199, -35.817742199182454 ], [ -72.3910954225002, -35.818250913646459 ], [ -72.390875665835608, -35.818862738311459 ], [ -72.390681034151214, -35.81925999609345 ], [ -72.390649312841887, -35.819675168603467 ], [ -72.390953919876651, -35.820355821626066 ], [ -72.391138445514102, -35.821098405202513 ], [ -72.391124588102528, -35.82152222651284 ], [ -72.391669748698988, -35.821612979931544 ], [ -72.392156970654611, -35.821709575677851 ], [ -72.392554333234003, -35.8217755643117 ], [ -72.392820483391446, -35.821967798915693 ], [ -72.39325002542094, -35.822163535870708 ], [ -72.393918698080782, -35.822264076618325 ], [ -72.394459407525034, -35.822390523734171 ], [ -72.395906635668567, -35.8228449265305 ], [ -72.396432927152489, -35.822856319872308 ], [ -72.396810816053176, -35.822964920728168 ], [ -72.397259767981041, -35.823118090955489 ], [ -72.397544075785305, -35.823310687225167 ], [ -72.397552202843684, -35.823322711274635 ], [ -72.397834716712339, -35.823434968668565 ], [ -72.398243919087179, -35.823572058388862 ], [ -72.398664433048083, -35.823668300674946 ], [ -72.398678297646185, -35.823670345220428 ], [ -72.398859994488802, -35.823590864295006 ], [ -72.399977624466388, -35.823578707721929 ], [ -72.401511913734012, -35.823120528839766 ], [ -72.402468067047693, -35.822577141737547 ], [ -72.403626995273825, -35.821983485510387 ], [ -72.404817463349602, -35.821790871452585 ], [ -72.405757009508648, -35.82175654528519 ], [ -72.408674169816194, -35.822056068747969 ], [ -72.409735824870097, -35.822388374268201 ], [ -72.410055635891041, -35.822547968499947 ], [ -72.410243451159047, -35.822601099009006 ], [ -72.410659240879909, -35.822724449962173 ], [ -72.411071887395536, -35.822856896021982 ], [ -72.41147848196114, -35.822994015147501 ], [ -72.411877789393131, -35.823149351516804 ], [ -72.412273945535105, -35.823309354294899 ], [ -72.412671908189139, -35.823469154990399 ], [ -72.413075545500803, -35.823615432366616 ], [ -72.413484878131356, -35.823757043515442 ], [ -72.413898616100084, -35.823889374954597 ], [ -72.414318740192172, -35.824003585037651 ], [ -72.414747551891352, -35.824081522133532 ], [ -72.415184154678997, -35.824127641058247 ], [ -72.415626055730201, -35.824155670175287 ], [ -72.41606992948175, -35.824178991104013 ], [ -72.416512632728498, -35.824202491204623 ], [ -72.416951499270667, -35.824248540135677 ], [ -72.417388155957227, -35.824312735601929 ], [ -72.417826724258731, -35.824381377699069 ], [ -72.418260454234101, -35.824468167719978 ], [ -72.418681294283459, -35.824577765688026 ], [ -72.419082489075862, -35.824719514965864 ], [ -72.419473269699182, -35.824893153899019 ], [ -72.419850183029467, -35.825094205044429 ], [ -72.420178640334996, -35.825308741245628 ], [ -72.420337960143897, -35.825491628297833 ], [ -72.420740431442326, -35.826173543934154 ], [ -72.421570596935751, -35.828138496724605 ], [ -72.422243337167174, -35.828753499346007 ], [ -72.42294738638121, -35.829059190075725 ], [ -72.424075528444249, -35.830139321343985 ], [ -72.427192518088461, -35.833263340165679 ], [ -72.428532360724603, -35.833983494333651 ], [ -72.430550476316043, -35.834463458750179 ], [ -72.432854756529423, -35.835076789768472 ], [ -72.439435361549982, -35.836836857775616 ], [ -72.441044488565609, -35.836834735646249 ], [ -72.444451422044168, -35.837216618975702 ], [ -72.445268440693397, -35.837525206838485 ], [ -72.44540199771825, -35.838237706387289 ], [ -72.445573816686007, -35.839151222350708 ], [ -72.445879663395843, -35.840067533639264 ], [ -72.446368204078283, -35.840860489196892 ], [ -72.446992013974523, -35.841619808137544 ], [ -72.448089037497795, -35.842953346637188 ], [ -72.448403259201029, -35.844306560837019 ], [ -72.449692122444816, -35.845935377692435 ], [ -72.450787251421161, -35.846633220235454 ], [ -72.450786145595046, -35.846668315504452 ], [ -72.452057728846015, -35.847441311862745 ], [ -72.456485700951248, -35.8480629031612 ], [ -72.456799660346405, -35.848033191724284 ], [ -72.457562830384248, -35.847230509785895 ], [ -72.458196341187218, -35.846989106237814 ], [ -72.45922722445107, -35.846901745942354 ], [ -72.460668929752245, -35.846550076344997 ], [ -72.462296789336477, -35.845965807890181 ], [ -72.463274592048521, -35.845440507784559 ], [ -72.463589015872685, -35.845392606296706 ], [ -72.464156456484844, -35.845823048000682 ], [ -72.464341180649981, -35.845957232240771 ], [ -72.464350264414122, -35.845957634918385 ], [ -72.464726118630693, -35.846131550683225 ], [ -72.465061279164871, -35.84640570534949 ], [ -72.466838264476181, -35.847763126892829 ], [ -72.46663372167923, -35.848002447030623 ], [ -72.466061191212688, -35.848492227959007 ], [ -72.465802273391617, -35.848850856542192 ], [ -72.465681052930535, -35.849123570284242 ], [ -72.465469282288822, -35.849767397272018 ], [ -72.465224813869085, -35.850201859995288 ], [ -72.464792323568801, -35.850707818671879 ], [ -72.464385519695767, -35.851116627423615 ], [ -72.463654016170011, -35.851829414814013 ], [ -72.46340161742296, -35.852157068244288 ], [ -72.462776415138023, -35.852556524977558 ], [ -72.462769545721045, -35.852642425740065 ], [ -72.462722230556722, -35.85323846720388 ], [ -72.462591739481908, -35.853602684325246 ], [ -72.462455867498562, -35.85384540452602 ], [ -72.461867431461599, -35.853915012740636 ], [ -72.461800224003625, -35.853922930786752 ], [ -72.461293558912018, -35.854054693511152 ], [ -72.461273024322935, -35.854278732379079 ], [ -72.461243794041906, -35.854596770725408 ], [ -72.461186271320997, -35.854954379317284 ], [ -72.461274735613557, -35.855307777973984 ], [ -72.460927437941564, -35.855736783235372 ], [ -72.46109445271918, -35.856209568259075 ], [ -72.461198568358924, -35.856918389943061 ], [ -72.461005267977768, -35.857523218289877 ], [ -72.460882128715269, -35.858062908511712 ], [ -72.460835073164048, -35.858659014792607 ], [ -72.460853284709799, -35.859077479430091 ], [ -72.460644218895411, -35.859322235960953 ], [ -72.460220896800919, -35.859690466501299 ], [ -72.459672106112379, -35.859755304545295 ], [ -72.4595651077789, -35.859767910601818 ], [ -72.459212590895106, -35.860075485383405 ], [ -72.459013891639088, -35.860558739888191 ], [ -72.458961371636008, -35.861037855503781 ], [ -72.45884631631273, -35.861757573308097 ], [ -72.458428340990807, -35.862247148417339 ], [ -72.458290997567033, -35.862489981203105 ], [ -72.458156259257549, -35.862728087697775 ], [ -72.457806368149335, -35.863098549788923 ], [ -72.457649160279672, -35.863257949287551 ], [ -72.457385554151131, -35.863525234951929 ], [ -72.456834108042599, -35.864315988894724 ], [ -72.456638024680714, -35.864857849615312 ], [ -72.456727780750626, -35.865193128066593 ], [ -72.456812954514305, -35.8655106021126 ], [ -72.456394861513061, -35.866000246493691 ], [ -72.456371113650221, -35.866002628461345 ], [ -72.455592828559432, -35.86608188417177 ], [ -72.45473069831327, -35.866462658453379 ], [ -72.453508001380058, -35.866975456064857 ], [ -72.45248958403738, -35.867126340651978 ], [ -72.451541259541401, -35.867212307888053 ], [ -72.450749741368156, -35.867532412012814 ], [ -72.450187852344456, -35.868084709431336 ], [ -72.449464338434836, -35.868285699884815 ], [ -72.449521545847091, -35.868329157882066 ], [ -72.449056957843396, -35.869671606467406 ], [ -72.449055922984186, -35.869725080311234 ], [ -72.449035598600872, -35.870866152784274 ], [ -72.448627777834943, -35.871594278508908 ], [ -72.448560193982857, -35.871639920675726 ], [ -72.447987477565022, -35.872027167936579 ], [ -72.44757719272026, -35.872696749939713 ], [ -72.447528543557738, -35.872900852207415 ], [ -72.447391279185695, -35.873477033005393 ], [ -72.446769108714847, -35.874328460040388 ], [ -72.446123703319202, -35.874644338313054 ], [ -72.445117775253934, -35.875092217499166 ], [ -72.444517320656757, -35.875380368512154 ], [ -72.444328687023528, -35.875470822292883 ], [ -72.44414892155875, -35.875654991976887 ], [ -72.443933549571071, -35.875875689899161 ], [ -72.443908020349014, -35.87590188900186 ], [ -72.443894719892924, -35.875919397040732 ], [ -72.443965702970033, -35.875956261957072 ], [ -72.444280436712987, -35.876119666660472 ], [ -72.444434415139213, -35.876183822330965 ], [ -72.445833608567867, -35.876766670712435 ], [ -72.446223024650266, -35.876922314491694 ], [ -72.446947777336675, -35.877212122058978 ], [ -72.44749029598789, -35.877480585678576 ], [ -72.449233834326208, -35.878343307019321 ], [ -72.451192317952447, -35.879317484692464 ], [ -72.453026665186215, -35.880172441650402 ], [ -72.453246447003607, -35.880274850058626 ], [ -72.455249853580582, -35.881259844501415 ], [ -72.456149733729916, -35.881257547422429 ], [ -72.459612386112298, -35.881248615307442 ], [ -72.461972922422049, -35.881172107828831 ], [ -72.462313114420127, -35.881166940851038 ], [ -72.464439127558663, -35.881135168188102 ], [ -72.469440881483607, -35.881118776362555 ], [ -72.470702682979478, -35.880909178905171 ], [ -72.470917480943697, -35.880076726472943 ], [ -72.471453279298274, -35.878916391195908 ], [ -72.472250764979947, -35.877453653394952 ], [ -72.472582272065878, -35.876845399585754 ], [ -72.47365395680994, -35.874707481934202 ], [ -72.47400703424249, -35.873912581401761 ], [ -72.474136848885877, -35.873836481020305 ], [ -72.474317291680364, -35.872939173643424 ], [ -72.474215568254223, -35.872284332766483 ], [ -72.474132032119329, -35.872207398071183 ], [ -72.473528809812777, -35.871650932851821 ], [ -72.473215215133592, -35.871182411741451 ], [ -72.473330325254111, -35.870462681981053 ], [ -72.473155444827853, -35.869814460270469 ], [ -72.47349504663282, -35.86920545334084 ], [ -72.473753694061003, -35.868422956695326 ], [ -72.474022946999412, -35.867879099511455 ], [ -72.474438289359242, -35.867330938458593 ], [ -72.475086155240476, -35.867073304023634 ], [ -72.475804465209634, -35.86675516212987 ], [ -72.476547895667409, -35.866007853211038 ], [ -72.476602975869056, -35.865952591837953 ], [ -72.476861495736472, -35.865170167175165 ], [ -72.477274336288218, -35.864563457788108 ], [ -72.477616553987275, -35.864017478195393 ], [ -72.47803203019609, -35.863469227823067 ], [ -72.478222647309479, -35.862805842604743 ], [ -72.478345495517843, -35.862266220347315 ], [ -72.478457814572764, -35.861488029896137 ], [ -72.478366419077446, -35.861071617925667 ], [ -72.478638190891928, -35.860590718828618 ], [ -72.479131940904679, -35.860157343207746 ], [ -72.479398388404476, -35.859554872709268 ], [ -72.479808336381012, -35.858885199319154 ], [ -72.480148043288878, -35.858280675498392 ], [ -72.480265462079629, -35.857619484190074 ], [ -72.480605158207695, -35.857014885919064 ], [ -72.481096135121192, -35.856523046224069 ], [ -72.481511376869705, -35.85597493913891 ], [ -72.481911138849227, -35.855071258987032 ], [ -72.482177442618578, -35.854464282995018 ], [ -72.4825955122636, -35.853979056787423 ], [ -72.483169893259628, -35.853723588001074 ], [ -72.483444159695651, -35.853296640383583 ], [ -72.483266576238719, -35.852585398123061 ], [ -72.483071993961659, -35.852078089127467 ], [ -72.483018678051224, -35.851939309920922 ], [ -72.482773055296349, -35.851347189809871 ], [ -72.482606125858666, -35.850879011757108 ], [ -72.482582683423018, -35.85034355694328 ], [ -72.48292469720451, -35.849792919832041 ], [ -72.483559301257202, -35.849238366605462 ], [ -72.483979900558069, -35.848811673715666 ], [ -72.484324568861226, -35.848324069737096 ], [ -72.485643429547281, -35.846677368023535 ], [ -72.48641377442928, -35.845879985818925 ], [ -72.486902000701363, -35.845329741511932 ], [ -72.487397995604027, -35.844954807653984 ], [ -72.487826156922949, -35.844703641012913 ], [ -72.488077411216338, -35.844485074327991 ], [ -72.488249453864611, -35.844335391839046 ], [ -72.489050990948229, -35.842581965357645 ], [ -72.489672473309554, -35.841730428124016 ], [ -72.489868287176876, -35.841188600116574 ], [ -72.490069516987035, -35.840768265672232 ], [ -72.490175079812701, -35.840599623556919 ], [ -72.490411457106674, -35.840222114192827 ], [ -72.491053632160572, -35.839842988556441 ], [ -72.49161760437741, -35.839349060105519 ], [ -72.49197017785508, -35.839041468277372 ], [ -72.49294902530778, -35.837999181155197 ], [ -72.493576029613152, -35.837531239634053 ], [ -72.493941358269524, -35.837258481661607 ], [ -72.494856076790754, -35.836879079690462 ], [ -72.494875930456828, -35.836870824218046 ], [ -72.494884696217369, -35.836868133324188 ], [ -72.495742674450284, -35.83660678628739 ], [ -72.495991141271347, -35.836563158694418 ], [ -72.496541776201184, -35.83646636327785 ], [ -72.497559871048651, -35.836315125391863 ], [ -72.498729514379505, -35.836281037820648 ], [ -72.499609583083569, -35.836318422214951 ], [ -72.500559854228783, -35.83629071200113 ], [ -72.501434288699386, -35.8362020938713 ], [ -72.502241206691551, -35.836241665991338 ], [ -72.503121075071306, -35.8362745264644 ], [ -72.503852063862411, -35.836253190681226 ], [ -72.504726694165726, -35.836169119759795 ], [ -72.505444581028399, -35.835846245403225 ], [ -72.505713336300161, -35.835302263773762 ], [ -72.507663396423993, -35.834709162271494 ], [ -72.508592708076989, -35.834204480888872 ], [ -72.509303023040147, -35.833710624389525 ], [ -72.510472524437162, -35.833676427185303 ], [ -72.511273943841488, -35.833589873002161 ], [ -72.512075288685622, -35.83350781951733 ], [ -72.51272524674313, -35.833308687598453 ], [ -72.513446050435547, -35.833053223597979 ], [ -72.513921399358026, -35.832839414045033 ], [ -72.514163692956458, -35.832730379530418 ], [ -72.514659588146117, -35.832359916837021 ], [ -72.514931124602001, -35.831874446139935 ], [ -72.515781945058734, -35.83125478835079 ], [ -72.516567626877588, -35.830812716623917 ], [ -72.517426562714604, -35.830373144187227 ], [ -72.517697710199954, -35.829887605254513 ], [ -72.518044767123442, -35.829458451420635 ], [ -72.518407638887524, -35.82938920556618 ], [ -72.518749428988514, -35.828843057324555 ], [ -72.518950274319735, -35.828418112689405 ], [ -72.51893456458204, -35.828062703456567 ], [ -72.519706979182459, -35.827323668685779 ], [ -72.520573527343188, -35.827059534890431 ], [ -72.520834388220237, -35.826339996705038 ], [ -72.520820769760519, -35.826029998223177 ], [ -72.520815974553543, -35.825921554515219 ], [ -72.521666776145665, -35.825301858254292 ], [ -72.522619480826961, -35.825332442038729 ], [ -72.523066024371545, -35.825499597981505 ], [ -72.523257801209979, -35.825630308108636 ], [ -72.523617552226753, -35.82559553711922 ], [ -72.523971938504644, -35.82546208248408 ], [ -72.524328937083396, -35.825244325163688 ], [ -72.524772047266964, -35.825225336831032 ], [ -72.52526593921354, -35.825348132338647 ], [ -72.525690074283361, -35.825342762151394 ], [ -72.526287871663911, -35.825087662907364 ], [ -72.527007153610228, -35.824483381839102 ], [ -72.527300838029419, -35.823874035441619 ], [ -72.527302666101036, -35.823870290881061 ], [ -72.527247714358467, -35.823264100935681 ], [ -72.527209756046148, -35.823115146847748 ], [ -72.527099845374494, -35.822684115039557 ], [ -72.526669039415381, -35.822309382991484 ], [ -72.526047097116617, -35.822155881243951 ], [ -72.525734167190777, -35.822142336872197 ], [ -72.525570571401119, -35.822068674241606 ], [ -72.524987082386417, -35.82126865991755 ], [ -72.524950530835824, -35.821255781148366 ], [ -72.52473178118268, -35.821178939700182 ], [ -72.524400207621412, -35.821172065819887 ], [ -72.524142765732336, -35.821152753833196 ], [ -72.523888304453394, -35.821034883090014 ], [ -72.52379076627814, -35.820803083180515 ], [ -72.523751049064501, -35.820708435532346 ], [ -72.523672027862204, -35.820284684902823 ], [ -72.523761068873171, -35.819793997038786 ], [ -72.524357940988978, -35.818378022006677 ], [ -72.524373376740513, -35.818304934250939 ], [ -72.524487725987967, -35.817761608879806 ], [ -72.524559369326809, -35.817312103372167 ], [ -72.524579280485099, -35.817186547053758 ], [ -72.524408183762816, -35.816760850908295 ], [ -72.523730499204063, -35.815784736045472 ], [ -72.523526069594837, -35.815490376933937 ], [ -72.52253031674681, -35.814621027379118 ], [ -72.522287865943198, -35.814409421292368 ], [ -72.521930644582255, -35.814043214714559 ], [ -72.52194949303356, -35.813438546528189 ], [ -72.522125637389422, -35.812513476690896 ], [ -72.522394026148532, -35.811590277024116 ], [ -72.522775912552234, -35.811161934871379 ], [ -72.523170142706235, -35.81093083681175 ], [ -72.5237471997835, -35.810745747491218 ], [ -72.523954681868048, -35.810595199282254 ], [ -72.523888398776492, -35.810354656808144 ], [ -72.523618263692455, -35.81015206034192 ], [ -72.523138767248312, -35.809979596288869 ], [ -72.523016659251738, -35.809935641531602 ], [ -72.52211019894294, -35.809452606024095 ], [ -72.521766796366009, -35.809234437620951 ], [ -72.521685655139663, -35.808881020932745 ], [ -72.521787328260146, -35.808573472010437 ], [ -72.522075836586694, -35.808185443509814 ], [ -72.52208722003796, -35.807819791043833 ], [ -72.521929321363857, -35.806972282535028 ], [ -72.521944163328968, -35.806494179375008 ], [ -72.522051155374257, -35.806017950045231 ], [ -72.522241430229528, -35.805824800391484 ], [ -72.522410688100422, -35.805715827848097 ], [ -72.522723780621348, -35.805722217859923 ], [ -72.523182491846455, -35.80578796406482 ], [ -72.52322244172376, -35.805795870886662 ], [ -72.523658684287, -35.805882206219493 ], [ -72.524323327104469, -35.805846606975962 ], [ -72.525067359433464, -35.805622803613986 ], [ -72.52591406201293, -35.805063289900133 ], [ -72.526552076070445, -35.804696507653119 ], [ -72.527035248420731, -35.804565685104272 ], [ -72.527068050403329, -35.804563614567556 ], [ -72.527533848437699, -35.804533691590471 ], [ -72.528657328244421, -35.804556855088094 ], [ -72.529008312602343, -35.804528897734997 ], [ -72.529682756937888, -35.80417689899901 ], [ -72.530066713059995, -35.803678275226957 ], [ -72.530098237638256, -35.803256741789404 ], [ -72.530062075058183, -35.802636787011949 ], [ -72.530061154285008, -35.802073962761654 ], [ -72.529802761978374, -35.801774038973022 ], [ -72.5294563051295, -35.80137203153496 ], [ -72.529193077191678, -35.801167398358871 ], [ -72.529191764753051, -35.801166403118145 ], [ -72.528898417202072, -35.800938443121069 ], [ -72.52847901894873, -35.800796121704032 ], [ -72.527357824456104, -35.800702615942491 ], [ -72.527124078327603, -35.800514974590712 ], [ -72.527098528444284, -35.800148561137156 ], [ -72.527043235341935, -35.799556404967952 ], [ -72.526762086912512, -35.799114455441327 ], [ -72.526345450080356, -35.798880660017396 ], [ -72.525886868212652, -35.798814920481533 ], [ -72.525487680256603, -35.798694878857269 ], [ -72.525485200906402, -35.798694139325256 ], [ -72.525398279919514, -35.798523517805599 ], [ -72.525417548782372, -35.798440867046459 ], [ -72.525440874437038, -35.798341416729116 ], [ -72.525835784615708, -35.798082166549655 ], [ -72.526453192218924, -35.797785305344554 ], [ -72.527433661130701, -35.797066765996838 ], [ -72.527910203015878, -35.796555906282471 ], [ -72.527919793429874, -35.796246480787303 ], [ -72.528045059902965, -35.795770669458015 ], [ -72.528070876585915, -35.795758247776028 ], [ -72.527966916354728, -35.795579344883151 ], [ -72.528028690801875, -35.794796991832001 ], [ -72.528044541575056, -35.794285125111429 ], [ -72.528145988320091, -35.794104320052583 ], [ -72.528892014909047, -35.793991679456624 ], [ -72.529395782035522, -35.793965359296926 ], [ -72.529954853044174, -35.793702526645447 ], [ -72.530253407230532, -35.793342826905487 ], [ -72.530595353638404, -35.793130369164054 ], [ -72.530929975183412, -35.793155519382331 ], [ -72.531180786607365, -35.793563067519159 ], [ -72.531445389865866, -35.794300243003939 ], [ -72.531701329771792, -35.794543249543281 ], [ -72.532336402745059, -35.794922147095292 ], [ -72.532498637587054, -35.795270881025466 ], [ -72.533187486408167, -35.7951376027534 ], [ -72.533926274372561, -35.795082351024007 ], [ -72.535163597675222, -35.794995146347617 ], [ -72.536332622066851, -35.79473071482451 ], [ -72.538464241591058, -35.79432408566629 ], [ -72.539894902105786, -35.793945319333375 ], [ -72.540736091724384, -35.793554390753805 ], [ -72.541130646170203, -35.793309202519723 ], [ -72.541589503820703, -35.792769876969551 ], [ -72.541605984312895, -35.792235404292818 ], [ -72.541657800036816, -35.791717234861324 ], [ -72.541248250013936, -35.791322806445592 ], [ -72.540161036093565, -35.789784197754727 ], [ -72.538716724779761, -35.788327037962681 ], [ -72.538537836070702, -35.788109530765411 ], [ -72.538293131394042, -35.78789713700376 ], [ -72.538165708964257, -35.787798138402152 ], [ -72.538071402927429, -35.787706358216944 ], [ -72.536930440108648, -35.786452533356176 ], [ -72.536308370249131, -35.786004110602228 ], [ -72.535844000536031, -35.785669443343735 ], [ -72.534091296686881, -35.784255330311105 ], [ -72.532955686030562, -35.783483624929701 ], [ -72.532446873965426, -35.783036646563318 ], [ -72.53136141086155, -35.782228534656682 ], [ -72.530284308377986, -35.781676308481053 ], [ -72.530142237120884, -35.781581571206964 ], [ -72.529532308890722, -35.78117445937324 ], [ -72.529121990808292, -35.780717042999648 ], [ -72.528875056513101, -35.780250469159434 ], [ -72.528900696227936, -35.779951644339206 ], [ -72.529091046541694, -35.779606272815087 ], [ -72.529187769046658, -35.779505401857172 ], [ -72.52952823772587, -35.779150229918443 ], [ -72.529719781002328, -35.779110276610865 ], [ -72.530753087920814, -35.779318703049007 ], [ -72.53151242394901, -35.779949656241392 ], [ -72.532115385744135, -35.780350834862368 ], [ -72.532715391183643, -35.78068920552105 ], [ -72.533086033374929, -35.780806816943276 ], [ -72.533234881522574, -35.780854110264343 ], [ -72.534257374521673, -35.78082395316892 ], [ -72.53475832632806, -35.780570487653257 ], [ -72.534961777671924, -35.780208556735538 ], [ -72.534853099488856, -35.780109001977806 ], [ -72.534580417680985, -35.779859334019271 ], [ -72.534494339313824, -35.7795645342296 ], [ -72.534848901661519, -35.779315303287163 ], [ -72.535457662980122, -35.779297384754528 ], [ -72.535506244768996, -35.779295954886479 ], [ -72.535565982735392, -35.779274413578918 ], [ -72.53622638640303, -35.779036031123859 ], [ -72.536798493763087, -35.778781940440176 ], [ -72.536910695138715, -35.77873213157465 ], [ -72.536943562698312, -35.778717507752866 ], [ -72.537736608905874, -35.778455354921292 ], [ -72.537800063202582, -35.778470684987276 ], [ -72.538402019782907, -35.778616013283127 ], [ -72.538853510349753, -35.778900044427147 ], [ -72.539137554947644, -35.778711488707728 ], [ -72.539554900550542, -35.778226101029198 ], [ -72.539312030233702, -35.777697129156259 ], [ -72.539001347892693, -35.777287300873553 ], [ -72.53911561359682, -35.776567544928582 ], [ -72.539276639306451, -35.776078933751904 ], [ -72.539373474100813, -35.77578502148657 ], [ -72.539360387443764, -35.775488075532458 ], [ -72.53978800707857, -35.775236603085816 ], [ -72.540072130728205, -35.775048117390966 ], [ -72.540400473049402, -35.774204904127267 ], [ -72.54083607331718, -35.774133453488695 ], [ -72.541193279406755, -35.773942737145887 ], [ -72.541545286945791, -35.773634952400286 ], [ -72.542200074346269, -35.77355710792272 ], [ -72.542781857460255, -35.773481413429707 ], [ -72.543147139404226, -35.773470638344797 ], [ -72.543825795940137, -35.77392813503694 ], [ -72.544185414904561, -35.773795949205152 ], [ -72.544629185349862, -35.773904429835611 ], [ -72.54484661807281, -35.774066388148924 ], [ -72.544855988399547, -35.774073419888829 ], [ -72.54486951702772, -35.77406394074179 ], [ -72.545175130175579, -35.773847792414422 ], [ -72.545417420180755, -35.773678392277915 ], [ -72.546152355270891, -35.773620674565421 ], [ -72.547764594948958, -35.773690211751308 ], [ -72.54851619378762, -35.774145601595876 ], [ -72.548670372538155, -35.774546961827646 ], [ -72.54876440728377, -35.774791541798081 ], [ -72.548881378713546, -35.77489201861367 ], [ -72.549259425717722, -35.775216860130691 ], [ -72.549372817361075, -35.775314194477261 ], [ -72.549667353383199, -35.775443674606066 ], [ -72.550640854063332, -35.775871453564754 ], [ -72.551887940256506, -35.77595172782074 ], [ -72.552980929445837, -35.775860791040799 ], [ -72.55385751358493, -35.775834857706798 ], [ -72.554579890227387, -35.775633296313778 ], [ -72.555137717069357, -35.775022124757484 ], [ -72.555914714874376, -35.77440431400354 ], [ -72.556699440885765, -35.773962099239391 ], [ -72.557259937520755, -35.773409375429047 ], [ -72.557757971599102, -35.773097294307533 ], [ -72.558321061670341, -35.772603024212238 ], [ -72.558746086970601, -35.772293100951849 ], [ -72.559087469236459, -35.771746860323908 ], [ -72.559347635715781, -35.771022767092902 ], [ -72.559697039038809, -35.770656472759825 ], [ -72.559970453871927, -35.77022946385258 ], [ -72.559998137254055, -35.770159698421367 ], [ -72.560233417705049, -35.769568324640552 ], [ -72.560388228869542, -35.769138481131094 ], [ -72.560428605446617, -35.76902641376541 ], [ -72.560809731875594, -35.768595988597262 ], [ -72.561015265514285, -35.768310355008907 ], [ -72.561024538822949, -35.768224876837138 ], [ -72.561056784748388, -35.767927642440071 ], [ -72.561148052682952, -35.76735271478109 ], [ -72.56127021637505, -35.766157112827031 ], [ -72.561498518712938, -35.764719864687983 ], [ -72.56169397864403, -35.763855737014765 ], [ -72.562010547645102, -35.763083461883141 ], [ -72.562489641644021, -35.762020255782431 ], [ -72.56265777482416, -35.761497818977134 ], [ -72.562856120143962, -35.761055758422465 ], [ -72.562982505917901, -35.759955325769674 ], [ -72.562953983509317, -35.759740406760251 ], [ -72.562894319204773, -35.75929042280557 ], [ -72.562860214665008, -35.75852847224229 ], [ -72.563014231718796, -35.75804705311468 ], [ -72.563041480316301, -35.757590357343055 ], [ -72.563129329262892, -35.757038708003513 ], [ -72.563270365660813, -35.756491755365992 ], [ -72.56379683411285, -35.755949625643552 ], [ -72.563920263531202, -35.75582252311019 ], [ -72.564232673332498, -35.755500814349993 ], [ -72.564276118554602, -35.755406184401835 ], [ -72.564345623004755, -35.755282017416221 ] ] ] } },
{ "type": "Feature", "properties": { "capa": "colegios", "popup": "<strong>ESCUELA ANTONIETA LEON VERDUGO</strong><br><br><strong>Dirección:</strong> QUIRIMAVIDA 0", "etiqueta": "" }, "geometry": { "type": "Point", "coordinates": [ -72.438423, -35.778759 ] } },
{ "type": "Feature", "properties": { "capa": "colegios", "popup": "<strong>ESCUELA GABRIELA MISTRAL</strong><br><br><strong>Dirección:</strong> LAGUNILLAS 0", "etiqueta": "" }, "geometry": { "type": "Point", "coordinates": [ -72.457489, -35.773151 ] } },
{ "type": "Feature", "properties": { "capa": "colegios", "popup": "<strong>ESCUELA RICARDO SALGADO</strong><br><br><strong>Dirección:</strong> EL CARMIN 0", "etiqueta": "" }, "geometry": { "type": "Point", "coordinates": [ -72.411407, -35.745529 ] } },
{ "type": "Feature", "properties": { "capa": "colegios", "popup": "<strong>ESCUELA ESPECIAL DE LENGUAJE POLHUIN</strong><br><br><strong>Dirección:</strong> SECTOR DE POLHUIN 0", "etiqueta": "" }, "geometry": { "type": "Point", "coordinates": [ -72.533923, -35.743159 ] } },
{ "type": "Feature", "properties": { "capa": "colegios", "popup": "<strong>ESCUELA LAS DUNAS DE CHANCO</strong><br><br><strong>Dirección:</strong> ERRAZURIZ 351", "etiqueta": "" }, "geometry": { "type": "Point", "coordinates": [ -72.53517, -35.734818 ] } },
{ "type": "Feature", "properties": { "capa": "colegios", "popup": "<strong>ESCUELA LOS HEROES</strong><br><br><strong>Dirección:</strong> SAN AMBROSIO 66", "etiqueta": "" }, "geometry": { "type": "Point", "coordinates": [ -72.533562, -35.734791 ] } },
{ "type": "Feature", "properties": { "capa": "colegios", "popup": "<strong>LICEO FEDERICO ALBERT FAUPP</strong><br><br><strong>Dirección:</strong> YERBAS BUENAS 52", "etiqueta": "" }, "geometry": { "type": "Point", "coordinates": [ -72.533493, -35.732342 ] } },
{ "type": "Feature", "properties": { "capa": "colegios", "popup": "<strong>ESCUELA EMA VASQUEZ GUTIERREZ</strong><br><br><strong>Dirección:</strong> HUICHAHUE 0", "etiqueta": "" }, "geometry": { "type": "Point", "coordinates": [ -72.356117, -35.71199 ] } },
{ "type": "Feature", "properties": { "capa": "colegios", "popup": "<strong>ESCUELA CARRERAS CORTAS</strong><br><br><strong>Dirección:</strong> CARRERAS CORTAS 0", "etiqueta": "" }, "geometry": { "type": "Point", "coordinates": [ -72.522926, -35.674061 ] } },
{ "type": "Feature", "properties": { "capa": "colegios", "popup": "<strong>ESCUELA LOS PEUMOS</strong><br><br><strong>Dirección:</strong> LOS PEUMOS 0", "etiqueta": "" }, "geometry": { "type": "Point", "coordinates": [ -72.468163, -35.66526 ] } },
{ "type": "Feature", "properties": { "capa": "colegios", "popup": "<strong>ESCUELA RELOCA</strong><br><br><strong>Dirección:</strong> RELOCA CHANCO 0", "etiqueta": "" }, "geometry": { "type": "Point", "coordinates": [ -72.53595, -35.661999 ] } },
{ "type": "Feature", "properties": { "capa": "colegios", "popup": "<strong>ESCUELA SAN AMBROSIO</strong><br><br><strong>Dirección:</strong> ABDON FUENTEALBA 997", "etiqueta": "" }, "geometry": { "type": "Point", "coordinates": [ -72.530228, -35.65308 ] } },
{ "type": "Feature", "properties": { "capa": "colegios", "popup": "<strong>ESCUELA QUINIPATO</strong><br><br><strong>Dirección:</strong> QUINIPATO 0", "etiqueta": "" }, "geometry": { "type": "Point", "coordinates": [ -72.514153, -35.647812 ] } },
{ "type": "Feature", "properties": { "capa": "colegios", "popup": "<strong>ESCUELA EL SAUCE</strong><br><br><strong>Dirección:</strong> EL SAUCE 0", "etiqueta": "" }, "geometry": { "type": "Point", "coordinates": [ -72.477821, -35.633308 ] } },
{ "type": "Feature", "properties": { "capa": "colegios", "popup": "<strong>ESCUELA PAHUIL</strong><br><br><strong>Dirección:</strong> CAMINO CHANCO A CONSTITUCION 15", "etiqueta": "" }, "geometry": { "type": "Point", "coordinates": [ -72.563278, -35.614738 ] } },
{ "type": "Feature", "properties": { "capa": "colegios", "popup": "<strong>ESCUELA LOANCO</strong><br><br><strong>Dirección:</strong> LOANCO 0", "etiqueta": "" }, "geometry": { "type": "Point", "coordinates": [ -72.624786, -35.58997 ] } },
{ "type": "Feature", "properties": { "capa": "jardines", "popup": "<strong>CARITA DE ANGEL</strong><br><br><strong>Dirección:</strong> CALLE DAVID MINCHEL S/N SECTOR LA VEGA ", "etiqueta": "" }, "geometry": { "type": "MultiPoint", "coordinates": [ [ -72.445821, -35.876104 ] ] } },
{ "type": "Feature", "properties": { "capa": "jardines", "popup": "<strong>NA</strong><br><br><strong>Dirección:</strong> NA ", "etiqueta": "" }, "geometry": { "type": "MultiPoint", "coordinates": [ [ -72.535188999613382, -35.735179000030186 ] ] } },
{ "type": "Feature", "properties": { "capa": "jardines", "popup": "<strong>NA</strong><br><br><strong>Dirección:</strong> NA ", "etiqueta": "" }, "geometry": { "type": "MultiPoint", "coordinates": [ [ -72.535689000541893, -35.732245000084845 ] ] } },
{ "type": "Feature", "properties": { "capa": "bomberos", "popup": "<strong>Cuerpo de Bomberos</strong><br><br><strong>Dirección:</strong> Teniente Merino 53", "etiqueta": "" }, "geometry": { "type": "Point", "coordinates": [ -72.53433582658846, -35.737019586605818 ] } },
{ "type": "Feature", "properties": { "capa": "comisarias", "popup": "<strong>2DA. COM. CHANCO</strong><br><br><strong>Dirección:</strong> TENIENTE MERINO S/N", "etiqueta": "" }, "geometry": { "type": "Point", "coordinates": [ -72.534407225999928, -35.734457769999956 ] } },
{ "type": "Feature", "properties": { "capa": "salud", "popup": "<strong>Posta de Salud Rural La Vega (Chanco)</strong><br><br><strong>Tipo de atención:</strong> Posta de Salud Rural (PSR)<br><strong>Dirección:</strong>  NA", "etiqueta": "" }, "geometry": { "type": "Point", "coordinates": [ -72.44503, -35.87561 ] } },
{ "type": "Feature", "properties": { "capa": "salud", "popup": "<strong>Posta de Salud Rural Lagunillas (Chanco)</strong><br><br><strong>Tipo de atención:</strong> Posta de Salud Rural (PSR)<br><strong>Dirección:</strong>  NA", "etiqueta": "" }, "geometry": { "type": "Point", "coordinates": [ -72.455236, -35.770361 ] } },
{ "type": "Feature", "properties": { "capa": "salud", "popup": "<strong>Hospital Dr. Benjamín Pedreros (Chanco)</strong><br><br><strong>Tipo de atención:</strong> Hospital<br><strong>Dirección:</strong>  NA", "etiqueta": "" }, "geometry": { "type": "Point", "coordinates": [ -72.53145, -35.73956 ] } },
{ "type": "Feature", "properties": { "capa": "salud", "popup": "<strong>Posta de Salud Rural El Cardonal</strong><br><br><strong>Tipo de atención:</strong> Posta de Salud Rural (PSR)<br><strong>Dirección:</strong>  NA", "etiqueta": "" }, "geometry": { "type": "Point", "coordinates": [ -72.42204, -35.71719 ] } },
{ "type": "Feature", "properties": { "capa": "salud", "popup": "<strong>Posta de Salud Rural El Colo</strong><br><br><strong>Tipo de atención:</strong> Posta de Salud Rural (PSR)<br><strong>Dirección:</strong>  NA", "etiqueta": "" }, "geometry": { "type": "Point", "coordinates": [ -72.49323, -35.64451 ] } },
{ "type": "Feature", "properties": { "capa": "salud", "popup": "<strong>Posta de Salud Rural Pahuil</strong><br><br><strong>Tipo de atención:</strong> Posta de Salud Rural (PSR)<br><strong>Dirección:</strong>  NA", "etiqueta": "" }, "geometry": { "type": "Point", "coordinates": [ -72.56903, -35.61727 ] } },
{ "type": "Feature", "properties": { "capa": "salud", "popup": "<strong>Posta de Salud Rural Quilhuine</strong><br><br><strong>Tipo de atención:</strong> Posta de Salud Rural (PSR)<br><strong>Dirección:</strong>  NA", "etiqueta": "" }, "geometry": { "type": "Point", "coordinates": [ -72.52816, -35.59355 ] } },
{ "type": "Feature", "properties": { "capa": "salud", "popup": "<strong>Posta de Salud Rural Loanco</strong><br><br><strong>Tipo de atención:</strong> Posta de Salud Rural (PSR)<br><strong>Dirección:</strong>  NA", "etiqueta": "" }, "geometry": { "type": "Point", "coordinates": [ -72.60991, -35.58938 ] } }
]
}
