{
"type": "FeatureCollection",
"name": "7304",
"crs": { "type": "name", "properties": { "name": "urn:ogc:def:crs:OGC:1.3:CRS84" } },
"features": [
{ "type": "Feature", "properties": { "capa": "comuna", "popup": "", "etiqueta": "" }, "geometry": { "type": "Polygon", "coordinates": [ [ [ -70.417903424991778, -35.627040989095967 ], [ -70.417840851942358, -35.626765800660017 ], [ -70.417891295938816, -35.625872657681697 ], [ -70.418086071353656, -35.624982395559329 ], [ -70.418403411109239, -35.624117720712512 ], [ -70.418434005931189, -35.624047090562293 ], [ -70.418774351541202, -35.623261350669146 ], [ -70.419238879357763, -35.62244457034398 ], [ -70.419971354860664, -35.62177780812241 ], [ -70.420743565543503, -35.621128594292905 ], [ -70.421302999471521, -35.62035566544489 ], [ -70.421806249168426, -35.619551861057708 ], [ -70.422350242853355, -35.618761162414273 ], [ -70.423010892659377, -35.61804116814762 ], [ -70.423730225809649, -35.617356517218752 ], [ -70.424498555770484, -35.616711830212957 ], [ -70.425142833780455, -35.615978501664308 ], [ -70.425760283604461, -35.615227392794665 ], [ -70.426435673865996, -35.614520719308018 ], [ -70.427301279694007, -35.613942515116591 ], [ -70.428053363622908, -35.61329807153389 ], [ -70.428498036875055, -35.612476839742151 ], [ -70.428831687341273, -35.611607438188265 ], [ -70.429129442027019, -35.610733957826682 ], [ -70.429231116045827, -35.609840201974741 ], [ -70.429202693350234, -35.608938980104796 ], [ -70.429150132024645, -35.608038116908133 ], [ -70.429182936702205, -35.607131737415955 ], [ -70.42920052930873, -35.606234472823239 ], [ -70.429001282080392, -35.605348792094624 ], [ -70.428750663794204, -35.604472803930996 ], [ -70.428475367888865, -35.603597034058367 ], [ -70.428199717148985, -35.602721341517906 ], [ -70.427934739293008, -35.601845447298267 ], [ -70.427660535739051, -35.600974166268898 ], [ -70.427989480829794, -35.60009130736227 ], [ -70.42865869158048, -35.599375685385965 ], [ -70.429464905293457, -35.598757623087756 ], [ -70.430272622786219, -35.598148473200972 ], [ -70.431025852965448, -35.597481398885968 ], [ -70.431773999578468, -35.596818884323014 ], [ -70.432542343912331, -35.596174220999558 ], [ -70.433484153825873, -35.595734727938662 ], [ -70.434252705670573, -35.595026977958049 ], [ -70.4351209642236, -35.594601938254982 ], [ -70.436235696236082, -35.594813991254242 ], [ -70.437330222442881, -35.594967780953162 ], [ -70.437704312368211, -35.595033850184002 ], [ -70.439142920278286, -35.59519843645942 ], [ -70.44161080706111, -35.595427062076013 ], [ -70.443587510317954, -35.59556949849916 ], [ -70.444821508955741, -35.595683808302532 ], [ -70.446819496894932, -35.596907703326139 ], [ -70.44784263308776, -35.597824521216602 ], [ -70.448527989259063, -35.598863707335141 ], [ -70.450069243165075, -35.599394804298356 ], [ -70.451775573284309, -35.599932163292713 ], [ -70.453374539455751, -35.599766873128104 ], [ -70.455655041263583, -35.599335795321885 ], [ -70.461009194393029, -35.598254587473221 ], [ -70.465261263789202, -35.596186028085555 ], [ -70.466984137282722, -35.594967567656845 ], [ -70.468522842668278, -35.594079837427401 ], [ -70.470293845199777, -35.59347108803621 ], [ -70.47228958914738, -35.593276038567943 ], [ -70.473843423958925, -35.59211870533052 ], [ -70.474853842702302, -35.590332993657405 ], [ -70.477368458049583, -35.588266061719821 ], [ -70.478093146955572, -35.5871449820729 ], [ -70.478764649308573, -35.586967613788801 ], [ -70.480295514198303, -35.586214545747907 ], [ -70.482322429686263, -35.58399412219395 ], [ -70.482966073485656, -35.583009092059285 ], [ -70.483690723764099, -35.582343447725314 ], [ -70.484460062532975, -35.581684856069081 ], [ -70.485208609794626, -35.581022084382631 ], [ -70.485753401183501, -35.580253547669031 ], [ -70.486019294422775, -35.579608019613289 ], [ -70.487756916456647, -35.577781105241101 ], [ -70.488980299702732, -35.576611041032344 ], [ -70.489618317353489, -35.575554257836501 ], [ -70.489806891697924, -35.573669936506136 ], [ -70.490130130689991, -35.572331145992202 ], [ -70.490415495811348, -35.571666386908447 ], [ -70.490955977083502, -35.570876018849425 ], [ -70.491762732480609, -35.569757978048457 ], [ -70.493788128917416, -35.569023287591179 ], [ -70.495134560696172, -35.568600829544678 ], [ -70.496811055069912, -35.568190802320103 ], [ -70.498071244988111, -35.567832677113124 ], [ -70.498967976542403, -35.566582820723148 ], [ -70.499122244226129, -35.565305117632775 ], [ -70.49900491257192, -35.56494084422976 ], [ -70.499013090834282, -35.56451134512649 ], [ -70.498781449458491, -35.563697307583162 ], [ -70.498607117004553, -35.562960917347212 ], [ -70.498358678031252, -35.562448196376288 ], [ -70.497349919374543, -35.562309771397025 ], [ -70.496314614602852, -35.562094856140675 ], [ -70.495779674139357, -35.561747652083007 ], [ -70.495324487903432, -35.561076189476232 ], [ -70.494708774522863, -35.559970818959791 ], [ -70.494148741418556, -35.559521998171405 ], [ -70.493183485476081, -35.559158696744682 ], [ -70.492954569588861, -35.558848088482222 ], [ -70.492598569038407, -35.558054483684472 ], [ -70.49229356674492, -35.557642082183307 ], [ -70.492078664576127, -35.55649266470644 ], [ -70.492117264285568, -35.555181465417441 ], [ -70.4921099187615, -35.554068326634116 ], [ -70.492441365660312, -35.553139029916679 ], [ -70.492832961055598, -35.552383289026203 ], [ -70.493302206824026, -35.551487661198138 ], [ -70.493593982323276, -35.550642531686201 ], [ -70.493693977390791, -35.550104138106029 ], [ -70.493811849830806, -35.548624672190215 ], [ -70.494173702905343, -35.547154294796478 ], [ -70.494684290041477, -35.545518407175976 ], [ -70.494900020456967, -35.544784558736403 ], [ -70.495656056973118, -35.543443114774796 ], [ -70.496600405525669, -35.542165873904793 ], [ -70.497163139864028, -35.540845727261825 ], [ -70.496484436615745, -35.539250886777261 ], [ -70.495070693174412, -35.538313318299018 ], [ -70.493495217947668, -35.537769247685226 ], [ -70.492466198688021, -35.53681757557662 ], [ -70.491798842060092, -35.535023375875987 ], [ -70.49203384672829, -35.533320078289123 ], [ -70.492701118914596, -35.532003826521141 ], [ -70.493198684970693, -35.531223505995953 ], [ -70.493835535709906, -35.529530441578395 ], [ -70.494251974014375, -35.528878449492161 ], [ -70.494704381761125, -35.528056953575053 ], [ -70.49512075898015, -35.527222312391622 ], [ -70.49551140755112, -35.526374547464876 ], [ -70.495799200818709, -35.52550553147065 ], [ -70.496003655580736, -35.524615021722155 ], [ -70.496016355962226, -35.523722311667555 ], [ -70.495808222599095, -35.522832414554522 ], [ -70.495570911955539, -35.521947310384064 ], [ -70.495316077875742, -35.521066928394546 ], [ -70.495058904582947, -35.520186647882809 ], [ -70.494815462937581, -35.519306123015667 ], [ -70.494600297562414, -35.51842532088304 ], [ -70.494429570946039, -35.517543893437995 ], [ -70.494512833993085, -35.516645876790982 ], [ -70.494853794949066, -35.515780633681814 ], [ -70.495324398970212, -35.515106547980629 ], [ -70.49558493286051, -35.514790683614848 ], [ -70.496824867565707, -35.513838286347138 ], [ -70.497855612489019, -35.513505839744241 ], [ -70.4988120838063, -35.512628434090054 ], [ -70.499089379361479, -35.512039603017598 ], [ -70.499214688953714, -35.511443206727385 ], [ -70.499627242044568, -35.510934230791641 ], [ -70.500116066594643, -35.510116765342246 ], [ -70.500602897783082, -35.509299323745331 ], [ -70.501051537995551, -35.508468839933272 ], [ -70.501598066726174, -35.507695777971769 ], [ -70.502353276792292, -35.507046260091009 ], [ -70.50318796440483, -35.506445379837253 ], [ -70.503923490586416, -35.505778077358165 ], [ -70.504494534341177, -35.505004622387553 ], [ -70.505086957999694, -35.504239982296831 ], [ -70.50581622382208, -35.503568242247475 ], [ -70.50656623443929, -35.50290532198057 ], [ -70.507220698446304, -35.502175864374259 ], [ -70.507832481697491, -35.50141540097691 ], [ -70.508529392898282, -35.500730606542355 ], [ -70.50936231172804, -35.500152157960692 ], [ -70.51026232752298, -35.499627001328207 ], [ -70.511171808866081, -35.499106297320445 ], [ -70.512026086938349, -35.498532142474403 ], [ -70.512854104559906, -35.497935710226649 ], [ -70.513841755502412, -35.497544659441111 ], [ -70.514909931426971, -35.497301407551795 ], [ -70.516021678337751, -35.497228873727643 ], [ -70.517062370306192, -35.497003896100125 ], [ -70.517967446311147, -35.496478618688698 ], [ -70.518930113308954, -35.496029272219658 ], [ -70.519945294919978, -35.495673866537032 ], [ -70.521006187304209, -35.49544416938744 ], [ -70.522092554113271, -35.495272710297996 ], [ -70.523191043687106, -35.495155150384804 ], [ -70.524274667939608, -35.495006232479213 ], [ -70.52528529868539, -35.494650913693512 ], [ -70.526197500127182, -35.494139000138375 ], [ -70.527047823815536, -35.493564790042939 ], [ -70.527899941439543, -35.492990551707614 ], [ -70.528845835094373, -35.492514233623446 ], [ -70.529762932354458, -35.492024832269301 ], [ -70.530422508673723, -35.491299692121501 ], [ -70.530893756786938, -35.49047782335758 ], [ -70.530856516228511, -35.489585817707805 ], [ -70.530901713165392, -35.488683754428301 ], [ -70.53080001668873, -35.487787987529416 ], [ -70.530642530341325, -35.486892927468375 ], [ -70.530673468319691, -35.485986465681563 ], [ -70.530964451504857, -35.485121905326345 ], [ -70.531371215852019, -35.484287263262566 ], [ -70.531757134793025, -35.483439442178003 ], [ -70.53212634956131, -35.482587327076544 ], [ -70.532486434751391, -35.481739831864829 ], [ -70.532843896860811, -35.480887790183395 ], [ -70.53322834166643, -35.480039983715244 ], [ -70.533696787934275, -35.479222718113405 ], [ -70.53439212259174, -35.478528638707679 ], [ -70.535153211233066, -35.477874339248032 ], [ -70.535917087346704, -35.477220074697776 ], [ -70.536641083651631, -35.476534701687832 ], [ -70.537219092044779, -35.475774595471556 ], [ -70.537665906880576, -35.474948432431297 ], [ -70.538232891148553, -35.474179451936891 ], [ -70.53878082753927, -35.473401701288864 ], [ -70.539252884136218, -35.472579715341205 ], [ -70.539673400792097, -35.471749448907993 ], [ -70.539816769216486, -35.470868654912245 ], [ -70.539753012187504, -35.469963399543865 ], [ -70.539579585235387, -35.469068627523782 ], [ -70.539485573845965, -35.468186283121995 ], [ -70.539792748265782, -35.467312409361881 ], [ -70.539884137472896, -35.466414183779577 ], [ -70.540384615867154, -35.4656460413471 ], [ -70.541355896810217, -35.465205346175672 ], [ -70.542441352727579, -35.465137413994192 ], [ -70.54351745089464, -35.465331043387515 ], [ -70.543859837476987, -35.465418983761907 ], [ -70.547242706885712, -35.467087499431145 ], [ -70.547822140905211, -35.467964941570415 ], [ -70.550180199661412, -35.468851080366022 ], [ -70.55260601115296, -35.469140428813851 ], [ -70.554647595231188, -35.470071911240453 ], [ -70.555216076092435, -35.471148719476474 ], [ -70.556022041870406, -35.472348461944861 ], [ -70.556743010852813, -35.474458168400524 ], [ -70.557137444924393, -35.47552864554391 ], [ -70.557145377048371, -35.475640287365955 ], [ -70.557124917019436, -35.475857466474082 ], [ -70.557150964569431, -35.476758618094607 ], [ -70.557144880280006, -35.477660257789978 ], [ -70.557104130003779, -35.478562270693516 ], [ -70.557107978386455, -35.479459276467381 ], [ -70.557292910062415, -35.480353870680588 ], [ -70.557684968988383, -35.481196307528165 ], [ -70.558261964980204, -35.481964124392498 ], [ -70.559104702396013, -35.482530272959437 ], [ -70.560131136304264, -35.482868633850856 ], [ -70.561196643334142, -35.48310721573845 ], [ -70.562287869130571, -35.483237331663901 ], [ -70.563377374653228, -35.483381048587617 ], [ -70.564434667488129, -35.483642235387414 ], [ -70.565526654157608, -35.483731838141018 ], [ -70.566493140792005, -35.483742927384604 ], [ -70.568053811782889, -35.483894885710264 ], [ -70.570428993326715, -35.483718422056072 ], [ -70.573313022868291, -35.483414080189895 ], [ -70.574611940056727, -35.483256588004188 ], [ -70.575660460842855, -35.483089868541732 ], [ -70.577284192668372, -35.482240729109655 ], [ -70.578629606655923, -35.481234795579446 ], [ -70.57951996017168, -35.480452974299304 ], [ -70.579752888833283, -35.480368461402492 ], [ -70.580735838891883, -35.479958908504017 ], [ -70.581662483446806, -35.479473497202868 ], [ -70.582488064837321, -35.478876699636579 ], [ -70.583053198575811, -35.478098453826341 ], [ -70.583453622613717, -35.477232262880733 ], [ -70.583590925613308, -35.47696384151638 ], [ -70.584117887240453, -35.476569771995152 ], [ -70.585580580779904, -35.47603704038125 ], [ -70.586775285310551, -35.475816976515148 ], [ -70.58831973542236, -35.475756330056434 ], [ -70.589700108247499, -35.476070649999848 ], [ -70.591114864988455, -35.476415667361849 ], [ -70.592351104922898, -35.47681885925374 ], [ -70.593202959340516, -35.477279698823573 ], [ -70.594019332101055, -35.477881991822798 ], [ -70.594787502161751, -35.478529968625274 ], [ -70.595665204703366, -35.479081808654485 ], [ -70.596436832379595, -35.479711634164268 ], [ -70.597066361849244, -35.480456111747088 ], [ -70.597759913350856, -35.481159118609384 ], [ -70.59842774878085, -35.481876051423789 ], [ -70.598989783331618, -35.482652949099737 ], [ -70.59947391508264, -35.483462339792098 ], [ -70.599886917331148, -35.484299776611998 ], [ -70.600295595089861, -35.485137342953756 ], [ -70.600816590106888, -35.48594631290748 ], [ -70.601156315879365, -35.486784790303524 ], [ -70.601120392251147, -35.487682241929811 ], [ -70.601100474804667, -35.488193954515154 ], [ -70.601353367625123, -35.489425017661645 ], [ -70.602067567801868, -35.494727878353757 ], [ -70.603959179940048, -35.496849051745855 ], [ -70.606879594843889, -35.4998285001803 ], [ -70.608731825738317, -35.501361934188516 ], [ -70.609981585317797, -35.502111064201081 ], [ -70.610805211075927, -35.502786034920227 ], [ -70.611630421462209, -35.503096650405908 ], [ -70.612534435658503, -35.503992025779098 ], [ -70.612852898308176, -35.504222184066165 ], [ -70.613185720527682, -35.504429624108376 ], [ -70.613564505947025, -35.504573301666319 ], [ -70.613957741666027, -35.504698764007202 ], [ -70.614339599323628, -35.504842397937637 ], [ -70.614721188384948, -35.504990539264206 ], [ -70.615103409860254, -35.505134166091288 ], [ -70.61548545346912, -35.505273288680975 ], [ -70.615866413709739, -35.505421435063028 ], [ -70.616235907854119, -35.505583248825602 ], [ -70.616607030644062, -35.505740608034912 ], [ -70.616990613965328, -35.505884210850894 ], [ -70.617362639562145, -35.506054997916337 ], [ -70.617755075780551, -35.506221004268987 ], [ -70.618111033211875, -35.506414530317926 ], [ -70.618362431235724, -35.506668173037959 ], [ -70.618514232145685, -35.506972634506887 ], [ -70.618608243535093, -35.507309481130321 ], [ -70.618666317821592, -35.507664756354814 ], [ -70.618711659387245, -35.50801569802676 ], [ -70.618722959295212, -35.508358159248566 ], [ -70.618669514027374, -35.508701416075844 ], [ -70.61865092429089, -35.509044278754537 ], [ -70.618656536964778, -35.50939132197044 ], [ -70.618641014974983, -35.509734069823047 ], [ -70.618610578256522, -35.510121182764749 ], [ -70.618018759164201, -35.511795513901127 ], [ -70.61783748632638, -35.513925485587805 ], [ -70.618496605403166, -35.515017818899089 ], [ -70.619131221133969, -35.515361439906748 ], [ -70.621027973432177, -35.515323553156989 ], [ -70.626687642691451, -35.514567809120308 ], [ -70.629730388374057, -35.51387702930888 ], [ -70.631751579797012, -35.513727985979543 ], [ -70.632128034986494, -35.513690322939695 ], [ -70.632547408985303, -35.513675562778779 ], [ -70.632968955110485, -35.513669928821848 ], [ -70.63339077073023, -35.513668722328752 ], [ -70.633811415845187, -35.51368104464408 ], [ -70.634228633887318, -35.513711433635805 ], [ -70.634639989523905, -35.513777940591467 ], [ -70.635046389155065, -35.513871692235789 ], [ -70.635449627614747, -35.513974422239265 ], [ -70.635851963267569, -35.514072583547183 ], [ -70.63625349043663, -35.514179839442107 ], [ -70.636652309185138, -35.514287130291429 ], [ -70.637047428671281, -35.514403479850216 ], [ -70.637428378132114, -35.514547051818937 ], [ -70.637800124352893, -35.514713272405515 ], [ -70.638196419733731, -35.514820592521055 ], [ -70.638601559926869, -35.514914201826848 ], [ -70.639010764996669, -35.514994386268448 ], [ -70.639422404500877, -35.515069883668971 ], [ -70.639835487597779, -35.515136423134209 ], [ -70.640258129667586, -35.515162137780976 ], [ -70.640678066910084, -35.515192540835997 ], [ -70.641079237447968, -35.515281690160563 ], [ -70.641476714113438, -35.515393488068817 ], [ -70.641875367571899, -35.515509774604155 ], [ -70.642273030188619, -35.515630576801072 ], [ -70.64266843893229, -35.515755988231405 ], [ -70.643059155775219, -35.515890398924618 ], [ -70.643443462240299, -35.5160294005126 ], [ -70.643819736868394, -35.516182026032176 ], [ -70.644185902754629, -35.516343797637489 ], [ -70.64453554952108, -35.516523814833043 ], [ -70.644858660952366, -35.516740307277068 ], [ -70.644985989957362, -35.516840120592512 ], [ -70.645691549239402, -35.517126060084429 ], [ -70.648568256613089, -35.518298353315117 ], [ -70.649905943292552, -35.518934262489282 ], [ -70.650324903168027, -35.519643811366819 ], [ -70.65047449691734, -35.520503940878918 ], [ -70.650731478868991, -35.52133623406246 ], [ -70.650853702748222, -35.521486036077846 ], [ -70.651022550089039, -35.52180816769895 ], [ -70.6512137888366, -35.522107613957552 ], [ -70.651531522054285, -35.522324160799258 ], [ -70.651891508429671, -35.522508519178245 ], [ -70.652249693682904, -35.522697480301296 ], [ -70.652587476399418, -35.522900235094461 ], [ -70.652922188674282, -35.523107387805339 ], [ -70.653256635946121, -35.523314765897595 ], [ -70.653594061133163, -35.523521953363307 ], [ -70.653938622536799, -35.523720105889424 ], [ -70.654299248512658, -35.523895437643546 ], [ -70.65466971643076, -35.524061623519202 ], [ -70.655049028262866, -35.524209665779104 ], [ -70.655424007520324, -35.524362271358029 ], [ -70.655791318758546, -35.524528496477963 ], [ -70.656156014102635, -35.524699262162216 ], [ -70.656519000851063, -35.524874701443082 ], [ -70.656877472666892, -35.525058991819343 ], [ -70.657228550449588, -35.525257045507097 ], [ -70.657599024655923, -35.525409779961464 ], [ -70.658008015926669, -35.525471734167041 ], [ -70.658435855648719, -35.525479366124095 ], [ -70.658858261461631, -35.525460040945894 ], [ -70.659261561006744, -35.525350800560282 ], [ -70.659546285629318, -35.525103458295057 ], [ -70.659831910363778, -35.524847166529042 ], [ -70.660162160706633, -35.524617217240142 ], [ -70.660528035538704, -35.524458931424164 ], [ -70.660931892039301, -35.524390223902408 ], [ -70.66135085011814, -35.524352917529278 ], [ -70.661777402554378, -35.52433345024432 ], [ -70.662203788802302, -35.524336658358457 ], [ -70.662623045121833, -35.524348898614072 ], [ -70.663050176073114, -35.524388133658057 ], [ -70.663468026529216, -35.524467966476813 ], [ -70.663844192461184, -35.524611519713616 ], [ -70.664187961550724, -35.52480056946689 ], [ -70.664525419077094, -35.525003294820486 ], [ -70.664856743805018, -35.525215113118733 ], [ -70.665182565453534, -35.525436017709708 ], [ -70.66550288132764, -35.525661428185174 ], [ -70.665818509792615, -35.525895986970397 ], [ -70.666129081640833, -35.52613061525512 ], [ -70.666435137658141, -35.526365229694171 ], [ -70.666720167707908, -35.526618302740452 ], [ -70.666949490531948, -35.526908039027433 ], [ -70.667141440745226, -35.527220889701219 ], [ -70.667296816051717, -35.527538826752277 ], [ -70.667436663978506, -35.527865986563135 ], [ -70.66759005400823, -35.528183875731528 ], [ -70.667811078195669, -35.528473797906948 ], [ -70.668130873945245, -35.528703713481789 ], [ -70.668509415921136, -35.528847292039622 ], [ -70.668940191337541, -35.528895466592651 ], [ -70.669366401515674, -35.528871471434506 ], [ -70.669723162040853, -35.528726800700191 ], [ -70.670036056932418, -35.528492632540519 ], [ -70.670331858680754, -35.528231597416216 ], [ -70.670616733321964, -35.527975216945165 ], [ -70.670886246771829, -35.527710038569346 ], [ -70.671213885712149, -35.527520715665815 ], [ -70.671375153966878, -35.527202901365186 ], [ -70.671546629778206, -35.526885019276889 ], [ -70.671818854343599, -35.526633317865191 ], [ -70.672139507984269, -35.526408047564964 ], [ -70.672469282220021, -35.52618700674185 ], [ -70.672772042318527, -35.525952973003101 ], [ -70.673044340545772, -35.525687752851844 ], [ -70.673304080325337, -35.525418200051192 ], [ -70.673564181227647, -35.525148715068873 ], [ -70.673832949075816, -35.524879036169686 ], [ -70.674104250173073, -35.524618330717963 ], [ -70.67436687623966, -35.524353240680171 ], [ -70.674612692132328, -35.524074868366242 ], [ -70.674850641478031, -35.523787521372213 ], [ -70.675096091756373, -35.523509152944946 ], [ -70.67535617918395, -35.523239590633366 ], [ -70.675626294505051, -35.522974468258774 ], [ -70.675906979403791, -35.522718133868672 ], [ -70.676193532996265, -35.522461717504655 ], [ -70.676497798671207, -35.52222307482549 ], [ -70.67684319550807, -35.522033489661233 ], [ -70.6772165155772, -35.521870545817627 ], [ -70.677606379020631, -35.521729820824341 ], [ -70.678006652141548, -35.521620634583201 ], [ -70.67841318831664, -35.521551906353181 ], [ -70.67882859266021, -35.521510008585715 ], [ -70.679250609502603, -35.521490618111663 ], [ -70.679674619706589, -35.521480206724434 ], [ -70.680096551209019, -35.521465393160469 ], [ -70.680517304121793, -35.521450446526863 ], [ -70.680938784669948, -35.521440066573284 ], [ -70.681358839591766, -35.521452304346127 ], [ -70.681775936361333, -35.521491539343906 ], [ -70.682193755376375, -35.521530763355486 ], [ -70.682611934615863, -35.521569980036524 ], [ -70.683029853343925, -35.521618282520215 ], [ -70.683447676850548, -35.521662007337881 ], [ -70.683864694568385, -35.521714750678221 ], [ -70.684280722342763, -35.521767580988865 ], [ -70.684695487984172, -35.521824858019727 ], [ -70.685108810931212, -35.521882228594777 ], [ -70.685519610510667, -35.521948568663177 ], [ -70.685924468632805, -35.522033084614257 ], [ -70.686310680424583, -35.522171922028008 ], [ -70.68668887026088, -35.522328889742184 ], [ -70.68707229008875, -35.522472342253927 ], [ -70.687456698063471, -35.522611200110525 ], [ -70.687841107834771, -35.522750056995733 ], [ -70.688225066651839, -35.522888844915087 ], [ -70.688608852094049, -35.523032287652505 ], [ -70.688992182988713, -35.523171156238256 ], [ -70.689374704501304, -35.523314539250379 ], [ -70.689757138877326, -35.523457923468591 ], [ -70.690139307352013, -35.523605814038582 ], [ -70.690493509475289, -35.523785705280602 ], [ -70.690825251021508, -35.523992867403784 ], [ -70.691149690162788, -35.524213719794631 ], [ -70.691471332848579, -35.524434611057686 ], [ -70.691793697779858, -35.524655416173154 ], [ -70.692121119327879, -35.524871719262165 ], [ -70.692461898824178, -35.525078749907657 ], [ -70.692823605473308, -35.525254023860896 ], [ -70.693181708979864, -35.52543828339094 ], [ -70.693510031538111, -35.525645559686211 ], [ -70.693817878796082, -35.525880079038636 ], [ -70.694115532870526, -35.526123825580868 ], [ -70.6944103024546, -35.526372115852169 ], [ -70.694708949167449, -35.526611341301319 ], [ -70.695027006676938, -35.526841283414093 ], [ -70.69531591026221, -35.527089580238588 ], [ -70.695521228305225, -35.527384250365493 ], [ -70.695683762286208, -35.527706478209467 ], [ -70.695757973010146, -35.527824118410805 ], [ -70.696092982627377, -35.528820420838038 ], [ -70.696728113991128, -35.529163620148218 ], [ -70.698148731340993, -35.529481428876288 ], [ -70.700008855731824, -35.530135484225838 ], [ -70.701420954357857, -35.530613267182737 ], [ -70.703465397773641, -35.531487410244637 ], [ -70.705311284765543, -35.532408047998857 ], [ -70.706644030710962, -35.53314995744374 ], [ -70.708129948395467, -35.53347004580862 ], [ -70.709624497093216, -35.53363017358015 ], [ -70.710778603162908, -35.53404525643527 ], [ -70.711280605099873, -35.534436941622232 ], [ -70.712065946457244, -35.535640166794813 ], [ -70.712857084643119, -35.536736659278986 ], [ -70.714110571332697, -35.537742822450888 ], [ -70.715128594314947, -35.538259868773338 ], [ -70.716991889758731, -35.538860289399892 ], [ -70.717777719799599, -35.539105883159529 ], [ -70.717938057399721, -35.539201159271819 ], [ -70.718270564310572, -35.539408306448713 ], [ -70.71858955786459, -35.539642675197754 ], [ -70.718822344592368, -35.539923323099778 ], [ -70.718956815203882, -35.540245917234799 ], [ -70.719062677168537, -35.54058701439525 ], [ -70.719191189254758, -35.540909768133936 ], [ -70.719321874365662, -35.541236846376115 ], [ -70.719428365151018, -35.541573428607109 ], [ -70.71947632710237, -35.541915350481801 ], [ -70.719545510853962, -35.542252391093221 ], [ -70.719699054495592, -35.542579217531745 ], [ -70.719830205832139, -35.542762939501763 ], [ -70.719963629906331, -35.543082667894907 ], [ -70.720765137345538, -35.543649354869885 ], [ -70.721757790107532, -35.543882885272062 ], [ -70.72255791503953, -35.543826331530099 ], [ -70.723155009039203, -35.543677624498869 ], [ -70.723910025069216, -35.543641499513285 ], [ -70.724328064171502, -35.543680571626872 ], [ -70.724747422000647, -35.543692592574892 ], [ -70.72516856298563, -35.543686640575849 ], [ -70.725589274575896, -35.543698639594936 ], [ -70.726011430657138, -35.543710542128871 ], [ -70.726431699377997, -35.543727124101203 ], [ -70.72684631949231, -35.543775245863031 ], [ -70.727251240496514, -35.543864125883061 ], [ -70.727652666155961, -35.543971073711241 ], [ -70.728058589680018, -35.544064439968892 ], [ -70.728472139900859, -35.544121582672922 ], [ -70.728890099053118, -35.54416514465629 ], [ -70.729308686127723, -35.544204264756154 ], [ -70.729727001012819, -35.54424331393674 ], [ -70.730146310332927, -35.544282422303553 ], [ -70.730565236970733, -35.544307869593403 ], [ -70.730984328000233, -35.54431994745984 ], [ -70.731402642885328, -35.544295919637733 ], [ -70.731820839192807, -35.544253799118003 ], [ -70.732238213541791, -35.544202826286401 ], [ -70.732654588065884, -35.544151718200347 ], [ -70.733068601817394, -35.544091633521525 ], [ -70.73347961339924, -35.544018074077904 ], [ -70.733902641744621, -35.543944488984174 ], [ -70.734299131161578, -35.543947721165878 ], [ -70.734510833531303, -35.544219631821377 ], [ -70.73467718714889, -35.544550832147863 ], [ -70.734823137331432, -35.544891263401432 ], [ -70.734949738701062, -35.54521853152562 ], [ -70.735058552529722, -35.545550559510701 ], [ -70.735167456189942, -35.545882513029603 ], [ -70.735293790759911, -35.546209784417556 ], [ -70.73544925859288, -35.546471645444022 ], [ -70.735520241669988, -35.546750526237432 ], [ -70.736489287604641, -35.548739245606455 ], [ -70.737164753324649, -35.549726234878761 ], [ -70.737626481092491, -35.550167425360975 ], [ -70.738055610795286, -35.55188208817227 ], [ -70.73835953600873, -35.55268595385607 ], [ -70.739006318521717, -35.552907193541202 ], [ -70.740025636874606, -35.553279694701935 ], [ -70.740323070861805, -35.553439355380206 ], [ -70.740667240600004, -35.553637185526014 ], [ -70.741010156290031, -35.553839612179367 ], [ -70.741354593726157, -35.554032932784772 ], [ -70.741704545919802, -35.55422624561561 ], [ -70.742065129674856, -35.554401309718699 ], [ -70.742435814985271, -35.554562785750591 ], [ -70.742809744112179, -35.554719635278886 ], [ -70.743188456767967, -35.554871908758187 ], [ -70.743568879816067, -35.555019651526116 ], [ -70.743947234044072, -35.555171927358849 ], [ -70.744320447213696, -35.555328856086398 ], [ -70.744678421362835, -35.555503876124455 ], [ -70.745022349454203, -35.555706350683579 ], [ -70.745380242754976, -35.555885874692095 ], [ -70.745749856375255, -35.556047356503406 ], [ -70.746124250829482, -35.556204188510513 ], [ -70.746499911908245, -35.556361000478674 ], [ -70.746881244051394, -35.556504214548767 ], [ -70.747262675009253, -35.5566519301913 ], [ -70.747639425744467, -35.556808796825486 ], [ -70.748016974183656, -35.556956566717751 ], [ -70.748410562042238, -35.557077072655318 ], [ -70.748801349852073, -35.557197618606295 ], [ -70.749185023903195, -35.557385841755853 ], [ -70.74953847144161, -35.557597100254512 ], [ -70.749772901188052, -35.557846126227091 ], [ -70.749799922511784, -35.558170242871448 ], [ -70.749676390685494, -35.558532660126822 ], [ -70.749504714549872, -35.558850650653788 ], [ -70.749384916121898, -35.559010656864139 ], [ -70.749019322462516, -35.559854412703594 ], [ -70.748109747694627, -35.561594138392927 ], [ -70.746956280327097, -35.563238062234909 ], [ -70.746378023998929, -35.564088584876025 ], [ -70.746233355712306, -35.564415190040535 ], [ -70.746094748358928, -35.564746285747916 ], [ -70.74598704215299, -35.565076860531533 ], [ -70.745936546952535, -35.565415690541947 ], [ -70.745919851762991, -35.565758461425482 ], [ -70.74591246311978, -35.566101097849923 ], [ -70.745913027261778, -35.566443691888537 ], [ -70.745921550477192, -35.566790676112625 ], [ -70.745936210084295, -35.567132993182661 ], [ -70.745957203712507, -35.567479796857448 ], [ -70.74598325665238, -35.567826527421239 ], [ -70.746013820931609, -35.568168613545417 ], [ -70.746047819470149, -35.568510724514567 ], [ -70.746084527327611, -35.568852721494444 ], [ -70.746154575258515, -35.569189804505505 ], [ -70.746272867211758, -35.569521609721811 ], [ -70.746403713121111, -35.569848727611102 ], [ -70.7465145149215, -35.570185219685463 ], [ -70.746603910767021, -35.570526527053453 ], [ -70.746692048072788, -35.570872283579618 ], [ -70.746798695165012, -35.571208761856198 ], [ -70.746943442503365, -35.571522236164874 ], [ -70.747150404463355, -35.571807704553898 ], [ -70.747449842591948, -35.572055717493072 ], [ -70.74780777182535, -35.572262410796029 ], [ -70.748182352230828, -35.572428241452883 ], [ -70.748578268522635, -35.572490146917374 ], [ -70.749014681765757, -35.572452279109882 ], [ -70.749454295706244, -35.572436888229575 ], [ -70.749804134712164, -35.572292079804775 ], [ -70.749994311651065, -35.572104539042975 ], [ -70.750121231922634, -35.5719179163032 ], [ -70.750256249608128, -35.571658948592336 ], [ -70.750409191378523, -35.571363827363207 ], [ -70.75065635743907, -35.571107735296636 ], [ -70.751025809362602, -35.570863528492417 ], [ -70.751368504067074, -35.570669190445606 ], [ -70.751646599122822, -35.570534429462668 ], [ -70.751823991238624, -35.570432667708737 ], [ -70.75218594133122, -35.569894115506415 ], [ -70.752914733741449, -35.569548299956431 ], [ -70.753209359595061, -35.569355321475577 ], [ -70.753721260966458, -35.568414892816904 ], [ -70.754336545850649, -35.567536176079429 ], [ -70.755092114344535, -35.566691378722588 ], [ -70.75536193591654, -35.566294331885487 ], [ -70.756148213318411, -35.564869706592553 ], [ -70.756993493864798, -35.563524199549292 ], [ -70.757242729643735, -35.563186973590362 ], [ -70.757503005717524, -35.56285866951923 ], [ -70.757794488365988, -35.562552362248653 ], [ -70.758108931054764, -35.562250371168304 ], [ -70.758440467785107, -35.561961496234026 ], [ -70.758792285779606, -35.561694999370722 ], [ -70.759166918287363, -35.561455122935925 ], [ -70.759592980243482, -35.561277566221619 ], [ -70.760059167248386, -35.561153555224472 ], [ -70.760527965655825, -35.561074628538876 ], [ -70.761008820352686, -35.561067603589457 ], [ -70.761490569771553, -35.561056058789354 ], [ -70.761965559367923, -35.56100406624472 ], [ -70.762439166457085, -35.560938502404532 ], [ -70.762911583278466, -35.560864019367422 ], [ -70.763382551117317, -35.56078948072193 ], [ -70.763852518232923, -35.560710523715819 ], [ -70.764325194667435, -35.56063152570826 ], [ -70.764811362000884, -35.560570200821331 ], [ -70.765260478320442, -35.560455503272237 ], [ -70.765626031555641, -35.560206730219356 ], [ -70.765881538473593, -35.559864964537326 ], [ -70.766070149648968, -35.559506083023123 ], [ -70.766237871400705, -35.559138572884081 ], [ -70.766394920268596, -35.55876656519699 ], [ -70.766551879304913, -35.558394707058973 ], [ -70.766718865336458, -35.558022701035007 ], [ -70.766948980474567, -35.55768573548005 ], [ -70.767319305560548, -35.557436888057396 ], [ -70.767681379620655, -35.557174645550155 ], [ -70.768001841021857, -35.556885982527739 ], [ -70.768316221726892, -35.556583891899137 ], [ -70.768619847801347, -35.556281958719843 ], [ -70.768907001468449, -35.555966678123731 ], [ -70.769172814757653, -35.5556427740092 ], [ -70.769414649316971, -35.555301126993257 ], [ -70.769630527954462, -35.554946420019441 ], [ -70.769818839990847, -35.554587537677065 ], [ -70.769982370203493, -35.554215504483224 ], [ -70.770107368978643, -35.553821585230963 ], [ -70.770115208576129, -35.553438323426263 ], [ -70.769984398599405, -35.553070611524845 ], [ -70.769782877735068, -35.552717527405257 ], [ -70.769550993814164, -35.552360309474352 ], [ -70.769328788342108, -35.552007453177794 ], [ -70.769136380886351, -35.551645224217346 ], [ -70.768952285541914, -35.551282797748463 ], [ -70.768776503207121, -35.550920250509598 ], [ -70.768608032260403, -35.550553162917225 ], [ -70.768440737208437, -35.550185985939073 ], [ -70.768267571666044, -35.549818966610943 ], [ -70.768087549283109, -35.549456479263043 ], [ -70.76790454808669, -35.549094036322096 ], [ -70.767722082286184, -35.548727079237239 ], [ -70.767544234724554, -35.548364633730095 ], [ -70.767375142143678, -35.547997479619859 ], [ -70.767224651875708, -35.547625548868375 ], [ -70.767095383408005, -35.54724880120957 ], [ -70.766978755134659, -35.546867362291366 ], [ -70.766875589014177, -35.546485800958678 ], [ -70.766781626133778, -35.546099451064862 ], [ -70.766693811323165, -35.54571315924472 ], [ -70.766631090950014, -35.545317414774011 ], [ -70.766554920102138, -35.544926373302737 ], [ -70.766415570740335, -35.544563360228409 ], [ -70.766110837941454, -35.544261263367467 ], [ -70.765738173642447, -35.544005283507758 ], [ -70.765301184579229, -35.543840418073067 ], [ -70.764839998495532, -35.543730039797182 ], [ -70.76437009965187, -35.543646670146352 ], [ -70.763892583094616, -35.543595092445386 ], [ -70.763407735386309, -35.543584165693034 ], [ -70.762949385283946, -35.543491684770942 ], [ -70.762515729868738, -35.543317750997346 ], [ -70.762113427453585, -35.543098233259784 ], [ -70.761746390201537, -35.54284666311635 ], [ -70.76140865599406, -35.542563129440673 ], [ -70.761098448861844, -35.542265677525272 ], [ -70.760790651011192, -35.541950094017963 ], [ -70.760527002661831, -35.541620425993209 ], [ -70.760370619445595, -35.541262085578786 ], [ -70.760362773559905, -35.540870041192086 ], [ -70.76042148475193, -35.540468089599351 ], [ -70.760477145265256, -35.540079549243792 ], [ -70.760557822062609, -35.539686285665113 ], [ -70.760703492869084, -35.539319104247802 ], [ -70.760925265353166, -35.538977766320606 ], [ -70.761192765678459, -35.538649276114619 ], [ -70.76148150846528, -35.538329557094116 ], [ -70.76176781771602, -35.53801437914727 ], [ -70.762059913913802, -35.537703547153598 ], [ -70.76236068783723, -35.537397166426459 ], [ -70.762670139486289, -35.537095163917385 ], [ -70.762989811268355, -35.536802019957804 ], [ -70.763326215969215, -35.536522146228435 ], [ -70.763672570410165, -35.53625113638698 ], [ -70.764018832324638, -35.535980126360904 ], [ -70.764366174912396, -35.535709099337105 ], [ -70.764718763661406, -35.535442499853829 ], [ -70.76508338714028, -35.535189238259612 ], [ -70.765463119383924, -35.534949343190434 ], [ -70.765851256265364, -35.534713755282567 ], [ -70.766237954045721, -35.534482692417455 ], [ -70.766613514513182, -35.534238276066468 ], [ -70.766968176573883, -35.533976218658047 ], [ -70.767295865819861, -35.533687377813997 ], [ -70.767600400091055, -35.53338100294755 ], [ -70.767885763415791, -35.533065750730252 ], [ -70.768151239836754, -35.532741852795333 ], [ -70.768379005880419, -35.532395909124645 ], [ -70.768598354709866, -35.532041151999636 ], [ -70.768848180681957, -35.531708399914791 ], [ -70.769141853423079, -35.531397601239597 ], [ -70.769469525601039, -35.531108828603053 ], [ -70.769832209617221, -35.530851076369224 ], [ -70.770230013269426, -35.530633426713919 ], [ -70.770651710311569, -35.530442380300393 ], [ -70.77108201231583, -35.530264796574478 ], [ -70.771516493282761, -35.530100663928572 ], [ -70.771963289253947, -35.529954368802898 ], [ -70.772416171311164, -35.529826002677673 ], [ -70.772877837993562, -35.529711021358857 ], [ -70.773342141231325, -35.529605009284921 ], [ -70.773797475689264, -35.529485686592324 ], [ -70.774245575115927, -35.529316837712045 ], [ -70.774492694464058, -35.529002133179063 ], [ -70.774616679041259, -35.52862617093804 ], [ -70.774711195283885, -35.528237200376985 ], [ -70.77478357074969, -35.527843902137157 ], [ -70.774841769901997, -35.527450960931112 ], [ -70.774888587399658, -35.527058113573155 ], [ -70.774924123853978, -35.526669936685195 ], [ -70.774952065950899, -35.526277440814923 ], [ -70.774974677444931, -35.525884875032894 ], [ -70.774996387030399, -35.525492397255853 ], [ -70.775020173520787, -35.525099888315168 ], [ -70.775049109154409, -35.52470737818583 ], [ -70.775084283587688, -35.524319206742426 ], [ -70.775118364771231, -35.523926545840794 ], [ -70.775164917265883, -35.523538206850247 ], [ -70.775240459293101, -35.523149440467833 ], [ -70.775349250663865, -35.522769195658476 ], [ -70.775474931260334, -35.522388775770217 ], [ -70.775615879623359, -35.522012561743203 ], [ -70.7757058126614, -35.521797432460566 ], [ -70.775828476715134, -35.521349924622328 ], [ -70.775991121188895, -35.520445711684204 ], [ -70.776600200511098, -35.519808177434754 ], [ -70.777226229246082, -35.51957916640216 ], [ -70.778118822261845, -35.519390829656246 ], [ -70.779793230747458, -35.519213843688483 ], [ -70.780162388921894, -35.519105886757856 ], [ -70.780613460873823, -35.518968433975054 ], [ -70.781066075233113, -35.518835534626994 ], [ -70.781523975279498, -35.518725154848255 ], [ -70.781994435570212, -35.518664069904965 ], [ -70.782476459873578, -35.518648009920256 ], [ -70.782956564477175, -35.518622818440356 ], [ -70.783427356246222, -35.518548207626722 ], [ -70.783894489177115, -35.518451197525941 ], [ -70.784362272488281, -35.518363186489552 ], [ -70.784834353339761, -35.518302066174833 ], [ -70.785313934225556, -35.518285957129578 ], [ -70.785797535970545, -35.518292311692086 ], [ -70.786279783056088, -35.518298683802023 ], [ -70.786754367512259, -35.518269127882526 ], [ -70.787222153518385, -35.518185537281106 ], [ -70.787679899952877, -35.51805253719801 ], [ -70.788112543865054, -35.517879363522454 ], [ -70.788520619752546, -35.517661501741273 ], [ -70.788853944130295, -35.517372520278435 ], [ -70.789019795589624, -35.51701852077295 ], [ -70.789062546414002, -35.516616718756616 ], [ -70.78906865495793, -35.516224469119763 ], [ -70.789053263223849, -35.51582803443825 ], [ -70.788985327232169, -35.515436958166653 ], [ -70.788846453977456, -35.515064880100198 ], [ -70.788667598506066, -35.514702405333679 ], [ -70.788467355046095, -35.514344751206536 ], [ -70.78826196603616, -35.513987248307934 ], [ -70.788067856272932, -35.513624997544191 ], [ -70.787893334274472, -35.513257952784677 ], [ -70.787765027004127, -35.512881285019198 ], [ -70.787706598781426, -35.512499002652852 ], [ -70.787673074553339, -35.51210734127384 ], [ -70.787642710598419, -35.511715631917021 ], [ -70.787596456344446, -35.511324159029947 ], [ -70.78754649923485, -35.510932741270331 ], [ -70.787480653622836, -35.510541633109341 ], [ -70.787383122634139, -35.51015542454477 ], [ -70.787258702374018, -35.509778551369727 ], [ -70.787119748270925, -35.50940196673082 ], [ -70.786977726421156, -35.509025500982084 ], [ -70.786823175768077, -35.508658230445072 ], [ -70.786655071334025, -35.508286583118007 ], [ -70.786533366681013, -35.507909668264951 ], [ -70.78648794426698, -35.507522761115794 ], [ -70.78649053590658, -35.507126058237091 ], [ -70.786532503400025, -35.506733278130767 ], [ -70.786615109778595, -35.506344400378758 ], [ -70.786769164561633, -35.505968053388223 ], [ -70.787010431385681, -35.505630885955924 ], [ -70.787315217185181, -35.505315300958721 ], [ -70.787669936738055, -35.505044173295552 ], [ -70.78807803328678, -35.50486678420561 ], [ -70.788553787349471, -35.504787650018713 ], [ -70.78904125544345, -35.50473987490583 ], [ -70.789518268045839, -35.504701262823808 ], [ -70.789998017814895, -35.50467612400832 ], [ -70.790477224103213, -35.504650917174999 ], [ -70.790952310717628, -35.504598812740873 ], [ -70.791421729860929, -35.504515256171537 ], [ -70.791888298649823, -35.504409141345846 ], [ -70.792355439665556, -35.504316603569002 ], [ -70.792825815514618, -35.504259983911282 ], [ -70.793301086283677, -35.504252918151941 ], [ -70.79377995660208, -35.504281837155716 ], [ -70.794259499758624, -35.504328764972527 ], [ -70.794738241617935, -35.504380280891318 ], [ -70.795214265175204, -35.504427256915875 ], [ -70.795689847659659, -35.504478815917722 ], [ -70.796164808509928, -35.504534813823739 ], [ -70.79663949986562, -35.504590887744882 ], [ -70.797114821838662, -35.504646876797281 ], [ -70.797589595839341, -35.504698440045878 ], [ -70.798065180120446, -35.504749916237962 ], [ -70.798541137202363, -35.504805964413869 ], [ -70.799017515594173, -35.504848414246446 ], [ -70.799494084428801, -35.504895364402074 ], [ -70.799970824841679, -35.50493788073458 ], [ -70.800446481886297, -35.50498033561643 ], [ -70.800923054314183, -35.50502735443591 ], [ -70.801398552357014, -35.505078818716591 ], [ -70.801872726283108, -35.505143816136346 ], [ -70.802346714257936, -35.505204455776152 ], [ -70.802819536219531, -35.505269469182451 ], [ -70.803290133952459, -35.505348104159125 ], [ -70.803758745510322, -35.505426691525422 ], [ -70.804224600138568, -35.505523339291379 ], [ -70.80468140154538, -35.505647223506273 ], [ -70.805133351151341, -35.505780263153483 ], [ -70.805583695467888, -35.505922187614416 ], [ -70.806025769893935, -35.506077896398537 ], [ -70.806452717588911, -35.506251776347462 ], [ -70.806842125586471, -35.506471341512871 ], [ -70.807194181634529, -35.506741020097586 ], [ -70.807560564913061, -35.506996967476653 ], [ -70.807948103516523, -35.507225566866801 ], [ -70.808344570475583, -35.507449452606103 ], [ -70.808741944733086, -35.507673396953464 ], [ -70.809150383539972, -35.507879154225542 ], [ -70.809590194211495, -35.508025799643846 ], [ -70.810055641902906, -35.508131514079942 ], [ -70.810496380534133, -35.508287152767181 ], [ -70.810910865901164, -35.508488307409522 ], [ -70.811342407580497, -35.50864851208447 ], [ -70.811803346627499, -35.508754287857258 ], [ -70.812275416699194, -35.508832863846507 ], [ -70.812749362453218, -35.508902399298911 ], [ -70.813229821891355, -35.508940226922384 ], [ -70.813700246249439, -35.509009738150567 ], [ -70.814137825505796, -35.509160979598008 ], [ -70.814560427151434, -35.509352989267576 ], [ -70.815005864869903, -35.509504035557129 ], [ -70.815464058665412, -35.50962785878778 ], [ -70.815929533306289, -35.509701940427497 ], [ -70.816064703705408, -35.509696064881176 ], [ -70.816345045447704, -35.509783419987983 ], [ -70.817923970205158, -35.509542798891474 ], [ -70.81865407595231, -35.509403952065853 ], [ -70.819185475256944, -35.509225338990177 ], [ -70.819606845312336, -35.508845879399523 ], [ -70.819699943115097, -35.50865275408686 ], [ -70.819906811650313, -35.508506136869933 ], [ -70.820244906980548, -35.508235091642668 ], [ -70.820450927506116, -35.507902969919492 ], [ -70.820484106781123, -35.50749229226772 ], [ -70.820552825205425, -35.507103603933238 ], [ -70.820614679602642, -35.50671494443084 ], [ -70.820650715520244, -35.506326822728205 ], [ -70.82062705659061, -35.505935023744733 ], [ -70.82060520147806, -35.505823097855313 ], [ -70.820240091112296, -35.505156920772833 ], [ -70.819747881710242, -35.504581503823196 ], [ -70.81902705466166, -35.50376825837813 ], [ -70.818656777186376, -35.503164263108943 ], [ -70.819539497717159, -35.502406811830731 ], [ -70.821640046312311, -35.501395968352085 ], [ -70.822350493327804, -35.500862286025658 ], [ -70.823292953621632, -35.500500862419841 ], [ -70.824294110734428, -35.499780286242213 ], [ -70.825356757528397, -35.499423009571935 ], [ -70.826069623706957, -35.499169613834916 ], [ -70.826501383676913, -35.499168911748569 ], [ -70.826753408724826, -35.499303124224191 ], [ -70.826839415226743, -35.499436012023246 ], [ -70.827353684557238, -35.499920078499748 ], [ -70.827797809837065, -35.500197902703448 ], [ -70.828126834877878, -35.500342172163613 ], [ -70.82854924697898, -35.500478673198401 ], [ -70.829071657740883, -35.500568311296774 ], [ -70.829488573050753, -35.500677345532161 ], [ -70.830078985381363, -35.500750807219966 ], [ -70.830515923240597, -35.500842622899782 ], [ -70.831851866290123, -35.50099160896923 ], [ -70.832470956437845, -35.501094829348084 ], [ -70.833444743680559, -35.501314955639799 ], [ -70.833824077072208, -35.501363469960545 ], [ -70.834205669726813, -35.501459658228484 ], [ -70.834836356226532, -35.501508629536005 ], [ -70.835502237820776, -35.501441336488391 ], [ -70.835931949631885, -35.50133827159469 ], [ -70.836127805720025, -35.50132495059561 ], [ -70.836440820087518, -35.501221370702424 ], [ -70.837056179531857, -35.501108976048222 ], [ -70.838415321573578, -35.500923945438522 ], [ -70.838999358560599, -35.500911496109069 ], [ -70.839840885047423, -35.500958852256801 ], [ -70.840729540747276, -35.50107675105523 ], [ -70.841922216882011, -35.501377731430566 ], [ -70.843927041898809, -35.502261314549827 ], [ -70.844894059437536, -35.502475689549286 ], [ -70.8450444607723, -35.502476934238651 ], [ -70.845572035050466, -35.50239626560132 ], [ -70.846197077435264, -35.502194166932689 ], [ -70.846522747268466, -35.502134974482331 ], [ -70.847194808373558, -35.502085319778622 ], [ -70.84758216821227, -35.502089504353961 ], [ -70.848553474308176, -35.501998184467887 ], [ -70.849444746800472, -35.501965319931401 ], [ -70.850221061885847, -35.501826756918604 ], [ -70.850583783631265, -35.501717577248819 ], [ -70.850872948626275, -35.501583012655558 ], [ -70.851103664737337, -35.50143206335926 ], [ -70.851645420718881, -35.500872145742804 ], [ -70.852314563197623, -35.500491577480908 ], [ -70.852603485647492, -35.500370379529677 ], [ -70.853253672775409, -35.500222508318124 ], [ -70.853740565049293, -35.500066361815357 ], [ -70.853951127456938, -35.499970220146864 ], [ -70.855155385570654, -35.499548323452004 ], [ -70.855360108928949, -35.499532176271238 ], [ -70.855863426897798, -35.499320970350581 ], [ -70.856176159194291, -35.499151690152871 ], [ -70.856348111112723, -35.499096830116471 ], [ -70.858452802737972, -35.497988320689871 ], [ -70.859126116992883, -35.49775594536149 ], [ -70.860788859057919, -35.497391103316041 ], [ -70.860859897830579, -35.497413122984447 ], [ -70.8612555976284, -35.497439216298332 ], [ -70.861607199128912, -35.497272350002262 ], [ -70.861719768813799, -35.497012204345772 ], [ -70.86191412920698, -35.496879963448187 ], [ -70.862350023223883, -35.496937780425554 ], [ -70.862629430718286, -35.497062780772659 ], [ -70.862909581119411, -35.497219894849344 ], [ -70.863228439926132, -35.497344210939083 ], [ -70.863663591934596, -35.497369760877589 ], [ -70.864099492239703, -35.497427645518542 ], [ -70.864340109581818, -35.497585515102074 ], [ -70.86489370535881, -35.497609229996229 ], [ -70.865450288932436, -35.497762136994439 ], [ -70.866044175048231, -35.497817571322557 ], [ -70.866359302253258, -35.497780348408142 ], [ -70.866675178653253, -35.497775460047045 ], [ -70.867029848798779, -35.497737697374589 ], [ -70.867421724468443, -35.497602389640306 ], [ -70.867776302985817, -35.497564626155132 ], [ -70.868015609685912, -35.497657813839673 ], [ -70.868372432194874, -35.497716907931249 ], [ -70.868767298356104, -35.49771079016152 ], [ -70.869039980163976, -35.497544977580439 ], [ -70.869545145967379, -35.497181846686104 ], [ -70.869897475103258, -35.497047144312411 ], [ -70.870094908633035, -35.497044157441017 ], [ -70.870450319888675, -35.49703857278103 ], [ -70.87080648213589, -35.497065396112951 ], [ -70.871082904528606, -35.497061108154263 ], [ -70.871438316682557, -35.497055594437285 ], [ -70.871671450160036, -35.496890388995958 ], [ -70.871905425358932, -35.496757591331402 ], [ -70.872211193017037, -35.496465266166396 ], [ -70.872363748511859, -35.49636135162357 ], [ -70.872599117896073, -35.496249874616517 ], [ -70.872939890205842, -35.496224643929132 ], [ -70.873650620190631, -35.496213679277545 ], [ -70.87420570627269, -35.496301874761727 ], [ -70.874762208099611, -35.496454814234291 ], [ -70.875395628172754, -35.496509587579936 ], [ -70.876027364803051, -35.496499690027726 ], [ -70.87670173907, -35.496618439364127 ], [ -70.876902925761016, -35.496776823222518 ], [ -70.877338076871169, -35.496802324340251 ], [ -70.877533914992995, -35.496734729685542 ], [ -70.877649437440226, -35.496603690692496 ], [ -70.877845363596961, -35.496536019808801 ], [ -70.878359505366674, -35.496560361791445 ], [ -70.87856069475265, -35.496718742107532 ], [ -70.878643354131853, -35.496878968066092 ], [ -70.878882582678514, -35.496972209203925 ], [ -70.879196194425674, -35.496870356291886 ], [ -70.879190174814966, -35.496611968993633 ], [ -70.879222192568307, -35.496288442491171 ], [ -70.879535052425581, -35.496154401238336 ], [ -70.87977494123399, -35.496279903790288 ], [ -70.879858445029541, -35.496472388925859 ], [ -70.879942702511613, -35.496697210067566 ], [ -70.880184096896443, -35.496887233905767 ], [ -70.880540349873513, -35.496913953435069 ], [ -70.880734678825661, -35.496781756988781 ], [ -70.88077045423185, -35.496619684875654 ], [ -70.880727240775101, -35.496458845516386 ], [ -70.880525294109333, -35.496268133180465 ], [ -70.880482744507603, -35.496139629809122 ], [ -70.880556462056447, -35.495912272911312 ], [ -70.880870822998546, -35.495842824946855 ], [ -70.88111005064691, -35.495936061436296 ], [ -70.881349938557008, -35.496061486804301 ], [ -70.881550378748031, -35.496187526324874 ], [ -70.881826797547475, -35.496183288052308 ], [ -70.88198251601041, -35.496083965404949 ], [ -70.882174668344632, -35.495854759445876 ], [ -70.882522537345139, -35.495526302633287 ], [ -70.882953070216402, -35.495358068350143 ], [ -70.88338595577541, -35.49528676294468 ], [ -70.883663121074875, -35.495314635653394 ], [ -70.883824116241783, -35.495441434780446 ], [ -70.883985862400266, -35.495600349010218 ], [ -70.884149784278364, -35.49585626899384 ], [ -70.884274256640765, -35.496112732299892 ], [ -70.884366822640899, -35.496692720233149 ], [ -70.884572551214006, -35.497044880024006 ], [ -70.884817068142766, -35.497364160150411 ], [ -70.885228533373819, -35.49806840428603 ], [ -70.885633302562752, -35.498482071601494 ], [ -70.886195877000986, -35.498893121506072 ], [ -70.886357638430852, -35.499052178832869 ], [ -70.886638597315752, -35.499241644939325 ], [ -70.886920312582092, -35.499463371356264 ], [ -70.887592366500641, -35.499485128637971 ], [ -70.888260640308502, -35.499345428503474 ], [ -70.889244789618019, -35.499200776225159 ], [ -70.889560001264684, -35.499163565653127 ], [ -70.890106798591617, -35.498896517129175 ], [ -70.890415863965117, -35.498600994261743 ], [ -70.890722745534163, -35.498208536674447 ], [ -70.890954419249312, -35.497978771442824 ], [ -70.891230750912172, -35.497974438920473 ], [ -70.891351462926792, -35.498069439146285 ], [ -70.891511716983587, -35.498163893673294 ], [ -70.891830619807763, -35.498288058375827 ], [ -70.892265024417895, -35.498281243674867 ], [ -70.892420643167824, -35.498181908994376 ], [ -70.892735090348197, -35.498112354752223 ], [ -70.892934037539234, -35.498173852453746 ], [ -70.893055510426905, -35.498301186802685 ], [ -70.89321661339163, -35.49842782397635 ], [ -70.893493705029229, -35.498455821386877 ], [ -70.893769369243842, -35.498419146546993 ], [ -70.89412620971909, -35.498478163287125 ], [ -70.89440500007089, -35.49857075167138 ], [ -70.894604705440017, -35.498664434040393 ], [ -70.894804415300726, -35.498758264031615 ], [ -70.895124083489534, -35.498914755345361 ], [ -70.895561525303634, -35.499037047385265 ], [ -70.896200201419518, -35.499317835101962 ], [ -70.896717306731347, -35.499471143277376 ], [ -70.897193447069611, -35.499560622337398 ], [ -70.897630896968565, -35.499682979945561 ], [ -70.898223959329243, -35.499705847334432 ], [ -70.898655333023626, -35.49956996515953 ], [ -70.898887655322397, -35.499372447795118 ], [ -70.899079857063953, -35.499143288516947 ], [ -70.899391170920623, -35.498944599956147 ], [ -70.899666073363861, -35.498875650463418 ], [ -70.900019114863795, -35.498773122740573 ], [ -70.900413979228389, -35.498766901200462 ], [ -70.900772528299328, -35.498890491598431 ], [ -70.900972914591435, -35.499016573486308 ], [ -70.901253232977524, -35.499173593786985 ], [ -70.90141417155057, -35.499300296868505 ], [ -70.901573677310722, -35.49936240213399 ], [ -70.901850102398384, -35.499358044089448 ], [ -70.902045251512391, -35.499258073744059 ], [ -70.902199334143177, -35.499094056872728 ], [ -70.902314821556104, -35.498963069265457 ], [ -70.902328569373225, -35.498914184167027 ], [ -70.90239981206345, -35.498833301324758 ], [ -70.902669246461556, -35.498689619349499 ], [ -70.90307762597962, -35.498655335382068 ], [ -70.903280873405919, -35.498596296100352 ], [ -70.903818985820678, -35.498281024270483 ], [ -70.90429034442667, -35.498022562523659 ], [ -70.904624727918119, -35.497738419951375 ], [ -70.904855332638093, -35.497400158236211 ], [ -70.905018618508961, -35.497090873735573 ], [ -70.905354221014264, -35.496862393965323 ], [ -70.905729214644779, -35.496856469941171 ], [ -70.906004565347359, -35.496963708606444 ], [ -70.90624645021235, -35.497099317273623 ], [ -70.90655790061291, -35.49728958297122 ], [ -70.906974179915593, -35.497589781092188 ], [ -70.907216818467091, -35.497753292013314 ], [ -70.907560989103558, -35.497887280866458 ], [ -70.908145074599631, -35.498073230464541 ], [ -70.908828804820246, -35.498146085319988 ], [ -70.909344827662181, -35.498333180340687 ], [ -70.909686363539947, -35.498355615156186 ], [ -70.909856142433682, -35.498325085053807 ], [ -70.910126879388955, -35.498237050493401 ], [ -70.910326819218383, -35.498038694649537 ], [ -70.910667034572668, -35.49800546428046 ], [ -70.910909593174111, -35.498168967773367 ], [ -70.91098246181501, -35.498363003227091 ], [ -70.91105458126097, -35.49852913371781 ], [ -70.911296480498976, -35.498664731697637 ], [ -70.911535075733383, -35.498660950646141 ], [ -70.91173765750807, -35.498574139994673 ], [ -70.911904792659939, -35.49843205920515 ], [ -70.911969644735237, -35.498291600294088 ], [ -70.912203042317401, -35.498064721207349 ], [ -70.912439654071676, -35.497977370906028 ], [ -70.912780526094437, -35.497971891625426 ], [ -70.913192954319484, -35.498104781626751 ], [ -70.913402717226532, -35.498324632349608 ], [ -70.91354441208955, -35.498545488802407 ], [ -70.91358448683269, -35.498795799507839 ], [ -70.913623151220847, -35.49899044923712 ], [ -70.913629764617951, -35.499269206188096 ], [ -70.913705287780516, -35.499574711532169 ], [ -70.91398056661788, -35.49968193340473 ], [ -70.914288076109301, -35.499704968269654 ], [ -70.914594260585702, -35.4996721934805 ], [ -70.914796086877203, -35.49955739933776 ], [ -70.91496321843583, -35.499415315899313 ], [ -70.915026743699443, -35.499219117491165 ], [ -70.915295492683001, -35.499047503369447 ], [ -70.91556830294995, -35.499043170904756 ], [ -70.915913156306061, -35.499205114532096 ], [ -70.91622520767956, -35.499423187287 ], [ -70.916401608953592, -35.499671404369593 ], [ -70.916779926350657, -35.49980482397072 ], [ -70.917154268702589, -35.499770959533897 ], [ -70.917390878660214, -35.499683524059002 ], [ -70.917558004828933, -35.499541435724311 ], [ -70.917757268226936, -35.49931523738713 ], [ -70.917956527133384, -35.499088890682138 ], [ -70.918327460378819, -35.498915718523172 ], [ -70.918701796442548, -35.498881774726513 ], [ -70.919075472244543, -35.498820145193847 ], [ -70.919310087043925, -35.498649066295435 ], [ -70.919545364799987, -35.498505890813441 ], [ -70.91981618260364, -35.49841790618278 ], [ -70.920191089995896, -35.498411938392515 ], [ -70.920739181795142, -35.498514800801466 ], [ -70.921186320024432, -35.49867495150604 ], [ -70.921564639218133, -35.498808355941321 ], [ -70.922182884051182, -35.498993693468393 ], [ -70.922632112660153, -35.499237553095725 ], [ -70.923188099752409, -35.49967497109229 ], [ -70.923501592921966, -35.499948833782334 ], [ -70.923677351002254, -35.500169061212993 ], [ -70.923851779575898, -35.500333551984703 ], [ -70.92416195616542, -35.500468181565445 ], [ -70.924434587667619, -35.500463759224004 ], [ -70.924534875585948, -35.500378484849044 ], [ -70.924599707, -35.500238019102824 ], [ -70.924767487142233, -35.50012382692303 ], [ -70.925006841453055, -35.500147848958186 ], [ -70.925110365103023, -35.500202027408022 ], [ -70.92531701534763, -35.500282328927547 ], [ -70.925524816334104, -35.500418442459889 ], [ -70.925834992923612, -35.500552920513563 ], [ -70.926247361859836, -35.500685766753435 ], [ -70.926693192142068, -35.500790234434845 ], [ -70.927034075842954, -35.50078478825575 ], [ -70.927408418194872, -35.500750964454987 ], [ -70.927576193845553, -35.500636694021125 ], [ -70.927743968597909, -35.50052242415606 ], [ -70.928116399334925, -35.500404956027971 ], [ -70.928425157484583, -35.500483692302716 ], [ -70.928631054940979, -35.5005361570256 ], [ -70.92897193594689, -35.500530705710013 ], [ -70.92934418522421, -35.500413236862713 ], [ -70.92961366363977, -35.500269494819094 ], [ -70.92984959357274, -35.500154131091783 ], [ -70.930085523505696, -35.500038841063336 ], [ -70.930323453088477, -35.500007117334995 ], [ -70.930697789152205, -35.499973209834835 ], [ -70.931175073045821, -35.499965568139523 ], [ -70.931380303952267, -35.49999019795932 ], [ -70.93148869916601, -35.500025092750775 ], [ -70.931855788520338, -35.500065739451976 ], [ -70.932391842894788, -35.500125021186989 ], [ -70.933409775147183, -35.499991432448589 ], [ -70.934349988754477, -35.499678885199081 ], [ -70.9351447435577, -35.499364085674557 ], [ -70.935253563674593, -35.49935266509636 ], [ -70.935688221609652, -35.499047922427884 ], [ -70.93587495261113, -35.498685566970408 ], [ -70.935959210093216, -35.498124941277851 ], [ -70.936093173156564, -35.497603545179992 ], [ -70.936326815080491, -35.49716038205522 ], [ -70.936759458094386, -35.496873909974461 ], [ -70.937720579091604, -35.496219440254279 ], [ -70.938298756368013, -35.495890522706972 ], [ -70.93902536138053, -35.495639271912147 ], [ -70.939946341159271, -35.495344788779079 ], [ -70.940575175332867, -35.495095101424504 ], [ -70.941500948521977, -35.495000296616169 ], [ -70.941988161494407, -35.49495249959142 ], [ -70.942280212776424, -35.494907843810161 ], [ -70.942860197463204, -35.494658857223378 ], [ -70.943245981656915, -35.494452949061461 ], [ -70.943679543647335, -35.49420624371804 ], [ -70.944165879864045, -35.494118572531171 ], [ -70.944506671038454, -35.494073124926317 ], [ -70.944945132440424, -35.494026103351381 ], [ -70.945137492285468, -35.493903141777238 ], [ -70.94542568709997, -35.493698800509655 ], [ -70.945710899507731, -35.49337464717452 ], [ -70.945996985976279, -35.493090506447878 ], [ -70.94642195198773, -35.492484423925227 ], [ -70.946852695963088, -35.492118039544941 ], [ -70.947481570560896, -35.491868241959665 ], [ -70.948302880462236, -35.491495472487699 ], [ -70.948831095239186, -35.49112750813395 ], [ -70.949165209236057, -35.490802556689964 ], [ -70.949351857592532, -35.490440034580992 ], [ -70.949683855158611, -35.490035209722457 ], [ -70.950260977812889, -35.489666448009579 ], [ -70.950502241942004, -35.489542686896051 ], [ -70.950934792429408, -35.48925616644167 ], [ -70.95122382986365, -35.489091677857189 ], [ -70.951804890732149, -35.488882585394919 ], [ -70.952287320175699, -35.488635131511998 ], [ -70.952522689559913, -35.48827181698482 ], [ -70.952711159699774, -35.487989166446127 ], [ -70.952851854737901, -35.487747243185801 ], [ -70.953360784482328, -35.486580652563916 ], [ -70.953598078956205, -35.486297285100747 ], [ -70.953980893319596, -35.485971531461814 ], [ -70.954268946200287, -35.485767172949316 ], [ -70.954504391042988, -35.485403852770901 ], [ -70.954643051396985, -35.485082053485201 ], [ -70.954931009954578, -35.484877694173896 ], [ -70.955223982009755, -35.484872872323059 ], [ -70.955614525477841, -35.484866615327469 ], [ -70.95586148312924, -35.484982397462986 ], [ -70.956059612853352, -35.485099044026981 ], [ -70.956260735763991, -35.485335429284966 ], [ -70.956363234436225, -35.485533459536668 ], [ -70.956755625738865, -35.48560700163528 ], [ -70.957047543171896, -35.485562312132984 ], [ -70.957286756447218, -35.485358665027519 ], [ -70.957476262344613, -35.485115943863164 ], [ -70.957764303547208, -35.484911577323352 ], [ -70.958349192137121, -35.484862129952241 ], [ -70.958641986325887, -35.484857450737167 ], [ -70.958887100634314, -35.484893422973279 ], [ -70.959280548355707, -35.48500681975019 ], [ -70.959573429681043, -35.485001988397961 ], [ -70.960008832319488, -35.484835175270433 ], [ -70.960248039306606, -35.484631669691055 ], [ -70.96053713063975, -35.48446715847448 ], [ -70.96077818186815, -35.484343381307518 ], [ -70.961165899236363, -35.484217292485603 ], [ -70.961507605794026, -35.484211663045492 ], [ -70.961752629372612, -35.48424763191327 ], [ -70.962144046901457, -35.484281218349288 ], [ -70.962377278295307, -35.484229569579192 ], [ -70.962946576623452, -35.484148302557969 ], [ -70.963428942286626, -35.483900880912032 ], [ -70.963716081580685, -35.483656487568076 ], [ -70.96400595444814, -35.483531982790709 ], [ -70.964345717051529, -35.483446618027465 ], [ -70.96488176154449, -35.483397934886852 ], [ -70.965267432550476, -35.483191959831053 ], [ -70.965603300058802, -35.482946768472949 ], [ -70.965941112419713, -35.482781524512944 ], [ -70.966274942548964, -35.482456531274181 ], [ -70.966588382717902, -35.482291683507363 ], [ -70.967043346171636, -35.481924761088571 ], [ -70.967424136630683, -35.481519092341458 ], [ -70.968381897928722, -35.480744578662531 ], [ -70.969060321800967, -35.480533815660657 ], [ -70.969547516807097, -35.480485909082518 ], [ -70.970086371230281, -35.480557016215862 ], [ -70.970576580084199, -35.480628842359394 ], [ -70.971164260638005, -35.48069914763343 ], [ -70.971848530746129, -35.480727917841776 ], [ -70.972054786630295, -35.480744338728002 ], [ -70.972829043675375, -35.48086793344023 ], [ -70.974142190177915, -35.480905014962296 ], [ -70.974942554061755, -35.480833425342261 ], [ -70.97595825040743, -35.480636449318411 ], [ -70.976972508550318, -35.480380925619258 ], [ -70.977350312111056, -35.480157834207347 ], [ -70.977400432714006, -35.480117798489587 ], [ -70.978027155846718, -35.479787972324907 ], [ -70.978507489520709, -35.479460618073915 ], [ -70.978940859271646, -35.479213790624136 ], [ -70.979282545168061, -35.47920825885749 ], [ -70.979625296466409, -35.479242514546712 ], [ -70.98006453940269, -35.479235306134989 ], [ -70.980745949274919, -35.47914428799394 ], [ -70.981615792456111, -35.478770498276084 ], [ -70.982388869114885, -35.478438245955054 ], [ -70.983023403997308, -35.478427816550109 ], [ -70.983513426899933, -35.47849959412067 ], [ -70.984148946335893, -35.478529169065354 ], [ -70.984928081232965, -35.478436446394497 ], [ -70.985610366962618, -35.478385264973497 ], [ -70.986334598626129, -35.47805379160512 ], [ -70.986814884689409, -35.477726332998067 ], [ -70.987392815827462, -35.477397262210161 ], [ -70.987975478392116, -35.477267877148982 ], [ -70.988367049532869, -35.477301376522178 ], [ -70.988564218957947, -35.477377959110811 ], [ -70.988910813249078, -35.477572010389217 ], [ -70.989303280908501, -35.477645445652712 ], [ -70.989837206275723, -35.477516781554989 ], [ -70.990127103397683, -35.477392139248373 ], [ -70.990659149489318, -35.477183744230601 ], [ -70.991196025822262, -35.477174884548113 ], [ -70.991541635559827, -35.477328843612995 ], [ -70.99208442550227, -35.477559599870602 ], [ -70.992474924054591, -35.477553151374607 ], [ -70.99281068196845, -35.477307887219183 ], [ -70.992995042315897, -35.476865506105611 ], [ -70.99308480197908, -35.47654447294709 ], [ -70.993566935876899, -35.476296935720505 ], [ -70.993910665440595, -35.476371087602153 ], [ -70.994256188041575, -35.476525114777012 ], [ -70.994792161567645, -35.476476300155348 ], [ -70.995565250802841, -35.476144038352501 ], [ -70.996094220164636, -35.475815736533612 ], [ -70.996474832757258, -35.475409982822001 ], [ -70.997056567362222, -35.475240615671993 ], [ -70.997738906990762, -35.47518943953196 ], [ -70.998464133987639, -35.474897757224532 ], [ -70.999035972751415, -35.474329088793326 ], [ -70.999465295591989, -35.473922592351407 ], [ -70.999997199749828, -35.473714010568308 ], [ -71.000728345746097, -35.473662008243245 ], [ -71.001070091829632, -35.473656340022174 ], [ -71.001653781168628, -35.473566751642586 ], [ -71.002185679038249, -35.473358234046565 ], [ -71.002473562137354, -35.473153765187242 ], [ -71.002710730847099, -35.472870231141577 ], [ -71.003001581979902, -35.472785497383441 ], [ -71.003437811966691, -35.472658469371154 ], [ -71.003869173084652, -35.472331680867384 ], [ -71.004202895416086, -35.47200666147652 ], [ -71.004637134736214, -35.471799682024475 ], [ -71.005271699263034, -35.471789136167239 ], [ -71.005518683863869, -35.471904890317589 ], [ -71.005911135353614, -35.471978271498855 ], [ -71.006305572120155, -35.47213152502384 ], [ -71.006843400667279, -35.472162458671157 ], [ -71.007527690538325, -35.472191027090638 ], [ -71.007804275526098, -35.472186423954426 ], [ -71.007897563771735, -35.47218044104752 ], [ -71.008471355472935, -35.472125619660964 ], [ -71.008620050008645, -35.472111402015223 ], [ -71.008697775840304, -35.472104052499517 ], [ -71.009203166222505, -35.471919799350502 ], [ -71.009340112590962, -35.47155690894396 ], [ -71.009478357923285, -35.471257137392726 ], [ -71.009507933157366, -35.471179545225887 ], [ -71.009309154849632, -35.470204194058056 ], [ -71.009320218500662, -35.468686240549552 ], [ -71.010210795696921, -35.467193515756939 ], [ -71.010397027235101, -35.46683098373996 ], [ -71.010876061945197, -35.466463497633825 ], [ -71.011117070054468, -35.466339621777436 ], [ -71.011506513984642, -35.466293177336105 ], [ -71.011938806655564, -35.466006445969711 ], [ -71.012030470747149, -35.465765273795995 ], [ -71.012416835252537, -35.465599018505344 ], [ -71.01294774587366, -35.46535051838967 ], [ -71.013328134785766, -35.464944715527011 ], [ -71.013907852672915, -35.464695396864194 ], [ -71.014440743180927, -35.464526689780271 ], [ -71.014974540089042, -35.464397991520102 ], [ -71.015603970744024, -35.464187787089472 ], [ -71.016085957318126, -35.463940091098507 ], [ -71.016663665673974, -35.463610887063957 ], [ -71.01714963447975, -35.463522931542705 ], [ -71.017735225552215, -35.463513139677808 ], [ -71.018464264100828, -35.463381087303851 ], [ -71.018945237375291, -35.463093444140469 ], [ -71.019712192015419, -35.462521415796509 ], [ -71.020484947975646, -35.462188928776577 ], [ -71.021309507981684, -35.461975427483218 ], [ -71.021890178981337, -35.461766008399657 ], [ -71.022474755855853, -35.461716257778534 ], [ -71.02329839239377, -35.461462732905964 ], [ -71.024516262678958, -35.46136247250147 ], [ -71.025978279787026, -35.461258101365928 ], [ -71.026463220021782, -35.461130099562887 ], [ -71.027036766482937, -35.460641178813681 ], [ -71.027269804738978, -35.460197929678955 ], [ -71.027505754434884, -35.459874342205161 ], [ -71.027986766336923, -35.459586736989124 ], [ -71.028618036741591, -35.459456266693017 ], [ -71.02924948501267, -35.459325789599987 ], [ -71.029977461752623, -35.459153807121822 ], [ -71.030554897020608, -35.458824543254785 ], [ -71.031038901210863, -35.458656660200369 ], [ -71.03147811001115, -35.458649266284212 ], [ -71.031873527737972, -35.458842298125845 ], [ -71.032024981898246, -35.459039438028817 ], [ -71.03203192228213, -35.459318917449323 ], [ -71.032233106278213, -35.459555246070742 ], [ -71.032577709004357, -35.459669226629707 ], [ -71.032968110538633, -35.459662649383283 ], [ -71.033257874709946, -35.459537982328136 ], [ -71.033646354747802, -35.459451529658232 ], [ -71.033793701810609, -35.459488925445072 ], [ -71.034185110356304, -35.459522353933039 ], [ -71.034524594481951, -35.459436651240445 ], [ -71.034766641043703, -35.459352738200423 ], [ -71.035003566309982, -35.459069145984344 ], [ -71.035238475756785, -35.458705683200655 ], [ -71.035668628640678, -35.458338999244177 ], [ -71.036002161427589, -35.458013823058025 ], [ -71.036186331332189, -35.457571308726514 ], [ -71.03617727541581, -35.457212034868448 ], [ -71.036023800944477, -35.456935028674025 ], [ -71.035770696121588, -35.456579796964427 ], [ -71.035763653329766, -35.456300320467712 ], [ -71.035949835460599, -35.455937751060787 ], [ -71.036234548405076, -35.455613397885038 ], [ -71.036471457501676, -35.455329804195401 ], [ -71.036657633344319, -35.45496716163116 ], [ -71.036743170925689, -35.454486431185494 ], [ -71.036743421555627, -35.454485615288057 ], [ -71.036743242790891, -35.454478527590467 ], [ -71.036729814774034, -35.45394230918594 ], [ -71.037010654182978, -35.453518396368509 ], [ -71.037215731477517, -35.452978562523896 ], [ -71.037423783093956, -35.452560382391425 ], [ -71.037631807760917, -35.452137623609232 ], [ -71.037693454647297, -35.451915844935037 ], [ -71.037750637805019, -35.451710389284983 ], [ -71.037765282140782, -35.451657634374349 ], [ -71.03773385278393, -35.451574492559146 ], [ -71.037609311251259, -35.451245600882089 ], [ -71.03752567001348, -35.45082776665685 ], [ -71.037661183569014, -35.450410810597774 ], [ -71.037700327657518, -35.450334675061313 ], [ -71.037938780059804, -35.449869750649476 ], [ -71.037974508753607, -35.449629578753083 ], [ -71.038001193209126, -35.449449450458083 ], [ -71.038206969392931, -35.449123989534044 ], [ -71.038421682017201, -35.448784345041695 ], [ -71.038418940358952, -35.448675684611992 ], [ -71.038409747000344, -35.448311242559861 ], [ -71.038495678043788, -35.447957600313742 ], [ -71.038541618785729, -35.447768137729305 ], [ -71.038607096088484, -35.447469490128746 ], [ -71.038883559803679, -35.446869811006096 ], [ -71.038944130508341, -35.446391051277196 ], [ -71.03908258424984, -35.446091171299635 ], [ -71.039292087543757, -35.445731525642181 ], [ -71.039579785589908, -35.44520904982015 ], [ -71.039988635825168, -35.444466741505344 ], [ -71.040554945458382, -35.443799089810284 ], [ -71.041049500361638, -35.443195717507741 ], [ -71.041694439531668, -35.442765635642886 ], [ -71.041975419077801, -35.442346139987279 ], [ -71.042397432326922, -35.441744063900053 ], [ -71.042752387238409, -35.441377520744773 ], [ -71.043126708929094, -35.441059685453475 ], [ -71.043180333859979, -35.441014098074028 ], [ -71.043537236318997, -35.440710588472022 ], [ -71.043817725384983, -35.440286666701198 ], [ -71.044311106190165, -35.439599332967383 ], [ -71.044419468166254, -35.439081360162312 ], [ -71.044348489580713, -35.438897420738378 ], [ -71.04418320585664, -35.438499140772215 ], [ -71.044137203130958, -35.438003870174391 ], [ -71.044150014903522, -35.437960967125875 ], [ -71.044296428616732, -35.437466867918985 ], [ -71.044467061808334, -35.437120501463369 ], [ -71.045001798354235, -35.436706374946162 ], [ -71.045142823074073, -35.436620091702594 ], [ -71.045796575615356, -35.436220265649723 ], [ -71.045852505623259, -35.436155437924668 ], [ -71.046097083637449, -35.435871695156145 ], [ -71.046202350019072, -35.435602796155273 ], [ -71.046263863954778, -35.43495290720638 ], [ -71.046368587753975, -35.43468401611598 ], [ -71.04648378051948, -35.434515014083701 ], [ -71.046552862761473, -35.434413701989442 ], [ -71.047013198140604, -35.434176960647598 ], [ -71.047440162005259, -35.433673594602332 ], [ -71.047820620087663, -35.432713071722375 ], [ -71.048069309690902, -35.432403556672611 ], [ -71.048328587736421, -35.432170147842427 ], [ -71.048887885120521, -35.431851297581829 ], [ -71.049121993270077, -35.431717865483591 ], [ -71.049602690761759, -35.431270812617946 ], [ -71.049771460847467, -35.43096265127523 ], [ -71.050161647684391, -35.430440772770943 ], [ -71.050246117168854, -35.430153095301279 ], [ -71.050476544022388, -35.428775349574508 ], [ -71.050600775636269, -35.428443942607338 ], [ -71.05065646399737, -35.428295222488714 ], [ -71.051228920802089, -35.427465022410452 ], [ -71.051950505130449, -35.426250627901403 ], [ -71.052118912296777, -35.425818696504926 ], [ -71.052160162934626, -35.425712758890704 ], [ -71.05219345090579, -35.425566781692567 ], [ -71.05226506639687, -35.425253031570485 ], [ -71.052368775099794, -35.425137317174141 ], [ -71.052612158354677, -35.424865546499248 ], [ -71.05273584648782, -35.424705256828581 ], [ -71.053299272528974, -35.423976005440053 ], [ -71.053623578719581, -35.423665193333299 ], [ -71.055253662532451, -35.422804053677893 ], [ -71.055933026940806, -35.422328412069184 ], [ -71.05605082392232, -35.421830281477 ], [ -71.055978991038941, -35.421297199827357 ], [ -71.05609340227015, -35.420570118142642 ], [ -71.05623369665966, -35.42014796514146 ], [ -71.056463156925943, -35.419915121083314 ], [ -71.056583879720336, -35.419645875245656 ], [ -71.056508778765959, -35.419303678125047 ], [ -71.056378376624366, -35.419000529592942 ], [ -71.056057185791175, -35.418662597712391 ], [ -71.055574648549779, -35.418060223744234 ], [ -71.054684246524985, -35.41710942271358 ], [ -71.054427732595613, -35.416667660111415 ], [ -71.054376482810341, -35.416084673961443 ], [ -71.05480112722492, -35.414696228702645 ], [ -71.055114700344518, -35.41409588158843 ], [ -71.055203603913242, -35.4137922471038 ], [ -71.055302882125176, -35.413577425541938 ], [ -71.0558954701754, -35.413147572045368 ], [ -71.056747055098441, -35.412923997682945 ], [ -71.057512426907039, -35.41272293411933 ], [ -71.057578740541302, -35.412705556370327 ], [ -71.058181979017533, -35.412656134166312 ], [ -71.05901761075944, -35.412458368173745 ], [ -71.059156390589351, -35.412410213865634 ], [ -71.060090473194848, -35.41208639767131 ], [ -71.060547258431967, -35.412116930497156 ], [ -71.061672936416201, -35.412444585851865 ], [ -71.062252063211858, -35.412447397958196 ], [ -71.062602165424181, -35.412323551706102 ], [ -71.062925717029955, -35.412156070979989 ], [ -71.064442392131483, -35.411303616671717 ], [ -71.064935975955905, -35.411295175839832 ], [ -71.065515930998274, -35.411359030795367 ], [ -71.066809603822094, -35.411648538368588 ], [ -71.067109235986806, -35.411685798222592 ], [ -71.067751822469106, -35.411648208175279 ], [ -71.067757586059969, -35.411647814286127 ], [ -71.068024684838321, -35.411534533006837 ], [ -71.068852114961686, -35.410565846261235 ], [ -71.069171823574692, -35.410312379189058 ], [ -71.071488871543195, -35.408860340739551 ], [ -71.072430208942905, -35.408136557263404 ], [ -71.073001310189838, -35.407851956527558 ], [ -71.073640333055423, -35.407732940670854 ], [ -71.075024935148932, -35.407475048216703 ], [ -71.075042533145336, -35.407471792239463 ], [ -71.076488000590928, -35.407318884899183 ], [ -71.077549305301872, -35.407064750852221 ], [ -71.078381843245936, -35.406813955476387 ], [ -71.078909175877286, -35.406473586303484 ], [ -71.079434016582013, -35.406036441140628 ], [ -71.07977223947303, -35.405880627218515 ], [ -71.080014505223687, -35.40580282484752 ], [ -71.080311165761415, -35.405707542833468 ], [ -71.081570586721767, -35.405571813013495 ], [ -71.081681677779684, -35.405545823152259 ], [ -71.082207719531979, -35.405422653823344 ], [ -71.082727585366683, -35.40524878134628 ], [ -71.083190206958207, -35.405051818700663 ], [ -71.084037729699546, -35.404270484305272 ], [ -71.084297896178867, -35.403679700513379 ], [ -71.084563276480111, -35.402916756318973 ], [ -71.084699021801001, -35.402352858529746 ], [ -71.084932600842862, -35.402123953663889 ], [ -71.085369958215352, -35.401980000062899 ], [ -71.086982930918708, -35.401933521413234 ], [ -71.08750647984607, -35.401840798345468 ], [ -71.087896610987443, -35.401688053128872 ], [ -71.088445536423265, -35.400750638228629 ], [ -71.088680473717829, -35.400221945294945 ], [ -71.089167842997128, -35.399056435999462 ], [ -71.089194350484533, -35.398993132201589 ], [ -71.089458457873008, -35.398148225929397 ], [ -71.089542277875552, -35.397880398981606 ], [ -71.089621352976749, -35.397739676599628 ], [ -71.089797779403625, -35.397425642377783 ], [ -71.090235134979451, -35.396647154370982 ], [ -71.090840287765559, -35.395758973589551 ], [ -71.091284903525533, -35.394881694120464 ], [ -71.091729572286127, -35.394331492599996 ], [ -71.092125468814984, -35.393981232322652 ], [ -71.092834909717354, -35.393186500790179 ], [ -71.093188096744356, -35.392702055582596 ], [ -71.093404137078608, -35.392173533229055 ], [ -71.09362522953802, -35.391788118993411 ], [ -71.093705986285443, -35.391071189101936 ], [ -71.093728895121814, -35.389927228264369 ], [ -71.093793217191106, -35.389638542720796 ], [ -71.09413221802312, -35.389080637087048 ], [ -71.094694303777857, -35.388511403327442 ], [ -71.096018111486217, -35.387641304108911 ], [ -71.096648437761488, -35.387409846961404 ], [ -71.096859169950747, -35.387332411253354 ], [ -71.097186941841713, -35.387108198445702 ], [ -71.097317023284759, -35.387019240234757 ], [ -71.097834641534618, -35.386760932916559 ], [ -71.098740681431863, -35.386600888962164 ], [ -71.100678122022586, -35.385836607708086 ], [ -71.10164265571953, -35.385248451369129 ], [ -71.101710910613164, -35.385192466353217 ], [ -71.101909487698293, -35.385029347694825 ], [ -71.102072028865791, -35.384867593861408 ], [ -71.102353591418549, -35.384587234234097 ], [ -71.102776519152627, -35.383996532529366 ], [ -71.103053987184325, -35.383391967435891 ], [ -71.103109615358292, -35.383179714664394 ], [ -71.103113748506928, -35.382845768450778 ], [ -71.103009154963445, -35.382561348694779 ], [ -71.102830436035987, -35.382318540848914 ], [ -71.102439936585341, -35.382122400342048 ], [ -71.101966787636997, -35.381927697803469 ], [ -71.101752474763032, -35.381824714882285 ], [ -71.101604276097348, -35.381753591559608 ], [ -71.101420682012844, -35.381576371469208 ], [ -71.101343340660137, -35.381250710255458 ], [ -71.101365074500109, -35.381024795991458 ], [ -71.10138825911929, -35.380980008859517 ], [ -71.101483068212687, -35.3807972053268 ], [ -71.1018663829377, -35.380445729783069 ], [ -71.102831123247185, -35.379909995503851 ], [ -71.104798467855375, -35.379020176522772 ], [ -71.105041285171623, -35.378891211945835 ], [ -71.105657632762785, -35.37844475518466 ], [ -71.106301189425594, -35.377858983256687 ], [ -71.106392296561708, -35.37773199808467 ], [ -71.106558051901303, -35.3772820946011 ], [ -71.106628648702852, -35.376678470934664 ], [ -71.106709010191537, -35.376446954499812 ], [ -71.106992265170291, -35.376046178697585 ], [ -71.107859726917653, -35.375375553069041 ], [ -71.108234146524723, -35.375165931472054 ], [ -71.108788030660918, -35.375019935237432 ], [ -71.109312975570234, -35.374818833545199 ], [ -71.110126775555798, -35.37393777160031 ], [ -71.110653154176305, -35.373459776764051 ], [ -71.111693155340291, -35.372250330315161 ], [ -71.112036412390154, -35.372015247106468 ], [ -71.112194710814578, -35.371858503100327 ], [ -71.11235568532021, -35.371589975751135 ], [ -71.112382897086803, -35.371361083921713 ], [ -71.112410262465303, -35.371131079502248 ], [ -71.112197472235749, -35.37057044254037 ], [ -71.112196791312769, -35.370333323185278 ], [ -71.112284000658875, -35.370078271939683 ], [ -71.112484296221126, -35.369492095728248 ], [ -71.112497827544246, -35.369416310036826 ], [ -71.11257804709912, -35.3689657536626 ], [ -71.112561417486589, -35.368393562136141 ], [ -71.112476075737973, -35.368076836613525 ], [ -71.112259671586017, -35.367660859426536 ], [ -71.112065789096562, -35.367448239294809 ], [ -71.111700749697718, -35.367168379533211 ], [ -71.111510269128246, -35.366885541749106 ], [ -71.111383837540203, -35.36656945934439 ], [ -71.111287466276522, -35.365998660990904 ], [ -71.111295242991943, -35.36571575464361 ], [ -71.111332961454096, -35.364356850787246 ], [ -71.111452235265929, -35.364086839938579 ], [ -71.111522646116214, -35.363927644010566 ], [ -71.111794109808557, -35.363547372287179 ], [ -71.111979776306427, -35.363061001899176 ], [ -71.112171541466751, -35.362185999748235 ], [ -71.112646440333293, -35.361188847190412 ], [ -71.112871818654924, -35.360524762574343 ], [ -71.11291628256653, -35.360394083458893 ], [ -71.112973463927631, -35.360225592311252 ], [ -71.113182660896058, -35.359764064400018 ], [ -71.113745777916733, -35.359070659142809 ], [ -71.113927223231087, -35.358720538090637 ], [ -71.114047641496597, -35.358111312441203 ], [ -71.113911208066199, -35.356965408764019 ], [ -71.113346514502183, -35.354761788933168 ], [ -71.113091877153437, -35.353496543283214 ], [ -71.113086378565583, -35.353468872029282 ], [ -71.113059075170852, -35.353202898395203 ], [ -71.113038395952998, -35.353000838235893 ], [ -71.113083978267142, -35.352570751964805 ], [ -71.113085585353176, -35.352566736187988 ], [ -71.113161104922483, -35.352386107350881 ], [ -71.113244686871482, -35.352186284937858 ], [ -71.113375306405374, -35.352013554977262 ], [ -71.113860953614264, -35.351566168506423 ], [ -71.114584277979361, -35.350302347703746 ], [ -71.114698576921157, -35.349680228996959 ], [ -71.114648910865725, -35.349071837105612 ], [ -71.114541903549096, -35.348697962294629 ], [ -71.114523554561089, -35.348633738267026 ], [ -71.114287248234021, -35.348244328678284 ], [ -71.11420859983258, -35.348114547778955 ], [ -71.11397237165896, -35.347880145320282 ], [ -71.112796370950832, -35.346967106418468 ], [ -71.112642057453016, -35.346787098865668 ], [ -71.112506334590009, -35.346628701207671 ], [ -71.112489497466626, -35.34659480308958 ], [ -71.112337206076504, -35.346288182853542 ], [ -71.112040477266802, -35.345453769907913 ], [ -71.112008456818501, -35.34514135303418 ], [ -71.112136958124935, -35.344977523270252 ], [ -71.112182410183379, -35.344919642560619 ], [ -71.112423200900352, -35.344779475551249 ], [ -71.112843166888936, -35.34480854052773 ], [ -71.112925113904097, -35.344854150083144 ], [ -71.11329999614351, -35.345062423011719 ], [ -71.113584810597601, -35.345103671155421 ], [ -71.113781292811495, -35.3448543142174 ], [ -71.113751152537091, -35.344202672166915 ], [ -71.113580777161985, -35.343589449742808 ], [ -71.113562177544011, -35.34352249654038 ], [ -71.11340683906846, -35.343216447918138 ], [ -71.113155562317189, -35.342901958207626 ], [ -71.112745159793121, -35.342388419333332 ], [ -71.11211766949917, -35.341311727377651 ], [ -71.111474334720242, -35.339185826356449 ], [ -71.111379094435492, -35.338265547306236 ], [ -71.111225686439482, -35.33740949957064 ], [ -71.110935878250743, -35.336638324978601 ], [ -71.110417736283054, -35.335754010347024 ], [ -71.110381111968934, -35.335579478406203 ], [ -71.110434249114618, -35.335235073456744 ], [ -71.110545174882532, -35.334988470822744 ], [ -71.110749200249856, -35.334735146615564 ], [ -71.111369870534162, -35.334350696568436 ], [ -71.11234692225463, -35.333826196455796 ], [ -71.113172334761856, -35.333293117162867 ], [ -71.113305190202482, -35.333110378597375 ], [ -71.11329961525783, -35.332896310989767 ], [ -71.113253661041156, -35.332716624589992 ], [ -71.113227783272777, -35.332643448517913 ], [ -71.113211738463491, -35.33259831135598 ], [ -71.113015992868128, -35.332044314050087 ], [ -71.112968281546756, -35.331797086077259 ], [ -71.112988711032941, -35.33152606861433 ], [ -71.113281596849859, -35.33114889019479 ], [ -71.113633624151831, -35.330928494202468 ], [ -71.113918299367057, -35.330765623529771 ], [ -71.114326739072226, -35.330600660913611 ], [ -71.114633061889165, -35.330414442441722 ], [ -71.114812195838297, -35.33022003586202 ], [ -71.114916286325197, -35.329974730509228 ], [ -71.114880837007462, -35.329402865139691 ], [ -71.11475902545493, -35.329023413661183 ], [ -71.114654450776101, -35.328330092635085 ], [ -71.114696817121512, -35.32778411621679 ], [ -71.114853929769751, -35.327256662405908 ], [ -71.115008614271801, -35.32625217974249 ], [ -71.115264479617537, -35.32370164531698 ], [ -71.115400547433623, -35.321561228882032 ], [ -71.115402908206192, -35.321523892956336 ], [ -71.115399959935431, -35.321490269426114 ], [ -71.115258059358197, -35.319879348494439 ], [ -71.115118243770766, -35.319143737007558 ], [ -71.114694074564937, -35.318076417380823 ], [ -71.114163357979933, -35.317370167796241 ], [ -71.113966004400211, -35.316912277727177 ], [ -71.113896272676286, -35.316687589337391 ], [ -71.11380115905402, -35.316380854160712 ], [ -71.113831205903622, -35.315849493805686 ], [ -71.113996617188462, -35.315319457440687 ], [ -71.114038942211394, -35.315183645224423 ], [ -71.11424109459135, -35.314888252866524 ], [ -71.114690459744239, -35.314498734174734 ], [ -71.114973312277755, -35.314185091509238 ], [ -71.115868464593746, -35.313428559676922 ], [ -71.116307532358547, -35.312848459671322 ], [ -71.116572353907685, -35.312223703234231 ], [ -71.116579674278924, -35.312179633704233 ], [ -71.116659726747145, -35.311697466659389 ], [ -71.116685516480644, -35.310408919491159 ], [ -71.116724848317034, -35.310065196810832 ], [ -71.116745602095051, -35.309883162259446 ], [ -71.116878303923784, -35.30949925378475 ], [ -71.117237789039223, -35.308777348646643 ], [ -71.117782605580956, -35.307285557111854 ], [ -71.117940894123905, -35.306594499675484 ], [ -71.117742206545984, -35.305034569955936 ], [ -71.117589027620369, -35.304490909751827 ], [ -71.117479630785084, -35.304102675254583 ], [ -71.117394455224769, -35.303800346756141 ], [ -71.117311564080254, -35.303305671877936 ], [ -71.117390221464831, -35.302846422156065 ], [ -71.117579334798464, -35.302498229731107 ], [ -71.117749807191601, -35.302305816855927 ], [ -71.117793006275306, -35.30228002467635 ], [ -71.118422725289477, -35.30190417096216 ], [ -71.118448270681213, -35.301888879301416 ], [ -71.118518669853387, -35.30186637655212 ], [ -71.118524834092881, -35.301864349442234 ], [ -71.119229540873704, -35.301638717497035 ], [ -71.119416792898036, -35.301578717786256 ], [ -71.120343769829617, -35.301357897353135 ], [ -71.120387279730409, -35.301347533000815 ], [ -71.120413161990385, -35.301341688435159 ], [ -71.120988956934667, -35.301212983249854 ], [ -71.121075601240463, -35.301177862272027 ], [ -71.121357914784795, -35.301063609201201 ], [ -71.121583269750218, -35.300796600184547 ], [ -71.121708616173393, -35.300566941036173 ], [ -71.121762000355773, -35.300469039895191 ], [ -71.121821648490652, -35.300090100746807 ], [ -71.121905278948645, -35.299560159802553 ], [ -71.122018437928361, -35.29917791866103 ], [ -71.122539587455606, -35.298558103002634 ], [ -71.123449264631446, -35.29783213159687 ], [ -71.123797365397294, -35.297478256043625 ], [ -71.124460043599257, -35.29702528369284 ], [ -71.125120149026202, -35.296498355113521 ], [ -71.126111386043306, -35.29557589209282 ], [ -71.126547369891725, -35.294994408111421 ], [ -71.126854451785093, -35.294519760977785 ], [ -71.127120930725923, -35.294108011039583 ], [ -71.127195814288001, -35.293992151070576 ], [ -71.127405634687221, -35.293762847279929 ], [ -71.127443958613881, -35.293730048797201 ], [ -71.127709587748441, -35.293502789180422 ], [ -71.127886055497811, -35.293351761444676 ], [ -71.128230957362931, -35.293179896316204 ], [ -71.129811941957328, -35.292392063498077 ], [ -71.130389776077308, -35.292241123875812 ], [ -71.131258017562359, -35.292155812315208 ], [ -71.131325670584715, -35.292149228733166 ], [ -71.13188500120647, -35.292178950533298 ], [ -71.132776199138618, -35.292436552208621 ], [ -71.133477270437467, -35.292547143311914 ], [ -71.134032928746365, -35.292433502757447 ], [ -71.134154577703825, -35.292370134417368 ], [ -71.134232328688299, -35.292329621180357 ], [ -71.134796528178882, -35.291886307348548 ], [ -71.135092748542149, -35.291528441980368 ], [ -71.135606813056754, -35.291042291407322 ], [ -71.135720957488331, -35.290912883537871 ], [ -71.136204026532354, -35.290364874222838 ], [ -71.136481552056253, -35.29005016865348 ], [ -71.136579379488992, -35.289910045091837 ], [ -71.13737134681989, -35.288775075778759 ], [ -71.138206574319923, -35.287806312548241 ], [ -71.13833006482372, -35.287645573144623 ], [ -71.139883761294712, -35.285623762400931 ], [ -71.140292660038995, -35.285257539260293 ], [ -71.141677013299159, -35.284017822723136 ], [ -71.143655686561431, -35.281928766852253 ], [ -71.144071019938082, -35.281490340085369 ], [ -71.144289472248886, -35.280918560168615 ], [ -71.14429002920437, -35.28091581681204 ], [ -71.144363897670175, -35.280506706583793 ], [ -71.144371357280292, -35.280465144620663 ], [ -71.144487573226911, -35.279793853921745 ], [ -71.144496568057846, -35.278287596006344 ], [ -71.14444592283877, -35.277716081682897 ], [ -71.144466002880307, -35.277295960840007 ], [ -71.144498635081334, -35.277143472826161 ], [ -71.144547758554324, -35.276912854070375 ], [ -71.144721295100908, -35.276622498791447 ], [ -71.14487421261677, -35.276366480731248 ], [ -71.144940455284143, -35.276255786121894 ], [ -71.145270277130592, -35.275857717402502 ], [ -71.145341670737807, -35.275771597273781 ], [ -71.145541690517291, -35.27533491706744 ], [ -71.145657751055353, -35.275081545352954 ], [ -71.145955653064817, -35.274893849650226 ], [ -71.146507055155908, -35.274787984517538 ], [ -71.147289058373659, -35.27488568863879 ], [ -71.147534275988335, -35.274916338630163 ], [ -71.148465183947579, -35.274920185920912 ], [ -71.14857932748086, -35.274894599894147 ], [ -71.149060501977957, -35.274619007629276 ], [ -71.149824158902661, -35.27365136432514 ], [ -71.149870953044129, -35.273592191665514 ], [ -71.150249324340109, -35.273243537504094 ], [ -71.150656353690295, -35.272868599917352 ], [ -71.150999958388155, -35.272690196351007 ], [ -71.151700572444554, -35.272326280665176 ], [ -71.152630850684801, -35.27192304561062 ], [ -71.153351448663003, -35.271345115992077 ], [ -71.15426189030515, -35.27011886768183 ], [ -71.155037982608334, -35.268196902965059 ], [ -71.155214394662138, -35.267701104708991 ], [ -71.155324967392147, -35.267133369216303 ], [ -71.155326228626819, -35.267126625908688 ], [ -71.15534304239398, -35.267081499861703 ], [ -71.155427426538509, -35.266854236592145 ], [ -71.155803858371797, -35.266264553880141 ], [ -71.15622047813595, -35.266012461548129 ], [ -71.156370519246295, -35.265921757111549 ], [ -71.156878058398661, -35.265760501187835 ], [ -71.157125650260639, -35.265708452723707 ], [ -71.157240265409413, -35.265684252959971 ], [ -71.157340914450486, -35.26566310951619 ], [ -71.158335043144504, -35.265559409965121 ], [ -71.158424032053162, -35.265550141220835 ], [ -71.159090606248498, -35.265291436695982 ], [ -71.159454979995729, -35.264588008699015 ], [ -71.159550858982641, -35.263759692887191 ], [ -71.159650183906962, -35.263471676470935 ], [ -71.159996339820225, -35.262764215372997 ], [ -71.160193459837984, -35.262361386755209 ], [ -71.160246392167778, -35.26228976732056 ], [ -71.160679327134133, -35.261703935982958 ], [ -71.160961553541881, -35.261410583394742 ], [ -71.161908809940996, -35.260425998212376 ], [ -71.162022162058491, -35.260290229576839 ], [ -71.162959131849277, -35.259166907124374 ], [ -71.163168651312887, -35.258686089369661 ], [ -71.16316745206197, -35.258668091647728 ], [ -71.163134550366394, -35.258161995772717 ], [ -71.16290080783115, -35.257504478656458 ], [ -71.162497405878085, -35.257035284951442 ], [ -71.162007451247391, -35.256564757884831 ], [ -71.161708108340207, -35.256304542913874 ], [ -71.161666589106105, -35.256209131453261 ], [ -71.16140938796552, -35.255616872068032 ], [ -71.161399558599683, -35.255555235441882 ], [ -71.161318851259608, -35.255052134310397 ], [ -71.161300517542969, -35.254300741478922 ], [ -71.161353169598399, -35.253944138274178 ], [ -71.161546867034929, -35.253627035454826 ], [ -71.162665817535981, -35.252771567983977 ], [ -71.163683537785971, -35.251993524200337 ], [ -71.163997216906779, -35.251753734455981 ], [ -71.164431392446531, -35.251464744448349 ], [ -71.165371350932276, -35.250942565785799 ], [ -71.165434690244638, -35.25091396005292 ], [ -71.16549864939455, -35.250884973574841 ], [ -71.165899937611769, -35.25070357548595 ], [ -71.166246237255464, -35.250604102846943 ], [ -71.166502036125877, -35.250561266690731 ], [ -71.16768215650788, -35.250363400798086 ], [ -71.170193956535059, -35.250348123612028 ], [ -71.170477661569791, -35.250291855858514 ], [ -71.170677007612809, -35.250252314131885 ], [ -71.170772381746517, -35.250233394603534 ], [ -71.171299812294222, -35.249948468466918 ], [ -71.171803969289556, -35.249560788930594 ], [ -71.171897654590524, -35.249488727557512 ], [ -71.174177736885127, -35.247964933161953 ], [ -71.175225455475726, -35.247086189554416 ], [ -71.175332257976478, -35.246996535033212 ], [ -71.175833674211873, -35.246386378093355 ], [ -71.175849755852099, -35.246358247615312 ], [ -71.176070106303072, -35.245973365880786 ], [ -71.176104081485448, -35.245914117252262 ], [ -71.17611535803718, -35.245881347811995 ], [ -71.176262175093981, -35.245453330034586 ], [ -71.176204386471753, -35.244968585156258 ], [ -71.176196282769567, -35.24490115855636 ], [ -71.176165381622113, -35.244869957979851 ], [ -71.175712987350082, -35.244413727411242 ], [ -71.175674450522706, -35.244278683950107 ], [ -71.175615274901674, -35.244072008400195 ], [ -71.175627665364388, -35.243804670597335 ], [ -71.175723311687648, -35.243459400302534 ], [ -71.17617994331286, -35.242639649101186 ], [ -71.176383688405821, -35.242273822976308 ], [ -71.176577577183508, -35.24201754671558 ], [ -71.176984476277951, -35.241479538987548 ], [ -71.177407798372428, -35.240919743889137 ], [ -71.177596123883561, -35.24075181744562 ], [ -71.177811793213593, -35.240559617357135 ], [ -71.178305153357513, -35.24021575073531 ], [ -71.178401206617593, -35.24013522380298 ], [ -71.179258896491305, -35.239416282093984 ], [ -71.179694998917341, -35.239025439107515 ], [ -71.179724625355391, -35.238998984050419 ], [ -71.180081842224766, -35.238583566546495 ], [ -71.180167812794082, -35.238509865857722 ], [ -71.180611477238202, -35.238129517879521 ], [ -71.181611573440634, -35.237435834152123 ], [ -71.182271104844133, -35.236979362922085 ], [ -71.183142988997645, -35.236359171027232 ], [ -71.18437848153377, -35.235234880815717 ], [ -71.18447802744366, -35.235144094978239 ], [ -71.184653367807329, -35.23492602541269 ], [ -71.184851434649389, -35.234679408369836 ], [ -71.185473329337427, -35.233714108697392 ], [ -71.18576333066396, -35.233375142399041 ], [ -71.185826657399929, -35.233330131104154 ], [ -71.186324634884414, -35.232976697944771 ], [ -71.186520717348003, -35.232881137228077 ], [ -71.186816653843621, -35.232736729425028 ], [ -71.187378394645293, -35.232673254950626 ], [ -71.188363967784554, -35.232575896166423 ], [ -71.18848066612648, -35.232564332120191 ], [ -71.188845453997061, -35.232433296539703 ], [ -71.189101627464936, -35.232286500278484 ], [ -71.189290275471237, -35.232051862713796 ], [ -71.189434788349303, -35.2317825760285 ], [ -71.18958063971715, -35.231566510153016 ], [ -71.18981417384326, -35.231384527325709 ], [ -71.19000481970275, -35.231221043205075 ], [ -71.190249367174218, -35.231047057729498 ], [ -71.190408845086608, -35.230578030106408 ], [ -71.190574158455092, -35.23009183735364 ], [ -71.191355666701114, -35.229161799684462 ], [ -71.191608344824246, -35.228932423911907 ], [ -71.191699539995241, -35.228849611019669 ], [ -71.191802421349792, -35.228756246822989 ], [ -71.192129422486261, -35.228459354053911 ], [ -71.192687474805382, -35.227885620791838 ], [ -71.19356615471402, -35.22724359464636 ], [ -71.193775429835867, -35.227090697648023 ], [ -71.194014623348238, -35.2268590507461 ], [ -71.194543348368271, -35.226346839561607 ], [ -71.194849121416269, -35.225930836252289 ], [ -71.195313374348359, -35.225464544833876 ], [ -71.195833520457441, -35.224681381824297 ], [ -71.196344929552055, -35.22391166837096 ], [ -71.196788092736213, -35.223625209961881 ], [ -71.196896186116035, -35.223555379168616 ], [ -71.197217420966709, -35.223396529631046 ], [ -71.197862859600022, -35.223189031069019 ], [ -71.19926275101966, -35.222502049530618 ], [ -71.2008504442326, -35.221878617063837 ], [ -71.200985155592605, -35.221858221002357 ], [ -71.201152939328111, -35.221832792148859 ], [ -71.201220964252997, -35.221822397072557 ], [ -71.202270944801498, -35.221955939760974 ], [ -71.202642555376642, -35.221936768523705 ], [ -71.203011395547463, -35.221818467271021 ], [ -71.203387668378937, -35.221625589002734 ], [ -71.203441624788169, -35.221577489716871 ], [ -71.203634246941292, -35.221405678538474 ], [ -71.204256138036072, -35.220741445704235 ], [ -71.204488207908256, -35.220437905579892 ], [ -71.204677688652822, -35.220190084246873 ], [ -71.204745202436314, -35.219854831359569 ], [ -71.204768953892412, -35.219272536733733 ], [ -71.204889220342665, -35.218898069435447 ], [ -71.205146526586134, -35.218423252403703 ], [ -71.205186723500148, -35.218349040227203 ], [ -71.205471646650381, -35.218000298158096 ], [ -71.20566176969038, -35.217577070167472 ], [ -71.205697118396813, -35.217420160358735 ], [ -71.205728779518992, -35.217279933207465 ], [ -71.205736336147154, -35.216698006875667 ], [ -71.205823533815177, -35.216438608512995 ], [ -71.205884666865188, -35.216340011965045 ], [ -71.206044604715018, -35.216081724329548 ], [ -71.20675390907347, -35.21554386678131 ], [ -71.207096429504773, -35.214830436121844 ], [ -71.207331534784302, -35.214340880118421 ], [ -71.207790063651416, -35.213731378801285 ], [ -71.208159542524385, -35.213352656283433 ], [ -71.208663509076885, -35.212945999839491 ], [ -71.209186629507855, -35.212714976043955 ], [ -71.209763398225917, -35.212551133578216 ], [ -71.210318554376556, -35.212353563948085 ], [ -71.210539150067618, -35.212159445575111 ], [ -71.210587107527388, -35.212069728230219 ], [ -71.210658190317488, -35.211936829827245 ], [ -71.210686025514875, -35.211884847361489 ], [ -71.210804436944059, -35.211526286633983 ], [ -71.210860314849683, -35.211357035485698 ], [ -71.211103849021526, -35.210904023458227 ], [ -71.211128594014326, -35.210588897717187 ], [ -71.211284298104218, -35.210069399086223 ], [ -71.211321353609691, -35.209946058022567 ], [ -71.21133052451043, -35.20933544844543 ], [ -71.211333544646422, -35.209134965932051 ], [ -71.211421616375176, -35.20832159994734 ], [ -71.21155733564494, -35.207732309929519 ], [ -71.211759183496014, -35.207371704324835 ], [ -71.211981227271323, -35.207214999390914 ], [ -71.21226523054672, -35.206828152745757 ], [ -71.21223311397867, -35.206370797350196 ], [ -71.212030885241916, -35.205573076118306 ], [ -71.211959374853706, -35.204734784880529 ], [ -71.212084704208891, -35.204313396904524 ], [ -71.212119171668022, -35.204197561951602 ], [ -71.212251665087592, -35.203937404310096 ], [ -71.212548173810063, -35.203594120905237 ], [ -71.212553057950259, -35.203588419027788 ], [ -71.21290713430939, -35.203019209924705 ], [ -71.213249123836363, -35.20263130096896 ], [ -71.213490023249477, -35.202092593119254 ], [ -71.21357862588259, -35.201442201148097 ], [ -71.213674499479581, -35.201132642374994 ], [ -71.213743782045881, -35.200910786228114 ], [ -71.213813964724082, -35.200685588824854 ], [ -71.214263131349298, -35.200123426101683 ], [ -71.214324146720031, -35.200067660837853 ], [ -71.21507245952138, -35.199383043291498 ], [ -71.215179385091332, -35.199285228359138 ], [ -71.215185975132243, -35.199246262965659 ], [ -71.215226835002952, -35.19900498644288 ], [ -71.215257057024061, -35.198825864658993 ], [ -71.215212496992692, -35.198477148837092 ], [ -71.215198123049845, -35.198365308435811 ], [ -71.215138952818705, -35.197902688325208 ], [ -71.215157536266986, -35.197232161526067 ], [ -71.215166418808508, -35.196909939949236 ], [ -71.215209321448171, -35.19681676878119 ], [ -71.215310673870093, -35.196596687607446 ], [ -71.215339303178212, -35.196534498880467 ], [ -71.215667859298421, -35.19610059985699 ], [ -71.21589601341428, -35.195799250628575 ], [ -71.215944208927596, -35.19565591248805 ], [ -71.216325097303013, -35.194522655106702 ], [ -71.216558592801533, -35.194136723631551 ], [ -71.216757255226625, -35.19394225778985 ], [ -71.217184568535927, -35.193660375054996 ], [ -71.218303429205449, -35.192922202493428 ], [ -71.219707560673228, -35.191989734772228 ], [ -71.219804910202242, -35.191930642001374 ], [ -71.220432006135781, -35.191549669742315 ], [ -71.220546164940416, -35.191506662920567 ], [ -71.221225326329503, -35.191250645516227 ], [ -71.2214251475813, -35.191099353082144 ], [ -71.221586089747618, -35.190977279690188 ], [ -71.221686934621417, -35.190812073388045 ], [ -71.221772710256303, -35.190671660798053 ], [ -71.222021342367384, -35.190258190995081 ], [ -71.222679374482681, -35.189527700485428 ], [ -71.222694130209547, -35.189511255559935 ], [ -71.222883896618356, -35.189202550654599 ], [ -71.223017443761762, -35.188742155714856 ], [ -71.223003321347178, -35.188662952780447 ], [ -71.222958025595602, -35.188410331442803 ], [ -71.222949413446969, -35.188361675074979 ], [ -71.222608486626982, -35.187747966557922 ], [ -71.222606569622144, -35.187717206529378 ], [ -71.222583300561354, -35.187328667264921 ], [ -71.222656758497095, -35.187092919623773 ], [ -71.222771656615166, -35.186723997435074 ], [ -71.223096552100614, -35.186326923016026 ], [ -71.223632088147127, -35.185783522805245 ], [ -71.224383940310716, -35.185556283548522 ], [ -71.224718949927919, -35.185398661375757 ], [ -71.225388750871772, -35.185075516978266 ], [ -71.22568295182225, -35.184635575289448 ], [ -71.225781992878964, -35.184302612397396 ], [ -71.225784749808568, -35.183529798114741 ], [ -71.225908288821387, -35.183306863071365 ], [ -71.225998393437635, -35.183144287252929 ], [ -71.22614715983859, -35.183018519126726 ], [ -71.226557674652071, -35.182671482140975 ], [ -71.227030024099804, -35.182520485039156 ], [ -71.227567770900237, -35.182386153557196 ], [ -71.228189184091292, -35.182143568517404 ], [ -71.228917383613435, -35.181845768126394 ], [ -71.229448809867534, -35.181480322149376 ], [ -71.230097053041163, -35.180867245229408 ], [ -71.230418888864747, -35.18073880025635 ], [ -71.231487711576321, -35.180724199401276 ], [ -71.232157965271043, -35.180591025032513 ], [ -71.232892075707767, -35.180237409239652 ], [ -71.233303015424383, -35.179969951462787 ], [ -71.233914846286297, -35.179690811091973 ], [ -71.234429523451908, -35.179519876808733 ], [ -71.235169842145538, -35.179393663998617 ], [ -71.235634338521081, -35.179384126955512 ], [ -71.236137400470085, -35.179508357335436 ], [ -71.236192059361855, -35.17956635337702 ], [ -71.236685916274141, -35.180089833550021 ], [ -71.237141951417996, -35.180483517665124 ], [ -71.237227771968676, -35.18052978662962 ], [ -71.237469621799363, -35.180660240047978 ], [ -71.237782799660224, -35.180718405608573 ], [ -71.238127758119234, -35.180712028838414 ], [ -71.238526681970598, -35.180649782430848 ], [ -71.23892234853075, -35.180468845543864 ], [ -71.239290704509628, -35.180141673365995 ], [ -71.239783495121685, -35.17913100906145 ], [ -71.240442052751405, -35.178500702181459 ], [ -71.240831128372321, -35.178204749768817 ], [ -71.241082937824544, -35.178065755997068 ], [ -71.241089789275236, -35.178063044404638 ], [ -71.241420762761877, -35.177931077927774 ], [ -71.241864550275153, -35.177754113915512 ], [ -71.242877890339841, -35.177420820317828 ], [ -71.242975138359242, -35.177401811850807 ], [ -71.243710075246, -35.177257775282385 ], [ -71.243774125125768, -35.177231922745058 ], [ -71.244353766656104, -35.176997783218823 ], [ -71.244860832396327, -35.176845852608231 ], [ -71.246515109636434, -35.176248667749007 ], [ -71.247378886494502, -35.175936868909943 ], [ -71.247553173134364, -35.175873963875304 ], [ -71.248846224323998, -35.175571391961022 ], [ -71.249691874077953, -35.175496601667085 ], [ -71.249866294566786, -35.175481101117462 ], [ -71.250920880777727, -35.175243273412995 ], [ -71.25099802000949, -35.175225888658836 ], [ -71.251114695893534, -35.175216850435582 ], [ -71.251647368110923, -35.175175633217044 ], [ -71.251951863754584, -35.175180382527216 ], [ -71.2522053413783, -35.175184381405082 ], [ -71.252804988390025, -35.175265906042938 ], [ -71.252858525286015, -35.175273181261296 ], [ -71.253533015435607, -35.175293196185535 ], [ -71.253905047320643, -35.175245431454329 ], [ -71.254297604811597, -35.175195068085763 ], [ -71.254598207156803, -35.175156533908776 ], [ -71.255290403100659, -35.17497430567871 ], [ -71.256601302018368, -35.174482855826696 ], [ -71.25683141625818, -35.174396592796441 ], [ -71.257085602652651, -35.174341785740197 ], [ -71.257480011571417, -35.174322836764638 ], [ -71.257941476132856, -35.174201685401798 ], [ -71.258462895154693, -35.173919972833232 ], [ -71.259032373145914, -35.173464037329062 ], [ -71.259095462726634, -35.173413528935335 ], [ -71.259716366572917, -35.172778431944991 ], [ -71.259751515853367, -35.172686866925353 ], [ -71.25986383760322, -35.172394025884373 ], [ -71.25987443413031, -35.171964616011998 ], [ -71.260091472492846, -35.171588365027368 ], [ -71.260366900450521, -35.171277929558158 ], [ -71.260540584320808, -35.170895175224722 ], [ -71.260610348384105, -35.170319325704668 ], [ -71.260599187715016, -35.169890321972233 ], [ -71.260522636879756, -35.168908889657537 ], [ -71.260354855839211, -35.168140444486916 ], [ -71.26033941290116, -35.168069911682586 ], [ -71.260313052737459, -35.16794936491344 ], [ -71.260333380714016, -35.167852021041917 ], [ -71.260480717895348, -35.167144821759258 ], [ -71.260619795965951, -35.166798751710601 ], [ -71.260620330463553, -35.166795345043774 ], [ -71.260707838948633, -35.16626280760719 ], [ -71.260647595230736, -35.165386233622478 ], [ -71.260676259573145, -35.165089784036091 ], [ -71.260758311691177, -35.164811686052609 ], [ -71.260927282999489, -35.16451261706186 ], [ -71.261637597962647, -35.163816170916114 ], [ -71.262063959057741, -35.163624838101555 ], [ -71.262456229986114, -35.163527413412062 ], [ -71.263915677912451, -35.16336801904805 ], [ -71.264539332400147, -35.163335457894163 ], [ -71.264658136393095, -35.163329247934676 ], [ -71.265309358380222, -35.163350372516959 ], [ -71.265590143890265, -35.163419412005247 ], [ -71.265872305619311, -35.163541300597714 ], [ -71.266199390299107, -35.163603267820363 ], [ -71.266384951694079, -35.163594920827947 ], [ -71.267031730613809, -35.163455940267326 ], [ -71.268041324703759, -35.16299150062617 ], [ -71.268499010951118, -35.162740480522267 ], [ -71.269041549365269, -35.162196827900885 ], [ -71.270141895756794, -35.161659555051493 ], [ -71.270533570203824, -35.161437901050768 ], [ -71.270805369866082, -35.161284145748397 ], [ -71.270856755296961, -35.16126287301433 ], [ -71.271655298295741, -35.160932928274676 ], [ -71.272224381028224, -35.160830603331121 ], [ -71.272418190754138, -35.160795728510948 ], [ -71.273923928867092, -35.160631652809229 ], [ -71.274426620710187, -35.160499474436996 ], [ -71.274662032315234, -35.160437671560963 ], [ -71.275221840840715, -35.16009955972639 ], [ -71.275554625330983, -35.159695112426114 ], [ -71.275721291562263, -35.159460832066387 ], [ -71.275902686570973, -35.158977403107194 ], [ -71.275910847765317, -35.158950812536247 ], [ -71.276256307484246, -35.157823806020716 ], [ -71.27672050292415, -35.156472722804992 ], [ -71.277122540336322, -35.156140521501207 ], [ -71.277784168407663, -35.15600475097532 ], [ -71.278329074780927, -35.155926927760042 ], [ -71.279277010306402, -35.155958937368752 ], [ -71.280042364148684, -35.155905611026732 ], [ -71.280867645501885, -35.155509229965887 ], [ -71.281265474306934, -35.155291118387659 ], [ -71.281622739685318, -35.155095260346336 ], [ -71.282764495716492, -35.154379487626628 ], [ -71.283082755346925, -35.154213530498524 ], [ -71.283525892479958, -35.153982593815357 ], [ -71.284161253812414, -35.15365136212975 ], [ -71.284935178480822, -35.153076026570403 ], [ -71.285414478193928, -35.152637180170174 ], [ -71.285611740145484, -35.152456662767435 ], [ -71.285816363790786, -35.152269359793245 ], [ -71.286137204281047, -35.152029053617014 ], [ -71.286364355877041, -35.151930312792182 ], [ -71.286481441392866, -35.151879435531903 ], [ -71.286734227313815, -35.151825996342687 ], [ -71.287197518150222, -35.151728037503055 ], [ -71.287687988413893, -35.151823638633381 ], [ -71.288018385182141, -35.151934447224626 ], [ -71.288039897138248, -35.151941647409096 ], [ -71.288097139584778, -35.151972542164721 ], [ -71.28837011334511, -35.152119808988239 ], [ -71.288839713948093, -35.152295187949527 ], [ -71.289003027666752, -35.152321788775239 ], [ -71.289397366516894, -35.152298086960336 ], [ -71.289810633768425, -35.152205494839876 ], [ -71.289812957710069, -35.152205007876013 ], [ -71.289813663785864, -35.152204551760555 ], [ -71.290045469553363, -35.152053873399197 ], [ -71.290062427050984, -35.152042918527663 ], [ -71.290185445040933, -35.151841347893118 ], [ -71.290209661824349, -35.151797466586466 ], [ -71.290279649568163, -35.151670377833369 ], [ -71.290572944118523, -35.151137696565847 ], [ -71.290890799507082, -35.150874985612596 ], [ -71.29134805905467, -35.150613697271844 ], [ -71.291654769045522, -35.150511520938608 ], [ -71.292928797510683, -35.15008662731244 ], [ -71.293304534047948, -35.149961280338289 ], [ -71.294200647561311, -35.149607114138732 ], [ -71.294453465821618, -35.14950720691138 ], [ -71.294661974680508, -35.149395215390342 ], [ -71.295094227825572, -35.1491630398639 ], [ -71.29564649679088, -35.148971938478155 ], [ -71.296604694670165, -35.148821655176448 ], [ -71.296853149813131, -35.148713850927791 ], [ -71.297001071797695, -35.148586536268574 ], [ -71.297275171147078, -35.148297240654415 ], [ -71.297330159720559, -35.148209571886319 ], [ -71.297771848769358, -35.147504576552279 ], [ -71.298476496261358, -35.146642238458966 ], [ -71.298907489968371, -35.146327880094141 ], [ -71.29935882871996, -35.146212600806081 ], [ -71.300047117890642, -35.146057297697816 ], [ -71.300286906986059, -35.145999867594156 ], [ -71.300692181926493, -35.145902812573361 ], [ -71.300936912654294, -35.145765456713583 ], [ -71.301114553603426, -35.145665782762251 ], [ -71.30111835437539, -35.145663495390735 ], [ -71.301173861276794, -35.145623152728021 ], [ -71.302221382238031, -35.144860325786517 ], [ -71.303411182865531, -35.144029722757089 ], [ -71.303703497353936, -35.143625674506097 ], [ -71.303712149926753, -35.143613694519111 ], [ -71.303713609689098, -35.143601703511919 ], [ -71.303736746697538, -35.143414646802881 ], [ -71.303750003136201, -35.143307609623989 ], [ -71.303732024254089, -35.143243924217082 ], [ -71.30371506316321, -35.143184429464441 ], [ -71.303522156244171, -35.14295909341994 ], [ -71.302662095716414, -35.142364865410286 ], [ -71.302402167290651, -35.142064442345841 ], [ -71.302280432094918, -35.14184727759551 ], [ -71.302184947468419, -35.141505621277005 ], [ -71.302177394433514, -35.140694978068041 ], [ -71.302222604845127, -35.140512672624865 ], [ -71.302447865487451, -35.140122086725306 ], [ -71.30298385338655, -35.139793091300113 ], [ -71.303000289861316, -35.139782956058156 ], [ -71.303157860650359, -35.139686246231221 ], [ -71.303468457651419, -35.139618749094971 ], [ -71.3036956847059, -35.139569305421873 ], [ -71.304386505329063, -35.139502845443992 ], [ -71.30481923997111, -35.139494612045723 ], [ -71.305123048403573, -35.139524351593479 ], [ -71.305555191954127, -35.139498328387894 ], [ -71.305875142213935, -35.13933228140813 ], [ -71.306204048677117, -35.139110897151575 ], [ -71.307209052375967, -35.138171305036948 ], [ -71.307693852473548, -35.137718016515535 ], [ -71.308259992325176, -35.136672164630447 ], [ -71.308509668278603, -35.136046115725236 ], [ -71.308781339481783, -35.135657810005988 ], [ -71.308925727494028, -35.135451382510944 ], [ -71.309368691252203, -35.135242807144088 ], [ -71.309673341406082, -35.13509927040225 ], [ -71.310080963644339, -35.135001697685588 ], [ -71.310318300339034, -35.134944737298234 ], [ -71.310832443905383, -35.134901107678942 ], [ -71.310858092603382, -35.134898919916189 ], [ -71.311639319676743, -35.134972926946396 ], [ -71.312240995982677, -35.135153965788454 ], [ -71.312250604362958, -35.135156810311884 ], [ -71.312526615327258, -35.135268961006346 ], [ -71.312710410634381, -35.135343657524935 ], [ -71.312875261370507, -35.135463689143201 ], [ -71.313008259643254, -35.135560402517115 ], [ -71.313019827249164, -35.135568895639601 ], [ -71.313201929231994, -35.13588547888596 ], [ -71.313339716423528, -35.136167238702953 ], [ -71.313538235118159, -35.136460318890784 ], [ -71.313565631039381, -35.136500782166081 ], [ -71.313723567442736, -35.136728910767957 ], [ -71.314051125534689, -35.136829365549374 ], [ -71.314310700024251, -35.136824331904073 ], [ -71.314481830882499, -35.136750019483543 ], [ -71.314654847304539, -35.136631213648663 ], [ -71.315097675417093, -35.135897629710477 ], [ -71.316364992568793, -35.134575878981529 ], [ -71.316437530629671, -35.134486759936834 ], [ -71.316660008291251, -35.134213400879602 ], [ -71.318013033704204, -35.133215001755993 ], [ -71.318470905902828, -35.132981812528122 ], [ -71.318560797618375, -35.132959561175262 ], [ -71.318955351165883, -35.132861543629048 ], [ -71.32117309217638, -35.132834869588699 ], [ -71.321543958946478, -35.132830420486044 ], [ -71.321695198409401, -35.132828555918174 ], [ -71.322362510121593, -35.132608027489418 ], [ -71.322758472227449, -35.132392181948155 ], [ -71.323117249470471, -35.132196470094158 ], [ -71.323524912132925, -35.131829452163181 ], [ -71.32423262198175, -35.131392500528328 ], [ -71.32462256178195, -35.13122129576189 ], [ -71.324830191190202, -35.131169974301599 ], [ -71.32484401446581, -35.131169265339935 ], [ -71.325177935324902, -35.13115244421278 ], [ -71.325644767320185, -35.131229072294467 ], [ -71.325902754486634, -35.13131738970214 ], [ -71.326399604585419, -35.131618011850939 ], [ -71.326542478038107, -35.131704476732551 ], [ -71.326763738482484, -35.132002562848491 ], [ -71.32750996719237, -35.133007483711232 ], [ -71.327629961453056, -35.133133231471049 ], [ -71.327776358996616, -35.133286533790859 ], [ -71.328425610978329, -35.133966236325733 ], [ -71.329309500217292, -35.134311468223707 ], [ -71.329938224796436, -35.134368055853692 ], [ -71.33133447444591, -35.134241642206284 ], [ -71.332203977165605, -35.133826934067578 ], [ -71.33248537802163, -35.133522355880849 ], [ -71.332727547652553, -35.132974020000432 ], [ -71.332905084397098, -35.132321842958049 ], [ -71.333066168497211, -35.13198465017696 ], [ -71.333247489844055, -35.131704594279846 ], [ -71.333700235357341, -35.131385045063581 ], [ -71.334601205163139, -35.13110101691575 ], [ -71.335346353199739, -35.131007782816788 ], [ -71.335442198050657, -35.130995891338131 ], [ -71.335563049304142, -35.130990902882125 ], [ -71.335980020309577, -35.13097385323357 ], [ -71.336263656174012, -35.13096225341679 ], [ -71.336637944627029, -35.131071565957484 ], [ -71.336745449610348, -35.131304109000048 ], [ -71.336769207354678, -35.131355344418999 ], [ -71.336793166321613, -35.131407314478864 ], [ -71.336811340138127, -35.131577701164709 ], [ -71.336881564138821, -35.1322355168491 ], [ -71.33701247203193, -35.132805464071808 ], [ -71.337029060321967, -35.133105853717481 ], [ -71.337059465599395, -35.133653739102535 ], [ -71.337148273946696, -35.134062179362125 ], [ -71.337197013839045, -35.134153919362291 ], [ -71.337521773678887, -35.134765836536303 ], [ -71.338005461662149, -35.135106910656098 ], [ -71.338559456291136, -35.135501569198347 ], [ -71.338734548719799, -35.135626315471853 ], [ -71.339333811252573, -35.136148075872143 ], [ -71.339820926308633, -35.136529840339101 ], [ -71.340200378277913, -35.136931481190118 ], [ -71.340470816992507, -35.137575899010834 ], [ -71.340646460986747, -35.1380304371663 ], [ -71.34080761605378, -35.138484369669698 ], [ -71.34112313672091, -35.13892276347535 ], [ -71.341668611727741, -35.139401389027334 ], [ -71.341678293769874, -35.139409842080688 ], [ -71.34170343941129, -35.13942146713962 ], [ -71.342270566511417, -35.139682927315413 ], [ -71.342968385908961, -35.139865053906028 ], [ -71.343512767666098, -35.13997888180819 ], [ -71.343966548936905, -35.139952376852925 ], [ -71.344571308260896, -35.13990507693498 ], [ -71.344936521034612, -35.139809093035304 ], [ -71.345200859290102, -35.139703541614999 ], [ -71.345503861035439, -35.139582619302011 ], [ -71.345685539911784, -35.139510200259807 ], [ -71.346133192875726, -35.139270311125415 ], [ -71.346578203894438, -35.138941633280204 ], [ -71.346716818434359, -35.13880971277915 ], [ -71.346978555168789, -35.138560572858843 ], [ -71.347339072448506, -35.138304570910492 ], [ -71.34761937466493, -35.13826369127252 ], [ -71.347945439756856, -35.138310614554214 ], [ -71.348081802220364, -35.138350803634765 ], [ -71.348229131316856, -35.138394028104436 ], [ -71.348690142229088, -35.138616308328572 ], [ -71.34922299500785, -35.139085986738692 ], [ -71.349561838634713, -35.139577222934832 ], [ -71.349746640953271, -35.13998253421839 ], [ -71.349833312208517, -35.140039045181744 ], [ -71.350011332246694, -35.14015522501127 ], [ -71.350229738743394, -35.140222103174921 ], [ -71.350532629097643, -35.140216299150651 ], [ -71.350898347622845, -35.140138085457473 ], [ -71.35170812315593, -35.139695596199623 ], [ -71.351787235088054, -35.139629959810243 ], [ -71.35227885519528, -35.139222224786366 ], [ -71.352479570270788, -35.138961852550068 ], [ -71.352487542818935, -35.138951507107514 ], [ -71.352743024584043, -35.138804239227078 ], [ -71.353167191094911, -35.138861058073651 ], [ -71.353331532486251, -35.139120321381014 ], [ -71.353390749429778, -35.139316049648833 ], [ -71.353787156201719, -35.140628231049938 ], [ -71.35378905973181, -35.140756763618953 ], [ -71.35379359802063, -35.141076658772775 ], [ -71.353683314548135, -35.141345983959781 ], [ -71.353608333968012, -35.141792300954812 ], [ -71.353896738089958, -35.142035563181459 ], [ -71.354223358340747, -35.142104244655009 ], [ -71.354712053533419, -35.142091051657886 ], [ -71.354822164529367, -35.142068455339746 ], [ -71.355197094379506, -35.141991599456532 ], [ -71.356182248903821, -35.141517387076377 ], [ -71.357015521669794, -35.141316553602735 ], [ -71.357035789459232, -35.141311728856692 ], [ -71.35786862833892, -35.141192646863942 ], [ -71.359004906443502, -35.141127246014435 ], [ -71.359543683611548, -35.141279511475375 ], [ -71.359995430198254, -35.141537374313195 ], [ -71.360079525983593, -35.141585360850755 ], [ -71.360789963117611, -35.14237350326858 ], [ -71.360838913215758, -35.1424278610057 ], [ -71.360975651175039, -35.14259260735475 ], [ -71.362085517013625, -35.143929987915186 ], [ -71.362778203437628, -35.144612786614424 ], [ -71.363101678686604, -35.14487365569591 ], [ -71.363945020668609, -35.146145250113399 ], [ -71.36414493714183, -35.146519891169163 ], [ -71.364501338340901, -35.147187975323554 ], [ -71.364514174367997, -35.147212093636618 ], [ -71.365212560602487, -35.147658379933745 ], [ -71.366360897691436, -35.148282777940089 ], [ -71.366508974186232, -35.148434670100166 ], [ -71.36678975250976, -35.148722874468177 ], [ -71.366883819594733, -35.149142558703382 ], [ -71.366976979381278, -35.149558789314831 ], [ -71.367098979579993, -35.149775658048881 ], [ -71.367191956110233, -35.149859725312929 ], [ -71.367303398409433, -35.149960416559558 ], [ -71.367363599008186, -35.150014847821559 ], [ -71.367742379037637, -35.150259262145781 ], [ -71.368164964513596, -35.150708928055018 ], [ -71.368658577084119, -35.151567574102529 ], [ -71.368854296628328, -35.152183769491984 ], [ -71.36899500873443, -35.153318343586029 ], [ -71.369014839044326, -35.153478131490125 ], [ -71.368946251774076, -35.154318972027333 ], [ -71.369009457237468, -35.155338677440554 ], [ -71.369024794174308, -35.155399375895513 ], [ -71.369107963796552, -35.155727773552528 ], [ -71.369270612761909, -35.155944287996547 ], [ -71.369383380974483, -35.156043843597175 ], [ -71.369619433078299, -35.156252052786563 ], [ -71.370210850623707, -35.156543990565403 ], [ -71.37024925180549, -35.1565628085458 ], [ -71.370642868410144, -35.156697407435182 ], [ -71.371121905815187, -35.156794664038898 ], [ -71.371426399662226, -35.156842019506399 ], [ -71.371720283507415, -35.157041116637565 ], [ -71.371691314636124, -35.157241884132382 ], [ -71.371640864351463, -35.157309851382983 ], [ -71.371413752281342, -35.157546106963856 ], [ -71.370973840100163, -35.158003714420992 ], [ -71.370257395033519, -35.158748830845653 ], [ -71.369800417556931, -35.159139419151977 ], [ -71.369161029975359, -35.159829186900346 ], [ -71.369058017466784, -35.160174593319574 ], [ -71.369101246194859, -35.160412421768143 ], [ -71.369149374334526, -35.160478164777139 ], [ -71.369592535722077, -35.16067094884216 ], [ -71.369639687393033, -35.160668918201175 ], [ -71.37176510045694, -35.160581371455848 ], [ -71.372363349690076, -35.160497355662457 ], [ -71.373037721262065, -35.160402612969492 ], [ -71.374281805285563, -35.160037492891625 ], [ -71.375440729020127, -35.159941506297386 ], [ -71.376510007177544, -35.159957152285962 ], [ -71.376977877625293, -35.160065385958632 ], [ -71.377288845630559, -35.160158531694712 ], [ -71.377456394007467, -35.160208707553991 ], [ -71.377499460140498, -35.160245523679045 ], [ -71.377700581254516, -35.16041718369123 ], [ -71.377838208545924, -35.16068121734844 ], [ -71.377867631066422, -35.160947376255479 ], [ -71.377888381251182, -35.161116448946501 ], [ -71.377895927997884, -35.161177963420236 ], [ -71.377731108702818, -35.161465585801857 ], [ -71.377712890868864, -35.161476134749272 ], [ -71.377629579312767, -35.161524146983915 ], [ -71.37753945852684, -35.161576058124403 ], [ -71.377259707876007, -35.161634942363058 ], [ -71.377140567014806, -35.161678489352532 ], [ -71.377002741195724, -35.161728900016406 ], [ -71.376766083627373, -35.161893499333758 ], [ -71.376726414922757, -35.161964137372948 ], [ -71.376724106252468, -35.161968244122782 ], [ -71.37664116749724, -35.162115572901833 ], [ -71.376592227280554, -35.162383639476204 ], [ -71.376602194088633, -35.162475826378248 ], [ -71.376706776852316, -35.163445899770409 ], [ -71.376719482623699, -35.163564175893782 ], [ -71.376786242720669, -35.163763065632928 ], [ -71.376884742093253, -35.163893835301621 ], [ -71.377458648778827, -35.164656339866731 ], [ -71.37797960067671, -35.16510403593638 ], [ -71.378467553860929, -35.165638115047713 ], [ -71.379141666718141, -35.166807903225745 ], [ -71.379368177815337, -35.167038508289956 ], [ -71.37965641934224, -35.167332072859573 ], [ -71.379906442943692, -35.167412821087183 ], [ -71.380025556855415, -35.167451390511246 ], [ -71.380431281851813, -35.167582542718662 ], [ -71.380755771298737, -35.167657172861794 ], [ -71.38085681559852, -35.167680515512735 ], [ -71.381099665254126, -35.167866708658458 ], [ -71.381416993331612, -35.168327771868995 ], [ -71.381816315136646, -35.168701559555856 ], [ -71.382492494118992, -35.169591331873285 ], [ -71.382744919815522, -35.169923476039649 ], [ -71.383356808169609, -35.170369432143808 ], [ -71.383673915261539, -35.170686640030567 ], [ -71.383740342083541, -35.170753197170676 ], [ -71.38388859285152, -35.17108399352896 ], [ -71.383874501877955, -35.171590049535489 ], [ -71.383790495924174, -35.171925492123641 ], [ -71.383469849470018, -35.172389731679388 ], [ -71.382406867604445, -35.173593685553762 ], [ -71.382271154622885, -35.173858808707976 ], [ -71.381480357796789, -35.174211183401432 ], [ -71.38141480323894, -35.174251612485385 ], [ -71.381182621077343, -35.174394790860845 ], [ -71.381108875680724, -35.174515134957794 ], [ -71.381033500740187, -35.17463824345176 ], [ -71.381017187334635, -35.174664780431065 ], [ -71.381024352297317, -35.174691520063639 ], [ -71.38111472550986, -35.175036232615199 ], [ -71.38144864367402, -35.175349718604529 ], [ -71.382087222771816, -35.175710525838291 ], [ -71.383163632654288, -35.176240534992417 ], [ -71.383441698065639, -35.17646428242525 ], [ -71.383682469019675, -35.17680300468249 ], [ -71.383734066452959, -35.177002113893501 ], [ -71.383799468297227, -35.17841285523447 ], [ -71.384005238192827, -35.179095654552363 ], [ -71.384025731459403, -35.179255278008782 ], [ -71.384066877892693, -35.179576883823124 ], [ -71.384091721700173, -35.17977149785208 ], [ -71.384228775866447, -35.180287943497234 ], [ -71.384253241483222, -35.180380287051371 ], [ -71.384368189906965, -35.180451057346296 ], [ -71.384736117389465, -35.180677462109763 ], [ -71.385722744252533, -35.181037889597178 ], [ -71.386383269192748, -35.181368776268378 ], [ -71.386994366131063, -35.18160559191783 ], [ -71.387844250543267, -35.182056724041047 ], [ -71.388459907329988, -35.182445936820933 ], [ -71.390050307166874, -35.183046084196846 ], [ -71.390128527970248, -35.18307562941304 ], [ -71.391695851884094, -35.183532135081485 ], [ -71.391769338565936, -35.183553575261563 ], [ -71.392398583269625, -35.183822275259551 ], [ -71.393131126146159, -35.184135084943136 ], [ -71.394193511530403, -35.184588616318244 ], [ -71.394562851164508, -35.184803366754984 ], [ -71.395287754767878, -35.185388439307786 ], [ -71.395448360964252, -35.185570690445054 ], [ -71.395611011726231, -35.185755189974564 ], [ -71.395709738372574, -35.185867181356898 ], [ -71.395879335806654, -35.186236086144284 ], [ -71.395909486860845, -35.186435761791572 ], [ -71.395859948366194, -35.186847033844025 ], [ -71.395769265234904, -35.187012030893307 ], [ -71.395499252321741, -35.18750299092445 ], [ -71.395538390122027, -35.18770234116031 ], [ -71.395648131910406, -35.187919789493279 ], [ -71.396013648314664, -35.188227289376186 ], [ -71.39683274836041, -35.18879615944001 ], [ -71.397029353643489, -35.188932722432206 ], [ -71.397462968634514, -35.189233847519425 ], [ -71.397709983778086, -35.189481732505463 ], [ -71.397923181842756, -35.190326450001152 ], [ -71.398069759049378, -35.190762268799553 ], [ -71.398119837431508, -35.190911258877065 ], [ -71.398146529971868, -35.191152135110393 ], [ -71.398560953355144, -35.191635224486703 ], [ -71.39897374180461, -35.191869851151303 ], [ -71.399438769982794, -35.192134087334793 ], [ -71.400706848905855, -35.192535628400478 ], [ -71.402342403458803, -35.19291206432716 ], [ -71.403115144147677, -35.193037106516492 ], [ -71.403125810743362, -35.193038814806002 ], [ -71.403675333558837, -35.193312359426614 ], [ -71.404121565388024, -35.193609589971338 ], [ -71.404343098021926, -35.193910396740804 ], [ -71.404455178124991, -35.194184726122828 ], [ -71.404579305534327, -35.195126904256441 ], [ -71.404571601582447, -35.195164645683249 ], [ -71.404468374376521, -35.19567276579361 ], [ -71.404135323086606, -35.196304050163874 ], [ -71.403939268470793, -35.196675477593544 ], [ -71.403900815186731, -35.197229573164279 ], [ -71.404163231945844, -35.198025743041846 ], [ -71.404641845346077, -35.1987031546971 ], [ -71.404987775782203, -35.198810447103703 ], [ -71.405711603203841, -35.199035027955141 ], [ -71.405881369521197, -35.199336934075852 ], [ -71.405975072788493, -35.199786790333306 ], [ -71.405995931669381, -35.199886954371031 ], [ -71.406031686414309, -35.200058970382244 ], [ -71.406067230055172, -35.200123249195009 ], [ -71.406193346334533, -35.200351363806412 ], [ -71.406947453269467, -35.201137823253951 ], [ -71.407966010749305, -35.202348358347749 ], [ -71.408657859943474, -35.203011834426455 ], [ -71.409065529792443, -35.203341272205513 ], [ -71.409127925873776, -35.20339157482401 ], [ -71.409147339365376, -35.203403077699164 ], [ -71.409833255187081, -35.203804289272774 ], [ -71.410291486711841, -35.204029920640941 ], [ -71.410492712030432, -35.204129002643619 ], [ -71.410971108936664, -35.204190586599012 ], [ -71.411317473259075, -35.204183685381444 ], [ -71.411616379585027, -35.204035427238743 ], [ -71.411869846428971, -35.203817108185987 ], [ -71.411939825189592, -35.203685744324261 ], [ -71.411971534820822, -35.203626256349942 ], [ -71.412013469974895, -35.203547512743405 ], [ -71.412227970596774, -35.203137377823062 ], [ -71.412239043230954, -35.20311633257819 ], [ -71.412241148881989, -35.203114518800959 ], [ -71.41251424571152, -35.202881701694679 ], [ -71.412721687371871, -35.202822993403444 ], [ -71.413279699266795, -35.202826784659202 ], [ -71.414076859758325, -35.203055760030225 ], [ -71.414684272705685, -35.203153893392795 ], [ -71.41515333611612, -35.203295327456246 ], [ -71.41522297890684, -35.20332894060887 ], [ -71.415655807871985, -35.203537926419564 ], [ -71.416332533030015, -35.203864773914205 ], [ -71.416886507896066, -35.204184321039264 ], [ -71.417693766349728, -35.204649894266851 ], [ -71.418690711262144, -35.205373750649656 ], [ -71.419557359135865, -35.206181360791703 ], [ -71.419875041149567, -35.206553765507358 ], [ -71.420861390433231, -35.207710109850559 ], [ -71.421178486745376, -35.20814115626154 ], [ -71.421276377060195, -35.208274336119715 ], [ -71.421408704291437, -35.208624819860084 ], [ -71.421466639339059, -35.209109124270491 ], [ -71.421571408952332, -35.209985648023071 ], [ -71.421645130094433, -35.210222843392863 ], [ -71.421927511012427, -35.210614556886206 ], [ -71.422843313800172, -35.210959915594721 ], [ -71.423450954021291, -35.211066418221534 ], [ -71.423732630660098, -35.21115566841317 ], [ -71.424298571984025, -35.211424134001149 ], [ -71.425291999093801, -35.211650059060545 ], [ -71.425609342442655, -35.211722196619561 ], [ -71.426019317368656, -35.211883454331357 ], [ -71.42617391114085, -35.211944231670863 ], [ -71.426240036128902, -35.211955976270538 ], [ -71.426354185950373, -35.211975988764934 ], [ -71.426734908137448, -35.212043160163354 ], [ -71.427755679066166, -35.211969219585313 ], [ -71.428037176041911, -35.212055214473409 ], [ -71.428163874429586, -35.212405802993281 ], [ -71.428233718442911, -35.212518198000502 ], [ -71.428530193927713, -35.212995052486136 ], [ -71.428601961234079, -35.213039101128388 ], [ -71.428909000008289, -35.21322715290006 ], [ -71.429592329580316, -35.213526540984539 ], [ -71.430201584073984, -35.213755708564925 ], [ -71.43072447812952, -35.213952268567972 ], [ -71.43187293199945, -35.214384230068966 ], [ -71.43318789220055, -35.214817116212188 ], [ -71.433889262638388, -35.214945310619058 ], [ -71.434164985243513, -35.214960957763296 ], [ -71.434914012205496, -35.215003560254083 ], [ -71.435264303064017, -35.215054405352234 ], [ -71.436715720051723, -35.216167874119257 ], [ -71.43747496175682, -35.216659901164995 ], [ -71.437621135619864, -35.216718395427066 ], [ -71.437647273899671, -35.216728871886353 ], [ -71.438133333435289, -35.216923188494675 ], [ -71.438624797235661, -35.217027375917311 ], [ -71.438856561680637, -35.217029203327854 ], [ -71.439136390484919, -35.217031389615393 ], [ -71.439311424523083, -35.217010877113502 ], [ -71.439856890546736, -35.216947079163077 ], [ -71.439947367065528, -35.216936466960306 ], [ -71.440523606675882, -35.216767554411739 ], [ -71.441519645188194, -35.21633820729005 ], [ -71.44247463248864, -35.215926591361466 ], [ -71.443871908912485, -35.215228081645662 ], [ -71.444235431955136, -35.214759868978568 ], [ -71.44452311832319, -35.214238393421624 ], [ -71.444964551352129, -35.213784998214592 ], [ -71.444978445594629, -35.213777258931344 ], [ -71.445688868355589, -35.213379273829197 ], [ -71.446163101570505, -35.213257590613075 ], [ -71.44629078990161, -35.213224879171904 ], [ -71.446640875944254, -35.213247930574312 ], [ -71.447115742471425, -35.213279311384355 ], [ -71.448000274005835, -35.213406009529379 ], [ -71.448094798333273, -35.213419456640842 ], [ -71.448222099490508, -35.213478690105596 ], [ -71.44842432643064, -35.213572886542671 ], [ -71.448848550433681, -35.213990980305752 ], [ -71.449207227065372, -35.214392604138283 ], [ -71.449489908918991, -35.214546978226672 ], [ -71.449548552737355, -35.214579095392224 ], [ -71.450348621973802, -35.214894756818445 ], [ -71.450629872811163, -35.214971472613186 ], [ -71.451004179230495, -35.215045638705199 ], [ -71.45175047711065, -35.215122972315562 ], [ -71.452480820911376, -35.215121612367248 ], [ -71.453344237545025, -35.215119911147482 ], [ -71.456376907723396, -35.21511413595379 ], [ -71.457486442981946, -35.215241364792071 ], [ -71.458360044714283, -35.21534162279039 ], [ -71.45861119120984, -35.21538954155924 ], [ -71.458991397763967, -35.215462158710793 ], [ -71.460189821319887, -35.215883749366469 ], [ -71.461057712461951, -35.216330880705478 ], [ -71.461157324847179, -35.216450108805965 ], [ -71.461503602931316, -35.216864868314801 ], [ -71.461593599749733, -35.21697254991183 ], [ -71.461889134698453, -35.217944395457025 ], [ -71.461930807544476, -35.218081711585391 ], [ -71.462043082581943, -35.218328064241049 ], [ -71.462373279025869, -35.218499089337115 ], [ -71.462876594299772, -35.21866666481332 ], [ -71.462911815445437, -35.218676803434121 ], [ -71.463794000580307, -35.218931552102788 ], [ -71.46396938406312, -35.218982183382479 ], [ -71.464079483380985, -35.218995595811698 ], [ -71.464469569606578, -35.219043108788561 ], [ -71.46481437086041, -35.218982768286565 ], [ -71.465070418564153, -35.218853122763676 ], [ -71.465215590805641, -35.218636826511073 ], [ -71.465424526364316, -35.21838363716239 ], [ -71.465610667172641, -35.218236658430257 ], [ -71.465721311767894, -35.218149186165356 ], [ -71.465828794293301, -35.218064289761713 ], [ -71.466179114796233, -35.217883243921371 ], [ -71.466448459362823, -35.217860105034241 ], [ -71.466828379354354, -35.217827547363491 ], [ -71.467455548949758, -35.217847546668203 ], [ -71.468783381110555, -35.217889727123854 ], [ -71.469391157875606, -35.217997248106919 ], [ -71.470359993604461, -35.218275214008273 ], [ -71.470561994169145, -35.218716891887873 ], [ -71.470574894874943, -35.21905033458652 ], [ -71.470565840755185, -35.219775602988946 ], [ -71.470495859299618, -35.219880415680237 ], [ -71.470423723683979, -35.219988372882305 ], [ -71.470132575208822, -35.220271974695102 ], [ -71.470013349905997, -35.220387982658451 ], [ -71.469867872237302, -35.220534507633651 ], [ -71.469761077821389, -35.220642064741938 ], [ -71.469719773284623, -35.220793476804666 ], [ -71.469683089681681, -35.22092810657184 ], [ -71.469713811166088, -35.221285480947849 ], [ -71.469716524078237, -35.221318582490291 ], [ -71.470071654161188, -35.221595783344249 ], [ -71.470322478161563, -35.22166487609492 ], [ -71.470552339974788, -35.221728193329824 ], [ -71.471000120499511, -35.221802198404426 ], [ -71.471031321684279, -35.221807321457582 ], [ -71.471343285022883, -35.221732200190729 ], [ -71.471519812959372, -35.221689677552732 ], [ -71.471676598620846, -35.221651915429526 ], [ -71.471831697246216, -35.221534878200849 ], [ -71.471934185138664, -35.221457461902318 ], [ -71.472184999257578, -35.221268167689502 ], [ -71.472714439336571, -35.220866191128984 ], [ -71.472810279695921, -35.220809956492936 ], [ -71.473310422120264, -35.220516168267224 ], [ -71.473863686418909, -35.220184886970607 ], [ -71.474461367018449, -35.219888139704068 ], [ -71.47484941945828, -35.219826886890445 ], [ -71.474874113247111, -35.219837015825924 ], [ -71.475182088964189, -35.21996275043427 ], [ -71.475751209425908, -35.220680841538929 ], [ -71.475784064409112, -35.220710741468366 ], [ -71.476911917214636, -35.221739060288407 ], [ -71.477639493305958, -35.222402427819517 ], [ -71.478033365032175, -35.222564720324556 ], [ -71.478294185485012, -35.222672213098974 ], [ -71.479077966468722, -35.22279838068814 ], [ -71.479297919864365, -35.222866980003637 ], [ -71.479559211034427, -35.222948466336895 ], [ -71.480520318556898, -35.223436521821824 ], [ -71.48070349222985, -35.223529576587985 ], [ -71.481742300431151, -35.224201600477443 ], [ -71.482246549952947, -35.224669104837048 ], [ -71.482437011657808, -35.224942040977986 ], [ -71.482482556242715, -35.225172683607752 ], [ -71.482519494967192, -35.225360082050443 ], [ -71.482628344728496, -35.226439452903058 ], [ -71.482652874125648, -35.226683227255656 ], [ -71.482638482216473, -35.226775016142653 ], [ -71.482629366112974, -35.226833171431942 ], [ -71.482621386378298, -35.226884362082529 ], [ -71.482493176125999, -35.227071457178091 ], [ -71.482468446404539, -35.227107484257139 ], [ -71.482412437344891, -35.227189123367175 ], [ -71.481970789618615, -35.227432789799479 ], [ -71.481503043138375, -35.227726835499972 ], [ -71.481336559265074, -35.227924978967309 ], [ -71.481335773239209, -35.227925807428953 ], [ -71.481321136089974, -35.228157242152612 ], [ -71.481371523492584, -35.228387342172958 ], [ -71.481639027411148, -35.228630712222731 ], [ -71.481805450199005, -35.228717019666092 ], [ -71.481916364288807, -35.228774410418147 ], [ -71.482101345372115, -35.228870157952841 ], [ -71.482564658666433, -35.229145100821341 ], [ -71.482667614581132, -35.229245484733568 ], [ -71.483002823624346, -35.229572161222457 ], [ -71.483011357619546, -35.229580477957008 ], [ -71.48304720309433, -35.229599089710995 ], [ -71.483383066111074, -35.229772967490291 ], [ -71.48353970534717, -35.229854082198081 ], [ -71.48408539954292, -35.22998517697819 ], [ -71.484431399149329, -35.229960200480299 ], [ -71.484861668814219, -35.229862529517227 ], [ -71.485224465119799, -35.229677258444106 ], [ -71.485253547178829, -35.229659971924839 ], [ -71.485564952663637, -35.229474648290299 ], [ -71.486215570084582, -35.228785674149229 ], [ -71.486348195556488, -35.228660882928487 ], [ -71.48636394302342, -35.228646086692137 ], [ -71.486447312071675, -35.228567574283069 ], [ -71.486826201695592, -35.228594271959494 ], [ -71.486838104373106, -35.228595061523166 ], [ -71.487113475736933, -35.22868879500394 ], [ -71.487232247390537, -35.228729257149787 ], [ -71.487406752321007, -35.228814799141986 ], [ -71.487415518979859, -35.228818975893006 ], [ -71.487650233492232, -35.228933998629927 ], [ -71.48809084725761, -35.229148760967057 ], [ -71.48842009867387, -35.229309247333738 ], [ -71.489031319579709, -35.229767358440817 ], [ -71.489380342915368, -35.230141730824414 ], [ -71.489437323952146, -35.230489621634725 ], [ -71.489608416182847, -35.231534915549084 ], [ -71.489668374236487, -35.231900615475759 ], [ -71.48991110261953, -35.232239069899201 ], [ -71.490650531082707, -35.232918429657957 ], [ -71.490713779665228, -35.232976572472573 ], [ -71.491283480438625, -35.233500066514956 ], [ -71.491497753786717, -35.233675906784157 ], [ -71.492286734219306, -35.23432366392737 ], [ -71.493061042468327, -35.234959238054962 ], [ -71.49325870866177, -35.235121535528229 ], [ -71.493552859306604, -35.235301487066167 ], [ -71.493637885746566, -35.235353492688368 ], [ -71.494294147282432, -35.235519551953679 ], [ -71.49480784708102, -35.235585757352709 ], [ -71.495049904422544, -35.235586967276774 ], [ -71.495970694656748, -35.235591600794123 ], [ -71.496433851644198, -35.235526956049 ], [ -71.496738703919021, -35.235401035709209 ], [ -71.496755322751767, -35.235394121002805 ], [ -71.497167808469001, -35.235191617577193 ], [ -71.497619550564124, -35.234895774124432 ], [ -71.497669316332548, -35.234863289324792 ], [ -71.497946588531505, -35.234806685045847 ], [ -71.498226013093912, -35.234817308119041 ], [ -71.498376464734321, -35.234915957793447 ], [ -71.498431394018994, -35.234793645768185 ], [ -71.498525956974007, -35.234584410970825 ], [ -71.498614176026479, -35.234370803259388 ], [ -71.498691196680639, -35.234161857200569 ], [ -71.498752248882298, -35.233948737051826 ], [ -71.498788109628421, -35.233727127603601 ], [ -71.498779899026729, -35.233506502243571 ], [ -71.498740929211408, -35.233286512447165 ], [ -71.498689046113824, -35.233062211978442 ], [ -71.498641440793676, -35.232842400013872 ], [ -71.498580930276134, -35.232627285711139 ], [ -71.498483501695375, -35.232417439239704 ], [ -71.498362475270412, -35.232221666523785 ], [ -71.498234613564435, -35.232026034218158 ], [ -71.498098476578079, -35.231830499765422 ], [ -71.497953441778819, -35.231644157483039 ], [ -71.497798426696747, -35.23145809507254 ], [ -71.497628984671238, -35.231285844739737 ], [ -71.49744601042427, -35.231118302658899 ], [ -71.497253689206786, -35.230960037335258 ], [ -71.497055751722144, -35.230806391551859 ], [ -71.496841097488357, -35.230671108235249 ], [ -71.496605770324962, -35.230554269660374 ], [ -71.496402270472075, -35.230418756250607 ], [ -71.496227396334035, -35.23025111918902 ], [ -71.496063351386738, -35.230069744651452 ], [ -71.495906320485176, -35.229888153242264 ], [ -71.495753381409742, -35.22970204497873 ], [ -71.495599500001575, -35.229520386705737 ], [ -71.495453619887641, -35.22932962831424 ], [ -71.495374012085477, -35.229119410086703 ], [ -71.495347013219614, -35.228899098733343 ], [ -71.495340743877236, -35.228673928328412 ], [ -71.495336632288186, -35.228448639891134 ], [ -71.4953171900505, -35.228228245998565 ], [ -71.495286773993286, -35.228008004137834 ], [ -71.495251503440286, -35.227787936324283 ], [ -71.495212184180289, -35.227567878920915 ], [ -71.49516836975063, -35.227347987494788 ], [ -71.495119698130225, -35.227128122623704 ], [ -71.495036675831656, -35.226917975008469 ], [ -71.494897007567928, -35.226727087951858 ], [ -71.494727533203047, -35.22655025444778 ], [ -71.494542286218419, -35.226387333695612 ], [ -71.494347059849304, -35.226233553036238 ], [ -71.494146131873066, -35.226084541902104 ], [ -71.493943852830654, -35.225935484997549 ], [ -71.493745482358037, -35.225781767324243 ], [ -71.493556331295181, -35.225623504065751 ], [ -71.49336739133642, -35.225451501119394 ], [ -71.493212397813934, -35.225265431845536 ], [ -71.493154752922152, -35.225063841702031 ], [ -71.493154472647788, -35.224842979238545 ], [ -71.493181714957075, -35.22462162230557 ], [ -71.493216643251955, -35.22439560272651 ], [ -71.493240957053445, -35.22416972781734 ], [ -71.493234511641276, -35.223944412931154 ], [ -71.493214220495631, -35.223719531118377 ], [ -71.493224554714672, -35.223498524098531 ], [ -71.493289751743049, -35.223285320166269 ], [ -71.493378470258833, -35.223076209795977 ], [ -71.493481084813723, -35.222871244388607 ], [ -71.493589586028691, -35.22266165228033 ], [ -71.493695170413915, -35.222456699035249 ], [ -71.493786176040402, -35.222242962524277 ], [ -71.493875474867849, -35.222029336262416 ], [ -71.494003053604501, -35.221837442596637 ], [ -71.494207915303377, -35.221697935652742 ], [ -71.494465287123845, -35.221606970282821 ], [ -71.494726550446117, -35.221552033622636 ], [ -71.495001155547016, -35.2215419401264 ], [ -71.495271648160525, -35.221576828510166 ], [ -71.495537134462964, -35.22164800323236 ], [ -71.495801463735319, -35.221737219040627 ], [ -71.496059564089492, -35.22179052788114 ], [ -71.49630951762235, -35.221771782241802 ], [ -71.49655749396328, -35.22168558482835 ], [ -71.496793746391418, -35.221554508928755 ], [ -71.497005432591493, -35.221405922180054 ], [ -71.497186355086342, -35.221248886210489 ], [ -71.497345857253251, -35.221065340596653 ], [ -71.497494158326873, -35.220877519804063 ], [ -71.497640210917353, -35.220689745544306 ], [ -71.497782614551127, -35.22049746856726 ], [ -71.497915037902104, -35.220305470739198 ], [ -71.498075662963103, -35.220126404747042 ], [ -71.498242852912213, -35.219947202593232 ], [ -71.498413642410668, -35.219776861584528 ], [ -71.498586592357384, -35.219606548839486 ], [ -71.498760258261356, -35.219436147671686 ], [ -71.498935546522759, -35.219265860631374 ], [ -71.499117175093417, -35.219099872309307 ], [ -71.499311848100319, -35.218942549333029 ], [ -71.499523082447809, -35.218803050622903 ], [ -71.499728419355449, -35.218659020666699 ], [ -71.499907845257042, -35.218497581934166 ], [ -71.50007714445043, -35.21832283895781 ], [ -71.500242394936819, -35.218148177800899 ], [ -71.500402599586295, -35.21796453857565 ], [ -71.500559078922265, -35.217785555485982 ], [ -71.500711233768456, -35.217597651512364 ], [ -71.500860107068917, -35.217414245888406 ], [ -71.501015449137725, -35.217221771805917 ], [ -71.501154554157807, -35.217025054592099 ], [ -71.501240957715083, -35.216820491492712 ], [ -71.501264267200071, -35.216603718657396 ], [ -71.50126333744376, -35.216382869865107 ], [ -71.50124401378369, -35.216157895910847 ], [ -71.501212101133206, -35.215933181871037 ], [ -71.501172326427366, -35.215713209012868 ], [ -71.501130073269678, -35.215488708778743 ], [ -71.501082700613168, -35.215273324624953 ], [ -71.501017655400062, -35.215053799870169 ], [ -71.500940971614156, -35.214839094172021 ], [ -71.500857321393212, -35.214629037298906 ], [ -71.50076746471197, -35.214419034192581 ], [ -71.500663719178135, -35.214213823809096 ], [ -71.500553052125014, -35.214008829415327 ], [ -71.500443153131471, -35.213808323213456 ], [ -71.500332665741425, -35.213603251466914 ], [ -71.500221640260506, -35.213398263604624 ], [ -71.500110032671301, -35.213197718464038 ], [ -71.499997528563441, -35.212997266771893 ], [ -71.499884885216687, -35.21279223774679 ], [ -71.499771662456595, -35.212591800466193 ], [ -71.499656639472676, -35.212391325259688 ], [ -71.499536854519434, -35.212191023502783 ], [ -71.499419225522857, -35.21199060161856 ], [ -71.499316117792873, -35.211785449683823 ], [ -71.499213096301148, -35.211580148972942 ], [ -71.499077403980849, -35.211389183271315 ], [ -71.498925214998664, -35.21120306267499 ], [ -71.498767098033923, -35.211026073509267 ], [ -71.498604975481342, -35.210844587745029 ], [ -71.498442366041871, -35.210667764406153 ], [ -71.498281952983277, -35.210486244078879 ], [ -71.498126846273053, -35.210304613251687 ], [ -71.497975830490631, -35.210118467416208 ], [ -71.497826343640853, -35.20993228959351 ], [ -71.497675506623168, -35.209746065104056 ], [ -71.497520090892507, -35.209568944317901 ], [ -71.497360901339306, -35.209391975810874 ], [ -71.49719671894978, -35.209210604563197 ], [ -71.497025711160731, -35.209038383340484 ], [ -71.496848722388492, -35.208870716058691 ], [ -71.496668861702304, -35.2087031812801 ], [ -71.496483563513706, -35.208540263602515 ], [ -71.496291121921971, -35.208381997550653 ], [ -71.496084350404814, -35.208246474273487 ], [ -71.495844243305783, -35.208138814130798 ], [ -71.495605795395079, -35.208026540773638 ], [ -71.495383929486223, -35.207900411143754 ], [ -71.495165522989495, -35.20776970493074 ], [ -71.494947880060778, -35.207634552027919 ], [ -71.494729381935912, -35.207503774190364 ], [ -71.494507517823649, -35.207377643014404 ], [ -71.494280895335365, -35.207260617499784 ], [ -71.494050137003484, -35.207143678427201 ], [ -71.493815380270291, -35.207031325157104 ], [ -71.493577618672475, -35.206923611289909 ], [ -71.493334105161892, -35.206824951806439 ], [ -71.493082421473787, -35.206744476876544 ], [ -71.492832893742374, -35.206655022923684 ], [ -71.492592076974262, -35.206556231728896 ], [ -71.492353327229637, -35.206448535581337 ], [ -71.492117637146862, -35.2063407769013 ], [ -71.491885533138685, -35.206223786592211 ], [ -71.491658059945806, -35.206102270279366 ], [ -71.491435169957512, -35.205971723385886 ], [ -71.491233844925929, -35.205822566420167 ], [ -71.491076834685629, -35.205645544239779 ], [ -71.490957300362339, -35.205440647854417 ], [ -71.49084132336759, -35.20524025775142 ], [ -71.490727143003397, -35.205039757052724 ], [ -71.490616512781202, -35.204834677104373 ], [ -71.490504046402577, -35.204634287708039 ], [ -71.490383573339827, -35.204433916167623 ], [ -71.490249081168741, -35.204242841172444 ], [ -71.490086410643841, -35.204065932991128 ], [ -71.489905944493159, -35.20389840077749 ], [ -71.489729385115638, -35.203726208658964 ], [ -71.489576021137069, -35.203544603815423 ], [ -71.489438027333023, -35.203353673532476 ], [ -71.489306817605993, -35.203158025954821 ], [ -71.489173452820594, -35.202962496084176 ], [ -71.489031280952148, -35.202776081645226 ], [ -71.488880027116181, -35.202589854690189 ], [ -71.488724870998624, -35.20240835961242 ], [ -71.488569713982756, -35.202226789991663 ], [ -71.488415766099251, -35.202040617563775 ], [ -71.488259260712141, -35.201859076482336 ], [ -71.488104735211905, -35.201677493888965 ], [ -71.487957619016143, -35.201491105862104 ], [ -71.487818734981659, -35.201300192772756 ], [ -71.487680748364127, -35.201109260149479 ], [ -71.487545681271257, -35.200913689378098 ], [ -71.487417269796339, -35.200718054273608 ], [ -71.487297529758848, -35.200517664262236 ], [ -71.487190200845347, -35.200317092445879 ], [ -71.487128041020952, -35.20010200350675 ], [ -71.487090742072027, -35.199881973809241 ], [ -71.487034512925135, -35.199657755721489 ], [ -71.486983050239132, -35.199433512056778 ], [ -71.486929878059172, -35.199209229601799 ], [ -71.486852975982615, -35.198994444567163 ], [ -71.486731809420476, -35.198803165183506 ], [ -71.48656197303454, -35.198644343552402 ], [ -71.486360545595005, -35.198499758113392 ], [ -71.486138177527906, -35.198364685945741 ], [ -71.485905472546818, -35.198238760796087 ], [ -71.485672546580162, -35.198117344114038 ], [ -71.485445375221218, -35.19799580833083 ], [ -71.485203829021103, -35.197892586750086 ], [ -71.484953391296301, -35.197807564192011 ], [ -71.484701834270652, -35.197727068581223 ], [ -71.484448208424922, -35.19764661546705 ], [ -71.48419328631023, -35.197570841271833 ], [ -71.48393750810105, -35.197499439898884 ], [ -71.4836819535724, -35.197423529028057 ], [ -71.483424468564209, -35.197352162027286 ], [ -71.483165415097517, -35.197285404975553 ], [ -71.482907079384745, -35.197218558311327 ], [ -71.482650943646092, -35.197147161767276 ], [ -71.482398313133686, -35.197066757996176 ], [ -71.482150530828861, -35.196977170057778 ], [ -71.481906973300838, -35.196878561621908 ], [ -71.48166849035583, -35.196775268883499 ], [ -71.481437330477036, -35.196658312510351 ], [ -71.481233218871438, -35.196513773454029 ], [ -71.481046001881396, -35.196350868760796 ], [ -71.480864719162099, -35.196187843350394 ], [ -71.480685276192531, -35.196020200922725 ], [ -71.480504487546639, -35.195852659453699 ], [ -71.480319116594515, -35.195694146979356 ], [ -71.480131632804827, -35.195531247249313 ], [ -71.47994850943752, -35.195363753222146 ], [ -71.479768712531722, -35.195196190578592 ], [ -71.479589902874423, -35.195028532890696 ], [ -71.47941069616175, -35.194865536392889 ], [ -71.479229191558602, -35.194697933814311 ], [ -71.479043287905483, -35.194539504242783 ], [ -71.478845385455159, -35.194385824752544 ], [ -71.478649909354374, -35.194232020907684 ], [ -71.47846621106531, -35.194069115309262 ], [ -71.47828619586889, -35.193905984746898 ], [ -71.478102988958256, -35.193738489571125 ], [ -71.477917132915863, -35.193575552150364 ], [ -71.477730513305488, -35.193417060926805 ], [ -71.477542680969478, -35.193254164705934 ], [ -71.477353908097356, -35.193095791048123 ], [ -71.477163424832924, -35.192937377439236 ], [ -71.476970746085954, -35.192783661882956 ], [ -71.476775635599509, -35.192629847663738 ], [ -71.476575901484281, -35.192480705838044 ], [ -71.476364304217427, -35.192340815890837 ], [ -71.47616856940185, -35.192187087459878 ], [ -71.475981509616972, -35.192028676483908 ], [ -71.475798043093235, -35.191861183310742 ], [ -71.475619697864943, -35.191693509930701 ], [ -71.475447829489838, -35.191525778208373 ], [ -71.475294425985396, -35.191335072214507 ], [ -71.475156937932852, -35.191144188112652 ], [ -71.475005244820721, -35.190962381147301 ], [ -71.474831536695902, -35.190790255574179 ], [ -71.474648611856281, -35.190622674687901 ], [ -71.474454185886074, -35.190464412628707 ], [ -71.474243813022952, -35.190328997470978 ], [ -71.47399848761043, -35.190239343370855 ], [ -71.473738828679245, -35.190163493991193 ], [ -71.473492289642778, -35.190069432645224 ], [ -71.473256398337384, -35.189961564870735 ], [ -71.473045983253442, -35.189821644891055 ], [ -71.472845450535942, -35.1896724391787 ], [ -71.472657009142154, -35.18950962061114 ], [ -71.472487801576904, -35.189337325308351 ], [ -71.47235620737095, -35.189141664526048 ], [ -71.472243667330474, -35.1889366061055 ], [ -71.472127131583619, -35.188736206852781 ], [ -71.471988576332492, -35.188545266722684 ], [ -71.471787554931481, -35.188400573741845 ], [ -71.471569148434767, -35.188269823666516 ], [ -71.471345529014471, -35.188139251781912 ], [ -71.471128695467812, -35.188003964164153 ], [ -71.470917342542705, -35.18786848984363 ], [ -71.470701948097144, -35.187733171674296 ], [ -71.470479544995726, -35.187607004656051 ], [ -71.470255797116351, -35.187480939491131 ], [ -71.470030249013121, -35.187354835219736 ], [ -71.469802724616272, -35.187237707438378 ], [ -71.469571248530485, -35.187120733663953 ], [ -71.469323241646862, -35.187031197162142 ], [ -71.469085297691024, -35.186923364265439 ], [ -71.468848970702709, -35.186815496719539 ], [ -71.468615248828726, -35.186698565653579 ], [ -71.46838858591623, -35.186577060508988 ], [ -71.468173604695707, -35.18644623408192 ], [ -71.467975470479985, -35.186292466599554 ], [ -71.467802054307668, -35.186120249639956 ], [ -71.467657805534273, -35.185933925031506 ], [ -71.467532877726043, -35.185738049014681 ], [ -71.467416269215633, -35.185537647012971 ], [ -71.467298535116186, -35.185332762309969 ], [ -71.467176265422864, -35.185132475310553 ], [ -71.467054531125441, -35.184932103385698 ], [ -71.466934375167995, -35.184736277081733 ], [ -71.466815789465656, -35.184535840305188 ], [ -71.466693924912505, -35.184339974868237 ], [ -71.466574846933398, -35.184135117981981 ], [ -71.46645675799941, -35.183930239287598 ], [ -71.466321637007653, -35.183739148366669 ], [ -71.46615043428416, -35.183571389211423 ], [ -71.465935058703224, -35.183436060949809 ], [ -71.465694565328604, -35.183323767396026 ], [ -71.465448773690468, -35.183229599749147 ], [ -71.465197187918733, -35.183149062528976 ], [ -71.464940841974325, -35.183077631594628 ], [ -71.464682699399319, -35.183006310728643 ], [ -71.464424782301464, -35.182939414871186 ], [ -71.464169922170527, -35.182863594653774 ], [ -71.463922292579312, -35.182773966090579 ], [ -71.463678796136705, -35.182675242766187 ], [ -71.463430717387837, -35.182585622071606 ], [ -71.46318106748555, -35.18250053650506 ], [ -71.462930519267971, -35.182415469938974 ], [ -71.46267844571102, -35.182330507542154 ], [ -71.462424663558451, -35.182254514216339 ], [ -71.462168101120042, -35.182187659590376 ], [ -71.461908119693646, -35.182120800504102 ], [ -71.46164585025825, -35.182058565454476 ], [ -71.461381916244605, -35.182000794392941 ], [ -71.461116461383227, -35.181961145964245 ], [ -71.460850290564537, -35.181939529886222 ], [ -71.460582014993136, -35.18194948880415 ], [ -71.460311764924754, -35.181977504311632 ], [ -71.460040930951422, -35.182010036708263 ], [ -71.459770636865585, -35.182033621935098 ], [ -71.459500696715978, -35.182048042672029 ], [ -71.459230625412317, -35.182067116866179 ], [ -71.458960324139952, -35.182081543470879 ], [ -71.458690028257493, -35.182096116916114 ], [ -71.458419683865998, -35.182106112525666 ], [ -71.458148664839726, -35.182120626495085 ], [ -71.457877329606461, -35.182121631635809 ], [ -71.457606934010997, -35.182109028829302 ], [ -71.457333977318669, -35.182092047893612 ], [ -71.457059671356774, -35.182066083824566 ], [ -71.456791746128332, -35.182030980959787 ], [ -71.456536310177285, -35.181968522639501 ], [ -71.456295250864059, -35.181869734459802 ], [ -71.456079176393814, -35.181725467921552 ], [ -71.455907590988033, -35.181553123074444 ], [ -71.455774927786877, -35.181362043451507 ], [ -71.455661631364933, -35.181156982287 ], [ -71.455553280168616, -35.180951822218852 ], [ -71.455434371072784, -35.180751454671224 ], [ -71.455289440478097, -35.18056512729882 ], [ -71.455113723720302, -35.180392864427837 ], [ -71.454914641781997, -35.180239167726022 ], [ -71.454697270144507, -35.180099355091436 ], [ -71.454469431337301, -35.179982351217973 ], [ -71.454225503703341, -35.179892553540228 ], [ -71.453965671397313, -35.179821243095525 ], [ -71.453698201614742, -35.179768104944998 ], [ -71.453431136972327, -35.179728398156712 ], [ -71.453162594601309, -35.179720327424171 ], [ -71.452890458969136, -35.179730346821451 ], [ -71.452617828365248, -35.179744879571032 ], [ -71.452347128240888, -35.179736850691611 ], [ -71.452076428116555, -35.179719811255566 ], [ -71.451804555690742, -35.179693712063305 ], [ -71.451535608179526, -35.179663195690004 ], [ -71.451273127640022, -35.179614382831993 ], [ -71.451008083308707, -35.179543097841574 ], [ -71.450763305868506, -35.179421851464866 ], [ -71.450635468417062, -35.179253190561049 ], [ -71.450627493173968, -35.179023543817578 ], [ -71.450673716885234, -35.178792726038203 ], [ -71.450741289957534, -35.178574990423414 ], [ -71.450836280510629, -35.178365781796266 ], [ -71.450959359586022, -35.178169444785929 ], [ -71.451124911008051, -35.177994770692116 ], [ -71.451325344012545, -35.177837556050548 ], [ -71.451539933567616, -35.177702502398738 ], [ -71.451773174842941, -35.177589594427815 ], [ -71.452010778337268, -35.17748117701727 ], [ -71.452232599330387, -35.177350406436958 ], [ -71.452440356299405, -35.177206556279444 ], [ -71.452633589306913, -35.177049337176385 ], [ -71.452831092905271, -35.176887601320331 ], [ -71.453025988694364, -35.176716907855024 ], [ -71.453149331874457, -35.176529646059343 ], [ -71.453156630686138, -35.176326644072681 ], [ -71.453091393233578, -35.176107166773249 ], [ -71.453008491309262, -35.175883469756535 ], [ -71.452961991815201, -35.175659034913494 ], [ -71.452945740393403, -35.175438491111969 ], [ -71.452942388779078, -35.175213255412054 ], [ -71.452950134951777, -35.174992225776577 ], [ -71.45296579348549, -35.174771109629226 ], [ -71.45297762968768, -35.174545492455621 ], [ -71.452996071202151, -35.174315236906885 ], [ -71.453036357049371, -35.174093621071115 ], [ -71.453112235944801, -35.173889229599773 ], [ -71.453250091408293, -35.17370610416225 ], [ -71.453445248607139, -35.173544414523874 ], [ -71.453664675590005, -35.173400250696723 ], [ -71.453879788862892, -35.173265183798819 ], [ -71.454098409158647, -35.173130118879399 ], [ -71.454322329514554, -35.173003881462456 ], [ -71.4545517340853, -35.172886542081741 ], [ -71.454786485428613, -35.172773598784325 ], [ -71.455027036295405, -35.172674049708881 ], [ -71.455275544438962, -35.172587927213904 ], [ -71.455531735873151, -35.172515088153141 ], [ -71.455791885284498, -35.172451252312307 ], [ -71.456053472898603, -35.172387384846353 ], [ -71.456312902759393, -35.172323562122735 ], [ -71.456572642538973, -35.172255079453322 ], [ -71.456836656502631, -35.172191236065338 ], [ -71.457093744455491, -35.172118376088633 ], [ -71.457330967064138, -35.172018964260559 ], [ -71.457547278689617, -35.17187027953225 ], [ -71.457689075062277, -35.171678134428504 ], [ -71.457691364867927, -35.17162573040526 ], [ -71.457698653798147, -35.171470580079649 ], [ -71.457625588426183, -35.17124225587888 ], [ -71.457532750236524, -35.171032277176394 ], [ -71.457422973413856, -35.170827220060708 ], [ -71.457302365603823, -35.170626814339634 ], [ -71.457187603131331, -35.170426363331053 ], [ -71.457093284518066, -35.170220917699211 ], [ -71.457021256700273, -35.170006086144511 ], [ -71.456959787680333, -35.169786461071929 ], [ -71.456896657675415, -35.169571373557325 ], [ -71.456533219972712, -35.166680743924594 ], [ -71.456474268032181, -35.166434039273717 ], [ -71.456429969410578, -35.166214066013985 ], [ -71.456387243739044, -35.165989555277108 ], [ -71.456340026491077, -35.165765209152156 ], [ -71.456282741823728, -35.165550003049503 ], [ -71.456209150039015, -35.165339706354366 ], [ -71.456113403104467, -35.165134289730133 ], [ -71.455990022195138, -35.164942946797822 ], [ -71.455840720398285, -35.164756782207782 ], [ -71.455673440617659, -35.164579844597988 ], [ -71.455495785295497, -35.164407693995805 ], [ -71.455314757697749, -35.164240043290377 ], [ -71.45513773299291, -35.164067879484492 ], [ -71.454970684079299, -35.163895514094101 ], [ -71.454805836936472, -35.163718598845136 ], [ -71.454639550692534, -35.163541638413946 ], [ -71.454468728854735, -35.163369348284292 ], [ -71.454290761817163, -35.163201633015611 ], [ -71.45410013033073, -35.163043332250687 ], [ -71.453895160834037, -35.162898686406102 ], [ -71.453686468718814, -35.162758769042696 ], [ -71.453484915515133, -35.162605044878511 ], [ -71.453295990827741, -35.162446633527871 ], [ -71.45311326810905, -35.162279086736021 ], [ -71.452929329969791, -35.162115995913922 ], [ -71.452737398621139, -35.161962149359304 ], [ -71.452529426056458, -35.161822140788175 ], [ -71.452299934349128, -35.161705090782192 ], [ -71.452059299939023, -35.161597275696515 ], [ -71.451820149545782, -35.161493933708137 ], [ -71.451584011203664, -35.161386100716904 ], [ -71.451345085389221, -35.161278249222605 ], [ -71.451112945448457, -35.161165755414309 ], [ -71.450895228857888, -35.161030446403828 ], [ -71.450692473708358, -35.160881320033852 ], [ -71.450498572354292, -35.160727509333135 ], [ -71.450308849064598, -35.160569109014006 ], [ -71.450119214708124, -35.160410632742064 ], [ -71.449925809224084, -35.160252307450357 ], [ -71.449731191014394, -35.16009851024851 ], [ -71.449537199828796, -35.15994462609482 ], [ -71.449346225185906, -35.159786323397419 ], [ -71.449159605575531, -35.159623279720812 ], [ -71.448975685402573, -35.159460329723146 ], [ -71.448794594024449, -35.159292668819937 ], [ -71.448620783491705, -35.159124935597717 ], [ -71.448457754538993, -35.158947899808446 ], [ -71.448305558370294, -35.158766214716046 ], [ -71.448161404818336, -35.158579862663174 ], [ -71.448020799611754, -35.158388859775087 ], [ -71.447881635302892, -35.158197900504462 ], [ -71.44774049110714, -35.158006907736059 ], [ -71.447594184293436, -35.157820598009778 ], [ -71.447447203743266, -35.15762979677789 ], [ -71.447298289120326, -35.157443466358139 ], [ -71.44714259311526, -35.157261849880761 ], [ -71.446975845137274, -35.157089465660782 ], [ -71.446797907744141, -35.156921738912281 ], [ -71.446613278800399, -35.156758724747426 ], [ -71.446423749546824, -35.156600240317644 ], [ -71.446230722253517, -35.156441974444299 ], [ -71.446034949708704, -35.156288120095894 ], [ -71.445838418985787, -35.156138933620454 ], [ -71.445635413206304, -35.155989729244617 ], [ -71.445425043038128, -35.15584975592968 ], [ -71.445211976127467, -35.155709837458019 ], [ -71.445000844187916, -35.155574384232388 ], [ -71.444790697700242, -35.155429827195448 ], [ -71.444580332023634, -35.15528992636299 ], [ -71.444367266909609, -35.155149932013671 ], [ -71.444149354486314, -35.155019193089466 ], [ -71.443924072284389, -35.154897536302208 ], [ -71.443688949038574, -35.154789593210779 ], [ -71.443445065422083, -35.154695338898172 ], [ -71.44319475974963, -35.15460579238929 ], [ -71.442941216548888, -35.154525245910371 ], [ -71.442687494583424, -35.154444703024048 ], [ -71.442433730397127, -35.154368739453083 ], [ -71.442176862531539, -35.154297267808857 ], [ -71.441918244747754, -35.154230335109027 ], [ -71.441660076121607, -35.154163467721787 ], [ -71.441403752635068, -35.15409205685809 ], [ -71.441149806090763, -35.154015946064078 ], [ -71.440894471649358, -35.153935505499334 ], [ -71.440640752378812, -35.153854958356845 ], [ -71.440390946169671, -35.153769900011859 ], [ -71.440148059683153, -35.153675693727578 ], [ -71.43991429109677, -35.153567641047523 ], [ -71.43969018748453, -35.153436943649147 ], [ -71.439482124189993, -35.153292409255549 ], [ -71.439295810905108, -35.153129417932092 ], [ -71.439121494620863, -35.152952670231741 ], [ -71.438966545115818, -35.152762018434196 ], [ -71.438856341593393, -35.152561308925371 ], [ -71.438816414173957, -35.152350321285496 ], [ -71.438847114997102, -35.152128829212991 ], [ -71.438907964179521, -35.151902224499949 ], [ -71.43896252425661, -35.15168482966277 ], [ -71.439021845404724, -35.151467339495234 ], [ -71.439087094535381, -35.15124965557446 ], [ -71.439151669929586, -35.151036488956315 ], [ -71.439209643604741, -35.150819026435762 ], [ -71.439259077894832, -35.150601660288025 ], [ -71.439314442862425, -35.150375165904201 ], [ -71.43936190265552, -35.15014890519673 ], [ -71.439383349034614, -35.149927673022894 ], [ -71.439360579437107, -35.149716192309768 ], [ -71.439267413362359, -35.149510783239499 ], [ -71.439114893800152, -35.149320008793509 ], [ -71.438934299190393, -35.149143460685458 ], [ -71.438741930362184, -35.148994103923243 ], [ -71.438520985226489, -35.148863340417222 ], [ -71.438289884636475, -35.14874171629301 ], [ -71.438066875172254, -35.148610994248976 ], [ -71.437833040110533, -35.148485066935272 ], [ -71.437592059849052, -35.148363714752691 ], [ -71.437365187629098, -35.148233068491628 ], [ -71.437173810540983, -35.148083616039607 ], [ -71.437038506292865, -35.147915088457054 ], [ -71.43695608496725, -35.147704956245121 ], [ -71.436916614790277, -35.147475866790629 ], [ -71.436910437076079, -35.147241601925785 ], [ -71.436927978478636, -35.147015870917684 ], [ -71.436965018712755, -35.146798828824068 ], [ -71.437019671316307, -35.146581432839696 ], [ -71.437086809604011, -35.14636371234328 ], [ -71.437162441462746, -35.146150398505128 ], [ -71.437173986610773, -35.146118485669675 ], [ -71.437172755020526, -35.146038018934028 ], [ -71.437093509239403, -35.145105382897448 ], [ -71.437325946522549, -35.144663459804768 ], [ -71.43730565178366, -35.143907755714963 ], [ -71.437239786408711, -35.143281976947875 ], [ -71.437004061291617, -35.142881082165118 ], [ -71.436822410263062, -35.142656404926157 ], [ -71.436648756935512, -35.14249189817707 ], [ -71.436467327790822, -35.142319793390037 ], [ -71.436283379770089, -35.142156675044134 ], [ -71.436097771662745, -35.141989158455033 ], [ -71.435912389930806, -35.141826142287634 ], [ -71.435728043058091, -35.141658599307966 ], [ -71.435545849447109, -35.141490940654023 ], [ -71.435362985692933, -35.141327872802556 ], [ -71.435179494016367, -35.141164816377781 ], [ -71.434994924361462, -35.141001782398533 ], [ -71.434809365661422, -35.140838767926638 ], [ -71.434622730779694, -35.140675774431379 ], [ -71.434434881375665, -35.140517235903914 ], [ -71.434245821940991, -35.140354290982536 ], [ -71.43405528028606, -35.140195878913651 ], [ -71.433863436073977, -35.140041998254631 ], [ -71.433669751213884, -35.139883650222522 ], [ -71.43347485452648, -35.139729829944876 ], [ -71.43332971372601, -35.139619687177948 ], [ -71.433285123151947, -35.13955929062638 ], [ -71.432073955197083, -35.138615194662663 ], [ -71.430972928780889, -35.13819968456697 ], [ -71.430312877252859, -35.138059847407661 ], [ -71.428609227706403, -35.13802047066595 ], [ -71.427765681806861, -35.138116028395416 ], [ -71.426543903850174, -35.138331702290586 ], [ -71.425624736871683, -35.138632873739404 ], [ -71.42458677218842, -35.13890865023658 ], [ -71.42427878838653, -35.138866519133614 ], [ -71.424156861849653, -35.138826275946798 ], [ -71.423848655265559, -35.138709933341595 ], [ -71.423599066448716, -35.138445165766626 ], [ -71.423448401009253, -35.138011746395932 ], [ -71.423498214388388, -35.137766539370269 ], [ -71.423680858953645, -35.137471632481059 ], [ -71.424129880051765, -35.137055898365794 ], [ -71.424906831144384, -35.136306678740397 ], [ -71.425127226511137, -35.136045131319314 ], [ -71.425247887321788, -35.135673260108781 ], [ -71.4252656676762, -35.135566565375505 ], [ -71.425196364448666, -35.135360738582534 ], [ -71.425053429012223, -35.135045543235258 ], [ -71.424512645906148, -35.134276473309299 ], [ -71.42436894869833, -35.134174857572468 ], [ -71.424158757294904, -35.1340347673924 ], [ -71.423947135773517, -35.133894854022117 ], [ -71.423738070857453, -35.13375023643475 ], [ -71.423510274271067, -35.133619581410088 ], [ -71.42328054451022, -35.133493468543541 ], [ -71.42309224145697, -35.133339573011533 ], [ -71.422964631279285, -35.133152782910557 ], [ -71.422860474317062, -35.132947504683294 ], [ -71.422773974640023, -35.132737441825313 ], [ -71.422700324464827, -35.132518114323979 ], [ -71.4226351184533, -35.132298542323078 ], [ -71.4225741345236, -35.132078885978011 ], [ -71.422525461106574, -35.131859057127848 ], [ -71.422488104665462, -35.131638929407785 ], [ -71.422456857666631, -35.131418678402227 ], [ -71.422426196369358, -35.131193910753424 ], [ -71.422390550320557, -35.130973821642471 ], [ -71.422343942130368, -35.130753878872476 ], [ -71.422281790390812, -35.130543254936612 ], [ -71.422205762375043, -35.13032847729378 ], [ -71.42211971634724, -35.130118405475265 ], [ -71.422022617448192, -35.129908406583453 ], [ -71.421915054972686, -35.12970326931886 ], [ -71.421796577966489, -35.129502855596428 ], [ -71.421667004969919, -35.129307167655085 ], [ -71.421522605279577, -35.129120710671266 ], [ -71.421364955438776, -35.128939097107484 ], [ -71.421199489356709, -35.128766649218548 ], [ -71.421029935041773, -35.128589704609368 ], [ -71.420862180950664, -35.128412797085431 ], [ -71.420700532708565, -35.128235693011817 ], [ -71.420550390088607, -35.128049423862926 ], [ -71.420407342362765, -35.127862939019401 ], [ -71.420269015283736, -35.127671928689558 ], [ -71.420133970648763, -35.127476348024302 ], [ -71.420001483517396, -35.127285220703506 ], [ -71.41986975815739, -35.127089426043078 ], [ -71.419738217850337, -35.12689377491585 ], [ -71.419605643582386, -35.126702649166724 ], [ -71.419471678722402, -35.126507045601656 ], [ -71.419338384903895, -35.126315859432708 ], [ -71.41920514049275, -35.126120241713714 ], [ -71.419072207797015, -35.125929048759033 ], [ -71.418939231083826, -35.125733351495462 ], [ -71.418806617289988, -35.125537720621772 ], [ -71.418674135548514, -35.125346517482861 ], [ -71.418541432821499, -35.125150888618926 ], [ -71.418408594448863, -35.12495976612707 ], [ -71.418275262002808, -35.124764075351322 ], [ -71.418140000873848, -35.124573000444329 ], [ -71.418002899096862, -35.12437745789088 ], [ -71.417864222573186, -35.124186377668416 ], [ -71.417724560597662, -35.123995391044438 ], [ -71.417584807892283, -35.123804331967911 ], [ -71.417445506141178, -35.12361333783543 ], [ -71.417307460234838, -35.123422244064464 ], [ -71.417171215450637, -35.123231188786768 ], [ -71.417037170640569, -35.123035510022447 ], [ -71.416906047151812, -35.122844351707364 ], [ -71.41677892026776, -35.12264853534986 ], [ -71.416656064872868, -35.12244820198913 ], [ -71.416538102601322, -35.122252275935438 ], [ -71.416424948113189, -35.122051675617904 ], [ -71.416315343767067, -35.121846500194515 ], [ -71.416209154815647, -35.121641328662903 ], [ -71.416106378563995, -35.121436017009536 ], [ -71.416007377931464, -35.121230701899648 ], [ -71.415911385756843, -35.121020749893617 ], [ -71.415819166506395, -35.120810721665286 ], [ -71.415730274615782, -35.120600700977953 ], [ -71.41564475140747, -35.120386034517111 ], [ -71.4155630451408, -35.120175870923383 ], [ -71.415484798286286, -35.119961058592075 ], [ -71.415410009945617, -35.119750757233206 ], [ -71.415338009975613, -35.119531389612916 ], [ -71.415268208183079, -35.119316409521424 ], [ -71.415199484368912, -35.119101408288628 ], [ -71.415132469150393, -35.118886446166862 ], [ -71.415066081854278, -35.118671396772889 ], [ -71.415001130964285, -35.11845632035886 ], [ -71.414937170916048, -35.11824129701678 ], [ -71.414874287049528, -35.118026178318772 ], [ -71.414811989782876, -35.117806544467328 ], [ -71.414750366252719, -35.117591473852819 ], [ -71.414689460476467, -35.117376315964201 ], [ -71.414628872703801, -35.117156721509673 ], [ -71.414569044905875, -35.116941541163612 ], [ -71.414509578230692, -35.116726427851333 ], [ -71.414450247201131, -35.116506734650528 ], [ -71.414391138953746, -35.116291540095993 ], [ -71.414332169945226, -35.116071912590385 ], [ -71.414273331192447, -35.115856713213311 ], [ -71.414214092689349, -35.115637091148876 ], [ -71.414155345564723, -35.115421889153694 ], [ -71.41409578995632, -35.115206704225749 ], [ -71.414035832800991, -35.114987022358363 ], [ -71.413976009494647, -35.114771915642805 ], [ -71.413914975259303, -35.114552254647869 ], [ -71.413853806276663, -35.114337175442806 ], [ -71.41379191684517, -35.114122036148856 ], [ -71.413729268337249, -35.11390248142208 ], [ -71.413665584071808, -35.113687378456852 ], [ -71.413601001491102, -35.113472292559827 ], [ -71.413535343626975, -35.113257302358647 ], [ -71.413469683966227, -35.113042238841231 ], [ -71.413403757505847, -35.112827253384118 ], [ -71.413337379192868, -35.112612204163341 ], [ -71.413270240905163, -35.112392663739442 ], [ -71.413202878038632, -35.11217770743211 ], [ -71.413135154049371, -35.11196268442135 ], [ -71.413066445506544, -35.111747754169222 ], [ -71.412997016514865, -35.111532764561993 ], [ -71.412926958702485, -35.111317788349808 ], [ -71.412856095101304, -35.111102900488063 ], [ -71.412784334083156, -35.110888031166027 ], [ -71.412711492391708, -35.110673109837194 ], [ -71.412637708367527, -35.110462711017654 ], [ -71.41256253554792, -35.110247910554548 ], [ -71.412486282055028, -35.110033055880066 ], [ -71.41240872690328, -35.109822733303993 ], [ -71.412330051552388, -35.109608000966638 ], [ -71.412248456676821, -35.109397830881782 ], [ -71.412161382078011, -35.109187697733418 ], [ -71.412068469328176, -35.1089776794187 ], [ -71.411969722020572, -35.10876785163088 ], [ -71.411865986368184, -35.108562553098302 ], [ -71.411756774585839, -35.108357438503681 ], [ -71.411642843953302, -35.108156848066677 ], [ -71.411523435394145, -35.107956365898914 ], [ -71.411399131915033, -35.107760560055304 ], [ -71.411269531070673, -35.107564859565201 ], [ -71.411135886909236, -35.107369165219161 ], [ -71.410999323223109, -35.107178034080675 ], [ -71.410861055432889, -35.106987010523312 ], [ -71.410721080843629, -35.106795946098991 ], [ -71.410581469173749, -35.106605023061888 ], [ -71.410442350678963, -35.106409436645961 ], [ -71.410304623674534, -35.106218401733507 ], [ -71.410170219538372, -35.106027226006979 ], [ -71.410039276610974, -35.105831550016077 ], [ -71.409913272621012, -35.105635702322395 ], [ -71.409792525572101, -35.105435245553984 ], [ -71.409678381140523, -35.105239310188793 ], [ -71.409571513062744, -35.105034071114595 ], [ -71.409468373891713, -35.10482425522116 ], [ -71.409370714443924, -35.104614328550362 ], [ -71.409279660308414, -35.104399841180758 ], [ -71.409197183287233, -35.10418060346727 ], [ -71.409125348607219, -35.103965732062704 ], [ -71.409065414808097, -35.103746047083568 ], [ -71.409019490235806, -35.103526082975968 ], [ -71.408988743598599, -35.103305816219944 ], [ -71.408975956080511, -35.103094276880036 ], [ -71.408993301650327, -35.102877632899322 ], [ -71.409045532395908, -35.102664726208957 ], [ -71.409122910579541, -35.102451394170494 ], [ -71.409215733497845, -35.102237680141819 ], [ -71.409313943612915, -35.102023859721754 ], [ -71.40940726329957, -35.101805704799105 ], [ -71.409487063341203, -35.101592250716983 ], [ -71.40954266456572, -35.101374845752048 ], [ -71.409576936192124, -35.101153286292629 ], [ -71.409601691066399, -35.100931990077385 ], [ -71.409612974804702, -35.100701806245631 ], [ -71.40960805203693, -35.100476595919922 ], [ -71.409583051922581, -35.100256215090432 ], [ -71.409535557993507, -35.100040860029601 ], [ -71.409462826794837, -35.099825934350299 ], [ -71.409369977825392, -35.099620490556497 ], [ -71.409260916061697, -35.099419800711864 ], [ -71.409140269624089, -35.099219340416745 ], [ -71.409011364974077, -35.099019117757486 ], [ -71.408879089845115, -35.098823467571314 ], [ -71.408747444435178, -35.098627730189271 ], [ -71.408620247482531, -35.098427474473311 ], [ -71.408497671463692, -35.098231556807299 ], [ -71.408370518528486, -35.098035802569711 ], [ -71.408240671545755, -35.097840103720294 ], [ -71.408110912597891, -35.097644327963458 ], [ -71.407984121683754, -35.097448567906071 ], [ -71.407860112852035, -35.097252678021924 ], [ -71.407736461549803, -35.097056781052345 ], [ -71.407612953978031, -35.096856522947732 ], [ -71.407490291720933, -35.096660531683 ], [ -71.407368580779703, -35.096460239530678 ], [ -71.407247855290365, -35.096259778573597 ], [ -71.407129283961055, -35.096059274494131 ], [ -71.407012332294229, -35.095858812551228 ], [ -71.406898791530537, -35.095658209731333 ], [ -71.406787186636251, -35.095453135428947 ], [ -71.406678137448964, -35.09525244267607 ], [ -71.406569585928352, -35.095047309288013 ], [ -71.406461392835524, -35.094842093798619 ], [ -71.406351625894345, -35.094641414241892 ], [ -71.406234319392951, -35.094440959103189 ], [ -71.40611391819543, -35.09423605961134 ], [ -71.405997598942548, -35.094035510129906 ], [ -71.405891475568154, -35.093830327374633 ], [ -71.405802101282205, -35.093620232740264 ], [ -71.405735175895231, -35.093409693615037 ], [ -71.405682937064825, -35.093194430722335 ], [ -71.405641519340335, -35.092974374932879 ], [ -71.405608363421507, -35.09275415610982 ], [ -71.405581811018351, -35.092529374399788 ], [ -71.405559251626613, -35.092308943422566 ], [ -71.405538268778201, -35.092084051701214 ], [ -71.405516695736665, -35.091863601879538 ], [ -71.40550837284556, -35.091638457549145 ], [ -71.405527032650625, -35.091408126933544 ], [ -71.405546952792051, -35.091177917683382 ], [ -71.405541815326956, -35.090957216234308 ], [ -71.405485578993535, -35.090746462952332 ], [ -71.405376042919372, -35.090550282796393 ], [ -71.405241722326494, -35.090363677577649 ], [ -71.405087600169836, -35.090181969536204 ], [ -71.404918391706289, -35.090000488219275 ], [ -71.404740021325168, -35.089828270310036 ], [ -71.40455671200661, -35.0896560755587 ], [ -71.404373628165189, -35.089488456137332 ], [ -71.40419157289476, -35.089325320927621 ], [ -71.403996136319847, -35.089171458833391 ], [ -71.403791086873099, -35.089026797871782 ], [ -71.403581908769311, -35.088882217509855 ], [ -71.403375872972362, -35.08873757441166 ], [ -71.403179132941986, -35.088588167873056 ], [ -71.402993629039173, -35.088420593300739 ], [ -71.402807275330133, -35.088248531563814 ], [ -71.402633807953819, -35.088071634213605 ], [ -71.402490834788154, -35.087880693051915 ], [ -71.402395497485358, -35.087684228146898 ], [ -71.402349959188669, -35.087473335564539 ], [ -71.402340927526794, -35.087248205576437 ], [ -71.402357173558698, -35.087017996344905 ], [ -71.402387288680288, -35.086792016822912 ], [ -71.402423912096111, -35.086570486098729 ], [ -71.402477097750818, -35.08635305798623 ], [ -71.402542045945864, -35.086135397008405 ], [ -71.402611394987488, -35.085917722218213 ], [ -71.402679394759545, -35.085700000536775 ], [ -71.4027387778914, -35.085482523793317 ], [ -71.402784149999775, -35.08526525082479 ], [ -71.402808693769956, -35.085048463907889 ], [ -71.402816581876479, -35.084827429781775 ], [ -71.402810733843964, -35.084606667041932 ], [ -71.40279254206115, -35.08438164528679 ], [ -71.402762231106848, -35.084156936798266 ], [ -71.402721546407619, -35.083936865444194 ], [ -71.402670895798636, -35.083717064749472 ], [ -71.402610140939331, -35.083501895359866 ], [ -71.402536906684119, -35.083286973868844 ], [ -71.402452182078108, -35.08307235320629 ], [ -71.402355915917312, -35.082862392582072 ], [ -71.402248828650599, -35.082657150841165 ], [ -71.402131191569197, -35.08245669712003 ], [ -71.401991685002216, -35.082270190267167 ], [ -71.401812032725175, -35.082102423345873 ], [ -71.40161392366231, -35.081948610846545 ], [ -71.401413003770898, -35.081803050519355 ], [ -71.401160131611704, -35.081619748774578 ], [ -71.394102284918347, -35.078799842386715 ], [ -71.38610816822181, -35.082014640687376 ], [ -71.384629774826124, -35.082676688664492 ], [ -71.38423218676958, -35.082625357945304 ], [ -71.381966842235542, -35.081723389892495 ], [ -71.380636813693869, -35.08103733080543 ], [ -71.379626546765778, -35.080268397984078 ], [ -71.378601619332258, -35.079396061715059 ], [ -71.377908766719926, -35.078264862791393 ], [ -71.37803593133323, -35.076874169967432 ], [ -71.378122960117949, -35.075691556151526 ], [ -71.378403055721847, -35.074243732098971 ], [ -71.378530563491594, -35.072911666964572 ], [ -71.377476383319163, -35.071891161088153 ], [ -71.376329532942009, -35.071431346402804 ], [ -71.37514250451548, -35.071094083993593 ], [ -71.374035612998796, -35.070403574185868 ], [ -71.372279020342788, -35.070289232941796 ], [ -71.371711690223393, -35.070292284121969 ], [ -71.371011078861955, -35.07029602053084 ], [ -71.370470839236603, -35.070288567563956 ], [ -71.370200360097826, -35.070284846594433 ], [ -71.369929611464443, -35.070281130771306 ], [ -71.369659261683069, -35.07028183732178 ], [ -71.369389532637527, -35.070291614332803 ], [ -71.369120025475894, -35.070305965171244 ], [ -71.368851445375611, -35.070333738252977 ], [ -71.368583084464262, -35.070366010892918 ], [ -71.368314594195525, -35.070393780278138 ], [ -71.368045975467695, -35.070417121405896 ], [ -71.367775753247074, -35.07042232604929 ], [ -71.36750491657881, -35.070418680813845 ], [ -71.36723407631726, -35.070414885592747 ], [ -71.36696345973624, -35.07041573918665 ], [ -71.36669270930625, -35.070411942494971 ], [ -71.366422100810041, -35.070403785930125 ], [ -71.366152436443215, -35.070390956285742 ], [ -71.36588363176412, -35.070373679273231 ], [ -71.365615425363004, -35.070342875613179 ], [ -71.36534775525611, -35.070311987390774 ], [ -71.365080495679308, -35.070276659137498 ], [ -71.364813234305871, -35.070241256611219 ], [ -71.364545617199568, -35.070205934209113 ], [ -71.364277410798451, -35.070175127544836 ], [ -71.364009192719237, -35.070153256063428 ], [ -71.363739042363846, -35.070135999586867 ], [ -71.363468206593879, -35.070132345515937 ], [ -71.363197585521291, -35.070133042509767 ], [ -71.362757753290182, -35.070302532410331 ], [ -71.362200769966265, -35.070278236193495 ], [ -71.358294614836552, -35.070204821813832 ], [ -71.355617828427654, -35.070107398573626 ], [ -71.354375343405366, -35.07079085645524 ], [ -71.350479166761815, -35.072932237872585 ], [ -71.348575667217474, -35.074067927748978 ], [ -71.346491819201773, -35.073387446919369 ], [ -71.343500656579423, -35.072399243825622 ], [ -71.342506621310207, -35.072427245578908 ], [ -71.340935151671289, -35.072457603653426 ], [ -71.338540204496269, -35.073242246268876 ], [ -71.336423826687493, -35.074047762217113 ], [ -71.336168847080614, -35.075986632998969 ], [ -71.334965590588467, -35.07730202741994 ], [ -71.33487072939279, -35.07767716081959 ], [ -71.333531360168763, -35.076931305486994 ], [ -71.33142980096892, -35.074970511237794 ], [ -71.331251713557094, -35.074883908225786 ], [ -71.330878268622143, -35.074454114845288 ], [ -71.329528628061183, -35.073342646254069 ], [ -71.328377463075725, -35.072667824848757 ], [ -71.328020206680478, -35.072032701334265 ], [ -71.327920936553383, -35.071264035819219 ], [ -71.32738508070662, -35.070444887097572 ], [ -71.327186604232793, -35.069214332571626 ], [ -71.326789651285168, -35.067983777137925 ], [ -71.326154525311296, -35.067507433359758 ], [ -71.325409999807192, -35.066770000808276 ], [ -71.324750105484327, -35.065540926848726 ], [ -71.324140385663327, -35.064829586826249 ], [ -71.323225804584354, -35.06381338644016 ], [ -71.322590000382462, -35.063169999234297 ], [ -71.321422050375901, -35.061628556487236 ], [ -71.321295025001476, -35.060841001428479 ], [ -71.32133653076086, -35.060695731397388 ], [ -71.321389260071399, -35.060511178532366 ], [ -71.321447454732152, -35.060307495321879 ], [ -71.32144999965935, -35.059629999874353 ], [ -71.321190001164979, -35.0583200003245 ], [ -71.320863139267388, -35.057309705320954 ], [ -71.320253420344699, -35.056471341620885 ], [ -71.319567483861732, -35.055607569372256 ], [ -71.319296824161569, -35.055491304297654 ], [ -71.318929590178485, -35.055333553063043 ], [ -71.318060000322205, -35.054960000206918 ], [ -71.317857343987356, -35.055423214583271 ], [ -71.317627062660904, -35.055787282185904 ], [ -71.317440902987954, -35.056094444441378 ], [ -71.317366438939118, -35.056494685994387 ], [ -71.317198896850428, -35.056941468485498 ], [ -71.31675211435396, -35.057593026590745 ], [ -71.316659034517485, -35.058114271096336 ], [ -71.316740000572366, -35.058430000028558 ], [ -71.316700350732361, -35.059078561571127 ], [ -71.316667085219066, -35.059622709909974 ], [ -71.316599999931967, -35.060720000318824 ], [ -71.3161042044553, -35.060924250893677 ], [ -71.315740000489654, -35.060760000456334 ], [ -71.31546142483522, -35.060843308093574 ], [ -71.315328107660534, -35.061009953995907 ], [ -71.315130000394277, -35.061080000115624 ], [ -71.314918163277241, -35.061088043639586 ], [ -71.314623432320744, -35.061052806248625 ], [ -71.314340000373875, -35.061109999904474 ], [ -71.314070000935445, -35.061249999998893 ], [ -71.313828290343622, -35.061243259452489 ], [ -71.313500000124733, -35.061399999991217 ], [ -71.313295022543187, -35.061724152329695 ], [ -71.313290000960748, -35.061990000081259 ], [ -71.313307697771862, -35.062031849607649 ], [ -71.313258039801255, -35.062133583977875 ], [ -71.3132206725804, -35.062534414309795 ], [ -71.313213018934178, -35.062616459108405 ], [ -71.313263208707411, -35.062864079032799 ], [ -71.313281153453516, -35.062952503613765 ], [ -71.313398503972351, -35.063262869031838 ], [ -71.313407819501847, -35.063287430569808 ], [ -71.313594467858323, -35.063669510649213 ], [ -71.313662605970933, -35.064005555231461 ], [ -71.313501582956263, -35.064286301850423 ], [ -71.313494995610284, -35.064297948656645 ], [ -71.313441815345456, -35.064491783914065 ], [ -71.313389992435035, -35.064733743891736 ], [ -71.313396881614949, -35.064974583332969 ], [ -71.313578004434106, -35.065163947275558 ], [ -71.313759217983119, -35.065353310043605 ], [ -71.313767378279152, -35.065642348769401 ], [ -71.313483970586802, -35.065985101121981 ], [ -71.31342035549163, -35.066009800070233 ], [ -71.312962084441011, -35.066187806239768 ], [ -71.312872358015497, -35.066216621852213 ], [ -71.312323045405776, -35.066392892358905 ], [ -71.311100856020701, -35.066705318855064 ], [ -71.310532471279188, -35.06734269252108 ], [ -71.310296782993035, -35.068062933567127 ], [ -71.310262715284196, -35.068167193334176 ], [ -71.310099069188894, -35.068604103856799 ], [ -71.309878334258968, -35.06909032573386 ], [ -71.309300601648602, -35.069390527492693 ], [ -71.309057899316727, -35.069428570605794 ], [ -71.308640000351616, -35.069890000106895 ], [ -71.308325947531657, -35.070367110051983 ], [ -71.307739999828001, -35.071060000801602 ], [ -71.307452185000869, -35.071479558037275 ], [ -71.307110000539481, -35.072150000080619 ], [ -71.306460001159451, -35.072690000030157 ], [ -71.305884968884826, -35.073139670707917 ], [ -71.305853736259039, -35.073184802323773 ], [ -71.305832156929284, -35.0732160085347 ], [ -71.304012628304449, -35.075226745278854 ], [ -71.303619786047534, -35.075810977233367 ], [ -71.301062413587687, -35.07264650323193 ], [ -71.300920877726469, -35.072468553790188 ], [ -71.299233669146361, -35.070347554576429 ], [ -71.297670567314327, -35.068382437721418 ], [ -71.297510147069204, -35.068180766658926 ], [ -71.290406906707915, -35.059339539070955 ], [ -71.285474018530962, -35.053040315314483 ], [ -71.284292840831867, -35.051733567105437 ], [ -71.284142442192064, -35.051628136197287 ], [ -71.284124218069891, -35.051615482302424 ], [ -71.283514728217597, -35.051206680358625 ], [ -71.2818073839004, -35.050533404883673 ], [ -71.27533712253944, -35.047315627958085 ], [ -71.268799964537607, -35.044014704763825 ], [ -71.267737649221957, -35.04352722299771 ], [ -71.267551709636237, -35.043443851360607 ], [ -71.264004556328359, -35.041853437193275 ], [ -71.261818179995998, -35.0407839654589 ], [ -71.260289481842719, -35.040036224073965 ], [ -71.258093668708298, -35.038887911669271 ], [ -71.25762804854034, -35.038621929869308 ], [ -71.256529609272178, -35.038412476407288 ], [ -71.253879296214706, -35.034836202955717 ], [ -71.251988082928534, -35.032058429100466 ], [ -71.248712687960364, -35.027761552253793 ], [ -71.248361957825693, -35.02829394686492 ], [ -71.248220050960256, -35.028672183113414 ], [ -71.247925357732981, -35.02902828942603 ], [ -71.247576076580856, -35.02961072610961 ], [ -71.247355833927699, -35.030466161798294 ], [ -71.24725060078373, -35.031069110844989 ], [ -71.247102353609037, -35.031845668609158 ], [ -71.246958366245408, -35.032627020016591 ], [ -71.246611807886879, -35.033309619882516 ], [ -71.245754640832672, -35.034252028630874 ], [ -71.244673628881017, -35.034797860540969 ], [ -71.243889897304626, -35.03508782681277 ], [ -71.243503207609109, -35.035420516534664 ], [ -71.243036875975463, -35.036180354046742 ], [ -71.242605751114411, -35.037114861066655 ], [ -71.242280577151249, -35.037471443986718 ], [ -71.241170353783161, -35.038067929873101 ], [ -71.240655107085672, -35.038152630920429 ], [ -71.239713830771379, -35.038245124637427 ], [ -71.238535123439334, -35.038567313136035 ], [ -71.237754836902056, -35.038982429402189 ], [ -71.237031976067669, -35.039271156212052 ], [ -71.23628551110086, -35.039810816125566 ], [ -71.235910981001027, -35.040285199584581 ], [ -71.235577888388619, -35.041301622905209 ], [ -71.23547839817428, -35.04160484302863 ], [ -71.235354878026087, -35.041810579278462 ], [ -71.235092714591872, -35.042247071144367 ], [ -71.234980435961148, -35.042496320133523 ], [ -71.234644560367997, -35.04289661876598 ], [ -71.233889999783827, -35.043779999774074 ], [ -71.232650000399943, -35.045139999055785 ], [ -71.232139999863676, -35.045870000417757 ], [ -71.231680000454475, -35.046709999715709 ], [ -71.230999999140579, -35.048060000662261 ], [ -71.230525129918462, -35.049175940650294 ], [ -71.230095200715056, -35.050087388925476 ], [ -71.229527696322506, -35.050878457014967 ], [ -71.228667839712344, -35.051514751875537 ], [ -71.228375488393013, -35.052065059490474 ], [ -71.227911165392342, -35.052890520578593 ], [ -71.227292068956402, -35.053698786173911 ], [ -71.226356974847917, -35.054711265764716 ], [ -71.225647594132667, -35.055184186836442 ], [ -71.225260000731978, -35.055669999634731 ], [ -71.224938213417431, -35.05729083646726 ], [ -71.224540000133445, -35.058619999769924 ], [ -71.224508285112336, -35.059461972427179 ], [ -71.224852226678422, -35.060751757631024 ], [ -71.22506719083097, -35.062020045859533 ], [ -71.225583104976735, -35.063632276605581 ], [ -71.226000000523698, -35.064410000552975 ], [ -71.226185004064874, -35.065373485811769 ], [ -71.226234584780343, -35.066296321881893 ], [ -71.226254872332717, -35.066786424951772 ], [ -71.225910141147509, -35.067130750352419 ], [ -71.225545709908104, -35.067732163440837 ], [ -71.225523878151733, -35.068327360039966 ], [ -71.226306195779856, -35.069095520168617 ], [ -71.226673274354397, -35.069996480865839 ], [ -71.226749691340672, -35.07140363545254 ], [ -71.226625385166614, -35.072438871372931 ], [ -71.2260100230273, -35.073608301775224 ], [ -71.225314169143601, -35.074622791479186 ], [ -71.223949345257708, -35.076244200389205 ], [ -71.222399294150136, -35.078056792373246 ], [ -71.221547027405791, -35.080326123644546 ], [ -71.221069127267896, -35.080980338570669 ], [ -71.220175344882705, -35.081697262948339 ], [ -71.2191412618198, -35.082333002246635 ], [ -71.218715513375727, -35.082631768865511 ], [ -71.21842550576099, -35.083169098635253 ], [ -71.217965372502775, -35.084460901220076 ], [ -71.216808497825383, -35.086735774710725 ], [ -71.214790359776075, -35.089558474139395 ], [ -71.212930965715557, -35.091341376277626 ], [ -71.212915966545253, -35.0913249592816 ], [ -71.208658498274232, -35.095179434438478 ], [ -71.204628193277301, -35.098257816629761 ], [ -71.203998769808862, -35.098926613510152 ], [ -71.203416479146739, -35.099353795986346 ], [ -71.203229640347431, -35.100067491156921 ], [ -71.202604312298376, -35.10089269680838 ], [ -71.202292869084317, -35.101147161252428 ], [ -71.201524573259476, -35.101639084885107 ], [ -71.200582504631129, -35.102432961281359 ], [ -71.199487380146351, -35.103618138845192 ], [ -71.198719891906961, -35.104706894690679 ], [ -71.19805942805219, -35.10600691331166 ], [ -71.197917897580851, -35.106669782881056 ], [ -71.197812984237146, -35.10704980273087 ], [ -71.197479349940608, -35.108259625043182 ], [ -71.197205708732028, -35.108829031616452 ], [ -71.196705023725272, -35.109467762708881 ], [ -71.196403117026264, -35.109788062232369 ], [ -71.196302180524327, -35.109861305772412 ], [ -71.195581870007004, -35.110384154225649 ], [ -71.194990935755229, -35.110976141354328 ], [ -71.194666707718042, -35.111506726532383 ], [ -71.194526186054787, -35.111896915451084 ], [ -71.194064930800806, -35.112449034388327 ], [ -71.193179524307297, -35.113201358474612 ], [ -71.192528971565068, -35.11376007324661 ], [ -71.191668264250325, -35.114459136078224 ], [ -71.190863369264164, -35.115058002386924 ], [ -71.18978157038832, -35.115899447745889 ], [ -71.189442437503956, -35.116550075058086 ], [ -71.188273150804278, -35.117962627443582 ], [ -71.186728369214137, -35.119593087619492 ], [ -71.185845239949899, -35.120610812890718 ], [ -71.185399940571983, -35.121000435057532 ], [ -71.185000140863224, -35.121246185599865 ], [ -71.184822293301579, -35.121405587525103 ], [ -71.184486080840188, -35.121827948987296 ], [ -71.184345134273784, -35.122201222886993 ], [ -71.184148413108019, -35.123074366461623 ], [ -71.18404227266565, -35.123791822988984 ], [ -71.183955799039779, -35.124851963339381 ], [ -71.183940975040954, -35.125033977628959 ], [ -71.183715741348067, -35.125896704795892 ], [ -71.183224467092231, -35.126764299862828 ], [ -71.182578464316919, -35.127348359480592 ], [ -71.181823645017957, -35.12793437583607 ], [ -71.1815003997377, -35.128382712577853 ], [ -71.181435298829072, -35.128472949903866 ], [ -71.181405392116631, -35.128514400910859 ], [ -71.181364558297062, -35.128644967146968 ], [ -71.181352640348194, -35.129037256763141 ], [ -71.181343906028673, -35.129326467279242 ], [ -71.181423209301954, -35.130112143756712 ], [ -71.181505213809317, -35.130483540782897 ], [ -71.181693670474459, -35.131337262630126 ], [ -71.181968828039246, -35.13258304823249 ], [ -71.181978768796171, -35.132736553619978 ], [ -71.182036645453309, -35.133628442796258 ], [ -71.181997454652404, -35.133918276152244 ], [ -71.181980971465237, -35.133947374918101 ], [ -71.181823115011937, -35.134227159362865 ], [ -71.181539935491671, -35.134594351616684 ], [ -71.181364688552776, -35.134727854023453 ], [ -71.179290453408925, -35.136309709819365 ], [ -71.178342987702351, -35.136670676278918 ], [ -71.177282383677309, -35.136908934863406 ], [ -71.175918814737869, -35.137215104793 ], [ -71.175129801965966, -35.137636194922173 ], [ -71.174686096199338, -35.138145020611439 ], [ -71.172973184124004, -35.139646875418414 ], [ -71.171085673693426, -35.142051342633572 ], [ -71.170559390294329, -35.143044473053237 ], [ -71.170067254554141, -35.143766544447153 ], [ -71.169525005397489, -35.144562182440609 ], [ -71.168810388402449, -35.145042827900767 ], [ -71.166702254433034, -35.146019576073627 ], [ -71.165873344784401, -35.146378696186098 ], [ -71.164649965131559, -35.147324370955964 ], [ -71.164116906638597, -35.147906317503441 ], [ -71.163749787639873, -35.148368095430598 ], [ -71.163500369502913, -35.148979459907657 ], [ -71.163485930881336, -35.149014870847139 ], [ -71.163310354260744, -35.149949787526744 ], [ -71.163216034749183, -35.150452478075515 ], [ -71.162761949847791, -35.151253897277627 ], [ -71.162019734810585, -35.151976342403202 ], [ -71.160905584906416, -35.153072090504907 ], [ -71.159630303291408, -35.153846126347936 ], [ -71.158278831065587, -35.154163999476459 ], [ -71.157946290917081, -35.154190751725935 ], [ -71.156201755448805, -35.154089483280714 ], [ -71.155051795104129, -35.154022806739682 ], [ -71.153963898464156, -35.154062470261579 ], [ -71.153240941510006, -35.154175394743042 ], [ -71.152967113451851, -35.15424975735646 ], [ -71.1525247398868, -35.154466250762134 ], [ -71.152522518353109, -35.154467250369045 ], [ -71.151779117539746, -35.154910275529723 ], [ -71.151266218140066, -35.155283031274728 ], [ -71.146646478179562, -35.158678275207713 ], [ -71.143996610686486, -35.160822375762606 ], [ -71.142952821326929, -35.16171732000479 ], [ -71.142159294520695, -35.161981789345582 ], [ -71.141482560379515, -35.162338054186613 ], [ -71.139753864006323, -35.163276394227744 ], [ -71.138608853378884, -35.164673876692909 ], [ -71.13795647795493, -35.165968786811128 ], [ -71.135700171370971, -35.171987835531503 ], [ -71.135483115042135, -35.172406191818204 ], [ -71.134945901840965, -35.173469155354553 ], [ -71.13459386286091, -35.174425238720644 ], [ -71.134586560455972, -35.174441762330133 ], [ -71.13425433561612, -35.175182439974151 ], [ -71.133921278038002, -35.175681638056716 ], [ -71.132581468639515, -35.17746541838747 ], [ -71.132069309451637, -35.178147224145015 ], [ -71.131867650246775, -35.178457258918279 ], [ -71.130845231807825, -35.18002923869296 ], [ -71.130202144065606, -35.180851517359358 ], [ -71.130039777171262, -35.181123562605961 ], [ -71.129440667352085, -35.18274930546152 ], [ -71.128867995850044, -35.183737759258982 ], [ -71.128157856058365, -35.18476747361413 ], [ -71.126472259055902, -35.186047546046751 ], [ -71.124329107858387, -35.187114439623151 ], [ -71.123745618843671, -35.187265732869619 ], [ -71.122961387804011, -35.187270109249859 ], [ -71.12221692787692, -35.18712969861491 ], [ -71.121711091032012, -35.18699470298484 ], [ -71.120278955483542, -35.186336816054599 ], [ -71.11906214071881, -35.185683636519727 ], [ -71.118238298466693, -35.185287882958377 ], [ -71.117210881801526, -35.184700937492039 ], [ -71.116409925927897, -35.184243473655187 ], [ -71.116300088918095, -35.184201747810306 ], [ -71.11511369470216, -35.183751529191831 ], [ -71.114566950375831, -35.183675117231608 ], [ -71.112912123366769, -35.183712429331088 ], [ -71.111601843388314, -35.183594159755181 ], [ -71.110797336474334, -35.183630714195722 ], [ -71.110600838090789, -35.18363967953168 ], [ -71.110038605012335, -35.183802500316183 ], [ -71.109869031832787, -35.183986539846572 ], [ -71.109498121045235, -35.184169951956143 ], [ -71.108970315001727, -35.184297162463338 ], [ -71.108652770430268, -35.184422408066901 ], [ -71.107185145139894, -35.185178207874046 ], [ -71.107177662173584, -35.185184541710917 ], [ -71.105972685407664, -35.186222668303799 ], [ -71.105086056307059, -35.187177704511981 ], [ -71.103192165143014, -35.188908843343519 ], [ -71.102612389763692, -35.189646132482238 ], [ -71.102465097498126, -35.189833615870398 ], [ -71.102122174621584, -35.190340285624416 ], [ -71.10109791014473, -35.191473672557343 ], [ -71.100726941865005, -35.191992272646246 ], [ -71.099254839371255, -35.193407256843898 ], [ -71.098263285248848, -35.194360297733212 ], [ -71.097110257157496, -35.195311476051792 ], [ -71.096245246912531, -35.196089717721051 ], [ -71.096221488269904, -35.196117453804405 ], [ -71.095480014342812, -35.196984239992219 ], [ -71.094372233494013, -35.19796932007737 ], [ -71.092948944554465, -35.198959845241902 ], [ -71.092160403398069, -35.19965313556758 ], [ -71.091765830985935, -35.20012499991055 ], [ -71.091489183116096, -35.200827384667313 ], [ -71.091425616529961, -35.20149218930554 ], [ -71.091430250040176, -35.202044742108022 ], [ -71.091375435739877, -35.202275515863185 ], [ -71.091163896863492, -35.203166426138885 ], [ -71.091168483661349, -35.203194409374241 ], [ -71.091287005583297, -35.203907468841749 ], [ -71.091476604007156, -35.204644778938999 ], [ -71.091497598533678, -35.204726613136117 ], [ -71.091744551693481, -35.205402075904708 ], [ -71.092095138097733, -35.206108021158173 ], [ -71.092297626447603, -35.206361819842535 ], [ -71.092395434117435, -35.206484496213335 ], [ -71.092639032967966, -35.206909583249391 ], [ -71.092777492099344, -35.207459083976801 ], [ -71.092626103516096, -35.208340979180292 ], [ -71.092581244345737, -35.20849684373956 ], [ -71.092395190673983, -35.209143087322786 ], [ -71.092394033643899, -35.209147094804941 ], [ -71.091916400305649, -35.210118303742597 ], [ -71.091371663714, -35.210810329620216 ], [ -71.09098235363281, -35.211107145303409 ], [ -71.089653244067662, -35.21212052819353 ], [ -71.089550976262444, -35.212220663807919 ], [ -71.08870402125639, -35.213049351276382 ], [ -71.087185907952104, -35.213684450593163 ], [ -71.086377433179536, -35.213859461897719 ], [ -71.085416726305681, -35.214067296964622 ], [ -71.083420084042785, -35.214719604631291 ], [ -71.082986650511472, -35.214819970426312 ], [ -71.08133575093683, -35.215872034691444 ], [ -71.081272142129876, -35.215946610950098 ], [ -71.080997084278081, -35.216269051292251 ], [ -71.080652801352173, -35.216446233787195 ], [ -71.080524724050548, -35.216473618716989 ], [ -71.0800168803693, -35.216582048681055 ], [ -71.079108909094188, -35.217042387836969 ], [ -71.078779335182759, -35.217810569490368 ], [ -71.07872953976991, -35.218218717780253 ], [ -71.07866598396356, -35.219911457812124 ], [ -71.0785250805163, -35.221584997090915 ], [ -71.078528742947725, -35.223051629649348 ], [ -71.078446933374792, -35.223619625437969 ], [ -71.078347823147809, -35.224306819867458 ], [ -71.077884551175998, -35.226436684220083 ], [ -71.077608827672591, -35.22691842703567 ], [ -71.077002354363032, -35.227549045825789 ], [ -71.076216270098939, -35.227916655458863 ], [ -71.074905137619254, -35.22852988653861 ], [ -71.073198019677505, -35.229771350962871 ], [ -71.07281289754215, -35.230447563664853 ], [ -71.072734355141918, -35.231060844590182 ], [ -71.072725641483657, -35.231128715622489 ], [ -71.072300892864519, -35.232710067598362 ], [ -71.07201174763243, -35.233480050522672 ], [ -71.071848162622558, -35.233797090522579 ], [ -71.070899327883495, -35.235636660727913 ], [ -71.070386495857477, -35.236534907513501 ], [ -71.070060456816677, -35.237005531753745 ], [ -71.069430628208053, -35.237731782066113 ], [ -71.069088375474678, -35.238266192341051 ], [ -71.068518828313202, -35.238988379133687 ], [ -71.067854205258655, -35.239472835465882 ], [ -71.066162936293452, -35.240575092281944 ], [ -71.065425402377215, -35.241252351396902 ], [ -71.065102452642677, -35.241651421378776 ], [ -71.064782412551352, -35.24222923481252 ], [ -71.064763139196927, -35.242573270444794 ], [ -71.064388892066418, -35.244759096353512 ], [ -71.064313139833459, -35.245084006840301 ], [ -71.064125424278402, -35.245889387759867 ], [ -71.064035310679003, -35.246084712248333 ], [ -71.063942130231212, -35.246286883283766 ], [ -71.063927966494134, -35.246317699624008 ], [ -71.063896138285301, -35.246351254610545 ], [ -71.063267341840927, -35.247012983722144 ], [ -71.060227190492881, -35.249282935346741 ], [ -71.058584446722705, -35.250600059265004 ], [ -71.058198601443536, -35.251195518549046 ], [ -71.057699312418748, -35.251851544848343 ], [ -71.057511679508721, -35.252445994337641 ], [ -71.057439414535679, -35.252675129757812 ], [ -71.057111319251206, -35.25301991039467 ], [ -71.05640162771887, -35.253765990866214 ], [ -71.05571100562338, -35.254761361777426 ], [ -71.055670347873615, -35.254819878451691 ], [ -71.054935022914648, -35.255539577787466 ], [ -71.054750278088278, -35.255657555516571 ], [ -71.053382546355792, -35.256531554091119 ], [ -71.052000375103447, -35.257244711958862 ], [ -71.051409146204264, -35.257596526811255 ], [ -71.050515600974308, -35.257853247496165 ], [ -71.049552130882631, -35.258083008735049 ], [ -71.048105606119961, -35.25829509426945 ], [ -71.047654557524226, -35.258361220924947 ], [ -71.046893289219852, -35.258572619886365 ], [ -71.046202150593089, -35.258608390176846 ], [ -71.045872591054689, -35.258625559763935 ], [ -71.044798283229994, -35.258576742291226 ], [ -71.044221243220719, -35.258606140459662 ], [ -71.043199026004416, -35.258799475072536 ], [ -71.042917236177885, -35.259353028461241 ], [ -71.04283304247619, -35.259815434024979 ], [ -71.042483986801187, -35.26039774350874 ], [ -71.042452177456966, -35.260450567033509 ], [ -71.041951078326875, -35.261590660700691 ], [ -71.041923851288928, -35.261625167311813 ], [ -71.041477059809324, -35.262192063410907 ], [ -71.04139040202881, -35.262301866243213 ], [ -71.041113108270281, -35.262551069908191 ], [ -71.040660047448299, -35.262958180398094 ], [ -71.039382840743656, -35.263711446952193 ], [ -71.037242210218835, -35.26467502894814 ], [ -71.036319502979794, -35.265228652955621 ], [ -71.036293510227054, -35.26524423099098 ], [ -71.035401543337045, -35.265943705823943 ], [ -71.035248271884939, -35.266044064722912 ], [ -71.032694710976841, -35.267716036107259 ], [ -71.03123677581344, -35.268529417633324 ], [ -71.031102845987746, -35.268604116373034 ], [ -71.03080272783447, -35.26871668509029 ], [ -71.030481192048185, -35.268837070560146 ], [ -71.03015216610909, -35.268960461447271 ], [ -71.027675971706486, -35.269687128145108 ], [ -71.027068842626775, -35.26990017709543 ], [ -71.026732470265259, -35.270018218261917 ], [ -71.025752457697621, -35.270431222374405 ], [ -71.025076697330221, -35.270792598695571 ], [ -71.024986316931162, -35.270840934290874 ], [ -71.024912114292064, -35.270866252435596 ], [ -71.02394820492421, -35.27119618481327 ], [ -71.023447914277867, -35.271266740266356 ], [ -71.02222265085787, -35.271284796796436 ], [ -71.020893413731983, -35.271304430884712 ], [ -71.019816362452403, -35.271147911036351 ], [ -71.019372160815763, -35.271123720231451 ], [ -71.018639219087234, -35.271083817562193 ], [ -71.017575434127792, -35.271465438150116 ], [ -71.016320837120517, -35.272421995111721 ], [ -71.016079972741693, -35.27265214627969 ], [ -71.015967717467163, -35.272759256576045 ], [ -71.01591933330765, -35.272805482486802 ], [ -71.015429912276247, -35.273249958343811 ], [ -71.015122359665682, -35.273529297015543 ], [ -71.014267699809423, -35.274102596602674 ], [ -71.013799165506683, -35.274296506615322 ], [ -71.013035649617464, -35.274612456356685 ], [ -71.012669894261322, -35.274851252212251 ], [ -71.012044913860279, -35.275347008908497 ], [ -71.011434941612691, -35.276089401075907 ], [ -71.0096830471456, -35.277638922884805 ], [ -71.009297260256943, -35.278172343340465 ], [ -71.009107146200108, -35.278533389588759 ], [ -71.008940684784704, -35.27884943647021 ], [ -71.008475538028904, -35.279171183084458 ], [ -71.008215116428033, -35.279351424049004 ], [ -71.007028179629643, -35.280026272131614 ], [ -71.007027826591752, -35.280026573530186 ], [ -71.006782379008357, -35.280262691443539 ], [ -71.005120841584102, -35.281860426492734 ], [ -71.005110459754377, -35.28187042081742 ], [ -71.004813271007237, -35.282065074876101 ], [ -71.004470938323834, -35.282218749651534 ], [ -71.004274706739906, -35.282223258040851 ], [ -71.003592572825539, -35.282238845274428 ], [ -71.001298828053791, -35.282635973329711 ], [ -71.000346931856242, -35.282918330905808 ], [ -71.000228360526933, -35.28298609399635 ], [ -70.998905855375781, -35.283742055447249 ], [ -70.998607067627432, -35.283912866336323 ], [ -70.996356688127719, -35.285070307845423 ], [ -70.995689204837319, -35.285353545669871 ], [ -70.994362614148216, -35.285997639283849 ], [ -70.994091117218233, -35.28619856391191 ], [ -70.993666967775368, -35.286642543169961 ], [ -70.993280713762758, -35.286938855515416 ], [ -70.992915873789897, -35.287113103809034 ], [ -70.991941809866063, -35.287383724561657 ], [ -70.989793204996474, -35.287728099404134 ], [ -70.989088986899162, -35.287921805943007 ], [ -70.987627580645508, -35.288198708727876 ], [ -70.98708327614348, -35.288423599428214 ], [ -70.986225403911774, -35.289023713327502 ], [ -70.985315300036191, -35.289724380375787 ], [ -70.984533107273904, -35.290189715647735 ], [ -70.984143908583803, -35.290559309886646 ], [ -70.983890073430601, -35.290935617367751 ], [ -70.983830949013523, -35.291144555666683 ], [ -70.983781628809496, -35.291799476908842 ], [ -70.98378401473488, -35.292137091008513 ], [ -70.983786391677143, -35.2924854145339 ], [ -70.983974558186432, -35.295717580733644 ], [ -70.983983702137692, -35.295874440950818 ], [ -70.983993707573347, -35.296332236016205 ], [ -70.983935217366877, -35.296973127014489 ], [ -70.983927358904779, -35.296994377393411 ], [ -70.983789417203013, -35.297366051366197 ], [ -70.983196821067949, -35.298243243064725 ], [ -70.98277799593977, -35.2987184109003 ], [ -70.982337911282087, -35.299131077290241 ], [ -70.981648059941122, -35.299778182305737 ], [ -70.981247785023555, -35.300124464122007 ], [ -70.980812177569234, -35.300543993634008 ], [ -70.980587739783715, -35.300716348993056 ], [ -70.980190107709731, -35.300816581957882 ], [ -70.979122599233406, -35.301105838743268 ], [ -70.978532914538192, -35.301302928220863 ], [ -70.97792295307039, -35.301603444945165 ], [ -70.977631342861173, -35.301833096019891 ], [ -70.976936353156773, -35.302397396218822 ], [ -70.976270444613064, -35.303031746661411 ], [ -70.975890824658848, -35.303199097577121 ], [ -70.975547131926078, -35.303262024164979 ], [ -70.974860566622425, -35.303503217861127 ], [ -70.974323312997072, -35.30355682116862 ], [ -70.974024668979197, -35.30358666047681 ], [ -70.973177355545303, -35.303623018642085 ], [ -70.972720032217325, -35.30375174785231 ], [ -70.97203547913989, -35.304109727788806 ], [ -70.971396196661217, -35.304625748027952 ], [ -70.970793965196435, -35.305009409115186 ], [ -70.970016025058683, -35.305306642444066 ], [ -70.96843037012313, -35.305606244053934 ], [ -70.968334412084488, -35.305624422684872 ], [ -70.966803302852981, -35.305766177305024 ], [ -70.966255086187914, -35.305877676093331 ], [ -70.966154227839397, -35.305898148518907 ], [ -70.966126225555357, -35.30590628514468 ], [ -70.965011414491144, -35.306230086850867 ], [ -70.964697260161557, -35.306341835717106 ], [ -70.964145411607788, -35.306538168354791 ], [ -70.9636800303917, -35.306703846441664 ], [ -70.963021741358219, -35.306783146745012 ], [ -70.962976260553717, -35.306783811655286 ], [ -70.962602874009221, -35.306789726204265 ], [ -70.962139911057889, -35.306899010394254 ], [ -70.959956482097994, -35.308060092831056 ], [ -70.959333811265523, -35.308316779662142 ], [ -70.958813366915791, -35.308531262759473 ], [ -70.958155094052003, -35.308656916993556 ], [ -70.957475467335598, -35.308737787816966 ], [ -70.957150261931375, -35.308728209527715 ], [ -70.956946141342641, -35.308722281925206 ], [ -70.956383593853829, -35.30856189561537 ], [ -70.955716510313735, -35.308183337447346 ], [ -70.955010454263345, -35.307611469699417 ], [ -70.954727148080622, -35.307444712909259 ], [ -70.954238087273652, -35.307331205435489 ], [ -70.953141648553611, -35.307339176973599 ], [ -70.952873295727116, -35.307352005914105 ], [ -70.951477891392315, -35.307418629135178 ], [ -70.949936457823242, -35.3076435697959 ], [ -70.949878533555406, -35.307643839569195 ], [ -70.948874533274747, -35.307648287163076 ], [ -70.948417060826415, -35.30776968944749 ], [ -70.948157374945779, -35.308076376643037 ], [ -70.94774863250835, -35.308693429757376 ], [ -70.947694741676116, -35.308734178914776 ], [ -70.947183345157924, -35.309120839285733 ], [ -70.947101163682461, -35.309172899433257 ], [ -70.946427471236831, -35.309599835802608 ], [ -70.945741740468065, -35.309832950612744 ], [ -70.945636642071392, -35.309868688734973 ], [ -70.945101998950264, -35.309891028718624 ], [ -70.945091649459897, -35.309891491279004 ], [ -70.944966912992797, -35.309886038784192 ], [ -70.944016300487775, -35.309844832044718 ], [ -70.942664316222249, -35.309532899894052 ], [ -70.942042006512537, -35.309389284760471 ], [ -70.941431477309479, -35.309248430828113 ], [ -70.940783060760978, -35.30899245582934 ], [ -70.940250159473194, -35.308782035891859 ], [ -70.93986488013266, -35.308716728920999 ], [ -70.939328200530795, -35.308732799277529 ], [ -70.938793502612427, -35.308835686283693 ], [ -70.938074890809332, -35.309065887889609 ], [ -70.937019405384774, -35.309420903994948 ], [ -70.936146248318508, -35.30978643209226 ], [ -70.935032396655004, -35.310396272832996 ], [ -70.934138552286043, -35.311002435666815 ], [ -70.934011436181777, -35.311074924668198 ], [ -70.933726809475587, -35.311237449425093 ], [ -70.933367097984686, -35.31135708481365 ], [ -70.932851126346733, -35.311452851347504 ], [ -70.932435534255262, -35.311530099602621 ], [ -70.932430061718549, -35.311531073818628 ], [ -70.931779394890285, -35.311581648734055 ], [ -70.93122379407356, -35.311579670248491 ], [ -70.930893806937107, -35.311539965646524 ], [ -70.930306959121552, -35.311375709310269 ], [ -70.929925190397157, -35.311268809171629 ], [ -70.928319163467577, -35.310957225579322 ], [ -70.928314947673954, -35.310958031933851 ], [ -70.928065551994891, -35.311007281854778 ], [ -70.928041067513504, -35.31101202981386 ], [ -70.928013897967745, -35.311040305711437 ], [ -70.927797493815802, -35.311264872710446 ], [ -70.927428373370603, -35.311504725999988 ], [ -70.927236063831202, -35.311924618001967 ], [ -70.927221228154281, -35.312115764766901 ], [ -70.927421699786365, -35.312825694612499 ], [ -70.92746027164803, -35.31363849765826 ], [ -70.92751532849347, -35.313900610216173 ], [ -70.927790882215291, -35.314580980894291 ], [ -70.927788605884359, -35.314606497203123 ], [ -70.927779827547411, -35.314707371940656 ], [ -70.92776059821044, -35.31492598914938 ], [ -70.927717068546727, -35.314944555649134 ], [ -70.927635078412436, -35.314971268120814 ], [ -70.927542216866556, -35.314972749540487 ], [ -70.927407323148543, -35.314949568727926 ], [ -70.927262157195287, -35.314926404035049 ], [ -70.927126860133697, -35.314886242942215 ], [ -70.926990759978253, -35.314812196768386 ], [ -70.926792579948469, -35.31473064591556 ], [ -70.926584757402452, -35.314683221272112 ], [ -70.926294341054259, -35.314637039063378 ], [ -70.925952806973115, -35.314608582635096 ], [ -70.925477290963997, -35.314599171435773 ], [ -70.925055480734116, -35.314673613633239 ], [ -70.924718873014015, -35.31485681169265 ], [ -70.924094057902977, -35.315410392417455 ], [ -70.923729645528198, -35.31576278436949 ], [ -70.92367732405279, -35.315813468055772 ], [ -70.923221459588802, -35.316539017174073 ], [ -70.922860164368046, -35.316939657307728 ], [ -70.921965187223549, -35.318369064069529 ], [ -70.921758865762342, -35.318625143529779 ], [ -70.92169006020147, -35.318710430116056 ], [ -70.921605673361995, -35.318815092164826 ], [ -70.920838212072056, -35.319568701827571 ], [ -70.920665698706586, -35.319738204249575 ], [ -70.920336073591159, -35.320061748287777 ], [ -70.919973232369813, -35.320337297991642 ], [ -70.919591014487779, -35.320563302903032 ], [ -70.919149742257289, -35.32081469033286 ], [ -70.918855053521597, -35.320965967321627 ], [ -70.918442239919301, -35.321155823236175 ], [ -70.918071900460262, -35.32125940833906 ], [ -70.917657549840513, -35.321388209898451 ], [ -70.91731817890259, -35.321540192381597 ], [ -70.917075190906431, -35.321717527394732 ], [ -70.916944412370754, -35.322002607129306 ], [ -70.917027977251735, -35.323007605077244 ], [ -70.917000851723415, -35.323511270598139 ], [ -70.916682391768674, -35.325354745824541 ], [ -70.916241513000287, -35.326605348969316 ], [ -70.915773123326304, -35.327374421323846 ], [ -70.914352678452971, -35.32830990072199 ], [ -70.912580921336627, -35.329696996689563 ], [ -70.911308737112719, -35.33054826497979 ], [ -70.910678378498062, -35.330634079115384 ], [ -70.910608489568972, -35.330643603509223 ], [ -70.910349310338148, -35.330644008054072 ], [ -70.909948644653426, -35.330644579693562 ], [ -70.909572094242534, -35.33047498214377 ], [ -70.90862844008771, -35.329677946211902 ], [ -70.907844513576933, -35.32929572645854 ], [ -70.907181846154771, -35.328842386995099 ], [ -70.906852438431656, -35.328695668654163 ], [ -70.906244517037848, -35.328589086764801 ], [ -70.903846661117939, -35.328451999618338 ], [ -70.903116308334063, -35.328246963571686 ], [ -70.901374398641366, -35.327446411203375 ], [ -70.900770058830602, -35.327091894177137 ], [ -70.900232885155319, -35.326776863125716 ], [ -70.899847416270262, -35.326702053890124 ], [ -70.899836055276879, -35.326701789310746 ], [ -70.899261087680955, -35.326689334290371 ], [ -70.898891272838071, -35.326798244928185 ], [ -70.897975502389642, -35.327067939960926 ], [ -70.897557863935958, -35.327116593748734 ], [ -70.897247443902998, -35.327110315700423 ], [ -70.896378564614125, -35.326891830373988 ], [ -70.895579654204397, -35.326478007613566 ], [ -70.895430784497194, -35.326400950267711 ], [ -70.894584224749863, -35.325833144149918 ], [ -70.894069044527683, -35.325756509081621 ], [ -70.893466098902238, -35.325815291077575 ], [ -70.892904120945332, -35.325992478926416 ], [ -70.892295906700753, -35.326134644193814 ], [ -70.891334341935789, -35.326145263355336 ], [ -70.891017477388985, -35.326059456180985 ], [ -70.890889332713712, -35.325989896139887 ], [ -70.89000994583094, -35.325512377510371 ], [ -70.88923029619923, -35.325138165745777 ], [ -70.888188596321029, -35.324085782480914 ], [ -70.887507071464427, -35.323299327275699 ], [ -70.886998254009413, -35.322615337374792 ], [ -70.886441091022419, -35.32217338051165 ], [ -70.886337172113713, -35.322091030838443 ], [ -70.886287970487302, -35.322005685517041 ], [ -70.886175479854145, -35.321810472991835 ], [ -70.886071513334755, -35.321466165493383 ], [ -70.885813744458929, -35.320998411006585 ], [ -70.885750344061108, -35.320747854592597 ], [ -70.885299943150699, -35.319811400799566 ], [ -70.884217620557038, -35.318067089412374 ], [ -70.883017571050459, -35.316380804316687 ], [ -70.882504922280745, -35.315854457717045 ], [ -70.88157667333472, -35.315073358470748 ], [ -70.881080281376711, -35.314579025938627 ], [ -70.88028746873114, -35.313520924715093 ], [ -70.879078456732969, -35.312484353572565 ], [ -70.878647412720284, -35.312309077938515 ], [ -70.877524397342569, -35.312071655593961 ], [ -70.875545202159145, -35.311414578321056 ], [ -70.875506886317339, -35.311401879773904 ], [ -70.874377982482926, -35.310908319428393 ], [ -70.874074092303786, -35.310702104861967 ], [ -70.874046818553438, -35.310683694994502 ], [ -70.873661648807385, -35.310492549976786 ], [ -70.872304271955187, -35.309818910317688 ], [ -70.872291167331824, -35.309813278951324 ], [ -70.871927975767534, -35.309656719918863 ], [ -70.87158701660816, -35.309542134281756 ], [ -70.870760088643053, -35.309264171199779 ], [ -70.870521754818384, -35.309153533299785 ], [ -70.870333511053971, -35.309066196510685 ], [ -70.869831521693413, -35.308926844805136 ], [ -70.869446672645907, -35.308874082952777 ], [ -70.869001693966567, -35.308866857096596 ], [ -70.868883353504287, -35.308864993636377 ], [ -70.868331621731514, -35.308772120395922 ], [ -70.867904515933049, -35.308648811433407 ], [ -70.867478774675519, -35.308525923065986 ], [ -70.865938723613667, -35.308368243605656 ], [ -70.865287076723391, -35.308377192960904 ], [ -70.865088899388581, -35.308437634071332 ], [ -70.864253701532945, -35.308834262664035 ], [ -70.863822058343985, -35.309121563555159 ], [ -70.863188070535585, -35.309535391573412 ], [ -70.86289151959231, -35.309741952186506 ], [ -70.862634069618395, -35.309858178127897 ], [ -70.861899260292404, -35.310060262599521 ], [ -70.861310248435331, -35.310046954668671 ], [ -70.860715746973568, -35.3097979132802 ], [ -70.860378189734192, -35.309410352278135 ], [ -70.859546506986277, -35.308368068401165 ], [ -70.858623638948814, -35.307529245949311 ], [ -70.858207042540855, -35.307277529854161 ], [ -70.85797459088468, -35.307182802288551 ], [ -70.857588938743305, -35.307094343218566 ], [ -70.857065312560835, -35.306921371724407 ], [ -70.856249682707031, -35.306886187979707 ], [ -70.855375961498765, -35.306851816479821 ], [ -70.85506862089062, -35.306925660278338 ], [ -70.85506655925704, -35.30692613531815 ], [ -70.854739233828766, -35.307004716246844 ], [ -70.853755679203957, -35.307258351669368 ], [ -70.853234219757923, -35.307361765437598 ], [ -70.851380328776855, -35.307520671104498 ], [ -70.851201296337365, -35.30753604160666 ], [ -70.850327571535828, -35.30750178181119 ], [ -70.849912181565301, -35.307385023199075 ], [ -70.849683226152209, -35.307320802261849 ], [ -70.849099325709105, -35.307234315336927 ], [ -70.848517505764207, -35.307243138727301 ], [ -70.848397183618417, -35.307284786641773 ], [ -70.847940116310284, -35.307442805431386 ], [ -70.847472492000918, -35.307354606156814 ], [ -70.847000440793849, -35.307075560856092 ], [ -70.84670094786803, -35.306698456777561 ], [ -70.846227908514123, -35.306371712851991 ], [ -70.845290596465205, -35.306099763439796 ], [ -70.843424651889649, -35.305937463684167 ], [ -70.84249375201523, -35.305951581627895 ], [ -70.841854842337398, -35.306009100970002 ], [ -70.841333462841433, -35.306112462086212 ], [ -70.84046515577937, -35.306316524266023 ], [ -70.839830558913221, -35.306564658544247 ], [ -70.83931664172232, -35.307001868209994 ], [ -70.839175335829808, -35.307079866995871 ], [ -70.838339598086705, -35.307541465669757 ], [ -70.837874139615494, -35.307548542095894 ], [ -70.837466862330288, -35.307554732960263 ], [ -70.836708422820763, -35.307470838460539 ], [ -70.835656764219323, -35.307293091004041 ], [ -70.83501583602704, -35.307257991725557 ], [ -70.834146332409034, -35.307414390456948 ], [ -70.833158485633788, -35.307477009537656 ], [ -70.832173594315861, -35.307682780015732 ], [ -70.831949618264389, -35.307750870587867 ], [ -70.831799375931439, -35.307796573629808 ], [ -70.831017645801523, -35.308034262899717 ], [ -70.83014919770396, -35.30823825352234 ], [ -70.829163395494319, -35.308396303437803 ], [ -70.828742919262652, -35.308476813850305 ], [ -70.828352049706126, -35.30855170665685 ], [ -70.827542933536449, -35.308802416681914 ], [ -70.827161000420361, -35.309030418448351 ], [ -70.826968696270868, -35.309145067120923 ], [ -70.825580944683978, -35.30954763738108 ], [ -70.824594046529683, -35.309658030632626 ], [ -70.823840862164559, -35.309812526098767 ], [ -70.82332148231842, -35.310011127192119 ], [ -70.822859216459733, -35.310161302080346 ], [ -70.822393827158805, -35.310168244860975 ], [ -70.821984484646762, -35.310079068459935 ], [ -70.821625720878487, -35.310019335976996 ], [ -70.821458682744677, -35.309991572130322 ], [ -70.82081171428041, -35.310001244834488 ], [ -70.820702370445716, -35.310002891283325 ], [ -70.82012373053692, -35.310154808662965 ], [ -70.819490194581107, -35.310450532788344 ], [ -70.818842806603612, -35.31091647460957 ], [ -70.818745535228032, -35.310986548290501 ], [ -70.818358724259937, -35.311179367887632 ], [ -70.818054781978503, -35.311330909204237 ], [ -70.81753546681108, -35.311529485311432 ], [ -70.815815024158709, -35.311696696964368 ], [ -70.815793177130999, -35.311698797865233 ], [ -70.815784399692348, -35.311697157315308 ], [ -70.814658509705737, -35.311484301175049 ], [ -70.814624215621436, -35.311477799800379 ], [ -70.814041290748747, -35.311438838456304 ], [ -70.813616195379893, -35.311580222963606 ], [ -70.813290286594793, -35.311688655483515 ], [ -70.812716940457975, -35.312078936141781 ], [ -70.812376335234859, -35.312465724199981 ], [ -70.812150061292883, -35.312755303655386 ], [ -70.812078975807822, -35.312909025721495 ], [ -70.812039006167566, -35.312995444271735 ], [ -70.811810514285156, -35.313189783048088 ], [ -70.811577765286629, -35.313193271534686 ], [ -70.81132197989092, -35.313048656448835 ], [ -70.811248888467844, -35.313007432994709 ], [ -70.811200760328177, -35.312974549950162 ], [ -70.81093862923332, -35.312795760485585 ], [ -70.810529495130453, -35.31273615902267 ], [ -70.810208677996386, -35.312689411999095 ], [ -70.809629699422715, -35.312383090485149 ], [ -70.80954599799783, -35.312338774741541 ], [ -70.80945970134006, -35.312347821884501 ], [ -70.808911983239966, -35.312405131428598 ], [ -70.808892744919831, -35.312407118690409 ], [ -70.808313766346174, -35.312537493515421 ], [ -70.807661814927044, -35.312664451458353 ], [ -70.806941092083022, -35.312972713706714 ], [ -70.806145161385075, -35.313164961204343 ], [ -70.805421733713729, -35.313356047128877 ], [ -70.804939615087278, -35.313612654114628 ], [ -70.804846557708686, -35.313662197095276 ], [ -70.804196082221566, -35.313852185975207 ], [ -70.80324908004566, -35.313803170888036 ], [ -70.803032993897347, -35.313684754472639 ], [ -70.802870456323078, -35.313591832522064 ], [ -70.802733288070783, -35.313513376742392 ], [ -70.802056556624535, -35.313393260011921 ], [ -70.801491633990125, -35.313292966393021 ], [ -70.799674617953144, -35.313383101716084 ], [ -70.798732914939123, -35.313573039939776 ], [ -70.797683512905678, -35.313656227338896 ], [ -70.796844853841264, -35.313722757404904 ], [ -70.796335793841109, -35.31385033729029 ], [ -70.795831932391508, -35.313976730211451 ], [ -70.79495919573678, -35.31398969150932 ], [ -70.794430533598828, -35.313878708221679 ], [ -70.794377666846032, -35.313867602187791 ], [ -70.794154988860129, -35.313821351342149 ], [ -70.792109529449789, -35.313931602418904 ], [ -70.790086131764468, -35.314061950596901 ], [ -70.788832349529173, -35.314218545817255 ], [ -70.788489812029894, -35.314261353442596 ], [ -70.787401494080015, -35.314399163216734 ], [ -70.786303954923753, -35.314117898439584 ], [ -70.785860988470631, -35.313822375376127 ], [ -70.785662662015469, -35.313666370206931 ], [ -70.785416749104769, -35.313472882886771 ], [ -70.784828510697139, -35.313184080812512 ], [ -70.783734953772537, -35.313083013587246 ], [ -70.783710214169616, -35.313084782389403 ], [ -70.782718125549621, -35.313156580476729 ], [ -70.781994629606316, -35.313343095991868 ], [ -70.781415594438798, -35.313473343960609 ], [ -70.78085954895603, -35.313563146288885 ], [ -70.780617844652426, -35.313602231224095 ], [ -70.780415029315776, -35.313845173873553 ], [ -70.780263488018917, -35.314026725976575 ], [ -70.779833589358248, -35.314330543869929 ], [ -70.77952099989389, -35.314432709063453 ], [ -70.779255825306834, -35.314519329764536 ], [ -70.778676317625482, -35.314645065590788 ], [ -70.778035075022842, -35.31497606495909 ], [ -70.777957112934274, -35.315016280250276 ], [ -70.776726951899363, -35.315331855571756 ], [ -70.775848880150178, -35.31510583677241 ], [ -70.775117927291703, -35.314936291655073 ], [ -70.774603504349301, -35.314704923668515 ], [ -70.774454376825616, -35.314618264316366 ], [ -70.774308536237555, -35.314533476997227 ], [ -70.773869457692982, -35.314418207765335 ], [ -70.773617208964581, -35.314506990150306 ], [ -70.77350865654563, -35.314545214800411 ], [ -70.773365831601978, -35.314664519104369 ], [ -70.773518900034816, -35.315018403055348 ], [ -70.77352677107335, -35.315378848825247 ], [ -70.772872268438803, -35.315388523084223 ], [ -70.772077498364226, -35.315639023536207 ], [ -70.771717419462377, -35.315820151600299 ], [ -70.771207288670382, -35.315768985600307 ], [ -70.770694056894058, -35.315596150669371 ], [ -70.77025252055887, -35.315368200395348 ], [ -70.769908188225628, -35.315267333812166 ], [ -70.769666871095922, -35.315196494911156 ], [ -70.768863973962965, -35.315086606200644 ], [ -70.768061444240971, -35.314981138876064 ], [ -70.7668989182621, -35.315056702963993 ], [ -70.766804876329957, -35.315058077362281 ], [ -70.76595364354651, -35.315070515116062 ], [ -70.765807542447007, -35.314994067760388 ], [ -70.765291313890899, -35.314724133073589 ], [ -70.76485097051841, -35.314550207379511 ], [ -70.76465615018779, -35.314458369823583 ], [ -70.764483142748901, -35.314375222832524 ], [ -70.76360520125543, -35.314149111198233 ], [ -70.762915522390998, -35.314136055366241 ], [ -70.761858423592201, -35.314116015308755 ], [ -70.761203744887865, -35.314125555575949 ], [ -70.760984579314737, -35.314153267425262 ], [ -70.760115461972291, -35.314263119286885 ], [ -70.75931684890493, -35.314333385784593 ], [ -70.758591922843692, -35.314461142097052 ], [ -70.758471755208134, -35.314487631891076 ], [ -70.757433470724649, -35.314716837370518 ], [ -70.756963675187265, -35.314655128436044 ], [ -70.756630777509258, -35.314611295529083 ], [ -70.756330945918563, -35.314196522960508 ], [ -70.756324513082816, -35.313899052542475 ], [ -70.755736006078948, -35.313610037213472 ], [ -70.755223269274325, -35.313437202067021 ], [ -70.754777931268862, -35.31344366736586 ], [ -70.754641106172997, -35.313445653869167 ], [ -70.754454653649248, -35.313298432585718 ], [ -70.754271224854747, -35.313153531806364 ], [ -70.753834715491891, -35.313159865182563 ], [ -70.753328232758292, -35.313288925940299 ], [ -70.752896967760066, -35.313534102328745 ], [ -70.752587455923859, -35.313838812696126 ], [ -70.752469492754003, -35.313954999031793 ], [ -70.752035783439894, -35.314082999305043 ], [ -70.751382365970215, -35.314151035377428 ], [ -70.750722625259243, -35.313921669228627 ], [ -70.750375412927212, -35.313648186785876 ], [ -70.750278621251994, -35.31357204009246 ], [ -70.749620151657126, -35.313401291060913 ], [ -70.749469892256215, -35.313465651577189 ], [ -70.749043579670129, -35.313648482928087 ], [ -70.748239726729707, -35.313479829048305 ], [ -70.747923267323102, -35.313403902837635 ], [ -70.747069449188274, -35.313199257451899 ], [ -70.746345956838226, -35.313389992908263 ], [ -70.745912051691377, -35.313513395068036 ], [ -70.745624889041125, -35.313697897607447 ], [ -70.745263856128446, -35.313820319244876 ], [ -70.744683396232872, -35.313887338835293 ], [ -70.743811989983101, -35.313962984577628 ], [ -70.743513443881568, -35.314129551272629 ], [ -70.743164949653618, -35.314328448168531 ], [ -70.743170166170472, -35.314567296203542 ], [ -70.742885505328289, -35.314868890300467 ], [ -70.742828501833614, -35.314929240064671 ], [ -70.742600752857953, -35.315170486204806 ], [ -70.74225984130932, -35.31509733529893 ], [ -70.742089384187537, -35.315060648036798 ], [ -70.741846117713635, -35.315137270519358 ], [ -70.741294155972156, -35.315311027824663 ], [ -70.741083762447772, -35.315172624398997 ], [ -70.740851435657433, -35.31501984049337 ], [ -70.740345003229478, -35.315144415184086 ], [ -70.73969165493007, -35.315212459892756 ], [ -70.738753812875146, -35.31558651601766 ], [ -70.738319886168711, -35.315709965403528 ], [ -70.737888560983365, -35.315955091205637 ], [ -70.737454721413542, -35.316078536363911 ], [ -70.736867881682812, -35.315852551170487 ], [ -70.736350952440787, -35.315499339373183 ], [ -70.735845495583234, -35.315686954126846 ], [ -70.735344242841222, -35.316050282751739 ], [ -70.734909055798454, -35.316115097820806 ], [ -70.734185416124703, -35.316305761896693 ], [ -70.733828201051963, -35.316608377174461 ], [ -70.733790106195713, -35.316685363956509 ], [ -70.733618882811001, -35.317030657898222 ], [ -70.733038025860068, -35.317097554617405 ], [ -70.732305885428786, -35.316869198830446 ], [ -70.73179281624752, -35.31670069973233 ], [ -70.731529565851829, -35.316614071838593 ], [ -70.73040061620334, -35.31624286304686 ], [ -70.72930571899235, -35.316078101693002 ], [ -70.728653598689917, -35.316204711766325 ], [ -70.72787867958651, -35.316412689829157 ], [ -70.727713374302851, -35.31645707664061 ], [ -70.727621129899603, -35.316458321274169 ], [ -70.727276931415332, -35.316463313735184 ], [ -70.72669233477788, -35.316354381845819 ], [ -70.72618730012853, -35.316541951369018 ], [ -70.725786734156813, -35.316612440917325 ], [ -70.725462294117222, -35.316669510681308 ], [ -70.725265885565193, -35.316619875719049 ], [ -70.725023361998041, -35.316558566254955 ], [ -70.724587008043727, -35.316564791613715 ], [ -70.724146352955827, -35.316635775182846 ], [ -70.723789483734492, -35.316693376353655 ], [ -70.723638489511643, -35.316715913827665 ], [ -70.723354371251901, -35.316758146927498 ], [ -70.723105864006641, -35.316813905990934 ], [ -70.722794307604858, -35.316883783250631 ], [ -70.72277475577269, -35.316888123319089 ], [ -70.72269902869256, -35.316941640793154 ], [ -70.722344619956772, -35.317191817582497 ], [ -70.721692565231393, -35.317318241931254 ], [ -70.721112063115001, -35.317389655104954 ], [ -70.720787902451477, -35.317217828570783 ], [ -70.720449797239795, -35.317038517798331 ], [ -70.719788872549273, -35.31675035736788 ], [ -70.719133008967077, -35.31670111827389 ], [ -70.71854868721411, -35.316587712481812 ], [ -70.718356891511064, -35.316611191888157 ], [ -70.717967914704829, -35.316659040539847 ], [ -70.717389882057176, -35.31684303086886 ], [ -70.716880559748958, -35.316850265541433 ], [ -70.716821468569549, -35.3168043543129 ], [ -70.71665866778892, -35.316677713659431 ], [ -70.716067972489014, -35.316266820470275 ], [ -70.715701929671994, -35.316154806773902 ], [ -70.714830460540156, -35.316225813425916 ], [ -70.714092518788746, -35.31619381202546 ], [ -70.713810673266664, -35.316181633927201 ], [ -70.713539880615869, -35.316009991009302 ], [ -70.713442064861198, -35.315947934884456 ], [ -70.712639489325113, -35.315837592731597 ], [ -70.711914561467239, -35.315969649402504 ], [ -70.711187063529337, -35.315979875542887 ], [ -70.710754412430632, -35.31616177689417 ], [ -70.71031938708461, -35.316231080043977 ], [ -70.709740015947162, -35.316356410791649 ], [ -70.709087858813845, -35.316482916343347 ], [ -70.708292865058752, -35.316733003660104 ], [ -70.707719568329281, -35.317160384634128 ], [ -70.707214481577623, -35.317347874590766 ], [ -70.706708843260387, -35.317530718422233 ], [ -70.70627503872484, -35.317658630941537 ], [ -70.705481255000464, -35.317967324941414 ], [ -70.704757521901911, -35.31815781606408 ], [ -70.704245260306081, -35.318119987467178 ], [ -70.704028770814205, -35.318105017719915 ], [ -70.703154628296048, -35.318058695999021 ], [ -70.70257664685235, -35.318247193924279 ], [ -70.702145195004547, -35.318492194025978 ], [ -70.701786619882483, -35.318736167947641 ], [ -70.701353841222996, -35.318918036712084 ], [ -70.700633955608794, -35.319288805900371 ], [ -70.700198807193601, -35.319353494501321 ], [ -70.699544068302146, -35.319362775411101 ], [ -70.698816626059795, -35.319372927092097 ], [ -70.698459262765041, -35.31967551550008 ], [ -70.698101805147175, -35.319978030211971 ], [ -70.697815730356751, -35.320220972765981 ], [ -70.697527203165592, -35.32034666601124 ], [ -70.696949096856073, -35.320530634756857 ], [ -70.696442377865537, -35.320659461664896 ], [ -70.695933475070575, -35.320666602909917 ], [ -70.695276182268756, -35.320554107887666 ], [ -70.694408312686249, -35.32080520069605 ], [ -70.693260457094297, -35.32159662686233 ], [ -70.692904378390409, -35.321962253853009 ], [ -70.69247418687894, -35.322265770743783 ], [ -70.692393424741638, -35.322334035940891 ], [ -70.692116426528827, -35.322568346127625 ], [ -70.691686230525775, -35.322871859277349 ], [ -70.691475841492988, -35.322760918229761 ], [ -70.691244769649089, -35.322639111873229 ], [ -70.690587559492258, -35.322531095688568 ], [ -70.689640936405425, -35.322481185072 ], [ -70.688917124255141, -35.322671656765962 ], [ -70.688199490717395, -35.323159457718013 ], [ -70.688067760865806, -35.323814925328982 ], [ -70.687202364345268, -35.32418772060187 ], [ -70.68654888579016, -35.324255408826943 ], [ -70.685457695926317, -35.32427062883022 ], [ -70.684879175493464, -35.324459050708796 ], [ -70.684229433031618, -35.324707030385213 ], [ -70.68394730274359, -35.325125590285431 ], [ -70.683368862260792, -35.325314005041037 ], [ -70.682424641269023, -35.325385718246281 ], [ -70.681851142418594, -35.325812907638245 ], [ -70.681203805645083, -35.326178048697564 ], [ -70.68070587666962, -35.326721391635616 ], [ -70.68057260351236, -35.327322809701805 ], [ -70.680155772644113, -35.328279799364083 ], [ -70.679225123399675, -35.329009433862815 ], [ -70.678941381534031, -35.329369436168513 ], [ -70.678363170121614, -35.329557823444077 ], [ -70.677640566205397, -35.329806780531079 ], [ -70.676916657037054, -35.329997108911435 ], [ -70.676042391449727, -35.32994616295089 ], [ -70.674947494238708, -35.329785562223499 ], [ -70.673857430862256, -35.329859231178531 ], [ -70.672988184162406, -35.330051622482756 ], [ -70.672338357258923, -35.330299467744432 ], [ -70.672072084032294, -35.330524794750566 ], [ -70.67198093377705, -35.330601905329445 ], [ -70.671329802519764, -35.330786763162997 ], [ -70.670888353321175, -35.330553941073219 ], [ -70.670840244046119, -35.330546038514619 ], [ -70.67023119077507, -35.33044581453931 ], [ -70.669871260095235, -35.330631143966066 ], [ -70.669860953723969, -35.330642735056934 ], [ -70.66944455225044, -35.331114816290011 ], [ -70.668932716456069, -35.33100024346767 ], [ -70.668712171070652, -35.330977881466289 ], [ -70.668422087099103, -35.33094865101662 ], [ -70.667841425980924, -35.331015306833159 ], [ -70.667401188609631, -35.330841023361842 ], [ -70.666812013259175, -35.330493014473639 ], [ -70.666294077904013, -35.330080947064964 ], [ -70.665923132082185, -35.329729924235721 ], [ -70.665411401390685, -35.329619839808835 ], [ -70.665165496564811, -35.329723008052341 ], [ -70.665122605603258, -35.329740954803135 ], [ -70.664545646442363, -35.3299878284895 ], [ -70.664433299539667, -35.330020468629485 ], [ -70.663894592440187, -35.330177075452355 ], [ -70.663170553914441, -35.330362893589204 ], [ -70.662602948012292, -35.330547735846203 ], [ -70.662592382926235, -35.33055113124211 ], [ -70.662012828532468, -35.330676312274278 ], [ -70.6615800741275, -35.33086254553308 ], [ -70.661023484265684, -35.330987037187022 ], [ -70.661000339172375, -35.330992302843583 ], [ -70.660856116450134, -35.33105285310581 ], [ -70.660567398816141, -35.331174030445162 ], [ -70.660065795731171, -35.33154156207236 ], [ -70.659200084800275, -35.331909511956972 ], [ -70.658774505239492, -35.332451846804503 ], [ -70.659000009325254, -35.332804887811903 ], [ -70.659419582750061, -35.332898908212655 ], [ -70.659511574726736, -35.332919579729328 ], [ -70.659600226767182, -35.333693707990136 ], [ -70.659592358423595, -35.333767229746016 ], [ -70.659484761812124, -35.334764291419972 ], [ -70.659478018159291, -35.334826793322591 ], [ -70.659123672305569, -35.335309509113642 ], [ -70.659060944745931, -35.335560965011247 ], [ -70.658989296017168, -35.335847773027055 ], [ -70.658562586375751, -35.33633148008721 ], [ -70.658058005375594, -35.33657732968382 ], [ -70.657189840247355, -35.336828088393538 ], [ -70.65692093944854, -35.337077939102926 ], [ -70.656475836801661, -35.337491580820242 ], [ -70.656086550974976, -35.338074472616924 ], [ -70.655910665333934, -35.338337744394885 ], [ -70.655631933372618, -35.338936624093634 ], [ -70.655059390329669, -35.339422317582631 ], [ -70.654413014753501, -35.339845871443806 ], [ -70.653832368008338, -35.339916892462846 ], [ -70.653257687873335, -35.340280890418498 ], [ -70.653119143401995, -35.340638921168576 ], [ -70.653235370128399, -35.340910822579175 ], [ -70.653272289089941, -35.340997468405725 ], [ -70.652989584778453, -35.341416039211317 ], [ -70.652414981898545, -35.341784538415311 ], [ -70.651327114902969, -35.341975186653563 ], [ -70.651134880822056, -35.341998788386888 ], [ -70.650746089967086, -35.342046271017345 ], [ -70.650162856972244, -35.341991089924178 ], [ -70.649360183519789, -35.341884910271453 ], [ -70.648707713772737, -35.342010950139233 ], [ -70.648205538460928, -35.342378441276722 ], [ -70.647777449905547, -35.342799057391574 ], [ -70.647276545709857, -35.343225095184508 ], [ -70.646775905618853, -35.343651128532549 ], [ -70.646127074048707, -35.343957461280823 ], [ -70.645694032182845, -35.344139211753308 ], [ -70.645334898308676, -35.344382953663711 ], [ -70.644834242946317, -35.344809052714844 ], [ -70.644840272438486, -35.345106465092996 ], [ -70.645068221738484, -35.345581213258832 ], [ -70.645041919965266, -35.345657718154378 ], [ -70.644862020651516, -35.346179082323665 ], [ -70.644585305408043, -35.346366972459961 ], [ -70.644144000838196, -35.346666704774414 ], [ -70.643353245334609, -35.347155237985426 ], [ -70.64234759035719, -35.347822539993125 ], [ -70.641626162335683, -35.348129837293328 ], [ -70.64112036142339, -35.348317064918021 ], [ -70.640682541418528, -35.348264367603136 ], [ -70.640168174171663, -35.348032498569573 ], [ -70.63928898851151, -35.347746859987872 ], [ -70.638630447051455, -35.347575508300494 ], [ -70.637904273230291, -35.34764392064703 ], [ -70.637181286631744, -35.347892643968741 ], [ -70.636749475457833, -35.348137420135245 ], [ -70.636594215135702, -35.348247647861413 ], [ -70.636318842873564, -35.348440819687312 ], [ -70.635672385550706, -35.348868707118669 ], [ -70.635170106932634, -35.349231641890796 ], [ -70.635032008924, -35.349594152264743 ], [ -70.634674181200268, -35.349896561601085 ], [ -70.634388987657118, -35.350197913260786 ], [ -70.634104974500246, -35.350557891515791 ], [ -70.6336768589954, -35.350982889739107 ], [ -70.633126875344175, -35.351605770658345 ], [ -70.633036266773033, -35.351708252153891 ], [ -70.632933150059884, -35.351735791396003 ], [ -70.632095035374533, -35.351959894404651 ], [ -70.631698103088141, -35.352344952312059 ], [ -70.631595440922524, -35.35244449411671 ], [ -70.630517069119492, -35.353112681450661 ], [ -70.630085209436544, -35.353357433738914 ], [ -70.629507611573487, -35.35360415028741 ], [ -70.62900319227009, -35.353849803724223 ], [ -70.628505553450466, -35.354092114025953 ], [ -70.628498410945625, -35.354095608074118 ], [ -70.62799009654718, -35.354161025654385 ], [ -70.627482143271465, -35.35422651058613 ], [ -70.626905615301879, -35.354531767989954 ], [ -70.626400097358896, -35.354718857689285 ], [ -70.625754713522795, -35.355205395552744 ], [ -70.625332399338063, -35.355927781417975 ], [ -70.6250478274291, -35.356874684644616 ], [ -70.624990946105328, -35.357063931644291 ], [ -70.62485357483375, -35.357209207946212 ], [ -70.624706050802843, -35.357365182565523 ], [ -70.624202498373705, -35.357669521114197 ], [ -70.623774203205798, -35.35809448777507 ], [ -70.623204038901719, -35.358697211578537 ], [ -70.62285063627904, -35.359238379062504 ], [ -70.622712375675363, -35.359600878953749 ], [ -70.62222187486897, -35.360558590377316 ], [ -70.622124845140192, -35.360661298606487 ], [ -70.621936960701873, -35.360859983571267 ], [ -70.621511735077306, -35.361007053031244 ], [ -70.620852541440343, -35.361235178624746 ], [ -70.620059969543263, -35.361660438602627 ], [ -70.618549523359945, -35.362577744982772 ], [ -70.61789791419892, -35.36276232453659 ], [ -70.617172842610614, -35.362893747781719 ], [ -70.616160753000798, -35.363263353358519 ], [ -70.615739482658427, -35.364044408868601 ], [ -70.615892514260338, -35.364403003855436 ], [ -70.61590077696431, -35.364817524650334 ], [ -70.615909132194773, -35.365236697253749 ], [ -70.615633336826136, -35.366015732344501 ], [ -70.614704718672542, -35.366920704508715 ], [ -70.613844519804246, -35.367590333821937 ], [ -70.613344718739711, -35.36807478845521 ], [ -70.613208285309312, -35.368549957595654 ], [ -70.613214751382728, -35.368874840118295 ], [ -70.613219048024732, -35.369090739657537 ], [ -70.612785884886321, -35.369272375701989 ], [ -70.612691630951758, -35.369284564846012 ], [ -70.612277731286284, -35.369337726047391 ], [ -70.611548557092064, -35.369288961434656 ], [ -70.610895890613961, -35.369419307506263 ], [ -70.610392210624042, -35.369723591094647 ], [ -70.610180950225413, -35.370082469241439 ], [ -70.610134436358337, -35.370360051778398 ], [ -70.610050853511027, -35.370859624102586 ], [ -70.609556639069268, -35.371173453374453 ], [ -70.609188067494713, -35.371407466653153 ], [ -70.608541284981726, -35.371835364241107 ], [ -70.608385853081373, -35.371945634334679 ], [ -70.608110419733805, -35.372138595648472 ], [ -70.60756155718002, -35.372371237100069 ], [ -70.607388282043189, -35.372445773315626 ], [ -70.607178251438185, -35.37286770441073 ], [ -70.607044638717767, -35.373464619207198 ], [ -70.606762743788352, -35.373946147490201 ], [ -70.60633418541407, -35.374366625568896 ], [ -70.605761456419856, -35.37485201810938 ], [ -70.60504410495308, -35.375397972364937 ], [ -70.604316396809409, -35.375407638706719 ], [ -70.603589577099569, -35.375480436909768 ], [ -70.60279365987634, -35.375729925612802 ], [ -70.602507101792284, -35.375968148311124 ], [ -70.602585915483743, -35.376269029116393 ], [ -70.602807742765066, -35.376441938643602 ], [ -70.602741939373885, -35.376803379797231 ], [ -70.602234618512114, -35.376927394143522 ], [ -70.60150930168372, -35.377058727672981 ], [ -70.600775250535833, -35.376766382886828 ], [ -70.600631079915871, -35.376831441507782 ], [ -70.600569985493394, -35.377427313279185 ], [ -70.600282256904521, -35.37761140988809 ], [ -70.599845456487529, -35.377617195471274 ], [ -70.599261900997476, -35.377561775734605 ], [ -70.598460172572715, -35.377513818119347 ], [ -70.597732082645052, -35.377523450515156 ], [ -70.597426154188511, -35.377502901744485 ], [ -70.597002839280563, -35.377474524583107 ], [ -70.596775069643627, -35.376999682654848 ], [ -70.596548545970009, -35.376587896415245 ], [ -70.596186830337714, -35.376358255541454 ], [ -70.596179980683658, -35.376353841026486 ], [ -70.595450659165749, -35.376300400985748 ], [ -70.59399016110882, -35.376080754429033 ], [ -70.593410344407019, -35.376210119757545 ], [ -70.593270323105358, -35.376509462237443 ], [ -70.592765739410268, -35.376755042320667 ], [ -70.591969503285142, -35.377004465557071 ], [ -70.59132240276854, -35.377427697081274 ], [ -70.590815596641434, -35.377556088295165 ], [ -70.590305861108206, -35.377562872937958 ], [ -70.58972116026618, -35.377448779092134 ], [ -70.589215050333422, -35.377635797374495 ], [ -70.588778338849636, -35.377641541939013 ], [ -70.588043266317257, -35.37729506991689 ], [ -70.587383340553345, -35.377064816530094 ], [ -70.586796446025389, -35.37683367328939 ], [ -70.586284508721405, -35.376723185744098 ], [ -70.585703437971432, -35.376789383363594 ], [ -70.58541558811001, -35.376969014210196 ], [ -70.584986986616599, -35.377393849979278 ], [ -70.584484661286112, -35.377756504922999 ], [ -70.583265492037015, -35.37872812302782 ], [ -70.582764384822084, -35.379153975670995 ], [ -70.581965626227642, -35.379281649286469 ], [ -70.580873729389694, -35.379295943386737 ], [ -70.579415582223874, -35.379197806529731 ], [ -70.578892509403616, -35.378992823103196 ], [ -70.578388368577961, -35.378792020623578 ], [ -70.577362121519272, -35.37844928750765 ], [ -70.57663191875406, -35.378337103649855 ], [ -70.576273561922605, -35.378639276427684 ], [ -70.575986043539515, -35.378823385652524 ], [ -70.575500787097752, -35.378865241317314 ], [ -70.575186225831345, -35.378892460744801 ], [ -70.57496435812584, -35.378719499338779 ], [ -70.575025734619317, -35.378119202915578 ], [ -70.574931886723263, -35.377953582582748 ], [ -70.574724016566506, -35.377586639325443 ], [ -70.574011730699652, -35.377481665201614 ], [ -70.573993551493231, -35.377478947826098 ], [ -70.573559114543741, -35.377601892496664 ], [ -70.573405551139174, -35.377189111734936 ], [ -70.573325704385141, -35.376829507834174 ], [ -70.573461162245152, -35.376291319984055 ], [ -70.573454158979189, -35.375935271839253 ], [ -70.573388695151195, -35.375893731077625 ], [ -70.573085390673612, -35.375701221149704 ], [ -70.572720300969081, -35.375647258430732 ], [ -70.572628644962322, -35.375673267450559 ], [ -70.572285781374589, -35.375770200032392 ], [ -70.571981907365114, -35.375120519222932 ], [ -70.571602926113044, -35.374350099477688 ], [ -70.571651573478945, -35.37381754763576 ], [ -70.571663187797256, -35.373691101069433 ], [ -70.571438983573699, -35.373396520996081 ], [ -70.570852930767174, -35.373223783669701 ], [ -70.570422003535498, -35.37352695638922 ], [ -70.569703553429136, -35.374014148550458 ], [ -70.569203083119746, -35.374498432781522 ], [ -70.569069185633381, -35.375095238098012 ], [ -70.568855367731132, -35.375336942614545 ], [ -70.56776691413566, -35.375531358550163 ], [ -70.567190093315304, -35.375836413082872 ], [ -70.566468208051305, -35.37614327197231 ], [ -70.565840623434255, -35.376201779260583 ], [ -70.565127321572803, -35.376211096856203 ], [ -70.564284302984291, -35.376171570496389 ], [ -70.563414272055226, -35.376363193029981 ], [ -70.562765891439327, -35.376727647115857 ], [ -70.562371945152947, -35.377061850839951 ], [ -70.562049530814335, -35.377336485441049 ], [ -70.561767267575647, -35.377813484629939 ], [ -70.561490140005446, -35.378533777051352 ], [ -70.561278725994896, -35.378897154177977 ], [ -70.560774703746858, -35.379201237967202 ], [ -70.56049373138724, -35.379741292404937 ], [ -70.559990151110327, -35.380045293178711 ], [ -70.559192554037551, -35.380235875263942 ], [ -70.55875685944666, -35.380300141538072 ], [ -70.557957368725255, -35.380369023472035 ], [ -70.557086060391839, -35.380501974439724 ], [ -70.556650451140897, -35.380566157006214 ], [ -70.556438835009402, -35.380925096798968 ], [ -70.556154449950014, -35.381289331796047 ], [ -70.555430046708267, -35.38147444130518 ], [ -70.554823381159252, -35.381103069043604 ], [ -70.554415674479344, -35.38110824207893 ], [ -70.553608841827128, -35.381439235814874 ], [ -70.553252989498674, -35.381863173553889 ], [ -70.553044897458051, -35.382402200191891 ], [ -70.553558895497332, -35.382634592334213 ], [ -70.554013075620148, -35.382903129804511 ], [ -70.554148263087242, -35.382983076024622 ], [ -70.554094078505926, -35.383223735223339 ], [ -70.554081026883168, -35.383281438336141 ], [ -70.553653438689395, -35.383764793939534 ], [ -70.553072286192759, -35.383830910345758 ], [ -70.552202142974267, -35.384022380662337 ], [ -70.551843579530285, -35.384324557780829 ], [ -70.551995072318121, -35.384620034674874 ], [ -70.552007769106339, -35.385278086214448 ], [ -70.551866457823948, -35.385518829381006 ], [ -70.551582310818119, -35.38587854615411 ], [ -70.551220286165346, -35.386000481271125 ], [ -70.550634536989392, -35.385832147572387 ], [ -70.550343301377652, -35.385835885590879 ], [ -70.549613061781528, -35.385723539896709 ], [ -70.548955585723377, -35.385614761432066 ], [ -70.548453893705187, -35.386035902284391 ], [ -70.548461905779192, -35.38645508552414 ], [ -70.548541565683664, -35.386810130782216 ], [ -70.548402658292957, -35.387172555916585 ], [ -70.548116162192642, -35.387415155810537 ], [ -70.547390292900374, -35.387541594784494 ], [ -70.546804457486147, -35.387368887007426 ], [ -70.546220763655555, -35.387317717245402 ], [ -70.545566540397061, -35.387384659766937 ], [ -70.54535391366089, -35.387689382401405 ], [ -70.54507308143846, -35.388229473759196 ], [ -70.544641976340344, -35.388532557873674 ], [ -70.543993501401374, -35.388896915244302 ], [ -70.543411941967904, -35.388962990094619 ], [ -70.54311863933269, -35.388849452107394 ], [ -70.542686318813992, -35.389093975943425 ], [ -70.542402964122232, -35.389512303300307 ], [ -70.541967380922429, -35.389581013325163 ], [ -70.541612453858747, -35.39006332568934 ], [ -70.540964044496761, -35.39042773912503 ], [ -70.540609951967966, -35.390968681414577 ], [ -70.540108358764456, -35.391394292222195 ], [ -70.539827298369943, -35.391934300918003 ], [ -70.539474666501775, -35.392533864024223 ], [ -70.539050283496948, -35.393192909179049 ], [ -70.538623661890426, -35.393739274632587 ], [ -70.538341203717309, -35.394216223703772 ], [ -70.537910035737141, -35.39452371714868 ], [ -70.537626639722887, -35.394942107145368 ], [ -70.537490164071656, -35.395421626739697 ], [ -70.537277310960022, -35.395721833057792 ], [ -70.537065659794251, -35.396080666601193 ], [ -70.536929271279604, -35.396560331737625 ], [ -70.53734753496073, -35.396836109670048 ], [ -70.537371740964375, -35.396852123691829 ], [ -70.537349248946299, -35.396931142213887 ], [ -70.537303321679076, -35.397091922102376 ], [ -70.53709518023112, -35.397631070313317 ], [ -70.536880095704333, -35.397814093452325 ], [ -70.536669634806302, -35.39823605883317 ], [ -70.536747033651181, -35.398473928027798 ], [ -70.536614723487915, -35.399187816978348 ], [ -70.53618352496504, -35.399495377137399 ], [ -70.535750017771861, -35.399676744832753 ], [ -70.535322143913817, -35.400159967034881 ], [ -70.535258605175471, -35.400638631101017 ], [ -70.535525743479695, -35.400954667181843 ], [ -70.535556378725843, -35.400990910514828 ], [ -70.535486524831029, -35.401069940357573 ], [ -70.535354760843475, -35.401218738557539 ], [ -70.53513565276252, -35.401466213112336 ], [ -70.53512849857961, -35.401474206849855 ], [ -70.534698395103021, -35.401835812625016 ], [ -70.534535686848884, -35.401975032656672 ], [ -70.5343401343913, -35.402142440814607 ], [ -70.533983250796922, -35.402255322321807 ], [ -70.533761049816448, -35.402325575993487 ], [ -70.533030495809939, -35.402217640741824 ], [ -70.532454729611743, -35.40258108764035 ], [ -70.532098402972821, -35.40300482199752 ], [ -70.531891229908737, -35.40360251766355 ], [ -70.531318859342306, -35.404146202274006 ], [ -70.530893242052272, -35.404746591290383 ], [ -70.530755603981092, -35.405167549497143 ], [ -70.53061769551698, -35.405588584582205 ], [ -70.530166627158309, -35.405859744472025 ], [ -70.529315825566201, -35.406082934265029 ], [ -70.528881249377818, -35.406205575411519 ], [ -70.528814266498671, -35.406503993123799 ], [ -70.528165571472428, -35.406872849074574 ], [ -70.527510157946196, -35.406881141005051 ], [ -70.527074289980447, -35.406945222040214 ], [ -70.5264279745914, -35.407431249564439 ], [ -70.526146678838288, -35.407971229932123 ], [ -70.526155511972476, -35.408444469132952 ], [ -70.526112818640286, -35.408677732920907 ], [ -70.526089435493432, -35.408805948459971 ], [ -70.52543850545878, -35.40905302705314 ], [ -70.525088891031658, -35.409003379300394 ], [ -70.525001690668716, -35.408990965527025 ], [ -70.524635208575532, -35.408941455382227 ], [ -70.523984275845919, -35.409188599454232 ], [ -70.523634849166712, -35.409968362569607 ], [ -70.523503598117173, -35.410745445814513 ], [ -70.523150766823022, -35.411344889537538 ], [ -70.522579561371515, -35.411951666240959 ], [ -70.521644965828017, -35.412617083245856 ], [ -70.521362430399805, -35.413098499335021 ], [ -70.520429449128869, -35.413826961130901 ], [ -70.519852082132829, -35.414131726599912 ], [ -70.519417361315689, -35.414254482886427 ], [ -70.519283032638015, -35.414855671473944 ], [ -70.518709128647387, -35.415340747879299 ], [ -70.518135402523185, -35.415821239163058 ], [ -70.517856397474048, -35.416482961558465 ], [ -70.51750679203009, -35.417262709000212 ], [ -70.517008031214672, -35.417864044253591 ], [ -70.516433263943057, -35.418290477223188 ], [ -70.516008562934601, -35.418949446523619 ], [ -70.515647873178366, -35.419134259481631 ], [ -70.515001303566095, -35.419620231064712 ], [ -70.514803916748718, -35.420754198989968 ], [ -70.514816326974369, -35.421412184764677 ], [ -70.51453263002449, -35.421830525979495 ], [ -70.514027155200637, -35.422075719161981 ], [ -70.513887126712461, -35.42237504586231 ], [ -70.514039469306539, -35.422733706587501 ], [ -70.514230260693111, -35.422914479555438 ], [ -70.514410487891936, -35.423085193266246 ], [ -70.514562744247755, -35.423443853757703 ], [ -70.514644675991562, -35.423916250303975 ], [ -70.514548400847616, -35.424166873867037 ], [ -70.514505467665245, -35.424278641135331 ], [ -70.514298114039775, -35.424876234661987 ], [ -70.514091848274134, -35.425536962548911 ], [ -70.513808494480699, -35.425955223782267 ], [ -70.513382636442145, -35.426555629660186 ], [ -70.512802961674154, -35.426743179680102 ], [ -70.512591208100446, -35.427106477911337 ], [ -70.512591676122696, -35.427131509225084 ], [ -70.512598963256281, -35.427521161802837 ], [ -70.512311212209525, -35.427705052552199 ], [ -70.51187858985692, -35.427949398510926 ], [ -70.511449336186601, -35.428369406906192 ], [ -70.511397101847763, -35.428413563097408 ], [ -70.510875200430633, -35.428854448792862 ], [ -70.510378954898016, -35.429577442293954 ], [ -70.510246367155347, -35.430295884524632 ], [ -70.509889990210766, -35.430715049173116 ], [ -70.509456251252246, -35.430900832800717 ], [ -70.508811825020231, -35.431503881499687 ], [ -70.508817373913757, -35.43180130814784 ], [ -70.509548254008706, -35.43191388899978 ], [ -70.509780052589662, -35.432627773057725 ], [ -70.509860511994717, -35.433041474800071 ], [ -70.510122968279703, -35.433405778848673 ], [ -70.510159841427168, -35.433456943510642 ], [ -70.510201010318326, -35.4336029605711 ], [ -70.510394019645332, -35.434288008444085 ], [ -70.510119087557669, -35.435184010467104 ], [ -70.509970012136264, -35.435464685988663 ], [ -70.509767325258721, -35.435846550916288 ], [ -70.50965458130068, -35.435941685307618 ], [ -70.509480182371405, -35.436089068736841 ], [ -70.509267120850623, -35.436389229702975 ], [ -70.509203499467262, -35.436867879849729 ], [ -70.509164261055659, -35.437202499606379 ], [ -70.509140606617606, -35.437405090300913 ], [ -70.509054645031426, -35.437533051532057 ], [ -70.508856820734493, -35.437827850353372 ], [ -70.508502677900069, -35.438368773880143 ], [ -70.50829524701949, -35.438966358000762 ], [ -70.508008178692336, -35.439208873010969 ], [ -70.507579934728412, -35.439692002340237 ], [ -70.507293223032434, -35.439934510041361 ], [ -70.507155054056895, -35.440351016844751 ], [ -70.507235862906597, -35.440769220898325 ], [ -70.507174543905307, -35.44115921294199 ], [ -70.507170597606262, -35.441184743412457 ], [ -70.507136359217526, -35.441202305303484 ], [ -70.507108646191014, -35.441216462544389 ], [ -70.506809702135811, -35.441369607079906 ], [ -70.506479737457241, -35.44125776985198 ], [ -70.506296274526747, -35.441195730206886 ], [ -70.505787651107838, -35.441265149265107 ], [ -70.505755439318378, -35.441338227594187 ], [ -70.505577927726648, -35.441741042039986 ], [ -70.505666177321842, -35.442578440564503 ], [ -70.505465689520108, -35.442789660182463 ], [ -70.505151899008212, -35.443120170139657 ], [ -70.505094540679011, -35.443180635557354 ], [ -70.504732544772338, -35.443302285663286 ], [ -70.50472100681084, -35.443303019707088 ], [ -70.503422286353427, -35.443381759954455 ], [ -70.50306436969646, -35.443742355799309 ], [ -70.50300405770659, -35.444401247129512 ], [ -70.503040413424472, -35.444458623961452 ], [ -70.503379213932178, -35.444991640853729 ], [ -70.503093198430562, -35.445292699515392 ], [ -70.502672370059301, -35.44519727173234 ], [ -70.501849206035232, -35.445010687534648 ], [ -70.501425332375149, -35.445732669486482 ], [ -70.501448522384223, -35.446981082793862 ], [ -70.501383308287842, -35.447401179992184 ], [ -70.501388833825146, -35.447698607190013 ], [ -70.501255503175742, -35.448358405767763 ], [ -70.501338467982123, -35.448893797129479 ], [ -70.501418811504507, -35.449307505298655 ], [ -70.50164407035021, -35.449665346480757 ], [ -70.502121038935144, -35.449880909692268 ], [ -70.502158632531476, -35.449897871814883 ], [ -70.502240432222919, -35.450370129272009 ], [ -70.502131188101217, -35.450606574920535 ], [ -70.502100127053637, -35.450673950778857 ], [ -70.501668349117367, -35.450976819826622 ], [ -70.501313104050084, -35.451459093330577 ], [ -70.501034760160977, -35.452174758627535 ], [ -70.500904679616255, -35.453014873924182 ], [ -70.500641903531033, -35.454564336545779 ], [ -70.500580297967161, -35.455164673973123 ], [ -70.50014867094788, -35.455467535630923 ], [ -70.499716950503796, -35.455770396880453 ], [ -70.499504982232722, -35.456129169354533 ], [ -70.499440839826491, -35.456607819928628 ], [ -70.499806248432932, -35.456666427603061 ], [ -70.499740206988179, -35.45702331262526 ], [ -70.499530402758623, -35.457503700834799 ], [ -70.499166980327288, -35.457566931586271 ], [ -70.498883432497749, -35.457989591597538 ], [ -70.498393152676911, -35.459068599400808 ], [ -70.497968098630579, -35.459727510126442 ], [ -70.497902856686423, -35.460147532001258 ], [ -70.498094306538107, -35.460594426698371 ], [ -70.498131391687977, -35.460681192035153 ], [ -70.498211007574966, -35.46103626734601 ], [ -70.498288363300716, -35.461274308186496 ], [ -70.49814816682759, -35.46167819866065 ], [ -70.498092972539894, -35.46183686429405 ], [ -70.498080891995968, -35.461871801260962 ], [ -70.498001154836402, -35.461899601414686 ], [ -70.497718436151857, -35.461998015857169 ], [ -70.496843972935181, -35.462008865181438 ], [ -70.495899025206327, -35.462137792620851 ], [ -70.495466170190042, -35.462382084557703 ], [ -70.495255244863017, -35.462803983941228 ], [ -70.495045491837445, -35.463284436406596 ], [ -70.495200094592775, -35.46376030213851 ], [ -70.494989081230869, -35.464177697520512 ], [ -70.494633648415657, -35.464659880190403 ], [ -70.494458304458703, -35.464882957536872 ], [ -70.494368824171573, -35.46499433391741 ], [ -70.494348618365891, -35.465019547338173 ], [ -70.49377349086987, -35.465445879837389 ], [ -70.493269758777657, -35.465808252014909 ], [ -70.492939229058763, -35.465753403603237 ], [ -70.492611782357898, -35.465699181441913 ], [ -70.492111373133937, -35.466241792105649 ], [ -70.491900511587303, -35.466663685144781 ], [ -70.491541630139722, -35.466965617504329 ], [ -70.491183919196956, -35.467326176440579 ], [ -70.491118726660162, -35.467746193755268 ], [ -70.490839161062269, -35.468403281899946 ], [ -70.490334677080185, -35.468707008970092 ], [ -70.489905184457996, -35.469131524348214 ], [ -70.489546016447832, -35.469433527188215 ], [ -70.489254741310233, -35.469437122322624 ], [ -70.488747723180722, -35.469623663780126 ], [ -70.488526866978233, -35.469504745790942 ], [ -70.487939552038739, -35.46927298824987 ], [ -70.487844869607784, -35.469274229795545 ], [ -70.487210599728385, -35.469282048533174 ], [ -70.487207079230799, -35.469090875900129 ], [ -70.487201885171814, -35.468808806124791 ], [ -70.486979952787621, -35.46863118266306 ], [ -70.486541560555921, -35.468578015240816 ], [ -70.486253160925543, -35.468757347145129 ], [ -70.485894248935239, -35.469059263596613 ], [ -70.485534762023136, -35.469315320044402 ], [ -70.485462577898488, -35.469366652098309 ], [ -70.485101513544762, -35.469546950163426 ], [ -70.484598519867731, -35.4697320208343 ], [ -70.484594575365307, -35.469733473075927 ], [ -70.484162720173956, -35.470036280615759 ], [ -70.484448670098558, -35.470263493433777 ], [ -70.484458750094362, -35.470271567404708 ], [ -70.48440736825674, -35.470403590175223 ], [ -70.48431933695214, -35.470629346071981 ], [ -70.483890790255984, -35.471112471130859 ], [ -70.483533110754252, -35.471477586851286 ], [ -70.483030459335325, -35.471898398935934 ], [ -70.482891483672674, -35.472260750086456 ], [ -70.482313921742218, -35.47256541657012 ], [ -70.482172254726947, -35.472806009423891 ], [ -70.481811258645209, -35.472986296119572 ], [ -70.481574450159897, -35.473119857328996 ], [ -70.481378300322646, -35.473230466584148 ], [ -70.481303192181755, -35.473201476414417 ], [ -70.480937735964616, -35.473060094044719 ], [ -70.480426306208741, -35.473003295802272 ], [ -70.480066369240703, -35.47324663953443 ], [ -70.479706429577703, -35.47348990717807 ], [ -70.479270252591505, -35.473553897172401 ], [ -70.478985113845596, -35.473918036134798 ], [ -70.478556517742064, -35.474401142897236 ], [ -70.478121315427956, -35.474523685862096 ], [ -70.477466499281377, -35.4745902742795 ], [ -70.476882386835868, -35.474538856309373 ], [ -70.476451639267239, -35.474900265746761 ], [ -70.476076888181851, -35.475677690256916 ], [ -70.475959796377822, -35.475920488204515 ], [ -70.475742317840798, -35.475986294900174 ], [ -70.475089539073295, -35.4761700573711 ], [ -70.474664457179145, -35.476175252834146 ], [ -70.474287851072702, -35.476179855010415 ], [ -70.474163843139308, -35.476306262227403 ], [ -70.473929832906123, -35.476544872371171 ], [ -70.473420965145436, -35.476609729741512 ], [ -70.473330302675379, -35.476604189748677 ], [ -70.472617842535342, -35.4765608917617 ], [ -70.472184835703771, -35.476805029424398 ], [ -70.471752988597231, -35.477107867393819 ], [ -70.471687406191606, -35.477234962993521 ], [ -70.471541819826783, -35.477525224223676 ], [ -70.471255933682542, -35.477826206503934 ], [ -70.47075654674137, -35.478431865561731 ], [ -70.470837131910557, -35.478845590811893 ], [ -70.470623898811567, -35.479150191378253 ], [ -70.47018874949805, -35.47927270515882 ], [ -70.469869412787602, -35.479408356118647 ], [ -70.469609657736669, -35.479518612908542 ], [ -70.469453654507802, -35.479624134432122 ], [ -70.469249750413042, -35.479761924485061 ], [ -70.468600115749013, -35.480126045571083 ], [ -70.468241267539099, -35.480427908362131 ], [ -70.468391226902753, -35.480665011800788 ], [ -70.468323604423091, -35.48096332988586 ], [ -70.467747159996847, -35.481330988195793 ], [ -70.467548545182481, -35.481397584873456 ], [ -70.467384935019794, -35.481452530876531 ], [ -70.466943853232124, -35.481418601647249 ], [ -70.46672783445743, -35.481401951938743 ], [ -70.46614553391386, -35.481467671487792 ], [ -70.465642018315648, -35.481834358987868 ], [ -70.465287037353022, -35.48237509421687 ], [ -70.464782459946122, -35.482678791185506 ], [ -70.464348334712056, -35.48286442047781 ], [ -70.463692374111787, -35.482872305922299 ], [ -70.463117486465947, -35.483352628246749 ], [ -70.462192530743764, -35.484617046826791 ], [ -70.461917351619405, -35.485517449980286 ], [ -70.462116624898883, -35.485700711555346 ], [ -70.462362185670003, -35.485926766821791 ], [ -70.463025858306963, -35.486337932895722 ], [ -70.463039792075335, -35.48641915381554 ], [ -70.46310728519758, -35.486814800339822 ], [ -70.462821335272977, -35.487115763928522 ], [ -70.462167284491017, -35.48724090317161 ], [ -70.461509078102566, -35.48713174098274 ], [ -70.461293595622081, -35.48731013035944 ], [ -70.460787547673092, -35.48755511237875 ], [ -70.460348005597837, -35.487443222320465 ], [ -70.459766016769649, -35.487508908403413 ], [ -70.459484012245767, -35.488048817693127 ], [ -70.45883866344397, -35.488656120061599 ], [ -70.458572041671019, -35.489523102187967 ], [ -70.458563081874374, -35.48955194091765 ], [ -70.458462599021644, -35.489608400519984 ], [ -70.457913408582797, -35.489915932076002 ], [ -70.457336854562101, -35.490283615261006 ], [ -70.456541445785348, -35.490649286828251 ], [ -70.456031144313471, -35.490655446826509 ], [ -70.455453346126092, -35.490959914136226 ], [ -70.45523027377979, -35.490723751681848 ], [ -70.454868853693227, -35.490908396193184 ], [ -70.454804785847159, -35.491387023352566 ], [ -70.454743524338042, -35.492041397128418 ], [ -70.454190888860083, -35.492460108500843 ], [ -70.454024108542754, -35.492586493772265 ], [ -70.453463633467322, -35.492710754131458 ], [ -70.453443123132757, -35.492715210544048 ], [ -70.453387360211494, -35.492752958755155 ], [ -70.453083017281443, -35.492958476319743 ], [ -70.45300735488, -35.4929593876398 ], [ -70.452572609808357, -35.492964622975826 ], [ -70.45184553946855, -35.493090586901353 ], [ -70.451259286337702, -35.492921786536421 ], [ -70.450963265400446, -35.492686493630501 ], [ -70.450519330563438, -35.492331114118926 ], [ -70.450004997452581, -35.492098443030692 ], [ -70.44935105357014, -35.492228017788854 ], [ -70.448993641766364, -35.492647018554301 ], [ -70.448731961625796, -35.492905485893154 ], [ -70.448563894920966, -35.493071392891771 ], [ -70.44844209414822, -35.493072854951357 ], [ -70.448126439632105, -35.493076644311223 ], [ -70.447770601676709, -35.49355877069479 ], [ -70.447340581743461, -35.493978637796893 ], [ -70.446839775464156, -35.494525648490175 ], [ -70.446705852824962, -35.495180889714582 ], [ -70.446498961831878, -35.495841511405864 ], [ -70.446146252708616, -35.49649937554107 ], [ -70.445717338601469, -35.496982298314201 ], [ -70.445437307676272, -35.497639362514107 ], [ -70.444649367492801, -35.498424152615691 ], [ -70.443858864415816, -35.499091757537641 ], [ -70.443077173811773, -35.500232528275127 ], [ -70.442574215169046, -35.500657830088905 ], [ -70.441923330948455, -35.500963108560519 ], [ -70.441052692758234, -35.501212513669749 ], [ -70.440547811720791, -35.501515966855969 ], [ -70.439682471794129, -35.502062795321912 ], [ -70.439483863267967, -35.502756394308847 ], [ -70.439476551879864, -35.502781962271207 ], [ -70.439333615545124, -35.503234713210631 ], [ -70.439269413850084, -35.503438069292848 ], [ -70.438767458625506, -35.503921912738193 ], [ -70.438267579407551, -35.504527446065303 ], [ -70.436919596238312, -35.506630638315507 ], [ -70.436567446765451, -35.507347109868725 ], [ -70.43598216112018, -35.507236867860392 ], [ -70.435329113756396, -35.507424925988268 ], [ -70.43504159357667, -35.507662769514234 ], [ -70.435102840712744, -35.507759532322282 ], [ -70.435191779315772, -35.50789983573712 ], [ -70.435495004741597, -35.508554441364311 ], [ -70.435416277288425, -35.508734187180544 ], [ -70.435284782795449, -35.509034798828218 ], [ -70.434493337385732, -35.509639280098632 ], [ -70.434284148502144, -35.510178191697094 ], [ -70.433933442621964, -35.510957639745421 ], [ -70.43391911808645, -35.511020735591018 ], [ -70.43388016533909, -35.511192251737455 ], [ -70.433797898523693, -35.511554316777463 ], [ -70.433969250367497, -35.511797854552356 ], [ -70.434172295672852, -35.512086289384939 ], [ -70.434543208257054, -35.51244252184609 ], [ -70.434644883174158, -35.512699295607611 ], [ -70.43481220068405, -35.513121909272932 ], [ -70.434848802540301, -35.513214237282142 ], [ -70.434800969048041, -35.513358827760577 ], [ -70.434621295211429, -35.513901820846058 ], [ -70.434571836666834, -35.514051525592762 ], [ -70.434543742754641, -35.514087016055676 ], [ -70.434143895435156, -35.5145930384327 ], [ -70.433785717368451, -35.514953435633267 ], [ -70.433670025139634, -35.515117369663692 ], [ -70.433627726167842, -35.515177106058971 ], [ -70.433358797521237, -35.515558007615596 ], [ -70.432940285006779, -35.516635901290329 ], [ -70.433022521279469, -35.517171273098953 ], [ -70.432812263400692, -35.517651625806174 ], [ -70.432604086020106, -35.518249164853543 ], [ -70.432318863730899, -35.518608690911073 ], [ -70.432106516370766, -35.518971855802235 ], [ -70.432190809785453, -35.519262073012065 ], [ -70.432261730878807, -35.519506435545246 ], [ -70.432123411884632, -35.519922859278985 ], [ -70.431981605630511, -35.52016339662358 ], [ -70.431551444661764, -35.520587715507972 ], [ -70.431418600000924, -35.521241449262583 ], [ -70.431417351342674, -35.521247446064194 ], [ -70.431575779124501, -35.521957842347597 ], [ -70.431728234007991, -35.522316601655071 ], [ -70.432099106167996, -35.52266833616315 ], [ -70.432467897829795, -35.522902883956171 ], [ -70.433134860097312, -35.523490024694297 ], [ -70.433230827119118, -35.523623377670667 ], [ -70.433434152698851, -35.523905679830001 ], [ -70.434104339019925, -35.52467313530147 ], [ -70.434634045000266, -35.525739679834501 ], [ -70.434355042646047, -35.526459705770982 ], [ -70.433850663766847, -35.526821841589786 ], [ -70.432788924271307, -35.526980624270671 ], [ -70.432541037761908, -35.527017764927841 ], [ -70.43218704404778, -35.527616960329063 ], [ -70.431541189494496, -35.52821969331643 ], [ -70.431104557960751, -35.529599795345071 ], [ -70.43094141851526, -35.52993748571091 ], [ -70.430486851218561, -35.530878348968869 ], [ -70.429855939241691, -35.531408738731351 ], [ -70.429480592573285, -35.531646871605794 ], [ -70.429131959106442, -35.531868069914786 ], [ -70.428406704261818, -35.532250821473681 ], [ -70.42795860573348, -35.532779035378859 ], [ -70.427783584271737, -35.533227424705693 ], [ -70.42779556510267, -35.53390344236675 ], [ -70.427897799670191, -35.534497296700309 ], [ -70.428857150986303, -35.535197542554279 ], [ -70.429010024484725, -35.535309027626887 ], [ -70.428974809627277, -35.53564660112508 ], [ -70.428931962683166, -35.536058269261623 ], [ -70.42913337844459, -35.536374500225953 ], [ -70.429214146870109, -35.536501167994999 ], [ -70.430040218740771, -35.536644626604321 ], [ -70.430594494542433, -35.536935620548938 ], [ -70.43051099523845, -35.537382927436468 ], [ -70.430153027377514, -35.537837921821229 ], [ -70.430048068219719, -35.537926613247528 ], [ -70.429612114914008, -35.53829508464645 ], [ -70.429158634578798, -35.538521366145105 ], [ -70.428434678698082, -35.538980692422953 ], [ -70.427888308070919, -35.539135985484783 ], [ -70.427068918767645, -35.53937102387053 ], [ -70.426525265544228, -35.539675025788384 ], [ -70.426256240777903, -35.539980209260676 ], [ -70.426082551517695, -35.540505169190716 ], [ -70.426366094855652, -35.541024795534106 ], [ -70.427110054421149, -35.541687645159953 ], [ -70.427762404692274, -35.542356081049086 ], [ -70.428323344196713, -35.543021089834632 ], [ -70.429248922451393, -35.543609690683603 ], [ -70.429615929160718, -35.543677497316274 ], [ -70.430354567106463, -35.544042894312646 ], [ -70.430092195263114, -35.54471766011774 ], [ -70.42972882313741, -35.544875222553301 ], [ -70.428910752561009, -35.545182415274247 ], [ -70.428648005221859, -35.545857181723953 ], [ -70.428571202858322, -35.546683071576723 ], [ -70.428682547241181, -35.547804151769931 ], [ -70.428690464093762, -35.548250373331577 ], [ -70.429514206632888, -35.548240609333355 ], [ -70.429978214324905, -35.548609264308418 ], [ -70.429714184191539, -35.549211964556577 ], [ -70.429355072775252, -35.549590305812558 ], [ -70.429185385509641, -35.550340633868259 ], [ -70.428918534666309, -35.550790038868946 ], [ -70.428654853079266, -35.551392805312055 ], [ -70.428303361173207, -35.552221875112195 ], [ -70.427670913077208, -35.552675607908547 ], [ -70.427315411091726, -35.553279386284515 ], [ -70.427422755276609, -35.554175177536806 ], [ -70.427806066408337, -35.555144363378993 ], [ -70.427905606030038, -35.555589426655857 ], [ -70.42791487844039, -35.556112221294647 ], [ -70.426820620829858, -35.55635058777009 ], [ -70.426369838135443, -35.556730079990338 ], [ -70.425738430288561, -35.557260454467048 ], [ -70.425103193821897, -35.557569965362013 ], [ -70.424933452657399, -35.558320286699171 ], [ -70.424947972127342, -35.559140513871824 ], [ -70.425051582015584, -35.559810941092479 ], [ -70.425032480239381, -35.559850015557693 ], [ -70.423827124384403, -35.55988146716696 ], [ -70.413403149285955, -35.56004121042907 ], [ -70.40997459066358, -35.560093554375044 ], [ -70.409893446742288, -35.56009479817093 ], [ -70.409891924097877, -35.56022458326688 ], [ -70.409772476911158, -35.560423103333392 ], [ -70.409488334396912, -35.560677613065181 ], [ -70.409084985444451, -35.560933072729895 ], [ -70.407826059455815, -35.561546316711244 ], [ -70.404513145451531, -35.562801676821486 ], [ -70.404180021398091, -35.562896855356776 ], [ -70.403965870220887, -35.562992033779018 ], [ -70.403704128994846, -35.563277569098233 ], [ -70.403608949795554, -35.563491719737328 ], [ -70.403608949795554, -35.563729666737736 ], [ -70.403608950693865, -35.564229352481185 ], [ -70.403608949795554, -35.564895602599712 ], [ -70.403652082403923, -35.564966846902017 ], [ -70.403632745269121, -35.565585645753615 ], [ -70.40363797795564, -35.56563099368126 ], [ -70.403704128994846, -35.56620430610328 ], [ -70.403608950693865, -35.566608814093911 ], [ -70.403394799516661, -35.566918144204237 ], [ -70.403133060087271, -35.567203678687022 ], [ -70.402871317064623, -35.567560598099817 ], [ -70.402680960462661, -35.567893723886371 ], [ -70.402514398435954, -35.568274437270695 ], [ -70.402419220134959, -35.568583766796543 ], [ -70.402419220134959, -35.568893096589576 ], [ -70.402466809285443, -35.569368987764506 ], [ -70.402395425559703, -35.569987648130841 ], [ -70.40227645178517, -35.57048733576876 ], [ -70.402062301506263, -35.570844254437105 ], [ -70.401800559381925, -35.571153584271002 ], [ -70.401419846178015, -35.571558092849024 ], [ -70.401181900425556, -35.571796039277821 ], [ -70.400801186323307, -35.57217675238617 ], [ -70.400372883070574, -35.572600296351489 ], [ -70.400111142742858, -35.572819206494593 ], [ -70.399754224114162, -35.57322371543053 ], [ -70.399373510910237, -35.573723402612465 ], [ -70.399064179635417, -35.574080322207415 ], [ -70.39894520675918, -35.574361097984003 ], [ -70.398921411285642, -35.575027347149685 ], [ -70.398945207657505, -35.575527034040633 ], [ -70.399016590484919, -35.576336050287203 ], [ -70.399040385958486, -35.577097477571634 ], [ -70.399040385060175, -35.577716138166501 ], [ -70.398992795909678, -35.578311002848316 ], [ -70.398778644732459, -35.578810690442673 ], [ -70.398421725205466, -35.579381760562349 ], [ -70.398017216527975, -35.579952830993761 ], [ -70.397898244550063, -35.580476312724677 ], [ -70.397588914173554, -35.580999796148056 ], [ -70.397255789221788, -35.58142809855422 ], [ -70.39697025431883, -35.581975373115192 ], [ -70.396803692292124, -35.582451265476521 ], [ -70.396670219708881, -35.582754639380902 ], [ -70.396601438402541, -35.582910977119326 ], [ -70.396506259203235, -35.583946042841518 ], [ -70.396839383256676, -35.584612291909167 ], [ -70.397120356514606, -35.584920025635746 ], [ -70.397339071133459, -35.585159568087136 ], [ -70.397719785235708, -35.585468898161437 ], [ -70.398267060466367, -35.585944789486412 ], [ -70.398600184519793, -35.586301709411451 ], [ -70.398838131170592, -35.586777600900518 ], [ -70.398838131170592, -35.587253493213836 ], [ -70.398742951971286, -35.587681797237877 ], [ -70.398481212541881, -35.588110100431848 ], [ -70.398124293014888, -35.588419430065478 ], [ -70.397791168063137, -35.588633580706428 ], [ -70.397172510005063, -35.588800143056403 ], [ -70.39657764292896, -35.5888715268146 ], [ -70.396030366800005, -35.588895320656022 ], [ -70.395604285080978, -35.588935220306375 ], [ -70.395030992843047, -35.589014294140085 ], [ -70.394578895913384, -35.589109473676665 ], [ -70.394221976386376, -35.589252240577814 ], [ -70.393912646908191, -35.589490187038898 ], [ -70.39371903570995, -35.589803061638115 ], [ -70.393484344553755, -35.589966079300481 ], [ -70.393365370779222, -35.590251614906741 ], [ -70.393151220500314, -35.590679916771926 ], [ -70.392794300973321, -35.591132015366426 ], [ -70.39238979229583, -35.591536522394136 ], [ -70.391937694467842, -35.591750675654772 ], [ -70.391617228575058, -35.591926039092691 ], [ -70.391262922247236, -35.592189204425779 ], [ -70.391009706033245, -35.592535895966833 ], [ -70.390938320510884, -35.592892815728831 ], [ -70.390819348532972, -35.593392502183072 ], [ -70.390462428107654, -35.593820805506148 ], [ -70.390129304054227, -35.594249108729024 ], [ -70.389897052722347, -35.594790318968755 ], [ -70.389825668996608, -35.594990193861818 ], [ -70.389654347695526, -35.595361390541683 ], [ -70.389440196518308, -35.595789692095479 ], [ -70.389283152142013, -35.596217995009766 ], [ -70.3890832769913, -35.596746236667421 ], [ -70.388921068200446, -35.59697152701802 ], [ -70.388826295039649, -35.597103155186865 ], [ -70.388583590012828, -35.597488627357762 ], [ -70.388426545636534, -35.597745610208435 ], [ -70.388326608959488, -35.598159635749695 ], [ -70.388183840609699, -35.598630768830546 ], [ -70.388055350083036, -35.598830644359495 ], [ -70.387584216954181, -35.599649178527727 ], [ -70.387132119126207, -35.600648551611222 ], [ -70.386275512620728, -35.602242791199345 ], [ -70.385213032913384, -35.604000324085789 ], [ -70.385127676791711, -35.604543133652633 ], [ -70.38487069484006, -35.604928605776941 ], [ -70.384742204313412, -35.605207003387953 ], [ -70.384656543662857, -35.605492538673943 ], [ -70.384699374437275, -35.60580662740724 ], [ -70.384785035087845, -35.606077884833297 ], [ -70.384899248689692, -35.606306313578798 ], [ -70.385099124738716, -35.606506188196171 ], [ -70.385341828867226, -35.606634679123154 ], [ -70.385670194544602, -35.606834553650579 ], [ -70.385898621748325, -35.607091535704207 ], [ -70.38605566702293, -35.607277134314515 ], [ -70.386096163075933, -35.607466114757699 ], [ -70.385701771225172, -35.608304916046293 ], [ -70.386343933702662, -35.608581782797188 ], [ -70.38636975577549, -35.608633426759972 ], [ -70.386973261949677, -35.608909943271719 ], [ -70.387187545179231, -35.608945495460958 ], [ -70.387606598479508, -35.609015018609092 ], [ -70.387843568661552, -35.609054334184442 ], [ -70.38794845236086, -35.609043944392589 ], [ -70.389626801755625, -35.609185940288484 ], [ -70.390895920029479, -35.609586293958962 ], [ -70.391878846731899, -35.61035449577453 ], [ -70.392421160567224, -35.611295214088862 ], [ -70.393409767317195, -35.613118818602246 ], [ -70.395677514844607, -35.615748954000637 ], [ -70.397136389645794, -35.617106197482478 ], [ -70.397157279069418, -35.617181402294975 ], [ -70.39717631616692, -35.617466937198607 ], [ -70.397214386768667, -35.617771509657288 ], [ -70.397271493569576, -35.618152222504143 ], [ -70.397301402078668, -35.618192378493511 ], [ -70.397079954784715, -35.620753884972949 ], [ -70.397212578459985, -35.620928388174384 ], [ -70.397168959863066, -35.621013394178163 ], [ -70.397030677699803, -35.621349863280059 ], [ -70.397321462357269, -35.621814212602978 ], [ -70.397435676857441, -35.622056917479277 ], [ -70.39766410495946, -35.622271069388731 ], [ -70.397906809986281, -35.622556605106055 ], [ -70.398149515013117, -35.622742202154889 ], [ -70.398534987491416, -35.623199058750238 ], [ -70.399020397545101, -35.6236130854778 ], [ -70.399462977722649, -35.624027110791765 ], [ -70.399734236599102, -35.624298369960563 ], [ -70.399976940727612, -35.624526797789912 ], [ -70.400176815878325, -35.624740949656363 ], [ -70.400440653772222, -35.624798306450373 ], [ -70.400835819970766, -35.625510940921764 ], [ -70.400856389594139, -35.625696065984606 ], [ -70.401041988718362, -35.626024430794253 ], [ -70.4011704783467, -35.626152923227139 ], [ -70.401298967975052, -35.62639562734725 ], [ -70.401484567997599, -35.62660977931953 ], [ -70.401555950825013, -35.626723992934714 ], [ -70.401673020171145, -35.626846772808932 ], [ -70.401787235569643, -35.626960986815753 ], [ -70.402115600348708, -35.62708947847365 ], [ -70.40244396782272, -35.627275075953513 ], [ -70.40261528732718, -35.627360736015078 ], [ -70.402843716327524, -35.627474950017799 ], [ -70.403129250332157, -35.627607724019889 ], [ -70.403312512040003, -35.627709797900025 ], [ -70.40348616985915, -35.627850430295226 ], [ -70.403814535536526, -35.62792181353759 ], [ -70.404028687612055, -35.62792181353759 ], [ -70.40437132931595, -35.627907537332312 ], [ -70.404772620228087, -35.627897247101544 ], [ -70.404928123095345, -35.627893259664162 ], [ -70.40545636482176, -35.627878982723615 ], [ -70.405741899724717, -35.62792181353759 ], [ -70.405946565590838, -35.628012776095339 ], [ -70.405998880778029, -35.628036027468944 ], [ -70.406184479003954, -35.628178795748951 ], [ -70.406455737880393, -35.628250179428271 ], [ -70.406698442008917, -35.628307286909973 ], [ -70.407069637562415, -35.62833583990534 ], [ -70.407412281062918, -35.628464330083773 ], [ -70.407712092890662, -35.628578544700417 ], [ -70.408069012417684, -35.62880697271401 ], [ -70.40839737809506, -35.628849803030796 ], [ -70.408702900513077, -35.628915476284661 ], [ -70.40904554401358, -35.62895830654336 ], [ -70.409431014695258, -35.629115352089094 ], [ -70.40977365729745, -35.629329501887369 ], [ -70.410044917072213, -35.629529378116928 ], [ -70.410416111727386, -35.629729251656322 ], [ -70.410730200479975, -35.629886296417723 ], [ -70.411158503732707, -35.63000051046312 ], [ -70.411458317357102, -35.630014787024798 ], [ -70.411701020587316, -35.629914849579293 ], [ -70.411958003437249, -35.629700699158619 ], [ -70.4122149853889, -35.629515100008284 ], [ -70.412516536355056, -35.629347338064321 ], [ -70.412757502243494, -35.629229565775645 ], [ -70.413028760221636, -35.629215289073741 ], [ -70.413328572049394, -35.629186734932155 ], [ -70.413656938625095, -35.629215289073741 ], [ -70.413985303404161, -35.629286672557726 ], [ -70.414242286254108, -35.629415162668245 ], [ -70.414487847923553, -35.629572208046682 ], [ -70.414773381029875, -35.629643591942099 ], [ -70.415116023632052, -35.629657868567541 ], [ -70.415458666234244, -35.629629315314169 ], [ -70.415901246411806, -35.629600761320461 ], [ -70.416286718890106, -35.629557931405976 ], [ -70.416715021244542, -35.629529377386774 ], [ -70.417243262072645, -35.62954365476272 ], [ -70.417643011475761, -35.629572208046682 ], [ -70.417928547277015, -35.629786358811593 ], [ -70.418142699352543, -35.630057618154794 ], [ -70.418375259704874, -35.629437004440526 ], [ -70.418248985322009, -35.628541512441075 ], [ -70.418043554989566, -35.627655961875931 ], [ -70.417903424991778, -35.627040989095967 ] ] ] } },
{ "type": "Feature", "properties": { "capa": "ds19", "popup": "<strong>BARRIO ENCANTO DE MOLINA</strong><br><br><strong>Programa:</strong> DS19<br><strong>Comuna:</strong> Molina<br><strong>Región:</strong> Maule<br><strong>Año de inicio:</strong> 2021", "etiqueta": "BARRIO ENCANTO DE MOLINA" }, "geometry": { "type": "MultiPolygon", "coordinates": [ [ [ [ -71.286404166515496, -35.124282285939131 ], [ -71.285736797311131, -35.124617000760445 ], [ -71.28550122939923, -35.124149678217613 ], [ -71.28498062874263, -35.124397001881043 ], [ -71.284895178297845, -35.124442812681707 ], [ -71.28470521695462, -35.124538658197963 ], [ -71.284432807336287, -35.124666809124896 ], [ -71.284013999276098, -35.124863517738397 ], [ -71.284016722968019, -35.124865013653057 ], [ -71.28367460677859, -35.125022579017042 ], [ -71.283506345139372, -35.125099001264473 ], [ -71.283021710331781, -35.12542509364625 ], [ -71.282912402429702, -35.125479718384369 ], [ -71.282685967689304, -35.125580541916705 ], [ -71.283265746661883, -35.126038365117005 ], [ -71.28365025075631, -35.126274632130873 ], [ -71.28663788120295, -35.124777726690702 ], [ -71.286404166515496, -35.124282285939131 ] ] ], [ [ [ -71.284011970880186, -35.124862403884407 ], [ -71.284013591440939, -35.124863709503479 ], [ -71.284013999276098, -35.124863517738397 ], [ -71.284011970880186, -35.124862403884407 ] ] ] ] } },
{ "type": "Feature", "properties": { "capa": "ds19", "popup": "<strong>SAN ALBERTO HURTADO</strong><br><br><strong>Programa:</strong> DS19<br><strong>Comuna:</strong> Molina<br><strong>Región:</strong> Maule<br><strong>Año de inicio:</strong> 2017", "etiqueta": "SAN ALBERTO HURTADO" }, "geometry": { "type": "Polygon", "coordinates": [ [ [ -71.290675195754048, -35.111953853746058 ], [ -71.291011056974156, -35.111681977676945 ], [ -71.291185223239765, -35.111527782997335 ], [ -71.291470705142117, -35.111342332481364 ], [ -71.291678357008237, -35.111247274635403 ], [ -71.291882092219723, -35.111143638705855 ], [ -71.292926440331385, -35.110595902452559 ], [ -71.293317785096704, -35.111098581002707 ], [ -71.294034868865509, -35.110763701143071 ], [ -71.293473851207651, -35.109976595375933 ], [ -71.293685929971502, -35.109876870264209 ], [ -71.293285093606897, -35.109327782884826 ], [ -71.290123764018574, -35.110828393725036 ], [ -71.29017627593683, -35.110952186468317 ], [ -71.290046284325328, -35.111052198327954 ], [ -71.290675195754048, -35.111953853746058 ] ] ] } },
{ "type": "Feature", "properties": { "capa": "ds19", "popup": "<strong>VALLES DE MOLINA III</strong><br><br><strong>Programa:</strong> DS19<br><strong>Comuna:</strong> Molina<br><strong>Región:</strong> Maule<br><strong>Año de inicio:</strong> 2016", "etiqueta": "VALLES DE MOLINA III" }, "geometry": { "type": "Polygon", "coordinates": [ [ [ -71.301595170246742, -35.108777358738479 ], [ -71.300688613818195, -35.107608231184862 ], [ -71.300009786602388, -35.108010466619859 ], [ -71.299445492788678, -35.107392936701061 ], [ -71.300157068088168, -35.107043981644509 ], [ -71.300071873663242, -35.10693493228586 ], [ -71.298834726430371, -35.107589296798537 ], [ -71.299011026194776, -35.107843598504665 ], [ -71.298465576340789, -35.108469093313438 ], [ -71.300077712712593, -35.109627021598591 ], [ -71.300255091353648, -35.109454373357565 ], [ -71.300562705049657, -35.10966399581902 ], [ -71.301326529061001, -35.108908522465299 ], [ -71.301595170246742, -35.108777358738479 ] ] ] } },
{ "type": "Feature", "properties": { "capa": "ds19", "popup": "<strong>VALLES DE MOLINA IV</strong><br><br><strong>Programa:</strong> DS19<br><strong>Comuna:</strong> Molina<br><strong>Región:</strong> Maule<br><strong>Año de inicio:</strong> 2016", "etiqueta": "VALLES DE MOLINA IV" }, "geometry": { "type": "Polygon", "coordinates": [ [ [ -71.300078813148815, -35.109651030519608 ], [ -71.298454119227628, -35.1084917650943 ], [ -71.297810075677944, -35.109220095362595 ], [ -71.297638056385878, -35.109220101976469 ], [ -71.29743314797463, -35.10937800330705 ], [ -71.297686640869699, -35.109622314758695 ], [ -71.298657226516752, -35.111018739558666 ], [ -71.298908216705456, -35.11123821387293 ], [ -71.300561144675996, -35.109703041618197 ], [ -71.300241908576865, -35.109485803790726 ], [ -71.300078813148815, -35.109651030519608 ] ] ] } },
{ "type": "Feature", "properties": { "capa": "colegios", "popup": "<strong>ESCUELA EL RADAL</strong><br><br><strong>Dirección:</strong> EL RADAL 0", "etiqueta": "" }, "geometry": { "type": "Point", "coordinates": [ -71.054939, -35.414181 ] } },
{ "type": "Feature", "properties": { "capa": "colegios", "popup": "<strong>ESCUELA JULIA CATAN DABIKE</strong><br><br><strong>Dirección:</strong> ALUPENHUE 0", "etiqueta": "" }, "geometry": { "type": "Point", "coordinates": [ -71.09185, -35.228161 ] } },
{ "type": "Feature", "properties": { "capa": "colegios", "popup": "<strong>ESCUELA LA PALMILLA</strong><br><br><strong>Dirección:</strong> CAMINO PUBLICO RADAL 12", "etiqueta": "" }, "geometry": { "type": "Point", "coordinates": [ -71.210663, -35.197681 ] } },
{ "type": "Feature", "properties": { "capa": "colegios", "popup": "<strong>ESCUELA ALBERTO GIRARDI FONTANA</strong><br><br><strong>Dirección:</strong> EL YACAL 0", "etiqueta": "" }, "geometry": { "type": "Point", "coordinates": [ -71.117798, -35.194271 ] } },
{ "type": "Feature", "properties": { "capa": "colegios", "popup": "<strong>ESCUELA BUENA FE</strong><br><br><strong>Dirección:</strong> BUENA FE 0", "etiqueta": "" }, "geometry": { "type": "Point", "coordinates": [ -71.253029, -35.170441 ] } },
{ "type": "Feature", "properties": { "capa": "colegios", "popup": "<strong>ESC.INTERN.LAS PALMAS TRES ESQUINAS</strong><br><br><strong>Dirección:</strong> CAMINO RADAL 8", "etiqueta": "" }, "geometry": { "type": "Point", "coordinates": [ -71.215393, -35.169201 ] } },
{ "type": "Feature", "properties": { "capa": "colegios", "popup": "<strong>ESCUELA BUENA PAZ</strong><br><br><strong>Dirección:</strong> BUENA PAZ 0", "etiqueta": "" }, "geometry": { "type": "Point", "coordinates": [ -71.175293, -35.157101 ] } },
{ "type": "Feature", "properties": { "capa": "colegios", "popup": "<strong>ESCUELA SAN JORGE DE ROMERAL</strong><br><br><strong>Dirección:</strong> SAN JORGE DE ROMERAL 0", "etiqueta": "" }, "geometry": { "type": "Point", "coordinates": [ -71.198677, -35.1539 ] } },
{ "type": "Feature", "properties": { "capa": "colegios", "popup": "<strong>ESCUELA BAJO LOS ROMEROS</strong><br><br><strong>Dirección:</strong> AGUA FRIA 5", "etiqueta": "" }, "geometry": { "type": "Point", "coordinates": [ -71.240929, -35.14809 ] } },
{ "type": "Feature", "properties": { "capa": "colegios", "popup": "<strong>LICEO AGRIC.PADRE ALBERTO HURTADO</strong><br><br><strong>Dirección:</strong> DOS ESQUINAS 0", "etiqueta": "" }, "geometry": { "type": "Point", "coordinates": [ -71.278862, -35.143028 ] } },
{ "type": "Feature", "properties": { "capa": "colegios", "popup": "<strong>LUIS MALDONADO BOGGIANO</strong><br><br><strong>Dirección:</strong> RUTA 5 SUR 212", "etiqueta": "" }, "geometry": { "type": "Point", "coordinates": [ -71.357803, -35.134739 ] } },
{ "type": "Feature", "properties": { "capa": "colegios", "popup": "<strong>ESCUELA EL PROGRESO</strong><br><br><strong>Dirección:</strong> EL PROGRESO MOLINA 0", "etiqueta": "" }, "geometry": { "type": "Point", "coordinates": [ -71.29026, -35.13237 ] } },
{ "type": "Feature", "properties": { "capa": "colegios", "popup": "<strong>ESCUELA EL CERRILLO</strong><br><br><strong>Dirección:</strong> EL CERRILLO 0", "etiqueta": "" }, "geometry": { "type": "Point", "coordinates": [ -71.312477, -35.12849 ] } },
{ "type": "Feature", "properties": { "capa": "colegios", "popup": "<strong>COLEGIO CORDILLERA</strong><br><br><strong>Dirección:</strong> CERRILLANO 2", "etiqueta": "" }, "geometry": { "type": "Point", "coordinates": [ -71.277992, -35.121712 ] } },
{ "type": "Feature", "properties": { "capa": "colegios", "popup": "<strong>ESCUELA DEL CARIÑO HENRY CETTY</strong><br><br><strong>Dirección:</strong> AVENIDA ORIENTE 1630", "etiqueta": "" }, "geometry": { "type": "Point", "coordinates": [ -71.280289, -35.121373 ] } },
{ "type": "Feature", "properties": { "capa": "colegios", "popup": "<strong>ESCUELA QUECHEREGUAS DE PICHINGAL</strong><br><br><strong>Dirección:</strong> CAMINO PUBLICO 0", "etiqueta": "" }, "geometry": { "type": "Point", "coordinates": [ -71.209846, -35.11903 ] } },
{ "type": "Feature", "properties": { "capa": "colegios", "popup": "<strong>ESCUELA DIFERENCIAL ESPERANZA</strong><br><br><strong>Dirección:</strong> CALLE INDEPENDENCIA 2135", "etiqueta": "" }, "geometry": { "type": "Point", "coordinates": [ -71.283745, -35.11625 ] } },
{ "type": "Feature", "properties": { "capa": "colegios", "popup": "<strong>JARDIN INFANTIL MIS PRIMEROS PASOS</strong><br><br><strong>Dirección:</strong> LIBERTAD 1308", "etiqueta": "" }, "geometry": { "type": "Point", "coordinates": [ -71.28038, -35.115894 ] } },
{ "type": "Feature", "properties": { "capa": "colegios", "popup": "<strong>COLEGIO ADVENTISTA DE MOLINA</strong><br><br><strong>Dirección:</strong> AROMO 1955", "etiqueta": "" }, "geometry": { "type": "Point", "coordinates": [ -71.282631, -35.114899 ] } },
{ "type": "Feature", "properties": { "capa": "colegios", "popup": "<strong>ESCUELA REINO DE DINAMARCA</strong><br><br><strong>Dirección:</strong> CALLE YERBAS BUENAS 1327", "etiqueta": "" }, "geometry": { "type": "Point", "coordinates": [ -71.279556, -35.113461 ] } },
{ "type": "Feature", "properties": { "capa": "colegios", "popup": "<strong>LICEO BICENTENARIO DE MOLINA MARIA DEL TRÁNSITO DE LA CRUZ</strong><br><br><strong>Dirección:</strong> MAIPU 1846", "etiqueta": "" }, "geometry": { "type": "Point", "coordinates": [ -71.283493, -35.113079 ] } },
{ "type": "Feature", "properties": { "capa": "colegios", "popup": "<strong>COLEGIO HENRI CETTY</strong><br><br><strong>Dirección:</strong> AVENIDA ORIENTE 1630", "etiqueta": "" }, "geometry": { "type": "Point", "coordinates": [ -71.275612, -35.112881 ] } },
{ "type": "Feature", "properties": { "capa": "colegios", "popup": "<strong>COLEGIO MIS IDEAS</strong><br><br><strong>Dirección:</strong> AVENIDA LUIS CRUZ MARTINEZ 1795", "etiqueta": "" }, "geometry": { "type": "Point", "coordinates": [ -71.285561, -35.112141 ] } },
{ "type": "Feature", "properties": { "capa": "colegios", "popup": "<strong>ESCUELA SUPERIOR DE MOLINA</strong><br><br><strong>Dirección:</strong> QUECHEREGUAS 1674", "etiqueta": "" }, "geometry": { "type": "Point", "coordinates": [ -71.279358, -35.11179 ] } },
{ "type": "Feature", "properties": { "capa": "colegios", "popup": "<strong>LICEO POLIVALENTE DE MOLINA</strong><br><br><strong>Dirección:</strong> QUECHEREGUAS 1560", "etiqueta": "" }, "geometry": { "type": "Point", "coordinates": [ -71.278809, -35.11079 ] } },
{ "type": "Feature", "properties": { "capa": "colegios", "popup": "<strong>ESCUELA DE LENGUAJE CEL</strong><br><br><strong>Dirección:</strong> AVENIDA LUIS CRUZ MARTINEZ 2805", "etiqueta": "" }, "geometry": { "type": "Point", "coordinates": [ -71.288574, -35.110622 ] } },
{ "type": "Feature", "properties": { "capa": "colegios", "popup": "<strong>ESCUELA PARTICULAR NTRA.SRA.DEL TRANSITO</strong><br><br><strong>Dirección:</strong> QUECHEREGUAS 1494", "etiqueta": "" }, "geometry": { "type": "Point", "coordinates": [ -71.278137, -35.109661 ] } },
{ "type": "Feature", "properties": { "capa": "colegios", "popup": "<strong>ESCUELA SAN PEDRO DE MOLINA</strong><br><br><strong>Dirección:</strong> DOCTOR HURTADO 1817", "etiqueta": "" }, "geometry": { "type": "Point", "coordinates": [ -71.294518, -35.1068 ] } },
{ "type": "Feature", "properties": { "capa": "colegios", "popup": "<strong>ESCUELA SARGENTO PRIMERO CRISTIAN VENEGAS OJEDA</strong><br><br><strong>Dirección:</strong> CALLE LUIS CRUZ MARTINEZ 441", "etiqueta": "" }, "geometry": { "type": "Point", "coordinates": [ -71.29742618, -35.10653155 ] } },
{ "type": "Feature", "properties": { "capa": "colegios", "popup": "<strong>ESCUELA AGRICOLA SUPERIOR DE MOLINA</strong><br><br><strong>Dirección:</strong> AVENIDA QUECHEREGUAS 0", "etiqueta": "" }, "geometry": { "type": "Point", "coordinates": [ -71.271797, -35.098301 ] } },
{ "type": "Feature", "properties": { "capa": "colegios", "popup": "<strong>ESCUELA DE LENGUAJE ARCOIRIS</strong><br><br><strong>Dirección:</strong> VILLA ILUSIO 3", "etiqueta": "" }, "geometry": { "type": "Point", "coordinates": [ -71.25733, -35.072693 ] } },
{ "type": "Feature", "properties": { "capa": "colegios", "popup": "<strong>ESCUELA CASA BLANCA</strong><br><br><strong>Dirección:</strong> AVENIDA OSCAR CONMENTZ 0", "etiqueta": "" }, "geometry": { "type": "Point", "coordinates": [ -71.256363, -35.072441 ] } },
{ "type": "Feature", "properties": { "capa": "colegios", "popup": "<strong>COLEGIO ANTILHUE</strong><br><br><strong>Dirección:</strong> PASAJE 11 0", "etiqueta": "" }, "geometry": { "type": "Point", "coordinates": [ -71.263603, -35.060009 ] } },
{ "type": "Feature", "properties": { "capa": "colegios", "popup": "<strong>ESCUELA ESPECIAL DE LENGUAJE PALABRAS DULCES</strong><br><br><strong>Dirección:</strong> POBLACION FRANCISCO JAVIER CORREA 2", "etiqueta": "" }, "geometry": { "type": "Point", "coordinates": [ -71.26886, -35.05679 ] } },
{ "type": "Feature", "properties": { "capa": "colegios", "popup": "<strong>ESCUELA DE LENGUAJE PRINCIPITO</strong><br><br><strong>Dirección:</strong> AVENIDA 7 DE ABRIL 70", "etiqueta": "" }, "geometry": { "type": "Point", "coordinates": [ -71.27212, -35.055107 ] } },
{ "type": "Feature", "properties": { "capa": "colegios", "popup": "<strong>ESCUELA PRESIDENTE EDUARDO FREI MONTALVA</strong><br><br><strong>Dirección:</strong> LUZ PEREIRA 0", "etiqueta": "" }, "geometry": { "type": "Point", "coordinates": [ -71.270241, -35.055099 ] } },
{ "type": "Feature", "properties": { "capa": "colegios", "popup": "<strong>LICEO JUAN AGUSTIN MORALES GONZALEZ</strong><br><br><strong>Dirección:</strong> AVENIDA 7 DE ABRIL 2", "etiqueta": "" }, "geometry": { "type": "Point", "coordinates": [ -71.27597, -35.05389 ] } },
{ "type": "Feature", "properties": { "capa": "jardines", "popup": "<strong>BAMBI</strong><br><br><strong>Dirección:</strong> Avenida Luis Cruz Martínez #1311, Población Diego Portales ", "etiqueta": "" }, "geometry": { "type": "MultiPoint", "coordinates": [ [ -71.275358, -35.116083 ] ] } },
{ "type": "Feature", "properties": { "capa": "jardines", "popup": "<strong>FRUTILLITA</strong><br><br><strong>Dirección:</strong> Los Robles S/N, Villa la Primavera, Lontue ", "etiqueta": "" }, "geometry": { "type": "MultiPoint", "coordinates": [ [ -71.276683, -35.054167 ] ] } },
{ "type": "Feature", "properties": { "capa": "jardines", "popup": "<strong>ARCO IRIS</strong><br><br><strong>Dirección:</strong> Loteo Marsellesa s/n ", "etiqueta": "" }, "geometry": { "type": "MultiPoint", "coordinates": [ [ -71.274386, -35.116555 ] ] } },
{ "type": "Feature", "properties": { "capa": "jardines", "popup": "<strong>TRIGALITOS</strong><br><br><strong>Dirección:</strong> Loteo Trigal s/n ", "etiqueta": "" }, "geometry": { "type": "MultiPoint", "coordinates": [ [ -71.286479, -35.120786 ] ] } },
{ "type": "Feature", "properties": { "capa": "jardines", "popup": "<strong>ESTRELLITA</strong><br><br><strong>Dirección:</strong> Loteo Doctor Hurtado s/n ", "etiqueta": "" }, "geometry": { "type": "MultiPoint", "coordinates": [ [ -71.281034, -35.12216 ] ] } },
{ "type": "Feature", "properties": { "capa": "jardines", "popup": "<strong>LOS PARRONCITOS</strong><br><br><strong>Dirección:</strong> Calle Hospital N°2140, Lontué ", "etiqueta": "" }, "geometry": { "type": "MultiPoint", "coordinates": [ [ -71.274497, -35.056319 ] ] } },
{ "type": "Feature", "properties": { "capa": "jardines", "popup": "<strong>MI PEQUEÑO REFUGIO</strong><br><br><strong>Dirección:</strong> Calle Quechereguas Nº 1560, Loteo B-17 ", "etiqueta": "" }, "geometry": { "type": "MultiPoint", "coordinates": [ [ -71.278001, -35.111354 ] ] } },
{ "type": "Feature", "properties": { "capa": "jardines", "popup": "<strong>LAS HORMIGUITAS</strong><br><br><strong>Dirección:</strong> Recinto Estación, Lote I S/N Itahue ", "etiqueta": "" }, "geometry": { "type": "MultiPoint", "coordinates": [ [ -71.364977, -35.142597 ] ] } },
{ "type": "Feature", "properties": { "capa": "jardines", "popup": "<strong>ELUNEY</strong><br><br><strong>Dirección:</strong> Loteo San Hilario S/N ", "etiqueta": "" }, "geometry": { "type": "MultiPoint", "coordinates": [ [ -71.291639, -35.11279 ] ] } },
{ "type": "Feature", "properties": { "capa": "jardines", "popup": "<strong>TUTTI-FRUTTI</strong><br><br><strong>Dirección:</strong> Lote A Sitio 5, Posta de Pichingal S/N ", "etiqueta": "" }, "geometry": { "type": "MultiPoint", "coordinates": [ [ -71.214209, -35.11692 ] ] } },
{ "type": "Feature", "properties": { "capa": "jardines", "popup": "<strong>MANITOS PEQUEÑAS</strong><br><br><strong>Dirección:</strong> Loteo Don Leonardo S/N ", "etiqueta": "" }, "geometry": { "type": "MultiPoint", "coordinates": [ [ -71.27187, -35.052844 ] ] } },
{ "type": "Feature", "properties": { "capa": "jardines", "popup": "<strong>TRENCITO DE MIS TESOROS</strong><br><br><strong>Dirección:</strong> AVDA.ARMANDO GARRIDO #2097 ", "etiqueta": "" }, "geometry": { "type": "MultiPoint", "coordinates": [ [ -71.290037, -35.105741 ] ] } },
{ "type": "Feature", "properties": { "capa": "jardines", "popup": "<strong>CAMPO LINDO</strong><br><br><strong>Dirección:</strong> Escuela Sector Buena Fe ", "etiqueta": "" }, "geometry": { "type": "MultiPoint", "coordinates": [ [ -71.252879, -35.170559 ] ] } },
{ "type": "Feature", "properties": { "capa": "jardines", "popup": "<strong>ORUGUITAS DE PIEDRA AZUL</strong><br><br><strong>Dirección:</strong> Población Piedra Azúl, Pasaje 10 N°1484 ", "etiqueta": "" }, "geometry": { "type": "MultiPoint", "coordinates": [ [ -71.27216, -35.112776 ] ] } },
{ "type": "Feature", "properties": { "capa": "jardines", "popup": "<strong>SOL NACIENTE</strong><br><br><strong>Dirección:</strong> POBLACION SAN VICENTE CALLE 4 #2153 ", "etiqueta": "" }, "geometry": { "type": "MultiPoint", "coordinates": [ [ -71.296394, -35.110496 ] ] } },
{ "type": "Feature", "properties": { "capa": "jardines", "popup": "<strong>RAYÜN</strong><br><br><strong>Dirección:</strong> CALLE HUALAÑE #3485 POBLACION REGION DEL MAULE ", "etiqueta": "" }, "geometry": { "type": "MultiPoint", "coordinates": [ [ -71.302763, -35.105822 ] ] } },
{ "type": "Feature", "properties": { "capa": "jardines", "popup": "<strong>NA</strong><br><br><strong>Dirección:</strong> NA ", "etiqueta": "" }, "geometry": { "type": "MultiPoint", "coordinates": [ [ -71.298709000355615, -35.106919999860907 ] ] } },
{ "type": "Feature", "properties": { "capa": "jardines", "popup": "<strong>NA</strong><br><br><strong>Dirección:</strong> NA ", "etiqueta": "" }, "geometry": { "type": "MultiPoint", "coordinates": [ [ -71.291453999990239, -35.107165999884984 ] ] } },
{ "type": "Feature", "properties": { "capa": "jardines", "popup": "<strong>NA</strong><br><br><strong>Dirección:</strong> NA ", "etiqueta": "" }, "geometry": { "type": "MultiPoint", "coordinates": [ [ -71.262400999491348, -35.059771000308814 ] ] } },
{ "type": "Feature", "properties": { "capa": "jardines", "popup": "<strong>NA</strong><br><br><strong>Dirección:</strong> NA ", "etiqueta": "" }, "geometry": { "type": "MultiPoint", "coordinates": [ [ -71.255502999557137, -35.075225000069011 ] ] } },
{ "type": "Feature", "properties": { "capa": "bomberos", "popup": "<strong>Cuerpo de Bomberos</strong><br><br><strong>Dirección:</strong> Independencia 1757", "etiqueta": "" }, "geometry": { "type": "Point", "coordinates": [ -71.281443753789418, -35.112886163454164 ] } },
{ "type": "Feature", "properties": { "capa": "comisarias", "popup": "<strong>4TA. COM. MOLINA</strong><br><br><strong>Dirección:</strong> MAIPU S/N", "etiqueta": "" }, "geometry": { "type": "Point", "coordinates": [ -71.280076799647588, -35.115933880845539 ] } },
{ "type": "Feature", "properties": { "capa": "comisarias", "popup": "<strong>RETEN AGUA FRIA (F)</strong><br><br><strong>Dirección:</strong> RUTA K-175 KM 30", "etiqueta": "" }, "geometry": { "type": "Point", "coordinates": [ -71.091796276999901, -35.306628911999951 ] } },
{ "type": "Feature", "properties": { "capa": "comisarias", "popup": "<strong>RETEN BUENA PAZ</strong><br><br><strong>Dirección:</strong> RUTA K-155 KM 14", "etiqueta": "" }, "geometry": { "type": "Point", "coordinates": [ -71.165301, -35.160367 ] } },
{ "type": "Feature", "properties": { "capa": "comisarias", "popup": "<strong>RETEN EL RADAL (F)</strong><br><br><strong>Dirección:</strong> RUTA K-275 KM 14", "etiqueta": "" }, "geometry": { "type": "Point", "coordinates": [ -71.049271460999933, -35.417953797999928 ] } },
{ "type": "Feature", "properties": { "capa": "comisarias", "popup": "<strong>RETEN ITAHUE</strong><br><br><strong>Dirección:</strong> RUTA 5 SUR KM 212", "etiqueta": "" }, "geometry": { "type": "Point", "coordinates": [ -71.363489999999899, -35.138533 ] } },
{ "type": "Feature", "properties": { "capa": "comisarias", "popup": "<strong>RETEN LONTUE</strong><br><br><strong>Dirección:</strong> ALEJANDRO ROLLAN S/N", "etiqueta": "" }, "geometry": { "type": "Point", "coordinates": [ -71.276234628697281, -35.054238364458818 ] } },
{ "type": "Feature", "properties": { "capa": "comisarias", "popup": "<strong>RETEN ENTRE RIOS</strong><br><br><strong>Dirección:</strong> OSCAR COMMELTZ S/N", "etiqueta": "" }, "geometry": { "type": "Point", "coordinates": [ -71.260417925999946, -35.077715419999961 ] } },
{ "type": "Feature", "properties": { "capa": "salud", "popup": "<strong>Posta de Salud Rural El Yacal</strong><br><br><strong>Tipo de atención:</strong> Posta de Salud Rural (PSR)<br><strong>Dirección:</strong>  NA", "etiqueta": "" }, "geometry": { "type": "Point", "coordinates": [ -71.1149, -35.19433 ] } },
{ "type": "Feature", "properties": { "capa": "salud", "popup": "<strong>Posta de Salud Rural Tres Esquinas (Molina)</strong><br><br><strong>Tipo de atención:</strong> Posta de Salud Rural (PSR)<br><strong>Dirección:</strong>  NA", "etiqueta": "" }, "geometry": { "type": "Point", "coordinates": [ -71.21578, -35.16888 ] } },
{ "type": "Feature", "properties": { "capa": "salud", "popup": "<strong>Posta de Salud Rural Itahue</strong><br><br><strong>Tipo de atención:</strong> Posta de Salud Rural (PSR)<br><strong>Dirección:</strong>  NA", "etiqueta": "" }, "geometry": { "type": "Point", "coordinates": [ -71.364783, -35.142474 ] } },
{ "type": "Feature", "properties": { "capa": "salud", "popup": "<strong>Posta de Salud Rural Pichingal</strong><br><br><strong>Tipo de atención:</strong> Posta de Salud Rural (PSR)<br><strong>Dirección:</strong>  NA", "etiqueta": "" }, "geometry": { "type": "Point", "coordinates": [ -71.21393, -35.11689 ] } },
{ "type": "Feature", "properties": { "capa": "salud", "popup": "<strong>Hospital de Molina</strong><br><br><strong>Tipo de atención:</strong> Hospital<br><strong>Dirección:</strong>  2768", "etiqueta": "" }, "geometry": { "type": "Point", "coordinates": [ -71.29579, -35.10776 ] } },
{ "type": "Feature", "properties": { "capa": "salud", "popup": "<strong>Centro de Salud Familiar Lontué</strong><br><br><strong>Tipo de atención:</strong> Centro de Salud Familiar (CESFAM)<br><strong>Dirección:</strong>  NA", "etiqueta": "" }, "geometry": { "type": "Point", "coordinates": [ -71.2742, -35.05585 ] } },
{ "type": "Feature", "properties": { "capa": "salud", "popup": "<strong>SUR Lontue</strong><br><br><strong>Tipo de atención:</strong> Servicio de Urgencia Rural (SUR)<br><strong>Dirección:</strong>  NA", "etiqueta": "" }, "geometry": { "type": "Point", "coordinates": [ -71.274091, -35.055843 ] } },
{ "type": "Feature", "properties": { "capa": "salud", "popup": "<strong>Centro de Salud Familiar de Molina</strong><br><br><strong>Tipo de atención:</strong> Centro de Salud Familiar (CESFAM)<br><strong>Dirección:</strong>  2070", "etiqueta": "" }, "geometry": { "type": "Point", "coordinates": [ -71.30023, -35.10736 ] } },
{ "type": "Feature", "properties": { "capa": "salud", "popup": "<strong>Centro Comunitario de Salud Familiar (CECOSF) ORIENTE de Molina</strong><br><br><strong>Tipo de atención:</strong> Centro Comunitario de Salud Familiar (CECOSF)<br><strong>Dirección:</strong>  1846", "etiqueta": "" }, "geometry": { "type": "Point", "coordinates": [ -71.279120699999964, -35.114126299999953 ] } }
]
}
