{
"type": "FeatureCollection",
"name": "8109",
"crs": { "type": "name", "properties": { "name": "urn:ogc:def:crs:OGC:1.3:CRS84" } },
"features": [
{ "type": "Feature", "properties": { "capa": "comuna", "popup": "", "etiqueta": "" }, "geometry": { "type": "Polygon", "coordinates": [ [ [ -72.993093477130643, -37.068353440006263 ], [ -72.992474926870372, -37.068455618505304 ], [ -72.99185949017091, -37.068445222326694 ], [ -72.991601295493638, -37.068361533180294 ], [ -72.991316590634014, -37.06826928986785 ], [ -72.990773372195193, -37.068097793890537 ], [ -72.989935281764346, -37.067998217553537 ], [ -72.989688571149657, -37.068100029538044 ], [ -72.989583214038191, -37.068119223561879 ], [ -72.989513651197541, -37.068137875692884 ], [ -72.989147806009868, -37.068161268621111 ], [ -72.988705925619911, -37.068225670814769 ], [ -72.988266737480885, -37.06830805843596 ], [ -72.987831289028378, -37.068403824677709 ], [ -72.987401878152895, -37.068512890643554 ], [ -72.986974536097506, -37.068626312315253 ], [ -72.986544151448257, -37.06873090670355 ], [ -72.986103092118483, -37.068795270424353 ], [ -72.985655430171377, -37.068837346646966 ], [ -72.985213962108148, -37.068906222381216 ], [ -72.984775224923368, -37.068988583459252 ], [ -72.984336523671232, -37.069066365693899 ], [ -72.983895290068304, -37.069139804200923 ], [ -72.983452571550174, -37.069204213448188 ], [ -72.983009119108502, -37.069268720838565 ], [ -72.98256464079077, -37.069324183230719 ], [ -72.982119189597555, -37.069375175079415 ], [ -72.981672852665483, -37.069412763277171 ], [ -72.981223165017411, -37.069423306977967 ], [ -72.980772315847688, -37.069420456380008 ], [ -72.980322426078644, -37.069413070055155 ], [ -72.979872481512402, -37.069401108579669 ], [ -72.979422861237964, -37.069384781248623 ], [ -72.978974642335388, -37.069354751393448 ], [ -72.978527886788413, -37.069315742524992 ], [ -72.978081540873177, -37.069272215820561 ], [ -72.977635595606571, -37.069224025767525 ], [ -72.977189842579435, -37.069175974021114 ], [ -72.977108021328405, -37.06916632481903 ], [ -72.977091540836213, -37.069786250943579 ], [ -72.977491514818155, -37.072654566831631 ], [ -72.97790416672369, -37.075046247290658 ], [ -72.978448398462163, -37.076963199394044 ], [ -72.979339637716777, -37.079267651161231 ], [ -72.980777759638286, -37.08339374644676 ], [ -72.981314652140895, -37.085596740391473 ], [ -72.981256451191953, -37.087789632216122 ], [ -72.981307233853272, -37.090365920525116 ], [ -72.981246480790603, -37.092654095410325 ], [ -72.9809577981909, -37.09455689428021 ], [ -72.980362767621429, -37.099029833923026 ], [ -72.980058884628804, -37.101504693875484 ], [ -72.979876508659828, -37.103886248485495 ], [ -72.979794338862462, -37.105138379945849 ], [ -72.979676485287087, -37.106935070022786 ], [ -72.978397320255112, -37.110251735220409 ], [ -72.976141248131441, -37.112840662892367 ], [ -72.974784986088522, -37.116199363655603 ], [ -72.973292799959964, -37.118558395408726 ], [ -72.971539443035581, -37.121771508866956 ], [ -72.969558148489341, -37.124599132007368 ], [ -72.968797814432861, -37.126302976380785 ], [ -72.967784114143768, -37.128574834073355 ], [ -72.967264380361385, -37.130187510325072 ], [ -72.965219494076194, -37.135108290272456 ], [ -72.965099709122953, -37.135396493413943 ], [ -72.964891803033581, -37.136076184702709 ], [ -72.964054974735731, -37.138812393504907 ], [ -72.963405871874357, -37.140804272992888 ], [ -72.961900006200636, -37.143639841569211 ], [ -72.960292891411257, -37.145806054323756 ], [ -72.956402224135374, -37.148695958267702 ], [ -72.953976478220824, -37.150275545038397 ], [ -72.950949986654976, -37.152035577766163 ], [ -72.947441720517432, -37.153977945467133 ], [ -72.94452885595355, -37.155930476335151 ], [ -72.94135179955957, -37.158832129017156 ], [ -72.937441468162092, -37.162388773191601 ], [ -72.933551665963805, -37.165182437527598 ], [ -72.930516327789036, -37.167227930835871 ], [ -72.928206062100898, -37.168904426066923 ], [ -72.925545984356305, -37.170288588859187 ], [ -72.922785029398554, -37.171003304677548 ], [ -72.920024011558738, -37.1717178841755 ], [ -72.916534970266554, -37.172896556296166 ], [ -72.913660014607672, -37.173418239335398 ], [ -72.910668485472698, -37.173842384113179 ], [ -72.906482871644627, -37.174340791393419 ], [ -72.903136395682992, -37.174663112768087 ], [ -72.899781922020381, -37.175271420380817 ], [ -72.895943084841434, -37.176157050195464 ], [ -72.892472143703927, -37.176667665174598 ], [ -72.889474988420318, -37.17728200688498 ], [ -72.884560833710282, -37.178243502490567 ], [ -72.884230391127971, -37.178294054557682 ], [ -72.881208957975474, -37.178755856921676 ], [ -72.878698948290676, -37.178997133400024 ], [ -72.875344110810374, -37.179604618815041 ], [ -72.873427061976614, -37.179951743373785 ], [ -72.871004045143906, -37.181338973877423 ], [ -72.869764418560862, -37.18303356801222 ], [ -72.868887501146816, -37.184543896487661 ], [ -72.86801045257873, -37.186054148958554 ], [ -72.866947268592199, -37.189945751598287 ], [ -72.866671417528011, -37.191276125938472 ], [ -72.86640085933746, -37.192415853717833 ], [ -72.865531865064227, -37.193640079721717 ], [ -72.86298096676262, -37.195310958327291 ], [ -72.861521358037848, -37.196333860050487 ], [ -72.860665571694227, -37.197081401334053 ], [ -72.859555408513273, -37.198396702819018 ], [ -72.858447820802269, -37.19961663592408 ], [ -72.857581235810599, -37.200745529207147 ], [ -72.856248691986124, -37.201484455579312 ], [ -72.854201111653381, -37.202210507629793 ], [ -72.852397152629052, -37.202749996852177 ], [ -72.850249282581359, -37.202806426158425 ], [ -72.849176702216951, -37.202786945008796 ], [ -72.847286013546892, -37.202180282879446 ], [ -72.845511847148956, -37.201671127603362 ], [ -72.843675830845413, -37.201729400176646 ], [ -72.842532394066339, -37.201616886938567 ], [ -72.84110500162258, -37.201495501075101 ], [ -72.84003243563123, -37.201475935871173 ], [ -72.838962596925086, -37.201360998781965 ], [ -72.83789549448727, -37.201150760924165 ], [ -72.836717383636568, -37.200652388163171 ], [ -72.835425539782662, -37.199961090427621 ], [ -72.83412003794318, -37.199746444538157 ], [ -72.833058351448244, -37.19934551212463 ], [ -72.831874814773215, -37.199037665635935 ], [ -72.829854345595734, -37.198809895434131 ], [ -72.827703792280275, -37.198961271960215 ], [ -72.826146352529491, -37.199218812568454 ], [ -72.823784986176406, -37.199969471492935 ], [ -72.822175304001959, -37.200481189829112 ], [ -72.818808279976523, -37.201468442934789 ], [ -72.816743818502957, -37.202765677228733 ], [ -72.815757513236761, -37.203892017025403 ], [ -72.81512581074243, -37.205120340547353 ], [ -72.814965372531006, -37.206548071686996 ], [ -72.813710261687405, -37.208718690879017 ], [ -72.811526382671531, -37.21001371290118 ], [ -72.809613904465948, -37.210169124924946 ], [ -72.808183596989082, -37.210142639383605 ], [ -72.806165724841108, -37.209819109374997 ], [ -72.804272548736037, -37.209307035097481 ], [ -72.802387637131545, -37.208509059473556 ], [ -72.799901435496707, -37.20789058959614 ], [ -72.797648072691928, -37.207467244886999 ], [ -72.794358087286966, -37.205784437132252 ], [ -72.793191302395343, -37.204904304825483 ], [ -72.791675339657829, -37.203731519897381 ], [ -72.790863393795021, -37.202953345647416 ], [ -72.789688309368501, -37.202359048914914 ], [ -72.788025473878676, -37.202137256843862 ], [ -72.78691905936742, -37.202477771686866 ], [ -72.786338636302773, -37.20265642396717 ], [ -72.785980000993575, -37.202766721156038 ], [ -72.784516507953526, -37.203883875372014 ], [ -72.783537902147614, -37.204724028694763 ], [ -72.783524641217397, -37.204731906957129 ], [ -72.782445832833133, -37.205371199700046 ], [ -72.780766122490689, -37.205721280956283 ], [ -72.77811900923227, -37.206529987391207 ], [ -72.776538904986836, -37.207549516071616 ], [ -72.774953137761884, -37.20875968414088 ], [ -72.773259428074056, -37.209586267014807 ], [ -72.772535872841956, -37.209858791350172 ], [ -72.771928825508923, -37.210228923405161 ], [ -72.770473329271525, -37.211059900811826 ], [ -72.769619337761824, -37.21171147099669 ], [ -72.768521409635042, -37.212549257145277 ], [ -72.767531413191335, -37.213770531095633 ], [ -72.766544023658597, -37.214896512056988 ], [ -72.765551140029572, -37.216212991074613 ], [ -72.764317010237733, -37.217620462006032 ], [ -72.762367622053745, -37.21901429133257 ], [ -72.761385836211758, -37.219949574631045 ], [ -72.759921639790818, -37.221066385763592 ], [ -72.759070363888227, -37.221622520394213 ], [ -72.757231443331364, -37.223304565758653 ], [ -72.756133206184131, -37.224142178815868 ], [ -72.753459804627227, -37.225808232751859 ], [ -72.750794715181655, -37.227188355560038 ], [ -72.74897252574695, -37.228298308818715 ], [ -72.747749259281846, -37.229324164472843 ], [ -72.746883487265507, -37.230356911882083 ], [ -72.746012089998899, -37.231580235630489 ], [ -72.745736741092955, -37.232814935908195 ], [ -72.745713971495434, -37.233577502975002 ], [ -72.745679912769759, -37.234721385959311 ], [ -72.745518134271933, -37.236149018927847 ], [ -72.744393954677619, -37.237844398713719 ], [ -72.743882945333283, -37.238979249497497 ], [ -72.743485504600457, -37.240306960852578 ], [ -72.743056717155781, -37.242683265824347 ], [ -72.743255320292064, -37.244022366685641 ], [ -72.743232628847977, -37.244785003449415 ], [ -72.742835062350991, -37.246112716937375 ], [ -72.742800877861171, -37.247256602776623 ], [ -72.742772483013354, -37.248209826758568 ], [ -72.742860445147656, -37.249260694837254 ], [ -72.742457158178951, -37.250779068051223 ], [ -72.741224816034546, -37.252090834198036 ], [ -72.740003837578456, -37.253021269732571 ], [ -72.73853584667377, -37.25423315643728 ], [ -72.737908202767898, -37.255270343864673 ], [ -72.737516211215578, -37.256407385412075 ], [ -72.737002137717823, -37.257637509908278 ], [ -72.735976706329424, -37.260002390891145 ], [ -72.735922522646433, -37.261813476944575 ], [ -72.735652560038943, -37.262857504915139 ], [ -72.73510689548759, -37.265136148893063 ], [ -72.734606931828012, -37.265889655588829 ], [ -72.73457549438632, -37.26693817739045 ], [ -72.734541202098669, -37.268082065160222 ], [ -72.73451262758779, -37.26903536592269 ], [ -72.734001292155028, -37.270170115828762 ], [ -72.733731278343555, -37.271214067978796 ], [ -72.732398217089482, -37.27346420869808 ], [ -72.732222712334107, -37.27376037766215 ], [ -72.730618881785404, -37.275092921644344 ], [ -72.729299797418847, -37.275707309843348 ], [ -72.729037597153692, -37.275839788855301 ], [ -72.729767958022421, -37.276317264059585 ], [ -72.730121594207048, -37.27646713974876 ], [ -72.730591619713167, -37.27671466858326 ], [ -72.730881247340548, -37.277006340076802 ], [ -72.731281450392885, -37.277586255071931 ], [ -72.731387917822047, -37.278017507014553 ], [ -72.731426086340164, -37.27873357144761 ], [ -72.731404632774542, -37.27944856618894 ], [ -72.731410355941208, -37.279461595934301 ], [ -72.731460760411792, -37.279470484236434 ], [ -72.731880211665725, -37.27982100701503 ], [ -72.732077891333887, -37.280397053421169 ], [ -72.732422847996247, -37.280835977304804 ], [ -72.732491349926562, -37.280923186815635 ], [ -72.732767800167039, -37.281270988870332 ], [ -72.733475107570612, -37.281568355078917 ], [ -72.733827858016383, -37.281746364683016 ], [ -72.733865573783589, -37.282049452783617 ], [ -72.73388519209108, -37.282207062144778 ], [ -72.733374092915241, -37.282539811312105 ], [ -72.733203898999804, -37.282626219042257 ], [ -72.732938111761754, -37.282761181782945 ], [ -72.73249981924306, -37.283036719447594 ], [ -72.732251545559777, -37.283520277201262 ], [ -72.732119531840567, -37.28377743469175 ], [ -72.731964231094253, -37.283961526497407 ], [ -72.731599807939702, -37.284393768985034 ], [ -72.731512385692866, -37.28491025561263 ], [ -72.731590433121383, -37.285186683820292 ], [ -72.731706783815298, -37.285598952062983 ], [ -72.731725924219049, -37.285922479928914 ], [ -72.73175453017096, -37.286401945263535 ], [ -72.731873954899783, -37.286683932028481 ], [ -72.732021844544988, -37.287033432053413 ], [ -72.732015114366888, -37.287255932122342 ], [ -72.732007033122585, -37.287523936068204 ], [ -72.73200626416471, -37.287551339978023 ], [ -72.731895930386571, -37.287821170363948 ], [ -72.731774146681829, -37.288119111037425 ], [ -72.731690915974113, -37.288518638784424 ], [ -72.731891419945526, -37.288977548083508 ], [ -72.732307392024367, -37.289445151601178 ], [ -72.732508640699152, -37.289904035238202 ], [ -72.732401612721247, -37.290091325972355 ], [ -72.73228172985165, -37.290300720523376 ], [ -72.7319083388156, -37.290811771538749 ], [ -72.731464880085696, -37.291258392411805 ], [ -72.730669217085719, -37.291531552713273 ], [ -72.729878071713316, -37.291628994560234 ], [ -72.72911548917368, -37.29177925569261 ], [ -72.729085936397453, -37.291784985154344 ], [ -72.728366573602784, -37.291888342653984 ], [ -72.727783450202395, -37.292219650422837 ], [ -72.727633794469313, -37.292389537038673 ], [ -72.727189975514989, -37.292893127176242 ], [ -72.726884980408045, -37.293518094785938 ], [ -72.726790633947019, -37.294259815262514 ], [ -72.726848775607166, -37.294720565463294 ], [ -72.72711930056002, -37.295239488133006 ], [ -72.727461856923952, -37.295759755008255 ], [ -72.727626264790615, -37.295957448959989 ], [ -72.727945548500472, -37.296341252732631 ], [ -72.728358148303712, -37.296921521111273 ], [ -72.728775317836835, -37.297330574334154 ], [ -72.728919860359312, -37.297417821897575 ], [ -72.729268375248523, -37.297628375160677 ], [ -72.729907194196514, -37.297811832094162 ], [ -72.730394461966185, -37.29827630505504 ], [ -72.730382414659914, -37.298677128025197 ], [ -72.730336245745875, -37.298952164357758 ], [ -72.730295717353528, -37.299193664526811 ], [ -72.730283815574325, -37.299589980692204 ], [ -72.730271763776472, -37.299990729490631 ], [ -72.730397653680399, -37.300565500315543 ], [ -72.730666497885352, -37.301142843505879 ], [ -72.730791210097948, -37.301712337003757 ], [ -72.730792394077469, -37.301717613386344 ], [ -72.730917117069836, -37.302350796618974 ], [ -72.731112497949198, -37.302985438649145 ], [ -72.73138721444117, -37.303391745732817 ], [ -72.732101566433201, -37.303459447527409 ], [ -72.732677830298073, -37.303357853725771 ], [ -72.7333201895066, -37.303428781045035 ], [ -72.734170773706438, -37.303728917886737 ], [ -72.734949919383268, -37.304032192538529 ], [ -72.73558542264955, -37.304328267642717 ], [ -72.736039219191753, -37.304501523850085 ], [ -72.73700199937727, -37.304869088268674 ], [ -72.737499591484493, -37.304995714604352 ], [ -72.737914296040486, -37.305060458197147 ], [ -72.737927704294407, -37.305062543218703 ], [ -72.738640270435653, -37.305188858405195 ], [ -72.739351208829603, -37.305373596636045 ], [ -72.739840248077016, -37.30578402366416 ], [ -72.740039788156139, -37.306301469534702 ], [ -72.740164048516121, -37.306934729924713 ], [ -72.741496586052392, -37.307997856856353 ], [ -72.741633675252956, -37.308107315420251 ], [ -72.742754058566888, -37.308984893771253 ], [ -72.742970584889704, -37.3093525727434 ], [ -72.743094890165466, -37.309563615604269 ], [ -72.743508691914585, -37.310089692942121 ], [ -72.743851250075124, -37.310609907106318 ], [ -72.744049123779391, -37.31118599571969 ], [ -72.743808441758574, -37.31204202825834 ], [ -72.743360505825294, -37.312659831419921 ], [ -72.74299052209912, -37.313053836065414 ], [ -72.742476715401011, -37.313445014392627 ], [ -72.741963648914691, -37.313836315713864 ], [ -72.74183525001618, -37.313982225758203 ], [ -72.741816354852503, -37.314003635057304 ], [ -72.741518970272637, -37.314341536947737 ], [ -72.741504325936873, -37.314435579189031 ], [ -72.741473421196147, -37.314633899914938 ], [ -72.741430033466244, -37.314912098602946 ], [ -72.741419762129269, -37.315254340211368 ], [ -72.741412868457815, -37.315484076946419 ], [ -72.742053524460545, -37.315613383836236 ], [ -72.742156651953493, -37.315628420603254 ], [ -72.742481845679592, -37.315675686342729 ], [ -72.742766290926113, -37.315739665579912 ], [ -72.742885320396198, -37.315741872473957 ], [ -72.743053187675017, -37.315745116729573 ], [ -72.743341155215774, -37.315692084099545 ], [ -72.743629617728217, -37.315643461653863 ], [ -72.743643338595874, -37.315577419038043 ], [ -72.743712713688652, -37.315244005821171 ], [ -72.743859307963206, -37.315129620851977 ], [ -72.744213905345205, -37.315253587190519 ], [ -72.744280592678649, -37.315426085922965 ], [ -72.745066876368739, -37.315499618132996 ], [ -72.745635825252236, -37.315623133765747 ], [ -72.74583709907985, -37.316086638683359 ], [ -72.745880281095566, -37.316734343101047 ], [ -72.745886749863928, -37.316831037156035 ], [ -72.746083001210792, -37.317461120420511 ], [ -72.746355404540921, -37.3179259128121 ], [ -72.746851447952608, -37.318106640461615 ], [ -72.747133182981898, -37.318283166218279 ], [ -72.747481068152098, -37.318632277951629 ], [ -72.747538536974062, -37.319093034573847 ], [ -72.74766786742552, -37.3195550542886 ], [ -72.748157931650681, -37.319960908919519 ], [ -72.74857525210075, -37.320369953978528 ], [ -72.748911116015819, -37.321119808654061 ], [ -72.749042261962444, -37.32152331880782 ], [ -72.74910375254197, -37.321871474654642 ], [ -72.74945166466162, -37.322220579721453 ], [ -72.749513303463146, -37.322564228939967 ], [ -72.749932346881948, -37.322914617365853 ], [ -72.750369231740592, -37.322693078596757 ], [ -72.750592716413607, -37.322413514966044 ], [ -72.750955837909331, -37.322249222574158 ], [ -72.751390179637411, -37.322086284280189 ], [ -72.751900070579197, -37.321807513495706 ], [ -72.752417140856721, -37.321303645478977 ], [ -72.752435361385636, -37.321276130277916 ], [ -72.752641672965368, -37.320965521278502 ], [ -72.752658652920871, -37.320393475344787 ], [ -72.752603749687339, -37.320224298513033 ], [ -72.75252758333103, -37.319989966983123 ], [ -72.752179668516419, -37.319640871557752 ], [ -72.752122179033194, -37.319180266889973 ], [ -72.75213410416859, -37.318779449617615 ], [ -72.752365485931264, -37.318211516351695 ], [ -72.75330501232736, -37.317945517089015 ], [ -72.754237817528505, -37.317904593932077 ], [ -72.754738932828275, -37.317914132097329 ], [ -72.755079251488837, -37.31778612368894 ], [ -72.755753899741933, -37.317532360211281 ], [ -72.756046521454152, -37.317383650813142 ], [ -72.756189999473023, -37.317310899165577 ], [ -72.756343279908265, -37.316971270284355 ], [ -72.75635339044679, -37.316629032920929 ], [ -72.756429766110571, -37.316407567784843 ], [ -72.756510819302022, -37.316172447052914 ], [ -72.75673521845998, -37.315834173312936 ], [ -72.757211911262146, -37.315604259752888 ], [ -72.757366567916392, -37.315529674563003 ], [ -72.757535206848061, -37.315448298554962 ], [ -72.758179385145041, -37.315460579763553 ], [ -72.758535699207528, -37.315525850888513 ], [ -72.758890460981235, -37.315645192021051 ], [ -72.759316851720726, -37.315770445637703 ], [ -72.759603008257855, -37.315775879638686 ], [ -72.760062454304858, -37.315709822850458 ], [ -72.760322631563966, -37.315672319200985 ], [ -72.760476541718219, -37.315332811515255 ], [ -72.760480205946266, -37.315315499910746 ], [ -72.76055963857695, -37.314933346172907 ], [ -72.760861759074999, -37.31442536114146 ], [ -72.761734529865691, -37.313982308634756 ], [ -72.762020681012928, -37.313987737049359 ], [ -72.762307568778681, -37.313993141886613 ], [ -72.763033762362795, -37.313664414190917 ], [ -72.763461289471138, -37.313731092923966 ], [ -72.763886119836997, -37.313910326734145 ], [ -72.764244129020426, -37.313917077607833 ], [ -72.764355961188471, -37.313447690753108 ], [ -72.764407590062774, -37.313230771642836 ], [ -72.764421095334768, -37.312775882706362 ], [ -72.764431941593514, -37.312410228845422 ], [ -72.764441481701823, -37.312086902774567 ], [ -72.764619520604612, -37.311709280255322 ], [ -72.764976529963135, -37.310952454808344 ], [ -72.765203316843127, -37.31055571481572 ], [ -72.765467106228016, -37.310159934432271 ], [ -72.765502953499421, -37.310106246247251 ], [ -72.765726487579769, -37.309822079479751 ], [ -72.766311347423596, -37.309432079082598 ], [ -72.766817429508578, -37.309270341939687 ], [ -72.767104210374825, -37.309275812849883 ], [ -72.767354622048487, -37.309487163159432 ], [ -72.767453782581129, -37.309570863442325 ], [ -72.767872828694863, -37.309921188119695 ], [ -72.768158008763265, -37.309985156535589 ], [ -72.768435685204125, -37.310274231221932 ], [ -72.76885548320773, -37.310624676227803 ], [ -72.769066278279055, -37.310745699891378 ], [ -72.769424274886077, -37.310752508922455 ], [ -72.770726889540242, -37.310317451324806 ], [ -72.771738190429218, -37.310052634474346 ], [ -72.77252894503448, -37.30995034652085 ], [ -72.773345360015824, -37.309965755241599 ], [ -72.773459851197089, -37.309967929438578 ], [ -72.773630048705769, -37.310040131604659 ], [ -72.774026150050517, -37.310208364654741 ], [ -72.774518726863533, -37.310506058758776 ], [ -72.775354401724584, -37.311319276072574 ], [ -72.775772455199913, -37.311728199543559 ], [ -72.775900257617081, -37.312248830337595 ], [ -72.775668422205186, -37.312816745782683 ], [ -72.775491629265687, -37.313957947208358 ], [ -72.775545130229062, -37.314585231060157 ], [ -72.775600981185221, -37.31510447033849 ], [ -72.775867742197065, -37.315794459260879 ], [ -72.776426475439152, -37.316264565897576 ], [ -72.776701578206712, -37.316670821229735 ], [ -72.777309266038529, -37.317075817694864 ], [ -72.777404193709543, -37.317139128469123 ], [ -72.778043460018566, -37.317322303474853 ], [ -72.778401488066621, -37.317329084762235 ], [ -72.778837015570872, -37.317337222734906 ], [ -72.780048712633445, -37.317360014912033 ], [ -72.780440368215835, -37.31726350157183 ], [ -72.780914616702105, -37.317146484169157 ], [ -72.781430898258819, -37.316642519176369 ], [ -72.781520102763153, -37.316547488783449 ], [ -72.781800778678743, -37.316248400455898 ], [ -72.782249144006727, -37.315630444604565 ], [ -72.782623916651673, -37.31506517456441 ], [ -72.782675186199882, -37.314987594606727 ], [ -72.782923699733345, -37.314611231939438 ], [ -72.782938772565515, -37.314097770600092 ], [ -72.783021420266593, -37.31370280691069 ], [ -72.783022394040344, -37.31369827440313 ], [ -72.783180684379928, -37.313183031393052 ], [ -72.783351482861534, -37.313033064510506 ], [ -72.783622258444368, -37.312794805298481 ], [ -72.783880243814181, -37.312708611548899 ], [ -72.784273167817787, -37.312577212705833 ], [ -72.784774331626593, -37.312586622228721 ], [ -72.785271150284345, -37.312767088361277 ], [ -72.785763927421669, -37.313060226212762 ], [ -72.786399635503827, -37.313360515370896 ], [ -72.786824515277019, -37.31353973791888 ], [ -72.787317392127335, -37.3138327913097 ], [ -72.787596783452059, -37.314067816478683 ], [ -72.788100231676623, -37.314023191774446 ], [ -72.788464986309521, -37.313800137157891 ], [ -72.788533166642964, -37.313696993383815 ], [ -72.788614814519136, -37.313573197376854 ], [ -72.788984641040145, -37.313179059705824 ], [ -72.789275763464161, -37.313013269619844 ], [ -72.789322009633295, -37.312995846739511 ], [ -72.789710696283692, -37.312850174126076 ], [ -72.789863814123862, -37.312510510086391 ], [ -72.789902035642584, -37.312327959946757 ], [ -72.789947400564429, -37.312111084760609 ], [ -72.790112241419067, -37.311370610615576 ], [ -72.790415175790741, -37.310804078917442 ], [ -72.790523006862529, -37.310806081614203 ], [ -72.791131248056544, -37.310817416176462 ], [ -72.791551145773184, -37.311167700750396 ], [ -72.791558046631181, -37.311176334524625 ], [ -72.791965331102901, -37.311689084910128 ], [ -72.791951849187114, -37.312148475157045 ], [ -72.792142587573082, -37.312470612089193 ], [ -72.792156832158554, -37.312494803954365 ], [ -72.792191859268101, -37.312506004656669 ], [ -72.792497526314889, -37.312603793711801 ], [ -72.792724880031827, -37.312676642081186 ], [ -72.793017665237443, -37.312452267419786 ], [ -72.793099655371748, -37.312111414846157 ], [ -72.793147107978314, -37.311972920965061 ], [ -72.793256105063307, -37.311654668645716 ], [ -72.793755584530956, -37.311722543048376 ], [ -72.794180470592352, -37.311901738779021 ], [ -72.794388754872429, -37.31213541391984 ], [ -72.794807932140216, -37.312485635195493 ], [ -72.795083115756128, -37.312891843791263 ], [ -72.795100116372879, -37.312928566490804 ], [ -72.795217784895314, -37.313182788476382 ], [ -72.795207757001805, -37.313525020810992 ], [ -72.795419394692843, -37.313641616606517 ], [ -72.795915507274813, -37.313822133076158 ], [ -72.7960090865746, -37.313854771500374 ], [ -72.796270167538879, -37.313945865086822 ], [ -72.796769715278487, -37.314009222793374 ], [ -72.797131012295878, -37.313903297937323 ], [ -72.797640525046916, -37.313628922859351 ], [ -72.798220155797466, -37.31275289623381 ], [ -72.798465287173897, -37.312382589643462 ], [ -72.798545484270889, -37.312100166215487 ], [ -72.798701995946203, -37.31164348496398 ], [ -72.798859938637776, -37.311132736240971 ], [ -72.799258582214776, -37.310726866808494 ], [ -72.799303223992823, -37.310681373451359 ], [ -72.79961342573516, -37.310733465068481 ], [ -72.800087071451856, -37.31081306568818 ], [ -72.800876762451821, -37.310769217839045 ], [ -72.801297096749693, -37.310539097305856 ], [ -72.80135077647779, -37.3105097697998 ], [ -72.801386290474241, -37.310490325057494 ], [ -72.801759314997653, -37.309983502488663 ], [ -72.801842836759505, -37.309584072311033 ], [ -72.801856020434613, -37.309129120582853 ], [ -72.801657722725551, -37.308553226273183 ], [ -72.801817490793766, -37.307983893900804 ], [ -72.801968820088206, -37.307829876798813 ], [ -72.802039207582297, -37.307758167667203 ], [ -72.802829787016066, -37.307655682244587 ], [ -72.80326299507027, -37.307551188897293 ], [ -72.80344771294719, -37.307383329309545 ], [ -72.803498589033325, -37.307454162088575 ], [ -72.80364763031875, -37.307661463370998 ], [ -72.803657858536567, -37.30767559929857 ], [ -72.803885386526659, -37.307634769868095 ], [ -72.804169969215408, -37.307594982176553 ], [ -72.804332604706033, -37.307868411113368 ], [ -72.804148901925359, -37.308320070877052 ], [ -72.804081937012526, -37.308679339821872 ], [ -72.804230751922489, -37.309407592573791 ], [ -72.804389345892631, -37.309820557610387 ], [ -72.804723879402758, -37.310006977805294 ], [ -72.804998015583053, -37.310327514886886 ], [ -72.805103455339548, -37.310604334121813 ], [ -72.805207712014777, -37.3109217806646 ], [ -72.805359635095641, -37.311023011293152 ], [ -72.805485839409897, -37.311107136411032 ], [ -72.805475245577753, -37.311471969960131 ], [ -72.80551528887986, -37.312058414661728 ], [ -72.805622156957625, -37.312290243841666 ], [ -72.805627167760292, -37.312297977970353 ], [ -72.805893737430964, -37.312700821019668 ], [ -72.80610935286208, -37.313069807860451 ], [ -72.806092350448694, -37.313655359173239 ], [ -72.80597149111037, -37.31392795302186 ], [ -72.806016124803577, -37.314334327435418 ], [ -72.806174095342925, -37.314747309705481 ], [ -72.806163550918114, -37.315107566017581 ], [ -72.806151363474669, -37.315138880022467 ], [ -72.806257953074692, -37.315623035887818 ], [ -72.805808634634204, -37.31630413252843 ], [ -72.805438981488052, -37.316698390270005 ], [ -72.805424061369493, -37.317211772405166 ], [ -72.805696818635838, -37.317676406309033 ], [ -72.805964785186774, -37.318307759141248 ], [ -72.805878508291954, -37.318824325112814 ], [ -72.805505470293795, -37.319331086649854 ], [ -72.80548551601639, -37.320015623082902 ], [ -72.80575838197889, -37.320480327524088 ], [ -72.80581533247296, -37.320995084739323 ], [ -72.805802031118546, -37.321454466692906 ], [ -72.805931865524883, -37.321911970596915 ], [ -72.806422974490715, -37.322268095632822 ], [ -72.80669331618725, -37.322845347191077 ], [ -72.806676652438739, -37.323417308026052 ], [ -72.806919630553409, -37.324908774785627 ], [ -72.806967912304998, -37.325707123705378 ], [ -72.806968150358543, -37.325711838360228 ], [ -72.806871402700764, -37.326566150370319 ], [ -72.806858224415549, -37.327018665709822 ], [ -72.80685132625247, -37.327255264741105 ], [ -72.807192917825773, -37.327833835914397 ], [ -72.807502804259457, -37.32835911107211 ], [ -72.807534426754074, -37.328412481921617 ], [ -72.807615290401017, -37.328697764884275 ], [ -72.807664194685088, -37.328869984894276 ], [ -72.807734819334399, -37.329142829286745 ], [ -72.807857673830981, -37.329617085397544 ], [ -72.808055995794561, -37.330192964762603 ], [ -72.808113943418604, -37.330653740505909 ], [ -72.8080624160539, -37.330731340007134 ], [ -72.807889648465206, -37.330992030400886 ], [ -72.807413418295425, -37.331456444107239 ], [ -72.807372725511371, -37.331496130597323 ], [ -72.80671936553388, -37.331484049152252 ], [ -72.806656458311139, -37.331482828436151 ], [ -72.806150235190671, -37.331644669927108 ], [ -72.806111021033558, -37.331689842739443 ], [ -72.805853911521154, -37.331986162486174 ], [ -72.805347682112469, -37.332147999321386 ], [ -72.80454955593197, -37.332475689041658 ], [ -72.804196846808722, -37.333049614389211 ], [ -72.804097871329034, -37.333210804661618 ], [ -72.804077911661722, -37.333895339655228 ], [ -72.804123083445788, -37.334815409389599 ], [ -72.803883096721009, -37.335667098736891 ], [ -72.803846740104831, -37.335940956240755 ], [ -72.804191579087885, -37.336678539923291 ], [ -72.804417819792192, -37.337111905759912 ], [ -72.804701064889485, -37.337641736389529 ], [ -72.805093898163236, -37.338507509534701 ], [ -72.806316993050118, -37.339579367496917 ], [ -72.808366257724032, -37.341000289392717 ], [ -72.809246377632064, -37.341541194693917 ], [ -72.810060036582129, -37.342319285455545 ], [ -72.810350233741403, -37.342610801826694 ], [ -72.810576532836194, -37.343044226276916 ], [ -72.810801549136769, -37.343525292813659 ], [ -72.811027854519779, -37.343958716270727 ], [ -72.811313834987118, -37.344393166336452 ], [ -72.811669321701231, -37.344495124603554 ], [ -72.812109361443149, -37.343740284061823 ], [ -72.812838128700548, -37.343324525157982 ], [ -72.814158413216347, -37.343110543278812 ], [ -72.815467688878329, -37.343277776017452 ], [ -72.816123015267991, -37.343337564548541 ], [ -72.816838017640279, -37.34339844714578 ], [ -72.817439164838518, -37.343266479916956 ], [ -72.817802893595371, -37.343082479720202 ], [ -72.819081412738655, -37.342247672791991 ], [ -72.820741529028112, -37.340609098800584 ], [ -72.821050953727735, -37.340233272975965 ], [ -72.821593767026357, -37.340052546406341 ], [ -72.822196245527863, -37.339872837861023 ], [ -72.822736218353569, -37.339787397945599 ], [ -72.823459501396158, -37.339562300024078 ], [ -72.823946643401683, -37.339237391652667 ], [ -72.824370098446849, -37.3390544643336 ], [ -72.824787984835552, -37.339062188565848 ], [ -72.825147472645924, -37.339021104068834 ], [ -72.825688896250824, -37.338888002828632 ], [ -72.826599373825573, -37.338380081157553 ], [ -72.827523794151844, -37.33739562866279 ], [ -72.828028674291005, -37.336451109977403 ], [ -72.828301794476715, -37.335263850240906 ], [ -72.828888554257361, -37.333557809242969 ], [ -72.831341369106369, -37.333412091484888 ], [ -72.832234007037883, -37.333523797982117 ], [ -72.833952716840059, -37.333984472584497 ], [ -72.835138342996444, -37.334292322866318 ], [ -72.836147701727782, -37.33450160933932 ], [ -72.837280479995997, -37.334569982374866 ], [ -72.837996765162529, -37.334583096139667 ], [ -72.838829851977238, -37.334693735225265 ], [ -72.839418547627318, -37.334990533101021 ], [ -72.839942149555284, -37.335477038091028 ], [ -72.840294815559432, -37.33567427477589 ], [ -72.840712675896981, -37.335681870791355 ], [ -72.841012467063493, -37.335639652363419 ], [ -72.841372022247526, -37.335598590278678 ], [ -72.841789880788468, -37.335606182016299 ], [ -72.842203667266219, -37.335756777390593 ], [ -72.842318933693591, -37.33590202562705 ], [ -72.842431568955476, -37.336142412166225 ], [ -72.842537333003776, -37.336621314490287 ], [ -72.842587406894339, -37.336956055620973 ], [ -72.842636213262026, -37.337338438773422 ], [ -72.842779835011342, -37.338580949880772 ], [ -72.843132522575047, -37.338778176986665 ], [ -72.843232864392277, -37.339447652101235 ], [ -72.843158172171357, -37.339970874132376 ], [ -72.843016929160925, -37.340731306173637 ], [ -72.843064295529231, -37.34116140832478 ], [ -72.843927194733254, -37.342321697253929 ], [ -72.844783067315149, -37.34372035371139 ], [ -72.845468259993055, -37.344829664241495 ], [ -72.846681079051422, -37.346282438411016 ], [ -72.846969982636679, -37.346621576307214 ], [ -72.847131401808397, -37.347244410507514 ], [ -72.847112353032799, -37.347911792729647 ], [ -72.847343032312907, -37.348202126218027 ], [ -72.847873636608526, -37.348450145951297 ], [ -72.848649728911724, -37.348464269208101 ], [ -72.849899375303465, -37.348630105337548 ], [ -72.850250869006146, -37.348874947245257 ], [ -72.850359409746972, -37.349258477284195 ], [ -72.850463893695988, -37.349784938014963 ], [ -72.850451633488987, -37.35021395356685 ], [ -72.850418217957056, -37.350296220263886 ], [ -72.850515525265266, -37.350254010051422 ], [ -72.850881466572659, -37.350260676965725 ], [ -72.851497876147576, -37.350271869182436 ], [ -72.851519062913553, -37.350272211954298 ], [ -72.851882571583161, -37.350491492086057 ], [ -72.852012192190458, -37.35056954882868 ], [ -72.853213291827615, -37.350739662787433 ], [ -72.853525656713146, -37.350734416982007 ], [ -72.853597789633824, -37.350733170156971 ], [ -72.854230369782186, -37.350722493591981 ], [ -72.855027666817648, -37.35080547312063 ], [ -72.855518601510326, -37.35080871157767 ], [ -72.856451458813751, -37.350814860718124 ], [ -72.857602512408107, -37.350612485108371 ], [ -72.858540596109847, -37.350399638004909 ], [ -72.85955468716611, -37.350021430348129 ], [ -72.860057700606077, -37.349971931765353 ], [ -72.860643895346414, -37.349723854217309 ], [ -72.860711117177431, -37.349695386085635 ], [ -72.861453579251346, -37.348794107949232 ], [ -72.861964673037306, -37.348460808556929 ], [ -72.8624703508804, -37.348349961945587 ], [ -72.86268589354799, -37.348302693192984 ], [ -72.862865120023585, -37.348425018016492 ], [ -72.863118205083524, -37.348597766239173 ], [ -72.863855223366798, -37.348670039123824 ], [ -72.863865216226031, -37.348670228366522 ], [ -72.864825604197961, -37.348683824558982 ], [ -72.864957523594057, -37.34883167790526 ], [ -72.86524207663841, -37.34915091179797 ], [ -72.865451619458213, -37.349210030094483 ], [ -72.865669036011482, -37.349271251420824 ], [ -72.866017601206337, -37.349620047067241 ], [ -72.865934309413205, -37.350019580802019 ], [ -72.865491787626141, -37.350471163628164 ], [ -72.865335867940601, -37.350923551387197 ], [ -72.865612312791185, -37.351275520666185 ], [ -72.865671326715457, -37.351731647574155 ], [ -72.865720830175803, -37.351734382554859 ], [ -72.866331096172516, -37.351767910696601 ], [ -72.866497715691409, -37.351640911855043 ], [ -72.866774186593148, -37.351429952169518 ], [ -72.867469354163973, -37.350931717855858 ], [ -72.868137768108994, -37.350690209666766 ], [ -72.868581009446601, -37.350238519613725 ], [ -72.8691584447146, -37.350077767215197 ], [ -72.869442141664479, -37.350200054869347 ], [ -72.869647491148527, -37.350546150452566 ], [ -72.869966764976922, -37.350650149844419 ], [ -72.870570427457963, -37.350846669711487 ], [ -72.871432298090994, -37.350808091736312 ], [ -72.872513474434356, -37.350597750981819 ], [ -72.873233306149615, -37.350493562279304 ], [ -72.873733000314616, -37.350561155949286 ], [ -72.874299899242658, -37.350801147798627 ], [ -72.874714884072986, -37.351322341235814 ], [ -72.874753764955102, -37.351447332575887 ], [ -72.874912176567264, -37.351956721870742 ], [ -72.874967940386838, -37.352529992779651 ], [ -72.875166292893155, -37.353105816435288 ], [ -72.875078915562099, -37.353676477191286 ], [ -72.874779074089929, -37.354126291401322 ], [ -72.874754303045975, -37.354207173512528 ], [ -72.874621267942288, -37.354641627115562 ], [ -72.874680241442377, -37.354779758870357 ], [ -72.874890608017296, -37.355272832121571 ], [ -72.875448630692006, -37.355801063662064 ], [ -72.876082699348771, -37.356213518111318 ], [ -72.876934473816334, -37.356512629427868 ], [ -72.87758222650983, -37.356411665014413 ], [ -72.878242089391676, -37.355905301408633 ], [ -72.878326122294922, -37.355356297179476 ], [ -72.878329347246805, -37.355334569767479 ], [ -72.878241300670865, -37.354869145498299 ], [ -72.878279877922409, -37.354378088268433 ], [ -72.879095760202816, -37.353577461962551 ], [ -72.879823535720135, -37.353189444570837 ], [ -72.880227773106398, -37.352853819641616 ], [ -72.880433798123562, -37.352627284873201 ], [ -72.880738176087917, -37.352508286686252 ], [ -72.881137617368879, -37.35235229140558 ], [ -72.881489931233432, -37.35197615802565 ], [ -72.881507107021662, -37.351957881556217 ], [ -72.881534209193774, -37.351949242470234 ], [ -72.881850587752012, -37.351847927725785 ], [ -72.88201336787138, -37.351795790343374 ], [ -72.882663499303746, -37.351636125989835 ], [ -72.88274426683094, -37.351295111956823 ], [ -72.882255875268839, -37.350826764098592 ], [ -72.882262194018566, -37.350601550020215 ], [ -72.882264789251423, -37.350508479951493 ], [ -72.882265889687645, -37.350470660183298 ], [ -72.882275109097392, -37.350142182759043 ], [ -72.882713266868805, -37.349866097594528 ], [ -72.883209803455586, -37.350046221402735 ], [ -72.883251374791996, -37.350077989303379 ], [ -72.883438154302482, -37.35022054907386 ], [ -72.883723911089319, -37.350190637916555 ], [ -72.883994922929062, -37.349898199061549 ], [ -72.884202265774746, -37.349534573252569 ], [ -72.884501418239083, -37.349443632783135 ], [ -72.884517251045978, -37.349438758227478 ], [ -72.884561313410657, -37.349454281679513 ], [ -72.885000985741627, -37.349609037566601 ], [ -72.885400097340892, -37.349602919748449 ], [ -72.885533657959016, -37.349600888806961 ], [ -72.885816981209743, -37.349794287177971 ], [ -72.886008607131203, -37.34992502323194 ], [ -72.886637966819251, -37.350172788049633 ], [ -72.886997687293317, -37.350456433044414 ], [ -72.887354255579041, -37.350521447398059 ], [ -72.887417424211506, -37.3504970071264 ], [ -72.887788636832994, -37.350353358153143 ], [ -72.887940506913239, -37.350072211439787 ], [ -72.888094923717318, -37.349673939824108 ], [ -72.888461073433859, -37.34939658752343 ], [ -72.889323994197468, -37.349294822296564 ], [ -72.889822093852842, -37.349420921750024 ], [ -72.890241197458749, -37.34982495545227 ], [ -72.890449884184079, -37.350058510524541 ], [ -72.890589735704168, -37.350178177430202 ], [ -72.891091120498515, -37.35018704809125 ], [ -72.891306239161295, -37.350190882855884 ], [ -72.891822171273361, -37.349681881482873 ], [ -72.892115471213643, -37.349461824170774 ], [ -72.89215569058554, -37.349435186219161 ], [ -72.892626468879854, -37.349123969521315 ], [ -72.892640677532683, -37.349073393454681 ], [ -72.892785688975749, -37.348554546728089 ], [ -72.892796831678538, -37.348155088035767 ], [ -72.892796851441474, -37.348153684773848 ], [ -72.892731251967859, -37.347927225088732 ], [ -72.89238417168815, -37.347519941146722 ], [ -72.892032359083544, -37.347283872272449 ], [ -72.891466177011097, -37.347043944164199 ], [ -72.890972050604248, -37.346751235961428 ], [ -72.890627997647044, -37.346520294365043 ], [ -72.890620246084453, -37.346515162527822 ], [ -72.890558678249832, -37.346171600724155 ], [ -72.890914180235313, -37.345772754235789 ], [ -72.891088710318598, -37.345629963918505 ], [ -72.891267231616695, -37.345483943212926 ], [ -72.891522175290973, -37.345044277536488 ], [ -72.891909377026195, -37.344577596818105 ], [ -72.892260867135633, -37.344169358434762 ], [ -72.892392387679749, -37.344136981706789 ], [ -72.892724148090579, -37.344055204607137 ], [ -72.893069455994222, -37.344140718939606 ], [ -72.893180877632176, -37.344168336463056 ], [ -72.893792676154732, -37.344152155599325 ], [ -72.894269760622336, -37.343979683529703 ], [ -72.894414841235672, -37.343927153603893 ], [ -72.894844514419219, -37.344130097142092 ], [ -72.895094547003822, -37.344339256219889 ], [ -72.895125177758388, -37.344364960424308 ], [ -72.895259333959558, -37.344408578707949 ], [ -72.89604792991318, -37.344665211618555 ], [ -72.8962231490043, -37.344737803947631 ], [ -72.896331873001458, -37.344782923179629 ], [ -72.89662126167697, -37.344675448407401 ], [ -72.896842776344556, -37.34444955598984 ], [ -72.896921730173204, -37.344344521754621 ], [ -72.897140257044171, -37.34405378627104 ], [ -72.897152187569446, -37.344059296070924 ], [ -72.897918907749286, -37.344414639102077 ], [ -72.898261269178789, -37.344992974565223 ], [ -72.898466735443833, -37.34533908915266 ], [ -72.898899421576843, -37.346287039653724 ], [ -72.898939463980625, -37.346374863846492 ], [ -72.899209865864307, -37.346951955891662 ], [ -72.899264184294594, -37.347468876959667 ], [ -72.899356196034191, -37.348344091112594 ], [ -72.899398146459646, -37.348893448699265 ], [ -72.899440099580062, -37.349442806550982 ], [ -72.899426406560167, -37.349712025643846 ], [ -72.899412332654634, -37.349988193497694 ], [ -72.899536348672854, -37.350679851586115 ], [ -72.899846865723845, -37.351015556930882 ], [ -72.899965258288404, -37.351143595845578 ], [ -72.899782208582977, -37.351551830586452 ], [ -72.89970970555639, -37.352232855760008 ], [ -72.89970457617612, -37.352281952248177 ], [ -72.900128343834979, -37.352578420688872 ], [ -72.900317334997709, -37.352432926211712 ], [ -72.900494595959472, -37.352296526802355 ], [ -72.900713289018753, -37.352058839106725 ], [ -72.901012666960227, -37.351733472084796 ], [ -72.901306881385466, -37.351454765610114 ], [ -72.902252760667238, -37.350957864688709 ], [ -72.902688654684127, -37.350735799486714 ], [ -72.903258900734912, -37.350858571658698 ], [ -72.903334061876436, -37.350921102017736 ], [ -72.903679528781865, -37.351208486064969 ], [ -72.904246519338045, -37.351448401578914 ], [ -72.904289582776144, -37.351508745597869 ], [ -72.904660025541432, -37.352027980368518 ], [ -72.904782551254613, -37.352773625877603 ], [ -72.904916784710878, -37.353123040783998 ], [ -72.90519522741468, -37.353411823849989 ], [ -72.905475123592595, -37.353646613825887 ], [ -72.905535924265962, -37.35404871178676 ], [ -72.905663170625957, -37.35462321348021 ], [ -72.906082249079049, -37.355031691359549 ], [ -72.906071163868447, -37.355432622983201 ], [ -72.906058531758902, -37.355887478606469 ], [ -72.906188911442626, -37.356349410568043 ], [ -72.906967957406465, -37.356705611554524 ], [ -72.907647014590978, -37.356521163737575 ], [ -72.90776205913447, -37.356489905538247 ], [ -72.909274989159584, -37.356232765368553 ], [ -72.909776414378115, -37.356241626745565 ], [ -72.910926493300394, -37.356144807754823 ], [ -72.911526452027516, -37.356032472263088 ], [ -72.911602621977096, -37.356018142640544 ], [ -72.911593261531848, -37.355814923477645 ], [ -72.911588475307994, -37.355710364994273 ], [ -72.911585328509545, -37.355642724548638 ], [ -72.911378236293842, -37.355350708948009 ], [ -72.910954943843748, -37.355117877975829 ], [ -72.910531146540492, -37.354880635506809 ], [ -72.910372278584177, -37.354611004367058 ], [ -72.91025750712852, -37.354416145281093 ], [ -72.910338242316385, -37.354075116742081 ], [ -72.910847463114962, -37.353800191416909 ], [ -72.911355979634365, -37.353579379972366 ], [ -72.911459561674832, -37.353500234534984 ], [ -72.911868536775899, -37.353187372309698 ], [ -72.911950841320561, -37.352787771885858 ], [ -72.911886052127329, -37.352556794587109 ], [ -72.911800636716862, -37.352412696823592 ], [ -72.911543642188803, -37.351978505245569 ], [ -72.911553124804939, -37.351636218822186 ], [ -72.911995264807985, -37.351184407351262 ], [ -72.912350358060024, -37.351307767206578 ], [ -72.912631009721082, -37.35154258732851 ], [ -72.912984483310652, -37.351720090672877 ], [ -72.913382922071776, -37.351805850493051 ], [ -72.913554749124373, -37.351842811248687 ], [ -72.91419770211931, -37.351912718077543 ], [ -72.914626407817309, -37.351974297816312 ], [ -72.915113970234387, -37.352097537834581 ], [ -72.915124558676638, -37.352100286369691 ], [ -72.915128968506352, -37.352103313400036 ], [ -72.915239881697872, -37.352177639489142 ], [ -72.9154764620111, -37.352336280116326 ], [ -72.915970067395108, -37.352628899420864 ], [ -72.916316264630865, -37.352916811778513 ], [ -72.916390852647211, -37.352978762016434 ], [ -72.91661195588641, -37.353008623505282 ], [ -72.916813879195971, -37.353035873585227 ], [ -72.916890583643152, -37.353046096379359 ], [ -72.917541568475045, -37.35282783913653 ], [ -72.917973252986499, -37.352781345128271 ], [ -72.918768942037616, -37.352506993475032 ], [ -72.919195987648962, -37.352627132058842 ], [ -72.919548001476201, -37.352863184132246 ], [ -72.920041393959465, -37.353160220113814 ], [ -72.920147423010775, -37.35315131410001 ], [ -72.920541712453598, -37.35311808077752 ], [ -72.920616442403755, -37.353111688324098 ], [ -72.920675749178812, -37.353032824455951 ], [ -72.920913826085311, -37.352715937128771 ], [ -72.921020343820132, -37.352574477505115 ], [ -72.921034780645059, -37.352555253588775 ], [ -72.921211940995491, -37.352320088159203 ], [ -72.921386578876636, -37.352354139466065 ], [ -72.921478474733576, -37.352372047369563 ], [ -72.921630346610442, -37.352728530727752 ], [ -72.921794809274346, -37.352838707490619 ], [ -72.922071260413134, -37.353024201203453 ], [ -72.922334201788374, -37.353200549947218 ], [ -72.922911610106908, -37.353246977286396 ], [ -72.923193074743324, -37.353269655742608 ], [ -72.923831381651596, -37.353510721474485 ], [ -72.924242646558341, -37.354207342747245 ], [ -72.924335230524775, -37.354323519808418 ], [ -72.924657981731642, -37.354728339732077 ], [ -72.925365008860851, -37.35508319454938 ], [ -72.925624940879885, -37.355635771061372 ], [ -72.925636392603124, -37.355660333905881 ], [ -72.925548661335853, -37.356231034507999 ], [ -72.925410732210494, -37.356587256049593 ], [ -72.925394531094341, -37.356629342026949 ], [ -72.925022077899442, -37.357136520469318 ], [ -72.924934439158648, -37.357707291961624 ], [ -72.924920127199542, -37.358225223589223 ], [ -72.925191424703542, -37.358802292374307 ], [ -72.925304218068945, -37.358853816539693 ], [ -72.925969836456801, -37.359158385326687 ], [ -72.926973550174893, -37.359176008853609 ], [ -72.927072509484901, -37.359325548761525 ], [ -72.927317591453999, -37.359695749664738 ], [ -72.927806493259169, -37.360163885818373 ], [ -72.928007486812405, -37.360681150744817 ], [ -72.927994858296145, -37.361140579177146 ], [ -72.92841500933767, -37.361490417093293 ], [ -72.928700398713545, -37.361553981750795 ], [ -72.92916590928705, -37.361525949362182 ], [ -72.9302081715106, -37.36146322648888 ], [ -72.930783090597501, -37.361414721487719 ], [ -72.930893660632549, -37.361627040413715 ], [ -72.93105531516288, -37.361937652641821 ], [ -72.930902677921381, -37.362277470222914 ], [ -72.93027807121949, -37.362410280104051 ], [ -72.930084315392492, -37.362543509577065 ], [ -72.929803803868609, -37.362736299841139 ], [ -72.929684925315485, -37.362818036600437 ], [ -72.929674736623539, -37.363189419770528 ], [ -72.92976912710202, -37.363762844072909 ], [ -72.929774411890833, -37.363794991003445 ], [ -72.929468281313362, -37.364347057855696 ], [ -72.928891816225857, -37.364855060183324 ], [ -72.928858232708976, -37.36488473631303 ], [ -72.928799367905043, -37.365145570175038 ], [ -72.928747732742494, -37.365374873755435 ], [ -72.928655400304322, -37.365784485432833 ], [ -72.929071439756825, -37.36630994209623 ], [ -72.929278144798644, -37.366481060612287 ], [ -72.92942193183795, -37.366599956683423 ], [ -72.929769207950386, -37.367007117826056 ], [ -72.93015711126985, -37.367329979085355 ], [ -72.930189401212743, -37.367356946240861 ], [ -72.930621157589442, -37.367310401261392 ], [ -72.931127525338681, -37.367143519773819 ], [ -72.932285317195991, -37.366767210634578 ], [ -72.932928636703551, -37.36683257140546 ], [ -72.933640553362849, -37.367016224243223 ], [ -72.934206186564637, -37.367314480748554 ], [ -72.93434741430373, -37.367470871870836 ], [ -72.934623973240363, -37.36777698563769 ], [ -72.934661697092395, -37.36784945066853 ], [ -72.934896158279855, -37.368299908151037 ], [ -72.934914720168592, -37.368315377012898 ], [ -72.935246681802056, -37.368589903623402 ], [ -72.935639620178677, -37.36891648907352 ], [ -72.935667651208803, -37.368939758926878 ], [ -72.935679764990411, -37.368941569454556 ], [ -72.936095594237116, -37.369005785329534 ], [ -72.936151155935747, -37.369021571030615 ], [ -72.936586478624122, -37.36914557409024 ], [ -72.936736372410735, -37.369188248440977 ], [ -72.93729977599402, -37.369540509022464 ], [ -72.937878009864292, -37.369379393166767 ], [ -72.938247350396736, -37.368984742244486 ], [ -72.938271032682565, -37.368963806243066 ], [ -72.938570383674588, -37.368699966432978 ], [ -72.938688373793894, -37.368595964921113 ], [ -72.939405130575935, -37.368608438056505 ], [ -72.939564054227802, -37.368807623131175 ], [ -72.939820655293772, -37.369129370053066 ], [ -72.940013743672523, -37.369242919607565 ], [ -72.941020884463413, -37.369835169463109 ], [ -72.941576970370363, -37.370096737158853 ], [ -72.941657733405975, -37.370134629138562 ], [ -72.941772781542724, -37.370126286279493 ], [ -72.942304064066391, -37.370087371962796 ], [ -72.942637030914653, -37.370154626009892 ], [ -72.943176154832415, -37.370263553536269 ], [ -72.943231291627924, -37.370274699935209 ], [ -72.943240340357789, -37.370286795129026 ], [ -72.943577105283069, -37.370740385621382 ], [ -72.943498064317865, -37.371022857037239 ], [ -72.943408916407364, -37.371652208039606 ], [ -72.943327676366337, -37.371993272358971 ], [ -72.943391674143811, -37.372282773814888 ], [ -72.943523962747491, -37.372686074785172 ], [ -72.943297900807934, -37.373083189149362 ], [ -72.943287057244149, -37.373479536124123 ], [ -72.943494329122913, -37.373771558995273 ], [ -72.943922953074193, -37.37383760684515 ], [ -72.944419961276495, -37.374017448965418 ], [ -72.944769375379295, -37.374165173880641 ], [ -72.94498724378515, -37.374257150932998 ], [ -72.945038759471743, -37.374389589095102 ], [ -72.945144043819667, -37.374660368472824 ], [ -72.945188398136835, -37.374774375815853 ], [ -72.945175922334172, -37.375229296955624 ], [ -72.945150599724627, -37.375351167420227 ], [ -72.945092948544627, -37.375628866407325 ], [ -72.944935698454145, -37.376144340008352 ], [ -72.944711186108449, -37.376482885397721 ], [ -72.944767519459916, -37.377056162413808 ], [ -72.945508124716127, -37.377941091771234 ], [ -72.945739479529351, -37.378217619748064 ], [ -72.946148292933685, -37.3783708086942 ], [ -72.946181112882584, -37.378382995381891 ], [ -72.946222412029456, -37.378910947888883 ], [ -72.946401006989404, -37.379193443502075 ], [ -72.946772528631342, -37.379781202630149 ], [ -72.94724947924999, -37.379981478030238 ], [ -72.947623180204829, -37.380138491611135 ], [ -72.947752453164085, -37.380654425325687 ], [ -72.947825662266482, -37.380947970671166 ], [ -72.9478822390614, -37.381174843239677 ], [ -72.948374514040452, -37.381525808356663 ], [ -72.948389820434585, -37.381540793382875 ], [ -72.948793234964057, -37.381934134794889 ], [ -72.948779236516984, -37.382447625660191 ], [ -72.948400681964685, -37.38318458396499 ], [ -72.9485367282212, -37.383475362741081 ], [ -72.949320109454604, -37.383660141881172 ], [ -72.950102822341449, -37.383899030719412 ], [ -72.950444052792022, -37.384535829780113 ], [ -72.950570072053338, -37.385168832568425 ], [ -72.95061552860335, -37.386142955612996 ], [ -72.950811417929145, -37.386831254130165 ], [ -72.950867815959313, -37.387404599073868 ], [ -72.950852284986368, -37.387976587078185 ], [ -72.95069500435315, -37.388487567008617 ], [ -72.950470354565212, -37.388830629616336 ], [ -72.950313161966918, -37.389341605867095 ], [ -72.949943795383319, -37.389736222480778 ], [ -72.949500992423594, -37.390183695751098 ], [ -72.949136316842427, -37.3904072422472 ], [ -72.948917895074359, -37.3905205183503 ], [ -72.948903900220557, -37.391034008938661 ], [ -72.948788044498343, -37.391226504016828 ], [ -72.948528180751282, -37.391658335196908 ], [ -72.948298141071632, -37.392226649404726 ], [ -72.948623565664775, -37.393017991285241 ], [ -72.948701289699784, -37.393206963444129 ], [ -72.948696075877876, -37.393399963949861 ], [ -72.948688935169699, -37.393661879821259 ], [ -72.949036447539029, -37.394068969000685 ], [ -72.949811212132246, -37.394469512169152 ], [ -72.949956115777454, -37.394544584915245 ], [ -72.949985532908073, -37.395230999972128 ], [ -72.950000162870793, -37.395572697143912 ], [ -72.950133995678442, -37.395917491529083 ], [ -72.950335120385716, -37.396439133068817 ], [ -72.950390878815412, -37.397012424514109 ], [ -72.950667131426528, -37.397418277279471 ], [ -72.951381111516014, -37.397543300307333 ], [ -72.952507615950296, -37.398202730419193 ], [ -72.952762708744899, -37.398351963448846 ], [ -72.952793063716683, -37.3983698389642 ], [ -72.953145400937402, -37.398605769960959 ], [ -72.953634774358108, -37.399069343610257 ], [ -72.954202185325855, -37.399308990476534 ], [ -72.954214234428761, -37.39931648299698 ], [ -72.954765905116091, -37.399661221622623 ], [ -72.955042285287988, -37.400067058616628 ], [ -72.955028337146572, -37.400580547319613 ], [ -72.954872569276304, -37.40103746347836 ], [ -72.954720737823621, -37.401323191213706 ], [ -72.954863643615639, -37.401690329665819 ], [ -72.954922048482146, -37.401840390682757 ], [ -72.95520465936886, -37.402016516213209 ], [ -72.956197295961175, -37.402434730177646 ], [ -72.956839296741904, -37.402558441784137 ], [ -72.957332413442387, -37.402909483059709 ], [ -72.957974291153931, -37.403037768096134 ], [ -72.958476108936239, -37.403046400585794 ], [ -72.958836142922337, -37.402994035461447 ], [ -72.95897798241414, -37.402996436746569 ], [ -72.959179729653897, -37.402999928421913 ], [ -72.960270213441916, -37.40301877047834 ], [ -72.960914375569232, -37.403088516160167 ], [ -72.96184979396952, -37.402987464574508 ], [ -72.962582307201657, -37.402427793872469 ], [ -72.963026074952012, -37.4019217201716 ], [ -72.963398362856879, -37.401414429183042 ], [ -72.963760112625167, -37.401303620122469 ], [ -72.964029530853608, -37.401308225127543 ], [ -72.964190626631833, -37.401311006827385 ], [ -72.964538260273741, -37.401718043042841 ], [ -72.964550037187109, -37.402155101660313 ], [ -72.964573961119768, -37.403034446260776 ], [ -72.964699258135596, -37.403725972142276 ], [ -72.964978131132398, -37.40401473597003 ], [ -72.965538419358253, -37.404251245046218 ], [ -72.965545701101945, -37.404254247851021 ], [ -72.9658933554051, -37.404661278069149 ], [ -72.965879483620483, -37.40517476383399 ], [ -72.965366806104683, -37.405567010060771 ], [ -72.964652825116872, -37.405442074631623 ], [ -72.964007109802424, -37.405430994114461 ], [ -72.963283808793534, -37.405648327655406 ], [ -72.962768078802412, -37.406153128142535 ], [ -72.962543571846609, -37.406491706438402 ], [ -72.961963495531677, -37.406711529405605 ], [ -72.961591081862636, -37.407218821637656 ], [ -72.96142923419454, -37.407905450273873 ], [ -72.96148326426561, -37.40820198931975 ], [ -72.961491849464792, -37.408249003414149 ], [ -72.961904599286697, -37.408886978483181 ], [ -72.962397782462503, -37.409237995817271 ], [ -72.963320230986739, -37.409596293930981 ], [ -72.963562922538841, -37.409747762630637 ], [ -72.963884814956288, -37.409948522386728 ], [ -72.963876989731844, -37.410236731360492 ], [ -72.963794837002482, -37.410636356850077 ], [ -72.963351918160072, -37.411083886575824 ], [ -72.962842311085907, -37.411363483197434 ], [ -72.962402504905953, -37.411698368295518 ], [ -72.96232408557492, -37.412256599793864 ], [ -72.962314052291504, -37.412327705402632 ], [ -72.962660328579034, -37.412788809598844 ], [ -72.962854410494458, -37.413144477143533 ], [ -72.963069989992988, -37.413539345161212 ], [ -72.96305456861451, -37.414111401281232 ], [ -72.962974036445914, -37.414452453693158 ], [ -72.96301881027631, -37.414750408081439 ], [ -72.963034388859967, -37.414854526092824 ], [ -72.963176109774125, -37.414915591820296 ], [ -72.963817342495304, -37.415097880429968 ], [ -72.964457841292869, -37.415280190000665 ], [ -72.965167221109809, -37.415580763158722 ], [ -72.965419285683581, -37.41597410574952 ], [ -72.965648971427015, -37.416332557148159 ], [ -72.965710082917468, -37.416734675819527 ], [ -72.96584877920408, -37.416908303425352 ], [ -72.966276265888226, -37.417028318889173 ], [ -72.966426731003352, -37.417100672824766 ], [ -72.966771991296284, -37.41726661978776 ], [ -72.967334934942116, -37.417677404202003 ], [ -72.967749414919282, -37.418256778077932 ], [ -72.967879559244366, -37.418772653482812 ], [ -72.967864242070476, -37.419338949898751 ], [ -72.967860929083699, -37.419461855218351 ], [ -72.96763167093836, -37.419971585272059 ], [ -72.967081761847282, -37.421737593737973 ], [ -72.966934380648524, -37.422616862584114 ], [ -72.9669312167821, -37.42263578674379 ], [ -72.966910036304313, -37.422762022594931 ], [ -72.966963353113059, -37.423452348334727 ], [ -72.967157145770997, -37.424253291747867 ], [ -72.96743294922446, -37.424659040471099 ], [ -72.967346161188246, -37.425229879498538 ], [ -72.967051067312354, -37.425513206428917 ], [ -72.966753498577845, -37.42590907860216 ], [ -72.9665227815685, -37.426477448355875 ], [ -72.966501112407215, -37.427279140553971 ], [ -72.966848930203753, -37.427681658429094 ], [ -72.967050276794907, -37.428203332060654 ], [ -72.967463328450734, -37.428836770687418 ], [ -72.968131000387359, -37.430682278284117 ], [ -72.968182941875398, -37.431426666041844 ], [ -72.968173651498731, -37.431769015613277 ], [ -72.968163624503532, -37.431805143024967 ], [ -72.968465913884828, -37.432049568624706 ], [ -72.968987930286332, -37.432515218676194 ], [ -72.969352939142468, -37.433135284603502 ], [ -72.969613554779443, -37.433382437863074 ], [ -72.969993648145831, -37.433446028600436 ], [ -72.970474939423909, -37.43329722927183 ], [ -72.970879913428718, -37.433147231984783 ], [ -72.971335523669481, -37.433240673865114 ], [ -72.971726679788574, -37.433604229121144 ], [ -72.9722399870234, -37.433684435605997 ], [ -72.972851009401552, -37.433680619376524 ], [ -72.973442596728532, -37.433690736307412 ], [ -72.973964118158293, -37.434170696547469 ], [ -72.973965806991046, -37.434269006906227 ], [ -72.973971361274437, -37.434613290800513 ], [ -72.974144096523787, -37.435287044333371 ], [ -72.9744457741524, -37.436134297789835 ], [ -72.975197038817768, -37.436953641605584 ], [ -72.975997170936282, -37.437723808967178 ], [ -72.976455805804591, -37.438416778493107 ], [ -72.976700373038994, -37.439263072132711 ], [ -72.976849087337655, -37.440121967934296 ], [ -72.976759009670857, -37.440983965049632 ], [ -72.976680698137656, -37.441767641008433 ], [ -72.976586675070124, -37.44180268803315 ], [ -72.976440523664962, -37.441793665590531 ], [ -72.974423948684262, -37.442791037612508 ], [ -72.974402812223943, -37.442848054392165 ], [ -72.973693065894366, -37.443012829517251 ], [ -72.972704549874265, -37.443555070404528 ], [ -72.971876808933814, -37.444407214178838 ], [ -72.971091484644447, -37.445190255906155 ], [ -72.970348957891829, -37.445935841605909 ], [ -72.970007430997228, -37.44642027918767 ], [ -72.969406949450601, -37.447177978919889 ], [ -72.969380399742391, -37.447211488636349 ], [ -72.969242529905841, -37.447981814297968 ], [ -72.969964176217985, -37.448290865617565 ], [ -72.971145964771466, -37.448539266085369 ], [ -72.972573703964912, -37.449004666624305 ], [ -72.973886976231597, -37.44952792248192 ], [ -72.974941610951575, -37.450118467515246 ], [ -72.976096158094066, -37.450575021552247 ], [ -72.977264458443571, -37.450959003484222 ], [ -72.978776727308613, -37.45117375166776 ], [ -72.979567303149139, -37.451057061440729 ], [ -72.980945585594625, -37.450695247624616 ], [ -72.982310997877022, -37.450541065482241 ], [ -72.983254953865767, -37.450633914408932 ], [ -72.983391194158401, -37.450401956971341 ], [ -72.983623499389182, -37.450248224225874 ], [ -72.984181958645124, -37.450127091012263 ], [ -72.984703126138683, -37.450162992762095 ], [ -72.98532388715283, -37.450146602989989 ], [ -72.985979940279549, -37.450054117168932 ], [ -72.986375291531047, -37.449903135790436 ], [ -72.986871664624445, -37.449650224824708 ], [ -72.987430857803957, -37.449506545421379 ], [ -72.98763198071461, -37.449302718853779 ], [ -72.987576794511753, -37.448936722376921 ], [ -72.987193896605049, -37.448592277590791 ], [ -72.986746844614032, -37.448219671495004 ], [ -72.986392347843335, -37.448055944796316 ], [ -72.98616908415589, -37.447844910456233 ], [ -72.986112430105862, -37.447532978892184 ], [ -72.986088425324837, -37.447217142053368 ], [ -72.98590119935163, -37.446876044900172 ], [ -72.985815641109028, -37.44643292551622 ], [ -72.985953212704914, -37.446174058339459 ], [ -72.986185362527152, -37.446024680240384 ], [ -72.986510293945202, -37.44607989658941 ], [ -72.986899422566708, -37.446190132323423 ], [ -72.987451601700499, -37.446280615280983 ], [ -72.987941663230714, -37.44628899673458 ], [ -72.988401417399871, -37.446188668847903 ], [ -72.988924505491482, -37.446148037420492 ], [ -72.989315716407845, -37.446154662289565 ], [ -72.989899626732409, -37.4462952728394 ], [ -72.990351667068211, -37.446483215547538 ], [ -72.990968970466824, -37.446597307623392 ], [ -72.991559213015833, -37.446503696990064 ], [ -72.991956620511019, -37.446303259182052 ], [ -72.992294662840621, -37.445867362525782 ], [ -72.992797313361223, -37.44538028964692 ], [ -72.993310593646584, -37.444861787547424 ], [ -72.99382602360042, -37.44455064519375 ], [ -72.994330716889962, -37.444225695875012 ], [ -72.994807625287791, -37.44387784946445 ], [ -72.995557181357484, -37.443476050598846 ], [ -72.995924383899563, -37.443193827257659 ], [ -72.996311619770751, -37.442898527279375 ], [ -72.996812613797971, -37.442681726206565 ], [ -72.997383837215779, -37.442475088748672 ], [ -72.998035186763687, -37.442292447409919 ], [ -72.99854927373616, -37.442192970043408 ], [ -72.999035847108118, -37.44211560207458 ], [ -72.99965575202782, -37.442103595500093 ], [ -73.00016633916394, -37.442134696760604 ], [ -73.000570222614002, -37.442141593013687 ], [ -73.000863248568095, -37.442254671788156 ], [ -73.001508061973993, -37.442310586320353 ], [ -73.001939365599767, -37.442295369520764 ], [ -73.002314746404181, -37.442364770511986 ], [ -73.002714159837382, -37.442542864123212 ], [ -73.003193323904867, -37.442744669277452 ], [ -73.003806813955123, -37.44297135761208 ], [ -73.004099328767836, -37.4431024511765 ], [ -73.004501452418239, -37.443176841130381 ], [ -73.004876744289447, -37.44322365496199 ], [ -73.005205248307362, -37.443035475120574 ], [ -73.005295422093909, -37.442672008472378 ], [ -73.005366160829269, -37.442136966269139 ], [ -73.005643362959631, -37.441461278046035 ], [ -73.006070435520428, -37.440990884232576 ], [ -73.006465504700927, -37.440772178970711 ], [ -73.007016049799219, -37.440551734169958 ], [ -73.007590112791647, -37.440399116676929 ], [ -73.008191595959801, -37.440202026210493 ], [ -73.008688256514077, -37.440066200836554 ], [ -73.009260725895189, -37.439972221125267 ], [ -73.010066468890969, -37.439900123952192 ], [ -73.010558151880261, -37.439953517463934 ], [ -73.011180714914872, -37.439918927482509 ], [ -73.011647898151423, -37.439908727942687 ], [ -73.0122971016241, -37.439879129298269 ], [ -73.012948442188858, -37.439745921701565 ], [ -73.01354822304954, -37.439607306663163 ], [ -73.014119888438472, -37.439576350570036 ], [ -73.014739623576574, -37.439672377112373 ], [ -73.015333464776617, -37.439763525574108 ], [ -73.016005347116945, -37.439837846808693 ], [ -73.016601973992678, -37.439847869470874 ], [ -73.01724666882096, -37.439962293342525 ], [ -73.017707438984687, -37.440195288833827 ], [ -73.018195276286264, -37.440370245028355 ], [ -73.018758604411033, -37.440650071095895 ], [ -73.019034584832625, -37.440983587743354 ], [ -73.019059040567925, -37.441421085547006 ], [ -73.018960507059361, -37.441888082367434 ], [ -73.018719208794238, -37.44249232680545 ], [ -73.018927706873384, -37.443131209794707 ], [ -73.019822543880721, -37.443353470704217 ], [ -73.020828052432748, -37.443316260490043 ], [ -73.021674719977923, -37.443411526218611 ], [ -73.022120714651876, -37.443585751688644 ], [ -73.02237479684176, -37.443810719334415 ], [ -73.022328264110058, -37.44426502530613 ], [ -73.022026193019357, -37.444548429249167 ], [ -73.021865417041369, -37.444725994167747 ], [ -73.021825698031094, -37.444919061643191 ], [ -73.021890794448154, -37.445073284614246 ], [ -73.022096650582043, -37.445144414689771 ], [ -73.022369114099291, -37.445342706009292 ], [ -73.022569896548433, -37.445607420025723 ], [ -73.022593831260863, -37.446008849420842 ], [ -73.022395173327368, -37.446311899522343 ], [ -73.02211184917833, -37.446554964045788 ], [ -73.021882845256201, -37.44669087463501 ], [ -73.02182642476815, -37.446852117433338 ], [ -73.021926821382635, -37.447006980427489 ], [ -73.02225587337287, -37.447012515470924 ], [ -73.022828917675767, -37.446954534069455 ], [ -73.023281409864154, -37.446862951477456 ], [ -73.023614038945894, -37.446733319408573 ], [ -73.024015225653471, -37.446627397138215 ], [ -73.02455690887146, -37.446469749056675 ], [ -73.024889241509158, -37.446353628465005 ], [ -73.025274950244366, -37.446166320174825 ], [ -73.025784745066417, -37.44588194527941 ], [ -73.026463063835791, -37.445609454072859 ], [ -73.027030682314361, -37.445298970975372 ], [ -73.027538923949294, -37.445068658764171 ], [ -73.028105636926043, -37.444929326828287 ], [ -73.028535532891794, -37.444729283486055 ], [ -73.02881734068464, -37.444405083102247 ], [ -73.029221880803149, -37.444199998790658 ], [ -73.029730792581276, -37.444082336271848 ], [ -73.030021543102777, -37.444172838182489 ], [ -73.030255343130207, -37.444388445297335 ], [ -73.030383270413182, -37.4446024278121 ], [ -73.030644998164462, -37.444777969944163 ], [ -73.030908467749086, -37.444886004499686 ], [ -73.031331517654039, -37.445001280080476 ], [ -73.03159549748176, -37.445091216734255 ], [ -73.032018487199579, -37.445201916081317 ], [ -73.032547417933827, -37.445318881466505 ], [ -73.032913661075156, -37.445577330813926 ], [ -73.033196065349344, -37.44598748490543 ], [ -73.033745804658821, -37.446334631136743 ], [ -73.034296066787789, -37.44668625744324 ], [ -73.034795162674797, -37.446946873723022 ], [ -73.03529289132598, -37.447252547396928 ], [ -73.035899133768496, -37.447496950360076 ], [ -73.036454763331307, -37.447614312251837 ], [ -73.036853344924538, -37.447661481323642 ], [ -73.037360661294741, -37.447606858082317 ], [ -73.037739068523337, -37.447401311133198 ], [ -73.038036466577921, -37.447212556274259 ], [ -73.038336075386425, -37.446965206918435 ], [ -73.038770256316056, -37.446652519983829 ], [ -73.039312106620713, -37.446300946295104 ], [ -73.039770800777831, -37.446051763151111 ], [ -73.040469285827001, -37.445810970669093 ], [ -73.041062107439188, -37.445563978985291 ], [ -73.041549669856281, -37.445234104402999 ], [ -73.042010687955027, -37.444921815334666 ], [ -73.042496006380532, -37.444677539468749 ], [ -73.043088068916305, -37.444430489839078 ], [ -73.043680742306478, -37.444187991837431 ], [ -73.04425027509491, -37.443773831008833 ], [ -73.04482172398987, -37.443314662872545 ], [ -73.045025845476943, -37.442637630150024 ], [ -73.044880470216185, -37.442062973979219 ], [ -73.044628071469134, -37.441527038725056 ], [ -73.044667071827178, -37.441059112434672 ], [ -73.044916669627199, -37.440671189638557 ], [ -73.045430641615312, -37.44038230894099 ], [ -73.045836803192941, -37.440114169230554 ], [ -73.046347246598629, -37.43993329028666 ], [ -73.046935436497208, -37.43983497238996 ], [ -73.047790246372116, -37.439722932026363 ], [ -73.04819439662181, -37.439558383605196 ], [ -73.04883364765945, -37.439528334042997 ], [ -73.049552019612378, -37.439558215989578 ], [ -73.050084345978391, -37.439566954825139 ], [ -73.050802487064288, -37.439578830567172 ], [ -73.051386315642176, -37.439674124591583 ], [ -73.051778582078967, -37.439937450699148 ], [ -73.052224064713201, -37.440219610004654 ], [ -73.052617513332933, -37.44043787894627 ], [ -73.053013930884646, -37.440570593883173 ], [ -73.053624195983019, -37.440625710836329 ], [ -73.054238693044695, -37.440550214237533 ], [ -73.05452994662275, -37.440428854912589 ], [ -73.054853279039591, -37.440217841853872 ], [ -73.055027946565119, -37.439968472975544 ], [ -73.05530535171475, -37.439729667305798 ], [ -73.055496921940673, -37.439534543668678 ], [ -73.055782935645666, -37.439345472960227 ], [ -73.056077596533584, -37.439152045171149 ], [ -73.056295641907553, -37.439020431136377 ], [ -73.056551435388073, -37.438907517231257 ], [ -73.056863368183954, -37.438781972654539 ], [ -73.057324334180436, -37.438658904328484 ], [ -73.057522412700592, -37.438594535566146 ], [ -73.057729571391619, -37.43853037074301 ], [ -73.057966533488838, -37.438408140094147 ], [ -73.058089388883729, -37.438356023658542 ], [ -73.058335358388319, -37.438242926866948 ], [ -73.058658004492273, -37.438058934959841 ], [ -73.05890554155701, -37.437909847367003 ], [ -73.059274525458278, -37.437735697127394 ], [ -73.059531240610298, -37.437559579264679 ], [ -73.059797330580608, -37.437406235258031 ], [ -73.060175516823634, -37.43722778134088 ], [ -73.060366204005632, -37.437122707970715 ], [ -73.060543877294094, -37.437049074496421 ], [ -73.060688427003086, -37.437006318944377 ], [ -73.060921177798264, -37.436938094893236 ], [ -73.061163042900304, -37.436951096612695 ], [ -73.061546540881622, -37.437038402372821 ], [ -73.06195357292674, -37.437225401125048 ], [ -73.062286175957325, -37.437393045312128 ], [ -73.062482107503953, -37.437490863556356 ], [ -73.062905317309017, -37.437732129324303 ], [ -73.063226879146427, -37.438138424825951 ], [ -73.063519916778631, -37.438445122363341 ], [ -73.063811836906623, -37.438765362129907 ], [ -73.064184234405971, -37.43906438167916 ], [ -73.064807118139129, -37.439425980707171 ], [ -73.065261787843781, -37.439600184073925 ], [ -73.066177145965469, -37.4396873020101 ], [ -73.066682608212929, -37.439695562948636 ], [ -73.067409913013023, -37.439707464347549 ], [ -73.068091804382277, -37.43964647161971 ], [ -73.068584890540038, -37.439537453048629 ], [ -73.069013818121888, -37.439472336120289 ], [ -73.069367107556829, -37.43927530455332 ], [ -73.069630093847834, -37.438887608600375 ], [ -73.069864995209784, -37.43835071550761 ], [ -73.070060450649308, -37.438137577459443 ], [ -73.070272381191131, -37.437888673122956 ], [ -73.070483651471235, -37.437666873162811 ], [ -73.070757545106432, -37.437482095233982 ], [ -73.070982437439497, -37.43735959040044 ], [ -73.071190737889253, -37.437250276053064 ], [ -73.071493925585841, -37.437138129820568 ], [ -73.071780039003841, -37.437079702812191 ], [ -73.071968874758028, -37.437123291434695 ], [ -73.072220827042386, -37.437163521192829 ], [ -73.072489802401392, -37.437167890037266 ], [ -73.072709762983564, -37.437212026407643 ], [ -73.073040078903418, -37.437303048049237 ], [ -73.073369619577178, -37.437398523291243 ], [ -73.073685393569235, -37.437426215610806 ], [ -73.074030860474679, -37.437535454807119 ], [ -73.074313450700117, -37.437616682770638 ], [ -73.07456596892311, -37.437629805629157 ], [ -73.075056201133222, -37.437628816314955 ], [ -73.075421786707778, -37.437558116333619 ], [ -73.075837032049563, -37.43739818305739 ], [ -73.076219738615094, -37.437291764681284 ], [ -73.076473133593808, -37.437273343522087 ], [ -73.076790856930018, -37.437224512377973 ], [ -73.07707717785884, -37.437161489769245 ], [ -73.077378713553628, -37.4371349100701 ], [ -73.077712807787591, -37.437050165104353 ], [ -73.077983331842134, -37.436968942945491 ], [ -73.078270935565186, -37.436883588647753 ], [ -73.078525108484939, -37.436833553939429 ], [ -73.078795655895675, -37.436774909854819 ], [ -73.079096880773378, -37.436739260602863 ], [ -73.079446240977276, -37.436695379309796 ], [ -73.079779391081843, -37.43665124548783 ], [ -73.080175990093267, -37.4366081637368 ], [ -73.08058851623467, -37.43655168929341 ], [ -73.080905858685199, -37.436516364480624 ], [ -73.081143687656677, -37.436497659955556 ], [ -73.081396739478947, -37.436488318033938 ], [ -73.081698227563038, -37.436466083442646 ], [ -73.082014510899839, -37.436448722738803 ], [ -73.082364895183133, -37.436364210954629 ], [ -73.082700645012167, -37.436216523739944 ], [ -73.082973088766465, -37.43608570984803 ], [ -73.083276158783775, -37.435973538331822 ], [ -73.083659220183847, -37.435853579625686 ], [ -73.083946690057914, -37.435745561987403 ], [ -73.084298890734743, -37.435589110000855 ], [ -73.084491989893266, -37.435438975360668 ], [ -73.084750901426148, -37.435231367074849 ], [ -73.085099749590327, -37.435011714835753 ], [ -73.085266599077926, -37.43469904000473 ], [ -73.085287000716335, -37.43442449298157 ], [ -73.085333081595479, -37.434172892113345 ], [ -73.08545753419493, -37.433972150215709 ], [ -73.085672571111033, -37.433849443475978 ], [ -73.085899131615562, -37.433799021550314 ], [ -73.086152802377057, -37.433740059803476 ], [ -73.086407105552539, -37.433631561194261 ], [ -73.086465390943104, -37.433420638820209 ], [ -73.086352158301565, -37.433207096546447 ], [ -73.086079341746384, -37.432990889411435 ], [ -73.085727818399306, -37.432732910897023 ], [ -73.085401619458395, -37.432533825044388 ], [ -73.085210548695784, -37.432246822513413 ], [ -73.08513959705968, -37.431898769193424 ], [ -73.085191274443048, -37.43142191094779 ], [ -73.08527799061406, -37.4311484625714 ], [ -73.085370622191192, -37.430618237219292 ], [ -73.085424603753253, -37.430078354369961 ], [ -73.085443375847746, -37.429785786133174 ], [ -73.085480190604727, -37.42953398848077 ], [ -73.085533091493488, -37.429287022253796 ], [ -73.085606587158466, -37.429035947695695 ], [ -73.085672427380572, -37.42878019407658 ], [ -73.085781566399376, -37.428543086892198 ], [ -73.085932750166762, -37.428320241265034 ], [ -73.086056281094741, -37.428155468031157 ], [ -73.086233166560703, -37.427978147000942 ], [ -73.086514496449809, -37.427856536871253 ], [ -73.086728484133644, -37.427774375927712 ], [ -73.08694218974648, -37.427705727566334 ], [ -73.087182157606634, -37.427655504099675 ], [ -73.08743390327848, -37.427668626564618 ], [ -73.087763051388464, -37.427750572186312 ], [ -73.088063621394326, -37.427904124304696 ], [ -73.088338357649249, -37.428043739045556 ], [ -73.088612970834987, -37.428187859147585 ], [ -73.088863000724629, -37.428273059287683 ], [ -73.089085835915697, -37.428339718981036 ], [ -73.089391054703171, -37.428335636393975 ], [ -73.089579702709457, -37.428221511481027 ], [ -73.089822396058182, -37.428036223003531 ], [ -73.089975868732907, -37.427750348901398 ], [ -73.090244759650275, -37.427592486987763 ], [ -73.090722983181664, -37.427537096488379 ], [ -73.091305275640408, -37.427578009815882 ], [ -73.091728498920219, -37.427598313096304 ], [ -73.092180515001502, -37.427542570908635 ], [ -73.092463080972436, -37.427375965445378 ], [ -73.092731214610012, -37.427245058344994 ], [ -73.092958370697602, -37.42717209642732 ], [ -73.093210364304468, -37.427176196198893 ], [ -73.093447122484108, -37.427225024624704 ], [ -73.093697403902055, -37.427301202384143 ], [ -73.094013246166057, -37.42737835310821 ], [ -73.094357882129884, -37.427379456697757 ], [ -73.094792478081175, -37.427481041797755 ], [ -73.095121386340992, -37.427572051018544 ], [ -73.095542897431869, -37.427664420527712 ], [ -73.095887157899881, -37.427678963313006 ], [ -73.096232692178972, -37.427643946769457 ], [ -73.096551218609051, -37.427617615510641 ], [ -73.096896871465759, -37.427578018376359 ], [ -73.097161895135827, -37.427573318680828 ], [ -73.097454052419025, -37.427555500069438 ], [ -73.097825079987572, -37.427543428382286 ], [ -73.098103901780405, -37.427525407879344 ], [ -73.098475796223198, -37.42750887689435 ], [ -73.098766682390291, -37.427513531651442 ], [ -73.099043482973741, -37.42757202676389 ], [ -73.099279871945811, -37.427688522485546 ], [ -73.099527982135712, -37.427850213564284 ], [ -73.099799952477866, -37.428043838917034 ], [ -73.100061284072112, -37.42815614644276 ], [ -73.100454178431292, -37.428369845085342 ], [ -73.100701142370895, -37.428576512930022 ], [ -73.100921536839337, -37.42876934386048 ], [ -73.101090226974961, -37.428911728389011 ], [ -73.101380590322563, -37.42896598291734 ], [ -73.101780092688983, -37.428868712805752 ], [ -73.101918942587488, -37.428627608220658 ], [ -73.101861873515801, -37.428257241120058 ], [ -73.101857528364789, -37.427896701700043 ], [ -73.101744750270754, -37.427665006918893 ], [ -73.10165849942706, -37.427388778355052 ], [ -73.101706260155765, -37.427060592828028 ], [ -73.101899190431027, -37.426806834203262 ], [ -73.102204686797904, -37.426708108843847 ], [ -73.10249225099507, -37.426591115083049 ], [ -73.102764918429898, -37.426590933170765 ], [ -73.103125387200592, -37.426551688617458 ], [ -73.103374230415753, -37.426515142768558 ], [ -73.103697558341025, -37.426461691159787 ], [ -73.104020084070754, -37.426444350250335 ], [ -73.104292012192076, -37.426471272602619 ], [ -73.104677606841278, -37.426414398150087 ], [ -73.104963831650366, -37.426382968620658 ], [ -73.105299535665281, -37.426347751723483 ], [ -73.105571985707812, -37.426352072689127 ], [ -73.105907847826245, -37.426307919214132 ], [ -73.10620638763956, -37.426263144355069 ], [ -73.106491127533488, -37.426285778618954 ], [ -73.106724895221561, -37.426339037739666 ], [ -73.10698209276886, -37.426473832219472 ], [ -73.107200179465337, -37.426653080801032 ], [ -73.107506584927279, -37.426797672983938 ], [ -73.107851828152221, -37.426884314304353 ], [ -73.108222694024008, -37.426908299519297 ], [ -73.108732288521765, -37.426866870052883 ], [ -73.109105161229877, -37.426814261196242 ], [ -73.109428457714102, -37.42676537043846 ], [ -73.109913846208215, -37.426701019982609 ], [ -73.11013783573442, -37.426668571865839 ], [ -73.110448811824526, -37.426632946335602 ], [ -73.110797356358134, -37.426561920652951 ], [ -73.111133708058389, -37.426499730857458 ], [ -73.111543771917596, -37.4264521646462 ], [ -73.111767882716379, -37.426415208553408 ], [ -73.112054284493567, -37.426343171799246 ], [ -73.112390850891188, -37.426276468238456 ], [ -73.112800515000089, -37.426246991185316 ], [ -73.113228761658959, -37.426262835459518 ], [ -73.113511161441565, -37.42641156958571 ], [ -73.113882164755594, -37.426795926630803 ], [ -73.114055105719146, -37.426969947521599 ], [ -73.11435050681888, -37.427127890646069 ], [ -73.1147296452761, -37.427187946212761 ], [ -73.114962895534561, -37.427128675360109 ], [ -73.115305443813668, -37.427012464118249 ], [ -73.115580140542704, -37.426931159729051 ], [ -73.115880838109334, -37.426881932332833 ], [ -73.116193666525561, -37.426886886034559 ], [ -73.116602223910036, -37.426870937739096 ], [ -73.116790775796602, -37.42692796736128 ], [ -73.117116386340996, -37.426987151340775 ], [ -73.117414931544204, -37.427023519328266 ], [ -73.117696259636702, -37.427181207664582 ], [ -73.117925352492009, -37.427283973669041 ], [ -73.118220085245156, -37.427473439381131 ], [ -73.118530826874988, -37.427554980734428 ], [ -73.118854935436218, -37.427645720924282 ], [ -73.119126716233865, -37.42768161634023 ], [ -73.119397299577216, -37.427731055795043 ], [ -73.119695931018711, -37.42776726719309 ], [ -73.119898658320452, -37.427824534397978 ], [ -73.120154520971255, -37.427927763922426 ], [ -73.120423413685259, -37.428049206295057 ], [ -73.120815963989685, -37.428141018789432 ], [ -73.121168755757935, -37.428182787826501 ], [ -73.121509364574337, -37.42817458197316 ], [ -73.121786241514556, -37.42800330963609 ], [ -73.12191295786856, -37.427793523495396 ], [ -73.121974379277788, -37.427542187827619 ], [ -73.122002178542573, -37.427276750034494 ], [ -73.122023089525754, -37.42697517658133 ], [ -73.122098475246077, -37.426615912219788 ], [ -73.122183109122261, -37.426396380228937 ], [ -73.122348611136943, -37.426106136082254 ], [ -73.122539529185957, -37.425865920042739 ], [ -73.12268954873673, -37.425688008609796 ], [ -73.122839226927681, -37.425492103584027 ], [ -73.122950529988017, -37.425273042704973 ], [ -73.123049973489969, -37.424999789454034 ], [ -73.123121086822806, -37.424780139293979 ], [ -73.123233955646683, -37.424507080429535 ], [ -73.123357944715451, -37.42428823925033 ], [ -73.123483127645244, -37.42402884459684 ], [ -73.123568773024431, -37.423795847290435 ], [ -73.123694631487325, -37.423504993797387 ], [ -73.123780028033153, -37.423253999726121 ], [ -73.123772670830974, -37.423010599836459 ], [ -73.12372549670215, -37.422807037115795 ], [ -73.123585807777147, -37.422574976294683 ], [ -73.123184414457072, -37.422244177801382 ], [ -73.123059139899112, -37.421976340524346 ], [ -73.123078546204212, -37.421733333860786 ], [ -73.12320311738128, -37.421496541097973 ], [ -73.123511718325787, -37.421298625355703 ], [ -73.123965184287954, -37.421125606499295 ], [ -73.124414447032905, -37.421123705198795 ], [ -73.124836001242898, -37.421152950262837 ], [ -73.125364867298458, -37.421129815043827 ], [ -73.125605141484115, -37.421038918562559 ], [ -73.125767224510824, -37.420883826324946 ], [ -73.125827169988057, -37.420600882829433 ], [ -73.12579721207166, -37.420217407901795 ], [ -73.125699116940936, -37.419900438405698 ], [ -73.125654476959525, -37.419566251345877 ], [ -73.125598802971481, -37.419164268451475 ], [ -73.125591536499144, -37.418920939455774 ], [ -73.125533197209649, -37.418627004868235 ], [ -73.125460553147562, -37.41836906389775 ], [ -73.125346889314656, -37.41813742310817 ], [ -73.125248777115956, -37.417852036321037 ], [ -73.125215545738655, -37.417599136894445 ], [ -73.125181059414899, -37.417395794194341 ], [ -73.125147339354072, -37.417133983394251 ], [ -73.125170595838469, -37.416742301444252 ], [ -73.125244977242318, -37.416419007950218 ], [ -73.125302225078741, -37.416221683106414 ], [ -73.125349113543308, -37.415925028829371 ], [ -73.125354807065563, -37.415695266935622 ], [ -73.125387967475973, -37.415443441159944 ], [ -73.12538060398559, -37.415199968079257 ], [ -73.125427582281688, -37.41490331118235 ], [ -73.125526390674736, -37.414652510890605 ], [ -73.125757298126942, -37.414394879445894 ], [ -73.125880592797998, -37.414207568229614 ], [ -73.125965612949742, -37.413997170494518 ], [ -73.125957482298119, -37.413785233141368 ], [ -73.125869394399672, -37.413608116390343 ], [ -73.125703118935519, -37.413393663536958 ], [ -73.125522502766174, -37.413219559008105 ], [ -73.12540677550308, -37.413105097111064 ], [ -73.125200355227207, -37.412912560476585 ], [ -73.125033563231753, -37.412720630547312 ], [ -73.124874185032368, -37.412542389632826 ], [ -73.124703878827546, -37.412350434495465 ], [ -73.124502365149752, -37.412130939881962 ], [ -73.124316500124209, -37.411911709341695 ], [ -73.124178323063845, -37.411706750767713 ], [ -73.1240400543753, -37.411501795914084 ], [ -73.123808501932729, -37.411218707803052 ], [ -73.123557501862564, -37.411061522425733 ], [ -73.123338781853818, -37.410882326426375 ], [ -73.123088519300495, -37.410698106013335 ], [ -73.122886371412108, -37.410505637399645 ], [ -73.122731534196475, -37.410313877546798 ], [ -73.122531508128787, -37.410040385616675 ], [ -73.122410798809128, -37.409786112646984 ], [ -73.122304296345661, -37.409581669143982 ], [ -73.122196996178246, -37.409413263402861 ], [ -73.122059008662404, -37.409194717763363 ], [ -73.12192136969287, -37.408967305635635 ], [ -73.121766012352694, -37.408797994444299 ], [ -73.121677712451842, -37.408517278671376 ], [ -73.121542096488341, -37.408208698892928 ], [ -73.121389541891844, -37.407926906291635 ], [ -73.121282768137178, -37.40773597470438 ], [ -73.121161177570201, -37.407517740993946 ], [ -73.121040293079048, -37.407263472306141 ], [ -73.12088657785921, -37.407031233451931 ], [ -73.120764001840371, -37.406848969452859 ], [ -73.120593625566968, -37.406630003888438 ], [ -73.120391588171358, -37.406437526250201 ], [ -73.120175254088011, -37.40616821456895 ], [ -73.120068765099262, -37.405990776537521 ], [ -73.119866732195248, -37.405771363904748 ], [ -73.119632969897069, -37.405573794082436 ], [ -73.119351780145152, -37.40535308578751 ], [ -73.119101051366201, -37.40518680416141 ], [ -73.118865482555975, -37.405065891299323 ], [ -73.118582635412352, -37.404912683396518 ], [ -73.118377347912059, -37.404819343172242 ], [ -73.118094998435112, -37.404648185824868 ], [ -73.117796808964769, -37.404490124642258 ], [ -73.117609877638969, -37.404311430279748 ], [ -73.11735891350142, -37.404154228982613 ], [ -73.117126673847636, -37.403898159176926 ], [ -73.116908208960425, -37.403714513163663 ], [ -73.11659426124335, -37.403533753930532 ], [ -73.11635731801077, -37.403466898036818 ], [ -73.115976691045091, -37.403384243637902 ], [ -73.115675991681826, -37.403325364980567 ], [ -73.115438307339133, -37.403258460375874 ], [ -73.115152300820654, -37.403231388384931 ], [ -73.114852495281099, -37.403136466858555 ], [ -73.114504365769164, -37.403054298774215 ], [ -73.114316278311605, -37.402925227371213 ], [ -73.114100249655451, -37.402642315939232 ], [ -73.122657808562792, -37.393491492048042 ], [ -73.11800738844039, -37.39095882133612 ], [ -73.117230246904938, -37.390247946255549 ], [ -73.116807594055345, -37.389957339345465 ], [ -73.116025836077668, -37.389656524209869 ], [ -73.115535580511349, -37.389193532564597 ], [ -73.115580994840542, -37.389132842710502 ], [ -73.115832009283764, -37.388797196546157 ], [ -73.116560535792644, -37.388349193251877 ], [ -73.116843351495234, -37.388096189948975 ], [ -73.117001074099562, -37.387955208856816 ], [ -73.117179913401259, -37.387870532425708 ], [ -73.11758176935372, -37.387680451204915 ], [ -73.118232544878154, -37.387461097021294 ], [ -73.118739933113559, -37.387239289729308 ], [ -73.118827570956057, -37.386614321398675 ], [ -73.118357962268234, -37.386367715423745 ], [ -73.118261131067115, -37.386316929628222 ], [ -73.117832150484674, -37.386251462353087 ], [ -73.117184286400061, -37.386358327991204 ], [ -73.11668111665324, -37.386408933890074 ], [ -73.116543566616926, -37.386176935184352 ], [ -73.115419123816224, -37.385244237969061 ], [ -73.115070702351815, -37.384837619070801 ], [ -73.114869785155364, -37.384262115284955 ], [ -73.114965062271025, -37.384014324538747 ], [ -73.115023107811439, -37.383863464791631 ], [ -73.115463538320512, -37.383469489659262 ], [ -73.116043011865884, -37.383248871160809 ], [ -73.11705349977953, -37.382981047216042 ], [ -73.117778975609724, -37.382645601213625 ], [ -73.11807900393147, -37.382136677200101 ], [ -73.118087747234128, -37.382093721124562 ], [ -73.11816030326132, -37.381736920424572 ], [ -73.118463249311105, -37.381110861206068 ], [ -73.118620858727695, -37.380541083635016 ], [ -73.118493226092141, -37.379912704492071 ], [ -73.118289494473913, -37.379449761893298 ], [ -73.118157652332926, -37.378992577083807 ], [ -73.117887650199549, -37.378298765713147 ], [ -73.117255625210049, -37.377775050572012 ], [ -73.11675974619007, -37.377537246548705 ], [ -73.116200504501506, -37.376956086549242 ], [ -73.116047810666146, -37.376004487192013 ], [ -73.115951926289341, -37.375406505846094 ], [ -73.116182869674148, -37.374779273711674 ], [ -73.116478657947766, -37.374441475915908 ], [ -73.117211052602272, -37.373826790076151 ], [ -73.117182085527631, -37.373571302706786 ], [ -73.11715211683142, -37.373307659000893 ], [ -73.116872724608399, -37.373019285165753 ], [ -73.116881261298531, -37.372676966200643 ], [ -73.117174914276717, -37.372393257403601 ], [ -73.117469947965475, -37.372055409598218 ], [ -73.117626689609523, -37.371544179195062 ], [ -73.117633929132381, -37.37125591994505 ], [ -73.117511318079252, -37.370397799246938 ], [ -73.117021225108019, -37.369930378033878 ], [ -73.116600200005706, -37.369581119907153 ], [ -73.116250346626728, -37.369233143082582 ], [ -73.11604666890743, -37.368770267358151 ], [ -73.11584579752504, -37.368194762356694 ], [ -73.115716920722804, -37.367620363122015 ], [ -73.115802544542433, -37.367049482111611 ], [ -73.116323013146697, -37.366354378673073 ], [ -73.116989588240344, -37.365464092834785 ], [ -73.117506947775396, -37.364845982776629 ], [ -73.117948675451743, -37.364393365492255 ], [ -73.118458811633587, -37.364059010134731 ], [ -73.118756737897584, -37.363604099793513 ], [ -73.118757664958949, -37.363563630611843 ], [ -73.11876806924657, -37.363149151709173 ], [ -73.119070856294542, -37.362523098704052 ], [ -73.11972842487917, -37.362019851512642 ], [ -73.119813922934654, -37.361960491977491 ], [ -73.120457999722007, -37.361513203728975 ], [ -73.121041600127796, -37.36112144670529 ], [ -73.121681198813462, -37.360324390989888 ], [ -73.121855839389525, -37.360106957462662 ], [ -73.122434378687004, -37.359513477675321 ], [ -73.122517697429615, -37.359427923016781 ], [ -73.123034879996567, -37.358809796796926 ], [ -73.123698750262889, -37.358076819658834 ], [ -73.124649815518808, -37.357289753892431 ], [ -73.125407341441715, -37.356653630352163 ], [ -73.125455589955621, -37.356613056741587 ], [ -73.125831225881569, -37.356383060893208 ], [ -73.126930568854903, -37.355709822311447 ], [ -73.133259384186175, -37.356929971887681 ], [ -73.133647950462304, -37.356197058507085 ], [ -73.13373714149192, -37.355932642549995 ], [ -73.133804048014284, -37.355735418370926 ], [ -73.133894021476507, -37.355407885119639 ], [ -73.133962551254584, -37.355147660066962 ], [ -73.134031564326293, -37.354869341151925 ], [ -73.134036847318484, -37.354657597925438 ], [ -73.134084583792685, -37.354378989423516 ], [ -73.134036441279974, -37.354103369705498 ], [ -73.134047669322712, -37.35384670121779 ], [ -73.134039188328103, -37.35358968980983 ], [ -73.134011131246837, -37.353327976025838 ], [ -73.133963118091543, -37.353074858156056 ], [ -73.133894440091439, -37.352825856839971 ], [ -73.133810443120794, -37.352572225991395 ], [ -73.133704364662137, -37.352327191198135 ], [ -73.133654605181945, -37.352240827139831 ], [ -73.13356835074498, -37.352090803244771 ], [ -73.133395054048577, -37.351880736725413 ], [ -73.133190556167406, -37.35167478637446 ], [ -73.1329593199318, -37.351495302733589 ], [ -73.132707370342388, -37.351329088748294 ], [ -73.13243850008628, -37.351189661694463 ], [ -73.132136401147804, -37.351108363582128 ], [ -73.131804948859099, -37.351071553854212 ], [ -73.131471464581239, -37.351034741251837 ], [ -73.131162492632527, -37.35097131621842 ], [ -73.130902628885451, -37.350841016875016 ], [ -73.130687600054202, -37.350661921141722 ], [ -73.130498892759093, -37.350447075394598 ], [ -73.130319594418268, -37.350223413363267 ], [ -73.130133146386115, -37.350004208144234 ], [ -73.129922093498323, -37.349811616546923 ], [ -73.129674934624305, -37.349649949882483 ], [ -73.129396327528823, -37.349501337614818 ], [ -73.129099230409864, -37.349393070500057 ], [ -73.128793283987022, -37.349320604785653 ], [ -73.128481241596674, -37.349302145569823 ], [ -73.128159429129283, -37.349306090353679 ], [ -73.127833362240722, -37.349336968063689 ], [ -73.127507669949622, -37.349381411120113 ], [ -73.127187708910043, -37.349425873431365 ], [ -73.12687441157324, -37.349483973896717 ], [ -73.126564882669044, -37.349560242829178 ], [ -73.126255967314208, -37.349640992036043 ], [ -73.125947170536961, -37.349717159404918 ], [ -73.125636492687534, -37.34978431602282 ], [ -73.125321710435571, -37.349815384204135 ], [ -73.125002142858094, -37.349814814342444 ], [ -73.124679584788993, -37.349791694235016 ], [ -73.124355913707291, -37.349755034539363 ], [ -73.124034620466148, -37.349736443319415 ], [ -73.123713296682283, -37.34972235457937 ], [ -73.123391382705279, -37.349699208021299 ], [ -73.123071069526091, -37.34967150398203 ], [ -73.122753197069542, -37.349625930654511 ], [ -73.122432733871719, -37.349580298027831 ], [ -73.122115845968722, -37.34952568537561 ], [ -73.121812157012201, -37.349448769419027 ], [ -73.121526598753064, -37.349331593619176 ], [ -73.121248344695488, -37.34920095365193 ], [ -73.120979779866573, -37.349048059347844 ], [ -73.120726999335531, -37.348886275351603 ], [ -73.120494915988601, -37.348715946526966 ], [ -73.120276148369157, -37.348518661253713 ], [ -73.120075208714809, -37.348312710963164 ], [ -73.119911605738636, -37.348084721379543 ], [ -73.119804810424398, -37.347844198816773 ], [ -73.11975034916199, -37.347595576495536 ], [ -73.119726131480249, -37.347347302563477 ], [ -73.119723473365312, -37.347085953366147 ], [ -73.119734966411059, -37.346824774652902 ], [ -73.119601214451777, -37.346581428616723 ], [ -73.119607118179815, -37.346343098663795 ], [ -73.119564323338011, -37.346064405743135 ], [ -73.119569836298894, -37.345845938952969 ], [ -73.119525976953469, -37.34560690965273 ], [ -73.119507094366213, -37.345368263092659 ], [ -73.119513486777763, -37.34511014071056 ], [ -73.119595018771264, -37.344833383585858 ], [ -73.11967509010411, -37.344616078726212 ], [ -73.119781992317868, -37.344319915214328 ], [ -73.119814328074838, -37.344022442179458 ], [ -73.119820720486388, -37.343764318741897 ], [ -73.114362093289401, -37.3369189761165 ], [ -73.114042478999508, -37.336480130237675 ], [ -73.113791744830678, -37.336117914360294 ], [ -73.113634454315985, -37.335794799558983 ], [ -73.113523537531236, -37.335510212082568 ], [ -73.113410727996168, -37.335300957703978 ], [ -73.113298374805282, -37.335072943613881 ], [ -73.113185924596323, -37.334844860263189 ], [ -73.11305695796257, -37.334596911302732 ], [ -73.112892425230058, -37.33437794545479 ], [ -73.112732276276162, -37.334154620545895 ], [ -73.11257788911648, -37.333926815826651 ], [ -73.112432448278724, -37.333703717427341 ], [ -73.112297276981295, -37.333467272985317 ], [ -73.112167097621878, -37.33323087565519 ], [ -73.11204320826613, -37.332994555436827 ], [ -73.111926569212997, -37.332753923113238 ], [ -73.111821146524505, -37.332508842216086 ], [ -73.111729231802954, -37.332264029088428 ], [ -73.111653723911758, -37.332015029472267 ], [ -73.111600684682429, -37.331766279030269 ], [ -73.111577281772639, -37.331513619903461 ], [ -73.11158030011201, -37.33125236703134 ], [ -73.111603104743807, -37.330991310395135 ], [ -73.111639106525459, -37.330735034335106 ], [ -73.11168648636847, -37.330478952403745 ], [ -73.111752051706119, -37.330227623257478 ], [ -73.11185528609856, -37.329737006312456 ], [ -73.111868362874162, -37.329214844457667 ], [ -73.111623243175828, -37.328815975060422 ], [ -73.111247195821505, -37.328542532313946 ], [ -73.113529016356154, -37.327462180687114 ], [ -73.114458153735995, -37.326672350257248 ], [ -73.114678684748355, -37.325714234262016 ], [ -73.114627572405311, -37.32481059455926 ], [ -73.114287942752583, -37.323647221974973 ], [ -73.113676288858784, -37.322558036767141 ], [ -73.113114665736418, -37.321430357722051 ], [ -73.112434664422537, -37.320124236165853 ], [ -73.111750778793365, -37.318975052714222 ], [ -73.11101880904198, -37.317785771481361 ], [ -73.110456268739696, -37.316697366495681 ], [ -73.110325314134201, -37.316037798590642 ], [ -73.110414755793798, -37.315411221295406 ], [ -73.110511517824605, -37.314490330239245 ], [ -73.110698247029475, -37.313904494647559 ], [ -73.110855873514069, -37.313494852838502 ], [ -73.110920713012945, -37.312867876395465 ], [ -73.110809649802803, -37.312395047826563 ], [ -73.110568974070205, -37.312194960739895 ], [ -73.11020650385305, -37.311953656648242 ], [ -73.109425368407855, -37.31174491824595 ], [ -73.108422333816108, -37.31157186091982 ], [ -73.108228759448806, -37.311451006488262 ], [ -73.107870218462722, -37.311052749425556 ], [ -73.107757271485411, -37.310658497083502 ], [ -73.107814707968046, -37.310325765820608 ], [ -73.10829663166011, -37.309725020591266 ], [ -73.108752952468237, -37.309163166463968 ], [ -73.109230354939442, -37.308739009415788 ], [ -73.109876409817062, -37.308454945371068 ], [ -73.110373891431522, -37.308207776740694 ], [ -73.110771264790728, -37.308037512864921 ], [ -73.111196230802165, -37.307749843598799 ], [ -73.111746802849922, -37.30734652316108 ], [ -73.112277366721329, -37.3067662073137 ], [ -73.112409473865341, -37.306395454668014 ], [ -73.112435331870785, -37.305983831282788 ], [ -73.112286643623278, -37.305412177939587 ], [ -73.111955022451312, -37.304916181423387 ], [ -73.111400937990794, -37.304475595216005 ], [ -73.110793851131902, -37.304191148502518 ], [ -73.110108666538835, -37.304082088671528 ], [ -73.109550180333429, -37.303818007997265 ], [ -73.109016788565498, -37.303534679214629 ], [ -73.108489831429949, -37.302996393531238 ], [ -73.108329209962193, -37.302542404474032 ], [ -73.107924949219722, -37.302006048164579 ], [ -73.107369404996874, -37.301624304821416 ], [ -73.10613502906665, -37.300974675207335 ], [ -73.104818803139324, -37.300314297656449 ], [ -73.103567245132638, -37.29958576246802 ], [ -73.102628524525372, -37.298596714206852 ], [ -73.101672308329611, -37.297618372784584 ], [ -73.100691240241517, -37.296571522479411 ], [ -73.099906482789081, -37.29553836489309 ], [ -73.099314747240086, -37.294749103022944 ], [ -73.098508155336361, -37.293513985562342 ], [ -73.097973531079873, -37.292308244614617 ], [ -73.097391257485725, -37.291042832914954 ], [ -73.096736838394506, -37.289929789510609 ], [ -73.095929676060607, -37.288872806515428 ], [ -73.095483353501564, -37.287699780329611 ], [ -73.095036857567706, -37.286111530203335 ], [ -73.094876082488028, -37.2852865703845 ], [ -73.094207144825191, -37.284193568800717 ], [ -73.093322980701743, -37.283172439082691 ], [ -73.092652358697734, -37.282061184081122 ], [ -73.092541645830551, -37.280866190543101 ], [ -73.092660907065991, -37.280046287442531 ], [ -73.092558190103148, -37.278390772642958 ], [ -73.092324100818189, -37.277203961072743 ], [ -73.091972109448847, -37.276083732820389 ], [ -73.091778643777687, -37.27481980245954 ], [ -73.091575442165478, -37.273381245980694 ], [ -73.09147720779589, -37.272253853093083 ], [ -73.091447301981759, -37.271206447577306 ], [ -73.091569923814674, -37.27074823198943 ], [ -73.091827398941419, -37.270222697307162 ], [ -73.092080289066942, -37.26987840784026 ], [ -73.092073495108451, -37.26946009285075 ], [ -73.091918683943959, -37.268893488544215 ], [ -73.09168151703085, -37.268417179416716 ], [ -73.091586678293055, -37.268016597730082 ], [ -73.091621162820175, -37.267591539527658 ], [ -73.091644983446557, -37.267332589540629 ], [ -73.091676131630706, -37.267018041685404 ], [ -73.091566739287003, -37.266733890867215 ], [ -73.091394472059903, -37.266466822335815 ], [ -73.091110011542042, -37.26613301768915 ], [ -73.090772650135406, -37.265717437876205 ], [ -73.090500187516469, -37.264996617679273 ], [ -73.090247169830164, -37.264426694711403 ], [ -73.089852950455935, -37.263868002542608 ], [ -73.089455336348266, -37.263326620509318 ], [ -73.089261066684927, -37.262721160256845 ], [ -73.089089813655789, -37.26218264405891 ], [ -73.08893911048709, -37.261805317950241 ], [ -73.088757207930257, -37.261484340325396 ], [ -73.088569195032875, -37.261168150099749 ], [ -73.088400588440564, -37.260898293515339 ], [ -73.088211316105145, -37.260526358211948 ], [ -73.088061389080849, -37.260120593954177 ], [ -73.087887302765324, -37.25972385613295 ], [ -73.087768646096052, -37.259484665195068 ], [ -73.087578068508535, -37.259272682505781 ], [ -73.087356078632155, -37.259126797893288 ], [ -73.086970046503438, -37.25889751677677 ], [ -73.086671644132352, -37.258726524991438 ], [ -73.086245245308007, -37.258549627801507 ], [ -73.084851851402817, -37.258076815299773 ], [ -73.083313968874066, -37.257977423148411 ], [ -73.081761002733401, -37.257971290006402 ], [ -73.080209072350229, -37.257915953713514 ], [ -73.078656596689697, -37.257871021142876 ], [ -73.07710331524035, -37.257884687385221 ], [ -73.075556231268152, -37.257980693489948 ], [ -73.074003406162959, -37.257980650590881 ], [ -73.07247424986889, -37.258169567271047 ], [ -73.070774559197901, -37.258133957522979 ], [ -73.070289337790442, -37.258069125645292 ], [ -73.069856659742285, -37.257805825110687 ], [ -73.069631666797889, -37.257579500027006 ], [ -73.069213944800879, -37.257396632832354 ], [ -73.068815029034354, -37.257209796271361 ], [ -73.068248634959517, -37.257029533617541 ], [ -73.066767628364659, -37.256658769681344 ], [ -73.066562798106844, -37.256594090258588 ], [ -73.066282760893444, -37.256399686292184 ], [ -73.065668598005047, -37.255889207433491 ], [ -73.065677352985801, -37.255885511573197 ], [ -73.06581000989874, -37.255857998894371 ], [ -73.066160498386623, -37.255785211333098 ], [ -73.067401661987134, -37.255530649512046 ], [ -73.068087721539285, -37.255541870851062 ], [ -73.068545680874522, -37.255594514739116 ], [ -73.068635043482331, -37.255604795118664 ], [ -73.069179577953065, -37.255780422223729 ], [ -73.069657197816582, -37.25589636320192 ], [ -73.070202549754214, -37.256013438712543 ], [ -73.070584078628428, -37.255834929964102 ], [ -73.071105449141228, -37.25559102049656 ], [ -73.072225296160937, -37.254730540993165 ], [ -73.072782344163571, -37.254410642929138 ], [ -73.07382535827702, -37.253882355078808 ], [ -73.074246642992449, -37.253501674667326 ], [ -73.074600755284195, -37.253070325208284 ], [ -73.075500101834251, -37.25275595660775 ], [ -73.076127655010282, -37.252383138069796 ], [ -73.076829788117792, -37.251736629979149 ], [ -73.078243589051297, -37.250114746217861 ], [ -73.079028601625254, -37.248919889901771 ], [ -73.079964205078511, -37.24717752843685 ], [ -73.079916737200591, -37.246356672822337 ], [ -73.079797412184774, -37.245642638877221 ], [ -73.079803032943488, -37.245421952320598 ], [ -73.080087474596738, -37.245043466735218 ], [ -73.080505718514928, -37.244775405239004 ], [ -73.081200036279498, -37.244457741112818 ], [ -73.081239596287972, -37.244402359853531 ], [ -73.081626626444987, -37.243860789291205 ], [ -73.081710893808534, -37.243570234441883 ], [ -73.081927032957466, -37.242824697705657 ], [ -73.082076862065392, -37.242331384474817 ], [ -73.082237885080076, -37.241401200970365 ], [ -73.082460235180861, -37.240746877196877 ], [ -73.08261422079363, -37.240091445689579 ], [ -73.082901871229069, -37.239550867543947 ], [ -73.083256091318631, -37.239114989902362 ], [ -73.083817135925969, -37.238632856223546 ], [ -73.084508639268734, -37.23842323142555 ], [ -73.085060093462104, -37.238323964963584 ], [ -73.08607981336192, -37.238669495018556 ], [ -73.086484367853487, -37.238946401231125 ], [ -73.086701847288836, -37.239051049202835 ], [ -73.086959038547931, -37.239174911329002 ], [ -73.087645700869643, -37.239131837020082 ], [ -73.087877200311624, -37.238988865610061 ], [ -73.087994200487486, -37.238916635315633 ], [ -73.088962417277131, -37.238603329050669 ], [ -73.090194690251266, -37.238281618928582 ], [ -73.090343941742475, -37.238242584117764 ], [ -73.090461136852753, -37.23816547419775 ], [ -73.090831875163772, -37.237921454608838 ], [ -73.091597169717247, -37.237496711471451 ], [ -73.092223008907695, -37.237177814445303 ], [ -73.09284547402595, -37.236967136425456 ], [ -73.093299394535663, -37.236853349781526 ], [ -73.093673550038005, -37.236759592478826 ], [ -73.094502329430938, -37.236556593697955 ], [ -73.095195038312823, -37.236383761089151 ], [ -73.095537432979995, -37.236298403118532 ], [ -73.095883172074949, -37.236191306799896 ], [ -73.096642941091133, -37.235987288768015 ], [ -73.097051456254775, -37.236101900621108 ], [ -73.097370289010371, -37.23623740304226 ], [ -73.097459189884148, -37.236275275990906 ], [ -73.097863677900392, -37.236552145941616 ], [ -73.098519883740707, -37.237716274805216 ], [ -73.098855991997539, -37.237996545125256 ], [ -73.09893254462942, -37.238085761681404 ], [ -73.099189293917391, -37.238384942611397 ], [ -73.099272739322458, -37.238650579530372 ], [ -73.099379858928501, -37.238991918650456 ], [ -73.099714568508432, -37.239326176120883 ], [ -73.099916075898008, -37.239491640121841 ], [ -73.100049287071499, -37.239660580146918 ], [ -73.100206530873763, -37.239683832103886 ], [ -73.100869095887987, -37.239781869564389 ], [ -73.101339760096266, -37.239789450235889 ], [ -73.101692453948175, -37.239795071374857 ], [ -73.102106433563719, -37.239693558976128 ], [ -73.102740053062831, -37.23938592144993 ], [ -73.102870363576272, -37.239322807707552 ], [ -73.103351197611886, -37.239276380086146 ], [ -73.103745571496333, -37.23930342466717 ], [ -73.104069724075032, -37.239325673361954 ], [ -73.104378872991859, -37.239346966593935 ], [ -73.104422203229589, -37.239390254613177 ], [ -73.104713511604857, -37.239681211762509 ], [ -73.105040085143244, -37.240344333295376 ], [ -73.105300279470356, -37.240898332639013 ], [ -73.105839355777405, -37.24129004273555 ], [ -73.106056960976886, -37.241416786066203 ], [ -73.106245972800878, -37.241526886420338 ], [ -73.107191426281204, -37.242077737625301 ], [ -73.107537615432136, -37.242189311622099 ], [ -73.107735932005852, -37.242253186727616 ], [ -73.107815780556493, -37.242295794415782 ], [ -73.107918727488055, -37.242350733840375 ], [ -73.107927387247415, -37.242338552973024 ], [ -73.108146883400551, -37.242028009200943 ], [ -73.108221193837494, -37.241922929128506 ], [ -73.107958179698699, -37.241477140469108 ], [ -73.107905660593943, -37.240818378432067 ], [ -73.108194079987257, -37.240273215647676 ], [ -73.108617595219528, -37.239788737223698 ], [ -73.10856301268457, -37.239238078832429 ], [ -73.108783726054909, -37.238637783020046 ], [ -73.109276983790906, -37.238100330485828 ], [ -73.10950052146454, -37.237387477035362 ], [ -73.109687515672377, -37.237070237342422 ], [ -73.109787484688781, -37.236900803755539 ], [ -73.110212497412633, -37.236357824720621 ], [ -73.110383672288322, -37.236343756212641 ], [ -73.110762402910439, -37.236312508109663 ], [ -73.111044614945143, -37.235988119107944 ], [ -73.111123609197961, -37.235626595683577 ], [ -73.111199643501919, -37.235278531314385 ], [ -73.11155898488694, -37.234626330765849 ], [ -73.11197844781897, -37.234304103024371 ], [ -73.112164857223576, -37.234018833230735 ], [ -73.112264112977641, -37.233866984902569 ], [ -73.11226851292588, -37.233693420183862 ], [ -73.112283269551085, -37.233101242321219 ], [ -73.112514928893162, -37.23266223904379 ], [ -73.112570891240424, -37.23255602444025 ], [ -73.112577270177255, -37.232300112467627 ], [ -73.112580421467271, -37.232173154258952 ], [ -73.11259417377596, -37.231623589619936 ], [ -73.112821631697472, -37.230752973938181 ], [ -73.113051545612976, -37.230516072798878 ], [ -73.113243796761878, -37.230318041766317 ], [ -73.113458365655688, -37.229992532638349 ], [ -73.11320694427566, -37.229055635083569 ], [ -73.113003956462478, -37.228944334188689 ], [ -73.112921474051404, -37.228942997366694 ], [ -73.112729359446433, -37.228939939627814 ], [ -73.112319460877231, -37.228879299096199 ], [ -73.111775142002188, -37.228703936169211 ], [ -73.111994374050639, -37.228162130505801 ], [ -73.112484222680138, -37.227782404520077 ], [ -73.112975338832484, -37.227353118051141 ], [ -73.11339745718449, -37.226922762656294 ], [ -73.113607268600546, -37.226759318918859 ], [ -73.114572415846865, -37.226553872693373 ], [ -73.115260980800358, -37.226456707128683 ], [ -73.115676259379782, -37.226301087606146 ], [ -73.116368936820635, -37.22603714961533 ], [ -73.116694831232678, -37.225963595787498 ], [ -73.117058182697122, -37.225881432662888 ], [ -73.117549350951748, -37.225452125358238 ], [ -73.118111491503711, -37.224911281297445 ], [ -73.118608717996636, -37.224207180082544 ], [ -73.118829312789373, -37.223606798922091 ], [ -73.118985648394911, -37.222843213979701 ], [ -73.11887143479305, -37.221908558852348 ], [ -73.118685079287374, -37.221135070077757 ], [ -73.118286027875229, -37.220637517451181 ], [ -73.11769881893693, -37.220295502214341 ], [ -73.117609814756889, -37.220243700664433 ], [ -73.117273071391182, -37.220017521725943 ], [ -73.117150770256814, -37.219411741367459 ], [ -73.117364553124773, -37.219086180155472 ], [ -73.117369024039945, -37.218907300658856 ], [ -73.117375365247511, -37.21864924994361 ], [ -73.117277341083735, -37.218397785385996 ], [ -73.11724625039173, -37.218318213642227 ], [ -73.117256192945305, -37.218282226667064 ], [ -73.117306587534429, -37.218099459410119 ], [ -73.117397203292086, -37.217770807874103 ], [ -73.117857617722962, -37.217241919820133 ], [ -73.11795669381398, -37.217128001826062 ], [ -73.117962079214109, -37.21712183817543 ], [ -73.117626868374259, -37.217026955377634 ], [ -73.116918597078381, -37.217101206824942 ], [ -73.115836127161018, -37.217408526087894 ], [ -73.115338652733072, -37.217504208903748 ], [ -73.115180190815281, -37.217447591715207 ], [ -73.115137625942154, -37.217262230645801 ], [ -73.115141870481878, -37.217090959823388 ], [ -73.114995252851102, -37.21692641456363 ], [ -73.114574569108612, -37.216793543645004 ], [ -73.114226303951057, -37.216752014638857 ], [ -73.113973248535515, -37.216698390737271 ], [ -73.113487196186412, -37.216366190536426 ], [ -73.11319808059875, -37.216239880106158 ], [ -73.112404338196868, -37.216294864987397 ], [ -73.111652859732445, -37.216210753361935 ], [ -73.110671236485516, -37.216059885016811 ], [ -73.110168153875264, -37.215840131281809 ], [ -73.109951455974226, -37.215440109206924 ], [ -73.10984370844578, -37.215240114185789 ], [ -73.109510119963332, -37.215004947074014 ], [ -73.108363601064539, -37.214693757744442 ], [ -73.107246454380558, -37.214500195030375 ], [ -73.106372860733075, -37.214202380891116 ], [ -73.106205806429571, -37.21409601723834 ], [ -73.105988887542978, -37.214092554695682 ], [ -73.10549799866439, -37.214120742220658 ], [ -73.10479218246418, -37.214073371920378 ], [ -73.103926590110916, -37.213820718846954 ], [ -73.102435864643013, -37.212769397489197 ], [ -73.101061714447837, -37.211733494604964 ], [ -73.100857867845249, -37.211211988229998 ], [ -73.10078087773384, -37.210913364120586 ], [ -73.100515891793009, -37.210584656954431 ], [ -73.099951531503962, -37.210341228490236 ], [ -73.098960029483834, -37.210420024529668 ], [ -73.097821263045944, -37.210365702153823 ], [ -73.097009458218636, -37.210217466379738 ], [ -73.09659441320116, -37.20986376796133 ], [ -73.09638606064911, -37.209522463681303 ], [ -73.096048621089039, -37.209444937335739 ], [ -73.095662867438051, -37.209407159659698 ], [ -73.094866996028941, -37.209772913992069 ], [ -73.094096340329841, -37.210427425001505 ], [ -73.093699087344902, -37.210484124725433 ], [ -73.092705498538379, -37.210454613000913 ], [ -73.092355057661194, -37.210525627848966 ], [ -73.092219701310825, -37.210672140968477 ], [ -73.092091664433383, -37.211255844712298 ], [ -73.091911633965594, -37.211662989560466 ], [ -73.091386048557482, -37.211951921747776 ], [ -73.090775159130004, -37.21207274993548 ], [ -73.088667506657572, -37.211926110044274 ], [ -73.088542559984703, -37.211824980078219 ], [ -73.088510979710875, -37.211599159365981 ], [ -73.088667208416879, -37.211015886820903 ], [ -73.088483739198196, -37.210810075768116 ], [ -73.088011540667424, -37.210460019549735 ], [ -73.087746631981702, -37.209766300442695 ], [ -73.087377623825915, -37.2096251978965 ], [ -73.086542504123727, -37.209485516675812 ], [ -73.085641784049599, -37.209313267354027 ], [ -73.085106786992242, -37.209052222577803 ], [ -73.084923839694753, -37.208828455497923 ], [ -73.084882872026213, -37.20821495494171 ], [ -73.084676211001835, -37.207815051986309 ], [ -73.082882670638185, -37.20644319258458 ], [ -73.082465062727223, -37.20599935418884 ], [ -73.082206742285791, -37.205409368619691 ], [ -73.081982026920841, -37.204216071145247 ], [ -73.081666343658654, -37.203111438185211 ], [ -73.081357953818241, -37.202637851476567 ], [ -73.080988878288807, -37.202338960179446 ], [ -73.080170169908527, -37.202029754255292 ], [ -73.079539046827591, -37.201798120698832 ], [ -73.078910700439167, -37.20143481558312 ], [ -73.078283290095285, -37.201032290791915 ], [ -73.077950059142324, -37.200634672383138 ], [ -73.077322660476554, -37.200232141893885 ], [ -73.07768083135673, -37.199649445509948 ], [ -73.078045886026942, -37.198792296571291 ], [ -73.077717590418146, -37.198198438625511 ], [ -73.076266844471974, -37.197390308388883 ], [ -73.074806146989062, -37.196974197806199 ], [ -73.07398074166835, -37.196646949789859 ], [ -73.071356120428007, -37.196412417403515 ], [ -73.070999309597156, -37.196451707856248 ], [ -73.07075676536877, -37.196574583055281 ], [ -73.070675230680308, -37.196615909927559 ], [ -73.070244096836106, -37.19701764610484 ], [ -73.069692951663214, -37.197479520030797 ], [ -73.069052623545531, -37.197586709961051 ], [ -73.068082433157215, -37.197565404222281 ], [ -73.067353779087554, -37.19744177142762 ], [ -73.06726679252364, -37.197441810783396 ], [ -73.067034150424632, -37.197441841552411 ], [ -73.066697644214145, -37.197441974646438 ], [ -73.066702016314622, -37.19689671223766 ], [ -73.066692278576937, -37.196595306601878 ], [ -73.066661974809165, -37.196299109113149 ], [ -73.06661813163339, -37.196003302596189 ], [ -73.066575216417334, -37.195707611559065 ], [ -73.066522259833008, -37.195412119725752 ], [ -73.06642719382144, -37.195122649067777 ], [ -73.066301619226181, -37.194838728800235 ], [ -73.06615529354788, -37.194560024091167 ], [ -73.065987871833443, -37.194295548558856 ], [ -73.065769826459459, -37.194055392907082 ], [ -73.065504646482538, -37.193839291882774 ], [ -73.065308485865515, -37.193589232366207 ], [ -73.065160014111981, -37.193315101443112 ], [ -73.065021890950533, -37.193036112740891 ], [ -73.06486979539315, -37.192766606902346 ], [ -73.064712673761747, -37.192492772115941 ], [ -73.064564670928789, -37.192218698038673 ], [ -73.064436157944243, -37.191934802631309 ], [ -73.064324222469949, -37.191650412382842 ], [ -73.064232761397619, -37.191360816381781 ], [ -73.0641645352501, -37.191065846397649 ], [ -73.064111506800586, -37.190770501706339 ], [ -73.064072927752377, -37.19047451394394 ], [ -73.064049541910592, -37.190178077038119 ], [ -73.06404077525174, -37.189872135389578 ], [ -73.064050902858241, -37.189574546811109 ], [ -73.064082662795116, -37.189276141949698 ], [ -73.064144684278958, -37.188981345594513 ], [ -73.064239167283915, -37.188689860796266 ], [ -73.064347879602963, -37.188402315929608 ], [ -73.064461128414194, -37.188123691231105 ], [ -73.06458297410272, -37.187840269932416 ], [ -73.064714081421798, -37.187561030561341 ], [ -73.064856144594103, -37.187281415154203 ], [ -73.06501304973149, -37.18701029285841 ], [ -73.065173364873729, -37.186739126649648 ], [ -73.06532566255207, -37.186468087570901 ], [ -73.065464835844082, -37.186193146424962 ], [ -73.065598423411672, -37.185913821524274 ], [ -73.065734492126083, -37.185634338142847 ], [ -73.065874579903053, -37.1853592909046 ], [ -73.06601590196523, -37.1850797739813 ], [ -73.066157184501549, -37.184804685361051 ], [ -73.066297028835081, -37.18452514491473 ], [ -73.066429562678834, -37.184250357008828 ], [ -73.066550693308386, -37.18396245671854 ], [ -73.066684550370567, -37.183683121420636 ], [ -73.066857541639763, -37.183424947391956 ], [ -73.067102425979471, -37.183200313497771 ], [ -73.067363940830049, -37.182979681109323 ], [ -73.058072303825327, -37.160619406914016 ], [ -73.05138058169571, -37.151773254541155 ], [ -73.051275991745499, -37.151406684416045 ], [ -73.051202073872332, -37.151118909577342 ], [ -73.05122904668707, -37.150702377254454 ], [ -73.051294510515078, -37.150433444262411 ], [ -73.051332468827425, -37.150348462346429 ], [ -73.051551055885483, -37.149858660089144 ], [ -73.051573287392145, -37.149808899523876 ], [ -73.051568524524512, -37.149766335551774 ], [ -73.051558521783818, -37.149675764414553 ], [ -73.051515584109865, -37.149289741441585 ], [ -73.051233588569133, -37.149113878543204 ], [ -73.050942679045846, -37.148967837410623 ], [ -73.05088073122387, -37.148936824496609 ], [ -73.050602399012845, -37.148648298460479 ], [ -73.050469864270781, -37.148245049120113 ], [ -73.050625953737921, -37.147729420355297 ], [ -73.051067567328232, -37.147222980532554 ], [ -73.05114659032715, -37.146940374601755 ], [ -73.051375800861777, -37.146371765528123 ], [ -73.051461453427493, -37.145800913096096 ], [ -73.051399440028476, -37.145452884108792 ], [ -73.051052397478031, -37.145046131255874 ], [ -73.051062561915458, -37.144649730434345 ], [ -73.051074337032205, -37.144190253807153 ], [ -73.050864232765349, -37.144015544088866 ], [ -73.05080126894876, -37.143672048193487 ], [ -73.051094924621879, -37.143388440099905 ], [ -73.051307951108356, -37.143450513429876 ], [ -73.051590575469774, -37.143567836510115 ], [ -73.051728993278644, -37.143741383652106 ], [ -73.051942020663446, -37.143803455976361 ], [ -73.052305234685647, -37.143579598668232 ], [ -73.052662562047786, -37.143585441078876 ], [ -73.052872672602845, -37.14376022053311 ], [ -73.052909281645626, -37.143791510539771 ], [ -73.05301234805313, -37.14387963261548 ], [ -73.053516901205498, -37.143716680736169 ], [ -73.053621323170745, -37.14359562358532 ], [ -73.053812023827462, -37.143374497474618 ], [ -73.053891866988224, -37.143033342380441 ], [ -73.054044877030577, -37.142634852234579 ], [ -73.054338475211509, -37.142355665633183 ], [ -73.055417704905651, -37.142084979346578 ], [ -73.05578225202774, -37.141807122636109 ], [ -73.056216480568082, -37.141584361479843 ], [ -73.057077517564537, -37.141779104324016 ], [ -73.057281578864476, -37.141825238900111 ], [ -73.057755229072754, -37.141558910262951 ], [ -73.057873344057882, -37.141097854493687 ], [ -73.057886644513999, -37.140579807434875 ], [ -73.057860493657756, -37.140552736066027 ], [ -73.05760823325123, -37.140291374119244 ], [ -73.057472857137938, -37.140000766330203 ], [ -73.057339530980087, -37.139601979494742 ], [ -73.057024051635452, -37.139425211823841 ], [ -73.056917148523382, -37.139365266332206 ], [ -73.056559838229248, -37.139359361294105 ], [ -73.055842301709518, -37.139460259612761 ], [ -73.055402246696232, -37.139684177806956 ], [ -73.055190109541883, -37.139792028359324 ], [ -73.054828402892753, -37.139957398382528 ], [ -73.054260161881686, -37.139835404995054 ], [ -73.054050060309777, -37.13966062649758 ], [ -73.053917528262645, -37.139257380798114 ], [ -73.053926333549043, -37.138915117210608 ], [ -73.054007651743518, -37.138515392983422 ], [ -73.054015098777228, -37.138227045608382 ], [ -73.053522215638708, -37.13793502772063 ], [ -73.053236780448771, -37.137930340696045 ], [ -73.052879480036069, -37.137924497848651 ], [ -73.052235911695163, -37.137913920711085 ], [ -73.051738724728139, -37.137793097039875 ], [ -73.051312793027748, -37.137668873012231 ], [ -73.050775785540779, -37.137342562596004 ], [ -73.050675662014157, -37.137281715279848 ], [ -73.05006635631652, -37.136773392251897 ], [ -73.048850102100502, -37.135657105280792 ], [ -73.048832712513246, -37.135650763821232 ], [ -73.04798679685797, -37.135343864473377 ], [ -73.047721838764915, -37.135244301294556 ], [ -73.047432050339097, -37.135135403693916 ], [ -73.047034060735612, -37.134879739355519 ], [ -73.046638589109875, -37.134524365363909 ], [ -73.046277432229687, -37.134045022555703 ], [ -73.046099864044109, -37.133693265564133 ], [ -73.046078954857549, -37.133294310125358 ], [ -73.04627392700344, -37.132973575561323 ], [ -73.046787007862804, -37.132384053023479 ], [ -73.046920406784182, -37.132037381057621 ], [ -73.047303907460432, -37.131645111045835 ], [ -73.048095636737784, -37.131110033494977 ], [ -73.04879208800115, -37.130648091859229 ], [ -73.049576017206888, -37.1301416816301 ], [ -73.050021100989127, -37.130045424736238 ], [ -73.050369059821179, -37.129826893200928 ], [ -73.050661181171776, -37.129358338182513 ], [ -73.050754582605137, -37.128791132502123 ], [ -73.050747871291648, -37.128777636249971 ], [ -73.050550511423737, -37.128386714443174 ], [ -73.05034477296914, -37.128040796962516 ], [ -73.049923868241095, -37.12774548669308 ], [ -73.049427591267445, -37.127566101466236 ], [ -73.049008139115188, -37.127216720155026 ], [ -73.048880077084917, -37.12664233326128 ], [ -73.048891871964599, -37.126182856132878 ], [ -73.047710491246235, -37.124847517484426 ], [ -73.047720810193923, -37.124446608751683 ], [ -73.047520255916851, -37.123929601569778 ], [ -73.04743902485896, -37.123721475353754 ], [ -73.047385660439502, -37.123584862018717 ], [ -73.047104514705026, -37.123409031042442 ], [ -73.046625334467848, -37.123228162902841 ], [ -73.046467802306381, -37.123168683042501 ], [ -73.046230519510601, -37.12299961478319 ], [ -73.045975982773157, -37.122818074524091 ], [ -73.045772415546622, -37.122413629562438 ], [ -73.045424252797019, -37.122060912420004 ], [ -73.04485984399895, -37.121767682521131 ], [ -73.04468112327487, -37.121692689828144 ], [ -73.044530110187395, -37.121629221962344 ], [ -73.044435284026008, -37.121589439914764 ], [ -73.043804511288002, -37.121119373399871 ], [ -73.043480815053471, -37.120997307379646 ], [ -73.043166999388745, -37.120879035320741 ], [ -73.04267436508357, -37.120586958363624 ], [ -73.042324644655253, -37.120292803039007 ], [ -73.04183487058593, -37.119888162646618 ], [ -73.04156283556506, -37.119365467720044 ], [ -73.04164547248638, -37.118911613807718 ], [ -73.041729072401651, -37.118453372657854 ], [ -73.04210391511522, -37.117774577500803 ], [ -73.042427829640374, -37.116288363850273 ], [ -73.042583704410134, -37.115777178458529 ], [ -73.04273892161315, -37.115324608917568 ], [ -73.043037596173747, -37.114811275873677 ], [ -73.043475305685831, -37.114475983503404 ], [ -73.043984030614382, -37.114141951853732 ], [ -73.044636998926421, -37.113751628546588 ], [ -73.044858822614472, -37.113466876038338 ], [ -73.04495522442086, -37.113425725045673 ], [ -73.044960383445556, -37.11322335309994 ], [ -73.044837364557296, -37.113015692453466 ], [ -73.044547127872136, -37.112651029168951 ], [ -73.044471695439412, -37.112255558967618 ], [ -73.044543786139286, -37.111948324765166 ], [ -73.04470192376526, -37.11162531051091 ], [ -73.045031136553959, -37.111305156080228 ], [ -73.045356773149507, -37.111122013182374 ], [ -73.045702958707182, -37.110973514607828 ], [ -73.046243015974511, -37.110776767571174 ], [ -73.046655071398703, -37.110560706368609 ], [ -73.047027060164609, -37.110241225853677 ], [ -73.04728233352057, -37.109782278165319 ], [ -73.04718564425329, -37.1097435945656 ], [ -73.046456584145105, -37.109452162387193 ], [ -73.045680444231223, -37.108804431251855 ], [ -73.0453535760454, -37.10830014803129 ], [ -73.045016202960667, -37.107915105337817 ], [ -73.044748502311066, -37.107609888846454 ], [ -73.044093706825734, -37.106646660354905 ], [ -73.043849888786269, -37.106288009423871 ], [ -73.043818654363847, -37.106166873052118 ], [ -73.043746161218735, -37.105876532556032 ], [ -73.043683642966528, -37.105581423111879 ], [ -73.043639554550694, -37.1052811835822 ], [ -73.043589913648091, -37.104985635509735 ], [ -73.043508042989728, -37.104695615031872 ], [ -73.043392848427587, -37.104411308486497 ], [ -73.043253399352778, -37.104136905695107 ], [ -73.043081539062499, -37.10386803859879 ], [ -73.042895848310124, -37.103604144844937 ], [ -73.042816208168617, -37.103342090015921 ], [ -73.042815972810018, -37.103341138570038 ], [ -73.042443001287197, -37.103326866163563 ], [ -73.04207002886605, -37.103312593754445 ], [ -73.041697291803544, -37.103302738260666 ], [ -73.041323695053293, -37.103319994687766 ], [ -73.040948699626142, -37.103350802050166 ], [ -73.040574475851827, -37.103377080003931 ], [ -73.040203986374124, -37.103385223172992 ], [ -73.039839065552897, -37.103352588876803 ], [ -73.03947866235923, -37.103274931374983 ], [ -73.039125126785905, -37.103165307149581 ], [ -73.038782429386472, -37.103046382489403 ], [ -73.038454301762656, -37.102899951529977 ], [ -73.038147419295285, -37.102730287055458 ], [ -73.037861967935669, -37.102537383894621 ], [ -73.037587164307098, -37.102335039453031 ], [ -73.037320988098514, -37.102123398380279 ], [ -73.0370615860855, -37.101916099202903 ], [ -73.036814413736764, -37.101685802339652 ], [ -73.036581441057706, -37.101450518158302 ], [ -73.036346412134989, -37.101219806476273 ], [ -73.036092878815722, -37.101003228659344 ], [ -73.03580570987728, -37.100819381632405 ], [ -73.035489938580156, -37.100659015934269 ], [ -73.035168059637456, -37.100503285503471 ], [ -73.034861603869857, -37.100329169910815 ], [ -73.034580248827922, -37.100131542611116 ], [ -73.034272246161407, -37.099966407984837 ], [ -73.033933064767993, -37.099847348619235 ], [ -73.033582552923917, -37.099742179548372 ], [ -73.033229430575631, -37.099641599419513 ], [ -73.032878185706267, -37.099536452990606 ], [ -73.032522690907314, -37.099444954779408 ], [ -73.032184194928476, -37.099321365672211 ], [ -73.031864133277566, -37.099170139211921 ], [ -73.031551726171216, -37.099005146504815 ], [ -73.031242846748967, -37.098835458260915 ], [ -73.030933698730479, -37.098665851317264 ], [ -73.030621290725804, -37.098500781563331 ], [ -73.030310178990078, -37.098335816058416 ], [ -73.030007136820572, -37.098161423214592 ], [ -73.029718338338185, -37.097977615863883 ], [ -73.029441548534521, -37.097775318712813 ], [ -73.029170369608124, -37.097572831147843 ], [ -73.028896566702798, -37.097366003876992 ], [ -73.028620612332347, -37.097163750949456 ], [ -73.028344564537122, -37.096961425830955 ], [ -73.028070081607112, -37.096759047866783 ], [ -73.027798633186137, -37.096556564750919 ], [ -73.027532011413172, -37.096349489657285 ], [ -73.027276349985002, -37.096128464101341 ], [ -73.027036457583307, -37.095902471696654 ], [ -73.026802981847709, -37.095667184601098 ], [ -73.026574382167482, -37.095431731974188 ], [ -73.026349038880127, -37.095191665612973 ], [ -73.026133262650575, -37.094951273903256 ], [ -73.025924734028735, -37.094701631720596 ], [ -73.025703354108416, -37.094461504290443 ], [ -73.025454689657991, -37.094240160817321 ], [ -73.025206256972908, -37.094014455844857 ], [ -73.024969535624194, -37.093783776691843 ], [ -73.024738285015545, -37.093548483733883 ], [ -73.024519900976713, -37.093312604627975 ], [ -73.024344914549246, -37.093043813762961 ], [ -73.02413222582932, -37.092798885210684 ], [ -73.023882932558209, -37.092577634332088 ], [ -73.0236230265903, -37.092361244627 ], [ -73.023358674860077, -37.092149579991478 ], [ -73.023094969916841, -37.091937894701111 ], [ -73.022825478924872, -37.091735258972591 ], [ -73.022553186087535, -37.091528364174778 ], [ -73.022299820753204, -37.091311823861318 ], [ -73.022057970024221, -37.091081312039776 ], [ -73.021832600685727, -37.090836736861831 ], [ -73.021647584568143, -37.090581786381854 ], [ -73.021542281355579, -37.090292617227924 ], [ -73.021504363467443, -37.089992156592551 ], [ -73.021509713833268, -37.089694654238514 ], [ -73.021547341565579, -37.089396129587108 ], [ -73.021596700397183, -37.089101706925007 ], [ -73.02167221098334, -37.088801895812843 ], [ -73.021716604826352, -37.088507642107409 ], [ -73.021684403816693, -37.088215989926319 ], [ -73.021615922547625, -37.087921069661583 ], [ -73.021520221427153, -37.087626998852087 ], [ -73.021401553978123, -37.087342785189342 ], [ -73.021255778068749, -37.087068495428483 ], [ -73.021059648892788, -37.086813920672775 ], [ -73.020845698039878, -37.086568955503736 ], [ -73.020653015699637, -37.086309835754783 ], [ -73.020485193336569, -37.086045296086731 ], [ -73.020337029705175, -37.085771012379688 ], [ -73.020208347837382, -37.08548713716781 ], [ -73.020154349207331, -37.085187221463052 ], [ -73.020294562748447, -37.084921225279324 ], [ -73.020517561432882, -37.08467049876382 ], [ -73.020779930581298, -37.08445887356222 ], [ -73.021111938028838, -37.084316980929707 ], [ -73.021421773258538, -37.084144256389607 ], [ -73.021708776906962, -37.083954373817278 ], [ -73.022003373116192, -37.083768735400348 ], [ -73.022327932631711, -37.083627166112379 ], [ -73.022673075245336, -37.083507331470443 ], [ -73.023016190361361, -37.083387490189295 ], [ -73.023334476941258, -37.083237128446179 ], [ -73.023620219355038, -37.083042709406641 ], [ -73.023884234217036, -37.082831096143366 ], [ -73.024128075612708, -37.082602087851392 ], [ -73.024343986589571, -37.0823605239014 ], [ -73.024532010266753, -37.082101975269865 ], [ -73.024710083305507, -37.081834687599802 ], [ -73.02489874388823, -37.081576042576259 ], [ -73.025069606150211, -37.081313502347989 ], [ -73.025187973561941, -37.08103023680475 ], [ -73.025286427120434, -37.080743147517914 ], [ -73.025377656427438, -37.080451802293986 ], [ -73.025461161121299, -37.080160719684777 ], [ -73.025511183807907, -37.079861772630466 ], [ -73.025551443603987, -37.079554154061874 ], [ -73.025524196803119, -37.079262260310152 ], [ -73.025347349066365, -37.079011613262793 ], [ -73.02508511736022, -37.078781726963683 ], [ -73.024840877112567, -37.078555876335223 ], [ -73.024588690367906, -37.078334723632054 ], [ -73.02434435579714, -37.078108801436535 ], [ -73.024125695975528, -37.077868502462657 ], [ -73.023931096630477, -37.077609453309925 ], [ -73.023769425930467, -37.077335632166417 ], [ -73.023658822657751, -37.077055647858245 ], [ -73.023596414898321, -37.076760521480537 ], [ -73.023566499202744, -37.076459789325867 ], [ -73.023554970224382, -37.07615843244308 ], [ -73.023573332687093, -37.075864988991839 ], [ -73.023628509008489, -37.075565867322638 ], [ -73.023656252577723, -37.075272178611542 ], [ -73.023651619067479, -37.07497058694215 ], [ -73.023643767791896, -37.074669105164986 ], [ -73.02359110765164, -37.074373646972404 ], [ -73.023449490942042, -37.074099217826785 ], [ -73.023261336110821, -37.073839874121688 ], [ -73.023168603024047, -37.073711226861029 ], [ -73.023117720649736, -37.07366860432667 ], [ -73.022829449478422, -37.072867756654439 ], [ -73.022210957608664, -37.07251993778479 ], [ -73.021878755226709, -37.07213139759596 ], [ -73.021613939067478, -37.071797981277747 ], [ -73.021207931101785, -37.071624476344724 ], [ -73.020867152503811, -37.071564687894373 ], [ -73.020255225522163, -37.071387692560513 ], [ -73.019847620351868, -37.07127275693469 ], [ -73.019371995646594, -37.071156733818036 ], [ -73.018897045576111, -37.070982018966994 ], [ -73.018557650383656, -37.070868158578975 ], [ -73.018512867570124, -37.070857205810604 ], [ -73.018081936745162, -37.07075213269308 ], [ -73.017769034667083, -37.070695152533105 ], [ -73.017400525076297, -37.070628030183769 ], [ -73.016717510812953, -37.070562496832274 ], [ -73.015965002879227, -37.070549939910336 ], [ -73.015159658735442, -37.070595401849744 ], [ -73.012949019805575, -37.070720220454355 ], [ -73.012597571018659, -37.070798324887612 ], [ -73.011572255512917, -37.071026184753023 ], [ -73.01088794677726, -37.071014680822209 ], [ -73.009790411214269, -37.071104391367179 ], [ -73.008900088241234, -37.071143537649306 ], [ -73.008214299980295, -37.07118608634368 ], [ -73.007391315619259, -37.0712308383155 ], [ -73.005794705728817, -37.071243458199064 ], [ -73.005201033412064, -37.071248041838885 ], [ -73.004444252192528, -37.07139753715331 ], [ -73.003784687551359, -37.07153946256706 ], [ -73.002792089586592, -37.071752783822781 ], [ -73.002655115370388, -37.071750476608059 ], [ -73.002244745185664, -37.071743536328007 ], [ -73.000543087204207, -37.071385932933467 ], [ -72.99986295204134, -37.071212241418472 ], [ -72.999361444177794, -37.070999305690506 ], [ -72.999321408960512, -37.070982282733269 ], [ -72.999284244758911, -37.070974313120942 ], [ -72.998776767590286, -37.070864963991816 ], [ -72.998372293947099, -37.070637309352001 ], [ -72.998109066907588, -37.070249765136296 ], [ -72.997910437720179, -37.069971543711624 ], [ -72.997372348661614, -37.069633569998992 ], [ -72.996971426058749, -37.069243733432877 ], [ -72.996363086050025, -37.068958453815419 ], [ -72.996031028296827, -37.068569833020199 ], [ -72.995902661737645, -37.068238760690654 ], [ -72.995786503283227, -37.067989264916129 ], [ -72.995773542390296, -37.067961659391159 ], [ -72.995574175686016, -37.06773747962054 ], [ -72.994962199297049, -37.067564926611318 ], [ -72.994202498552838, -37.067826920946594 ], [ -72.993994437054937, -37.067931570196123 ], [ -72.993609639211414, -37.068184974776123 ], [ -72.993507360626424, -37.068252256979704 ], [ -72.993093477130643, -37.068353440006263 ] ] ] } },
{ "type": "Feature", "properties": { "capa": "colegios", "popup": "<strong>ESCUELA BAJO LOS RIOS</strong><br><br><strong>Dirección:</strong> CAMINO A NACIMIENTO 42", "etiqueta": "" }, "geometry": { "type": "Point", "coordinates": [ -73.089859, -37.42672 ] } },
{ "type": "Feature", "properties": { "capa": "colegios", "popup": "<strong>ESCUELA ESPIGADO</strong><br><br><strong>Dirección:</strong> KM 36 ESPIGADO 0", "etiqueta": "" }, "geometry": { "type": "Point", "coordinates": [ -73.012306, -37.396431 ] } },
{ "type": "Feature", "properties": { "capa": "colegios", "popup": "<strong>ESCUELA CABRERA</strong><br><br><strong>Dirección:</strong> CAMINO A CURANILAHUE 45", "etiqueta": "" }, "geometry": { "type": "Point", "coordinates": [ -73.101761, -37.394199 ] } },
{ "type": "Feature", "properties": { "capa": "colegios", "popup": "<strong>ESCUELA LA GENERALA</strong><br><br><strong>Dirección:</strong> CAMINO A ESPIGADO 30", "etiqueta": "" }, "geometry": { "type": "Point", "coordinates": [ -72.964638, -37.383789 ] } },
{ "type": "Feature", "properties": { "capa": "colegios", "popup": "<strong>ESCUELA LOS QUIQUES</strong><br><br><strong>Dirección:</strong> CAMINO A CABRERA LOS QUIQUES 29", "etiqueta": "" }, "geometry": { "type": "Point", "coordinates": [ -72.996262, -37.332088 ] } },
{ "type": "Feature", "properties": { "capa": "colegios", "popup": "<strong>ESCUELA CHACAYAL</strong><br><br><strong>Dirección:</strong> CAMINO A NACIMIENTO 18", "etiqueta": "" }, "geometry": { "type": "Point", "coordinates": [ -72.922707, -37.317669 ] } },
{ "type": "Feature", "properties": { "capa": "colegios", "popup": "<strong>ESCUELA PODUCO ALTO</strong><br><br><strong>Dirección:</strong> CAMINO A NACIMIENTO 18", "etiqueta": "" }, "geometry": { "type": "Point", "coordinates": [ -72.941933, -37.30624 ] } },
{ "type": "Feature", "properties": { "capa": "colegios", "popup": "<strong>ESCUELA COLICO ALTO</strong><br><br><strong>Dirección:</strong> CAMINO A NACIMIENTO 31", "etiqueta": "" }, "geometry": { "type": "Point", "coordinates": [ -72.856293, -37.30196 ] } },
{ "type": "Feature", "properties": { "capa": "colegios", "popup": "<strong>ESCUELA BASICA LA HUERTA</strong><br><br><strong>Dirección:</strong> CAMINO A LAJA 30", "etiqueta": "" }, "geometry": { "type": "Point", "coordinates": [ -72.773293, -37.288651 ] } },
{ "type": "Feature", "properties": { "capa": "colegios", "popup": "<strong>ESCUELA COLICO BAJO</strong><br><br><strong>Dirección:</strong> CAMINO A COLICO ALTO 25", "etiqueta": "" }, "geometry": { "type": "Point", "coordinates": [ -72.877769, -37.272301 ] } },
{ "type": "Feature", "properties": { "capa": "colegios", "popup": "<strong>ESCUELA CURAMAVIDA</strong><br><br><strong>Dirección:</strong> CAMINO A LAJA 22", "etiqueta": "" }, "geometry": { "type": "Point", "coordinates": [ -72.776741, -37.27203 ] } },
{ "type": "Feature", "properties": { "capa": "colegios", "popup": "<strong>ESCUELA PODUCO BAJO</strong><br><br><strong>Dirección:</strong> CAMINO A NACIMIENTO 13", "etiqueta": "" }, "geometry": { "type": "Point", "coordinates": [ -72.944107, -37.258659 ] } },
{ "type": "Feature", "properties": { "capa": "colegios", "popup": "<strong>ESCUELA TANAHUILLIN</strong><br><br><strong>Dirección:</strong> CAMINO A LAJA 17", "etiqueta": "" }, "geometry": { "type": "Point", "coordinates": [ -72.813133, -37.245529 ] } },
{ "type": "Feature", "properties": { "capa": "colegios", "popup": "<strong>ESCUELA DE LENGUAJE AMULEN</strong><br><br><strong>Dirección:</strong> LAUTARO 513", "etiqueta": "" }, "geometry": { "type": "Point", "coordinates": [ -72.936905, -37.18208 ] } },
{ "type": "Feature", "properties": { "capa": "colegios", "popup": "<strong>LICEO NUEVA ZELANDIA</strong><br><br><strong>Dirección:</strong> ALAMEDA 589", "etiqueta": "" }, "geometry": { "type": "Point", "coordinates": [ -72.940598, -37.180279 ] } },
{ "type": "Feature", "properties": { "capa": "colegios", "popup": "<strong>COLEGIO SAINT JOAN COLLEGE</strong><br><br><strong>Dirección:</strong> IRARRAZABAL 980", "etiqueta": "" }, "geometry": { "type": "Point", "coordinates": [ -72.941452, -37.179291 ] } },
{ "type": "Feature", "properties": { "capa": "colegios", "popup": "<strong>ESCUELA PARTICULAR CLORINDA AVELLO</strong><br><br><strong>Dirección:</strong> JOSE CARDENIO AVELLO 240", "etiqueta": "" }, "geometry": { "type": "Point", "coordinates": [ -72.939278, -37.175571 ] } },
{ "type": "Feature", "properties": { "capa": "colegios", "popup": "<strong>ESCUELA RECAREDO VIGUERAS ARANEDA</strong><br><br><strong>Dirección:</strong> IRARRAZABAL 85", "etiqueta": "" }, "geometry": { "type": "Point", "coordinates": [ -72.936562, -37.175041 ] } },
{ "type": "Feature", "properties": { "capa": "colegios", "popup": "<strong>ESCUELA ESPECIAL DIFERENCIAL HUALLEREHUE</strong><br><br><strong>Dirección:</strong> CAMINO A PAPAL 5", "etiqueta": "" }, "geometry": { "type": "Point", "coordinates": [ -72.95154413, -37.174063959999984 ] } },
{ "type": "Feature", "properties": { "capa": "colegios", "popup": "<strong>ESCUELA DE LENGUAJE SANTA JUANA</strong><br><br><strong>Dirección:</strong> CALLE LAUTARO 71", "etiqueta": "" }, "geometry": { "type": "Point", "coordinates": [ -72.93752, -37.17367 ] } },
{ "type": "Feature", "properties": { "capa": "colegios", "popup": "<strong>COLEGIO JAHVE NISI</strong><br><br><strong>Dirección:</strong> DIAGONAL BIO-BIO 263", "etiqueta": "" }, "geometry": { "type": "Point", "coordinates": [ -72.937569, -37.17305 ] } },
{ "type": "Feature", "properties": { "capa": "colegios", "popup": "<strong>ESCUELA DIEGO PORTALES</strong><br><br><strong>Dirección:</strong> LUIS CRUZ MARTINEZ 705", "etiqueta": "" }, "geometry": { "type": "Point", "coordinates": [ -72.948151, -37.170971 ] } },
{ "type": "Feature", "properties": { "capa": "jardines", "popup": "<strong>NAHUELBUTA</strong><br><br><strong>Dirección:</strong> RIO LIA #972 ", "etiqueta": "" }, "geometry": { "type": "MultiPoint", "coordinates": [ [ -72.95182, -37.172415 ] ] } },
{ "type": "Feature", "properties": { "capa": "jardines", "popup": "<strong>CORDILLERA</strong><br><br><strong>Dirección:</strong> VOLCAN OSORNO #1139 ", "etiqueta": "" }, "geometry": { "type": "MultiPoint", "coordinates": [ [ -72.950164, -37.170031 ] ] } },
{ "type": "Feature", "properties": { "capa": "jardines", "popup": "<strong>NA</strong><br><br><strong>Dirección:</strong> NA ", "etiqueta": "" }, "geometry": { "type": "MultiPoint", "coordinates": [ [ -72.945052999915504, -37.174013999923943 ] ] } },
{ "type": "Feature", "properties": { "capa": "jardines", "popup": "<strong>NA</strong><br><br><strong>Dirección:</strong> NA ", "etiqueta": "" }, "geometry": { "type": "MultiPoint", "coordinates": [ [ -72.950942000181541, -37.170818000314348 ] ] } },
{ "type": "Feature", "properties": { "capa": "bomberos", "popup": "<strong>Cuerpo de Bomberos</strong><br><br><strong>Dirección:</strong> Irarrázabal 74", "etiqueta": "" }, "geometry": { "type": "Point", "coordinates": [ -72.936299498727436, -37.174542763922901 ] } },
{ "type": "Feature", "properties": { "capa": "comisarias", "popup": "<strong>TCIA. SANTA JUANA</strong><br><br><strong>Dirección:</strong> LAUTARO 13", "etiqueta": "" }, "geometry": { "type": "Point", "coordinates": [ -72.936533061305482, -37.176703869365127 ] } },
{ "type": "Feature", "properties": { "capa": "salud", "popup": "<strong>Posta de Salud Rural La Generala</strong><br><br><strong>Tipo de atención:</strong> Posta de Salud Rural (PSR)<br><strong>Dirección:</strong>  NA", "etiqueta": "" }, "geometry": { "type": "Point", "coordinates": [ -72.96548, -37.38392 ] } },
{ "type": "Feature", "properties": { "capa": "salud", "popup": "<strong>Posta de Salud Rural Chaca</strong><br><br><strong>Tipo de atención:</strong> Posta de Salud Rural (PSR)<br><strong>Dirección:</strong>  NA", "etiqueta": "" }, "geometry": { "type": "Point", "coordinates": [ -72.922492, -37.317227 ] } },
{ "type": "Feature", "properties": { "capa": "salud", "popup": "<strong>Posta de Salud Rural Torre Dorada</strong><br><br><strong>Tipo de atención:</strong> Posta de Salud Rural (PSR)<br><strong>Dirección:</strong>  NA", "etiqueta": "" }, "geometry": { "type": "Point", "coordinates": [ -72.80869, -37.284302 ] } },
{ "type": "Feature", "properties": { "capa": "salud", "popup": "<strong>Posta de Salud Rural Purgatorio</strong><br><br><strong>Tipo de atención:</strong> Posta de Salud Rural (PSR)<br><strong>Dirección:</strong>  NA", "etiqueta": "" }, "geometry": { "type": "Point", "coordinates": [ -72.987844, -37.309294 ] } },
{ "type": "Feature", "properties": { "capa": "salud", "popup": "<strong>Posta de Salud Rural Colico Alto</strong><br><br><strong>Tipo de atención:</strong> Posta de Salud Rural (PSR)<br><strong>Dirección:</strong>  NA", "etiqueta": "" }, "geometry": { "type": "Point", "coordinates": [ -72.85603, -37.301464 ] } },
{ "type": "Feature", "properties": { "capa": "salud", "popup": "<strong>Posta de Salud Rural Tanahuillín</strong><br><br><strong>Tipo de atención:</strong> Posta de Salud Rural (PSR)<br><strong>Dirección:</strong>  NA", "etiqueta": "" }, "geometry": { "type": "Point", "coordinates": [ -72.813988, -37.244864 ] } },
{ "type": "Feature", "properties": { "capa": "salud", "popup": "<strong>Hospital Clorinda Avello (Santa Juana)</strong><br><br><strong>Tipo de atención:</strong> Hospital<br><strong>Dirección:</strong>  900", "etiqueta": "" }, "geometry": { "type": "Point", "coordinates": [ -72.94617, -37.16831 ] } }
]
}
