{
"type": "FeatureCollection",
"name": "8312",
"crs": { "type": "name", "properties": { "name": "urn:ogc:def:crs:OGC:1.3:CRS84" } },
"features": [
{ "type": "Feature", "properties": { "capa": "comuna", "popup": "", "etiqueta": "" }, "geometry": { "type": "Polygon", "coordinates": [ [ [ -71.530367813909763, -37.067982163732154 ], [ -71.528699827480096, -37.068028534659462 ], [ -71.525618803684921, -37.067747607101133 ], [ -71.524192858427099, -37.067705777565564 ], [ -71.523145138039879, -37.067198236096289 ], [ -71.522229309200981, -37.06640852295525 ], [ -71.520710655110889, -37.065791822801614 ], [ -71.518694921851591, -37.065637257932941 ], [ -71.516903703632934, -37.065775262448653 ], [ -71.514958901348479, -37.066671660992007 ], [ -71.513735704053659, -37.067398507499 ], [ -71.512952849233002, -37.068901070913384 ], [ -71.512869964376691, -37.070710377923909 ], [ -71.512655060411262, -37.072801838916071 ], [ -71.512356285239321, -37.074127954262273 ], [ -71.512312631608111, -37.075080271308714 ], [ -71.512400813829643, -37.075750290216199 ], [ -71.512599239099501, -37.076614274802573 ], [ -71.512657615219922, -37.076825139265672 ], [ -71.512861505839965, -37.077140112911444 ], [ -71.513065075761432, -37.077559704011783 ], [ -71.513216975486102, -37.077921255925169 ], [ -71.513355068104829, -37.078230167573508 ], [ -71.513467039511738, -37.078459532364626 ], [ -71.513617426473459, -37.078872793598492 ], [ -71.513721411857475, -37.079326166452667 ], [ -71.513745071685435, -37.079718860166651 ], [ -71.513684060806284, -37.080142362195367 ], [ -71.513696558168505, -37.080551387362071 ], [ -71.513810228289628, -37.081021682736214 ], [ -71.513900493704313, -37.081324593354459 ], [ -71.514023414676217, -37.081595140740667 ], [ -71.51413175060118, -37.081956877655877 ], [ -71.514191118461667, -37.082250477408792 ], [ -71.514242167922632, -37.082727341761981 ], [ -71.514300429957018, -37.083045992344374 ], [ -71.514337844788599, -37.083363977262827 ], [ -71.514376462464341, -37.083656984640861 ], [ -71.514426136604612, -37.083802178613034 ], [ -71.514517923765396, -37.083978077901698 ], [ -71.514573238427332, -37.084095984775473 ], [ -71.514633477653661, -37.084181673157836 ], [ -71.514758246460104, -37.084304382570991 ], [ -71.51485412095542, -37.084439442170179 ], [ -71.514918328938677, -37.084516925488082 ], [ -71.514971801155951, -37.084623649989851 ], [ -71.514991978215548, -37.084729457059836 ], [ -71.514983087589187, -37.084814544910657 ], [ -71.514889616985556, -37.084874849632712 ], [ -71.514741985156817, -37.084927520107911 ], [ -71.514609515991765, -37.084931510988845 ], [ -71.514415090919869, -37.084984655829636 ], [ -71.514207992415962, -37.085061472847386 ], [ -71.513599025383172, -37.085177006733787 ], [ -71.513242515487946, -37.085233144013799 ], [ -71.512950021336493, -37.085227090712003 ], [ -71.512947541986307, -37.085227364461431 ], [ -71.512500945441118, -37.08528179256303 ], [ -71.512054606712411, -37.085327280067766 ], [ -71.511607837690704, -37.085368124563132 ], [ -71.511159813722529, -37.085404490162588 ], [ -71.510713138125595, -37.085445402695207 ], [ -71.510268050750099, -37.085495360371098 ], [ -71.509825678083374, -37.08556342122889 ], [ -71.509383949508702, -37.085631464826704 ], [ -71.50894157594368, -37.085699521262555 ], [ -71.508494364950835, -37.085749443656788 ], [ -71.508050950238385, -37.085808365282759 ], [ -71.507621569905623, -37.085912832778703 ], [ -71.507201140386357, -37.086040069822204 ], [ -71.506780616543978, -37.086167307368719 ], [ -71.506355850856821, -37.086294485939455 ], [ -71.505962523509666, -37.086458574730962 ], [ -71.505543541176337, -37.086657903090256 ], [ -71.505193292538607, -37.086845810372864 ], [ -71.504863500336569, -37.08704775475276 ], [ -71.504522746891411, -37.08721345928592 ], [ -71.504112392876365, -37.087440063783369 ], [ -71.503770446468522, -37.087569617178765 ], [ -71.503375662952294, -37.087810212171064 ], [ -71.503104729265971, -37.088000425466987 ], [ -71.502628419146149, -37.088454840117464 ], [ -71.502510002327085, -37.088690113777979 ], [ -71.502393800753481, -37.088925487746792 ], [ -71.50227823698377, -37.089160699036576 ], [ -71.502161941087081, -37.089396075126878 ], [ -71.502044777417836, -37.089635898297331 ], [ -71.501924974498294, -37.089871126729918 ], [ -71.501802620363335, -37.090101683077322 ], [ -71.501675159305975, -37.090336702974554 ], [ -71.501542198762465, -37.090567040067953 ], [ -71.501398293145513, -37.090792440734816 ], [ -71.501246732984043, -37.091017707449872 ], [ -71.501089804490434, -37.091233858792506 ], [ -71.500931360538942, -37.091454397748393 ], [ -71.500774077210792, -37.091679488371554 ], [ -71.500618491698518, -37.091900114883813 ], [ -71.500462719336682, -37.092120743619986 ], [ -71.500306486139081, -37.092341383178677 ], [ -71.500150067888555, -37.092562025677722 ], [ -71.499993000156081, -37.092782534972542 ], [ -71.499835936016851, -37.093003190518075 ], [ -71.499680990105077, -37.093223875516024 ], [ -71.4995253039815, -37.093444428027176 ], [ -71.499371096484893, -37.093665171213068 ], [ -71.499216791071902, -37.09388576829835 ], [ -71.499063870861093, -37.09410648297014 ], [ -71.498912300818148, -37.094331821518885 ], [ -71.498764136288457, -37.094557087027674 ], [ -71.498620220790045, -37.094782632030423 ], [ -71.498476301698375, -37.09500810327588 ], [ -71.498332068196348, -37.095238083670658 ], [ -71.498183387135356, -37.095458929826599 ], [ -71.498028525665219, -37.09567961125515 ], [ -71.497866466893015, -37.095900074218704 ], [ -71.497698352577487, -37.096115793188062 ], [ -71.497526088943658, -37.096331450639333 ], [ -71.497350442254472, -37.096542381347078 ], [ -71.497174063438308, -37.096753474115964 ], [ -71.49699851017391, -37.096964476732893 ], [ -71.496823601899905, -37.097175538232456 ], [ -71.496650595359327, -37.097391136063386 ], [ -71.496476977964377, -37.097602243663658 ], [ -71.496303542927407, -37.097813348526259 ], [ -71.496130529200315, -37.098028872175668 ], [ -71.495957648423882, -37.098240037468408 ], [ -71.495787940497024, -37.09844677995617 ], [ -71.49562033013639, -37.098666988393958 ], [ -71.495453498615063, -37.098882824155218 ], [ -71.495286847655152, -37.099098581920622 ], [ -71.495117246627814, -37.099314328324276 ], [ -71.494944450293019, -37.099525416236098 ], [ -71.494766763529825, -37.099736386772811 ], [ -71.494582931391776, -37.099942685973566 ], [ -71.494390312831911, -37.10013964672261 ], [ -71.494192032190824, -37.100341009720772 ], [ -71.493989633672484, -37.100537732280422 ], [ -71.493784596802143, -37.100729860292091 ], [ -71.493579649763319, -37.100921985667114 ], [ -71.493377028462788, -37.10112321618805 ], [ -71.493175491428801, -37.101315416511234 ], [ -71.492975211137875, -37.101512241144832 ], [ -71.492775447378264, -37.101713558939601 ], [ -71.492575163494095, -37.101910308742987 ], [ -71.492375525498602, -37.102107118934619 ], [ -71.492175370073539, -37.102299436410306 ], [ -71.491974954137021, -37.10250069193058 ], [ -71.491772544838881, -37.102697411747798 ], [ -71.491569617212832, -37.10288956580618 ], [ -71.491365212756449, -37.103081749468124 ], [ -71.491158741276593, -37.10327833236714 ], [ -71.490950402199275, -37.103465799375236 ], [ -71.490739078020269, -37.103657832554219 ], [ -71.49051918571007, -37.103835944710546 ], [ -71.49028198915255, -37.104009178898018 ], [ -71.490036318786963, -37.104168563142423 ], [ -71.489789263219222, -37.104327902632072 ], [ -71.4895515429439, -37.104496493884341 ], [ -71.489329490185426, -37.1046791534474 ], [ -71.489112653943849, -37.104866353340277 ], [ -71.488899198062668, -37.105058279802108 ], [ -71.488699837646607, -37.105264085216916 ], [ -71.488525625566922, -37.105475120012102 ], [ -71.488388668418708, -37.105700803022302 ], [ -71.488277286306641, -37.105936209406543 ], [ -71.488166975884681, -37.106176245303843 ], [ -71.488057715593328, -37.10641175480793 ], [ -71.487951219418065, -37.10664728005731 ], [ -71.487844504053896, -37.106887386775639 ], [ -71.487739393080801, -37.107123030187211 ], [ -71.487634801333954, -37.107363241426327 ], [ -71.487531585806124, -37.107603348740589 ], [ -71.487429849803576, -37.107843572068056 ], [ -71.487328668061537, -37.108083857677293 ], [ -71.48722831546452, -37.108324126763293 ], [ -71.487129348069686, -37.108564512576798 ], [ -71.487030153401065, -37.108809259777964 ], [ -71.486932566716803, -37.109049617544983 ], [ -71.486834887506063, -37.109289977414754 ], [ -71.486738553971634, -37.109534886325171 ], [ -71.486642347099661, -37.10977521385005 ], [ -71.486547304444272, -37.110020169189212 ], [ -71.486451931208876, -37.110260627705259 ], [ -71.486357625172033, -37.110505567146681 ], [ -71.486263448492593, -37.110746074268121 ], [ -71.486169231388956, -37.110990938352515 ], [ -71.486075883854511, -37.111231427455827 ], [ -71.485982222808062, -37.111476426798113 ], [ -71.485888559964962, -37.111721426780512 ], [ -71.485795729860115, -37.111966481847006 ], [ -71.485702377834116, -37.112206897648406 ], [ -71.485609672595118, -37.11244737286107 ], [ -71.485516099583535, -37.112692370418479 ], [ -71.485480960184589, -37.112790483264135 ], [ -71.485370713543006, -37.112979427500932 ], [ -71.485212829241931, -37.113146485115635 ], [ -71.485039215440239, -37.113424535896655 ], [ -71.484948480206654, -37.113657735547129 ], [ -71.484798111211248, -37.114001151361528 ], [ -71.484633191304852, -37.114322502870223 ], [ -71.484605118952217, -37.114380233201139 ], [ -71.484538519653697, -37.114517099540755 ], [ -71.48453710121386, -37.114766955797698 ], [ -71.484544983032166, -37.114881146381407 ], [ -71.484478109747471, -37.115438234903969 ], [ -71.484632301074413, -37.115860090329356 ], [ -71.48527777474203, -37.116922342064406 ], [ -71.486061453317802, -37.11875368460354 ], [ -71.48635366629658, -37.119944562875219 ], [ -71.486941416020656, -37.120379316480182 ], [ -71.487718763270308, -37.120471890336987 ], [ -71.488582763808878, -37.120566994723596 ], [ -71.489697326938099, -37.12087823093345 ], [ -71.491229443181027, -37.121549510293029 ], [ -71.491251573178062, -37.121560856851652 ], [ -71.493689961981886, -37.122804609438781 ], [ -71.497731116830835, -37.125566784833268 ], [ -71.498075028752524, -37.127524102968664 ], [ -71.497812120614952, -37.127934872757386 ], [ -71.497419862262987, -37.128547846503011 ], [ -71.496947751767109, -37.129368400849202 ], [ -71.497069920849114, -37.130484649534033 ], [ -71.497885972911078, -37.131621559382523 ], [ -71.498123782119634, -37.132115308425156 ], [ -71.498261941213684, -37.132884387294041 ], [ -71.498289904870163, -37.132949649038352 ], [ -71.498533414787502, -37.133518358290651 ], [ -71.498653975885148, -37.133799970203718 ], [ -71.499855531866473, -37.134113700810168 ], [ -71.502187950009514, -37.134391284276056 ], [ -71.503238340189753, -37.134213691590851 ], [ -71.503751932190511, -37.134126798642427 ], [ -71.5039387215825, -37.134095314139785 ], [ -71.504886503496039, -37.134262350939494 ], [ -71.505310671803542, -37.134483493659921 ], [ -71.505889011675023, -37.135126460419556 ], [ -71.506210406425794, -37.135692250778668 ], [ -71.506689223743592, -37.136610397851292 ], [ -71.507168147960911, -37.137528613988145 ], [ -71.507634308016335, -37.138724533353169 ], [ -71.507662934629508, -37.138985416620898 ], [ -71.507727535176542, -37.139112578841718 ], [ -71.507941426740629, -37.139781261714923 ], [ -71.50802128607107, -37.140043717481149 ], [ -71.508187416906452, -37.140377433608627 ], [ -71.508341941508377, -37.140719883926245 ], [ -71.508487880012808, -37.141062000426331 ], [ -71.508630408512417, -37.141404114663075 ], [ -71.508771328129328, -37.141750543923862 ], [ -71.508878987622865, -37.142100630784768 ], [ -71.508976123352866, -37.142450350108433 ], [ -71.509162363874211, -37.142775591588318 ], [ -71.509371391061038, -37.143092672005956 ], [ -71.509593891180501, -37.143409983101435 ], [ -71.509823850910081, -37.143718571872206 ], [ -71.51006957876784, -37.144018632478655 ], [ -71.510329983300707, -37.14431911866798 ], [ -71.510611373376946, -37.144593173898024 ], [ -71.510905412630692, -37.144867623398682 ], [ -71.511189966573355, -37.145150764806829 ], [ -71.511474004883041, -37.145429412645164 ], [ -71.511763584899697, -37.145708237037127 ], [ -71.512048883545731, -37.145991432582136 ], [ -71.512321318316893, -37.146278740739199 ], [ -71.512572821443626, -37.146574464868721 ], [ -71.512791322263439, -37.146887203058633 ], [ -71.51298296076132, -37.147143444756964 ], [ -71.513207795602213, -37.14744962531379 ], [ -71.513446483363083, -37.147800913071585 ], [ -71.513606529909055, -37.148130689051996 ], [ -71.513774520257073, -37.148460739263342 ], [ -71.51385365734204, -37.148923197226445 ], [ -71.513772087619273, -37.149378582433926 ], [ -71.513569651371697, -37.149971780280715 ], [ -71.513248534200358, -37.150548817573245 ], [ -71.512927316417674, -37.151125709410941 ], [ -71.512790528152721, -37.151504158530926 ], [ -71.512655311041229, -37.152138969430993 ], [ -71.512521877983858, -37.152763701128308 ], [ -71.512461366568019, -37.153320590998177 ], [ -71.512481226522311, -37.153870313466626 ], [ -71.512552617434579, -37.154182407183619 ], [ -71.512698243325275, -37.154700225756727 ], [ -71.512811606222556, -37.155162843882636 ], [ -71.512931820570515, -37.15557607542064 ], [ -71.513000994440645, -37.155773787097012 ], [ -71.513080636378803, -37.155956142513219 ], [ -71.513079265549663, -37.156198761172341 ], [ -71.513026458984015, -37.15640341663277 ], [ -71.512889082322559, -37.1565888261892 ], [ -71.512696054130927, -37.156876334641417 ], [ -71.512510856553646, -37.157074423798541 ], [ -71.512336604049764, -37.157249319562403 ], [ -71.512220886668132, -37.157426000472022 ], [ -71.512033547507215, -37.157670938342712 ], [ -71.511902439289798, -37.157978985667917 ], [ -71.511074683077993, -37.159965374043175 ], [ -71.510563964787835, -37.161649220140191 ], [ -71.510670620863195, -37.16498059485108 ], [ -71.510745026521548, -37.166478842014826 ], [ -71.510625836253027, -37.166832553994659 ], [ -71.510478988653531, -37.167153408415352 ], [ -71.510399938705163, -37.167549382738137 ], [ -71.510318848682772, -37.167917198895715 ], [ -71.510254270593634, -37.168284960291302 ], [ -71.510252452403492, -37.168545010004884 ], [ -71.510302447242324, -37.16879015594494 ], [ -71.510305548226683, -37.168936780128838 ], [ -71.510248149473284, -37.169092291031845 ], [ -71.510180433568848, -37.169446165440981 ], [ -71.510102503819652, -37.169795236464424 ], [ -71.510019145551169, -37.170153134057173 ], [ -71.50993748330194, -37.170506566135849 ], [ -71.509865390805444, -37.170864816117692 ], [ -71.509818600257248, -37.171223858231819 ], [ -71.50975725161156, -37.171577892304619 ], [ -71.509648163796712, -37.1719305768654 ], [ -71.509553395127497, -37.1722950647139 ], [ -71.509439474376421, -37.17259654300365 ], [ -71.509128430912668, -37.17291836575459 ], [ -71.508814794012679, -37.173189746212266 ], [ -71.508567812106776, -37.173493304585868 ], [ -71.508331967513783, -37.173801719761073 ], [ -71.508114090124764, -37.174115070414189 ], [ -71.507915626227373, -37.174438048403765 ], [ -71.507737775970782, -37.174770630701538 ], [ -71.507577989037927, -37.175108293508757 ], [ -71.507454327854219, -37.1754559683962 ], [ -71.507405622097835, -37.175810472937847 ], [ -71.507357856877547, -37.176173889901477 ], [ -71.507303513294445, -37.176528144138146 ], [ -71.50727360927695, -37.176887713334764 ], [ -71.50725422812468, -37.177247428980422 ], [ -71.507251658942991, -37.177607749151214 ], [ -71.507284919066379, -37.177969080380848 ], [ -71.507352203779462, -37.178326961445165 ], [ -71.507409088696519, -37.178680041797271 ], [ -71.507462759441481, -37.17904190183539 ], [ -71.507539410888057, -37.179395597236905 ], [ -71.507660643027222, -37.179741482401312 ], [ -71.507790377720553, -37.180087704519238 ], [ -71.507886182147274, -37.180437376969927 ], [ -71.507968376199145, -37.180791176057923 ], [ -71.508046411949579, -37.181144767363293 ], [ -71.508123493689155, -37.181502956168003 ], [ -71.508185577156752, -37.181865154095554 ], [ -71.508201958834277, -37.181933611426508 ], [ -71.508231384049736, -37.18262775237541 ], [ -71.508242014712806, -37.182896027615769 ], [ -71.508284966759788, -37.183324112750604 ], [ -71.508396911217233, -37.183846266276845 ], [ -71.508492977053706, -37.184485176945962 ], [ -71.508554959011704, -37.184955677021577 ], [ -71.508578332277068, -37.185358043485223 ], [ -71.508560975029155, -37.185734105498291 ], [ -71.508489496082007, -37.186150439768497 ], [ -71.508411986744335, -37.186738692243608 ], [ -71.508298575338031, -37.188260776259909 ], [ -71.508210977919731, -37.18878685959303 ], [ -71.508108073208987, -37.189572613884138 ], [ -71.507903729838048, -37.190477455163794 ], [ -71.507910144707495, -37.190713115202307 ], [ -71.507910223759239, -37.191078029106109 ], [ -71.507857259988398, -37.191432254234705 ], [ -71.507684400771538, -37.191760595411559 ], [ -71.507475361008304, -37.192083206702463 ], [ -71.507316097793264, -37.192420931664088 ], [ -71.507166675622159, -37.192763319419534 ], [ -71.507005502588825, -37.193096432872451 ], [ -71.50685642626911, -37.193429806764307 ], [ -71.506767620616742, -37.193783092019046 ], [ -71.506701870226166, -37.194141500680239 ], [ -71.506635159536529, -37.19450443229735 ], [ -71.506590597708538, -37.194858995565319 ], [ -71.506623959341567, -37.195220324411416 ], [ -71.506704044149146, -37.195574094320428 ], [ -71.506896653725846, -37.195987346750343 ], [ -71.507206717127644, -37.196313434109207 ], [ -71.507683209605474, -37.196774491589906 ], [ -71.507977866001838, -37.196994522674238 ], [ -71.508227820433007, -37.197302612914406 ], [ -71.508331927987896, -37.197687616434031 ], [ -71.508430471377935, -37.198194401480585 ], [ -71.508505739418965, -37.198806436483331 ], [ -71.508566686517739, -37.199206158915516 ], [ -71.50880051978281, -37.199863189383962 ], [ -71.509044626181506, -37.2002785205691 ], [ -71.509593248885082, -37.201503378243409 ], [ -71.509730450375045, -37.201739144823918 ], [ -71.509915458407804, -37.202072378948003 ], [ -71.510018236456105, -37.202216224586785 ], [ -71.510137289282369, -37.202408301926731 ], [ -71.510226499176611, -37.20251862380556 ], [ -71.510317592838007, -37.202685823544364 ], [ -71.510389276601046, -37.202932870696223 ], [ -71.510412010265952, -37.203170473090303 ], [ -71.510481696175802, -37.203891884658248 ], [ -71.5104577578701, -37.204222239427679 ], [ -71.510408116967511, -37.204548414994136 ], [ -71.510262347346355, -37.204809079684431 ], [ -71.510132137444231, -37.205004521803296 ], [ -71.509944951895221, -37.205193495424979 ], [ -71.509716782507994, -37.205396329643264 ], [ -71.509494893242916, -37.205535246427473 ], [ -71.509281169663794, -37.205642023533201 ], [ -71.509076462475178, -37.205700622877409 ], [ -71.508934749645832, -37.205852677452995 ], [ -71.508950280618777, -37.206246276018476 ], [ -71.509176209607674, -37.206457718850174 ], [ -71.509640474217875, -37.206611399599886 ], [ -71.510061052857495, -37.206839310818076 ], [ -71.510958662065789, -37.207650284020168 ], [ -71.51099499712241, -37.207685539856293 ], [ -71.511162006510133, -37.207940160954998 ], [ -71.511460037877001, -37.208210237217294 ], [ -71.511760622255906, -37.208484835616886 ], [ -71.511980400480041, -37.208788610573365 ], [ -71.512087965650494, -37.209143121057124 ], [ -71.512153610039874, -37.209505460420075 ], [ -71.512189911858826, -37.209862442963676 ], [ -71.512216934979207, -37.21022353544118 ], [ -71.512181443440653, -37.21063667189749 ], [ -71.512081378304515, -37.2109952924339 ], [ -71.511990186726763, -37.211315336843647 ], [ -71.511819994607961, -37.211688586726751 ], [ -71.511672622392368, -37.212018016666988 ], [ -71.511536614763401, -37.21240346094185 ], [ -71.511458579012981, -37.2126193550057 ], [ -71.511337864303414, -37.2129427563954 ], [ -71.511273089483225, -37.21329132663756 ], [ -71.51122790063117, -37.213668271830379 ], [ -71.511149217195438, -37.214034485542435 ], [ -71.511061299078577, -37.214414479627138 ], [ -71.510982012873285, -37.214745859994565 ], [ -71.510922033260073, -37.215099939008326 ], [ -71.510878742548215, -37.215459053410399 ], [ -71.510912046689072, -37.215820307965821 ], [ -71.511004411466587, -37.216169973754972 ], [ -71.511121131368057, -37.216524732848065 ], [ -71.511248734359242, -37.216870845681314 ], [ -71.511369926972534, -37.217221229126658 ], [ -71.511471132070753, -37.217575653491274 ], [ -71.511535963484818, -37.217924426237722 ], [ -71.511530964360261, -37.218280143533896 ], [ -71.511456627872178, -37.218638292086226 ], [ -71.511362793450871, -37.218995894553011 ], [ -71.511299084032601, -37.21935440811307 ], [ -71.511293678869521, -37.219714637519935 ], [ -71.511244968621568, -37.220068994372575 ], [ -71.51116837826045, -37.220431619621543 ], [ -71.511128599961353, -37.220790880323868 ], [ -71.511181512528225, -37.221139241909071 ], [ -71.511307521908051, -37.221489891660703 ], [ -71.511476417757876, -37.221828187498716 ], [ -71.511659892366453, -37.22215783282644 ], [ -71.511851078113438, -37.222483401525153 ], [ -71.512048951817704, -37.222804545287367 ], [ -71.512287417694722, -37.223124827157328 ], [ -71.512456404274388, -37.223451677098751 ], [ -71.512662599971449, -37.223773086409828 ], [ -71.512869201706991, -37.22408998362797 ], [ -71.513073792114639, -37.224415781467023 ], [ -71.513280089321327, -37.224737261775964 ], [ -71.513491593163408, -37.225054275112775 ], [ -71.513577046303112, -37.225239530483393 ], [ -71.513916980484709, -37.225693048038814 ], [ -71.514049381377816, -37.225893621196519 ], [ -71.514446356783338, -37.226977417159368 ], [ -71.515027311650627, -37.228485334368777 ], [ -71.51573146866248, -37.229199456462048 ], [ -71.516531758884497, -37.229708439573564 ], [ -71.517423598213725, -37.230116029850727 ], [ -71.518308763060404, -37.230777783581267 ], [ -71.518777937861941, -37.231093289547367 ], [ -71.519354590697333, -37.231464458219982 ], [ -71.519771314666059, -37.231679643290924 ], [ -71.520071716686957, -37.231839572436833 ], [ -71.520455893794633, -37.232047622007315 ], [ -71.520897234297081, -37.232339129613898 ], [ -71.52104932446457, -37.232448028055863 ], [ -71.521178458184991, -37.232532980561281 ], [ -71.521392112593844, -37.232627426876192 ], [ -71.521587688407621, -37.232752895937942 ], [ -71.521760797356123, -37.232918928664908 ], [ -71.521890645237178, -37.233033541606666 ], [ -71.522081657609306, -37.233238097609906 ], [ -71.522151257280896, -37.233409362519971 ], [ -71.522268417356884, -37.233655726887811 ], [ -71.522466723150785, -37.233970936156247 ], [ -71.522654641725069, -37.234301353758248 ], [ -71.522841192165188, -37.234662658247863 ], [ -71.522942628130437, -37.234982811082617 ], [ -71.523061527344822, -37.235342088290778 ], [ -71.523098660105404, -37.235688637580274 ], [ -71.523122891261877, -37.236049784515515 ], [ -71.52313723017042, -37.236410551385291 ], [ -71.523144939512193, -37.236771828601952 ], [ -71.523123486844895, -37.237238780147031 ], [ -71.52300664207759, -37.237470051008842 ], [ -71.522784663879293, -37.237790970748506 ], [ -71.522656775223879, -37.237943116552707 ], [ -71.522380836124796, -37.238287923884315 ], [ -71.52148959058195, -37.239752462988143 ], [ -71.52049979176762, -37.241810127559788 ], [ -71.520058261720635, -37.24256781011114 ], [ -71.519781153015046, -37.243025291797395 ], [ -71.519640363653835, -37.24357502861816 ], [ -71.519610838725384, -37.244108001241266 ], [ -71.519605667124296, -37.244532082830681 ], [ -71.519546360349239, -37.244886222947116 ], [ -71.519495764537496, -37.245249628456577 ], [ -71.519430911563873, -37.245603592146324 ], [ -71.519405234119802, -37.245958272133038 ], [ -71.519338234172636, -37.246319885448735 ], [ -71.519251690478157, -37.246582768467192 ], [ -71.519044540770295, -37.247017423739813 ], [ -71.518873001178562, -37.247348484223465 ], [ -71.518707617741498, -37.247681480411934 ], [ -71.518519989323053, -37.248009265773753 ], [ -71.518316403231907, -37.248332074206942 ], [ -71.518093475514362, -37.248645401526822 ], [ -71.517838756418911, -37.248944198021938 ], [ -71.517586992780764, -37.249243078425337 ], [ -71.517329196955473, -37.249532784072329 ], [ -71.517018328663198, -37.249798444626698 ], [ -71.516659032193957, -37.250013088975358 ], [ -71.516270305119363, -37.250195359142388 ], [ -71.515931244998512, -37.250396577166342 ], [ -71.515587035734484, -37.250587420632939 ], [ -71.51528032574366, -37.250759084451992 ], [ -71.514603532313657, -37.250893580186371 ], [ -71.514161711212523, -37.25090968673738 ], [ -71.513743436751611, -37.250970175833139 ], [ -71.513287847172123, -37.251049985555447 ], [ -71.512842625049316, -37.251138875613186 ], [ -71.512420951363382, -37.251275027437401 ], [ -71.512085531216087, -37.251463976664965 ], [ -71.511753698940012, -37.25171094844427 ], [ -71.511438154916675, -37.251967393007313 ], [ -71.511175946566709, -37.252261461359971 ], [ -71.51094690940694, -37.252570033794136 ], [ -71.510708624989604, -37.252878284629475 ], [ -71.510484485444749, -37.253187046880541 ], [ -71.510410857727436, -37.253545178359879 ], [ -71.510300080181551, -37.254114053218373 ], [ -71.510131369384666, -37.254487417329948 ], [ -71.509968596451799, -37.254870029734846 ], [ -71.509855677322278, -37.255227074976979 ], [ -71.509741464618742, -37.255547973445552 ], [ -71.509653137768439, -37.255905826289904 ], [ -71.509540041670789, -37.256249291606437 ], [ -71.509451490241659, -37.256611577682065 ], [ -71.50935666857184, -37.256924091941436 ], [ -71.509200894413382, -37.257261818380897 ], [ -71.509073617510666, -37.257609422303524 ], [ -71.509005621331852, -37.257967803023952 ], [ -71.508951805958134, -37.258322117367968 ], [ -71.508910395420159, -37.25868569259017 ], [ -71.508881653822655, -37.259049736510953 ], [ -71.508868480927333, -37.259409760532812 ], [ -71.508873181811211, -37.259765713235659 ], [ -71.508932803894922, -37.260123380886562 ], [ -71.509110107975815, -37.260461943071064 ], [ -71.509304563590405, -37.260782940067195 ], [ -71.509523006019734, -37.261100252960041 ], [ -71.509726527432207, -37.261421573254083 ], [ -71.50991417112202, -37.261751424381821 ], [ -71.51008976121733, -37.262085443630511 ], [ -71.510263137863802, -37.262419435659858 ], [ -71.510432168460923, -37.262753298233889 ], [ -71.510588589406396, -37.263091193714693 ], [ -71.510718533407186, -37.263432823920866 ], [ -71.510777001155773, -37.263785937212347 ], [ -71.510788062111857, -37.264113332935352 ], [ -71.510875677496472, -37.264490264281768 ], [ -71.510948583866622, -37.264719120868129 ], [ -71.511046697861957, -37.264942127292464 ], [ -71.511123238815728, -37.26517194120899 ], [ -71.511160378762838, -37.265372322815224 ], [ -71.511204723198531, -37.265681146096178 ], [ -71.511159832587154, -37.265925791418148 ], [ -71.511080033443832, -37.266106729816023 ], [ -71.510963663885292, -37.266560336070981 ], [ -71.510861261332806, -37.267150811223523 ], [ -71.510801156853759, -37.267549259267547 ], [ -71.510685805984764, -37.268239375633669 ], [ -71.510627227743399, -37.268964608489142 ], [ -71.510557221134988, -37.270049309968222 ], [ -71.510577001139239, -37.270580717050535 ], [ -71.510576428912401, -37.270911016312134 ], [ -71.510590742668143, -37.271241738751044 ], [ -71.51057387051047, -37.27160693365937 ], [ -71.510516084583188, -37.271900132567708 ], [ -71.510417825959095, -37.272109514828948 ], [ -71.510358793170198, -37.272426364670487 ], [ -71.510436356406771, -37.272664497994228 ], [ -71.510735109120802, -37.272909306486568 ], [ -71.510961668727035, -37.273116519971992 ], [ -71.511053498108652, -37.273366901308819 ], [ -71.511140852981825, -37.274030124536019 ], [ -71.511053093866778, -37.274652770510002 ], [ -71.51089545211083, -37.275190748622379 ], [ -71.510768811215328, -37.275694255859158 ], [ -71.510635010747023, -37.276032402785198 ], [ -71.510576156722863, -37.276349101017104 ], [ -71.510504015717345, -37.276630128292815 ], [ -71.510429300140217, -37.276969973679762 ], [ -71.510410299873641, -37.27738231338143 ], [ -71.510496628870769, -37.27775055927907 ], [ -71.51058624570183, -37.278048160268064 ], [ -71.510657245846929, -37.27842773091519 ], [ -71.51077626902881, -37.278726110490226 ], [ -71.510947186088046, -37.279057052345905 ], [ -71.511161619336249, -37.279374150281456 ], [ -71.511283058986251, -37.279720094636957 ], [ -71.511386614975564, -37.280069960804134 ], [ -71.511476729473301, -37.280424025344992 ], [ -71.511555897999287, -37.280782234592657 ], [ -71.51162461552525, -37.281140149796542 ], [ -71.51168491943028, -37.281497800266017 ], [ -71.511691768185997, -37.281853780075203 ], [ -71.511627504507203, -37.282207799771946 ], [ -71.51151872122125, -37.282564979149797 ], [ -71.511387199778824, -37.282907951210461 ], [ -71.511241583769575, -37.283254986463298 ], [ -71.511093226102091, -37.283597429329433 ], [ -71.510958802202978, -37.283944891675468 ], [ -71.510852057194384, -37.284288517862777 ], [ -71.510814733990969, -37.284638790917555 ], [ -71.510955568267946, -37.284989786361969 ], [ -71.511026636685031, -37.285343295287383 ], [ -71.510937026142173, -37.285696523810586 ], [ -71.510926302952626, -37.286052064219476 ], [ -71.511021971733754, -37.286406232839667 ], [ -71.511086959454659, -37.286768508197341 ], [ -71.51113705759974, -37.287130361562426 ], [ -71.511182867187657, -37.287496587895376 ], [ -71.511236665493399, -37.287858509229324 ], [ -71.511310514196268, -37.28821210687979 ], [ -71.511415783272852, -37.288557508179728 ], [ -71.511563460915653, -37.288886209127568 ], [ -71.511765295292008, -37.289198479379692 ], [ -71.512017526952448, -37.289489746580927 ], [ -71.512305656189909, -37.289768512132071 ], [ -71.512614909311324, -37.290043358771591 ], [ -71.512931082155347, -37.290309493911593 ], [ -71.513238955464459, -37.29058436859124 ], [ -71.513499556728391, -37.290863052187404 ], [ -71.51374276391347, -37.2912103909363 ], [ -71.513953684748913, -37.291517591703133 ], [ -71.514120289894777, -37.291831418291345 ], [ -71.514277141133263, -37.292140874135413 ], [ -71.514359619052769, -37.292370114767877 ], [ -71.514425311052861, -37.292641864590131 ], [ -71.514490412859814, -37.293034624863509 ], [ -71.514614067755303, -37.293429240457634 ], [ -71.514789322779038, -37.293766726695146 ], [ -71.515050312115164, -37.29415362317949 ], [ -71.515246349662988, -37.294548987561406 ], [ -71.515330468804507, -37.294893873103945 ], [ -71.515351826250381, -37.29525478552722 ], [ -71.515342942810534, -37.295614936569727 ], [ -71.515329026110152, -37.295979330755699 ], [ -71.51532929829969, -37.296339730590432 ], [ -71.515359075654715, -37.296700979807632 ], [ -71.515381917117452, -37.297062007188849 ], [ -71.515392733731787, -37.2974226998288 ], [ -71.515418352785389, -37.29778388953487 ], [ -71.515465923969558, -37.298141069294743 ], [ -71.515610558120201, -37.298474259653403 ], [ -71.515784266245007, -37.298803656168019 ], [ -71.515967783074387, -37.299133359944776 ], [ -71.516158426238945, -37.299463355258602 ], [ -71.516356225383035, -37.299788990852569 ], [ -71.516559671337006, -37.300114800109995 ], [ -71.516766334157992, -37.300431756430733 ], [ -71.516976290202848, -37.300753218979153 ], [ -71.517190818672489, -37.301070375548981 ], [ -71.517458558847949, -37.301362037677727 ], [ -71.517741543433814, -37.301645179568098 ], [ -71.518001389214575, -37.301941069707667 ], [ -71.518259018851552, -37.302236930815084 ], [ -71.518498821421687, -37.302541292615828 ], [ -71.518705406089282, -37.302858246570615 ], [ -71.518886173175574, -37.303187930429516 ], [ -71.519054139269087, -37.303521652208637 ], [ -71.519222664114693, -37.303855508271212 ], [ -71.519404601705816, -37.304189670106481 ], [ -71.51959327486496, -37.304515124464402 ], [ -71.519787460086647, -37.304845111169946 ], [ -71.519981035352288, -37.305170607707012 ], [ -71.520174833400105, -37.305491670582072 ], [ -71.520364341992448, -37.305817031417767 ], [ -71.520547805821224, -37.306146802339065 ], [ -71.520732089811872, -37.306445697921006 ], [ -71.520974705905516, -37.306750584295216 ], [ -71.52123492718205, -37.30707059794134 ], [ -71.521542366604891, -37.307426220968139 ], [ -71.521708280946314, -37.307670286893838 ], [ -71.522187220434972, -37.308680162215403 ], [ -71.523068800105349, -37.309970317982852 ], [ -71.523765925105181, -37.3109093122346 ], [ -71.524904322335502, -37.311636238040165 ], [ -71.525917593229892, -37.312255312005419 ], [ -71.526625721693634, -37.31290016300359 ], [ -71.527510560451873, -37.313480920911076 ], [ -71.528483620957516, -37.314029518253086 ], [ -71.528699890362162, -37.31413680896285 ], [ -71.528891033888328, -37.314203075753099 ], [ -71.529336067364909, -37.31427461584304 ], [ -71.529787248911319, -37.314292427087928 ], [ -71.530237260851194, -37.314256075854424 ], [ -71.530672133483606, -37.314165196979332 ], [ -71.531097900792304, -37.314042619170536 ], [ -71.531501148235137, -37.313874234662741 ], [ -71.531777135843257, -37.313783356040496 ], [ -71.532163011665119, -37.313672997666508 ], [ -71.532903197408089, -37.313475763239431 ], [ -71.533924712141854, -37.313457055156135 ], [ -71.534844183649227, -37.313666496116085 ], [ -71.535859090375766, -37.314122077682818 ], [ -71.536289071681452, -37.314378028886409 ], [ -71.536747757753716, -37.314671233329783 ], [ -71.537116958148985, -37.314925384407644 ], [ -71.537451407217461, -37.315160274703352 ], [ -71.545044669583078, -37.309735013497807 ], [ -71.545044263544568, -37.309744914947849 ], [ -71.545031272108915, -37.310028304641115 ], [ -71.545092593805165, -37.310259822848273 ], [ -71.545214717971405, -37.310718439468573 ], [ -71.545262092424551, -37.311237871214438 ], [ -71.545527801509181, -37.311700557232953 ], [ -71.545795299139542, -37.312109388606672 ], [ -71.546354488725811, -37.312413976230289 ], [ -71.546919070898724, -37.312601656028818 ], [ -71.54713115595078, -37.312666482380713 ], [ -71.547610873380492, -37.313135406855636 ], [ -71.547820312894032, -37.313258681313286 ], [ -71.548181787777835, -37.313365318678798 ], [ -71.548243964670235, -37.313383689560347 ], [ -71.54837383051759, -37.313671235817829 ], [ -71.548174644374697, -37.313963806440064 ], [ -71.548067035186818, -37.314121816907921 ], [ -71.547918928149301, -37.314230131293883 ], [ -71.547945072717326, -37.314429554241961 ], [ -71.547971802088611, -37.314632581760364 ], [ -71.54788745657163, -37.314918395000134 ], [ -71.547740563158072, -37.315027126902073 ], [ -71.547664903451576, -37.315083016343003 ], [ -71.547504396069868, -37.315316874494165 ], [ -71.547494793079466, -37.31533081251132 ], [ -71.54743444605532, -37.315418705763626 ], [ -71.547490615913404, -37.315762765448987 ], [ -71.547519254204659, -37.31578422139377 ], [ -71.547865420897722, -37.316044814328102 ], [ -71.548044671627821, -37.316179812135175 ], [ -71.548255366986126, -37.316200372777551 ], [ -71.548900340292136, -37.316263322072459 ], [ -71.550125606407065, -37.316086160727586 ], [ -71.550558923157396, -37.31602351563312 ], [ -71.551194160522385, -37.31587508688056 ], [ -71.551210300553066, -37.315871343240403 ], [ -71.552360308508455, -37.315792268085922 ], [ -71.552710187938573, -37.315973628853314 ], [ -71.553345865478022, -37.316163285886944 ], [ -71.554344394120278, -37.316251053854756 ], [ -71.555624392788843, -37.316459483971101 ], [ -71.556027761504239, -37.317043414285827 ], [ -71.556587246636226, -37.317343515356846 ], [ -71.557590942388018, -37.31731871207851 ], [ -71.558664014130869, -37.317349980153743 ], [ -71.55916455900045, -37.317364543626667 ], [ -71.559951829040742, -37.31738744152976 ], [ -71.560365005562403, -37.317741776957163 ], [ -71.560866293338705, -37.31775639179223 ], [ -71.561310794114334, -37.317426965418818 ], [ -71.561541103288562, -37.317091326403322 ], [ -71.561766353151114, -37.316868079422804 ], [ -71.561996656037124, -37.316532365754369 ], [ -71.562513066052929, -37.316200564959772 ], [ -71.562941807683529, -37.316213051087423 ], [ -71.563299492575169, -37.316223459645286 ], [ -71.563644131233914, -37.316521761485731 ], [ -71.56384837129859, -37.316757478385803 ], [ -71.564264937163827, -37.317053406933979 ], [ -71.564469269754994, -37.317289047152549 ], [ -71.564951633621533, -37.317704023560864 ], [ -71.565434000183004, -37.318118926236764 ], [ -71.565847948357501, -37.318473372521439 ], [ -71.566319831579619, -37.319117790116003 ], [ -71.566508634994463, -37.319695339486564 ], [ -71.5667529623787, -37.320616876878276 ], [ -71.567370453525228, -37.32120697075122 ], [ -71.567785711443406, -37.321134835746847 ], [ -71.567948270577205, -37.321106648961688 ], [ -71.568475386714567, -37.32044312701381 ], [ -71.568480086700134, -37.320437267572757 ], [ -71.568914727567204, -37.320337319811976 ], [ -71.569489812842434, -37.32029544352811 ], [ -71.5699904700014, -37.320309958565971 ], [ -71.570910241546102, -37.320566430207364 ], [ -71.571737477633363, -37.321275149428971 ], [ -71.5722005043651, -37.321484404297465 ], [ -71.572995543934269, -37.321227037807695 ], [ -71.574018528311811, -37.320422701123263 ], [ -71.57528145539672, -37.319439942904047 ], [ -71.576117832740309, -37.31890807072368 ], [ -71.576997400184453, -37.318701913500291 ], [ -71.57786868426335, -37.318680857028262 ], [ -71.578570250533957, -37.318562135822056 ], [ -71.579619425293615, -37.318453471901783 ], [ -71.580728723396945, -37.31830022638065 ], [ -71.581728333610826, -37.318004822120962 ], [ -71.582980738728793, -37.317253351064331 ], [ -71.584390161273603, -37.316877069040743 ], [ -71.586292029477377, -37.316727118100822 ], [ -71.586952279533108, -37.316652438291769 ], [ -71.588301117000199, -37.316391638135954 ], [ -71.588843303274771, -37.316332302539521 ], [ -71.590061521207971, -37.316367489676217 ], [ -71.591072416058452, -37.316321721104444 ], [ -71.591941750793197, -37.316290636924705 ], [ -71.592612582104664, -37.316497250852215 ], [ -71.593121239659538, -37.316661867308504 ], [ -71.593867594133584, -37.316758299262126 ], [ -71.594690947702176, -37.316707089850773 ], [ -71.596622998401187, -37.316519178110497 ], [ -71.597349192883613, -37.316540068011761 ], [ -71.598064539310656, -37.316804212596622 ], [ -71.598678473128643, -37.317234023802712 ], [ -71.599148538160634, -37.317734688507514 ], [ -71.599786602523793, -37.318671119640285 ], [ -71.600274163144249, -37.319303461423004 ], [ -71.600683286467358, -37.319596174435638 ], [ -71.601000131251226, -37.319743198476935 ], [ -71.601608586244282, -37.319900415245797 ], [ -71.603105891871664, -37.319929400464368 ], [ -71.603823053793903, -37.319773349653779 ], [ -71.604341573952297, -37.319461992895256 ], [ -71.604992277611501, -37.31899572261046 ], [ -71.605729144977815, -37.318540912139007 ], [ -71.606169374264269, -37.318328939311051 ], [ -71.606643447579046, -37.318288665763546 ], [ -71.607452188252935, -37.318311880584027 ], [ -71.608185267423679, -37.31851260221687 ], [ -71.608845442020936, -37.318836881530878 ], [ -71.609373204945314, -37.319103471309106 ], [ -71.609971672469058, -37.319300286618024 ], [ -71.610707337889508, -37.319447119064215 ], [ -71.611294503708663, -37.31939207586214 ], [ -71.611753446699112, -37.319189708448832 ], [ -71.612271771024794, -37.318665641555292 ], [ -71.61280297808996, -37.317854563374176 ], [ -71.613355129375975, -37.317080079232248 ], [ -71.61446629148351, -37.316375398420867 ], [ -71.61500865203125, -37.316319112717224 ], [ -71.616004080587473, -37.316688868382315 ], [ -71.617550983099974, -37.317163415993399 ], [ -71.618263051574559, -37.317472098198252 ], [ -71.618956187156215, -37.317775732493445 ], [ -71.619590616935739, -37.317959078121866 ], [ -71.62035353544529, -37.317998944629466 ], [ -71.620761092106534, -37.317938680132848 ], [ -71.621453405729696, -37.317545368358211 ], [ -71.622079970758904, -37.317114162949238 ], [ -71.622774006452474, -37.316502293293453 ], [ -71.623666113479658, -37.315848229115979 ], [ -71.624854166883935, -37.315369780933068 ], [ -71.62538447024393, -37.31514281802739 ], [ -71.625995684861564, -37.315052472484318 ], [ -71.626602918145849, -37.315022966699267 ], [ -71.62777978932148, -37.314887787489006 ], [ -71.629443525821529, -37.314396359511349 ], [ -71.631047106638576, -37.313741625426289 ], [ -71.632118859654611, -37.313097749026966 ], [ -71.632796562179678, -37.312336401395662 ], [ -71.634031064772358, -37.310880612903155 ], [ -71.63481404356051, -37.310218561840806 ], [ -71.635329654075733, -37.310001480512121 ], [ -71.636345182436429, -37.309922593524881 ], [ -71.637018951238872, -37.309941824781021 ], [ -71.637661514364964, -37.310157669500711 ], [ -71.638381028076623, -37.310663093363473 ], [ -71.638734003101206, -37.310816886744433 ], [ -71.639339665232072, -37.310852019304214 ], [ -71.639659707120032, -37.310735399176636 ], [ -71.639877094927201, -37.310400343312885 ], [ -71.640207453966212, -37.31005043741613 ], [ -71.640671174197323, -37.309740221440606 ], [ -71.641350138855373, -37.309546261944995 ], [ -71.642491244506289, -37.309387965349785 ], [ -71.643268333939446, -37.30936240493758 ], [ -71.643623861077756, -37.309420158424359 ], [ -71.644156187443755, -37.309530653079548 ], [ -71.644634514281421, -37.309619247602072 ], [ -71.645124648575162, -37.309723004290383 ], [ -71.64622785610085, -37.309923108673388 ], [ -71.648016295830331, -37.309973802556577 ], [ -71.650086007058434, -37.309917620662468 ], [ -71.65116971036268, -37.309822610347808 ], [ -71.651811344630758, -37.309553393322005 ], [ -71.652338101442012, -37.309428855274966 ], [ -71.652878802801411, -37.309348811630471 ], [ -71.653411139947195, -37.309459264235237 ], [ -71.653760329471183, -37.3096598251675 ], [ -71.653928583025589, -37.309902982154107 ], [ -71.654205514763063, -37.310387603291225 ], [ -71.654542122483193, -37.310873911770592 ], [ -71.655006437399024, -37.311173093644236 ], [ -71.655594047884264, -37.311380403249586 ], [ -71.656009262683312, -37.311439806343216 ], [ -71.656665000501363, -37.311458369889692 ], [ -71.657214960796395, -37.311509720770644 ], [ -71.658496256632233, -37.31189158897643 ], [ -71.659741827367512, -37.312069837629643 ], [ -71.660519025496825, -37.31204416024142 ], [ -71.661346107972179, -37.312104315862967 ], [ -71.662069558999718, -37.3120170167483 ], [ -71.663759326880069, -37.311658804028305 ], [ -71.664955861278955, -37.311597224100026 ], [ -71.665609583277515, -37.311663323798285 ], [ -71.666367631121588, -37.312066201685148 ], [ -71.666897988380512, -37.312224178274683 ], [ -71.667379112571936, -37.312142385009849 ], [ -71.668466922973678, -37.311839316685479 ], [ -71.669154122487924, -37.311498330583532 ], [ -71.669645654560256, -37.311063135120065 ], [ -71.670206600352898, -37.310594330613547 ], [ -71.670680382613526, -37.310376047173079 ], [ -71.67128283955546, -37.3102499371848 ], [ -71.671929103740538, -37.310283099450899 ], [ -71.672776244697843, -37.310450648193552 ], [ -71.674309423647784, -37.310871091707455 ], [ -71.675268977983137, -37.311041764994485 ], [ -71.675833379594678, -37.311283824359165 ], [ -71.676441265055857, -37.311487912797688 ], [ -71.677237188567261, -37.311797660011862 ], [ -71.678269182148824, -37.312365596012498 ], [ -71.678708136725874, -37.312611442072253 ], [ -71.679415090193231, -37.312900674559401 ], [ -71.680108275182235, -37.312992080093132 ], [ -71.680449986231451, -37.31289390430392 ], [ -71.680875166041957, -37.312941699036529 ], [ -71.681139895962929, -37.313056984699159 ], [ -71.681732960120229, -37.313378977704382 ], [ -71.682167308136528, -37.313845712933372 ], [ -71.682441099363757, -37.314153313508605 ], [ -71.682579400391646, -37.314588302469424 ], [ -71.682751349615131, -37.314955866875799 ], [ -71.68310705102661, -37.315375586471717 ], [ -71.683695570606886, -37.315839260808055 ], [ -71.684066175068935, -37.316067148230914 ], [ -71.685213771047771, -37.316566401853038 ], [ -71.686217190118441, -37.31677223343987 ], [ -71.687890711966887, -37.316723796729498 ], [ -71.688842591096446, -37.31679812282659 ], [ -71.689792288218186, -37.316920103883639 ], [ -71.690984779299967, -37.316953504682992 ], [ -71.692185537577316, -37.316796396772517 ], [ -71.692845590003685, -37.316719505880428 ], [ -71.693935437784475, -37.316368617047466 ], [ -71.695208380186472, -37.315927396373645 ], [ -71.695845913645314, -37.315678483363634 ], [ -71.696413921992729, -37.315550594745666 ], [ -71.696999386402723, -37.315531042712543 ], [ -71.697910108319249, -37.315573826843888 ], [ -71.698989668593413, -37.31546090126114 ], [ -71.699645437852482, -37.315479224477627 ], [ -71.70041847139214, -37.315548534305833 ], [ -71.701376593812938, -37.31547992176997 ], [ -71.701917271816143, -37.315399579502248 ], [ -71.702875389745344, -37.315330955399368 ], [ -71.703710086341047, -37.315354246149582 ], [ -71.704404045677805, -37.315414338395065 ], [ -71.70501139664141, -37.315628919995042 ], [ -71.705593013567054, -37.315978882802185 ], [ -71.706492488576203, -37.316514239262624 ], [ -71.706752196016424, -37.31677404736898 ], [ -71.707093324059045, -37.317164941286251 ], [ -71.70758259058023, -37.317820262095871 ], [ -71.708129847844575, -37.318679768269739 ], [ -71.708779478915332, -37.319254710577667 ], [ -71.709262884827595, -37.319519649323141 ], [ -71.709775545275406, -37.319623725971738 ], [ -71.710966226251898, -37.319656891246744 ], [ -71.711565671142665, -37.31983522650328 ], [ -71.712161323346308, -37.320103337259191 ], [ -71.71315815776596, -37.320454366537739 ], [ -71.713829693356615, -37.320526875821699 ], [ -71.71434570272379, -37.320559249153348 ], [ -71.71470947280315, -37.320475970451113 ], [ -71.715283161198116, -37.320208046052549 ], [ -71.715752121302287, -37.319837403272409 ], [ -71.716720741435481, -37.319530575363402 ], [ -71.717267652848449, -37.319307399924121 ], [ -71.717757140355204, -37.319034901310516 ], [ -71.718402468495725, -37.318821638227675 ], [ -71.719029122458153, -37.318892935310259 ], [ -71.719496272457036, -37.319013739914197 ], [ -71.720736704828909, -37.320485226105482 ], [ -71.721704906347185, -37.320979093196662 ], [ -71.722281257348627, -37.321174736289201 ], [ -71.722929678388709, -37.321264629412362 ], [ -71.723429297993533, -37.321152653938782 ], [ -71.724605451415243, -37.320798313874306 ], [ -71.725524615698802, -37.32025160692509 ], [ -71.726265680892425, -37.320063703331869 ], [ -71.726780116411263, -37.32013178731787 ], [ -71.727288190959527, -37.320343448586812 ], [ -71.727956872602519, -37.320605069438471 ], [ -71.728699462237188, -37.320993279484703 ], [ -71.729713517360821, -37.321470445275551 ], [ -71.730658661820712, -37.321851456347957 ], [ -71.731508342315351, -37.322094924658494 ], [ -71.733539019049388, -37.322666530447769 ], [ -71.735138666143826, -37.322949103483573 ], [ -71.736309038906683, -37.322910138991361 ], [ -71.737032662410769, -37.322822375942032 ], [ -71.737475022501073, -37.322475296059068 ], [ -71.737926963123869, -37.321977178255054 ], [ -71.739031160593015, -37.321292469662218 ], [ -71.73988213466167, -37.320906976547626 ], [ -71.741130836924029, -37.320636128259089 ], [ -71.742641831079695, -37.320629141525792 ], [ -71.742997770544733, -37.320636386153858 ], [ -71.743533964158033, -37.32072028119611 ], [ -71.74373497028769, -37.32086421616917 ], [ -71.744114065625794, -37.321098875019331 ], [ -71.744928254581879, -37.32159804164074 ], [ -71.745489298290877, -37.321798058692487 ], [ -71.746491794791766, -37.322023253422529 ], [ -71.747175604064125, -37.322089012482444 ], [ -71.748153468759924, -37.322086957936833 ], [ -71.749210194757879, -37.322098047195965 ], [ -71.749912864159626, -37.321973709239657 ], [ -71.75082391935112, -37.321711274473309 ], [ -71.751424140386291, -37.321350579033478 ], [ -71.752050862620678, -37.320900680652073 ], [ -71.752299641157151, -37.320871562217619 ], [ -71.752725632146351, -37.320901287166961 ], [ -71.753122355125271, -37.321012892248589 ], [ -71.753956939431546, -37.321274192154654 ], [ -71.754832921699403, -37.321727337298135 ], [ -71.755416854481851, -37.322029455640696 ], [ -71.756189981446283, -37.322098322230715 ], [ -71.75689942773856, -37.322260867592675 ], [ -71.757364198998559, -37.322559702681716 ], [ -71.758240123774243, -37.32301282292913 ], [ -71.759630382559067, -37.324004478188556 ], [ -71.760574297225332, -37.324268787987407 ], [ -71.761528353871142, -37.324294934102802 ], [ -71.76255231561575, -37.324084546231859 ], [ -71.763527002072053, -37.323634502771817 ], [ -71.764753420725498, -37.323135307529284 ], [ -71.765482375730798, -37.322921679609692 ], [ -71.765906101168838, -37.323005149909761 ], [ -71.76651751341582, -37.323435014950505 ], [ -71.767022706168675, -37.323718248737656 ], [ -71.767398883778739, -37.32383582310996 ], [ -71.767958651880051, -37.32392355640139 ], [ -71.768533922208221, -37.323819142100369 ], [ -71.769385122652309, -37.323460968477946 ], [ -71.770166524897149, -37.323339242349022 ], [ -71.771178209366752, -37.323414600588549 ], [ -71.772060338806099, -37.323724780136111 ], [ -71.772648614044613, -37.323931557217549 ], [ -71.773244860932991, -37.323947839590204 ], [ -71.774004638033986, -37.324034838391306 ], [ -71.774621462630577, -37.32433904194518 ], [ -71.775180141075438, -37.324763529582071 ], [ -71.775509601799143, -37.325135742490055 ], [ -71.775832874028865, -37.325467868154597 ], [ -71.776562050918045, -37.325775181148472 ], [ -71.776977957419845, -37.32600451284052 ], [ -71.777922039172751, -37.326584697323128 ], [ -71.778784511677031, -37.326931605359292 ], [ -71.779583528986279, -37.32718691290696 ], [ -71.780609391566017, -37.327394434789326 ], [ -71.781247941917741, -37.327717284278663 ], [ -71.78196790927862, -37.328239813700087 ], [ -71.782471743778771, -37.328558961550549 ], [ -71.783028068637591, -37.328699779247565 ], [ -71.783783761098988, -37.328812279209451 ], [ -71.784346817034233, -37.328897420169248 ], [ -71.78483270588994, -37.329108244579594 ], [ -71.78518685321599, -37.32924355321795 ], [ -71.78573875566866, -37.329492090578093 ], [ -71.786541439900901, -37.329657647881795 ], [ -71.787750224625313, -37.329798270657861 ], [ -71.788958291595819, -37.32995683499211 ], [ -71.789856265520115, -37.329999205902737 ], [ -71.790445770552267, -37.329889477066651 ], [ -71.79111502891368, -37.329494472073222 ], [ -71.791564849512397, -37.328967785517776 ], [ -71.792195174889386, -37.328427975432973 ], [ -71.792827503509457, -37.328152091162679 ], [ -71.793545174776483, -37.328123915581394 ], [ -71.794394265976266, -37.327813152019594 ], [ -71.795235160947442, -37.327692880873094 ], [ -71.796751945643422, -37.327599578829414 ], [ -71.797681577096668, -37.327427068034275 ], [ -71.798374786340176, -37.326872082357376 ], [ -71.798929757437861, -37.326458035916794 ], [ -71.799592589251731, -37.325862128544479 ], [ -71.800150151989001, -37.325446096376687 ], [ -71.800650077919343, -37.325312602480444 ], [ -71.801489005580024, -37.325239946372591 ], [ -71.802679677573366, -37.325319798081509 ], [ -71.803391258262749, -37.325434471853384 ], [ -71.8050623717279, -37.325776551254535 ], [ -71.80599914029608, -37.325886383961887 ], [ -71.80730909688107, -37.325969484512861 ], [ -71.808265274449255, -37.325947588585251 ], [ -71.808867673899002, -37.32582085324222 ], [ -71.809603445320676, -37.325363855318201 ], [ -71.810216343381128, -37.325179211212969 ], [ -71.81082376890491, -37.325177616076807 ], [ -71.811560709034751, -37.325305294726462 ], [ -71.812564226920102, -37.325512035313324 ], [ -71.812981276078958, -37.325756786864886 ], [ -71.813746497868905, -37.326280404996254 ], [ -71.814548258633025, -37.32700260401603 ], [ -71.815340378677504, -37.32741912545066 ], [ -71.816416598117129, -37.328026927469487 ], [ -71.817431854288301, -37.328499460552983 ], [ -71.818011530852957, -37.328622873389797 ], [ -71.818714926093463, -37.328480097610395 ], [ -71.819469291743189, -37.328195035259867 ], [ -71.819935210151812, -37.328121620475372 ], [ -71.820459515460641, -37.328185663406884 ], [ -71.820626682053572, -37.328245970403138 ], [ -71.821171684546542, -37.328366577821669 ], [ -71.821535411506773, -37.328403074379935 ], [ -71.822183589103403, -37.328375792502477 ], [ -71.822433603721706, -37.328357643866077 ], [ -71.822924334496776, -37.328413693401458 ], [ -71.823437867208739, -37.328597269516202 ], [ -71.823769183851823, -37.328651955248027 ], [ -71.824175073239914, -37.328626979266282 ], [ -71.824757998112617, -37.328442016737419 ], [ -71.825117823689567, -37.328403964417731 ], [ -71.825413958712858, -37.328459633188395 ], [ -71.825944723806913, -37.328616951012606 ], [ -71.826533750037015, -37.328708282431649 ], [ -71.827204000138494, -37.328816049348895 ], [ -71.828206887406523, -37.32904060731245 ], [ -71.829100478450556, -37.329190263675663 ], [ -71.829639761370132, -37.329204744137307 ], [ -71.830336969014965, -37.329205476303414 ], [ -71.831238643998248, -37.329092720493207 ], [ -71.832079290136079, -37.328964737554088 ], [ -71.83271074289874, -37.328927833397032 ], [ -71.833579711120848, -37.328591880015431 ], [ -71.834034305366998, -37.328478229675873 ], [ -71.834493237577661, -37.328369344368966 ], [ -71.835332150865312, -37.328296448349029 ], [ -71.835751651526579, -37.32825996031076 ], [ -71.836319612263267, -37.328162183052733 ], [ -71.836838719919882, -37.328122194073323 ], [ -71.837196783002241, -37.328167710447751 ], [ -71.837654125194845, -37.328453925092987 ], [ -71.837946273494921, -37.328604809102139 ], [ -71.838586352779274, -37.329003413182676 ], [ -71.839463723842542, -37.329360071056549 ], [ -71.839954295615826, -37.329455618835233 ], [ -71.840856991983586, -37.329397316439874 ], [ -71.841401858830963, -37.329326865776778 ], [ -71.841988002367316, -37.329247965498638 ], [ -71.842697563643938, -37.329208612831607 ], [ -71.843232354088784, -37.32927060405892 ], [ -71.844708402881579, -37.329823571972234 ], [ -71.845285834556307, -37.33013595082155 ], [ -71.846213046846501, -37.330959510133866 ], [ -71.847424790621446, -37.331814151047283 ], [ -71.847911096295462, -37.332229176534632 ], [ -71.848113337608638, -37.332321522838342 ], [ -71.84832173597475, -37.332474028346866 ], [ -71.848882081692793, -37.33266359945511 ], [ -71.850176347404684, -37.333127129274473 ], [ -71.851746919626635, -37.33412262663019 ], [ -71.852395157410385, -37.334330581481694 ], [ -71.852752913268915, -37.334340107562468 ], [ -71.853353393018907, -37.334260729709335 ], [ -71.854017443846601, -37.334087763510517 ], [ -71.854560218517676, -37.333959134815494 ], [ -71.856003608160009, -37.3337114557809 ], [ -71.856717403196569, -37.33377806601554 ], [ -71.857071280129688, -37.3338828978927 ], [ -71.857359515368373, -37.334128978558873 ], [ -71.857828797069445, -37.33433214856742 ], [ -71.85830592735114, -37.334344825961168 ], [ -71.858848697530632, -37.334216250561624 ], [ -71.859276149180474, -37.33398918457717 ], [ -71.860359691686298, -37.333779535258472 ], [ -71.861023716462853, -37.333606456526084 ], [ -71.86175535383758, -37.333244463929084 ], [ -71.862313961315536, -37.332734811977637 ], [ -71.862703486094091, -37.332566008640029 ], [ -71.863230821420387, -37.332328537769953 ], [ -71.863823309757592, -37.332146620045833 ], [ -71.864620066905601, -37.331842380958776 ], [ -71.865101841477298, -37.331695546303294 ], [ -71.865713461235131, -37.331394605398188 ], [ -71.866229144513866, -37.331096726165036 ], [ -71.866882974310258, -37.331060055199707 ], [ -71.867286035801826, -37.331106676944366 ], [ -71.867806983208141, -37.331307003687584 ], [ -71.868216498196688, -37.331508629898046 ], [ -71.868746773708921, -37.331684292746409 ], [ -71.869276460824608, -37.331931866322357 ], [ -71.86992046664507, -37.332173634841801 ], [ -71.870474983195237, -37.332322938538901 ], [ -71.871212072445402, -37.332450237907921 ], [ -71.87193465390375, -37.332560685137395 ], [ -71.872711123499371, -37.332651511769335 ], [ -71.873902808792351, -37.332612730163056 ], [ -71.87450324721982, -37.332533319770739 ], [ -71.874988260218146, -37.332355436787374 ], [ -71.875773576422688, -37.332137767253471 ], [ -71.876624397777732, -37.331778763286103 ], [ -71.877779278195177, -37.331284869314402 ], [ -71.877946888555854, -37.33125133559809 ], [ -71.878200827015306, -37.33120056749312 ], [ -71.87867202212793, -37.331356069572408 ], [ -71.878960405588629, -37.331602092087358 ], [ -71.879196988596803, -37.331655974918426 ], [ -71.879493260164026, -37.331711503422589 ], [ -71.879785589025474, -37.331862277318571 ], [ -71.880070037865252, -37.332203543890273 ], [ -71.880241119316167, -37.332398756335074 ], [ -71.880350551185771, -37.332640129071741 ], [ -71.880397510617229, -37.332983637782618 ], [ -71.880784235347051, -37.333700501089083 ], [ -71.881186006857874, -37.33409249692459 ], [ -71.881882096998496, -37.334587672385943 ], [ -71.882470727071563, -37.334793961020971 ], [ -71.88329783020815, -37.335006461664548 ], [ -71.884182752509716, -37.335268185028958 ], [ -71.885049546808816, -37.335671998470943 ], [ -71.885446605757664, -37.335879699047432 ], [ -71.885640500823541, -37.336117232972789 ], [ -71.886041731548559, -37.336704175326084 ], [ -71.886438131133986, -37.337044094283307 ], [ -71.886734427854037, -37.337099603091431 ], [ -71.887271261966134, -37.337113731340054 ], [ -71.887694704434878, -37.336981812348945 ], [ -71.888112253955356, -37.336992870840433 ], [ -71.888478859117754, -37.337073747839675 ], [ -71.888744593355199, -37.337188092980483 ], [ -71.88891799245954, -37.337336731046896 ], [ -71.889283712781378, -37.337741683988426 ], [ -71.889471809222087, -37.338087939130816 ], [ -71.889665792322873, -37.338416480716731 ], [ -71.889851963673919, -37.338690735300709 ], [ -71.890082851363189, -37.339091969884059 ], [ -71.890346172725799, -37.33929258887165 ], [ -71.890585003318819, -37.339464499623169 ], [ -71.890813606592317, -37.339543282753773 ], [ -71.891290769213356, -37.339555898560143 ], [ -71.891646765272242, -37.339612886782398 ], [ -71.8918794558803, -37.339761989284881 ], [ -71.892108316071955, -37.340006408017473 ], [ -71.892275431460916, -37.340296922055387 ], [ -71.892448527832997, -37.340444528375997 ], [ -71.892623493599203, -37.340544476530326 ], [ -71.892915883546081, -37.340695215556181 ], [ -71.893262078086906, -37.340990351351131 ], [ -71.893667878541791, -37.341287126488773 ], [ -71.894433521641574, -37.341545637676703 ], [ -71.894843251327501, -37.341747163557841 ], [ -71.895254850407539, -37.341901029740249 ], [ -71.895450701105787, -37.342053462949828 ], [ -71.895889540698491, -37.342442135666715 ], [ -71.896058635974313, -37.342684983050312 ], [ -71.896406813995299, -37.342932522511582 ], [ -71.896635513388532, -37.343176936638912 ], [ -71.896723493489134, -37.343380359986782 ], [ -71.896721496534255, -37.3439897661518 ], [ -71.896709736688877, -37.34427550415591 ], [ -71.896701897989701, -37.344465996030763 ], [ -71.896811398131248, -37.344707276427584 ], [ -71.896920900967757, -37.344948631749951 ], [ -71.897285591820292, -37.345322285083746 ], [ -71.897601990141467, -37.34554122116775 ], [ -71.89802535715171, -37.345642157352664 ], [ -71.89844872146702, -37.345743018416002 ], [ -71.899025470422131, -37.346052782267833 ], [ -71.899260060967009, -37.346154284083838 ], [ -71.89966591352416, -37.346451037385393 ], [ -71.900135378481551, -37.346654030519602 ], [ -71.900922581148166, -37.346867753066057 ], [ -71.90161278642536, -37.347047606267786 ], [ -71.90192668114183, -37.347073783018892 ], [ -71.902290701851157, -37.346975526067268 ], [ -71.902633156705463, -37.346910278689855 ], [ -71.903575582863283, -37.346919389688097 ], [ -71.904156304168595, -37.34702441032362 ], [ -71.904472787829704, -37.347196893967357 ], [ -71.904991997894257, -37.347495419200783 ], [ -71.905587805506457, -37.347780469724306 ], [ -71.906124398870062, -37.347875049991032 ], [ -71.906460826028805, -37.347893204623915 ], [ -71.907311012274945, -37.34789097153719 ], [ -71.908238751876183, -37.347885789804472 ], [ -71.908713740574242, -37.347826342678935 ], [ -71.909129035323346, -37.348124601896266 ], [ -71.909382551574637, -37.348526493773598 ], [ -71.90957234313629, -37.348836870284487 ], [ -71.909648199573823, -37.349180169236988 ], [ -71.90951160714161, -37.349569739127794 ], [ -71.909459955809425, -37.34992975921844 ], [ -71.909428487824997, -37.350139656240266 ], [ -71.909576447538825, -37.350381896731946 ], [ -71.909770798050531, -37.350530060226426 ], [ -71.910403037737396, -37.350529256857627 ], [ -71.91116650062601, -37.350567145864481 ], [ -71.91210911363342, -37.350627780518302 ], [ -71.912685530211888, -37.350840416314668 ], [ -71.91310519975643, -37.351031001505774 ], [ -71.913728684462512, -37.351191021339581 ], [ -71.914383526660245, -37.351136196343226 ], [ -71.914886240961224, -37.350951733412515 ], [ -71.915280048008754, -37.350674583639275 ], [ -71.915658838817961, -37.350217395570382 ], [ -71.916080348112203, -37.349815254235679 ], [ -71.916537278876419, -37.349647489759768 ], [ -71.917079652898892, -37.349589815033241 ], [ -71.917824354472799, -37.349537403290611 ], [ -71.918693914684667, -37.34942624762823 ], [ -71.919139121536105, -37.349302165565106 ], [ -71.920193626898666, -37.348826724042311 ], [ -71.920717323149745, -37.348678626456177 ], [ -71.921306831775169, -37.348568244347184 ], [ -71.922588855246374, -37.348583646578106 ], [ -71.923848295969648, -37.348598485362032 ], [ -71.924447223430846, -37.348561744387709 ], [ -71.925088962801823, -37.347639253603838 ], [ -71.925265358685948, -37.34697681580306 ], [ -71.92548904009, -37.346405921298199 ], [ -71.925700739764821, -37.345664659568186 ], [ -71.92589009115197, -37.345436013491799 ], [ -71.926108883025961, -37.34532983870244 ], [ -71.926715262910719, -37.345107254087218 ], [ -71.927560142808488, -37.344890865572324 ], [ -71.928667748485793, -37.344863944620123 ], [ -71.931083559931622, -37.344875960353001 ], [ -71.931688134202659, -37.344712004887441 ], [ -71.93248113369782, -37.344303397297445 ], [ -71.932800726428141, -37.343787243594491 ], [ -71.933172261544811, -37.343463124808196 ], [ -71.933720751297713, -37.343191230147163 ], [ -71.934201986880268, -37.343108347901172 ], [ -71.934817908669999, -37.342647575708568 ], [ -71.93538845745303, -37.342220776602851 ], [ -71.935451237114961, -37.341758087794403 ], [ -71.935329197390359, -37.341330844404631 ], [ -71.935124501879841, -37.340893990489015 ], [ -71.935075387389986, -37.340537349522251 ], [ -71.935216912471418, -37.340185644154339 ], [ -71.935785645759253, -37.33948968055136 ], [ -71.936061364771106, -37.338963756861347 ], [ -71.936551026551001, -37.338210553427977 ], [ -71.93692831807202, -37.337743445987023 ], [ -71.937717287724823, -37.337331286463069 ], [ -71.938146560259739, -37.33693625774626 ], [ -71.938481489028604, -37.336257976506367 ], [ -71.938622128371165, -37.335737102764391 ], [ -71.9388859168577, -37.335124146224217 ], [ -71.938959039721823, -37.334792221809323 ], [ -71.939159359538621, -37.334272890705016 ], [ -71.939708496976863, -37.33370221889799 ], [ -71.94015233928738, -37.333344983794476 ], [ -71.940715594648609, -37.333169758391641 ], [ -71.941356998049699, -37.333090170734593 ], [ -71.942076618660849, -37.333013357940743 ], [ -71.94318448664626, -37.332649843221361 ], [ -71.944553110405792, -37.332314517191712 ], [ -71.945649935401391, -37.331770701162789 ], [ -71.94687960595617, -37.330896557434009 ], [ -71.947538277671939, -37.330325482828968 ], [ -71.948272708807195, -37.330242947820061 ], [ -71.948840202419944, -37.33035907838817 ], [ -71.949340152604805, -37.330575141625296 ], [ -71.94990869185655, -37.330665921371455 ], [ -71.950674862267434, -37.330584204604641 ], [ -71.951316705842984, -37.330438856798651 ], [ -71.952167206499482, -37.330079394703631 ], [ -71.952786754787994, -37.329523145725702 ], [ -71.953221664251345, -37.329105261623745 ], [ -71.95371413955472, -37.328736499938245 ], [ -71.954458799806119, -37.328040483111629 ], [ -71.955259188842803, -37.327441244533212 ], [ -71.956227070560843, -37.327132336115348 ], [ -71.957275687466719, -37.326921274717719 ], [ -71.957616183993693, -37.326739068168216 ], [ -71.957737568846468, -37.326501591737873 ], [ -71.958023384023775, -37.325722031300195 ], [ -71.958491488931813, -37.325150276594805 ], [ -71.958966759700857, -37.324342055807499 ], [ -71.959168743197552, -37.323775039667687 ], [ -71.959424459422976, -37.323352538808322 ], [ -71.95968456661349, -37.323150267783042 ], [ -71.960173143228531, -37.322858199400393 ], [ -71.960407629568806, -37.322662620697521 ], [ -71.960478294642328, -37.322383746323695 ], [ -71.960640311193714, -37.321333570999101 ], [ -71.960894181381221, -37.320958576724628 ], [ -71.961150061100014, -37.320535994306759 ], [ -71.96149508962759, -37.319236902651824 ], [ -71.961700957439561, -37.318861337820984 ], [ -71.962161824621347, -37.318467056418527 ], [ -71.962710719514462, -37.318252745110101 ], [ -71.963296530674171, -37.317912461793291 ], [ -71.963468581407298, -37.317586828239278 ], [ -71.963651852098295, -37.316982333150172 ], [ -71.963742849639928, -37.316299322264022 ], [ -71.964061336544134, -37.315495160035375 ], [ -71.964257479194856, -37.315034945767913 ], [ -71.964709333579393, -37.314640364944879 ], [ -71.965446890851837, -37.314369048971884 ], [ -71.966151429647695, -37.314101951573214 ], [ -71.966660906466146, -37.313422243176653 ], [ -71.966804744709449, -37.313127135538259 ], [ -71.966975545885973, -37.312493125670741 ], [ -71.967145384966869, -37.311512870898 ], [ -71.967192465670905, -37.311133309254103 ], [ -71.967197642661887, -37.310583620477885 ], [ -71.967066450901157, -37.310232079254888 ], [ -71.966724519764668, -37.309700992168416 ], [ -71.96645052821313, -37.309287706380104 ], [ -71.966174200143527, -37.308932424400538 ], [ -71.965876582001698, -37.307299773781885 ], [ -71.965970174776203, -37.306779828954078 ], [ -71.96585060811357, -37.306138342332048 ], [ -71.966171223126679, -37.305392140244209 ], [ -71.966480216634963, -37.304935735502625 ], [ -71.966932002747541, -37.304541148119078 ], [ -71.967463320305484, -37.303974417049609 ], [ -71.968135082271573, -37.303527357910362 ], [ -71.968386387768945, -37.303026113401586 ], [ -71.967524847715922, -37.301177980585862 ], [ -71.967200652018093, -37.299447159764497 ], [ -71.967088419201446, -37.297751175532021 ], [ -71.967198509536132, -37.296133024107483 ], [ -71.967200601712435, -37.294717328161461 ], [ -71.967551543849552, -37.293249253896271 ], [ -71.967767815949131, -37.292710653046676 ], [ -71.96857356613144, -37.292031694634169 ], [ -71.969877658514221, -37.291054549946395 ], [ -71.971362747053732, -37.290116026027825 ], [ -71.972739953317486, -37.289502844627044 ], [ -71.974475904484919, -37.288934953935247 ], [ -71.975920348749383, -37.288371715919496 ], [ -71.977535343560447, -37.28796848167147 ], [ -71.978691672062155, -37.287198766971919 ], [ -71.980092736681542, -37.286223942383209 ], [ -71.980826618047857, -37.285711101276249 ], [ -71.981481652485044, -37.285115504154192 ], [ -71.982595586793551, -37.284315376893375 ], [ -71.982750789623495, -37.283814977120251 ], [ -71.982967066214684, -37.283256420241877 ], [ -71.983382294488464, -37.2826783765505 ], [ -71.983683766402848, -37.281573499214169 ], [ -71.983827580391647, -37.28041110941502 ], [ -71.984369302237212, -37.279025573926369 ], [ -71.985400037279049, -37.277574841162462 ], [ -71.986725390987985, -37.276053842902471 ], [ -71.987621737164986, -37.27553250478384 ], [ -71.989383911053892, -37.274618207914294 ], [ -71.990799696365855, -37.273903088658763 ], [ -71.991880015716404, -37.273060692273283 ], [ -71.992516597859364, -37.272314254993837 ], [ -71.993230860918189, -37.271477269453577 ], [ -71.993766226284791, -37.270247088626796 ], [ -71.994221851796894, -37.269228561300878 ], [ -71.994616076561016, -37.268404245699038 ], [ -71.994718569843357, -37.267921183479402 ], [ -71.995100909896266, -37.267093254766024 ], [ -71.995191588535988, -37.266410156127144 ], [ -71.995330466282297, -37.265155978545941 ], [ -71.995340793314796, -37.264256272405561 ], [ -71.995157877458325, -37.263486133615935 ], [ -71.994925027848481, -37.26312442681607 ], [ -71.9947615245853, -37.262342871672303 ], [ -71.995102488236228, -37.261107714949304 ], [ -71.995718204311743, -37.259896307046439 ], [ -71.996310953160403, -37.258858429011319 ], [ -71.996823008143721, -37.258308152342565 ], [ -71.997691664650389, -37.25803627640493 ], [ -71.998761038029244, -37.25811244080451 ], [ -71.999764189401958, -37.258309339212495 ], [ -72.000374403296362, -37.258373731169932 ], [ -72.001328555163596, -37.258622570701981 ], [ -72.002008702004559, -37.258880496763609 ], [ -72.002516487295324, -37.259211738203362 ], [ -72.002906006683972, -37.259295079739033 ], [ -72.003150005284823, -37.259290656918751 ], [ -72.003936477621124, -37.259077364564909 ], [ -72.004928917482403, -37.258737112384054 ], [ -72.005445543992181, -37.2585217321515 ], [ -72.006214293466229, -37.258046682288523 ], [ -72.006937120164665, -37.257088416214394 ], [ -72.007249971937085, -37.256015599453683 ], [ -72.007117703096341, -37.254882127064981 ], [ -72.007464445609486, -37.253491630674894 ], [ -72.00800246998935, -37.252183667903815 ], [ -72.008227545578734, -37.25141195913222 ], [ -72.00874396727265, -37.250647677594692 ], [ -72.009436370727329, -37.250354142811688 ], [ -72.010617502612334, -37.24999531614106 ], [ -72.011920415507163, -37.249017606437896 ], [ -72.012919500206607, -37.248343179345611 ], [ -72.013115721010749, -37.248123231507876 ], [ -72.01326772583829, -37.247829485952565 ], [ -72.013316595088043, -37.247498801571282 ], [ -72.013484020395779, -37.247174989160897 ], [ -72.013949380052296, -37.246892157907972 ], [ -72.014656993781372, -37.246210304105759 ], [ -72.015768587080245, -37.24560805724613 ], [ -72.016341354702035, -37.244898113068388 ], [ -72.016430408289409, -37.24378366295003 ], [ -72.016045528699195, -37.243057976667608 ], [ -72.015891039131574, -37.242043481175671 ], [ -72.016203454322763, -37.241024317143392 ], [ -72.016453634231084, -37.240319938728284 ], [ -72.016781543564292, -37.239189580760986 ], [ -72.017138470277828, -37.238398033815024 ], [ -72.018164278958636, -37.237523359051423 ], [ -72.018310613620116, -37.237238831640134 ], [ -72.018304219411917, -37.236942108542173 ], [ -72.018519700994062, -37.236234255485073 ], [ -72.019032409052585, -37.23530792747755 ], [ -72.019684946173285, -37.234598368326772 ], [ -72.020486435646191, -37.23399653862645 ], [ -72.021561069559326, -37.233868194329169 ], [ -72.022262981681308, -37.233891603989385 ], [ -72.022890355194278, -37.234085065445989 ], [ -72.023458224302814, -37.234175521085433 ], [ -72.024191791258772, -37.234092406379268 ], [ -72.024847902775974, -37.23369304827181 ], [ -72.025567901577887, -37.233347045533968 ], [ -72.026071807044929, -37.232893259312981 ], [ -72.026287508714319, -37.232354499154006 ], [ -72.026515335843428, -37.231505107967791 ], [ -72.02684142069829, -37.231113517251444 ], [ -72.027899224674599, -37.230563690976837 ], [ -72.03043817178964, -37.229006364418048 ], [ -72.031414342262821, -37.228238332969681 ], [ -72.031666228970181, -37.227560232263208 ], [ -72.031585787531412, -37.226891163022529 ], [ -72.031894634614304, -37.225731876905911 ], [ -72.032535590654362, -37.221783154724271 ], [ -72.032684461259876, -37.220465275705806 ], [ -72.033021580121385, -37.219307623395544 ], [ -72.032833696581406, -37.216659731056161 ], [ -72.032490224834206, -37.215320440335603 ], [ -72.032218627292892, -37.214646082329779 ], [ -72.032078510769807, -37.213608873126269 ], [ -72.031641642080842, -37.212354128603003 ], [ -72.031675170800511, -37.211499813949537 ], [ -72.031887709501788, -37.211038704759886 ], [ -72.032191097522684, -37.210735300870837 ], [ -72.032788934429107, -37.210361606278433 ], [ -72.033483859454805, -37.209990366657308 ], [ -72.034497501353414, -37.208927345827796 ], [ -72.035793278929944, -37.208104730821731 ], [ -72.037301421832893, -37.206820840238066 ], [ -72.038697188188749, -37.20592284592756 ], [ -72.039953554877115, -37.205169181783745 ], [ -72.039987787875972, -37.205148372586159 ], [ -72.040507903442318, -37.204831407959162 ], [ -72.041085453694677, -37.20431093284806 ], [ -72.04146696100932, -37.203936776427049 ], [ -72.041899552819217, -37.20343995252108 ], [ -72.042057996770723, -37.203106811010954 ], [ -72.042432970638316, -37.202767807298393 ], [ -72.042936341607771, -37.202574462273063 ], [ -72.043555639266316, -37.202411644799518 ], [ -72.043944160626708, -37.202359429567615 ], [ -72.044578409844846, -37.202150827295199 ], [ -72.045797130834615, -37.201352084807127 ], [ -72.046373513277103, -37.200969280184211 ], [ -72.046801436542466, -37.200513600488868 ], [ -72.047271296758566, -37.200093525890658 ], [ -72.047836295749789, -37.19979973488298 ], [ -72.048128688391614, -37.19970037894165 ], [ -72.048394216914886, -37.199534245898725 ], [ -72.048793293479832, -37.199267901623593 ], [ -72.049180555402188, -37.199001564279733 ], [ -72.049477713606606, -37.198704403803319 ], [ -72.049732191055227, -37.198445028917234 ], [ -72.05080535352792, -37.197957280732766 ], [ -72.051434869522851, -37.19752724350041 ], [ -72.052061048276485, -37.197186310619017 ], [ -72.052584649306155, -37.196855401261558 ], [ -72.05318930801883, -37.196466151607723 ], [ -72.053876969267137, -37.196112624879888 ], [ -72.054606652806115, -37.195760224958626 ], [ -72.055501977598666, -37.195479277452471 ], [ -72.056821962077152, -37.195107785013001 ], [ -72.058515443592896, -37.194880309939286 ], [ -72.059739855409973, -37.194569347467919 ], [ -72.060698059577462, -37.19428120028104 ], [ -72.061268469121629, -37.193938708491991 ], [ -72.062016238442212, -37.193503269944856 ], [ -72.062019049270745, -37.193481495769014 ], [ -72.063113217948043, -37.184847439297585 ], [ -72.054860331652463, -37.177929846159429 ], [ -72.054437284442443, -37.177577516698882 ], [ -72.05446382426922, -37.177556237522914 ], [ -72.055460676655173, -37.176757811740252 ], [ -72.055628384932191, -37.176625118471989 ], [ -72.053362815819327, -37.174885650499114 ], [ -72.05737296801118, -37.171805839134407 ], [ -72.05896997316033, -37.173127661506648 ], [ -72.059792972792721, -37.173710498139378 ], [ -72.063934537730859, -37.170695130761665 ], [ -72.063767730464065, -37.17051616306 ], [ -72.063104163828299, -37.169804112647022 ], [ -72.066250385550163, -37.167863849543153 ], [ -72.059869684426417, -37.167831403394381 ], [ -72.052225137241237, -37.167546718372343 ], [ -72.042289781876974, -37.167488207529836 ], [ -72.040243686459377, -37.167518106141507 ], [ -72.036745408689455, -37.167840629853274 ], [ -72.035790842698901, -37.165615126517572 ], [ -72.035739147349233, -37.165623243662907 ], [ -72.0355275626588, -37.165648672463732 ], [ -72.035297615505627, -37.165676196578872 ], [ -72.034853474954417, -37.16579299051768 ], [ -72.034793337237716, -37.165822952079729 ], [ -72.034289403922898, -37.165959952305428 ], [ -72.034026191256444, -37.166034387136527 ], [ -72.033801183939033, -37.166065545515018 ], [ -72.033337134026198, -37.166129771421261 ], [ -72.03264664128811, -37.166274644775562 ], [ -72.031811953675557, -37.166582649881313 ], [ -72.030973547936071, -37.167003165740702 ], [ -72.030487738132095, -37.167153194377327 ], [ -72.029929335470015, -37.167414031834355 ], [ -72.029025043694304, -37.167774289376872 ], [ -72.028257022753948, -37.168137992672683 ], [ -72.027766839052859, -37.168400544733387 ], [ -72.027069126554835, -37.168711952112041 ], [ -72.026023324969046, -37.169181213981737 ], [ -72.025256101732651, -37.169581786149635 ], [ -72.025105881857584, -37.169746913505954 ], [ -72.024752163926252, -37.170135955858946 ], [ -72.024635689264841, -37.170328490610359 ], [ -72.024459411059993, -37.17061969695073 ], [ -72.024159362077, -37.171274432891103 ], [ -72.024050543756744, -37.171367637374139 ], [ -72.023663336631614, -37.171698996279211 ], [ -72.023600074574375, -37.171720247756951 ], [ -72.022899615926534, -37.171954710807732 ], [ -72.022477529015546, -37.172218898091131 ], [ -72.02232626799308, -37.17250163715876 ], [ -72.021814608268485, -37.172971841812796 ], [ -72.021761214204616, -37.173020815510007 ], [ -72.021318447177492, -37.173127413127645 ], [ -72.020930678605339, -37.173220719830219 ], [ -72.020443645295941, -37.173401743308773 ], [ -72.020374289067803, -37.173427503048885 ], [ -72.020322654803593, -37.173439671423658 ], [ -72.01975203056206, -37.173574031624625 ], [ -72.019381011976677, -37.173847091817017 ], [ -72.01924917342896, -37.173946194032851 ], [ -72.018824630523994, -37.174265129309596 ], [ -72.018725161869213, -37.174310773798823 ], [ -72.018314145795799, -37.174499224427834 ], [ -72.017993282847669, -37.174737120298708 ], [ -72.017571810384354, -37.175001348673355 ], [ -72.016734959628607, -37.175363264983751 ], [ -72.016241050614042, -37.175733784487328 ], [ -72.015889898271169, -37.175945651334416 ], [ -72.015619923985568, -37.17600220732303 ], [ -72.015198723711777, -37.176090442883577 ], [ -72.014788084032475, -37.176080084381233 ], [ -72.014649388644173, -37.176076604347863 ], [ -72.014035136822571, -37.176061093074175 ], [ -72.013745612501438, -37.176085368133755 ], [ -72.013566216244271, -37.176176521753888 ], [ -72.013452052049743, -37.176198398978535 ], [ -72.013176872027074, -37.176240096314139 ], [ -72.012557007531569, -37.176540655577064 ], [ -72.012153596595368, -37.17674941163606 ], [ -72.011812792844552, -37.17691103045015 ], [ -72.011593606610191, -37.177075828290064 ], [ -72.011434019103319, -37.17726634769847 ], [ -72.011272583761922, -37.177505558990411 ], [ -72.011232668918922, -37.177747805719001 ], [ -72.011096844546273, -37.178109269406882 ], [ -72.010989454547314, -37.17852005793587 ], [ -72.010685655098001, -37.179179213058148 ], [ -72.010623736920422, -37.1793135093722 ], [ -72.010274264427125, -37.179693913023371 ], [ -72.009925853742502, -37.180050004479156 ], [ -72.009665663008647, -37.180481211252896 ], [ -72.009409272148474, -37.180815325778589 ], [ -72.00918414176185, -37.181125909736522 ], [ -72.008532673636338, -37.18222830503472 ], [ -72.008325634421226, -37.182502110482979 ], [ -72.008243943425924, -37.182610260674132 ], [ -72.008021813412356, -37.182847909852995 ], [ -72.007646791934079, -37.183105978499775 ], [ -72.00706015073105, -37.183334358611539 ], [ -72.006448873231335, -37.183416245291376 ], [ -72.005776824702664, -37.18349649867465 ], [ -72.005075370721471, -37.183551805855203 ], [ -72.004466126109278, -37.183584986708823 ], [ -72.003917466574762, -37.183619800753 ], [ -72.003460927476013, -37.18363256580308 ], [ -72.002915185669551, -37.183594370127345 ], [ -72.002311605833512, -37.183481830577733 ], [ -72.001789285801465, -37.183457282353622 ], [ -72.000066123050416, -37.183376289618273 ], [ -71.999488049080242, -37.183385919260886 ], [ -71.998968795896573, -37.183445800509467 ], [ -71.998358573917329, -37.183503333527298 ], [ -71.998151898519922, -37.183488860099821 ], [ -71.998056606132891, -37.183482120432828 ], [ -71.997954155071355, -37.1835299643976 ], [ -71.997908497298724, -37.183551198233644 ], [ -71.997878032732501, -37.183578691494297 ], [ -71.997646317694858, -37.183787185485691 ], [ -71.997629668319377, -37.183811745053617 ], [ -71.99754267007738, -37.183961064707304 ], [ -71.997561125964893, -37.184178059980894 ], [ -71.997636206258022, -37.184331542757079 ], [ -71.997792464608423, -37.184487103561999 ], [ -71.997976490782591, -37.184621586535712 ], [ -71.998186776509129, -37.184778509396587 ], [ -71.998397771006438, -37.184913711823441 ], [ -71.998528767832752, -37.185025325300565 ], [ -71.998606449646942, -37.1851139303458 ], [ -71.99862911324324, -37.185222677964177 ], [ -71.998628684746848, -37.185235164345812 ], [ -71.998659020853992, -37.185376935123365 ], [ -71.998641051853369, -37.185459105857774 ], [ -71.998682430051971, -37.18548123588927 ], [ -71.998700213101344, -37.185886331976342 ], [ -71.998611497280521, -37.186423528216707 ], [ -71.998682607020086, -37.187180632894908 ], [ -71.99854953149223, -37.187986461392384 ], [ -71.998492687897667, -37.188170376485431 ], [ -71.998483082212346, -37.188228417591503 ], [ -71.99834097322595, -37.188398030647704 ], [ -71.998038479927075, -37.188520255552 ], [ -71.997736884045167, -37.188620902198295 ], [ -71.997542536228394, -37.188745849042839 ], [ -71.997238244502327, -37.188911300205426 ], [ -71.996987269584977, -37.189099833922789 ], [ -71.996682074153711, -37.189286860754557 ], [ -71.996424813724332, -37.189325852201335 ], [ -71.996281216229548, -37.189392674699143 ], [ -71.996266131719295, -37.189421843997998 ], [ -71.996236746029709, -37.189600338249313 ], [ -71.996204483934605, -37.189729448453605 ], [ -71.99620100835277, -37.189737212348518 ], [ -71.996115680977184, -37.189921994100018 ], [ -71.996028583920506, -37.190071388979675 ], [ -71.995861293360079, -37.190197050483363 ], [ -71.99569480679186, -37.190301064066496 ], [ -71.995512022987739, -37.190396632404081 ], [ -71.995418465247525, -37.190445651339438 ], [ -71.99527804778883, -37.190571961291603 ], [ -71.994940858858726, -37.190888160684551 ], [ -71.994661102818014, -37.19111919797281 ], [ -71.99435419429949, -37.191349592645722 ], [ -71.994076142362857, -37.191537402513291 ], [ -71.993690736359895, -37.191700762261284 ], [ -71.99330542198507, -37.191864118793404 ], [ -71.992971537956905, -37.192093863566377 ], [ -71.992610770945547, -37.19232281045327 ], [ -71.992388355267721, -37.192468759231929 ], [ -71.991970856052902, -37.192761217691718 ], [ -71.991639567257579, -37.192926008858528 ], [ -71.991535435448156, -37.192964440972446 ], [ -71.991200119505422, -37.193088068934095 ], [ -71.990572226766233, -37.193223664375786 ], [ -71.990139786771607, -37.193212666330432 ], [ -71.989731615662691, -37.193267192833154 ], [ -71.989106324444577, -37.193337903981515 ], [ -71.988644212197812, -37.193391057877498 ], [ -71.988344292572208, -37.193448456658189 ], [ -71.988181091142962, -37.19345611998714 ], [ -71.988045982727598, -37.193462482360026 ], [ -71.987820432827746, -37.193456735400581 ], [ -71.987721604671762, -37.193454210058661 ], [ -71.987536670300855, -37.193341288045062 ], [ -71.987377833785587, -37.193220916474708 ], [ -71.987112736453668, -37.193089716962064 ], [ -71.986930500621867, -37.19248584504799 ], [ -71.98684260945447, -37.192011799521055 ], [ -71.98681809892193, -37.191879252556909 ], [ -71.986396269827452, -37.191465450232009 ], [ -71.986355958827389, -37.191425941783855 ], [ -71.985485118516237, -37.190912664987316 ], [ -71.985012960409648, -37.190733977757418 ], [ -71.984801164615092, -37.190679010748205 ], [ -71.984334462875537, -37.1905544392271 ], [ -71.983742114675508, -37.190346002561668 ], [ -71.983543110890622, -37.190327618114615 ], [ -71.983221356813729, -37.190254455270285 ], [ -71.982978800907233, -37.190226612351076 ], [ -71.982575866078122, -37.190151433483869 ], [ -71.982336107525413, -37.19005870803089 ], [ -71.981879954702237, -37.189960507893538 ], [ -71.98176577882964, -37.189921898921156 ], [ -71.981532851964658, -37.189843320502149 ], [ -71.981429298670278, -37.189821420750981 ], [ -71.981183950799903, -37.189769506679106 ], [ -71.980755673598281, -37.189650374616228 ], [ -71.980409385632683, -37.189511608937906 ], [ -71.979668919615349, -37.189081369736435 ], [ -71.979246688973916, -37.188810829993841 ], [ -71.978957956966866, -37.188586976425718 ], [ -71.978801487512371, -37.188453467348765 ], [ -71.978748508470176, -37.188408369569785 ], [ -71.978565403967508, -37.188252129821244 ], [ -71.978272347470678, -37.188136451941716 ], [ -71.978087438252587, -37.188023439675753 ], [ -71.977899912242094, -37.187975303710161 ], [ -71.977629586715224, -37.187968448508371 ], [ -71.977467407568767, -37.187964260530116 ], [ -71.977294693878974, -37.188018357139832 ], [ -71.977275552576899, -37.188024300600887 ], [ -71.97720206499676, -37.188079518588054 ], [ -71.977080267817286, -37.188170867419366 ], [ -71.97706296806156, -37.188235448818752 ], [ -71.977016676976646, -37.188407498629971 ], [ -71.977003771779266, -37.188731879000557 ], [ -71.976987231998265, -37.188815781514116 ], [ -71.976935843872425, -37.189076539892149 ], [ -71.976871531684608, -37.189334744695849 ], [ -71.976835897313933, -37.189550299702347 ], [ -71.976826330256131, -37.189788231187194 ], [ -71.976792916520836, -37.189947555702261 ], [ -71.976781365982916, -37.190235953437998 ], [ -71.976774274682057, -37.190414767796575 ], [ -71.976740352500315, -37.190587024467277 ], [ -71.976678471153633, -37.190780356542859 ], [ -71.976588713287086, -37.190994541303475 ], [ -71.976474514058268, -37.191143200551728 ], [ -71.976359501854134, -37.191313436088606 ], [ -71.976192172666146, -37.191439071194395 ], [ -71.975920929959386, -37.191453789270163 ], [ -71.975732585583657, -37.191427299307904 ], [ -71.975466492020075, -37.191312339047229 ], [ -71.975276818137729, -37.191193241621228 ], [ -71.9750705999828, -37.191064004392587 ], [ -71.974887404750262, -37.190907761551173 ], [ -71.974638057580222, -37.190737532971518 ], [ -71.974623929775746, -37.190727848447672 ], [ -71.974560808754006, -37.190682930217157 ], [ -71.974466890789358, -37.190593904478185 ], [ -71.97447465941994, -37.190399275926552 ], [ -71.974511202885708, -37.190162069867228 ], [ -71.974599248563322, -37.189991112526592 ], [ -71.974606109895461, -37.189818060861128 ], [ -71.974524347034929, -37.189730722994817 ], [ -71.974502296089639, -37.189707213037742 ], [ -71.974263266070636, -37.189592823380842 ], [ -71.974132483043377, -37.189481251004501 ], [ -71.974003320576884, -37.189326380340816 ], [ -71.973900411374558, -37.1891938816199 ], [ -71.973822752018251, -37.189105259176635 ], [ -71.973690971861018, -37.189015264749195 ], [ -71.973501733661578, -37.18901049644564 ], [ -71.973449372660298, -37.189025763174264 ], [ -71.973319529270825, -37.189142628366049 ], [ -71.973238777913295, -37.189280848691737 ], [ -71.973208413958375, -37.18931121171515 ], [ -71.973082339001522, -37.189437136406319 ], [ -71.972902436992825, -37.189552749317627 ], [ -71.972749130506429, -37.189629012965327 ], [ -71.972641900407595, -37.189685002662458 ], [ -71.97249335499221, -37.189762697440685 ], [ -71.972288327105034, -37.189877611397748 ], [ -71.972077727866449, -37.190132769178668 ], [ -71.971997155273669, -37.190270910404209 ], [ -71.971979298562445, -37.190361415723693 ], [ -71.971978685911438, -37.190364604554688 ], [ -71.971965769934286, -37.190430478644878 ], [ -71.971956969139441, -37.190650674205258 ], [ -71.971945723130418, -37.190930868955469 ], [ -71.971911107449245, -37.191170389057454 ], [ -71.971802186721035, -37.191388004093547 ], [ -71.971594899570917, -37.191563060892328 ], [ -71.971261462903755, -37.191685921148071 ], [ -71.971188155884988, -37.191713005694446 ], [ -71.970811233571553, -37.191743431429494 ], [ -71.970744866936698, -37.191749821140007 ], [ -71.970655340835478, -37.191758563785946 ], [ -71.970484370775651, -37.19177510732812 ], [ -71.970109016920702, -37.191765556041375 ], [ -71.969611923378451, -37.191672617170703 ], [ -71.969263950173371, -37.191603616928504 ], [ -71.968792674212381, -37.191491351944805 ], [ -71.968322875081725, -37.191339038725602 ], [ -71.967856309886102, -37.191106698251645 ], [ -71.96746562089092, -37.190856288333521 ], [ -71.967178187847765, -37.190528291018012 ], [ -71.966866326917113, -37.190332742717068 ], [ -71.966445217373177, -37.190068696782937 ], [ -71.966249090892134, -37.189963477043008 ], [ -71.965903576375965, -37.189834392285931 ], [ -71.965555799901935, -37.189765376051319 ], [ -71.965257988622326, -37.189697617120203 ], [ -71.964857613093443, -37.189687346359747 ], [ -71.964457330989376, -37.189677072019741 ], [ -71.964006206036828, -37.189685563718541 ], [ -71.963275832591705, -37.189787115517213 ], [ -71.9632549782024, -37.189791770701952 ], [ -71.962719780820734, -37.189913088077667 ], [ -71.962416335307651, -37.189941867872584 ], [ -71.96189016060471, -37.189991943372839 ], [ -71.961511668036152, -37.190062386365 ], [ -71.961233199281239, -37.19013534544132 ], [ -71.960799930141604, -37.190324598885582 ], [ -71.960368138730615, -37.19047380547488 ], [ -71.959808838651568, -37.190679863771237 ], [ -71.959425530214787, -37.190870446906871 ], [ -71.958789561621188, -37.191114587953962 ], [ -71.95838445556403, -37.191224366724683 ], [ -71.957876776274475, -37.191391625829205 ], [ -71.957340461388597, -37.191470649896921 ], [ -71.957297341356636, -37.191476968068955 ], [ -71.95690785071406, -37.191495186928968 ], [ -71.956745293376883, -37.191502791060095 ], [ -71.955893861167439, -37.191500950496888 ], [ -71.955394235274412, -37.19146802788044 ], [ -71.954894705501118, -37.191435176095638 ], [ -71.954343446242163, -37.191441036276288 ], [ -71.953889848227661, -37.191509491368052 ], [ -71.95356149063511, -37.191581167380072 ], [ -71.953486803804083, -37.191601411404314 ], [ -71.95315628486496, -37.19169100415278 ], [ -71.95267204531612, -37.191898995573005 ], [ -71.952338767650744, -37.192090743507016 ], [ -71.951953758703141, -37.192321207491851 ], [ -71.951597819238117, -37.192452397605777 ], [ -71.951191115078075, -37.192602127391531 ], [ -71.950631750320326, -37.192684426944666 ], [ -71.950032205716539, -37.192772743918226 ], [ -71.949430080252952, -37.192797197517173 ], [ -71.949072266902249, -37.19276189608393 ], [ -71.948762057075086, -37.192783280463487 ], [ -71.948337710901157, -37.192724093598414 ], [ -71.948058799276794, -37.192641647389529 ], [ -71.947713390761848, -37.192512506384318 ], [ -71.947418044459369, -37.192384700481256 ], [ -71.947019328118827, -37.192334393995303 ], [ -71.946617356283696, -37.192364035889845 ], [ -71.946313925143656, -37.192436326512428 ], [ -71.946060554419461, -37.19250995381779 ], [ -71.945897350295269, -37.192505748201221 ], [ -71.94556013621235, -37.192497088652139 ], [ -71.945164670874817, -37.192366602057874 ], [ -71.945021001514789, -37.192202684859865 ], [ -71.944927292857614, -37.19203988652076 ], [ -71.944933804745091, -37.191879836496263 ], [ -71.944943475109142, -37.191639615911534 ], [ -71.944946569805296, -37.191562547080771 ], [ -71.94495156443827, -37.191439442599162 ], [ -71.944709447807952, -37.191232798853193 ], [ -71.944512467029085, -37.191147642398391 ], [ -71.944115428741497, -37.191057199564575 ], [ -71.943718394047167, -37.190966829615711 ], [ -71.943271298936992, -37.190875119199681 ], [ -71.943049724082272, -37.190869334830992 ], [ -71.942920973942492, -37.190866040109327 ], [ -71.942515753799299, -37.190975841425626 ], [ -71.942304344280345, -37.191250824555297 ], [ -71.942221658850002, -37.191281372847165 ], [ -71.942100943242124, -37.191325784780318 ], [ -71.94155056343385, -37.19131156045556 ], [ -71.940012304511001, -37.190951236240863 ], [ -71.93931985075065, -37.190732880707621 ], [ -71.938777491101234, -37.190518546354809 ], [ -71.938238487557712, -37.190224106938693 ], [ -71.937699391487726, -37.189929594095787 ], [ -71.93730525745346, -37.189704266062819 ], [ -71.93725874268803, -37.189677738989538 ], [ -71.936824621047208, -37.189265757345687 ], [ -71.936540495600923, -37.188857655804561 ], [ -71.936106387434833, -37.188445744829231 ], [ -71.935765866653327, -37.188196493306954 ], [ -71.935325233125013, -37.187944629557812 ], [ -71.935183037002062, -37.187896557234815 ], [ -71.934682878408069, -37.187727588569786 ], [ -71.934370756067636, -37.187618177570315 ], [ -71.933565455941292, -37.18744133895116 ], [ -71.933453975912855, -37.187416862148083 ], [ -71.932751179848637, -37.186991961273606 ], [ -71.932732002613946, -37.186980404107025 ], [ -71.932373383474442, -37.186849477152421 ], [ -71.932162254229851, -37.186772399854434 ], [ -71.931903994873863, -37.186631308712386 ], [ -71.931632838405335, -37.186378628895767 ], [ -71.93151421497376, -37.186150370348869 ], [ -71.931395504405586, -37.185922186257258 ], [ -71.931334471068567, -37.185777835082312 ], [ -71.931325437610084, -37.185756577539486 ], [ -71.931228144674918, -37.185631281511277 ], [ -71.931079776227648, -37.185504593292436 ], [ -71.930929764761714, -37.185418840663246 ], [ -71.93065028450377, -37.18537061787233 ], [ -71.930365084672431, -37.185465521148629 ], [ -71.930104507663017, -37.18558166401197 ], [ -71.930015631942069, -37.185614350876236 ], [ -71.929740910958529, -37.18571548948259 ], [ -71.929405416251043, -37.185788678194598 ], [ -71.92891981575454, -37.185776111749441 ], [ -71.928485381499982, -37.185764862134889 ], [ -71.928284510117606, -37.185759644185346 ], [ -71.928127599590312, -37.18575555341571 ], [ -71.927792876535662, -37.185808196651521 ], [ -71.927397510911135, -37.185984359210472 ], [ -71.927271797076997, -37.186040321551808 ], [ -71.926960919801573, -37.186134670060795 ], [ -71.926573382096421, -37.186226927277197 ], [ -71.926288175976865, -37.186321894602948 ], [ -71.925927090063595, -37.186394377082635 ], [ -71.925616983542682, -37.186468182754119 ], [ -71.925333423136735, -37.186522211731933 ], [ -71.9252582610969, -37.186530195665021 ], [ -71.925025061144098, -37.186555150817981 ], [ -71.924614549923859, -37.186585371804867 ], [ -71.924307056602103, -37.186597840069659 ], [ -71.924000252288181, -37.186589916974981 ], [ -71.923156081161167, -37.186588472053216 ], [ -71.92272163882177, -37.186577127376566 ], [ -71.922260834522064, -37.186585624433626 ], [ -71.921901397017336, -37.186617233792305 ], [ -71.921490015329596, -37.186667986365862 ], [ -71.920978043889605, -37.186675084294883 ], [ -71.92067133030551, -37.186667149042094 ], [ -71.92033825296447, -37.186678910935719 ], [ -71.920080958399112, -37.186713160328587 ], [ -71.919936220942205, -37.186720938131153 ], [ -71.919824628624369, -37.186726938231551 ], [ -71.91954437222202, -37.186699230702963 ], [ -71.919266548457472, -37.186610118681998 ], [ -71.918968976129705, -37.186377178960271 ], [ -71.918747280900746, -37.186166728330875 ], [ -71.918578407508818, -37.185916737157704 ], [ -71.918296725480104, -37.185569207745829 ], [ -71.918188529692344, -37.185435754165965 ], [ -71.918171752756095, -37.185416975618885 ], [ -71.917971837181184, -37.185146636020093 ], [ -71.917902022812271, -37.185032315316732 ], [ -71.917823986163526, -37.184965662154553 ], [ -71.917601429450201, -37.184775751168623 ], [ -71.917552961747361, -37.184734205974493 ], [ -71.917428377993872, -37.184627951800053 ], [ -71.917282563456951, -37.184439914337332 ], [ -71.917284641260196, -37.18438841094644 ], [ -71.917289963778259, -37.184255851316742 ], [ -71.917298330686819, -37.184051390079269 ], [ -71.917308261562269, -37.183806070359914 ], [ -71.917309058367934, -37.183788407881906 ], [ -71.917319935169402, -37.183519738602556 ], [ -71.917329083612259, -37.183294810840309 ], [ -71.917316685064705, -37.183123711275492 ], [ -71.917312743257227, -37.183069256890398 ], [ -71.917218878293198, -37.182862148654515 ], [ -71.917096809822496, -37.182715675309616 ], [ -71.916997977174944, -37.182631152664356 ], [ -71.916931681506966, -37.182574618815259 ], [ -71.916874351025541, -37.182525687096131 ], [ -71.916669885483728, -37.182520315762865 ], [ -71.916443904392537, -37.182672706888006 ], [ -71.9164068578702, -37.182697758503494 ], [ -71.916218037387381, -37.18293840546059 ], [ -71.915925238707047, -37.183217342008376 ], [ -71.915784832926448, -37.183337579945437 ], [ -71.915739731211005, -37.183376265284743 ], [ -71.915478352006019, -37.183512769201421 ], [ -71.915142754890596, -37.183585845537493 ], [ -71.914785073592242, -37.183576493608314 ], [ -71.91445444865191, -37.183526982112745 ], [ -71.914253292503602, -37.18343980873675 ], [ -71.91407693704366, -37.183373801870921 ], [ -71.913724276429434, -37.183257434463037 ], [ -71.913672976338503, -37.183240538364821 ], [ -71.913573698126555, -37.183192342810848 ], [ -71.913559809273934, -37.183188624063213 ], [ -71.913234699989474, -37.183076154047242 ], [ -71.913221796588729, -37.183071673793954 ], [ -71.912954203736945, -37.182902571234088 ], [ -71.91294619256125, -37.182890957617339 ], [ -71.912760036481544, -37.182622706692776 ], [ -71.91262948342299, -37.182173561575446 ], [ -71.912267776773845, -37.181802371547285 ], [ -71.912051661879417, -37.181736305278157 ], [ -71.911613737669981, -37.181602393313121 ], [ -71.911433474538555, -37.181547329477894 ], [ -71.911218931695885, -37.181474137371545 ], [ -71.909984643800556, -37.181779823895987 ], [ -71.909284743904806, -37.182149064456794 ], [ -71.908714734110944, -37.182679280585006 ], [ -71.908281109238473, -37.183217585344323 ], [ -71.907685173167195, -37.183625526274717 ], [ -71.907419778492908, -37.183943926148565 ], [ -71.907392701473626, -37.183976407603829 ], [ -71.907355010859234, -37.18399682113747 ], [ -71.90713946100513, -37.18411387446438 ], [ -71.907072302056179, -37.184142910537659 ], [ -71.906514427603497, -37.184384115417174 ], [ -71.906046108896405, -37.184576540860199 ], [ -71.90542438937986, -37.184764978047546 ], [ -71.905323513963339, -37.184771292486545 ], [ -71.904962808037425, -37.18479387431308 ], [ -71.904349393445656, -37.184777848108915 ], [ -71.903889379663383, -37.184765806088571 ], [ -71.903585997930691, -37.184676029782068 ], [ -71.903437768722284, -37.184549302029723 ], [ -71.903136141399344, -37.184418586280998 ], [ -71.902882262228687, -37.184370997662349 ], [ -71.90247332036526, -37.184360281738158 ], [ -71.901957156487839, -37.184469638055873 ], [ -71.901596144236422, -37.184542044303953 ], [ -71.900768277531824, -37.184765997174971 ], [ -71.900154954568208, -37.184749946631797 ], [ -71.899585961667256, -37.18473502113364 ], [ -71.899439397935396, -37.184731229462649 ], [ -71.898222741274154, -37.184453641841557 ], [ -71.89787671561659, -37.184158055868131 ], [ -71.8973362145815, -37.183611668364335 ], [ -71.897252993755274, -37.183466806779236 ], [ -71.89714525970156, -37.18327921373416 ], [ -71.89685188520113, -37.182944024395177 ], [ -71.896350899258749, -37.182685220887777 ], [ -71.895792092354796, -37.182588754607522 ], [ -71.895548246467541, -37.182617602322424 ], [ -71.895226520238424, -37.182655736226238 ], [ -71.894977812668856, -37.182685293173364 ], [ -71.894660951715338, -37.182722789355459 ], [ -71.893991571183051, -37.182828032066446 ], [ -71.893429334511339, -37.182813280818785 ], [ -71.893147221291329, -37.182871700351711 ], [ -71.892674650858012, -37.182755174000903 ], [ -71.89204625416393, -37.18290214467865 ], [ -71.891844623705154, -37.182949367786122 ], [ -71.890820317007481, -37.182868380947419 ], [ -71.890451816399846, -37.182751813796656 ], [ -71.889976198881087, -37.182601246434501 ], [ -71.889873287882139, -37.182568694964914 ], [ -71.889407292218394, -37.182227585752784 ], [ -71.888617376639615, -37.181440913363701 ], [ -71.888155857280935, -37.180991767660487 ], [ -71.887758770484311, -37.180652439907156 ], [ -71.887549398344404, -37.180203341763388 ], [ -71.887554832253556, -37.179597676250339 ], [ -71.887555594024931, -37.179518376370154 ], [ -71.887558487498453, -37.17918988748918 ], [ -71.887349464803208, -37.178742551382172 ], [ -71.886972178672067, -37.178108793438142 ], [ -71.886645543149925, -37.177717252668465 ], [ -71.886401402615277, -37.177343113325762 ], [ -71.88580791804641, -37.176433741399528 ], [ -71.885139083689836, -37.176028686233266 ], [ -71.884668573991789, -37.175800019200459 ], [ -71.884127744173284, -37.175619126011242 ], [ -71.883553338922724, -37.17552799963353 ], [ -71.883311007595069, -37.175489463449033 ], [ -71.882907403521074, -37.175312161244953 ], [ -71.88281600622912, -37.175021622909682 ], [ -71.882785987227251, -37.174926020085294 ], [ -71.882519133688959, -37.174756828428578 ], [ -71.882110121756938, -37.174691934878709 ], [ -71.881927931739241, -37.174687142050303 ], [ -71.881836699737292, -37.174684786435144 ], [ -71.881636001729774, -37.174566836660603 ], [ -71.881861469882935, -37.174081748686731 ], [ -71.882138335145072, -37.173718465532112 ], [ -71.882150897186008, -37.173701919466126 ], [ -71.882153067515731, -37.173647388142193 ], [ -71.882173275118049, -37.173157331697624 ], [ -71.882054993944578, -37.172712722117524 ], [ -71.881825045893109, -37.172492508617168 ], [ -71.881567245576235, -37.172245732647283 ], [ -71.881527611007598, -37.172207720900481 ], [ -71.881399543587435, -37.171983623426584 ], [ -71.881275949777375, -37.171651494849165 ], [ -71.881011591758934, -37.171423774464209 ], [ -71.880805766167768, -37.171248296618046 ], [ -71.880547896680639, -37.171028611412069 ], [ -71.88008275172146, -37.170687442932945 ], [ -71.880034063931376, -37.170661166873316 ], [ -71.87971030391644, -37.170486783168478 ], [ -71.879546445818733, -37.170398494535796 ], [ -71.879144780309133, -37.17017167445244 ], [ -71.879046702246399, -37.170115225051269 ], [ -71.878915619181825, -37.170039794956338 ], [ -71.8787425740137, -37.169940287473615 ], [ -71.878405502762917, -37.169823286629466 ], [ -71.878069991885752, -37.169647781444482 ], [ -71.877738960906925, -37.169364243574648 ], [ -71.877372926174729, -37.169261745911911 ], [ -71.87665503122723, -37.169060760238928 ], [ -71.876388210028267, -37.168891553301144 ], [ -71.875667461133105, -37.168551925667792 ], [ -71.875648956736569, -37.168543147407256 ], [ -71.875174039005429, -37.168422472170491 ], [ -71.874621920058772, -37.16851604453035 ], [ -71.874347613198552, -37.168823220159553 ], [ -71.874334956834502, -37.168837331323431 ], [ -71.873917015648573, -37.16898847014852 ], [ -71.873874725659945, -37.168987357034638 ], [ -71.873643610696902, -37.168981228107597 ], [ -71.873235287772701, -37.168916433392624 ], [ -71.873030026323548, -37.168911005972852 ], [ -71.872190173398124, -37.169330298415417 ], [ -71.871903106867606, -37.169651656908023 ], [ -71.871715023003318, -37.169929348313971 ], [ -71.87168427367115, -37.169974754191273 ], [ -71.871198266237826, -37.170124065405396 ], [ -71.870786235068124, -37.170088140633688 ], [ -71.870310525022902, -37.170046525085361 ], [ -71.869992916671038, -37.16998771267091 ], [ -71.869970342906271, -37.169983535864624 ], [ -71.869908602595117, -37.16995107559373 ], [ -71.869635587512278, -37.169807988102519 ], [ -71.869205493018868, -37.169540852502379 ], [ -71.868900752135133, -37.169351509041448 ], [ -71.868437130718689, -37.168956294350231 ], [ -71.868283108275023, -37.168771566534197 ], [ -71.86811072336863, -37.168564693264031 ], [ -71.867720593125568, -37.168058813194001 ], [ -71.867528831558488, -37.167724849846103 ], [ -71.867114135087377, -37.167410679537888 ], [ -71.866931145569055, -37.167272049099296 ], [ -71.866675202069871, -37.166823742605359 ], [ -71.866637184468729, -37.166432905737437 ], [ -71.866627260779808, -37.1663314227592 ], [ -71.866645348358034, -37.165894862929903 ], [ -71.867030691478945, -37.16486439597486 ], [ -71.866942644004695, -37.164765394955445 ], [ -71.866833601105597, -37.164642912557433 ], [ -71.866713220569324, -37.16425222405158 ], [ -71.866516964730891, -37.164030793962716 ], [ -71.866519476420422, -37.163970348963716 ], [ -71.866535162801924, -37.163589801717428 ], [ -71.866276836072288, -37.163200015508494 ], [ -71.865870839784691, -37.163081102839087 ], [ -71.86484167320134, -37.163107926322432 ], [ -71.864675135429138, -37.163140745327091 ], [ -71.864358544868495, -37.163203251302697 ], [ -71.864016284050308, -37.163194182487999 ], [ -71.863865627593995, -37.163117511300207 ], [ -71.863680635730901, -37.163023141202864 ], [ -71.863197506499759, -37.163118461278891 ], [ -71.862914183249032, -37.163331710788775 ], [ -71.862627187685433, -37.163652970226011 ], [ -71.862469853153314, -37.164139846826991 ], [ -71.862466393741144, -37.16422415678533 ], [ -71.862451633522724, -37.16458091246119 ], [ -71.862244180184277, -37.16462948068704 ], [ -71.86195496668023, -37.164430220831882 ], [ -71.861910929468365, -37.164399837784813 ], [ -71.861570871319245, -37.164336821665465 ], [ -71.861299687002955, -37.164275535043991 ], [ -71.861036973799813, -37.163993766708622 ], [ -71.860717351425095, -37.163435666870051 ], [ -71.86053704697116, -37.162827175921301 ], [ -71.860235558887084, -37.161832512094975 ], [ -71.859498650198262, -37.16142998310368 ], [ -71.858540675999478, -37.161404614450987 ], [ -71.857922653050323, -37.161442267954463 ], [ -71.857235846998165, -37.161478108780386 ], [ -71.856987708960489, -37.161521449353693 ], [ -71.856407962327268, -37.161622837132761 ], [ -71.854818405110109, -37.161963607689863 ], [ -71.85412466406396, -37.162165838562672 ], [ -71.852675962683364, -37.162402127428066 ], [ -71.852131664469567, -37.162416346458649 ], [ -71.851647440192068, -37.162428894596971 ], [ -71.850559278549071, -37.162233341560814 ], [ -71.850091162861247, -37.161950440224672 ], [ -71.84970128145153, -37.161444564562693 ], [ -71.849587270868909, -37.161191451139807 ], [ -71.849450718860894, -37.160888239245146 ], [ -71.849464297794739, -37.160559784629712 ], [ -71.849446060197835, -37.160533427014755 ], [ -71.849269773908162, -37.160279744971007 ], [ -71.849025634271825, -37.160073462710336 ], [ -71.848939426547261, -37.160000609906099 ], [ -71.848756274433882, -37.1594461303402 ], [ -71.84864947283144, -37.158731470603314 ], [ -71.84842110581485, -37.157626056298319 ], [ -71.848318597261141, -37.156873275414462 ], [ -71.848316432321326, -37.156857382896639 ], [ -71.848309588057177, -37.156834736876284 ], [ -71.848255681055278, -37.156656652763317 ], [ -71.848015134680082, -37.155862752206836 ], [ -71.8479599403924, -37.155532409974256 ], [ -71.847840073692453, -37.155230935209026 ], [ -71.84765034501288, -37.154753751936099 ], [ -71.847533761655299, -37.154259602931162 ], [ -71.84714606045678, -37.153699629118982 ], [ -71.846621458703893, -37.153136006826628 ], [ -71.846223965868774, -37.152796542523411 ], [ -71.845893867341204, -37.152512962201847 ], [ -71.845556087319636, -37.152395807650677 ], [ -71.845190204402726, -37.152171107997098 ], [ -71.844851180214519, -37.151732939174551 ], [ -71.844508936464308, -37.151366232098823 ], [ -71.844337295362976, -37.150711367375507 ], [ -71.844297577251012, -37.150559588413024 ], [ -71.844266801867676, -37.150442216750093 ], [ -71.844275000791285, -37.150245143414118 ], [ -71.844305571358703, -37.149510717079842 ], [ -71.844438273187436, -37.147977916075469 ], [ -71.844475089741039, -37.147784140794478 ], [ -71.844613915385054, -37.147054495881513 ], [ -71.844696722986257, -37.146333578227036 ], [ -71.844720801429133, -37.146124755337055 ], [ -71.844571083712296, -37.145574703745162 ], [ -71.844487631120728, -37.145131872419881 ], [ -71.84426400810716, -37.144711008620021 ], [ -71.844043357618858, -37.14429560961721 ], [ -71.843655831591818, -37.143735692343895 ], [ -71.843468770010318, -37.143293648672014 ], [ -71.843356785128691, -37.142687031418838 ], [ -71.843185827645257, -37.141862436698645 ], [ -71.843119674809415, -37.141716163873141 ], [ -71.843406639830306, -37.141369261119138 ], [ -71.843448513898963, -37.141138160491835 ], [ -71.843522616825069, -37.140728676159142 ], [ -71.843486497364111, -37.140224764560081 ], [ -71.843466074166145, -37.139940458229965 ], [ -71.843403541540894, -37.139295077555857 ], [ -71.843248901056313, -37.138718790107134 ], [ -71.842787184068271, -37.138257279478729 ], [ -71.842734307434, -37.138204439124301 ], [ -71.842659245107185, -37.13818948294913 ], [ -71.841493904706553, -37.137956788544329 ], [ -71.841285056284462, -37.13796408798266 ], [ -71.840996031426627, -37.13761284763477 ], [ -71.840995537353223, -37.137372945774466 ], [ -71.840995322655871, -37.137118346721941 ], [ -71.840995085500637, -37.137038110686483 ], [ -71.841010437708832, -37.13666975113388 ], [ -71.841182147082151, -37.136231867758866 ], [ -71.841289519114795, -37.135866025102509 ], [ -71.841455119045833, -37.135575410340117 ], [ -71.841784380343569, -37.135043465093169 ], [ -71.842012274846297, -37.134729873694809 ], [ -71.842177872082402, -37.134439331913271 ], [ -71.842345504002637, -37.134099724964472 ], [ -71.842358814340201, -37.13378043115204 ], [ -71.842429343768103, -37.133561118325126 ], [ -71.84265113332016, -37.133394942241125 ], [ -71.843029455208807, -37.133159235926733 ], [ -71.843378983397656, -37.132873578844837 ], [ -71.843604927657935, -37.132609195332179 ], [ -71.843707106529905, -37.132366089192573 ], [ -71.843780680348317, -37.13207310476043 ], [ -71.843873935356271, -37.131919165639331 ], [ -71.843912574591585, -37.13185534467754 ], [ -71.844001539245752, -37.131749343450593 ], [ -71.844074000051521, -37.131663007010573 ], [ -71.844203860508983, -37.131494384571155 ], [ -71.844304097223343, -37.131300415948111 ], [ -71.844374615871459, -37.131081027895377 ], [ -71.844446150514159, -37.130837107551457 ], [ -71.844550361375326, -37.130544936524018 ], [ -71.844625960894689, -37.130202812572321 ], [ -71.844637232954881, -37.129932730246516 ], [ -71.844588148109452, -37.129636416083109 ], [ -71.844506393333745, -37.129388425910115 ], [ -71.844363176724627, -37.129138811285159 ], [ -71.84427726544412, -37.128989026644881 ], [ -71.844007426804126, -37.128834357162681 ], [ -71.843735553480002, -37.128728679012028 ], [ -71.843464609912218, -37.12859861730491 ], [ -71.843375763835667, -37.128503381199316 ], [ -71.843347136324212, -37.128472547542664 ], [ -71.843166168913598, -37.128393991885964 ], [ -71.842983074292377, -37.128364503233669 ], [ -71.842683459195669, -37.128404322544633 ], [ -71.84267446526303, -37.128405424080384 ], [ -71.842366781498441, -37.12842181389928 ], [ -71.842060116423383, -37.128413669841422 ], [ -71.841689026871094, -37.128477494422 ], [ -71.841312851955976, -37.128664129121859 ], [ -71.841227643158021, -37.128690681194833 ], [ -71.841095138958678, -37.128732024429084 ], [ -71.841057688194454, -37.128753665427723 ], [ -71.840686286926783, -37.128966980339939 ], [ -71.839517929983415, -37.129009610447966 ], [ -71.83884118416411, -37.129040669491062 ], [ -71.838738654050843, -37.12903795864716 ], [ -71.838689095793256, -37.129036636528824 ], [ -71.83853451549578, -37.129032516189085 ], [ -71.838106214938009, -37.128996494540964 ], [ -71.837585812809067, -37.128958026309633 ], [ -71.837157605676069, -37.128921998180203 ], [ -71.83679465935181, -37.128789399275206 ], [ -71.836729792005158, -37.128713885692122 ], [ -71.836705706375767, -37.128713281210736 ], [ -71.836614716918945, -37.128686301568081 ], [ -71.836493085927799, -37.128658430949685 ], [ -71.836281574899203, -37.128578972343306 ], [ -71.836100612878468, -37.128500404621469 ], [ -71.835893090369737, -37.128322816732179 ], [ -71.835849230126001, -37.127903758827912 ], [ -71.835897294485278, -37.127754008986628 ], [ -71.835900203230167, -37.127683736384313 ], [ -71.836331198733816, -37.127199714838341 ], [ -71.836576014801565, -37.126956521130275 ], [ -71.836759578343361, -37.126774145927996 ], [ -71.837117717782505, -37.126400750716847 ], [ -71.837233483673174, -37.126229742953633 ], [ -71.837336497080074, -37.12607771646983 ], [ -71.837503484908225, -37.125883556336476 ], [ -71.837627793777244, -37.125738917872383 ], [ -71.83762821059554, -37.125643975407577 ], [ -71.83764389967196, -37.125266897430336 ], [ -71.837648604149123, -37.125153470986156 ], [ -71.837623464795882, -37.125132000856659 ], [ -71.837252041968625, -37.124813949855742 ], [ -71.836914312252716, -37.124696913558225 ], [ -71.836341758429981, -37.124495439118292 ], [ -71.836285272364918, -37.124483799336971 ], [ -71.835673092956654, -37.124290062001045 ], [ -71.835167090821741, -37.124251165207347 ], [ -71.834966368559719, -37.124235668368513 ], [ -71.834346793321743, -37.124219121499983 ], [ -71.833679946038544, -37.124272279609357 ], [ -71.831542169461386, -37.124534377328942 ], [ -71.830632243452229, -37.124682356528446 ], [ -71.83060530387516, -37.12468676503682 ], [ -71.828336341825477, -37.124909861726586 ], [ -71.827890770258037, -37.124968851739169 ], [ -71.827403982188727, -37.124955816067697 ], [ -71.827094098450004, -37.12494748827794 ], [ -71.826790189406225, -37.1247975041045 ], [ -71.826620609040148, -37.124615524083033 ], [ -71.826409722340685, -37.12436152171783 ], [ -71.826327105182315, -37.124217403209691 ], [ -71.8261116954654, -37.124069735387998 ], [ -71.825853621162366, -37.123885362038443 ], [ -71.825685401743954, -37.123667988095164 ], [ -71.825622827796195, -37.123547161015338 ], [ -71.825539832447106, -37.123239170417953 ], [ -71.825421036538998, -37.122798935894778 ], [ -71.825389612572039, -37.12220941933348 ], [ -71.825382832088266, -37.122081650673444 ], [ -71.825295513147694, -37.121982009162245 ], [ -71.824990805501642, -37.121634127744919 ], [ -71.824529943709749, -37.121184774936737 ], [ -71.8244581647253, -37.121071622441974 ], [ -71.824387461922541, -37.120960141583879 ], [ -71.824208552552221, -37.120680569148938 ], [ -71.823812071220118, -37.120340998587608 ], [ -71.823488842109526, -37.12023848962378 ], [ -71.822866072462404, -37.12004080324752 ], [ -71.82265020640132, -37.119808393273054 ], [ -71.822604307880184, -37.119758994009892 ], [ -71.822140121423431, -37.119477503908229 ], [ -71.822095537137571, -37.119456050792536 ], [ -71.821941759933964, -37.119420884144461 ], [ -71.821744469236307, -37.119375755200501 ], [ -71.821297475635788, -37.119470188360637 ], [ -71.821028912603509, -37.119533868627926 ], [ -71.820719145645754, -37.119525594680226 ], [ -71.820369525828752, -37.119409752870837 ], [ -71.820244174914009, -37.119228998379178 ], [ -71.820121817185779, -37.118977379700908 ], [ -71.819955163530921, -37.118776569810414 ], [ -71.819910969113877, -37.118723364147094 ], [ -71.819698672059417, -37.118504814963622 ], [ -71.81939470552345, -37.118354665451008 ], [ -71.819002345661872, -37.118202262130474 ], [ -71.818695574585604, -37.11812304468841 ], [ -71.81829877345325, -37.118076972305779 ], [ -71.81823414505844, -37.118069282708547 ], [ -71.816358958615254, -37.117847386455225 ], [ -71.81578962435448, -37.117690173494481 ], [ -71.815090509586298, -37.117458530642118 ], [ -71.814569828979629, -37.117196143384838 ], [ -71.814134644631807, -37.117007092909759 ], [ -71.81309948089563, -37.116340571948321 ], [ -71.812714499795774, -37.116010877308966 ], [ -71.812418102464406, -37.115683581667533 ], [ -71.812252941809533, -37.115395321362953 ], [ -71.812222196968932, -37.115075227284699 ], [ -71.812143975267261, -37.114824692236837 ], [ -71.811931711450455, -37.114606128217574 ], [ -71.811722357276878, -37.114316701897174 ], [ -71.811421517776409, -37.114095735927854 ], [ -71.811032194220488, -37.113872366673704 ], [ -71.81060003450024, -37.113612290121615 ], [ -71.810038201172077, -37.113277848487805 ], [ -71.809560401645513, -37.11305214292544 ], [ -71.808986565926858, -37.113001157533624 ], [ -71.808635536653171, -37.112920747641894 ], [ -71.808197480391385, -37.112802536750856 ], [ -71.807942401071529, -37.112547332092049 ], [ -71.807606491342383, -37.112227382142002 ], [ -71.807559010888042, -37.112182221688336 ], [ -71.807126872727352, -37.111922130734818 ], [ -71.806956288044788, -37.111888007919418 ], [ -71.806511950762555, -37.111799171615857 ], [ -71.805764165272279, -37.111672565250394 ], [ -71.804175559371004, -37.111523262552424 ], [ -71.803821626742319, -37.111513701123542 ], [ -71.803371645345138, -37.111679003280173 ], [ -71.802878923005068, -37.111807593980139 ], [ -71.802343461518717, -37.111899544331152 ], [ -71.801679696355279, -37.111881654439038 ], [ -71.801330229251874, -37.11176575222094 ], [ -71.800980578892151, -37.111649851974583 ], [ -71.800499898468473, -37.111495045337421 ], [ -71.800063317240387, -37.111341261366675 ], [ -71.799539812330465, -37.111149814321685 ], [ -71.799240475711485, -37.110893273777521 ], [ -71.799168515267326, -37.110501139902908 ], [ -71.799199815266789, -37.109756878578168 ], [ -71.799177119331134, -37.109438510095401 ], [ -71.799171956713195, -37.109365918718936 ], [ -71.799143782850919, -37.109341706772476 ], [ -71.79887262907738, -37.109109376430041 ], [ -71.798655948244331, -37.108997119294045 ], [ -71.798083608220608, -37.108910685262209 ], [ -71.797685390445039, -37.108812015763 ], [ -71.797321894351853, -37.108770179512646 ], [ -71.797052653091527, -37.108654731744849 ], [ -71.796229907682374, -37.108686554225017 ], [ -71.795570654756602, -37.10882561372145 ], [ -71.794847924177915, -37.108978052392501 ], [ -71.794521958798967, -37.109112122374597 ], [ -71.794221146247992, -37.109235927620006 ], [ -71.792552028839381, -37.109848499731214 ], [ -71.791991068673696, -37.110162170582242 ], [ -71.791779201013924, -37.110251023850275 ], [ -71.790875812045087, -37.110627460241524 ], [ -71.790423642351882, -37.110681074916364 ], [ -71.789018664671104, -37.110847477099838 ], [ -71.788507542139058, -37.110929859950296 ], [ -71.787846326394387, -37.111036442661415 ], [ -71.787367927691534, -37.111023485541473 ], [ -71.786568733414171, -37.111150432554496 ], [ -71.78647168931235, -37.111165928490074 ], [ -71.786428525262949, -37.111185325090105 ], [ -71.785215232792439, -37.111730970273932 ], [ -71.784654024691733, -37.112049117074349 ], [ -71.783831324198331, -37.112080852164041 ], [ -71.783220812961574, -37.111951615047076 ], [ -71.782812949076501, -37.111886489216289 ], [ -71.782591865600239, -37.111809666438987 ], [ -71.78248682918732, -37.111773082124031 ], [ -71.782475441244458, -37.11176921515608 ], [ -71.782464738716158, -37.111756326933111 ], [ -71.782149638460595, -37.111377421080356 ], [ -71.781882694192447, -37.11120349238417 ], [ -71.781548282853208, -37.111032181648234 ], [ -71.781008232772379, -37.110850783906336 ], [ -71.780536073767479, -37.110675763668894 ], [ -71.779366826593673, -37.110806178542283 ], [ -71.779020267336833, -37.110904886993339 ], [ -71.778520147370386, -37.111386856444618 ], [ -71.778322061663729, -37.111701919280293 ], [ -71.778079880354696, -37.112086669068439 ], [ -71.777721594490146, -37.112459893471708 ], [ -71.776347089460444, -37.112589187030267 ], [ -71.775640972324624, -37.112461707305279 ], [ -71.775259798284964, -37.112392828879088 ], [ -71.774516800815135, -37.112156434635274 ], [ -71.774008151345058, -37.111898234091754 ], [ -71.773516329116916, -37.111833270114694 ], [ -71.773169300041175, -37.111729996725892 ], [ -71.772457658266376, -37.111662939366944 ], [ -71.771410769719083, -37.111471875678532 ], [ -71.771396605982005, -37.111467702803793 ], [ -71.771336535638966, -37.111458330490493 ], [ -71.770138720242471, -37.111271154054286 ], [ -71.77010433003845, -37.111265831386177 ], [ -71.769356717024721, -37.111137290628932 ], [ -71.768458427791728, -37.111095462826846 ], [ -71.768211036254058, -37.111206955345011 ], [ -71.767591292132821, -37.111486378655115 ], [ -71.767388346540457, -37.111497172249145 ], [ -71.766914745739527, -37.11152233413322 ], [ -71.766313882408909, -37.111601548452157 ], [ -71.765886083111042, -37.111829087947079 ], [ -71.765682370357439, -37.112026517097583 ], [ -71.76548373937338, -37.112224269530913 ], [ -71.765334829241993, -37.112372436124929 ], [ -71.764075460383935, -37.112966335321559 ], [ -71.763316162084976, -37.113112348524822 ], [ -71.762833634725055, -37.113019070801116 ], [ -71.762637576515985, -37.112981121690119 ], [ -71.762403124311675, -37.112974777614127 ], [ -71.761748384521894, -37.112956822070963 ], [ -71.761474076763378, -37.11300529378957 ], [ -71.761196470391113, -37.11305435933825 ], [ -71.761003048737393, -37.113332449140735 ], [ -71.760728602638324, -37.11372729264076 ], [ -71.760224513914949, -37.114276308544916 ], [ -71.759200058995276, -37.114919016459055 ], [ -71.757947880252729, -37.115375745324556 ], [ -71.756023819169869, -37.115543802670139 ], [ -71.754936619622541, -37.115347329687197 ], [ -71.754481684914879, -37.11512537029823 ], [ -71.754466860916054, -37.115118184703782 ], [ -71.754381173316062, -37.115109103675913 ], [ -71.753717063199545, -37.115039130941994 ], [ -71.752621065552319, -37.115067627641338 ], [ -71.752137425179768, -37.115162503141526 ], [ -71.751601820861282, -37.115337055269734 ], [ -71.75151262983168, -37.115366145699944 ], [ -71.751312902902981, -37.115659647529476 ], [ -71.751250844588213, -37.115750707815543 ], [ -71.751000964717207, -37.116117939972447 ], [ -71.750772303053196, -37.116661334022012 ], [ -71.750317732163253, -37.117689515917782 ], [ -71.749947551706015, -37.118337108018451 ], [ -71.749670200455313, -37.119068915202384 ], [ -71.749638400094256, -37.119153071264158 ], [ -71.749197727040055, -37.1198527906229 ], [ -71.748693612265541, -37.120442657894579 ], [ -71.747988486869787, -37.120914346697106 ], [ -71.746507800075193, -37.121157082059 ], [ -71.746252939944227, -37.121198940833303 ], [ -71.745988364533503, -37.121242354630247 ], [ -71.745510083509927, -37.121229225916764 ], [ -71.745137191038864, -37.121196231857375 ], [ -71.743736171335243, -37.121072335143054 ], [ -71.743453050205446, -37.120926449746719 ], [ -71.742800686459589, -37.120812736730947 ], [ -71.742096915723309, -37.120973202297108 ], [ -71.74141120561579, -37.121008339572782 ], [ -71.740647186670003, -37.121262098910321 ], [ -71.740571134399744, -37.121310734354196 ], [ -71.740153927137385, -37.121577431519832 ], [ -71.738909319396072, -37.121872044566345 ], [ -71.7379393131624, -37.122120140306599 ], [ -71.736643491568429, -37.122439461828478 ], [ -71.735932842431993, -37.122614519338839 ], [ -71.735305939636248, -37.122867514050711 ], [ -71.734678088219539, -37.12312502896966 ], [ -71.734116775015963, -37.123438366197071 ], [ -71.733908899469327, -37.123541198158293 ], [ -71.73368409067956, -37.123652541275007 ], [ -71.733487266207561, -37.123749951594988 ], [ -71.733202226276333, -37.124016823527981 ], [ -71.733075484769529, -37.124204448345381 ], [ -71.732909353035822, -37.124450342565808 ], [ -71.732751235172785, -37.124936932246207 ], [ -71.732115275562336, -37.125279885776223 ], [ -71.731980159960457, -37.125352689660993 ], [ -71.731487664894132, -37.125667970134387 ], [ -71.73106787048377, -37.125877115217158 ], [ -71.730815980183152, -37.126112507583322 ], [ -71.730782172985755, -37.126144070612007 ], [ -71.730425883177759, -37.126463146680763 ], [ -71.730008472896159, -37.126618268652791 ], [ -71.729586668056186, -37.126876916059082 ], [ -71.729237363547867, -37.127034009669707 ], [ -71.728744107608492, -37.127349223692946 ], [ -71.728258790081313, -37.127498005287187 ], [ -71.727848572610171, -37.127486634550777 ], [ -71.72744222418298, -37.127367319783581 ], [ -71.726768257751175, -37.127127929053728 ], [ -71.726362741163939, -37.127008590801829 ], [ -71.726098161261618, -37.126780517496826 ], [ -71.725836694021766, -37.12650298418162 ], [ -71.725301256789933, -37.126213373430801 ], [ -71.725060009728807, -37.126118968020975 ], [ -71.72493498759745, -37.126069947466966 ], [ -71.724694673885892, -37.125975815480423 ], [ -71.72436031734388, -37.125804413542568 ], [ -71.724324114339623, -37.125761543838074 ], [ -71.723934146691633, -37.125299084658849 ], [ -71.723839109426166, -37.125186330099417 ], [ -71.723804033807568, -37.124874058003918 ], [ -71.723789299640288, -37.124743436729375 ], [ -71.723525451864916, -37.124519917677922 ], [ -71.723188173103281, -37.124397892953745 ], [ -71.723126790321615, -37.124388082462808 ], [ -71.722780190640592, -37.12433263601077 ], [ -71.722159498796714, -37.124423601347516 ], [ -71.721674066285175, -37.124576787896402 ], [ -71.720914759901376, -37.124717955494837 ], [ -71.72037213255399, -37.12459480657877 ], [ -71.720238331187375, -37.124575954182184 ], [ -71.719419491653085, -37.124460324948785 ], [ -71.718530157725169, -37.124435705268546 ], [ -71.718067272028932, -37.124472017020018 ], [ -71.717766649022479, -37.124495598125819 ], [ -71.717499994011845, -37.124515224092335 ], [ -71.716742250696655, -37.12460236515583 ], [ -71.715909998416848, -37.124854061114625 ], [ -71.715697621412303, -37.125014915629997 ], [ -71.715277870121099, -37.125283136085429 ], [ -71.715204410388722, -37.125330072884253 ], [ -71.714287465842247, -37.125962331618467 ], [ -71.714072769387656, -37.126177126259577 ], [ -71.713657695624107, -37.12644759514496 ], [ -71.713509035224376, -37.12654445968122 ], [ -71.712892933771585, -37.126527343913899 ], [ -71.712209464062397, -37.126508370955612 ], [ -71.711525256836353, -37.126489411600943 ], [ -71.710978092996797, -37.126474177361047 ], [ -71.71074461007467, -37.126467709075179 ], [ -71.71063608011363, -37.126464655780495 ], [ -71.71008410489739, -37.126557455686417 ], [ -71.709598634656615, -37.12671066799826 ], [ -71.709312876971467, -37.126972997210139 ], [ -71.709300387694086, -37.127261262850624 ], [ -71.709296073085753, -37.127359987809115 ], [ -71.709286721623656, -37.127575983167347 ], [ -71.709209053284198, -37.12779457491888 ], [ -71.708794207692719, -37.127891245784781 ], [ -71.708613724474034, -37.127993112681771 ], [ -71.708512956855373, -37.128050044750104 ], [ -71.708216051975867, -37.128271507868291 ], [ -71.708018026456315, -37.128419249856861 ], [ -71.70799441064581, -37.128426654782409 ], [ -71.707531707307595, -37.128572399670446 ], [ -71.70711212759457, -37.128776952269803 ], [ -71.706975844182807, -37.128890356810878 ], [ -71.706472977168232, -37.129308828410316 ], [ -71.705982013729482, -37.129569931789199 ], [ -71.705903103019992, -37.129588343910072 ], [ -71.705774446304986, -37.129618301913766 ], [ -71.705689722597285, -37.129998869730464 ], [ -71.705674850089437, -37.130342261552748 ], [ -71.705670580396884, -37.130439803637024 ], [ -71.705443521327354, -37.130924537838588 ], [ -71.705085515737181, -37.131297468843883 ], [ -71.704375163044801, -37.13188145374761 ], [ -71.70387460290388, -37.132363052607886 ], [ -71.703662385799475, -37.132519306217077 ], [ -71.702763469542433, -37.132715072889155 ], [ -71.702702608681918, -37.132725246832386 ], [ -71.702487774785084, -37.132761448613273 ], [ -71.701561488657958, -37.133146963668935 ], [ -71.701509610051986, -37.133168595527202 ], [ -71.701371870471178, -37.13322592189111 ], [ -71.700739810447374, -37.13359121082722 ], [ -71.700227425782359, -37.134342811211134 ], [ -71.69983755784736, -37.135431124123464 ], [ -71.699762561995868, -37.136073314411519 ], [ -71.699728891342389, -37.136360733286871 ], [ -71.699649076029402, -37.136628828310947 ], [ -71.6994320762944, -37.136897540407539 ], [ -71.699084980743365, -37.137000533114268 ], [ -71.698740504679677, -37.137044923244154 ], [ -71.698596475095215, -37.137203158026004 ], [ -71.698584561637929, -37.137477604262138 ], [ -71.69871194274522, -37.137701852729379 ], [ -71.698839597838671, -37.137887116934515 ], [ -71.698905122752109, -37.137982109922731 ], [ -71.698954269581307, -37.138420452941411 ], [ -71.698659557489421, -37.138907823592916 ], [ -71.698239803503256, -37.139112349685959 ], [ -71.69769022409389, -37.139151074851917 ], [ -71.697528920804828, -37.139103589490233 ], [ -71.697284589827333, -37.139031640266509 ], [ -71.697073030289729, -37.139043766915101 ], [ -71.696116482615622, -37.139107177926604 ], [ -71.69501934320968, -37.139135099121063 ], [ -71.69425750447509, -37.139330046632963 ], [ -71.69382634907133, -37.13992828947498 ], [ -71.693675105116839, -37.140138283112918 ], [ -71.693165524992125, -37.140844758887376 ], [ -71.692426823266004, -37.141396246981067 ], [ -71.691553657216588, -37.141669300969518 ], [ -71.691335878642249, -37.141938016645454 ], [ -71.691001969461254, -37.141984729004903 ], [ -71.690371135637818, -37.142073177571447 ], [ -71.689951224446474, -37.142282255831397 ], [ -71.689399193534697, -37.142374888110766 ], [ -71.688972199127335, -37.142745942410713 ], [ -71.688669585454207, -37.143395212701826 ], [ -71.688308807663034, -37.143826550577216 ], [ -71.687890774848952, -37.143977112851864 ], [ -71.687050909347107, -37.144395029844908 ], [ -71.686400700659632, -37.144374492474924 ], [ -71.685689978759655, -37.144283050592541 ], [ -71.685283250345108, -37.144346753661985 ], [ -71.684996293409057, -37.144391645736988 ], [ -71.684530053403563, -37.144344929135471 ], [ -71.684246126484965, -37.144316519361141 ], [ -71.683388519256255, -37.144436718948825 ], [ -71.683281431091245, -37.144451694654663 ], [ -71.683098579015152, -37.144428596664383 ], [ -71.682274813119832, -37.144324413949803 ], [ -71.681691502869867, -37.144511252307019 ], [ -71.681356578592613, -37.144618495203254 ], [ -71.680592009877884, -37.144871884655437 ], [ -71.67896950604937, -37.145030400945018 ], [ -71.678871814262223, -37.14503991875732 ], [ -71.678395713449845, -37.144972508532319 ], [ -71.677918964952156, -37.144905036666309 ], [ -71.677588765813283, -37.144620977065919 ], [ -71.677195212090666, -37.144227024384961 ], [ -71.676322494300564, -37.14381961045418 ], [ -71.675926611246439, -37.143479595919558 ], [ -71.675460179001462, -37.143191669183416 ], [ -71.674990674518227, -37.142957773553078 ], [ -71.674594710615708, -37.142617756576506 ], [ -71.674213276962917, -37.14194934224524 ], [ -71.673130189902949, -37.141157535806492 ], [ -71.672885460073473, -37.140979535792077 ], [ -71.67146626834996, -37.140556658135374 ], [ -71.671085938726648, -37.140502928560373 ], [ -71.670948968103701, -37.140483575993194 ], [ -71.670513489108473, -37.140421786668256 ], [ -71.670112134415945, -37.140189730731308 ], [ -71.670100731201714, -37.140167028159951 ], [ -71.669860396828923, -37.139691566591907 ], [ -71.669518321961988, -37.139681927084631 ], [ -71.669058443825335, -37.139227577709974 ], [ -71.667436555342789, -37.138744919008531 ], [ -71.666632067293477, -37.138339290196534 ], [ -71.665764375577396, -37.137819398130695 ], [ -71.665234683071773, -37.13742152789797 ], [ -71.664383832072332, -37.136519067610358 ], [ -71.66337664367073, -37.136053676403343 ], [ -71.66292478928618, -37.135437301603837 ], [ -71.66266759084057, -37.13504717188691 ], [ -71.662071639497924, -37.134588838639885 ], [ -71.66086675975005, -37.133951136105509 ], [ -71.659992634299911, -37.133597667761784 ], [ -71.659515877717368, -37.133530120578968 ], [ -71.658966310884423, -37.133568737596804 ], [ -71.658350976592899, -37.133551321196741 ], [ -71.658231752188385, -37.133535393698793 ], [ -71.657329358552886, -37.133414416937406 ], [ -71.65645921802934, -37.132952830265836 ], [ -71.656457053987822, -37.132948965812076 ], [ -71.656332705592931, -37.132728514009983 ], [ -71.655997722925164, -37.132556931133855 ], [ -71.655587474911314, -37.132545311212866 ], [ -71.655045272467078, -37.132417348012801 ], [ -71.654297691792678, -37.132288080439203 ], [ -71.654165648429071, -37.132171741081365 ], [ -71.65404311373274, -37.131839403931309 ], [ -71.653793867174002, -37.131287255318448 ], [ -71.653459108186738, -37.13111115719316 ], [ -71.652777389294044, -37.131037763695332 ], [ -71.651952198670699, -37.131122533830698 ], [ -71.651465646858284, -37.131275534220251 ], [ -71.650368974576295, -37.131298524501631 ], [ -71.649996657925328, -37.131351147661711 ], [ -71.649748855857567, -37.131389172790477 ], [ -71.649048480753052, -37.131576549437163 ], [ -71.64843225533275, -37.13173930258592 ], [ -71.647662972259411, -37.132100440568543 ], [ -71.647170061273115, -37.132415311926856 ], [ -71.64695459855561, -37.132630005177433 ], [ -71.64657147696839, -37.132817364428107 ], [ -71.646324717844678, -37.132941067887778 ], [ -71.645206192246761, -37.133454462764142 ], [ -71.644571451650137, -37.133877909363093 ], [ -71.642981705786795, -37.134215769881713 ], [ -71.6425025947199, -37.134202170037931 ], [ -71.641828162062453, -37.133962375529414 ], [ -71.641356971441439, -37.133786775633006 ], [ -71.640748294564474, -37.133602869260478 ], [ -71.640074514083935, -37.13336297617024 ], [ -71.639395060742387, -37.13323563885087 ], [ -71.638164489177385, -37.133200669821498 ], [ -71.637482578943519, -37.133127266175435 ], [ -71.636940186954774, -37.133003728455314 ], [ -71.63626577765352, -37.132763827020028 ], [ -71.635857987430285, -37.132698192705753 ], [ -71.634450542975756, -37.132000423361397 ], [ -71.633769478954889, -37.131927052927601 ], [ -71.632948343326703, -37.131903744137077 ], [ -71.632538097109503, -37.131892043903598 ], [ -71.631846812955644, -37.132034527801508 ], [ -71.630872365451197, -37.132389780278345 ], [ -71.629844418779996, -37.132414524850383 ], [ -71.629082336601982, -37.132613636322795 ], [ -71.62832024723744, -37.132812669924768 ], [ -71.62774113930638, -37.133146426542766 ], [ -71.627687171219051, -37.133177596326369 ], [ -71.627617382901263, -37.133180546938242 ], [ -71.627587551647323, -37.133181798799733 ], [ -71.626932495650564, -37.133210058779753 ], [ -71.626661586218745, -37.133148369507161 ], [ -71.626387476987901, -37.13302880011598 ], [ -71.626281127238045, -37.132982360816591 ], [ -71.625855078756658, -37.132796469409968 ], [ -71.625381555210836, -37.132674820413413 ], [ -71.624707092010695, -37.132434927961775 ], [ -71.624360203970454, -37.132533120499382 ], [ -71.624091854737216, -37.132441323403953 ], [ -71.623483870461342, -37.132233319426575 ], [ -71.622110550309486, -37.132306764045737 ], [ -71.621959507577628, -37.132407849381408 ], [ -71.621109471350138, -37.132976496818152 ], [ -71.620444506037472, -37.133471134374737 ], [ -71.619865907451185, -37.133625747829406 ], [ -71.619678986006861, -37.133563660708354 ], [ -71.619382653354208, -37.133465162989374 ], [ -71.619302438290902, -37.133438515193127 ], [ -71.618675654072774, -37.133078234405161 ], [ -71.618107125600815, -37.133003468485754 ], [ -71.61682237753935, -37.132966743300464 ], [ -71.615823560537862, -37.132938233286147 ], [ -71.615613773376296, -37.132932235360485 ], [ -71.615038220977141, -37.132915782063108 ], [ -71.614184381282726, -37.132837253936174 ], [ -71.613354002888613, -37.132813496386561 ], [ -71.612899633221275, -37.132800486416052 ], [ -71.612328512211391, -37.132784143380498 ], [ -71.611906015668666, -37.132654965955112 ], [ -71.611862206628871, -37.132638509732772 ], [ -71.611414189847224, -37.132469660291214 ], [ -71.611403612184759, -37.132462363187457 ], [ -71.611067561420114, -37.132229992068737 ], [ -71.610664669710147, -37.131646363648898 ], [ -71.610458040126815, -37.131469237202751 ], [ -71.609464226741451, -37.131328129465103 ], [ -71.60816147823833, -37.131244311371532 ], [ -71.607825304404514, -37.131222699732589 ], [ -71.606757397076208, -37.131133475024626 ], [ -71.606564123644517, -37.13110339944982 ], [ -71.606331363866204, -37.131067253454539 ], [ -71.605630558468661, -37.130758878783674 ], [ -71.605289036963939, -37.130406646719287 ], [ -71.605151824694175, -37.130247547599474 ], [ -71.605085766181446, -37.130171042823164 ], [ -71.604638129387155, -37.130117250009114 ], [ -71.60444574349097, -37.13009416411461 ], [ -71.604088850913413, -37.130083923211288 ], [ -71.603815204314941, -37.130076059365436 ], [ -71.603589462175634, -37.130069651547998 ], [ -71.603237655859218, -37.12994686299313 ], [ -71.602893547206477, -37.129653223180753 ], [ -71.602549657742685, -37.129355074440397 ], [ -71.601910285432481, -37.129278093918067 ], [ -71.601328980222235, -37.129491217558368 ], [ -71.601099467853643, -37.129826987023094 ], [ -71.600872987299169, -37.130081706580881 ], [ -71.600798766693757, -37.130165205822315 ], [ -71.600502754739665, -37.130381954489053 ], [ -71.60014595289195, -37.130371699300767 ], [ -71.599577335486785, -37.130301348199062 ], [ -71.598808288670369, -37.129932344931632 ], [ -71.598321607500566, -37.129634584039771 ], [ -71.597842017631635, -37.129161260047795 ], [ -71.59763781349956, -37.128927287377685 ], [ -71.597434670277835, -37.128694619635723 ], [ -71.597151364095112, -37.128627892435091 ], [ -71.596440388870221, -37.128548908645023 ], [ -71.595880233595039, -37.12830752484799 ], [ -71.59554129205182, -37.12789688671733 ], [ -71.594914135032838, -37.127531909065773 ], [ -71.594817925465918, -37.127503526640012 ], [ -71.594068083731955, -37.127282309087931 ], [ -71.593902343663714, -37.12717793373151 ], [ -71.593303461118296, -37.126800885599621 ], [ -71.593171671977899, -37.126802441247442 ], [ -71.591873707003685, -37.126818295674838 ], [ -71.591379565325454, -37.126686919984891 ], [ -71.591107040722747, -37.126395295893211 ], [ -71.590934650426462, -37.12632014878124 ], [ -71.590686362370135, -37.126211963882575 ], [ -71.59018699788686, -37.126197634190397 ], [ -71.58962364910083, -37.126010182629187 ], [ -71.589351439806805, -37.125714044343326 ], [ -71.589004906601119, -37.125474233680741 ], [ -71.587725393921133, -37.12532478988156 ], [ -71.587011745309965, -37.125304201495069 ], [ -71.585793807651129, -37.125381728970751 ], [ -71.585003397100607, -37.125476050067533 ], [ -71.58447477987842, -37.125460784825272 ], [ -71.584218872311851, -37.125453448368688 ], [ -71.583718772108341, -37.125439034732636 ], [ -71.583291024014457, -37.125426657367889 ], [ -71.583023220956889, -37.125017973996883 ], [ -71.583015053474341, -37.125010991322505 ], [ -71.582748420023293, -37.124780345683547 ], [ -71.581975930862697, -37.124474203015986 ], [ -71.581336712164386, -37.124397255490329 ], [ -71.58091976810843, -37.124385225337022 ], [ -71.580337909535956, -37.124368369796912 ], [ -71.579906900557589, -37.124414520719526 ], [ -71.578968908484001, -37.12461263759964 ], [ -71.578599228388384, -37.124890290297095 ], [ -71.578158699962941, -37.125161363277037 ], [ -71.577202533174514, -37.125764418817859 ], [ -71.57718843860772, -37.125770188115482 ], [ -71.57654693279872, -37.126033740336233 ], [ -71.57590498322196, -37.126015143994216 ], [ -71.575392826729015, -37.126284220384903 ], [ -71.575150195364031, -37.126907920111712 ], [ -71.575060529125636, -37.127306230240549 ], [ -71.575016105638213, -37.127480757234487 ], [ -71.574974135449807, -37.127646076098443 ], [ -71.574685333374177, -37.127965958025385 ], [ -71.574672801875977, -37.127979740192913 ], [ -71.574441282671046, -37.128373973007839 ], [ -71.57442138947907, -37.128420840565866 ], [ -71.574201267200181, -37.128939218688565 ], [ -71.573826322078688, -37.129329257426235 ], [ -71.573480824630522, -37.129554471133247 ], [ -71.573237350645812, -37.12971316634053 ], [ -71.57304773605226, -37.129910409196128 ], [ -71.572862397439479, -37.130103203237958 ], [ -71.572707002370052, -37.130382532457922 ], [ -71.572324374856237, -37.130943637171427 ], [ -71.572135762782565, -37.131399315399875 ], [ -71.5718167018549, -37.132029835398122 ], [ -71.570171818297723, -37.132714744166059 ], [ -71.569580849909954, -37.133152644315118 ], [ -71.569372491968011, -37.133529532607838 ], [ -71.568127818649685, -37.13368261407021 ], [ -71.567263164137572, -37.133828776384313 ], [ -71.566475915656866, -37.133864511416135 ], [ -71.565336375769505, -37.133772846277445 ], [ -71.565235456335529, -37.133760562660619 ], [ -71.564128376172647, -37.133625217868264 ], [ -71.564101910007764, -37.13362785764761 ], [ -71.563267084952983, -37.133712808219151 ], [ -71.56254575664444, -37.133863143547757 ], [ -71.56205709199449, -37.133571550689865 ], [ -71.561641072304951, -37.133323268325732 ], [ -71.561154595951066, -37.133025275130379 ], [ -71.561023170628346, -37.132988767671236 ], [ -71.560448879463848, -37.132829097462398 ], [ -71.559521034759697, -37.132802195917428 ], [ -71.558608589874495, -37.132433294366678 ], [ -71.557923416061186, -37.131787214400347 ], [ -71.557444792779492, -37.131313775675082 ], [ -71.557185668345909, -37.131118345566755 ], [ -71.556891917451367, -37.130896789796701 ], [ -71.556603367802339, -37.130794052339581 ], [ -71.556188746789672, -37.13064656565431 ], [ -71.556082568618038, -37.130598433962824 ], [ -71.556199246298718, -37.13020516384406 ], [ -71.556271940666448, -37.129959753132901 ], [ -71.556295690325939, -37.129843557016386 ], [ -71.556364222798962, -37.129507432388635 ], [ -71.556548472653617, -37.129144078265114 ], [ -71.556572182787249, -37.128621332658284 ], [ -71.555950394100407, -37.127607849979505 ], [ -71.555958100747219, -37.12743685425454 ], [ -71.556256751951636, -37.126944276515651 ], [ -71.55626670887824, -37.126927820483921 ], [ -71.556575829048981, -37.126423203156591 ], [ -71.556876503259403, -37.126089598809735 ], [ -71.55701750731798, -37.12567978163095 ], [ -71.557160198412646, -37.125265351778317 ], [ -71.557186558576348, -37.124684522463383 ], [ -71.557247111314709, -37.124212879357287 ], [ -71.557457627908278, -37.124096195959822 ], [ -71.557540621460745, -37.124050183080172 ], [ -71.557844013973238, -37.123658047866911 ], [ -71.557933768246528, -37.123259745757139 ], [ -71.55785459522896, -37.12281954215306 ], [ -71.557819764850436, -37.122625692401009 ], [ -71.55777136002969, -37.122110777907118 ], [ -71.557720528859349, -37.121649733990481 ], [ -71.557746469509794, -37.121078436437081 ], [ -71.557920689674305, -37.120398737222757 ], [ -71.558081584229896, -37.120018832411972 ], [ -71.558160158969486, -37.119833534487924 ], [ -71.558131486542237, -37.119570600331848 ], [ -71.558109977281092, -37.119372624259469 ], [ -71.557944937898768, -37.11828210697621 ], [ -71.557955675461358, -37.118045193885152 ], [ -71.557968143179195, -37.117769263169258 ], [ -71.558263713162162, -37.117548052267203 ], [ -71.558630801618207, -37.117329061304382 ], [ -71.558924466274462, -37.117166358111547 ], [ -71.558797305254444, -37.116820357117746 ], [ -71.558659283602594, -37.116740359586153 ], [ -71.558379395509519, -37.11657845239796 ], [ -71.558040796224418, -37.11616762026334 ], [ -71.558005497823657, -37.115951559399321 ], [ -71.557984598518573, -37.115823629747744 ], [ -71.558151104849742, -37.115314927624041 ], [ -71.558162837745655, -37.115055550159674 ], [ -71.558169243631966, -37.114914479873157 ], [ -71.557619219556528, -37.114438964222352 ], [ -71.557495748815683, -37.114183096010009 ], [ -71.557423198178398, -37.114032361981977 ], [ -71.557247744626991, -37.113171292571188 ], [ -71.557001562221686, -37.112303777541761 ], [ -71.556785746466247, -37.110752283851355 ], [ -71.55683490317692, -37.109667993925591 ], [ -71.556868557660735, -37.108925698804256 ], [ -71.556878608012127, -37.108703861006326 ], [ -71.556902118719748, -37.108183405720588 ], [ -71.556864911398975, -37.107439022753489 ], [ -71.55667419547089, -37.10691536427511 ], [ -71.556351161294728, -37.106162677675947 ], [ -71.556320932087118, -37.105247312108027 ], [ -71.556421118495805, -37.104619560146162 ], [ -71.556655826719975, -37.104171326460722 ], [ -71.556615464515943, -37.103480903552686 ], [ -71.556318348532344, -37.102958506609511 ], [ -71.556284645539534, -37.102899139787077 ], [ -71.556234276103226, -37.102442734740158 ], [ -71.55632072996616, -37.102102825894733 ], [ -71.556553011840762, -37.10170868482377 ], [ -71.556367382173818, -37.101072628288399 ], [ -71.556021159785217, -37.100832783995443 ], [ -71.555468429984174, -37.100415782824399 ], [ -71.554635890243475, -37.099877979706136 ], [ -71.554525567245108, -37.099809338455358 ], [ -71.554149789385335, -37.099575514376127 ], [ -71.554068118152983, -37.099125171589662 ], [ -71.554066087062111, -37.099114067425177 ], [ -71.554035649445339, -37.098946033804808 ], [ -71.554142826543568, -37.098147301730151 ], [ -71.554317231761033, -37.097775156783165 ], [ -71.554380174916375, -37.097640620351989 ], [ -71.554363250656408, -37.097570261045114 ], [ -71.554199738410077, -37.096892086921869 ], [ -71.554069276081364, -37.096816422582172 ], [ -71.553782599419691, -37.096650145772649 ], [ -71.553589294546981, -37.096185080501762 ], [ -71.553110810504137, -37.095716119510527 ], [ -71.55292431935284, -37.09574479401288 ], [ -71.552175606801185, -37.095860067996597 ], [ -71.551591970462795, -37.096126961562121 ], [ -71.551026287853659, -37.095997839093279 ], [ -71.550973526203748, -37.095595373934628 ], [ -71.55099359816046, -37.095152509535161 ], [ -71.55099435094867, -37.09513647292755 ], [ -71.551012531053388, -37.09473609904866 ], [ -71.550992424960697, -37.094708182255324 ], [ -71.550676596171428, -37.09427129216369 ], [ -71.550419361793175, -37.093633149672449 ], [ -71.549085351918166, -37.093134740018137 ], [ -71.548517048923344, -37.093064131467912 ], [ -71.548173445123794, -37.09276580997512 ], [ -71.548123317334301, -37.092309394756739 ], [ -71.54786355150361, -37.091729621078414 ], [ -71.547374788937304, -37.091485652771397 ], [ -71.546878391589388, -37.091412604220601 ], [ -71.546389633514679, -37.091168631310154 ], [ -71.546259281678729, -37.090881004300215 ], [ -71.54606138461827, -37.090532889717856 ], [ -71.545793909445791, -37.090124107585687 ], [ -71.545445030738904, -37.089942831035131 ], [ -71.545236235317418, -37.089819597616078 ], [ -71.545098894588577, -37.089702950793004 ], [ -71.545114454307608, -37.089361027804486 ], [ -71.545093149862325, -37.089198036654054 ], [ -71.545061730386962, -37.088958558209185 ], [ -71.54500297966905, -37.088932283136806 ], [ -71.544781357203618, -37.088833243652978 ], [ -71.54443491921937, -37.088597946072767 ], [ -71.54437843674755, -37.087388721482711 ], [ -71.544362521295668, -37.087050649117522 ], [ -71.544383387363084, -37.086591747960981 ], [ -71.544132239969215, -37.085841095996166 ], [ -71.544106814053407, -37.085819272177915 ], [ -71.54351319653388, -37.085309478493926 ], [ -71.542599066409196, -37.084994443477065 ], [ -71.542179380694975, -37.084811058527904 ], [ -71.541983431182047, -37.08440435027466 ], [ -71.541714088412093, -37.084054142042 ], [ -71.54122740005576, -37.083751559083254 ], [ -71.541327479564941, -37.083128396113082 ], [ -71.541643670375294, -37.082448329789877 ], [ -71.541942335054429, -37.082173275567762 ], [ -71.542031720120136, -37.082057593772895 ], [ -71.542245471547048, -37.081781184373476 ], [ -71.542188031471142, -37.081531928084232 ], [ -71.542126286668406, -37.081264158959407 ], [ -71.541726765437389, -37.080621811203621 ], [ -71.54192193970421, -37.079483226838789 ], [ -71.541958395135069, -37.078682401160528 ], [ -71.541788437476583, -37.077704392209782 ], [ -71.541391468359265, -37.077008094879872 ], [ -71.540987315414611, -37.076482707379093 ], [ -71.540662051619918, -37.075783910410195 ], [ -71.540635252180053, -37.075668357191304 ], [ -71.540648763740236, -37.073509194631669 ], [ -71.540723287976192, -37.07317767296896 ], [ -71.540806561803052, -37.072655641225445 ], [ -71.54082606871944, -37.072227109554596 ], [ -71.540678069479767, -37.07155537085184 ], [ -71.540327059969002, -37.070114736166381 ], [ -71.540344383080949, -37.069733868841382 ], [ -71.540077705612447, -37.069058544969295 ], [ -71.539923246587534, -37.068529647513145 ], [ -71.539770977655323, -37.067953085928622 ], [ -71.539788303462203, -37.067572219216885 ], [ -71.539994728229644, -37.066958367746537 ], [ -71.540007769072616, -37.066672752673689 ], [ -71.540453923646695, -37.066018254066947 ], [ -71.540528441594446, -37.065686658083379 ], [ -71.54072838861039, -37.065215795933675 ], [ -71.540807279556958, -37.064788944730374 ], [ -71.540710115979195, -37.064309390593181 ], [ -71.540276231493607, -37.063705126057215 ], [ -71.540078053260459, -37.063784453448406 ], [ -71.537917491814412, -37.064198083537313 ], [ -71.535756906113861, -37.064611747928474 ], [ -71.534296317327133, -37.06533184749253 ], [ -71.533537233725525, -37.065991166790234 ], [ -71.532809570497605, -37.066623306573632 ], [ -71.531819898345717, -37.06745246743435 ], [ -71.531461180391531, -37.067583343772078 ], [ -71.530670647670135, -37.067871679201282 ], [ -71.530367813909763, -37.067982163732154 ] ] ] } },
{ "type": "Feature", "properties": { "capa": "colegios", "popup": "<strong>ESCUELA LOMAS DE TUCAPEL</strong><br><br><strong>Dirección:</strong> LOMAS DE TUCAPEL 0", "etiqueta": "" }, "geometry": { "type": "Point", "coordinates": [ -71.910316, -37.325371 ] } },
{ "type": "Feature", "properties": { "capa": "colegios", "popup": "<strong>LICEO ANDRÉS ALCÁZAR DE TUCAPEL</strong><br><br><strong>Dirección:</strong> AVENIDA RUSTICO MOLINA 240", "etiqueta": "" }, "geometry": { "type": "Point", "coordinates": [ -71.945969, -37.290211 ] } },
{ "type": "Feature", "properties": { "capa": "colegios", "popup": "<strong>ESCUELA ESPECIAL DE LENGUAJE TUCAPEL</strong><br><br><strong>Dirección:</strong> CONDELL 190", "etiqueta": "" }, "geometry": { "type": "Point", "coordinates": [ -71.950582, -37.289909 ] } },
{ "type": "Feature", "properties": { "capa": "colegios", "popup": "<strong>ESCUELA LOS AVELLANOS</strong><br><br><strong>Dirección:</strong> RICARDO CLARO 145", "etiqueta": "" }, "geometry": { "type": "Point", "coordinates": [ -71.722221, -37.28883 ] } },
{ "type": "Feature", "properties": { "capa": "colegios", "popup": "<strong>ESCUELA LOS AROMOS</strong><br><br><strong>Dirección:</strong> CAMINO A POLCURA 18.5", "etiqueta": "" }, "geometry": { "type": "Point", "coordinates": [ -71.769417, -37.28569 ] } },
{ "type": "Feature", "properties": { "capa": "colegios", "popup": "<strong>ESCUELA ALEJANDRO PEREZ URBANO</strong><br><br><strong>Dirección:</strong> ALEJANDRO PEREZ 447", "etiqueta": "" }, "geometry": { "type": "Point", "coordinates": [ -71.833656, -37.27697 ] } },
{ "type": "Feature", "properties": { "capa": "colegios", "popup": "<strong>ESCUELA ESPECIAL DE LENGUAJE HUEPIL</strong><br><br><strong>Dirección:</strong> LOS SAUCES 790", "etiqueta": "" }, "geometry": { "type": "Point", "coordinates": [ -71.9365, -37.252277 ] } },
{ "type": "Feature", "properties": { "capa": "colegios", "popup": "<strong>ESCUELA ESPECIAL DE LENGUAJE CUMBRES DE HUEPIL</strong><br><br><strong>Dirección:</strong> AVENIDA TUCAPEL 93", "etiqueta": "" }, "geometry": { "type": "Point", "coordinates": [ -71.939492, -37.244716 ] } },
{ "type": "Feature", "properties": { "capa": "colegios", "popup": "<strong>COLEGIO SAN DIEGO DE ALCALÁ</strong><br><br><strong>Dirección:</strong> SAN FRANCISCO 70", "etiqueta": "" }, "geometry": { "type": "Point", "coordinates": [ -71.944183, -37.244202 ] } },
{ "type": "Feature", "properties": { "capa": "colegios", "popup": "<strong>CENTRO DE EDUCACIÓN DE ADULTOS ADELAILA MORENO</strong><br><br><strong>Dirección:</strong> CALLE 12 DE FEBRERO 171", "etiqueta": "" }, "geometry": { "type": "Point", "coordinates": [ -71.94289, -37.240974 ] } },
{ "type": "Feature", "properties": { "capa": "colegios", "popup": "<strong>LICEO DE HUEPIL</strong><br><br><strong>Dirección:</strong> 12 DE FEBRERO 171", "etiqueta": "" }, "geometry": { "type": "Point", "coordinates": [ -71.942047, -37.240139 ] } },
{ "type": "Feature", "properties": { "capa": "colegios", "popup": "<strong>ESCUELA LUIS MARTÍNEZ GONZÁLEZ</strong><br><br><strong>Dirección:</strong> INDEPENDENCIA 444", "etiqueta": "" }, "geometry": { "type": "Point", "coordinates": [ -71.941139, -37.2397 ] } },
{ "type": "Feature", "properties": { "capa": "colegios", "popup": "<strong>ESCUELA LAS HIJUELAS</strong><br><br><strong>Dirección:</strong> LAS HIJUELAS K/18 0", "etiqueta": "" }, "geometry": { "type": "Point", "coordinates": [ -71.856697, -37.2131 ] } },
{ "type": "Feature", "properties": { "capa": "jardines", "popup": "<strong>MIS PRIMEROS PASOS</strong><br><br><strong>Dirección:</strong> LAS PALMERAS #10, VILLA LAS PALMAS, HUEPIL ", "etiqueta": "" }, "geometry": { "type": "MultiPoint", "coordinates": [ [ -71.947116, -37.290971 ] ] } },
{ "type": "Feature", "properties": { "capa": "jardines", "popup": "<strong>RINCONCITO DE AMOR</strong><br><br><strong>Dirección:</strong> ANIBAL PINTO S/N, POLCURA ", "etiqueta": "" }, "geometry": { "type": "MultiPoint", "coordinates": [ [ -71.955753, -37.29427 ] ] } },
{ "type": "Feature", "properties": { "capa": "jardines", "popup": "<strong>PEQUEÑOS GENIOS</strong><br><br><strong>Dirección:</strong> INDEPENDENCIA # 640 ", "etiqueta": "" }, "geometry": { "type": "MultiPoint", "coordinates": [ [ -71.952924, -37.300433 ] ] } },
{ "type": "Feature", "properties": { "capa": "jardines", "popup": "<strong>LOS CIPRECES</strong><br><br><strong>Dirección:</strong> LOS MAITENES S/N TUCAPEL ", "etiqueta": "" }, "geometry": { "type": "MultiPoint", "coordinates": [ [ -71.953382, -37.289484 ] ] } },
{ "type": "Feature", "properties": { "capa": "jardines", "popup": "<strong>LA ESPERANZA</strong><br><br><strong>Dirección:</strong> JOSE DONOSO 803,TUCAPEL ", "etiqueta": "" }, "geometry": { "type": "MultiPoint", "coordinates": [ [ -71.955833, -37.274175 ] ] } },
{ "type": "Feature", "properties": { "capa": "jardines", "popup": "<strong>RAYITOS DE SOL</strong><br><br><strong>Dirección:</strong> LOS PEUMOS N 15 SECTOR TRUPAN ", "etiqueta": "" }, "geometry": { "type": "MultiPoint", "coordinates": [ [ -71.826536, -37.27944 ] ] } },
{ "type": "Feature", "properties": { "capa": "jardines", "popup": "<strong>HUEPIL (LA HERENCIA)</strong><br><br><strong>Dirección:</strong> ARTURO PRAT ", "etiqueta": "" }, "geometry": { "type": "MultiPoint", "coordinates": [ [ -71.940794, -37.241989 ] ] } },
{ "type": "Feature", "properties": { "capa": "jardines", "popup": "<strong>NA</strong><br><br><strong>Dirección:</strong> NA ", "etiqueta": "" }, "geometry": { "type": "MultiPoint", "coordinates": [ [ -71.950727999847302, -37.294248000261362 ] ] } },
{ "type": "Feature", "properties": { "capa": "jardines", "popup": "<strong>NA</strong><br><br><strong>Dirección:</strong> NA ", "etiqueta": "" }, "geometry": { "type": "MultiPoint", "coordinates": [ [ -71.936636999559056, -37.237299000305086 ] ] } },
{ "type": "Feature", "properties": { "capa": "jardines", "popup": "<strong>NA</strong><br><br><strong>Dirección:</strong> NA ", "etiqueta": "" }, "geometry": { "type": "MultiPoint", "coordinates": [ [ -71.724415000453249, -37.287936000379148 ] ] } },
{ "type": "Feature", "properties": { "capa": "jardines", "popup": "<strong>NA</strong><br><br><strong>Dirección:</strong> NA ", "etiqueta": "" }, "geometry": { "type": "MultiPoint", "coordinates": [ [ -71.835605000373548, -37.276203999750187 ] ] } },
{ "type": "Feature", "properties": { "capa": "jardines", "popup": "<strong>NA</strong><br><br><strong>Dirección:</strong> NA ", "etiqueta": "" }, "geometry": { "type": "MultiPoint", "coordinates": [ [ -71.945167000146384, -37.238113999587164 ] ] } },
{ "type": "Feature", "properties": { "capa": "bomberos", "popup": "<strong>Cuerpo de Bomberos</strong><br><br><strong>Dirección:</strong> Independencia 568", "etiqueta": "" }, "geometry": { "type": "Point", "coordinates": [ -71.942901333933804, -37.239396885344576 ] } },
{ "type": "Feature", "properties": { "capa": "comisarias", "popup": "<strong>RETEN POLCURA</strong><br><br><strong>Dirección:</strong> ANIBAL PINTO 498", "etiqueta": "" }, "geometry": { "type": "Point", "coordinates": [ -71.724816750731165, -37.286615304817438 ] } },
{ "type": "Feature", "properties": { "capa": "comisarias", "popup": "<strong>RETEN TRUPAN</strong><br><br><strong>Dirección:</strong> ALEJANDRO PEREZ 423", "etiqueta": "" }, "geometry": { "type": "Point", "coordinates": [ -71.833821671839203, -37.276371230739343 ] } },
{ "type": "Feature", "properties": { "capa": "comisarias", "popup": "<strong>RETEN TUCAPEL</strong><br><br><strong>Dirección:</strong> LAUTARO 378", "etiqueta": "" }, "geometry": { "type": "Point", "coordinates": [ -71.951520392685481, -37.293094286995306 ] } },
{ "type": "Feature", "properties": { "capa": "comisarias", "popup": "<strong>TCIA. HUEPIL</strong><br><br><strong>Dirección:</strong> SAN FRANCISCO 71", "etiqueta": "" }, "geometry": { "type": "Point", "coordinates": [ -71.94468943034137, -37.24359333443897 ] } },
{ "type": "Feature", "properties": { "capa": "salud", "popup": "<strong>Consultorio Tucapel</strong><br><br><strong>Tipo de atención:</strong> Consultorio General Rural (CGR)<br><strong>Dirección:</strong>  NA", "etiqueta": "" }, "geometry": { "type": "Point", "coordinates": [ -71.948315, -37.293398 ] } },
{ "type": "Feature", "properties": { "capa": "salud", "popup": "<strong>Posta de Salud Rural Polcura</strong><br><br><strong>Tipo de atención:</strong> Posta de Salud Rural (PSR)<br><strong>Dirección:</strong>  NA", "etiqueta": "" }, "geometry": { "type": "Point", "coordinates": [ -71.72706, -37.2863 ] } },
{ "type": "Feature", "properties": { "capa": "salud", "popup": "<strong>Posta de Salud Rural Trupán</strong><br><br><strong>Tipo de atención:</strong> Posta de Salud Rural (PSR)<br><strong>Dirección:</strong>  NA", "etiqueta": "" }, "geometry": { "type": "Point", "coordinates": [ -71.83752, -37.2752 ] } },
{ "type": "Feature", "properties": { "capa": "salud", "popup": "<strong>Hospital Comunitario Dr. Roberto Muñoz Urrutia de Huépil</strong><br><br><strong>Tipo de atención:</strong> Hospital<br><strong>Dirección:</strong>  233", "etiqueta": "" }, "geometry": { "type": "Point", "coordinates": [ -71.9423, -37.24032 ] } },
{ "type": "Feature", "properties": { "capa": "salud", "popup": "<strong>Posta de Salud Rural Rucamanqui</strong><br><br><strong>Tipo de atención:</strong> Posta de Salud Rural (PSR)<br><strong>Dirección:</strong>  NA", "etiqueta": "" }, "geometry": { "type": "Point", "coordinates": [ -71.903405, -37.205425 ] } },
{ "type": "Feature", "properties": { "capa": "salud", "popup": "<strong>SUR Tucapel</strong><br><br><strong>Tipo de atención:</strong> Servicio de Urgencia Rural (SUR)<br><strong>Dirección:</strong>  430", "etiqueta": "" }, "geometry": { "type": "Point", "coordinates": [ -71.948428, -37.293458 ] } },
{ "type": "Feature", "properties": { "capa": "municipios", "popup": "<strong>Municipalidad de Tucapel</strong><br><br><strong>Dirección:</strong> Diego Portales Nº 258<br><strong>Región:</strong> Biobío", "etiqueta": "" }, "geometry": { "type": "Point", "coordinates": [ -71.940369549999943, -37.240426400999986 ] } }
]
}
