{
"type": "FeatureCollection",
"name": "9115",
"crs": { "type": "name", "properties": { "name": "urn:ogc:def:crs:OGC:1.3:CRS84" } },
"features": [
{ "type": "Feature", "properties": { "capa": "comuna", "popup": "", "etiqueta": "" }, "geometry": { "type": "Polygon", "coordinates": [ [ [ -71.551101459774927, -39.066675490252955 ], [ -71.549754421633338, -39.067479847592374 ], [ -71.548774098248643, -39.067857179237706 ], [ -71.548016667547159, -39.068053900202059 ], [ -71.546443444396814, -39.068201649974462 ], [ -71.545578655137419, -39.068282907579459 ], [ -71.544324925902714, -39.06861436331863 ], [ -71.543609896580961, -39.068803339163956 ], [ -71.543457018590956, -39.06880667572986 ], [ -71.542693286207765, -39.068823341818373 ], [ -71.541407399082516, -39.069211706039269 ], [ -71.540899472756237, -39.069404932557404 ], [ -71.540577880376119, -39.06952715336454 ], [ -71.539071512544155, -39.07015463056625 ], [ -71.538809579078674, -39.07016638852695 ], [ -71.5385783850639, -39.070187883293201 ], [ -71.538386838194171, -39.070142680113008 ], [ -71.538341646647183, -39.0700837347431 ], [ -71.538299893851089, -39.070046782098693 ], [ -71.534815773530056, -39.067818787280601 ], [ -71.534267356540667, -39.067468035479976 ], [ -71.534175310665091, -39.067409221090529 ], [ -71.533977417197889, -39.067485336569312 ], [ -71.53379369824755, -39.067555460129896 ], [ -71.533469851096058, -39.06769682645524 ], [ -71.532745177461422, -39.068114446518976 ], [ -71.532046068083119, -39.068368176806246 ], [ -71.530946762839008, -39.068884409859251 ], [ -71.529938532391682, -39.069334741090515 ], [ -71.52876887378946, -39.069849012171041 ], [ -71.52777093983191, -39.070450623153775 ], [ -71.527010392874715, -39.07088086839947 ], [ -71.526240949901251, -39.07148932130594 ], [ -71.525016200317623, -39.072406692400172 ], [ -71.52407852714596, -39.073215909458497 ], [ -71.52306902019258, -39.074050513428112 ], [ -71.522549096865703, -39.074597742064753 ], [ -71.522079276175475, -39.075201379599754 ], [ -71.521322438362105, -39.076269998186696 ], [ -71.520980394936188, -39.077495036728443 ], [ -71.520837430753673, -39.07968682308347 ], [ -71.520744330255937, -39.080864406632969 ], [ -71.521177380206652, -39.082085224072962 ], [ -71.521818776421185, -39.083367142836131 ], [ -71.522697036816581, -39.084848222683505 ], [ -71.523464097457918, -39.085722073287045 ], [ -71.52400005661093, -39.087000800829401 ], [ -71.524107206759709, -39.088404024209375 ], [ -71.524246771717202, -39.089149311118483 ], [ -71.524127333513647, -39.09086151915276 ], [ -71.524099262059337, -39.092150837597025 ], [ -71.52393437539061, -39.09335374106854 ], [ -71.5235897205622, -39.094633604708491 ], [ -71.521446242377934, -39.095955875859339 ], [ -71.520990482118521, -39.096628507147265 ], [ -71.520642980528962, -39.09796326108814 ], [ -71.52054977403003, -39.099140844179843 ], [ -71.520709583420739, -39.100188739686885 ], [ -71.52087347565444, -39.101154400988072 ], [ -71.52232743038283, -39.102391938094705 ], [ -71.523062386134228, -39.103209947438692 ], [ -71.524008347162692, -39.104034304095308 ], [ -71.524530769602706, -39.10487336590505 ], [ -71.524813696696384, -39.105568086214475 ], [ -71.525797578307944, -39.106338688515976 ], [ -71.526849063534513, -39.107166120275245 ], [ -71.527676163077871, -39.108261379038233 ], [ -71.528806986612025, -39.10962643748627 ], [ -71.529247221288372, -39.110710151472432 ], [ -71.529528973385666, -39.112145959656949 ], [ -71.528873182567011, -39.114020518955513 ], [ -71.5278300903001, -39.115169859659773 ], [ -71.526472966772843, -39.116254854469304 ], [ -71.525489236976554, -39.116911716259473 ], [ -71.524665871729852, -39.117889098496548 ], [ -71.524985437510708, -39.118557486557897 ], [ -71.525962749742604, -39.119465059122774 ], [ -71.526524580375806, -39.120222954900143 ], [ -71.527204234939973, -39.121451084675087 ], [ -71.527467002940369, -39.122556957004058 ], [ -71.5275957728431, -39.123521594740481 ], [ -71.527785359588847, -39.123966435451663 ], [ -71.530364897978345, -39.125978588966014 ], [ -71.532090933541681, -39.126716328785363 ], [ -71.53368010807651, -39.127367567607493 ], [ -71.535280320211257, -39.128513182629185 ], [ -71.535839651731322, -39.129325921680305 ], [ -71.536129660244384, -39.130597238485016 ], [ -71.535984065794707, -39.132130154684248 ], [ -71.53565492037967, -39.133808622165354 ], [ -71.535450796197651, -39.134378998672865 ], [ -71.534958478997765, -39.135791777408407 ], [ -71.534731354351223, -39.136828137109802 ], [ -71.534807710252068, -39.138148018324692 ], [ -71.535330439915882, -39.138987091282885 ], [ -71.537131209920958, -39.139644595309761 ], [ -71.538778304232054, -39.140558275466923 ], [ -71.540431621173127, -39.141348615830694 ], [ -71.542372294800543, -39.142751363508772 ], [ -71.543359775961449, -39.144180724247363 ], [ -71.543847854011517, -39.145732428944541 ], [ -71.543998663181398, -39.146972146087123 ], [ -71.543630837208553, -39.148004361194559 ], [ -71.543416820778617, -39.149494050610095 ], [ -71.542823022697718, -39.150821617149333 ], [ -71.542468904117769, -39.152293402394378 ], [ -71.543035448211285, -39.153682722970927 ], [ -71.544116664978816, -39.155361847591116 ], [ -71.545072572154112, -39.156721616774377 ], [ -71.54556312685942, -39.157504807210259 ], [ -71.545972510693943, -39.158505129986267 ], [ -71.54639267790516, -39.159286313318304 ], [ -71.54670179627928, -39.160173911548021 ], [ -71.547212396890146, -39.160739008549996 ], [ -71.546671823091501, -39.161140441175078 ], [ -71.545674163120111, -39.162071740079149 ], [ -71.54513162380762, -39.163071244992821 ], [ -71.544821687068321, -39.163638559376658 ], [ -71.544289482873168, -39.163705097827886 ], [ -71.543292820930063, -39.163895066250333 ], [ -71.542281418531459, -39.164386617418174 ], [ -71.542387352361345, -39.165103451519208 ], [ -71.542149189216588, -39.165645427420408 ], [ -71.54186908552785, -39.166323380351919 ], [ -71.541446839615077, -39.167024508794114 ], [ -71.540514105380822, -39.168067415733049 ], [ -71.539658222019156, -39.168261589432582 ], [ -71.538615576214966, -39.168669801600394 ], [ -71.536832956670224, -39.169783455404783 ], [ -71.536363097352435, -39.170016503920408 ], [ -71.535126799027495, -39.170775781236991 ], [ -71.5340340065692, -39.171484393669843 ], [ -71.533210596406747, -39.17173434782665 ], [ -71.532287193871696, -39.17258524456313 ], [ -71.531535685762876, -39.173523691673665 ], [ -71.531218943386946, -39.174227951774171 ], [ -71.531144641933167, -39.175021854893238 ], [ -71.531079213139449, -39.176351234322361 ], [ -71.530762548916954, -39.177769177406951 ], [ -71.530296776933724, -39.178633728387169 ], [ -71.529920381033051, -39.179116614904594 ], [ -71.529554703830328, -39.179380216133318 ], [ -71.528934357837841, -39.179800940439797 ], [ -71.528457656950849, -39.180171087005057 ], [ -71.527199445122889, -39.181368785983402 ], [ -71.526774285075319, -39.182124687505627 ], [ -71.52642353607601, -39.182800520052709 ], [ -71.526052459100129, -39.183173752890788 ], [ -71.525820869826632, -39.183578573818124 ], [ -71.525372493718862, -39.18408677107638 ], [ -71.524540756173707, -39.184501134384938 ], [ -71.523584429485183, -39.184582382570611 ], [ -71.522274592376135, -39.184680432989431 ], [ -71.521262643801848, -39.184458056501128 ], [ -71.519979783100794, -39.184007943363127 ], [ -71.518992334279233, -39.183292152152362 ], [ -71.518343400301148, -39.182147314471614 ], [ -71.517576771749461, -39.181245988245706 ], [ -71.516874284705693, -39.180470065917333 ], [ -71.516407026010654, -39.179934529845141 ], [ -71.515201489594318, -39.179349400604835 ], [ -71.513847025080281, -39.178924529597928 ], [ -71.512227098518323, -39.178876015344869 ], [ -71.511028391993079, -39.17886754977178 ], [ -71.510145249254123, -39.17889596309174 ], [ -71.509486871287436, -39.179370322409405 ], [ -71.509100840955341, -39.180045020634118 ], [ -71.508385552020471, -39.18095685739204 ], [ -71.508153866627239, -39.18136164582485 ], [ -71.50795200619973, -39.181877236664029 ], [ -71.50775143844794, -39.182365268983958 ], [ -71.507263715232426, -39.1829545447359 ], [ -71.506641897799483, -39.183402565247945 ], [ -71.505046098189425, -39.183574255320927 ], [ -71.504250954415681, -39.183962150290263 ], [ -71.503881050639563, -39.184307833428747 ], [ -71.503447422173821, -39.185228123567825 ], [ -71.503406623388571, -39.186050443107099 ], [ -71.50353652966011, -39.186987622217025 ], [ -71.503760294607488, -39.188874783974576 ], [ -71.504223615088321, -39.189492600785897 ], [ -71.505171784175772, -39.190289661649317 ], [ -71.506008759797339, -39.191906932186463 ], [ -71.506246993010677, -39.192792474952867 ], [ -71.506428467071117, -39.193401807424102 ], [ -71.50640129123714, -39.193950019725008 ], [ -71.506376810349025, -39.194443337310155 ], [ -71.505861965198449, -39.194867132184477 ], [ -71.505287457539964, -39.195069466448317 ], [ -71.504504386225321, -39.195210672415612 ], [ -71.50351535547054, -39.195235852977177 ], [ -71.502951738088257, -39.195218891657106 ], [ -71.502171359922826, -39.195305260469198 ], [ -71.501800087114233, -39.195678348234416 ], [ -71.50177837663044, -39.196116990117098 ], [ -71.50216838649925, -39.196787535023489 ], [ -71.502845626391945, -39.19735691861267 ], [ -71.503668627820957, -39.197834525572887 ], [ -71.504179345212819, -39.198206733881811 ], [ -71.504582985219429, -39.19860316305175 ], [ -71.505053083489074, -39.199083922077222 ], [ -71.505848341348852, -39.199409777574232 ], [ -71.506936226310756, -39.199524816321599 ], [ -71.508199697774714, -39.199658793585698 ], [ -71.508691497544987, -39.199700968994954 ], [ -71.509149561084783, -39.199714716513313 ], [ -71.50977948491483, -39.199815978723528 ], [ -71.510717079034748, -39.200118583819425 ], [ -71.511539421100352, -39.200609875491921 ], [ -71.512040720554751, -39.2011739207868 ], [ -71.512723562341563, -39.201633598773157 ], [ -71.513398239340759, -39.202257737664389 ], [ -71.514152954435119, -39.202692090062612 ], [ -71.51479650750467, -39.20323290329258 ], [ -71.515228690581125, -39.203767429992126 ], [ -71.515515966419102, -39.204379922252585 ], [ -71.515530867673021, -39.204792090842716 ], [ -71.515616232777845, -39.205206427431875 ], [ -71.515651422482478, -39.20592119633109 ], [ -71.515795094537438, -39.206584320730116 ], [ -71.515971957545531, -39.207289533849533 ], [ -71.516123709048159, -39.207788194750663 ], [ -71.516340454559909, -39.208398667478846 ], [ -71.516341812812627, -39.209084940838906 ], [ -71.516149407153478, -39.209408595664947 ], [ -71.515921670754224, -39.209731170124954 ], [ -71.51552333979096, -39.209938899786692 ], [ -71.514802422012494, -39.210246663499056 ], [ -71.514326742510008, -39.210589276570801 ], [ -71.513918832810845, -39.210988804215049 ], [ -71.513704678040369, -39.211751024459566 ], [ -71.513471537376375, -39.212183235648631 ], [ -71.513586594496275, -39.213421912412457 ], [ -71.513829195318536, -39.214225270689575 ], [ -71.51451751413363, -39.215288975909054 ], [ -71.515096157635696, -39.216431803040933 ], [ -71.51568759224908, -39.218027949149409 ], [ -71.515633289988457, -39.219124298296869 ], [ -71.516068337792362, -39.22031767756787 ], [ -71.516408448942073, -39.22128867015293 ], [ -71.517048695313065, -39.224752906708545 ], [ -71.51735915846514, -39.226326848659397 ], [ -71.517936551512321, -39.227496992798464 ], [ -71.518803977327082, -39.228511184699279 ], [ -71.519961533825793, -39.229369340661094 ], [ -71.521395567514432, -39.2296318063147 ], [ -71.522897508448665, -39.229951161420971 ], [ -71.524323512096984, -39.230378124547869 ], [ -71.525717065902285, -39.230749166727179 ], [ -71.528520947754203, -39.231148537205669 ], [ -71.530002493338216, -39.231165278315153 ], [ -71.531039450111706, -39.230894239407753 ], [ -71.531900085561247, -39.230617949333563 ], [ -71.532867926855104, -39.230317400359581 ], [ -71.533663508108376, -39.229929297886351 ], [ -71.53438720796926, -39.229566520174799 ], [ -71.534824991143168, -39.229277641741604 ], [ -71.535055370386004, -39.228900139090875 ], [ -71.535872792378797, -39.228787275701968 ], [ -71.536432618870592, -39.2288863005613 ], [ -71.537268944111901, -39.229103286888339 ], [ -71.538028154375951, -39.229455311203161 ], [ -71.539108524032187, -39.229734493631263 ], [ -71.540212072917697, -39.230261433607858 ], [ -71.541310844562517, -39.230884264565958 ], [ -71.542136770906097, -39.232034317259725 ], [ -71.543336627274883, -39.232756253470882 ], [ -71.545021936816497, -39.233657312025223 ], [ -71.54606853251299, -39.233908014309634 ], [ -71.547427011598032, -39.234277716491356 ], [ -71.5485550844908, -39.235024858539255 ], [ -71.54923550531791, -39.236266608422319 ], [ -71.550946420438365, -39.236646778729323 ], [ -71.552797149349644, -39.237058471252681 ], [ -71.554567951556834, -39.23765993945846 ], [ -71.556027164124558, -39.238856064920142 ], [ -71.557376740006845, -39.240131261118869 ], [ -71.558999010273368, -39.241606652874665 ], [ -71.5604353229879, -39.24255502380182 ], [ -71.562154596932075, -39.242770483888741 ], [ -71.564291647670487, -39.242380754815237 ], [ -71.565721765602802, -39.242011221258529 ], [ -71.566693527144565, -39.241628089070112 ], [ -71.567310234061836, -39.24128945958909 ], [ -71.568100435304885, -39.24101083867685 ], [ -71.569028973508409, -39.240791154217263 ], [ -71.569886911317155, -39.240569331053642 ], [ -71.570993053638887, -39.240327406431653 ], [ -71.571952898130064, -39.240190994420765 ], [ -71.572813562325678, -39.239914401427846 ], [ -71.573560442314147, -39.239799142197839 ], [ -71.574409143645127, -39.239769229814797 ], [ -71.577111964129273, -39.24008212399557 ], [ -71.57804635485688, -39.24046646269769 ], [ -71.579018743422694, -39.240797034612271 ], [ -71.580382792960819, -39.241056775453153 ], [ -71.581634647411533, -39.241450430254098 ], [ -71.584167314404453, -39.241634604597998 ], [ -71.585580017596669, -39.241621165842723 ], [ -71.586303644693999, -39.241258068707936 ], [ -71.587198143934799, -39.241009843771636 ], [ -71.587900486349795, -39.241085302770252 ], [ -71.589375137363987, -39.2419795433646 ], [ -71.589983012943719, -39.242546403798329 ], [ -71.592222063789393, -39.243696295952077 ], [ -71.592387694263152, -39.24392073135494 ], [ -71.593694094417913, -39.244645225799403 ], [ -71.595850541579935, -39.245312299837948 ], [ -71.597238109910521, -39.245819514103466 ], [ -71.598849167405689, -39.246086217571843 ], [ -71.599566252072819, -39.245860161183963 ], [ -71.600704255841038, -39.245687502586541 ], [ -71.601871627332528, -39.245639271667876 ], [ -71.603227102451257, -39.245349472912253 ], [ -71.604446898724404, -39.244945865062874 ], [ -71.606122319611373, -39.24461042191362 ], [ -71.607040197507445, -39.24460979299883 ], [ -71.60790827639741, -39.244909614967547 ], [ -71.608515059625745, -39.245503782040743 ], [ -71.609260335223127, -39.246156834694531 ], [ -71.60979663932919, -39.246748957030803 ], [ -71.611054832292552, -39.247746370741275 ], [ -71.612516638296526, -39.248914406710334 ], [ -71.613922878110273, -39.249037669816147 ], [ -71.61459007304147, -39.249112059300728 ], [ -71.615760189784467, -39.249008790947435 ], [ -71.6179245897317, -39.248783517554408 ], [ -71.618786605891827, -39.248479174330903 ], [ -71.619477571143747, -39.248060074575676 ], [ -71.620086137527935, -39.247885560477506 ], [ -71.62043470092614, -39.247978084489574 ], [ -71.620484140606123, -39.248418678682128 ], [ -71.620350654548162, -39.24899129026231 ], [ -71.619607419923128, -39.249765749659574 ], [ -71.619392566263357, -39.25129674339113 ], [ -71.619159243241342, -39.253211482150462 ], [ -71.618948023266896, -39.255401447473339 ], [ -71.619354720240437, -39.257225025948031 ], [ -71.619500907578185, -39.257857098852178 ], [ -71.619559384309937, -39.258109442441778 ], [ -71.620212172060604, -39.258485234031284 ], [ -71.62124131169449, -39.258377924334347 ], [ -71.621885218700257, -39.258204450051004 ], [ -71.622347524983127, -39.258135508858857 ], [ -71.623298849852162, -39.258176874973408 ], [ -71.624043146285871, -39.2588573044425 ], [ -71.625135985456552, -39.259630164998619 ], [ -71.626299271410147, -39.260405041071749 ], [ -71.627117995061781, -39.261005246292974 ], [ -71.628272169403445, -39.261972045879993 ], [ -71.628830908035425, -39.262839220328885 ], [ -71.630043373157562, -39.263327259017679 ], [ -71.630948384483816, -39.263600534577975 ], [ -71.631721701891081, -39.263677884712898 ], [ -71.632711682165123, -39.26365158110012 ], [ -71.633605026172461, -39.263430405433319 ], [ -71.634358670474995, -39.263177698462371 ], [ -71.634828978052113, -39.262944242585526 ], [ -71.635382790323106, -39.262438704596619 ], [ -71.635880598025992, -39.261629630770074 ], [ -71.636623856905558, -39.260854994979731 ], [ -71.637167255007441, -39.260568729867664 ], [ -71.637855526211837, -39.260204268787831 ], [ -71.638666568369459, -39.260227727514845 ], [ -71.639404499341069, -39.260303985190376 ], [ -71.63974132894505, -39.260643066777604 ], [ -71.640127837180898, -39.261422873433773 ], [ -71.640362752915891, -39.262417929947134 ], [ -71.640785707599434, -39.263912489912009 ], [ -71.641509206237686, -39.265031438096109 ], [ -71.6424154671205, -39.266018407693679 ], [ -71.642621791276625, -39.266875285556367 ], [ -71.643783374024437, -39.268432321568334 ], [ -71.644291494386792, -39.268886170690344 ], [ -71.644624460336757, -39.269307540421309 ], [ -71.64519266631352, -39.269982755153102 ], [ -71.645784259030407, -39.270905702964377 ], [ -71.645933063160598, -39.271486534537786 ], [ -71.646033658302741, -39.272340421967286 ], [ -71.64580893305633, -39.272608413320746 ], [ -71.644975498593595, -39.273051056520544 ], [ -71.644027143554879, -39.273682506882309 ], [ -71.643037507335606, -39.274436290314497 ], [ -71.642439184440619, -39.2751327675346 ], [ -71.641847219821216, -39.276433311525501 ], [ -71.641184702417718, -39.277731837738649 ], [ -71.641235648572405, -39.278145078952377 ], [ -71.641063086697912, -39.278798967970324 ], [ -71.640886581219306, -39.279535013463793 ], [ -71.640390063497165, -39.280316772449865 ], [ -71.639603503125969, -39.281254777985502 ], [ -71.638711206554262, -39.281448597789428 ], [ -71.637460205503061, -39.281755562531878 ], [ -71.635842792427255, -39.282340190349395 ], [ -71.634721726393721, -39.282884185609923 ], [ -71.634146825273135, -39.283087167314854 ], [ -71.633349806715387, -39.283503295180111 ], [ -71.632090225854924, -39.283988480332347 ], [ -71.63104359512414, -39.284452305081444 ], [ -71.629970649145434, -39.285464325246373 ], [ -71.628942196722733, -39.286285511856732 ], [ -71.627595340040813, -39.287852268226537 ], [ -71.626924550051868, -39.289315184735408 ], [ -71.626253733113458, -39.290778099189083 ], [ -71.626142075218581, -39.292366989844332 ], [ -71.626244767028609, -39.293907203885922 ], [ -71.626408973672639, -39.29490019110748 ], [ -71.626943002346124, -39.296288228257545 ], [ -71.627400676915371, -39.297056428430906 ], [ -71.627802695462918, -39.298248472791151 ], [ -71.628386420734529, -39.299335966556001 ], [ -71.628476450790629, -39.299668033529642 ], [ -71.628663160232534, -39.300194965887435 ], [ -71.628822120715313, -39.301297588324893 ], [ -71.629016463142193, -39.302401255550599 ], [ -71.629350407357506, -39.304277570984944 ], [ -71.629392596734817, -39.304869023689115 ], [ -71.629627539419289, -39.305864020647888 ], [ -71.630068884413319, -39.306974795385216 ], [ -71.630227893405134, -39.308077561247472 ], [ -71.630175298841863, -39.309174040279395 ], [ -71.629986770311504, -39.310156763977275 ], [ -71.629345733423079, -39.311730312559284 ], [ -71.628872306895303, -39.31275969498401 ], [ -71.627988455385577, -39.313502698597894 ], [ -71.626832909316477, -39.31401832318889 ], [ -71.625227476173308, -39.315069703545632 ], [ -71.624223542367972, -39.315369995547108 ], [ -71.62285621128413, -39.315879288179637 ], [ -71.621496778188259, -39.316224103426016 ], [ -71.619857550424101, -39.316505905169727 ], [ -71.619152643318955, -39.316543326818042 ], [ -71.617730148490153, -39.316910035672684 ], [ -71.617270322455767, -39.317101786507315 ], [ -71.616587280344646, -39.317570515275257 ], [ -71.616357408649975, -39.317666313753122 ], [ -71.616027657770417, -39.318217869665702 ], [ -71.616054767129057, -39.318942656595119 ], [ -71.616534781901137, -39.319294596770938 ], [ -71.616898320215157, -39.319649227440834 ], [ -71.617168739166814, -39.320640647223371 ], [ -71.616839077220476, -39.321192203313039 ], [ -71.616752803020589, -39.322010243239973 ], [ -71.616316583813571, -39.322836152667477 ], [ -71.616223645910907, -39.323473084574424 ], [ -71.616257329140794, -39.324379127731923 ], [ -71.616401038925005, -39.325101365848965 ], [ -71.61643144510073, -39.325916853570277 ], [ -71.616345258037427, -39.326734889661658 ], [ -71.61556232416504, -39.327659370839775 ], [ -71.614995955243018, -39.328125468255905 ], [ -71.615002707879015, -39.328306646454905 ], [ -71.615246125269863, -39.328573280573551 ], [ -71.615481566519307, -39.328913968980892 ], [ -71.615688190712746, -39.328976113533734 ], [ -71.615887514297881, -39.329036133832041 ], [ -71.6165774967929, -39.329020615431368 ], [ -71.616850770590517, -39.328739704892619 ], [ -71.616873191641716, -39.328716616542977 ], [ -71.616853111600165, -39.328606292385828 ], [ -71.616776404458051, -39.328182773027564 ], [ -71.616790027409323, -39.327602755653359 ], [ -71.616793313446635, -39.327461573612638 ], [ -71.617247897811325, -39.32730831911644 ], [ -71.617428603812201, -39.327154657083149 ], [ -71.618252392165417, -39.327244384455618 ], [ -71.618353054681194, -39.327255403196382 ], [ -71.618397206877418, -39.327254483172922 ], [ -71.618889777402202, -39.327243320591478 ], [ -71.61926944406882, -39.327623779888 ], [ -71.619527391709397, -39.327882181640987 ], [ -71.619781880836143, -39.32853402187331 ], [ -71.619920032743678, -39.328790618474095 ], [ -71.620193992854198, -39.329299508353806 ], [ -71.620371991332803, -39.32994864211701 ], [ -71.620854113552525, -39.330532399168249 ], [ -71.621480843871737, -39.330878649304346 ], [ -71.622177400237987, -39.33103859705345 ], [ -71.622429743289501, -39.331632028272189 ], [ -71.622446409732973, -39.331732096027459 ], [ -71.622528768176537, -39.332224414985355 ], [ -71.622712457482464, -39.332397101461844 ], [ -71.623085552074471, -39.332747880280664 ], [ -71.623561246848354, -39.333156049057749 ], [ -71.62420340932583, -39.333916404449774 ], [ -71.624790834758102, -39.334503746945366 ], [ -71.625172246851321, -39.334852706614669 ], [ -71.625177987085976, -39.335186380963705 ], [ -71.625180240060715, -39.335317696511353 ], [ -71.625611589500593, -39.335789515254092 ], [ -71.625660347359272, -39.335842953456265 ], [ -71.625671690386355, -39.335897162841022 ], [ -71.625822252519541, -39.336616279126041 ], [ -71.625847134056301, -39.336735128890034 ], [ -71.625878208578598, -39.337567718420146 ], [ -71.625859472416721, -39.337610503609419 ], [ -71.625666079509088, -39.33805000195705 ], [ -71.625756209278194, -39.338403763552087 ], [ -71.626139465612681, -39.338395110873996 ], [ -71.626593563090495, -39.33838493178262 ], [ -71.62667626918207, -39.338382989897227 ], [ -71.626716006158645, -39.338423864662737 ], [ -71.62707520381322, -39.338792950929644 ], [ -71.628017621886215, -39.339366205772734 ], [ -71.628655885675357, -39.340009499759901 ], [ -71.629444590325136, -39.340586215594001 ], [ -71.630395999635823, -39.341398068478263 ], [ -71.631189767190548, -39.342096281984176 ], [ -71.631392903225745, -39.342228661388461 ], [ -71.631897775280038, -39.342557757695097 ], [ -71.632772414566517, -39.343371326568587 ], [ -71.633149287472619, -39.343837484590253 ], [ -71.633577290688052, -39.344366616535929 ], [ -71.633977165855313, -39.344609814531225 ], [ -71.634048561259149, -39.344653216479976 ], [ -71.634612298117389, -39.345356688318603 ], [ -71.635598183870343, -39.346275686688166 ], [ -71.635894996223357, -39.346818557068943 ], [ -71.635682068551574, -39.34717216730548 ], [ -71.63560628936915, -39.347298018195062 ], [ -71.635626327189868, -39.347833582355719 ], [ -71.636106601575051, -39.348358788326372 ], [ -71.636120856940323, -39.348371380644835 ], [ -71.63650344762317, -39.348710164356774 ], [ -71.636516818147868, -39.349065730229036 ], [ -71.636243112260573, -39.349329943472881 ], [ -71.636072504221829, -39.349494623411061 ], [ -71.635689098766989, -39.349503386555497 ], [ -71.635229046357168, -39.349513810632224 ], [ -71.634464238690569, -39.349589734903084 ], [ -71.633931914121192, -39.349723342858162 ], [ -71.633478361022441, -39.349909333242302 ], [ -71.633418969805746, -39.350064185225222 ], [ -71.633408667027766, -39.350091060729689 ], [ -71.633452308082568, -39.350238116910674 ], [ -71.633496278819109, -39.350386348133107 ], [ -71.633794064945889, -39.350494512984781 ], [ -71.633963197052651, -39.350555996498471 ], [ -71.634668940489306, -39.350954405021731 ], [ -71.635439804597553, -39.351380558057919 ], [ -71.635622319805378, -39.351309927520944 ], [ -71.63598131803397, -39.351200388536896 ], [ -71.636557808274276, -39.351085845159368 ], [ -71.637397922609466, -39.351032922228093 ], [ -71.63781866653909, -39.351023454210228 ], [ -71.638283426121006, -39.351024204427375 ], [ -71.638706712282868, -39.351082276768409 ], [ -71.639057435231052, -39.351141921041361 ], [ -71.639337814702586, -39.351259618701711 ], [ -71.639589033063359, -39.351377828809547 ], [ -71.639767885839802, -39.351497829501447 ], [ -71.639962774442381, -39.35166248349136 ], [ -71.640157432177929, -39.351815925642576 ], [ -71.640307126538559, -39.351936513244546 ], [ -71.640397097305836, -39.352013437242292 ], [ -71.640431145251739, -39.35203155820097 ], [ -71.640517861422737, -39.352077634053288 ], [ -71.640660360277934, -39.352153513165739 ], [ -71.641169219953781, -39.352330520345788 ], [ -71.641864082995724, -39.352413410101782 ], [ -71.642208982165926, -39.352454505196029 ], [ -71.642934685269864, -39.352540967983991 ], [ -71.643272285628385, -39.352617871866663 ], [ -71.643824145860222, -39.352825771439996 ], [ -71.644936269165143, -39.353466465221324 ], [ -71.646114096148224, -39.353837682327118 ], [ -71.646325740127466, -39.354060320788243 ], [ -71.646512187261308, -39.354380950322344 ], [ -71.646929229233663, -39.35476135015481 ], [ -71.647097323786255, -39.354890440221332 ], [ -71.647622294746711, -39.355004763423182 ], [ -71.647850916884849, -39.355024871567743 ], [ -71.648127211716769, -39.355018506895014 ], [ -71.648437042454901, -39.355036765995465 ], [ -71.648876040151094, -39.355026767841387 ], [ -71.649477452352343, -39.355013068825976 ], [ -71.650144594282949, -39.355010488365146 ], [ -71.650584353750503, -39.355025706483829 ], [ -71.650864089129968, -39.355107817863285 ], [ -71.651047231361886, -39.355217297237097 ], [ -71.651246140823659, -39.355313869330004 ], [ -71.65139813936301, -39.355461991845736 ], [ -71.651485264267464, -39.355611519223025 ], [ -71.6516707043899, -39.355784191685174 ], [ -71.651840377282426, -39.35596976932186 ], [ -71.652368421379478, -39.356345773456745 ], [ -71.652839704526983, -39.35663605769188 ], [ -71.653558237278361, -39.356825421347907 ], [ -71.654100965237049, -39.356790454398087 ], [ -71.65460028839783, -39.356713891983809 ], [ -71.655792955549401, -39.356159281343366 ], [ -71.656530791299602, -39.355468332861598 ], [ -71.656820011990163, -39.355055600224439 ], [ -71.657064896329871, -39.35448144465132 ], [ -71.657211915507588, -39.353163839626397 ], [ -71.657213901682681, -39.353146007925147 ], [ -71.657304020671987, -39.352900332727458 ], [ -71.65733535390909, -39.352861757308503 ], [ -71.657492010213176, -39.352668656918262 ], [ -71.657743117182847, -39.352437014377777 ], [ -71.657916216249887, -39.352281545262137 ], [ -71.658076232253137, -39.352214715282265 ], [ -71.658318308459286, -39.352158627757809 ], [ -71.658481194579849, -39.352167525327218 ], [ -71.658741810216824, -39.352174187563051 ], [ -71.658905845282632, -39.352208371192589 ], [ -71.65905545879491, -39.352293363747272 ], [ -71.65923812581805, -39.352390221207685 ], [ -71.659486694148725, -39.352622987119403 ], [ -71.659707009565409, -39.352910347856884 ], [ -71.659784191018005, -39.35326592639327 ], [ -71.659776902087785, -39.353542329627707 ], [ -71.659587064712056, -39.354293904252557 ], [ -71.659607825676588, -39.354683245568374 ], [ -71.659608049357104, -39.354684126332771 ], [ -71.659730700834416, -39.355045454122084 ], [ -71.659749967900638, -39.355102283251085 ], [ -71.659831130686555, -39.355204485962894 ], [ -71.659961400775785, -39.355368221983433 ], [ -71.660088082993781, -39.355527613587306 ], [ -71.660292578180005, -39.355610684313959 ], [ -71.660469843633336, -39.355682644133864 ], [ -71.660589175835682, -39.355730984748689 ], [ -71.66117975255797, -39.355857472450765 ], [ -71.661597180805884, -39.355827624896719 ], [ -71.661631947404018, -39.355816939898524 ], [ -71.662300458367099, -39.355612486800709 ], [ -71.662670109716615, -39.355428600264794 ], [ -71.663002454930691, -39.355193609853288 ], [ -71.663118357365292, -39.355111620130508 ], [ -71.663610211932806, -39.354841611410421 ], [ -71.664227561145509, -39.354567026943563 ], [ -71.664936622060509, -39.354507091079334 ], [ -71.666031353083198, -39.354682296037666 ], [ -71.666261011877154, -39.354677105223324 ], [ -71.666407659152341, -39.354673743314684 ], [ -71.667739545410043, -39.354533531437895 ], [ -71.668950143833001, -39.354406198774626 ], [ -71.669817690022015, -39.354112264103513 ], [ -71.670791791675057, -39.353718607412858 ], [ -71.671383830854651, -39.353479326826914 ], [ -71.671922537055806, -39.353342302259541 ], [ -71.672356408964987, -39.353295506917256 ], [ -71.672464335258169, -39.353283949779907 ], [ -71.673468280741602, -39.353274676561554 ], [ -71.674881503160037, -39.353177015257849 ], [ -71.675137679322887, -39.353159389168717 ], [ -71.675678996926564, -39.353088559683265 ], [ -71.675848974348, -39.353051512544042 ], [ -71.676011028628622, -39.353016123456776 ], [ -71.676670231248735, -39.352746489378582 ], [ -71.677290525138943, -39.352550882443524 ], [ -71.678451618304919, -39.352273669512563 ], [ -71.679200040700735, -39.352150231018648 ], [ -71.679795100914603, -39.352110469444064 ], [ -71.679961883028554, -39.352099394187263 ], [ -71.6800347938903, -39.352094467142244 ], [ -71.680052879671905, -39.352090138872221 ], [ -71.681005681371261, -39.351862569850269 ], [ -71.682813106095963, -39.351430707022573 ], [ -71.683813704456639, -39.35133477974756 ], [ -71.684645821090854, -39.351210556731566 ], [ -71.68547332397776, -39.350965917392443 ], [ -71.686344961992873, -39.350779293523111 ], [ -71.687436535437328, -39.35073355858168 ], [ -71.6876400101374, -39.350725092206382 ], [ -71.68816964065924, -39.350789087363871 ], [ -71.68915346747356, -39.350908114477598 ], [ -71.690165811306599, -39.351118723389568 ], [ -71.690716121944575, -39.351283039981737 ], [ -71.691894075590127, -39.351446924815214 ], [ -71.693147622466839, -39.3513984937114 ], [ -71.693480131174312, -39.35134164211977 ], [ -71.693893344526884, -39.351205724790091 ], [ -71.6942211182145, -39.351023225671852 ], [ -71.695438967838442, -39.350049106346205 ], [ -71.696165073387661, -39.349524749450758 ], [ -71.69625330681319, -39.34946108101537 ], [ -71.696284144180268, -39.349442358508078 ], [ -71.696957327281126, -39.349032582197388 ], [ -71.697316297661914, -39.348813999856709 ], [ -71.697644940918721, -39.348654643647897 ], [ -71.697776844145139, -39.348611879112028 ], [ -71.698388842992031, -39.348413180429183 ], [ -71.698969404397204, -39.348276978839465 ], [ -71.699511040004509, -39.348218504729829 ], [ -71.700138171870663, -39.348203208714402 ], [ -71.701655198213459, -39.348479490263152 ], [ -71.703329589631096, -39.348029662371466 ], [ -71.703541438426242, -39.347908354594516 ], [ -71.704762299202997, -39.347209197416092 ], [ -71.705095652326847, -39.34655170562295 ], [ -71.705062694935705, -39.346195130768571 ], [ -71.70492937057449, -39.345850927343207 ], [ -71.70489749475496, -39.345768717553369 ], [ -71.704516857009509, -39.345648786913287 ], [ -71.703972079095351, -39.345627579835153 ], [ -71.702258644200512, -39.345681794831499 ], [ -71.701792649435092, -39.345532030846989 ], [ -71.701540927119424, -39.345037732601369 ], [ -71.701709562457822, -39.344463485678396 ], [ -71.701955199585754, -39.344321396347524 ], [ -71.702203364572881, -39.344247365697882 ], [ -71.702489922656923, -39.344229933265375 ], [ -71.703372158995776, -39.344176145781049 ], [ -71.703596756681435, -39.344109670690138 ], [ -71.704282288024203, -39.343906649186778 ], [ -71.70485414834755, -39.343546119691446 ], [ -71.705382465532452, -39.343141066276118 ], [ -71.705669821320484, -39.342999106254616 ], [ -71.7063713130309, -39.342744631391454 ], [ -71.707077310690792, -39.342607020264353 ], [ -71.707621293595921, -39.342610668287193 ], [ -71.708209031641914, -39.342662001805273 ], [ -71.70880209759585, -39.342851215757427 ], [ -71.709060432410311, -39.342969403963302 ], [ -71.709739166201345, -39.343279864327272 ], [ -71.709840119771286, -39.343334412527177 ], [ -71.710252012600421, -39.343557359563022 ], [ -71.710719258719038, -39.343739384929428 ], [ -71.7114810902671, -39.343964134155485 ], [ -71.712577859567162, -39.34419604862785 ], [ -71.713289126744499, -39.344197021921296 ], [ -71.714038584897821, -39.344101749557815 ], [ -71.714373368139604, -39.344102571404875 ], [ -71.715234886633056, -39.344247995107771 ], [ -71.715678189056078, -39.344648195818941 ], [ -71.71596436805109, -39.344998928451965 ], [ -71.716547191414165, -39.34549926114029 ], [ -71.716909958075362, -39.345621118437933 ], [ -71.717070205843953, -39.345675013183211 ], [ -71.717656363753349, -39.345682276952317 ], [ -71.718156143258312, -39.345623881951418 ], [ -71.718222931203044, -39.345608372790046 ], [ -71.719151362507077, -39.345392796827618 ], [ -71.719891965068328, -39.345069134650906 ], [ -71.720721063363186, -39.344870776721898 ], [ -71.721575101585259, -39.344732272218053 ], [ -71.721594277023314, -39.344729239817305 ], [ -71.721597422923438, -39.344729462123901 ], [ -71.722601063877988, -39.344796672320463 ], [ -71.72306709906762, -39.344946498320184 ], [ -71.7236212293422, -39.345208502003409 ], [ -71.724171986442883, -39.345383571885854 ], [ -71.724311969116982, -39.345392764871363 ], [ -71.724865119329607, -39.345428810143922 ], [ -71.724885035877776, -39.345430114792649 ], [ -71.725468342534469, -39.345366557947195 ], [ -71.725841818012128, -39.345284300347792 ], [ -71.725980484654343, -39.345215663699662 ], [ -71.726334382248723, -39.345040580197221 ], [ -71.726544205342904, -39.344868430002677 ], [ -71.727195675265065, -39.344333750412517 ], [ -71.72751705923605, -39.343933892479932 ], [ -71.728172332625093, -39.343460741348331 ], [ -71.728716656890043, -39.34338265886624 ], [ -71.729080547343642, -39.343491610561145 ], [ -71.729121417994122, -39.343503861954218 ], [ -71.729612861133248, -39.343688563515407 ], [ -71.730122743990194, -39.343807294963661 ], [ -71.730564494124422, -39.343796998558439 ], [ -71.73131659961291, -39.343648490755079 ], [ -71.73169150251357, -39.343469134268616 ], [ -71.732094463393835, -39.342980484835486 ], [ -71.732190734944524, -39.342219189398818 ], [ -71.732203669786287, -39.342116968388538 ], [ -71.732167615004045, -39.341533096858527 ], [ -71.731912810568659, -39.340986688769704 ], [ -71.731711036379423, -39.340781688586375 ], [ -71.731350620609348, -39.34041517436669 ], [ -71.731073299003029, -39.340229880563086 ], [ -71.73101348557816, -39.340189957276024 ], [ -71.730969844523344, -39.340179763856177 ], [ -71.730894171342101, -39.340162131709647 ], [ -71.730503625179082, -39.340071153681293 ], [ -71.730293868560253, -39.340090617222863 ], [ -71.729559671885255, -39.340158698237843 ], [ -71.728931247343425, -39.340238831757794 ], [ -71.728009544420885, -39.340358534076003 ], [ -71.727546105362435, -39.340353093476523 ], [ -71.727447982383964, -39.340339823025154 ], [ -71.726904428873524, -39.340266074396311 ], [ -71.726826654532843, -39.340255499568386 ], [ -71.726763637715678, -39.34022605455926 ], [ -71.726324087555582, -39.340021009765117 ], [ -71.72622622688516, -39.339975333784736 ], [ -71.726186002123356, -39.339840263488853 ], [ -71.726105145662956, -39.339569466261246 ], [ -71.726135388345327, -39.339384183416357 ], [ -71.726607554536756, -39.339154666586587 ], [ -71.728012311231964, -39.338697375923608 ], [ -71.728170376094397, -39.338634258997317 ], [ -71.729165728293836, -39.338236593121231 ], [ -71.729780619715925, -39.337867848525917 ], [ -71.730637606208759, -39.337353714265497 ], [ -71.730964987332598, -39.337135991669001 ], [ -71.731290054396254, -39.336919873349402 ], [ -71.732369487109622, -39.336481166905486 ], [ -71.732411771708371, -39.3364639368044 ], [ -71.732607954783276, -39.33638419985158 ], [ -71.733189442351531, -39.336278507464733 ], [ -71.733391734868661, -39.33629950963676 ], [ -71.734365592179984, -39.336400307885107 ], [ -71.734908885178982, -39.336382663668601 ], [ -71.734990008439027, -39.336364667883323 ], [ -71.735779843169425, -39.33618919327477 ], [ -71.736438428646949, -39.335913776798009 ], [ -71.737104152137704, -39.335818998956221 ], [ -71.737692828024848, -39.335895327885083 ], [ -71.737799209215751, -39.335952305988641 ], [ -71.738248196177892, -39.336191992595623 ], [ -71.738462775851517, -39.336345094222096 ], [ -71.73869847132417, -39.336513269673326 ], [ -71.738956076706614, -39.336724101916012 ], [ -71.739224655908586, -39.33695792258375 ], [ -71.739460302872232, -39.337115027961389 ], [ -71.73955918402882, -39.337145317748131 ], [ -71.73967229539781, -39.337179849172848 ], [ -71.739820933339672, -39.337189632413398 ], [ -71.739932409774852, -39.337196894980025 ], [ -71.740151649009832, -39.337191804305085 ], [ -71.740400492225007, -39.337178192115076 ], [ -71.74060894628667, -39.337150033243383 ], [ -71.740767454018552, -39.337122977676849 ], [ -71.741033307731954, -39.337031547557103 ], [ -71.741473649307821, -39.336830764940885 ], [ -71.741675342648662, -39.336653983215776 ], [ -71.74217317460608, -39.336217379630398 ], [ -71.743149172602699, -39.335361827517964 ], [ -71.743359982047068, -39.335031987937448 ], [ -71.743392325888863, -39.334738829861244 ], [ -71.743315275590319, -39.334496368760547 ], [ -71.743310391450123, -39.33448083906508 ], [ -71.743308895755163, -39.334479029085124 ], [ -71.743201275787499, -39.334334557099226 ], [ -71.743489935929333, -39.3341438387517 ], [ -71.743829929399752, -39.334135745565895 ], [ -71.744286830519542, -39.33421315746093 ], [ -71.74457875244417, -39.334426488230427 ], [ -71.744585736845508, -39.334602557850616 ], [ -71.744482707268929, -39.334869340969242 ], [ -71.74437622816167, -39.335048013600797 ], [ -71.744271474718076, -39.335270777930873 ], [ -71.7442835301092, -39.335578903918289 ], [ -71.744353984976939, -39.335929562554739 ], [ -71.744367766031701, -39.336281779240601 ], [ -71.744388428181566, -39.336809847692479 ], [ -71.744177192935766, -39.337211358970137 ], [ -71.743909267707323, -39.337614133828808 ], [ -71.743684346628157, -39.337663497845902 ], [ -71.743512570779544, -39.337623491803967 ], [ -71.743220541955395, -39.337410161062714 ], [ -71.742758459353041, -39.337200764921 ], [ -71.742418353593209, -39.337208784799778 ], [ -71.742196873959912, -39.337346182834729 ], [ -71.741815567867874, -39.33775162555682 ], [ -71.741824171931682, -39.337971716114467 ], [ -71.741832871216886, -39.33819180389488 ], [ -71.742124901837656, -39.33840521214956 ], [ -71.742301745082813, -39.338577203181131 ], [ -71.742588613983955, -39.338658556443086 ], [ -71.742657345882975, -39.338965271715551 ], [ -71.74261099191601, -39.339230790392293 ], [ -71.742222888272224, -39.339460160377683 ], [ -71.74149801341494, -39.339785659065775 ], [ -71.741101205096072, -39.339794938242711 ], [ -71.740816147198544, -39.339757596426139 ], [ -71.740716535711627, -39.340112412353399 ], [ -71.740895198045223, -39.340328495792164 ], [ -71.740852271151056, -39.340681902650999 ], [ -71.740683929561769, -39.34072992780694 ], [ -71.740402214295401, -39.340780624233446 ], [ -71.740120592453835, -39.340831317844227 ], [ -71.739735818864801, -39.341148792805932 ], [ -71.739756453166891, -39.341676936346069 ], [ -71.739787402823367, -39.342469113605816 ], [ -71.739691226494102, -39.342912039058774 ], [ -71.739474880732658, -39.343181412353729 ], [ -71.739136461110604, -39.343233368619146 ], [ -71.73861604011708, -39.342981346295083 ], [ -71.738552380106142, -39.342806610811607 ], [ -71.738373815688917, -39.342590596169742 ], [ -71.738310251797714, -39.342415858319931 ], [ -71.738189903600798, -39.342242457393972 ], [ -71.738016498208239, -39.342158496104474 ], [ -71.737683333730601, -39.342342499541779 ], [ -71.737468607631612, -39.342655964613137 ], [ -71.736910305580864, -39.342889322899268 ], [ -71.736456887229409, -39.342899991811457 ], [ -71.73599822451331, -39.342778681383017 ], [ -71.735757729342083, -39.342431869785436 ], [ -71.735355850931739, -39.342309146154058 ], [ -71.735074123987275, -39.342359829624776 ], [ -71.734967609845739, -39.342538494922685 ], [ -71.735089573213543, -39.342755920022867 ], [ -71.735379886255487, -39.342925327084664 ], [ -71.735671918672878, -39.343138752150864 ], [ -71.735797317198333, -39.34344413821632 ], [ -71.735754269929927, -39.343797619635787 ], [ -71.735197765408046, -39.344074987072574 ], [ -71.734357809176359, -39.344359162973767 ], [ -71.733809874582278, -39.344856615124684 ], [ -71.732748278817184, -39.345278017457403 ], [ -71.732248349293585, -39.345554114665383 ], [ -71.731688386257858, -39.345743429855609 ], [ -71.731348235582246, -39.345751418882294 ], [ -71.730951393127413, -39.345760737559736 ], [ -71.730736720927311, -39.346074187995356 ], [ -71.730915369786175, -39.346290286348882 ], [ -71.73103551765881, -39.346463699462554 ], [ -71.731102590369503, -39.346726402566524 ], [ -71.73110944810837, -39.346902476636714 ], [ -71.730726314843068, -39.347263941923238 ], [ -71.730214364064338, -39.347231902445991 ], [ -71.729817605152803, -39.347241142426846 ], [ -71.729422562023458, -39.347294472535218 ], [ -71.72936920389219, -39.347383915640577 ], [ -71.729262764310818, -39.347562573652908 ], [ -71.729328022424653, -39.347781262720225 ], [ -71.729564986318493, -39.348040126264493 ], [ -71.729690367775959, -39.348345520784321 ], [ -71.729700650791017, -39.348609630466839 ], [ -71.729480729734732, -39.34879102650445 ], [ -71.728925872723082, -39.349112383913912 ], [ -71.728596076927772, -39.349384399423343 ], [ -71.728607974215393, -39.349692531275885 ], [ -71.728731640788979, -39.349953907952752 ], [ -71.728855312752472, -39.350215357285201 ], [ -71.728759054676502, -39.35065820169266 ], [ -71.72870921255128, -39.350835605831207 ], [ -71.728774472461723, -39.351054294380731 ], [ -71.729009825676272, -39.351269064458975 ], [ -71.729181624881107, -39.351309017539037 ], [ -71.729363709795933, -39.351613155062509 ], [ -71.729317201318736, -39.351878597906769 ], [ -71.72893079549084, -39.352152017618089 ], [ -71.728377528497234, -39.352517393612217 ], [ -71.727813982081841, -39.352618730428951 ], [ -71.727357071978886, -39.352541329886463 ], [ -71.726618292997642, -39.352514593555938 ], [ -71.726570247502991, -39.352735940056341 ], [ -71.726747193156086, -39.352908100044644 ], [ -71.726977313684117, -39.352990821015958 ], [ -71.727102693344932, -39.353296217516508 ], [ -71.727231500078588, -39.353689650141256 ], [ -71.727135323749309, -39.354132491978625 ], [ -71.72658032031228, -39.354453841493573 ], [ -71.726303768562161, -39.354636559483289 ], [ -71.726075260510086, -39.354597857909312 ], [ -71.725901739234871, -39.354513808660968 ], [ -71.725726505770695, -39.354385739672907 ], [ -71.72538460158367, -39.35434969415806 ], [ -71.724999689654112, -39.354667197316985 ], [ -71.724953255737077, -39.354932563960389 ], [ -71.724963618702191, -39.355196672362524 ], [ -71.724573564815927, -39.355382045957597 ], [ -71.724180179078274, -39.355479304783429 ], [ -71.723891547682541, -39.355353889557499 ], [ -71.723773016777457, -39.355224489859381 ], [ -71.723493033462944, -39.355319164982099 ], [ -71.723108106262018, -39.35563658802392 ], [ -71.723006577770278, -39.355947302599368 ], [ -71.722786711511247, -39.356128685145116 ], [ -71.722391613584662, -39.35618199318948 ], [ -71.721941427371604, -39.356280648423287 ], [ -71.72166476063714, -39.356463358162394 ], [ -71.72178509176608, -39.356636702965737 ], [ -71.722013513579896, -39.356675488844793 ], [ -71.722357040124322, -39.356755491598221 ], [ -71.722759077536466, -39.356878254457492 ], [ -71.72316111674526, -39.35700101710102 ], [ -71.723236628229728, -39.357483820143798 ], [ -71.723306917807449, -39.357834643245482 ], [ -71.723164175508799, -39.358542849941109 ], [ -71.722982105865327, -39.358965632497465 ], [ -71.722777523542504, -39.359543110808559 ], [ -71.722337668853541, -39.359905803276007 ], [ -71.722005899459546, -39.360133862153859 ], [ -71.721792854108443, -39.360491243792445 ], [ -71.721469723812561, -39.360939392611506 ], [ -71.720918152838195, -39.36134875251431 ], [ -71.720306361502153, -39.361671475973125 ], [ -71.719742821374979, -39.361772773814074 ], [ -71.719234277906125, -39.361828725130714 ], [ -71.718782342673194, -39.361883351224925 ], [ -71.718388914714723, -39.361980665591382 ], [ -71.717995392433167, -39.362077981211385 ], [ -71.717778810414799, -39.362347320908874 ], [ -71.717730734377412, -39.362568736963524 ], [ -71.717746096467081, -39.362964831580079 ], [ -71.717359395991792, -39.363238220405847 ], [ -71.717139394087127, -39.363419522208304 ], [ -71.716800860379038, -39.363471489818195 ], [ -71.71634218508656, -39.363350102588925 ], [ -71.716108533281144, -39.363179325433741 ], [ -71.715768294570665, -39.363187271489984 ], [ -71.715776821379336, -39.363407292364528 ], [ -71.715898764984203, -39.363624737264963 ], [ -71.716022511507859, -39.36388619864092 ], [ -71.716044594792493, -39.364458371871869 ], [ -71.715941511317013, -39.364725131316682 ], [ -71.715901768052206, -39.365166571139447 ], [ -71.715944598826638, -39.365334573062128 ], [ -71.715945837603414, -39.36533956306765 ], [ -71.715594052846583, -39.365486521869748 ], [ -71.715586996580029, -39.365490893757951 ], [ -71.716344821641897, -39.366044701783565 ], [ -71.716595863932895, -39.366300827334172 ], [ -71.716845363816532, -39.366519572342263 ], [ -71.717337309113901, -39.366770141628827 ], [ -71.717921320049783, -39.366906233551866 ], [ -71.71821047157006, -39.36689947479821 ], [ -71.718499430850855, -39.366892646595105 ], [ -71.718830939733422, -39.366735229660328 ], [ -71.719166702138864, -39.366689887828052 ], [ -71.720079223380878, -39.36659378774231 ], [ -71.720801999773656, -39.366576805358953 ], [ -71.721619551123837, -39.366520256416344 ], [ -71.722295434560465, -39.366541926629395 ], [ -71.723024023053114, -39.366674533352402 ], [ -71.723462014636198, -39.366776601070299 ], [ -71.7239452588517, -39.366802697874505 ], [ -71.724426953473355, -39.366791413822305 ], [ -71.724908837639532, -39.366780122823386 ], [ -71.72543888228472, -39.366767701194611 ], [ -71.726408185137529, -39.366894719640982 ], [ -71.727276899136413, -39.366911764450919 ], [ -71.727951423422013, -39.366895943328331 ], [ -71.728625945910963, -39.366880117340735 ], [ -71.729202595153097, -39.366829094687887 ], [ -71.729826043028268, -39.366739627860959 ], [ -71.730404152032719, -39.366726129071921 ], [ -71.731179458310052, -39.366820171206271 ], [ -71.731566383364182, -39.366848500079193 ], [ -71.732242266800796, -39.366870037543201 ], [ -71.732924178831283, -39.367041243894597 ], [ -71.733550446518123, -39.367026523562316 ], [ -71.734273124096205, -39.367009459334767 ], [ -71.735477590619055, -39.366981131916091 ], [ -71.736689457463186, -39.367139847678537 ], [ -71.737560998460268, -39.367231582178739 ], [ -71.738190283588153, -39.367291673107168 ], [ -71.738917349436392, -39.367386800651069 ], [ -71.739692671883404, -39.367480784948199 ], [ -71.740225545323412, -39.367543136198755 ], [ -71.741101580591859, -39.367747061297067 ], [ -71.741923513025682, -39.367802590446061 ], [ -71.742503180607159, -39.367826336751783 ], [ -71.74284771506133, -39.36800536751128 ], [ -71.74324919731464, -39.368407624602497 ], [ -71.743607012461993, -39.368923233933295 ], [ -71.743719541722683, -39.369332381759889 ], [ -71.743932693074981, -39.369851403080894 ], [ -71.74435030637585, -39.370665004171236 ], [ -71.744578307778099, -39.371557985749632 ], [ -71.744849987066118, -39.372337612633274 ], [ -71.745107019323413, -39.372743347470895 ], [ -71.745512939254212, -39.373257740793036 ], [ -71.745771539071683, -39.373700853007023 ], [ -71.745772345758809, -39.373704450102665 ], [ -71.745953602426965, -39.374464217130523 ], [ -71.74600231536985, -39.374668671989681 ], [ -71.746024307026346, -39.37522961931861 ], [ -71.745966436657412, -39.375747214948703 ], [ -71.745952899944399, -39.375867605693806 ], [ -71.745885796690985, -39.37661781311018 ], [ -71.745621627318755, -39.37726035098963 ], [ -71.744867008344116, -39.378925225897746 ], [ -71.744561982694449, -39.379755881663336 ], [ -71.744211619072402, -39.380662512474601 ], [ -71.743861386604365, -39.381215935626479 ], [ -71.743802821837733, -39.381308533450898 ], [ -71.743786962979712, -39.381364921827455 ], [ -71.743591185044991, -39.382062150608149 ], [ -71.743396284764316, -39.382454196398363 ], [ -71.743233473203915, -39.382781796499586 ], [ -71.743055348062853, -39.383160310002424 ], [ -71.74278527316595, -39.383653315778226 ], [ -71.742760540749543, -39.384252781647483 ], [ -71.742818862971049, -39.384814274758597 ], [ -71.74277605824777, -39.385022808910271 ], [ -71.742677459162167, -39.385644829198334 ], [ -71.742517572516334, -39.386268295713286 ], [ -71.742532592347885, -39.386649336967736 ], [ -71.742863655666071, -39.387261295064917 ], [ -71.743189218599753, -39.387730285873928 ], [ -71.743587369001688, -39.388483682339384 ], [ -71.743799512444227, -39.389193719332525 ], [ -71.743881429814991, -39.389716205236169 ], [ -71.743905696904051, -39.390335326139265 ], [ -71.743872315508114, -39.391051156530871 ], [ -71.743591530896381, -39.391725225871689 ], [ -71.74265985667418, -39.39303426972814 ], [ -71.742126045393022, -39.393523605510644 ], [ -71.741517876064208, -39.393680971069188 ], [ -71.740658467713345, -39.393701232607953 ], [ -71.739923696116591, -39.393766224858979 ], [ -71.739135182807971, -39.394023177575299 ], [ -71.737327105906388, -39.394923827792169 ], [ -71.736553369884177, -39.39556173689877 ], [ -71.735768359106842, -39.395914006314364 ], [ -71.734974122631542, -39.396027968018309 ], [ -71.732967081470932, -39.396551835559364 ], [ -71.731558941720351, -39.396680277750022 ], [ -71.730571233285687, -39.396560529628132 ], [ -71.730080118929962, -39.396572063637329 ], [ -71.729901524868339, -39.396719280189586 ], [ -71.729981490199975, -39.397194073997809 ], [ -71.730561775822366, -39.397895490195168 ], [ -71.731201704189743, -39.398547901167902 ], [ -71.731610948785416, -39.399587051411899 ], [ -71.731716961667033, -39.400728674194127 ], [ -71.731973659751063, -39.402581873431963 ], [ -71.731919687172152, -39.403560393743327 ], [ -71.732308515756344, -39.404075601126763 ], [ -71.732942839534687, -39.40458503593343 ], [ -71.733510197501815, -39.404953093106037 ], [ -71.734014493736026, -39.405274954910944 ], [ -71.734697110944012, -39.40544952370999 ], [ -71.736127770560444, -39.405892605071429 ], [ -71.736758510959092, -39.40630682868094 ], [ -71.737333448012279, -39.406865311044193 ], [ -71.737785600637494, -39.407426755451901 ], [ -71.738120552762538, -39.408133908718426 ], [ -71.738760683250845, -39.410359378335819 ], [ -71.738931969517651, -39.411594801744286 ], [ -71.738950615848012, -39.412071031588034 ], [ -71.738911593930382, -39.412644043859125 ], [ -71.738492961939997, -39.412939952330213 ], [ -71.737640863180602, -39.413150645514165 ], [ -71.735743134413653, -39.413338418563043 ], [ -71.734213719404792, -39.413517424197629 ], [ -71.732866644432278, -39.413644374922768 ], [ -71.731651581382351, -39.414006653766073 ], [ -71.730501722547316, -39.414462737944312 ], [ -71.730027211752997, -39.414902878423945 ], [ -71.729984363910575, -39.416167108976417 ], [ -71.7300196892608, -39.417072092449196 ], [ -71.730105265469717, -39.417689775523336 ], [ -71.730189081878976, -39.41825989978004 ], [ -71.730272708743726, -39.418830028395476 ], [ -71.730239188108882, -39.41954578358483 ], [ -71.729945250364779, -39.419886407263078 ], [ -71.729470609314745, -39.420326622450794 ], [ -71.728873327567158, -39.420769640504837 ], [ -71.728337359430995, -39.421211364307297 ], [ -71.728119677874702, -39.421931441190686 ], [ -71.72816799555892, -39.423169841197073 ], [ -71.727952073802271, -39.423937624299818 ], [ -71.727795704060753, -39.424656335846912 ], [ -71.727756588718336, -39.425229345982878 ], [ -71.727604026037028, -39.426043315237258 ], [ -71.726976756728618, -39.427297492634473 ], [ -71.726275141949017, -39.428219688945774 ], [ -71.725221688513642, -39.428792574028087 ], [ -71.724445530633432, -39.429382860028262 ], [ -71.723976547173052, -39.429965870068628 ], [ -71.723931831733154, -39.43039598705041 ], [ -71.72375685339054, -39.43063845939183 ], [ -71.723217065617789, -39.430984827361215 ], [ -71.722915529024675, -39.431134841023358 ], [ -71.722379538430616, -39.431576465131862 ], [ -71.721679581042707, -39.432546269169869 ], [ -71.720745134619534, -39.433807606327818 ], [ -71.719851690899191, -39.434543557281309 ], [ -71.719438407478023, -39.434982297123085 ], [ -71.719028822420853, -39.435516222897924 ], [ -71.718623033644079, -39.436145480890033 ], [ -71.718213436010501, -39.436679404687915 ], [ -71.71749485385179, -39.437172950782703 ], [ -71.716111774402691, -39.437967995030569 ], [ -71.715080667458338, -39.438325807181279 ], [ -71.714417923679378, -39.43867500707357 ], [ -71.714199961848735, -39.439395138691488 ], [ -71.71419033011226, -39.440730172048774 ], [ -71.714165903123046, -39.441684229032205 ], [ -71.714197159105041, -39.443280367854079 ], [ -71.714129799831781, -39.444712097720554 ], [ -71.71385603106242, -39.445576554745756 ], [ -71.713153977006627, -39.446498757450605 ], [ -71.711926813649811, -39.448148177729848 ], [ -71.711289838943102, -39.449164126309846 ], [ -71.710440459384074, -39.45104316249364 ], [ -71.710309733849002, -39.4524286191401 ], [ -71.710335608922435, -39.453095455724949 ], [ -71.71041737807117, -39.45361789218191 ], [ -71.710689016036682, -39.4542789228922 ], [ -71.711398149715222, -39.455120517700394 ], [ -71.711530180502436, -39.455355735549901 ], [ -71.711876528655168, -39.455562188112836 ], [ -71.712513052407601, -39.456119424765809 ], [ -71.71290566200085, -39.456729952008338 ], [ -71.71323332789062, -39.457246719543697 ], [ -71.713651861964649, -39.458524077666247 ], [ -71.71362187889541, -39.459335166610082 ], [ -71.713168800107141, -39.461920005936086 ], [ -71.713216917467008, -39.463158338712923 ], [ -71.713423197605707, -39.465298640257615 ], [ -71.71372814600025, -39.466817020145733 ], [ -71.71388067185066, -39.467576171660411 ], [ -71.713912147021588, -39.468385822945997 ], [ -71.713626922037406, -39.469751199151034 ], [ -71.71347597722189, -39.470612784354671 ], [ -71.713324934490032, -39.47147437206489 ], [ -71.713481077856088, -39.47232878727818 ], [ -71.714197846316239, -39.473360805422288 ], [ -71.714972293804152, -39.47429612291338 ], [ -71.715743150725871, -39.475136170688963 ], [ -71.716830505681742, -39.476207257004262 ], [ -71.717778369341985, -39.476852455198603 ], [ -71.718715025620739, -39.477211936908589 ], [ -71.719592082273664, -39.477620405835715 ], [ -71.720832447271889, -39.477877487664642 ], [ -71.722201218355139, -39.478274421795575 ], [ -71.72294980963423, -39.478542852468422 ], [ -71.72376926092123, -39.47904806109819 ], [ -71.724346495864921, -39.479654217998238 ], [ -71.724942480445236, -39.479950124063912 ], [ -71.725195772117701, -39.480134879848528 ], [ -71.725324183592605, -39.48027488993803 ], [ -71.725462087565134, -39.480653047509342 ], [ -71.725476872038087, -39.481034018724159 ], [ -71.725612820378231, -39.481364474004387 ], [ -71.725761797883251, -39.482028415996417 ], [ -71.725853033478472, -39.482789059298007 ], [ -71.725826917656534, -39.483695330066276 ], [ -71.725612683834314, -39.48451081452798 ], [ -71.725098642675917, -39.485523950698401 ], [ -71.723489194063418, -39.48842190455548 ], [ -71.722373394852383, -39.489782850644659 ], [ -71.718775870311589, -39.493564330520478 ], [ -71.720443770502953, -39.494025497116397 ], [ -71.721028599804058, -39.494398876432044 ], [ -71.721954284059947, -39.495056362878877 ], [ -71.722659948444857, -39.495872351159086 ], [ -71.723066509772792, -39.496268125455899 ], [ -71.723100671804715, -39.496296548703995 ], [ -71.725976325454582, -39.496926658967794 ], [ -71.727986817942508, -39.49712057037322 ], [ -71.731109171427278, -39.497784905386872 ], [ -71.733415059625017, -39.498481136157771 ], [ -71.735909541031859, -39.499690500295074 ], [ -71.738006981456124, -39.500298412566202 ], [ -71.740352403611212, -39.500913277391042 ], [ -71.743039171201232, -39.501043520033733 ], [ -71.745282234821261, -39.501573103281871 ], [ -71.747961417037018, -39.501867759914091 ], [ -71.749301759136472, -39.502001356269616 ], [ -71.751316340755579, -39.502112626297468 ], [ -71.752500370605702, -39.502557479358082 ], [ -71.754448187636257, -39.504862895410312 ], [ -71.756416614714382, -39.506729647906624 ], [ -71.75795432117333, -39.507952960278267 ], [ -71.759280124039904, -39.508401756996086 ], [ -71.760799328797262, -39.50849901661433 ], [ -71.761952249989108, -39.508091921168884 ], [ -71.762665385662231, -39.507730179532508 ], [ -71.764388063323025, -39.506558688180981 ], [ -71.765272390939856, -39.505582768537145 ], [ -71.766245652668132, -39.504906485314578 ], [ -71.766952651949566, -39.50334011148616 ], [ -71.767019822576614, -39.50310036473627 ], [ -71.768283697384135, -39.50270776023234 ], [ -71.769485641437669, -39.502173744679148 ], [ -71.771129118233119, -39.501647488255301 ], [ -71.772919907955384, -39.501125293870153 ], [ -71.774699109410477, -39.50083684474864 ], [ -71.776762699518216, -39.500777062286183 ], [ -71.778531499380634, -39.500713518713134 ], [ -71.7801695287922, -39.500304087460179 ], [ -71.781508206313433, -39.499998918633686 ], [ -71.783009424103867, -39.499355905160883 ], [ -71.783934037567931, -39.498467291326094 ], [ -71.784988637253605, -39.497928973185573 ], [ -71.785756191968332, -39.497261150033069 ], [ -71.78653321043457, -39.496372880972977 ], [ -71.787771851565765, -39.495037976828982 ], [ -71.788853343217781, -39.493928373217273 ], [ -71.790658779970769, -39.493064093825183 ], [ -71.791729564602917, -39.492183862634285 ], [ -71.792790089576201, -39.491528584047948 ], [ -71.793718826307412, -39.49052732696574 ], [ -71.794327604694004, -39.490089308724393 ], [ -71.795650476357807, -39.490125747898652 ], [ -71.797409326480135, -39.490286873265582 ], [ -71.798589996631108, -39.490206855184375 ], [ -71.800217337887418, -39.490021968092847 ], [ -71.801839176962616, -39.489954013858956 ], [ -71.802474169985814, -39.489925710725196 ], [ -71.8034613088886, -39.489881601184067 ], [ -71.804354439096912, -39.489906170422387 ], [ -71.804636860439075, -39.489913891289866 ], [ -71.805812416481118, -39.489946243081015 ], [ -71.807429247448624, -39.489990724862814 ], [ -71.807971218127506, -39.489840216140436 ], [ -71.808748320137084, -39.489883127749302 ], [ -71.809526747161698, -39.489904526002995 ], [ -71.810957130995348, -39.489614366481057 ], [ -71.81165926230625, -39.488206143749942 ], [ -71.811879311821613, -39.487406238508427 ], [ -71.811914121538877, -39.487279793109899 ], [ -71.812217229285423, -39.486848857893932 ], [ -71.812608654899108, -39.486036095711654 ], [ -71.81342217550862, -39.485289786726646 ], [ -71.814291311715692, -39.484874437335556 ], [ -71.81465286565124, -39.484719559363839 ], [ -71.815055120455668, -39.484527828515311 ], [ -71.815309570954852, -39.484298425675782 ], [ -71.815529350975623, -39.484139749106063 ], [ -71.816191235066853, -39.483608895298211 ], [ -71.816653338330468, -39.482798022716366 ], [ -71.816741626553238, -39.482416044731217 ], [ -71.816979575898955, -39.481959889570355 ], [ -71.817083601707154, -39.481590371259067 ], [ -71.816988256319533, -39.480448228736179 ], [ -71.817040211282318, -39.479310263030477 ], [ -71.81692991343678, -39.478510018329004 ], [ -71.817265428805513, -39.47760502030777 ], [ -71.817716976864546, -39.477387658885881 ], [ -71.817951342830597, -39.477446990651657 ], [ -71.818113900167774, -39.477183058622423 ], [ -71.820168259187668, -39.477184430840552 ], [ -71.82135870750048, -39.47749145685362 ], [ -71.822647310232853, -39.477197293217088 ], [ -71.823943340235957, -39.476738661002379 ], [ -71.825436685191221, -39.476614685497353 ], [ -71.826523020559279, -39.476095370684178 ], [ -71.827831504805488, -39.475362456370917 ], [ -71.829218119125215, -39.474466967135527 ], [ -71.830256018231438, -39.473452138811417 ], [ -71.830688013560007, -39.473104212411968 ], [ -71.831013873836056, -39.472841745772165 ], [ -71.832637252623655, -39.472782626429783 ], [ -71.834563100455625, -39.472492793501445 ], [ -71.836651546048955, -39.47186510036142 ], [ -71.838440455597336, -39.471341804374539 ], [ -71.840072262378925, -39.471043935283724 ], [ -71.841425773780458, -39.470396111878991 ], [ -71.84218628031347, -39.469849343615934 ], [ -71.84281529864171, -39.46895222310674 ], [ -71.843601633535769, -39.467834065227223 ], [ -71.844534543839814, -39.466719988622543 ], [ -71.845614680832384, -39.465609752149994 ], [ -71.8466787469645, -39.464837006447318 ], [ -71.847313158777723, -39.463831839219552 ], [ -71.847947086398989, -39.462822177945704 ], [ -71.848565430945044, -39.462154430981244 ], [ -71.849188979431531, -39.461374158682936 ], [ -71.849554327850825, -39.460792236853585 ], [ -71.850506860953914, -39.459536014458891 ], [ -71.850620376564805, -39.458916577930758 ], [ -71.850882561558564, -39.457487256949278 ], [ -71.851017591820494, -39.456063490793596 ], [ -71.851784271576136, -39.454766578961461 ], [ -71.852601954978667, -39.453910311167 ], [ -71.854100586519394, -39.452084145997397 ], [ -71.855457730707926, -39.450254207290996 ], [ -71.855768069892505, -39.448946342387828 ], [ -71.856091170544005, -39.448558493187228 ], [ -71.856523247619251, -39.447569908576227 ], [ -71.856957062934569, -39.446835882198997 ], [ -71.857678535871869, -39.445632438872011 ], [ -71.857799178716206, -39.445431177696335 ], [ -71.857889762134505, -39.445318770171625 ], [ -71.858279128809571, -39.444343480438448 ], [ -71.858821159675585, -39.443335800819241 ], [ -71.858841621501128, -39.442507657999926 ], [ -71.858706259760865, -39.441981489800142 ], [ -71.858242442511681, -39.440978182014995 ], [ -71.858086041329145, -39.440095646132264 ], [ -71.857954474970938, -39.439452562387366 ], [ -71.85806610501804, -39.438505282156683 ], [ -71.858412297762229, -39.437636362361772 ], [ -71.858943259587335, -39.437096756134672 ], [ -71.859565834300042, -39.436442500265827 ], [ -71.860442024078722, -39.435718533308901 ], [ -71.861065092864834, -39.435428006255414 ], [ -71.861375597339418, -39.435178601399969 ], [ -71.863802029566841, -39.434749924463091 ], [ -71.865940742188528, -39.43442334271657 ], [ -71.867798981913893, -39.434034199838919 ], [ -71.870115490893255, -39.434480979349296 ], [ -71.871149163426068, -39.435112762443175 ], [ -71.872202603386711, -39.435305763831707 ], [ -71.873755909090562, -39.435402490159277 ], [ -71.874531309690994, -39.435478218341949 ], [ -71.874798138076457, -39.435447634015333 ], [ -71.874995119753649, -39.435488884901972 ], [ -71.875126938538457, -39.435461418541308 ], [ -71.875175346054164, -39.435451365301127 ], [ -71.87674604044696, -39.435124170740671 ], [ -71.879016588023134, -39.434224370664133 ], [ -71.881221186681017, -39.433212881930224 ], [ -71.882990352157762, -39.432436793120317 ], [ -71.884480808131087, -39.431459191514207 ], [ -71.884558356994617, -39.431408265339158 ], [ -71.885665218866905, -39.430696835333549 ], [ -71.885870271008585, -39.43056496085255 ], [ -71.886100659234572, -39.430419836951458 ], [ -71.887202385438371, -39.4297253458341 ], [ -71.887890499437589, -39.429426271039681 ], [ -71.889126213857566, -39.429112546703699 ], [ -71.892298236991024, -39.428859566620254 ], [ -71.895032074505281, -39.428991271555297 ], [ -71.897577114892911, -39.428978105375002 ], [ -71.900034261418213, -39.428917558954147 ], [ -71.902579855168071, -39.42826931920748 ], [ -71.904334144543711, -39.427883741117498 ], [ -71.90622628399295, -39.427317059541245 ], [ -71.907814006850288, -39.426494582057096 ], [ -71.9095926504516, -39.425735714623634 ], [ -71.911159368002657, -39.425173778563007 ], [ -71.912794599162112, -39.4242083532314 ], [ -71.914598182690654, -39.423607670756546 ], [ -71.916000347746262, -39.423135917143192 ], [ -71.91759932110422, -39.422430732061713 ], [ -71.918923923821595, -39.42210553318948 ], [ -71.920501269340775, -39.421692497089182 ], [ -71.922497892739017, -39.421087800645495 ], [ -71.924763742126245, -39.420981140683416 ], [ -71.927002879210178, -39.420702497875375 ], [ -71.929653332404826, -39.420596904623956 ], [ -71.932171671268975, -39.420456209601667 ], [ -71.934968297428327, -39.420412929017623 ], [ -71.93927155013445, -39.420188398759315 ], [ -71.939318871586977, -39.419986308347788 ], [ -71.939956721252784, -39.41992374718221 ], [ -71.986360000347858, -39.413040000093687 ], [ -71.985417314576907, -39.387661966559634 ], [ -71.986249701604009, -39.387411540288952 ], [ -71.986798962111436, -39.387325920483796 ], [ -71.987529183741287, -39.387164213107141 ], [ -71.989725271760165, -39.385789014582826 ], [ -71.990766532362201, -39.385293329296829 ], [ -71.992030687444085, -39.384688730300091 ], [ -71.993291771186009, -39.38401276346017 ], [ -71.994678058518986, -39.383098662858615 ], [ -71.99624788424093, -39.382103363654458 ], [ -71.998012267087091, -39.380269644920148 ], [ -71.998896934267094, -39.379413592689481 ], [ -71.999413260739587, -39.378922810885605 ], [ -71.99990182208326, -39.377779645292243 ], [ -72.001066721411107, -39.37623291874872 ], [ -72.001959521039382, -39.375566365263644 ], [ -72.00219632323649, -39.374711223362844 ], [ -72.002198878045149, -39.3747020807605 ], [ -72.002720360847363, -39.373973600522596 ], [ -72.002931554770669, -39.373233356769212 ], [ -72.004330887438201, -39.372859438634421 ], [ -72.005487347093919, -39.371900011160413 ], [ -72.006091700379415, -39.37095484834154 ], [ -72.006558792886125, -39.370099278424107 ], [ -72.007110083586099, -39.36892641876139 ], [ -72.006975130579292, -39.367928788221235 ], [ -72.006883536556288, -39.366933431070045 ], [ -72.00723897835465, -39.365490891674433 ], [ -72.007380091109368, -39.364486120396585 ], [ -72.007578877501956, -39.363460744176706 ], [ -72.008386089243231, -39.362172038633645 ], [ -72.008872107456341, -39.361400467462417 ], [ -72.009897197484932, -39.360243301701836 ], [ -72.010691706149757, -39.359087743443354 ], [ -72.010814419610838, -39.358368447171671 ], [ -72.010788901168553, -39.357774529594181 ], [ -72.011228363293753, -39.357285687770116 ], [ -72.011501711651562, -39.356503893812565 ], [ -72.011471161745376, -39.355792992243721 ], [ -72.011676740299833, -39.355150878492715 ], [ -72.011655162766715, -39.354650951098222 ], [ -72.011864684026932, -39.354233371480937 ], [ -72.012005072739541, -39.35392798116051 ], [ -72.011749584686214, -39.353340021119337 ], [ -72.011872276587724, -39.352620649690685 ], [ -72.012470840231202, -39.352198672715545 ], [ -72.012918576738485, -39.351901111089049 ], [ -72.013274303302808, -39.351605859261738 ], [ -72.013727452159671, -39.35114476908312 ], [ -72.014966375361837, -39.350836210174457 ], [ -72.015322140553707, -39.350747653691052 ], [ -72.016972313391292, -39.349793908311703 ], [ -72.019297955542143, -39.348617596241787 ], [ -72.019954551251303, -39.347825831146693 ], [ -72.020595623174032, -39.346674118920632 ], [ -72.021850063874439, -39.345510966146996 ], [ -72.022114968068564, -39.3450638868513 ], [ -72.022207813444766, -39.344907091809745 ], [ -72.022427469498041, -39.344662725654068 ], [ -72.023855535678237, -39.343967925913674 ], [ -72.024897675730926, -39.343510220033856 ], [ -72.02534792482605, -39.343176459669905 ], [ -72.025876455810007, -39.342784870015144 ], [ -72.025912804341331, -39.342420329609048 ], [ -72.025930146317876, -39.342247416396617 ], [ -72.026208332103494, -39.34158265263526 ], [ -72.026394751389589, -39.340568784332596 ], [ -72.02676001446892, -39.340140409543729 ], [ -72.027595211426245, -39.339938530500213 ], [ -72.028832081978024, -39.340145053277325 ], [ -72.029241145113986, -39.340055582844158 ], [ -72.029440075237034, -39.340012100922607 ], [ -72.029630117428653, -39.339899258727947 ], [ -72.029963967320853, -39.33970112581838 ], [ -72.030786311183078, -39.339202233553415 ], [ -72.031378921691172, -39.338709325238234 ], [ -72.032270258862155, -39.338028488261997 ], [ -72.033023938199008, -39.337711582047334 ], [ -72.033134051889903, -39.337708709835702 ], [ -72.033560548630618, -39.337697585051558 ], [ -72.034030777155991, -39.337924047567824 ], [ -72.035032371748301, -39.338019601398337 ], [ -72.03509003011483, -39.337997064290349 ], [ -72.035862443816924, -39.337696107953541 ], [ -72.036460359775091, -39.337324650858733 ], [ -72.037145011667178, -39.337189657425562 ], [ -72.038408793049939, -39.336853194038177 ], [ -72.03888970883223, -39.336725210102301 ], [ -72.040710981087031, -39.336258661420835 ], [ -72.040985263692733, -39.336189130743406 ], [ -72.04191534699855, -39.335953158502534 ], [ -72.042532523734721, -39.335796725856405 ], [ -72.043201507211634, -39.335272831765863 ], [ -72.043794110533213, -39.334808789287138 ], [ -72.04498931991705, -39.3340613080845 ], [ -72.045636388992634, -39.333862898767528 ], [ -72.046049481970968, -39.333736293433709 ], [ -72.046877104333802, -39.333358766187068 ], [ -72.047262732220673, -39.333407182694273 ], [ -72.047814749657704, -39.333748561127742 ], [ -72.048583763236451, -39.333791499429573 ], [ -72.049030826007254, -39.333482453961125 ], [ -72.049398454350765, -39.333112469043563 ], [ -72.049924463763716, -39.332860017653132 ], [ -72.050186521196693, -39.332297976849986 ], [ -72.050345497849165, -39.331957149286609 ], [ -72.051167980950268, -39.331458112123926 ], [ -72.052138268356615, -39.330838075164856 ], [ -72.052881303555679, -39.330282664365654 ], [ -72.053401208916242, -39.329823065726274 ], [ -72.054071237133854, -39.329413614931767 ], [ -72.05467041522499, -39.32939787773384 ], [ -72.054684082193717, -39.329397519185811 ], [ -72.055450589472827, -39.329377382126673 ], [ -72.056000161695664, -39.329664693218831 ], [ -72.0563963564652, -39.329951604978632 ], [ -72.057085986820624, -39.329933404640329 ], [ -72.057094623223762, -39.32992882415509 ], [ -72.057910664505968, -39.329492930411092 ], [ -72.058526322190971, -39.329116394753541 ], [ -72.059018811867389, -39.329103367455957 ], [ -72.059261974136703, -39.329096970543318 ], [ -72.059603380657066, -39.328855162508432 ], [ -72.059869480508837, -39.328666697263351 ], [ -72.060609870169387, -39.328052566301047 ], [ -72.061332183929778, -39.327020187413261 ], [ -72.061788666434651, -39.326696308139375 ], [ -72.061852994792162, -39.326650632487045 ], [ -72.062128545819036, -39.326367750057265 ], [ -72.062807595817048, -39.325670649736203 ], [ -72.063479003846908, -39.32523402551449 ], [ -72.064079124270776, -39.324920965978407 ], [ -72.064520651622828, -39.324779524882985 ], [ -72.065289763117946, -39.324533218368117 ], [ -72.065548755499194, -39.324093651732369 ], [ -72.0660039174806, -39.323320817159654 ], [ -72.06650894404514, -39.322591312556376 ], [ -72.067072643174129, -39.321445893511687 ], [ -72.067427423812433, -39.320783442799048 ], [ -72.067567413673046, -39.320477998748395 ], [ -72.067697265147359, -39.319938519506209 ], [ -72.068350496665786, -39.319088131939182 ], [ -72.068776329551497, -39.31830211267517 ], [ -72.06910757073608, -39.317104298174506 ], [ -72.069271683955364, -39.316329831684705 ], [ -72.069361837978946, -39.315904011919301 ], [ -72.069256306594312, -39.31577839224088 ], [ -72.068879280076303, -39.315329477740207 ], [ -72.068578448660702, -39.314765422311901 ], [ -72.06836433431441, -39.314142182086997 ], [ -72.068246062124118, -39.313190456028835 ], [ -72.068204558161355, -39.312241058584192 ], [ -72.068162958977183, -39.31128730981559 ], [ -72.067817352832861, -39.310404600177989 ], [ -72.068090102912706, -39.309622695398971 ], [ -72.067958770116476, -39.308373988784354 ], [ -72.06789614855802, -39.306943332436205 ], [ -72.067833824341918, -39.30551717053725 ], [ -72.068083256851921, -39.304199898654517 ], [ -72.068199917464597, -39.303363515514746 ], [ -72.0677728628701, -39.302361338472103 ], [ -72.067290649920523, -39.301513815334964 ], [ -72.065212487342251, -39.288689611213307 ], [ -72.062627049716298, -39.279180642628972 ], [ -72.062628858923276, -39.279180742065329 ], [ -72.060604740789103, -39.271263848764988 ], [ -72.057334662949145, -39.258470997214275 ], [ -72.046632663761855, -39.216573867361909 ], [ -72.046504836191843, -39.216072883705024 ], [ -72.046490360739369, -39.215997029631247 ], [ -72.04653543550539, -39.215764865044207 ], [ -72.046609456684806, -39.215471576382136 ], [ -72.046662231809421, -39.215237585858759 ], [ -72.047424967062653, -39.214233752187617 ], [ -72.04780775447658, -39.214036653489217 ], [ -72.04803472461289, -39.213671833673828 ], [ -72.048052838242285, -39.213239867595689 ], [ -72.048111420975204, -39.212894733259247 ], [ -72.048111871929493, -39.212462344091968 ], [ -72.048164764733428, -39.211832280811628 ], [ -72.048193441652231, -39.211359448444554 ], [ -72.047993379651928, -39.210870542103109 ], [ -72.047877486200505, -39.210689157476878 ], [ -72.047730637702699, -39.210404012875671 ], [ -72.047407815528942, -39.210107609992924 ], [ -72.04683964278982, -39.209770619332531 ], [ -72.046416673733248, -39.209547015757686 ], [ -72.046124170598645, -39.209368038139786 ], [ -72.046084992374148, -39.209041108188707 ], [ -72.046090183738173, -39.208917657179001 ], [ -72.046154281228638, -39.208651638650075 ], [ -72.04615073827317, -39.208315215254352 ], [ -72.046068627764626, -39.2081690316259 ], [ -72.045885922113925, -39.207896704597673 ], [ -72.045450055046487, -39.207563107804404 ], [ -72.044998532140283, -39.207180991741119 ], [ -72.044420163522702, -39.206668691050474 ], [ -72.043881080029138, -39.20627070640635 ], [ -72.043339448015104, -39.205934332165 ], [ -72.042803461014302, -39.205673671961023 ], [ -72.042277289904632, -39.205598499958164 ], [ -72.041814196697572, -39.205703440864937 ], [ -72.04125802455232, -39.205713325313241 ], [ -72.040800033776094, -39.205694812854155 ], [ -72.040450747234061, -39.205610435795222 ], [ -72.040154626583814, -39.205520536554943 ], [ -72.039785947211413, -39.205476884055784 ], [ -72.039125867835594, -39.205439510962812 ], [ -72.038741353859677, -39.205354203619066 ], [ -72.038327545822369, -39.205124058712691 ], [ -72.037611364860425, -39.204951393850394 ], [ -72.037127349890383, -39.204925355004491 ], [ -72.036385430398923, -39.204947663474975 ], [ -72.035745446336009, -39.205061769436398 ], [ -72.035125776774919, -39.205114606455673 ], [ -72.034695375955991, -39.20506930048041 ], [ -72.033845931718275, -39.204920751027601 ], [ -72.033295114430459, -39.204803746985824 ], [ -72.032611848638822, -39.204690265005141 ], [ -72.032180632149633, -39.204665559786712 ], [ -72.031177831119862, -39.204598768432362 ], [ -72.030174618661718, -39.204542236825297 ], [ -72.029585100154819, -39.204506588170396 ], [ -72.028913141457679, -39.204331612125308 ], [ -72.028310638701669, -39.20418582046468 ], [ -72.027715132923419, -39.204081391015265 ], [ -72.027178509017077, -39.204047084215745 ], [ -72.026594205230424, -39.204097406975023 ], [ -72.026285792033818, -39.204089559099522 ], [ -72.026107486331384, -39.204087701198041 ], [ -72.025749266043846, -39.204022182469572 ], [ -72.025639235896278, -39.20394261140153 ], [ -72.025561209129023, -39.203700442873568 ], [ -72.025381529902518, -39.203359519766607 ], [ -72.025052501268462, -39.203213833985771 ], [ -72.024469875534749, -39.203013633100156 ], [ -72.022777621117669, -39.202356071804161 ], [ -72.022379247933586, -39.202181184378617 ], [ -72.021910602239757, -39.20199764090389 ], [ -72.021381801761223, -39.201778167763251 ], [ -72.02081722857146, -39.201571575803506 ], [ -72.020268108201208, -39.201413360143945 ], [ -72.019483763973824, -39.201396736546265 ], [ -72.018990851190907, -39.201370408880614 ], [ -72.018569957242619, -39.20131158649118 ], [ -72.018037677589007, -39.201174397637772 ], [ -72.017468427769884, -39.201077500056286 ], [ -72.016602269477985, -39.201117071771094 ], [ -72.016015675885669, -39.201222084113461 ], [ -72.015845329256663, -39.201286348239798 ], [ -72.01538138893828, -39.201411720756653 ], [ -72.014855452288884, -39.201542387808587 ], [ -72.014345245140106, -39.201508665910048 ], [ -72.013846725073208, -39.201406671025886 ], [ -72.013318229123556, -39.201180363495965 ], [ -72.012400364702216, -39.200775947472984 ], [ -72.012141919394978, -39.200632014082949 ], [ -72.01176417242813, -39.200594926613554 ], [ -72.011417869191149, -39.200647796230662 ], [ -72.011197803506093, -39.200680573187398 ], [ -72.010238664192414, -39.200510702844305 ], [ -72.010180968096662, -39.200485627898018 ], [ -72.009740053395646, -39.200275266010294 ], [ -72.009343197466038, -39.200066052129941 ], [ -72.008675401561945, -39.200004203900825 ], [ -72.008243939832667, -39.199986278179303 ], [ -72.007675356563482, -39.199875589009942 ], [ -72.007128461320193, -39.199875254860004 ], [ -72.006685586495223, -39.199918796672499 ], [ -72.006281076021082, -39.199887844654121 ], [ -72.005975081089247, -39.199825048116956 ], [ -72.005620262721678, -39.199664918294303 ], [ -72.005283289387251, -39.199498422516363 ], [ -72.004984136922914, -39.199480390154889 ], [ -72.004586795903066, -39.199490721014598 ], [ -72.004056086504562, -39.199525155346265 ], [ -72.003492456545857, -39.199503760590133 ], [ -72.00311152594962, -39.199336105338773 ], [ -72.002827444520804, -39.199170894575587 ], [ -72.002476753013681, -39.199120754856068 ], [ -72.002063705849409, -39.199203213457004 ], [ -72.001436616204074, -39.199219384378651 ], [ -72.001113110412362, -39.199299826113204 ], [ -72.000834212262745, -39.199425535631256 ], [ -72.000760810022555, -39.199436874524338 ], [ -72.000234024465215, -39.199588012716418 ], [ -71.999685963208691, -39.199820948511793 ], [ -71.998966524955549, -39.200145600439683 ], [ -71.998582985651709, -39.200451411232798 ], [ -71.998330468327026, -39.200582118358611 ], [ -71.997979805565976, -39.200737859730488 ], [ -71.997574165909569, -39.200943502525391 ], [ -71.997112134511156, -39.201020859106713 ], [ -71.996716818293962, -39.20098314184073 ], [ -71.996244815595901, -39.200881791511364 ], [ -71.995694082749736, -39.200764605315328 ], [ -71.994966844424965, -39.200649744721076 ], [ -71.994258474314393, -39.200507900883103 ], [ -71.993630088400124, -39.200351006888084 ], [ -71.993237933354422, -39.200237996659482 ], [ -71.992817617022865, -39.200165338180383 ], [ -71.992319505689395, -39.200056377122408 ], [ -71.991962301396441, -39.199951098502375 ], [ -71.991647669163129, -39.199881181148207 ], [ -71.991342238373264, -39.19980460508431 ], [ -71.991060888721236, -39.199783644112635 ], [ -71.990736686735204, -39.199734042952137 ], [ -71.990420945980816, -39.199691602330496 ], [ -71.990148981926865, -39.199657114477041 ], [ -71.989958411525848, -39.199636401986197 ], [ -71.989631097775657, -39.199593888210018 ], [ -71.988844850916493, -39.199475929227923 ], [ -71.98728688115969, -39.199228994759324 ], [ -71.98656115739449, -39.19912009351053 ], [ -71.986049076360032, -39.199090723497129 ], [ -71.985491095007802, -39.19904127430511 ], [ -71.984826695633785, -39.198962670123095 ], [ -71.984225599639515, -39.198902955334901 ], [ -71.983356489483597, -39.198857043874618 ], [ -71.982126376059412, -39.198803843627907 ], [ -71.981285689497383, -39.198862572047624 ], [ -71.981074275486847, -39.198880385278706 ], [ -71.977964940387196, -39.198762930508387 ], [ -71.977236999579858, -39.198621335566223 ], [ -71.97670481335102, -39.198535687178065 ], [ -71.975773388860489, -39.198518764943294 ], [ -71.974341104191708, -39.198140329718207 ], [ -71.971580464542612, -39.197238025092894 ], [ -71.970606997100148, -39.196878012127101 ], [ -71.970268514596029, -39.196592415329413 ], [ -71.969991670893464, -39.196383102762937 ], [ -71.96938094316269, -39.195990430207551 ], [ -71.969112063923433, -39.195850724694914 ], [ -71.968393497036104, -39.195523009878762 ], [ -71.968037491994068, -39.195305157432919 ], [ -71.967729520768572, -39.195153677943551 ], [ -71.967557882362172, -39.195034809935592 ], [ -71.967083645554027, -39.194763586279208 ], [ -71.966673075943319, -39.194459152177075 ], [ -71.966442420917701, -39.194267471517186 ], [ -71.966087761551947, -39.193916814943293 ], [ -71.965880055786897, -39.193616802965074 ], [ -71.965834419573824, -39.193478855534366 ], [ -71.965851718431267, -39.193022193100475 ], [ -71.965875536362717, -39.192341828276028 ], [ -71.966042509817811, -39.192187762896218 ], [ -71.966082031198752, -39.1921691173754 ], [ -71.966384186731091, -39.192115220715579 ], [ -71.96658600853101, -39.191935175230697 ], [ -71.966705001170197, -39.191835393672939 ], [ -71.966858413657789, -39.191753551636005 ], [ -71.968087323339503, -39.191071765352973 ], [ -71.968810942351993, -39.190651407190472 ], [ -71.969717968599426, -39.189247428950502 ], [ -71.970150466086224, -39.187391875304115 ], [ -71.970517177249832, -39.185424793424048 ], [ -71.97105528876628, -39.184395592930869 ], [ -71.970771122895798, -39.182795956404817 ], [ -71.970606817437073, -39.18169353987858 ], [ -71.96988652039451, -39.180398228870679 ], [ -71.969001072578521, -39.179661352456563 ], [ -71.967709277233638, -39.179353192225392 ], [ -71.96609090745207, -39.179256210236559 ], [ -71.964164296052118, -39.17894514095547 ], [ -71.962938185520812, -39.178748461326421 ], [ -71.960690435389935, -39.1785250619252 ], [ -71.95872808631303, -39.178226767619662 ], [ -71.957086356740817, -39.177854467409524 ], [ -71.95583670945075, -39.178206118448017 ], [ -71.954772618165791, -39.178343015803939 ], [ -71.952299780767419, -39.17842929045721 ], [ -71.952162317867703, -39.178432112796862 ], [ -71.951831876183704, -39.178409421962812 ], [ -71.950070523354981, -39.178409048714727 ], [ -71.94936372439787, -39.178490054645735 ], [ -71.947960118444527, -39.178562281513003 ], [ -71.947602097582987, -39.178580718951245 ], [ -71.947107261507043, -39.178454135816324 ], [ -71.945927640588337, -39.17815248544666 ], [ -71.943593155421823, -39.177487269601976 ], [ -71.942622205957093, -39.17710488759127 ], [ -71.941902491022816, -39.176619250498469 ], [ -71.941336291882394, -39.175849441494378 ], [ -71.941145198661886, -39.175377748569595 ], [ -71.940855447965319, -39.174738736881075 ], [ -71.940593836096696, -39.174265133942015 ], [ -71.940542378800586, -39.173824524824994 ], [ -71.940005388381621, -39.172382843479447 ], [ -71.939046072099828, -39.170106452068232 ], [ -71.938283332355013, -39.168988311265338 ], [ -71.936988767504118, -39.167938488184475 ], [ -71.936868225271098, -39.167866770661981 ], [ -71.936743424125297, -39.167729183607378 ], [ -71.935235421359536, -39.16674796951397 ], [ -71.934969483204512, -39.166526486297052 ], [ -71.933814717771398, -39.165507787962859 ], [ -71.933000247642624, -39.164772529465253 ], [ -71.932447970592463, -39.163687348814285 ], [ -71.93200493317245, -39.162522662308632 ], [ -71.931526604538163, -39.161356943768716 ], [ -71.931001161063861, -39.16046465536386 ], [ -71.929981508537693, -39.159586718396312 ], [ -71.929887729811909, -39.159309747966816 ], [ -71.929420890630112, -39.158693461619073 ], [ -71.928801201306101, -39.158347655333024 ], [ -71.92777984557415, -39.15832072155677 ], [ -71.926154866887018, -39.158387692723757 ], [ -71.925474425398662, -39.15851504684597 ], [ -71.924418604004202, -39.15846393150369 ], [ -71.922995412981038, -39.158571694189703 ], [ -71.92209866974865, -39.15872932715564 ], [ -71.921100688180402, -39.159033624845179 ], [ -71.918854084299809, -39.159972751505506 ], [ -71.917590717938751, -39.160714438331276 ], [ -71.916598724540165, -39.161068435322981 ], [ -71.915665571691022, -39.161426633374738 ], [ -71.913926176382788, -39.16176433998227 ], [ -71.913862093265365, -39.161764319783082 ], [ -71.91351683566738, -39.161731927267084 ], [ -71.912104250154457, -39.16153826420426 ], [ -71.911856712191394, -39.161512352059653 ], [ -71.911352328820641, -39.161340612292463 ], [ -71.910164402977117, -39.160748768374823 ], [ -71.910207795198602, -39.161053951674525 ], [ -71.910031423568967, -39.162211329547674 ], [ -71.909411995654693, -39.165622841808222 ], [ -71.909411524937497, -39.166938034189293 ], [ -71.909683391075077, -39.170755677970867 ], [ -71.909253771790446, -39.171515624930009 ], [ -71.9092011889053, -39.171606163122327 ], [ -71.908217805858712, -39.172426731035792 ], [ -71.905748850979023, -39.174019713303835 ], [ -71.902133337674641, -39.178992242957754 ], [ -71.900399906281578, -39.180792088761272 ], [ -71.899445092355975, -39.181563460519307 ], [ -71.897831497120123, -39.182643616459941 ], [ -71.897158889839361, -39.182765520472756 ], [ -71.895950652188958, -39.183327084624338 ], [ -71.8952201466915, -39.183995279700724 ], [ -71.893479250298412, -39.184927105951139 ], [ -71.892260358628747, -39.185579597769078 ], [ -71.892238511601036, -39.185585675661137 ], [ -71.891438520518037, -39.185807240891229 ], [ -71.890601258333874, -39.1857559295348 ], [ -71.890366161139184, -39.185653723785286 ], [ -71.889338656439108, -39.18470632893888 ], [ -71.888767599209629, -39.184405228316876 ], [ -71.887784350910337, -39.184213387936218 ], [ -71.887428507565062, -39.184209742104684 ], [ -71.885693766428318, -39.184191720441909 ], [ -71.885478419593454, -39.184189530574898 ], [ -71.882630257984545, -39.183935736016757 ], [ -71.881750350977242, -39.183615235773935 ], [ -71.880443837634758, -39.183341299088433 ], [ -71.879538077113551, -39.18301655071663 ], [ -71.878861356447089, -39.182908564364702 ], [ -71.877890557001024, -39.182797512668671 ], [ -71.876330547170184, -39.182691858638734 ], [ -71.875271061547693, -39.182456777103852 ], [ -71.873726024836003, -39.182215665342355 ], [ -71.872872966675914, -39.181975467026014 ], [ -71.871991167816603, -39.181492726876975 ], [ -71.871448002378372, -39.181024210879485 ], [ -71.871081703541492, -39.180479229028016 ], [ -71.870951093889076, -39.179721204064158 ], [ -71.870806325889475, -39.178932088512298 ], [ -71.870750572849659, -39.177753329536912 ], [ -71.870753715156525, -39.176793853359534 ], [ -71.870741073165547, -39.175947385012542 ], [ -71.870744740986837, -39.174749152159933 ], [ -71.87065738880861, -39.174426955393365 ], [ -71.870380630445993, -39.173420431188198 ], [ -71.870234552702684, -39.17310418334327 ], [ -71.869897127515685, -39.172608078649205 ], [ -71.869369369082875, -39.17188684930256 ], [ -71.868900707219382, -39.171177740888332 ], [ -71.868372730495977, -39.170492601557029 ], [ -71.868112942207375, -39.16975066821562 ], [ -71.868039965768631, -39.169658002780672 ], [ -71.867571522195746, -39.168426378374555 ], [ -71.86748396789659, -39.167806990449698 ], [ -71.867529414565112, -39.166905067376675 ], [ -71.868163015199642, -39.165385048191638 ], [ -71.868443466536391, -39.164117044606698 ], [ -71.868489883385422, -39.162341378539693 ], [ -71.868307749063263, -39.161757603905947 ], [ -71.868227742409118, -39.161501053715256 ], [ -71.867743805592511, -39.160675194223806 ], [ -71.867025976222024, -39.159918190735105 ], [ -71.865413078977156, -39.158543659245623 ], [ -71.864577254097455, -39.157921423126723 ], [ -71.86420206822747, -39.157578035697959 ], [ -71.863879771568136, -39.157049878189966 ], [ -71.863543247391348, -39.156418601233909 ], [ -71.863338858206333, -39.155824517496839 ], [ -71.863341059977103, -39.155126312459444 ], [ -71.863344250792977, -39.154090300853447 ], [ -71.863301818870553, -39.153600351681355 ], [ -71.862658127460449, -39.152246961015088 ], [ -71.861763250028915, -39.151386009045467 ], [ -71.860984971226316, -39.150941223807685 ], [ -71.859897983681407, -39.150287853944832 ], [ -71.858943032313562, -39.149851821332781 ], [ -71.857929721893285, -39.149210055863989 ], [ -71.856711393467293, -39.148249031045346 ], [ -71.855727980776322, -39.147529907352059 ], [ -71.854934779160232, -39.147053932966436 ], [ -71.853950624460822, -39.146573555171791 ], [ -71.853171114966273, -39.146471032610883 ], [ -71.851685726389491, -39.146286751485256 ], [ -71.850111763925668, -39.146190154444739 ], [ -71.84869904815703, -39.146305753332392 ], [ -71.846990942966769, -39.146734827957538 ], [ -71.845811651729775, -39.147407857264149 ], [ -71.845265401476865, -39.148065335588356 ], [ -71.844807901180758, -39.148486325956348 ], [ -71.84429061261261, -39.149192613201748 ], [ -71.843317575463146, -39.149702793611191 ], [ -71.842243636846035, -39.149670486105599 ], [ -71.84069856510007, -39.149735269689415 ], [ -71.839123609997856, -39.149926813318871 ], [ -71.837151709134545, -39.150028894053072 ], [ -71.834503198995861, -39.149976267107093 ], [ -71.831972238801981, -39.150042270921425 ], [ -71.829882977538361, -39.150111139948365 ], [ -71.826155382334292, -39.150428082619072 ], [ -71.825606811732996, -39.150255932644811 ], [ -71.824947839979913, -39.150145794922565 ], [ -71.823772846283234, -39.150165214407345 ], [ -71.822319921024175, -39.150335637642037 ], [ -71.821643963925709, -39.150334009602837 ], [ -71.820823075334232, -39.150227771082569 ], [ -71.820089742838562, -39.15000228451315 ], [ -71.819166149860678, -39.14940309592432 ], [ -71.816794110623704, -39.14715436328148 ], [ -71.816515946397672, -39.146719761727262 ], [ -71.816109245830873, -39.145768856342684 ], [ -71.816091045064908, -39.145661843187007 ], [ -71.816079067827232, -39.145180876247501 ], [ -71.816242311477296, -39.143969841328953 ], [ -71.815964991667599, -39.143201858461751 ], [ -71.815292344860964, -39.142461365141131 ], [ -71.814958926160102, -39.142211417050433 ], [ -71.813313929415202, -39.140977803013726 ], [ -71.812683663327036, -39.140317451338738 ], [ -71.812099659577669, -39.139466753735825 ], [ -71.811326176880371, -39.137476562263089 ], [ -71.811224470522205, -39.136785434847894 ], [ -71.811373216261913, -39.136151214092884 ], [ -71.811647627326693, -39.135660159667353 ], [ -71.812036496335082, -39.134964125754955 ], [ -71.812419865857322, -39.13397302007008 ], [ -71.813361470056662, -39.13255403596429 ], [ -71.814820184957739, -39.130023503251103 ], [ -71.81582120013671, -39.128530887553886 ], [ -71.817439045302152, -39.126780316762556 ], [ -71.80922268270939, -39.12447897925442 ], [ -71.803038834803743, -39.126943103888067 ], [ -71.796732724391276, -39.126324426766651 ], [ -71.747424332294941, -39.102688609657939 ], [ -71.742478306256956, -39.100014682222351 ], [ -71.74155874940962, -39.099720008555792 ], [ -71.740759339536609, -39.099445969696703 ], [ -71.740170934042368, -39.099586897766137 ], [ -71.73969176368665, -39.099809315249679 ], [ -71.739322575867803, -39.100071360604609 ], [ -71.739060009090053, -39.100288682620118 ], [ -71.738741583271292, -39.100465101980966 ], [ -71.738160678709662, -39.100858839066959 ], [ -71.737684758458656, -39.101165601661364 ], [ -71.737113641042043, -39.101812540523767 ], [ -71.736857591541664, -39.102198638096006 ], [ -71.736867385873211, -39.102451771777481 ], [ -71.736844970211919, -39.102579902589596 ], [ -71.736778621543351, -39.102960584332685 ], [ -71.736525830232509, -39.103431033880987 ], [ -71.735749486401033, -39.104378365377613 ], [ -71.735379679642961, -39.104740488610574 ], [ -71.735175061387565, -39.104940868907924 ], [ -71.734546494013571, -39.105504640817436 ], [ -71.734132721908878, -39.106021078248546 ], [ -71.733719135755436, -39.106537585785283 ], [ -71.733144673911028, -39.107100006561048 ], [ -71.73287238736188, -39.107312081035282 ], [ -71.7322501019067, -39.107796725693952 ], [ -71.730974840054628, -39.108460072919613 ], [ -71.730333177040436, -39.108686335906505 ], [ -71.72968652298654, -39.108785846472891 ], [ -71.728875837460066, -39.108847128071197 ], [ -71.728334198259518, -39.108859814322891 ], [ -71.727625363719952, -39.108749694096822 ], [ -71.726483257345819, -39.108649710880314 ], [ -71.725774335669684, -39.108539655848652 ], [ -71.724753511740374, -39.108774685348003 ], [ -71.724541751878448, -39.108906356117942 ], [ -71.724331617967195, -39.109080204123458 ], [ -71.724123103718398, -39.109296155862928 ], [ -71.723697954450614, -39.109517319407772 ], [ -71.7232090095263, -39.109486534619244 ], [ -71.722662485287231, -39.109372516818475 ], [ -71.722434684209276, -39.109338651041135 ], [ -71.722171918005515, -39.109299550459426 ], [ -71.721693232740066, -39.109466384568563 ], [ -71.721674441780948, -39.109472875411605 ], [ -71.721262591172646, -39.109616448217473 ], [ -71.72046162272261, -39.109930734150304 ], [ -71.717533326898774, -39.111308262759962 ], [ -71.716987091917247, -39.111537172250323 ], [ -71.716359648335668, -39.111800149834252 ], [ -71.71588193774231, -39.11206465150579 ], [ -71.715236853943537, -39.112206408190332 ], [ -71.714700137510704, -39.112345635132336 ], [ -71.713999381520509, -39.112446393758283 ], [ -71.713725279476179, -39.112452779078154 ], [ -71.713566080939842, -39.112456487177624 ], [ -71.713129542830899, -39.112382224781314 ], [ -71.712537060781884, -39.112480452508301 ], [ -71.711851916613, -39.112662312181975 ], [ -71.711839444403594, -39.112665628551305 ], [ -71.711832170744756, -39.112666165945306 ], [ -71.710974550041314, -39.11272797389605 ], [ -71.7104328731115, -39.112740577899181 ], [ -71.70962049785399, -39.112759476581083 ], [ -71.708375723924362, -39.112809603996439 ], [ -71.707724149797656, -39.112782462512591 ], [ -71.707603903110353, -39.112776769351541 ], [ -71.707126810557895, -39.112754129831266 ], [ -71.706419480696439, -39.112686060672864 ], [ -71.705551257177703, -39.11266401288421 ], [ -71.70521544985651, -39.112585388818843 ], [ -71.704894936353028, -39.112510319420089 ], [ -71.70391853052125, -39.112490771754302 ], [ -71.702889407955354, -39.112514654129058 ], [ -71.701973590794552, -39.112662618865969 ], [ -71.700516084127543, -39.112823059728221 ], [ -71.698782945585265, -39.112863223381993 ], [ -71.697792902429171, -39.112915897585772 ], [ -71.697376442565144, -39.112938014996288 ], [ -71.696570400430375, -39.113125609139729 ], [ -71.695818588690997, -39.113311943996919 ], [ -71.695227680490376, -39.11345233623198 ], [ -71.694687693291598, -39.113507043146647 ], [ -71.694379361841698, -39.113532699740382 ], [ -71.693985188281545, -39.113565506153051 ], [ -71.693344957181921, -39.113833749651469 ], [ -71.693083799860844, -39.114093152142097 ], [ -71.692450117479638, -39.114560949220568 ], [ -71.692345626344107, -39.114638126222324 ], [ -71.691708492635584, -39.114990645246806 ], [ -71.690800645327982, -39.11534948692762 ], [ -71.690533048882955, -39.115440098782322 ], [ -71.689945229988581, -39.115664897309372 ], [ -71.689359100825257, -39.115931720741123 ], [ -71.688608844069634, -39.116160262543964 ], [ -71.687692941568898, -39.116308043988845 ], [ -71.686880510615808, -39.116326784895108 ], [ -71.68601384297915, -39.116346771286558 ], [ -71.684932201308484, -39.116413921087592 ], [ -71.684394463491202, -39.11642638782498 ], [ -71.68428229355662, -39.1164288983177 ], [ -71.683903102997078, -39.116437709435537 ], [ -71.682982287610045, -39.116458920374562 ], [ -71.682384917827576, -39.116430388443526 ], [ -71.681789150639574, -39.116444104848327 ], [ -71.681038767221494, -39.116672601080182 ], [ -71.680854204753118, -39.116764748049093 ], [ -71.680506835215894, -39.116938208670682 ], [ -71.679869617964044, -39.117290664612909 ], [ -71.679345581251482, -39.117767308565924 ], [ -71.678718040651873, -39.118372975557783 ], [ -71.677876912118748, -39.119067906394967 ], [ -71.677462835485173, -39.119584302982275 ], [ -71.676838362632253, -39.12027432033608 ], [ -71.676137483572873, -39.120853391912981 ], [ -71.675576702171909, -39.121316841304264 ], [ -71.674429684708116, -39.122525577174258 ], [ -71.673008938000848, -39.123534896502093 ], [ -71.672740153983, -39.123725791522794 ], [ -71.67173176453386, -39.124297870667661 ], [ -71.670344024625066, -39.124878712021626 ], [ -71.669486800078687, -39.125151726535805 ], [ -71.668521365371475, -39.125427286401795 ], [ -71.667770932546063, -39.125655625273467 ], [ -71.66643418999594, -39.126150674266803 ], [ -71.664223236655744, -39.127253989889795 ], [ -71.663981165839488, -39.127176718693164 ], [ -71.662973115953534, -39.126717465380473 ], [ -71.662273217854406, -39.126753833627269 ], [ -71.660904276091259, -39.126365172976307 ], [ -71.658757298968965, -39.125567380622357 ], [ -71.657862093652341, -39.125222410210839 ], [ -71.65733535390909, -39.124680166180156 ], [ -71.656688178832312, -39.124013946409441 ], [ -71.655118370178371, -39.122760470127005 ], [ -71.654307673872125, -39.122224682874936 ], [ -71.652481623478323, -39.120490497727765 ], [ -71.650794073538407, -39.119188053469884 ], [ -71.649714454873759, -39.118047556467786 ], [ -71.649476616919117, -39.11779635152304 ], [ -71.648417384621553, -39.117206467208703 ], [ -71.647675777743785, -39.116787147220677 ], [ -71.64782259839383, -39.116872448425497 ], [ -71.647328066846768, -39.116594452639269 ], [ -71.646565487900403, -39.11618143174811 ], [ -71.645571468800853, -39.11572532191483 ], [ -71.644230647899349, -39.115322980676417 ], [ -71.642754900940488, -39.114934902367764 ], [ -71.641641747267954, -39.114775492977358 ], [ -71.63996451447909, -39.114572471167037 ], [ -71.638560539318163, -39.114395562975183 ], [ -71.636517636513105, -39.114027334179028 ], [ -71.635779374961473, -39.113842335266632 ], [ -71.632728371964788, -39.113317648963807 ], [ -71.631506546397389, -39.112991292751232 ], [ -71.628933199196837, -39.112734988588997 ], [ -71.627351269574746, -39.11261642596525 ], [ -71.625458428541279, -39.112288751939026 ], [ -71.624058733852692, -39.112020865704579 ], [ -71.622782621296039, -39.111610986656551 ], [ -71.622201589173642, -39.111221836096867 ], [ -71.622058783094616, -39.111126152845429 ], [ -71.621339721235557, -39.110905276644978 ], [ -71.620610990809084, -39.110765945788323 ], [ -71.619066820971668, -39.110348180192176 ], [ -71.618330746817762, -39.11011770408895 ], [ -71.617740323707366, -39.109527625843874 ], [ -71.617244593807712, -39.108667510716508 ], [ -71.616954410123171, -39.108144561281541 ], [ -71.616587052172576, -39.107783571525395 ], [ -71.616348750687266, -39.107428613679673 ], [ -71.615663099868556, -39.106867453730949 ], [ -71.615506421106588, -39.106473021068915 ], [ -71.61616458796918, -39.106229893668676 ], [ -71.61737870149986, -39.105963869295877 ], [ -71.618064240927467, -39.105889866341201 ], [ -71.619035558701455, -39.105273397420859 ], [ -71.619461022379582, -39.104371987691273 ], [ -71.619462468667194, -39.104365018173965 ], [ -71.619583187868344, -39.103767666356049 ], [ -71.619655003683732, -39.103412604634755 ], [ -71.61964390769333, -39.103115572230323 ], [ -71.619564819117414, -39.102895718675775 ], [ -71.619473579030625, -39.102641891571508 ], [ -71.619143455350226, -39.101991647631053 ], [ -71.620096067505074, -39.101720771360633 ], [ -71.620278659069726, -39.101668840282919 ], [ -71.620962171898043, -39.101536265771756 ], [ -71.621256953160213, -39.101232426429256 ], [ -71.621714217199397, -39.100911867319503 ], [ -71.622226130248904, -39.100552952125867 ], [ -71.623269301567518, -39.09981320387547 ], [ -71.623277591220969, -39.099799215836285 ], [ -71.623557383194296, -39.09932920634752 ], [ -71.623628939396582, -39.099182275366886 ], [ -71.624054595314178, -39.098308963813672 ], [ -71.624041240959144, -39.097948954779454 ], [ -71.624318290375925, -39.097167847949038 ], [ -71.624455671528978, -39.096750345460968 ], [ -71.624948555565808, -39.09560406547412 ], [ -71.625153636453575, -39.094946281413186 ], [ -71.625372861315526, -39.094728491851008 ], [ -71.625891230556959, -39.094213467866417 ], [ -71.62610281255246, -39.093731188833992 ], [ -71.62600429970513, -39.093138772348347 ], [ -71.626372934161779, -39.092774654776782 ], [ -71.626395233940372, -39.092311475745809 ], [ -71.626416242839909, -39.091877257370001 ], [ -71.626799741719552, -39.091592363729021 ], [ -71.627160568019733, -39.091324366068946 ], [ -71.627913269989548, -39.091010110130227 ], [ -71.627888961577966, -39.090352992299707 ], [ -71.627869071979248, -39.089817403488347 ], [ -71.627755390180056, -39.089706752203234 ], [ -71.627155029906007, -39.089121741481847 ], [ -71.627218121283349, -39.088760007969626 ], [ -71.627677942826139, -39.088421876570436 ], [ -71.627888031821627, -39.08826739046647 ], [ -71.628466006977121, -39.08736243459154 ], [ -71.6284394276245, -39.086646767508768 ], [ -71.628281347490699, -39.086143743114924 ], [ -71.62817933570534, -39.085819314565143 ], [ -71.628401830434925, -39.085264678594307 ], [ -71.628683304952787, -39.084605164351601 ], [ -71.628818297485481, -39.084124608165475 ], [ -71.629216095747807, -39.083835990338812 ], [ -71.629414257811263, -39.08369225067316 ], [ -71.6299355357976, -39.083324604808148 ], [ -71.630538078079482, -39.083072247589968 ], [ -71.630836711317571, -39.082885350961988 ], [ -71.631236182242958, -39.082443397193856 ], [ -71.631277389761664, -39.08239796268726 ], [ -71.63157438537101, -39.082156928573689 ], [ -71.63185782899599, -39.081551461512085 ], [ -71.631615361124375, -39.081201054799536 ], [ -71.631597623889107, -39.080723944615677 ], [ -71.631844371334708, -39.080394889471243 ], [ -71.631961834142956, -39.080238208026557 ], [ -71.632189808595754, -39.080125009706009 ], [ -71.631649636344051, -39.079963106036935 ], [ -71.630162911074095, -39.079517538493491 ], [ -71.629542676472695, -39.079292854114996 ], [ -71.627927334911959, -39.0790320125638 ], [ -71.626925637911683, -39.078815769380718 ], [ -71.626152715763112, -39.07859443421215 ], [ -71.625892419028077, -39.078339255338221 ], [ -71.625676731731744, -39.078127722727245 ], [ -71.625124117813328, -39.077662660886951 ], [ -71.624120186702953, -39.077387990979759 ], [ -71.624007413998825, -39.077390530757121 ], [ -71.622974381964795, -39.077413787637887 ], [ -71.622561487514133, -39.077496589742097 ], [ -71.622291362311572, -39.077550788989939 ], [ -71.621944335930777, -39.077758016471002 ], [ -71.621468353696031, -39.078042242139603 ], [ -71.620870695554359, -39.078416071718465 ], [ -71.61836069844594, -39.07876985346239 ], [ -71.616909082930562, -39.078802461968223 ], [ -71.616084328888434, -39.078789393742269 ], [ -71.615379234933712, -39.078778208343088 ], [ -71.615053303690758, -39.078785596703909 ], [ -71.614538618440307, -39.078797146115456 ], [ -71.613392687938003, -39.078822851603704 ], [ -71.612705144369002, -39.078838195255521 ], [ -71.611849460433305, -39.078438538863843 ], [ -71.61085407499624, -39.078402244009105 ], [ -71.610674376006799, -39.078292390715241 ], [ -71.610384824736215, -39.078115400541542 ], [ -71.609156198922108, -39.07796276007231 ], [ -71.608324374240382, -39.078220138354048 ], [ -71.608247129905735, -39.078238694826027 ], [ -71.607749397661308, -39.078358252503023 ], [ -71.606960238463998, -39.078547948417814 ], [ -71.605434697888938, -39.078640593618196 ], [ -71.604981133112105, -39.078650807637047 ], [ -71.604899767306918, -39.078652626313833 ], [ -71.60464400347081, -39.078549481882582 ], [ -71.604201293935859, -39.078370881479515 ], [ -71.604060420132996, -39.078374103227972 ], [ -71.60351375306179, -39.07838624475535 ], [ -71.603051151233188, -39.078279451404399 ], [ -71.602860859309928, -39.078218532357745 ], [ -71.602354841005322, -39.078056246349362 ], [ -71.6010517457525, -39.077963784482662 ], [ -71.599455751208012, -39.077999397552837 ], [ -71.599370979889599, -39.078001288771006 ], [ -71.597151455723264, -39.077933649795902 ], [ -71.59615607837101, -39.077897229157962 ], [ -71.594774395802176, -39.077747773034027 ], [ -71.594388258570561, -39.077639316918777 ], [ -71.593925415095157, -39.077527991014939 ], [ -71.59222717879662, -39.077088265227317 ], [ -71.591607356521948, -39.076863294864978 ], [ -71.591507855527809, -39.076651622540247 ], [ -71.591441734132999, -39.076511092859761 ], [ -71.591240610324036, -39.076459104861648 ], [ -71.590592493812849, -39.076291292343868 ], [ -71.590055712701357, -39.076244623018773 ], [ -71.589809114376081, -39.075772588976143 ], [ -71.589802624946458, -39.075592576332248 ], [ -71.589859193656523, -39.075055277747055 ], [ -71.589470933705897, -39.074888178102618 ], [ -71.58801064405813, -39.074681859254021 ], [ -71.587170436298166, -39.074700589607893 ], [ -71.586793179811437, -39.074310937527223 ], [ -71.586773307280737, -39.074290491494274 ], [ -71.586749351008748, -39.074285267356828 ], [ -71.585771407261191, -39.07407396946865 ], [ -71.584143428201031, -39.073456837427592 ], [ -71.582499528299081, -39.072763278545722 ], [ -71.582124787095154, -39.072605153263225 ], [ -71.581878803217549, -39.072576579173557 ], [ -71.58127995480811, -39.072506814883909 ], [ -71.580125402275712, -39.072293625181423 ], [ -71.578584700833616, -39.071967337802164 ], [ -71.577428032768722, -39.071695567193608 ], [ -71.576107970136817, -39.071130110609772 ], [ -71.575180553929059, -39.070853396933991 ], [ -71.572625076914463, -39.069954804913188 ], [ -71.570757136282339, -39.069041066997023 ], [ -71.569742450541369, -39.068468800205991 ], [ -71.5662399740458, -39.067287384402398 ], [ -71.565687661961363, -39.067071045943933 ], [ -71.565030188598172, -39.066813399624841 ], [ -71.564472428231525, -39.066611124084325 ], [ -71.56327837318284, -39.066565949301825 ], [ -71.562550215881515, -39.066724996909812 ], [ -71.561233217403043, -39.066858897871327 ], [ -71.561122571909479, -39.066870186989291 ], [ -71.559436050540569, -39.066731581660108 ], [ -71.558355522780843, -39.066453443950508 ], [ -71.557641356740078, -39.06632387209649 ], [ -71.556893744624659, -39.066188237608152 ], [ -71.554728180460799, -39.066038596267255 ], [ -71.553261615182478, -39.066070661747602 ], [ -71.551986108988643, -39.066313224561092 ], [ -71.551570934613778, -39.066483209000687 ], [ -71.551101459774927, -39.066675490252955 ] ] ] } },
{ "type": "Feature", "properties": { "capa": "ds19", "popup": "<strong>CONDOMINIO CABURGUA</strong><br><br><strong>Programa:</strong> DS19<br><strong>Comuna:</strong> Pucón<br><strong>Región:</strong> La Araucanía<br><strong>Año de inicio:</strong> 2019", "etiqueta": "CONDOMINIO CABURGUA" }, "geometry": { "type": "Polygon", "coordinates": [ [ [ -71.965219068214324, -39.284782561849823 ], [ -71.965091071761051, -39.284805572222744 ], [ -71.964223966644866, -39.28496024089192 ], [ -71.964454106935804, -39.285518226720406 ], [ -71.963964089423058, -39.285607390762905 ], [ -71.964086380675951, -39.285887743037868 ], [ -71.965708879114572, -39.285604729172078 ], [ -71.965693155003834, -39.285575401605215 ], [ -71.965342387139899, -39.284768518802025 ], [ -71.965219068214324, -39.284782561849823 ] ] ] } },
{ "type": "Feature", "properties": { "capa": "colegios", "popup": "<strong>ESCUELA PARTICULAR SAN LUIS</strong><br><br><strong>Dirección:</strong> CAMINO INTERNACIONAL PUCÓN-CATRIPULLI 0", "etiqueta": "" }, "geometry": { "type": "Point", "coordinates": [ -71.734848, -39.360291 ] } },
{ "type": "Feature", "properties": { "capa": "colegios", "popup": "<strong>ESCUELA PARTICULAR RELICURA</strong><br><br><strong>Dirección:</strong> RELICURA 0", "etiqueta": "" }, "geometry": { "type": "Point", "coordinates": [ -71.650726, -39.347031 ] } },
{ "type": "Feature", "properties": { "capa": "colegios", "popup": "<strong>ESCUELA JOSE MIGUEL MARTINEZ SOTO</strong><br><br><strong>Dirección:</strong> CAMINO INTERNACIONAL 20", "etiqueta": "" }, "geometry": { "type": "Point", "coordinates": [ -71.75798, -39.337471 ] } },
{ "type": "Feature", "properties": { "capa": "colegios", "popup": "<strong>ESCUELA SANTA ROSA DE LLAFENCO</strong><br><br><strong>Dirección:</strong> CAMINO INTERNACIONAL 20", "etiqueta": "" }, "geometry": { "type": "Point", "coordinates": [ -71.779083, -39.334888 ] } },
{ "type": "Feature", "properties": { "capa": "colegios", "popup": "<strong>ESCUELA NUEVA MENETUE</strong><br><br><strong>Dirección:</strong> MENETUE 0", "etiqueta": "" }, "geometry": { "type": "Point", "coordinates": [ -71.731903, -39.32283 ] } },
{ "type": "Feature", "properties": { "capa": "colegios", "popup": "<strong>ESC. BASICA CANDELARIA</strong><br><br><strong>Dirección:</strong> CAMINO AL VOLCAN 7", "etiqueta": "" }, "geometry": { "type": "Point", "coordinates": [ -71.988022, -39.313179 ] } },
{ "type": "Feature", "properties": { "capa": "colegios", "popup": "<strong>COLEGIO PUCÓN</strong><br><br><strong>Dirección:</strong> CAMINO INTERNACIONAL 7", "etiqueta": "" }, "geometry": { "type": "Point", "coordinates": [ -71.872452, -39.30547 ] } },
{ "type": "Feature", "properties": { "capa": "colegios", "popup": "<strong>ESCUELA BASICA MUNICIPAL DE EL CLARO</strong><br><br><strong>Dirección:</strong> CAMINO INTERNACIONAL 4.5", "etiqueta": "" }, "geometry": { "type": "Point", "coordinates": [ -71.900398, -39.298779 ] } },
{ "type": "Feature", "properties": { "capa": "colegios", "popup": "<strong>COLEGIO RAITRAI DE PUCON</strong><br><br><strong>Dirección:</strong> CAMINO INTERNACIONAL 2200", "etiqueta": "" }, "geometry": { "type": "Point", "coordinates": [ -71.944366, -39.286999 ] } },
{ "type": "Feature", "properties": { "capa": "colegios", "popup": "<strong>ESCUELA CARLOS HOLZAFEL</strong><br><br><strong>Dirección:</strong> VARIANTE CAMINO INTERNACIONAL 1110", "etiqueta": "" }, "geometry": { "type": "Point", "coordinates": [ -71.963943, -39.282921 ] } },
{ "type": "Feature", "properties": { "capa": "colegios", "popup": "<strong>LICEO TECNOLOGICO MONTEMARIA</strong><br><br><strong>Dirección:</strong> RIO TRANCURA 115", "etiqueta": "" }, "geometry": { "type": "Point", "coordinates": [ -71.942451, -39.282619 ] } },
{ "type": "Feature", "properties": { "capa": "colegios", "popup": "<strong>ESCUELA MUNICIPAL LOS ARRAYANES</strong><br><br><strong>Dirección:</strong> LOS TILOS 55", "etiqueta": "" }, "geometry": { "type": "Point", "coordinates": [ -71.960716, -39.281818 ] } },
{ "type": "Feature", "properties": { "capa": "colegios", "popup": "<strong>ESCUELA PARTICULAR RAMON GUINEZ</strong><br><br><strong>Dirección:</strong> COLO COLO 847", "etiqueta": "" }, "geometry": { "type": "Point", "coordinates": [ -71.968658, -39.278721 ] } },
{ "type": "Feature", "properties": { "capa": "colegios", "popup": "<strong>COMPLEJO EDUCACIONAL PABLO SEXTO</strong><br><br><strong>Dirección:</strong> URUGUAY 465", "etiqueta": "" }, "geometry": { "type": "Point", "coordinates": [ -71.972923, -39.278099 ] } },
{ "type": "Feature", "properties": { "capa": "colegios", "popup": "<strong>COLEGIO LIAHONA</strong><br><br><strong>Dirección:</strong> AVENIDA O'HIGGINS 1525", "etiqueta": "" }, "geometry": { "type": "Point", "coordinates": [ -71.963211, -39.277771 ] } },
{ "type": "Feature", "properties": { "capa": "colegios", "popup": "<strong>LICEO BICENTENARIO   HOTELERIA Y TURISMO</strong><br><br><strong>Dirección:</strong> AVENIDA BERNARDO O'HIGGINS 1085", "etiqueta": "" }, "geometry": { "type": "Point", "coordinates": [ -71.965187, -39.27729 ] } },
{ "type": "Feature", "properties": { "capa": "colegios", "popup": "<strong>ESCUELA PARTICULAR NTRA.SRA.DE FATIMA</strong><br><br><strong>Dirección:</strong> LINCOYAN 123", "etiqueta": "" }, "geometry": { "type": "Point", "coordinates": [ -71.978256, -39.274559 ] } },
{ "type": "Feature", "properties": { "capa": "colegios", "popup": "<strong>ESCUELA PARTICULAR QUETROLELFU</strong><br><br><strong>Dirección:</strong> CAMINO A CABURGUA 13", "etiqueta": "" }, "geometry": { "type": "Point", "coordinates": [ -71.861023, -39.274281 ] } },
{ "type": "Feature", "properties": { "capa": "colegios", "popup": "<strong>ESC. BASICA VILLA SAN PEDRO</strong><br><br><strong>Dirección:</strong> CAMINO A HUIFE 18", "etiqueta": "" }, "geometry": { "type": "Point", "coordinates": [ -71.786743, -39.266819 ] } },
{ "type": "Feature", "properties": { "capa": "colegios", "popup": "<strong>ESC. BASICA PICHARES</strong><br><br><strong>Dirección:</strong> CAMINO A HUIFE 22", "etiqueta": "" }, "geometry": { "type": "Point", "coordinates": [ -71.778503, -39.26379 ] } },
{ "type": "Feature", "properties": { "capa": "colegios", "popup": "<strong>ESC. BASICA QUELHUE</strong><br><br><strong>Dirección:</strong> CAMINO VECINAL 10", "etiqueta": "" }, "geometry": { "type": "Point", "coordinates": [ -71.920067, -39.261452 ] } },
{ "type": "Feature", "properties": { "capa": "colegios", "popup": "<strong>ESC. BASICA CARILEUFU</strong><br><br><strong>Dirección:</strong> CAMINO A CABURGUA 18", "etiqueta": "" }, "geometry": { "type": "Point", "coordinates": [ -71.815987, -39.23888 ] } },
{ "type": "Feature", "properties": { "capa": "colegios", "popup": "<strong>ESCUELA PARTICULAR CABURGUA</strong><br><br><strong>Dirección:</strong> CAMINO MISIONAL 22", "etiqueta": "" }, "geometry": { "type": "Point", "coordinates": [ -71.821373, -39.19759 ] } },
{ "type": "Feature", "properties": { "capa": "colegios", "popup": "<strong>ESC.BASICA PAILLACO</strong><br><br><strong>Dirección:</strong> CAMINO PARQUE NACIONAL HUERQUEHUE 30", "etiqueta": "" }, "geometry": { "type": "Point", "coordinates": [ -71.758202, -39.193378 ] } },
{ "type": "Feature", "properties": { "capa": "jardines", "popup": "<strong>COPITO DE NIEVE</strong><br><br><strong>Dirección:</strong> SEBASTIAN ENGLER 530 ", "etiqueta": "" }, "geometry": { "type": "MultiPoint", "coordinates": [ [ -71.97102, -39.279457 ] ] } },
{ "type": "Feature", "properties": { "capa": "jardines", "popup": "<strong>LA CASITA DE MIS SUENOS</strong><br><br><strong>Dirección:</strong> VISTA HERMOSA 1235 VILLA EL MIRADOR ", "etiqueta": "" }, "geometry": { "type": "MultiPoint", "coordinates": [ [ -71.961783, -39.288776 ] ] } },
{ "type": "Feature", "properties": { "capa": "jardines", "popup": "<strong>LOS ROBLES</strong><br><br><strong>Dirección:</strong> LOS GUINDOS #1155 ", "etiqueta": "" }, "geometry": { "type": "MultiPoint", "coordinates": [ [ -71.964334, -39.284134 ] ] } },
{ "type": "Feature", "properties": { "capa": "jardines", "popup": "<strong>CARILEUFU</strong><br><br><strong>Dirección:</strong> CAMINO CABURGA N-175, CARILEUFU ", "etiqueta": "" }, "geometry": { "type": "MultiPoint", "coordinates": [ [ -71.825857, -39.238014 ] ] } },
{ "type": "Feature", "properties": { "capa": "jardines", "popup": "<strong>ANTU MAHUIDA</strong><br><br><strong>Dirección:</strong> ESC.MUNICIPAL VILLA SAN PEDRO ", "etiqueta": "" }, "geometry": { "type": "MultiPoint", "coordinates": [ [ -71.786667, -39.266317 ] ] } },
{ "type": "Feature", "properties": { "capa": "jardines", "popup": "<strong>RUKAYUN</strong><br><br><strong>Dirección:</strong> URUGUAY 450 ", "etiqueta": "" }, "geometry": { "type": "MultiPoint", "coordinates": [ [ -71.972706, -39.278181 ] ] } },
{ "type": "Feature", "properties": { "capa": "jardines", "popup": "<strong>MIGUEL ASTROZA</strong><br><br><strong>Dirección:</strong> Miguel Astroza, 1605 ", "etiqueta": "" }, "geometry": { "type": "MultiPoint", "coordinates": [ [ -71.96098, -39.29134 ] ] } },
{ "type": "Feature", "properties": { "capa": "jardines", "popup": "<strong>DULCES CASTAÑAS</strong><br><br><strong>Dirección:</strong> VARIANTE CAMINO INTERNACIONAL 2105 ", "etiqueta": "" }, "geometry": { "type": "MultiPoint", "coordinates": [ [ -71.95366, -39.285183 ] ] } },
{ "type": "Feature", "properties": { "capa": "jardines", "popup": "<strong>LOS AVELLANITOS</strong><br><br><strong>Dirección:</strong> RIO CLARO N.125 ", "etiqueta": "" }, "geometry": { "type": "MultiPoint", "coordinates": [ [ -71.941295, -39.282365 ] ] } },
{ "type": "Feature", "properties": { "capa": "jardines", "popup": "<strong>NA</strong><br><br><strong>Dirección:</strong> NA ", "etiqueta": "" }, "geometry": { "type": "MultiPoint", "coordinates": [ [ -71.966008999876607, -39.277659999779431 ] ] } },
{ "type": "Feature", "properties": { "capa": "bomberos", "popup": "<strong>Cuerpo de Bomberos</strong><br><br><strong>Dirección:</strong> Bernardo O Higins 461", "etiqueta": "" }, "geometry": { "type": "Point", "coordinates": [ -71.973672307471432, -39.276204498454547 ] } },
{ "type": "Feature", "properties": { "capa": "comisarias", "popup": "<strong>9NA. COM. PUCON</strong><br><br><strong>Dirección:</strong> BERNARDO O'HIGGINS 135", "etiqueta": "" }, "geometry": { "type": "Point", "coordinates": [ -71.977738238908302, -39.277333328901072 ] } },
{ "type": "Feature", "properties": { "capa": "salud", "popup": "<strong>Centro Comunitario de Salud Familiar Pucón Oriente</strong><br><br><strong>Tipo de atención:</strong> Centro Comunitario de Salud Familiar (CECOSF)<br><strong>Dirección:</strong>  NA", "etiqueta": "" }, "geometry": { "type": "Point", "coordinates": [ -71.94065, -39.28244 ] } },
{ "type": "Feature", "properties": { "capa": "salud", "popup": "<strong>SAPU Pucón</strong><br><br><strong>Tipo de atención:</strong> Servicio de Atención Primaria de Urgencia (SAPU)<br><strong>Dirección:</strong>  NA", "etiqueta": "" }, "geometry": { "type": "Point", "coordinates": [ -71.960497, -39.280151 ] } },
{ "type": "Feature", "properties": { "capa": "salud", "popup": "<strong>Centro de Salud Familiar Rural Pucón</strong><br><br><strong>Tipo de atención:</strong> Centro de Salud Familiar (CESFAM)<br><strong>Dirección:</strong>  662", "etiqueta": "" }, "geometry": { "type": "Point", "coordinates": [ -71.96077, -39.28072 ] } },
{ "type": "Feature", "properties": { "capa": "salud", "popup": "<strong>Hospital San Francisco de Pucón (D)</strong><br><br><strong>Tipo de atención:</strong> Hospital<br><strong>Dirección:</strong>  325", "etiqueta": "" }, "geometry": { "type": "Point", "coordinates": [ -71.97429, -39.27883 ] } },
{ "type": "Feature", "properties": { "capa": "salud", "popup": "<strong>Posta de Salud Rural San Pedro de Pucón</strong><br><br><strong>Tipo de atención:</strong> Posta de Salud Rural (PSR)<br><strong>Dirección:</strong>  1424", "etiqueta": "" }, "geometry": { "type": "Point", "coordinates": [ -71.77723, -39.26434 ] } },
{ "type": "Feature", "properties": { "capa": "salud", "popup": "<strong>Posta de Salud Rural Quelhue</strong><br><br><strong>Tipo de atención:</strong> Posta de Salud Rural (PSR)<br><strong>Dirección:</strong>  NA", "etiqueta": "" }, "geometry": { "type": "Point", "coordinates": [ -71.91999, -39.26109 ] } },
{ "type": "Feature", "properties": { "capa": "salud", "popup": "<strong>Posta de Salud Rural Paillaco</strong><br><br><strong>Tipo de atención:</strong> Posta de Salud Rural (PSR)<br><strong>Dirección:</strong>  NA", "etiqueta": "" }, "geometry": { "type": "Point", "coordinates": [ -71.76048, -39.19671 ] } },
{ "type": "Feature", "properties": { "capa": "salud", "popup": "<strong>CECOSF CABURGA \"KUME FELEN\"</strong><br><br><strong>Tipo de atención:</strong> Centro Comunitario de Salud Familiar (CECOSF)<br><strong>Dirección:</strong>  17.5", "etiqueta": "" }, "geometry": { "type": "Point", "coordinates": [ -71.824486, -39.234533 ] } },
{ "type": "Feature", "properties": { "capa": "salud", "popup": "<strong>SUR CABURGA</strong><br><br><strong>Tipo de atención:</strong> Servicio de Urgencia Rural (SUR)<br><strong>Dirección:</strong>  NA", "etiqueta": "" }, "geometry": { "type": "Point", "coordinates": [ -71.824522, -39.234574 ] } },
{ "type": "Feature", "properties": { "capa": "municipios", "popup": "<strong>Municipalidad de Pucón</strong><br><br><strong>Dirección:</strong> OHiggins Nº 483<br><strong>Región:</strong> La Araucanía", "etiqueta": "" }, "geometry": { "type": "Point", "coordinates": [ -71.973633, -39.27617800099997 ] } }
]
}
