{
"type": "FeatureCollection",
"name": "9202",
"crs": { "type": "name", "properties": { "name": "urn:ogc:def:crs:OGC:1.3:CRS84" } },
"features": [
{ "type": "Feature", "properties": { "capa": "comuna", "popup": "", "etiqueta": "" }, "geometry": { "type": "Polygon", "coordinates": [ [ [ -72.457151491815637, -37.769866902014435 ], [ -72.456635531855781, -37.769957555883146 ], [ -72.456246778730076, -37.769887051746586 ], [ -72.456210678133729, -37.769880509617124 ], [ -72.456081882179888, -37.769851965815974 ], [ -72.455973865156849, -37.769848347866933 ], [ -72.455612279780283, -37.769816159119031 ], [ -72.45522694115094, -37.769771012476937 ], [ -72.455075587601982, -37.769811101798929 ], [ -72.454800152457778, -37.769883912405021 ], [ -72.454281769741598, -37.770042378331766 ], [ -72.454102683403192, -37.770069922954541 ], [ -72.453964584496248, -37.770091171149332 ], [ -72.453895075554513, -37.770101919866192 ], [ -72.453504747682089, -37.770263118477509 ], [ -72.452723694881897, -37.770680952220069 ], [ -72.452596514098914, -37.770749039165757 ], [ -72.452561859790208, -37.77076754764154 ], [ -72.452285632331922, -37.770915358939384 ], [ -72.452271697665225, -37.77092757528753 ], [ -72.451935991853659, -37.771221784589315 ], [ -72.451756797717422, -37.771378925473876 ], [ -72.451608786799625, -37.771472936888649 ], [ -72.451398282782478, -37.771606641727089 ], [ -72.45128892277809, -37.771676123128437 ], [ -72.451188779488533, -37.771739873410645 ], [ -72.450708428746552, -37.772034777485999 ], [ -72.450295756179756, -37.772259648579897 ], [ -72.45022928803526, -37.77229584179431 ], [ -72.449564176297201, -37.77281845191294 ], [ -72.449262787926116, -37.773055261824062 ], [ -72.449188342741891, -37.773147852395034 ], [ -72.449055108212221, -37.773313827361953 ], [ -72.448994808798773, -37.773388733468074 ], [ -72.448984543750015, -37.773689780806251 ], [ -72.448982029365538, -37.773761665224619 ], [ -72.449052268637615, -37.774204342527085 ], [ -72.449209158503663, -37.774614886614238 ], [ -72.449196853380897, -37.77497400244927 ], [ -72.44919637996874, -37.774987817866368 ], [ -72.449098159972209, -37.775358898280096 ], [ -72.448724939616056, -37.776256577221993 ], [ -72.448678687158704, -37.776367677248132 ], [ -72.448519220924425, -37.776779445486966 ], [ -72.448480129836526, -37.776880594361494 ], [ -72.448444183750425, -37.776973383920307 ], [ -72.448376558575831, -37.777052785771261 ], [ -72.448338560737639, -37.777097441597739 ], [ -72.448132255446112, -37.77733987754015 ], [ -72.448004939915833, -37.777681328975312 ], [ -72.448002865705845, -37.777686703847259 ], [ -72.447989887744939, -37.777721550332636 ], [ -72.44798527309932, -37.777758291140323 ], [ -72.447977759590302, -37.777818660736436 ], [ -72.447970445507238, -37.777877326943226 ], [ -72.447966403986783, -37.777884382420197 ], [ -72.44771205499724, -37.778225496212045 ], [ -72.447424300357227, -37.778496147293239 ], [ -72.447322035246955, -37.778880483048106 ], [ -72.447304217163293, -37.779143226494739 ], [ -72.447291930006841, -37.779524925476672 ], [ -72.44713299916846, -37.779982508814932 ], [ -72.446936417241574, -37.780274326311634 ], [ -72.446924040253592, -37.780656102522194 ], [ -72.447086275095586, -37.780913499100159 ], [ -72.447394979346342, -37.781095163032404 ], [ -72.447648217119891, -37.781373804453672 ], [ -72.447699243224662, -37.781825163996125 ], [ -72.447652539813035, -37.782112592220599 ], [ -72.44757030174371, -37.782281795213152 ], [ -72.447095923001754, -37.782414882703129 ], [ -72.446861498645191, -37.782540940480814 ], [ -72.446782675970596, -37.782781631914382 ], [ -72.446765960119791, -37.783068107898139 ], [ -72.446599272328925, -37.783359049181698 ], [ -72.446193726995602, -37.783680823821257 ], [ -72.445543880329168, -37.783914322459111 ], [ -72.444746266188403, -37.784199893823121 ], [ -72.44399969701702, -37.78429325849077 ], [ -72.44360431791776, -37.784185636402427 ], [ -72.443154478454403, -37.784198798354616 ], [ -72.442502314134543, -37.784384745200654 ], [ -72.441883552770207, -37.784641227149997 ], [ -72.441472542984997, -37.78484388023093 ], [ -72.44109364707289, -37.785093343426169 ], [ -72.440929143984818, -37.785431890144935 ], [ -72.440680006122207, -37.78653559094905 ], [ -72.440672110829198, -37.787012588734953 ], [ -72.440633202099292, -37.787466581044285 ], [ -72.440438694382394, -37.78780600429814 ], [ -72.439829743519283, -37.788276659969362 ], [ -72.439307560031139, -37.788673336472876 ], [ -72.438776441899194, -37.788879563568777 ], [ -72.438117691131666, -37.788922649727908 ], [ -72.437485529598248, -37.788893366448207 ], [ -72.437152247441304, -37.788831660607137 ], [ -72.436586893615569, -37.788943524058531 ], [ -72.435561249326454, -37.789497841724391 ], [ -72.434984549778662, -37.790015208273942 ], [ -72.434027791898799, -37.790758208797037 ], [ -72.431772343205935, -37.792969237625854 ], [ -72.430977546181893, -37.793969712881875 ], [ -72.430428576728616, -37.79443857380533 ], [ -72.429877306689889, -37.794859895436815 ], [ -72.428997314342624, -37.795314631729234 ], [ -72.428321711180359, -37.795644142078267 ], [ -72.427402702305372, -37.795909296909073 ], [ -72.426519281088673, -37.796292526325246 ], [ -72.425930361758063, -37.796548057637942 ], [ -72.425549605435009, -37.79708358709432 ], [ -72.425542714458444, -37.797584320993771 ], [ -72.425494818084132, -37.797847938469531 ], [ -72.425510130766469, -37.798181156296579 ], [ -72.425559944145618, -37.798608797421402 ], [ -72.425632053710075, -37.798868847239099 ], [ -72.425889682448741, -37.799242761298707 ], [ -72.425961795606483, -37.799502884124742 ], [ -72.426432745479019, -37.799942027859537 ], [ -72.426534767145839, -37.80020120560021 ], [ -72.426674690531115, -37.800626222248198 ], [ -72.426649916792215, -37.801389698698742 ], [ -72.426551835136237, -37.801869322637785 ], [ -72.426330616014383, -37.802280943826624 ], [ -72.425582905982594, -37.80332769107099 ], [ -72.425388290467865, -37.803667093983265 ], [ -72.425073746269433, -37.804009914296969 ], [ -72.42457357779395, -37.804238943877031 ], [ -72.424254540222478, -37.804486687128474 ], [ -72.424180022274726, -37.804822518870473 ], [ -72.424139819072508, -37.805252706482868 ], [ -72.424160635732591, -37.805705030223876 ], [ -72.424119129074867, -37.806754980273574 ], [ -72.424107833658482, -37.80716056203002 ], [ -72.423825383570232, -37.807550122114748 ], [ -72.423624239998333, -37.807746681753891 ], [ -72.423276274878091, -37.808019028851469 ], [ -72.42258953530127, -37.808110521670784 ], [ -72.422020523535679, -37.808150910286429 ], [ -72.421517021412185, -37.808308583023198 ], [ -72.420979000625607, -37.8086272631962 ], [ -72.420794892704734, -37.808705459281342 ], [ -72.42057524922788, -37.808870299747127 ], [ -72.420479208544236, -37.809173543922945 ], [ -72.420470048423283, -37.809188719157873 ], [ -72.420351253413486, -37.809386052996139 ], [ -72.420309608415224, -37.809455162475402 ], [ -72.420297683279827, -37.809474919587309 ], [ -72.419946872296734, -37.809694127504571 ], [ -72.419773094103363, -37.809802724489693 ], [ -72.419621742351012, -37.8098631395887 ], [ -72.419209339278822, -37.810027822752929 ], [ -72.418603977185256, -37.810218186415092 ], [ -72.418226881496977, -37.810472766803613 ], [ -72.418165897567278, -37.810513948999336 ], [ -72.418096784782577, -37.810584593937783 ], [ -72.417990886885306, -37.810692692109669 ], [ -72.417678177945021, -37.81101211853629 ], [ -72.417099544324429, -37.811661048479841 ], [ -72.416738813245686, -37.812195970156978 ], [ -72.416430265301784, -37.812460658208408 ], [ -72.416337043531485, -37.812585508644645 ], [ -72.416205882313491, -37.812761131220007 ], [ -72.416189477279772, -37.812822938429584 ], [ -72.416107459297692, -37.813132192993116 ], [ -72.416050549227833, -37.813538066174146 ], [ -72.416035347936571, -37.813972838604535 ], [ -72.416032798517818, -37.814046642537875 ], [ -72.41603748592695, -37.814063554760871 ], [ -72.416146771371146, -37.814456261294552 ], [ -72.416220456580646, -37.814797160131668 ], [ -72.416202707667267, -37.81530573633782 ], [ -72.416182595286372, -37.815882059189477 ], [ -72.416036701697706, -37.816387787189626 ], [ -72.41570807011901, -37.816874982157344 ], [ -72.41563553565139, -37.816982553078475 ], [ -72.415512837461677, -37.8171643504458 ], [ -72.415495421823266, -37.817190169395374 ], [ -72.415269884499835, -37.817524477246629 ], [ -72.414783239262647, -37.817988801681835 ], [ -72.414759580332998, -37.81801443370896 ], [ -72.414383218568318, -37.818421163539853 ], [ -72.414243165825624, -37.818757342072715 ], [ -72.414190759010253, -37.818906027447206 ], [ -72.4141007532087, -37.819161415235079 ], [ -72.413876338779346, -37.819461810591477 ], [ -72.413522640610964, -37.8197933392251 ], [ -72.41336610288451, -37.819887108807997 ], [ -72.413085806956289, -37.820055172219888 ], [ -72.412952837429614, -37.820187963169957 ], [ -72.412815255053971, -37.820329671587245 ], [ -72.412775464178452, -37.820370678687368 ], [ -72.41274064727466, -37.82046910968505 ], [ -72.412691368393126, -37.82060906766376 ], [ -72.412680420624767, -37.820640013759636 ], [ -72.412674462997799, -37.820809490416224 ], [ -72.412839594906586, -37.820982787915533 ], [ -72.41315293715914, -37.821101598679313 ], [ -72.413219413388489, -37.821126830117791 ], [ -72.413726438704529, -37.821307623833555 ], [ -72.413831715865939, -37.821332909131442 ], [ -72.414192988628812, -37.821419698528381 ], [ -72.414516397402437, -37.821556959639587 ], [ -72.414614425159499, -37.821598544382461 ], [ -72.414994346947665, -37.82174265137575 ], [ -72.415105918604283, -37.821904362501186 ], [ -72.415216507503956, -37.822064920888039 ], [ -72.415225082821649, -37.8220773664954 ], [ -72.415279421913198, -37.822156086918113 ], [ -72.415396994315913, -37.822463975446126 ], [ -72.415390569564977, -37.82248807390976 ], [ -72.415378279713593, -37.822534262668889 ], [ -72.415330645647344, -37.822713806187515 ], [ -72.415298463502268, -37.822835039539513 ], [ -72.414977290635377, -37.823149760675605 ], [ -72.414722699999018, -37.823399223660132 ], [ -72.413894107455661, -37.823855978959273 ], [ -72.413442110239004, -37.824057809210693 ], [ -72.413242277309095, -37.824147078210629 ], [ -72.412811567469717, -37.824332420705723 ], [ -72.412417168432441, -37.82450216845546 ], [ -72.411636027597339, -37.824824243558865 ], [ -72.410860749167796, -37.824976838495786 ], [ -72.410130580538564, -37.8250625095869 ], [ -72.409535111591225, -37.825078956648269 ], [ -72.409445622320931, -37.82508140252655 ], [ -72.409173806488994, -37.825141236759535 ], [ -72.408885130177509, -37.825204733014502 ], [ -72.408148994938159, -37.825460016698905 ], [ -72.407630205285173, -37.82561822295748 ], [ -72.40756008998062, -37.825657524880796 ], [ -72.407106583594256, -37.825912069766822 ], [ -72.407100200165857, -37.825916903993814 ], [ -72.407007200279423, -37.825986610347499 ], [ -72.40688704342368, -37.826076809373099 ], [ -72.406857319069232, -37.826154720892362 ], [ -72.406745716869906, -37.826446965520965 ], [ -72.406770915511942, -37.826652812556667 ], [ -72.406751977229121, -37.82681343937336 ], [ -72.40667699125909, -37.827003661834418 ], [ -72.40655774080345, -37.82713988655486 ], [ -72.406214042680787, -37.82724939873566 ], [ -72.405815100863109, -37.827371654187125 ], [ -72.405264957311758, -37.82754249261 ], [ -72.404698842612973, -37.827669582397611 ], [ -72.404329294569692, -37.827824120559825 ], [ -72.404016513764191, -37.827999081067468 ], [ -72.403417409334907, -37.828624996274094 ], [ -72.403245536468219, -37.828829089658804 ], [ -72.403214900323761, -37.829073453219031 ], [ -72.403212647349022, -37.829327991998362 ], [ -72.403251198549455, -37.829559283053108 ], [ -72.403575239737052, -37.830235984379641 ], [ -72.403897590295287, -37.830582463750389 ], [ -72.403941923052884, -37.830676387070568 ], [ -72.404166461449734, -37.830939493341113 ], [ -72.404387899760522, -37.831135159161796 ], [ -72.404615443021981, -37.831465559037859 ], [ -72.404681132327141, -37.831969063821738 ], [ -72.404671177197159, -37.832676976407527 ], [ -72.404578012919046, -37.833420879453904 ], [ -72.40431196606788, -37.834102476962748 ], [ -72.403788278799965, -37.834724145272027 ], [ -72.403387163059293, -37.835241155274453 ], [ -72.403022323984743, -37.835622350854649 ], [ -72.402615105988346, -37.836004844199856 ], [ -72.402465520323872, -37.836447118769044 ], [ -72.402443168442957, -37.836885861863891 ], [ -72.402263840457735, -37.839451873746214 ], [ -72.40198373317574, -37.839830541877035 ], [ -72.401784026908302, -37.840105919730433 ], [ -72.401680000201765, -37.840614332888173 ], [ -72.401497213702697, -37.841259788940413 ], [ -72.401059762905419, -37.841912607228714 ], [ -72.400569190233824, -37.842331157340759 ], [ -72.4001572803367, -37.84261259476358 ], [ -72.399655780557978, -37.842795583206957 ], [ -72.399189015936344, -37.842808998610202 ], [ -72.398628123144306, -37.842623058392796 ], [ -72.398149094722427, -37.842367441792057 ], [ -72.397674514757824, -37.842212657425343 ], [ -72.397121352867117, -37.842194906044696 ], [ -72.396401567864245, -37.842249345584747 ], [ -72.395469503773199, -37.842309981707444 ], [ -72.394751262075999, -37.84239809500292 ], [ -72.393533042346164, -37.842702776301451 ], [ -72.393247864074382, -37.842893001778897 ], [ -72.392944597326036, -37.843021679706546 ], [ -72.392510024730925, -37.843215549931394 ], [ -72.392072885649057, -37.843477316844591 ], [ -72.391547928163334, -37.843804937397543 ], [ -72.391240811235662, -37.844060885264405 ], [ -72.391151252795112, -37.844135425953446 ], [ -72.39079724470794, -37.844466897648879 ], [ -72.390765469499712, -37.844498516163377 ], [ -72.390625033176391, -37.844638731470717 ], [ -72.390531140364587, -37.84473243755982 ], [ -72.390242119100037, -37.844973175317293 ], [ -72.390134455114904, -37.845062923378002 ], [ -72.389823199648745, -37.845395300319346 ], [ -72.389400296169171, -37.845996659362399 ], [ -72.389282676155773, -37.846163670906996 ], [ -72.389280507622672, -37.84616712834945 ], [ -72.389259265161144, -37.846201173579033 ], [ -72.38901064472816, -37.846598683137721 ], [ -72.389003000963399, -37.846618757322105 ], [ -72.38895561483217, -37.846659090108048 ], [ -72.388758924209142, -37.847001743395914 ], [ -72.388566761993459, -37.847445302632813 ], [ -72.38828819352554, -37.847857696832925 ], [ -72.387960972301826, -37.848136578673831 ], [ -72.387853760169278, -37.848577690241186 ], [ -72.387702438959678, -37.84898649169871 ], [ -72.387340628105974, -37.849434935522694 ], [ -72.386940859838234, -37.849985507822886 ], [ -72.386778829812116, -37.850158592804377 ], [ -72.386352958298858, -37.850137199527488 ], [ -72.385914669373406, -37.849846632674044 ], [ -72.385564326412592, -37.849620841540961 ], [ -72.385092987569536, -37.849533295828962 ], [ -72.384495752534363, -37.849483099928015 ], [ -72.384076038972367, -37.849596213556659 ], [ -72.383789738704806, -37.849840325319818 ], [ -72.383525208209832, -37.850122927172436 ], [ -72.383278056522343, -37.85020354491067 ], [ -72.383194843780956, -37.850221805787186 ], [ -72.382781831650973, -37.850312655424943 ], [ -72.382717509581681, -37.850326756086751 ], [ -72.38260247402134, -37.850351319278531 ], [ -72.382286409873458, -37.850419009346467 ], [ -72.38200213081528, -37.850392052918764 ], [ -72.38194725632782, -37.850386840097912 ], [ -72.381817228783703, -37.850374637598563 ], [ -72.381520352650313, -37.850300144357057 ], [ -72.381486379264572, -37.850308279601528 ], [ -72.381261462676989, -37.850362274789966 ], [ -72.380997693055065, -37.850559974499092 ], [ -72.380710174671989, -37.850688169478133 ], [ -72.380562952475003, -37.85075388023315 ], [ -72.380434938953755, -37.850765381861351 ], [ -72.380350589843516, -37.850773046065875 ], [ -72.379961930142585, -37.850808348920921 ], [ -72.379496772606998, -37.850723702902989 ], [ -72.379357582246996, -37.850698402141546 ], [ -72.379324263733096, -37.850692348797104 ], [ -72.379068732560654, -37.850612158605017 ], [ -72.378898942887105, -37.850558805536139 ], [ -72.378858718125301, -37.850546233508318 ], [ -72.378828788954991, -37.850524730398938 ], [ -72.378724177445207, -37.850449503868823 ], [ -72.378643815956522, -37.850391662081343 ], [ -72.378591167494363, -37.850353689839956 ], [ -72.378566726132107, -37.850336161728144 ], [ -72.378233025360259, -37.850091197577214 ], [ -72.378158552328244, -37.850072598319422 ], [ -72.377639287466479, -37.849942338125317 ], [ -72.376997992761559, -37.849928057220602 ], [ -72.376324459317729, -37.85000680396594 ], [ -72.376267520501742, -37.850013457457692 ], [ -72.376194287144841, -37.85001179550347 ], [ -72.376088352416659, -37.850009449048159 ], [ -72.375791509520909, -37.850002838115692 ], [ -72.375540693605359, -37.849997268475533 ], [ -72.375264720370311, -37.849991091650509 ], [ -72.374953622109317, -37.849984150169632 ], [ -72.374410181786615, -37.850092955998122 ], [ -72.373701042718181, -37.850382902641087 ], [ -72.373081364173942, -37.850771243683369 ], [ -72.372464752478066, -37.851226949976827 ], [ -72.371882853481424, -37.851513237070471 ], [ -72.370835742151968, -37.851846510586768 ], [ -72.369567198799913, -37.851983968316965 ], [ -72.368590955563207, -37.852011857612297 ], [ -72.367486016085635, -37.852009842467602 ], [ -72.366882730897032, -37.85182496387938 ], [ -72.366636753307603, -37.851778570733458 ], [ -72.366581899481417, -37.851749290391517 ], [ -72.36564048572491, -37.851607811842847 ], [ -72.364743175655605, -37.851498644372221 ], [ -72.363891323034608, -37.851455700412991 ], [ -72.360612781268017, -37.851313466589829 ], [ -72.358578765496063, -37.851439019483749 ], [ -72.357731493384705, -37.851496863286833 ], [ -72.356760013015631, -37.851625629760917 ], [ -72.356286364603989, -37.851739076316001 ], [ -72.355449906412019, -37.851881544808833 ], [ -72.354470471461113, -37.852635417056163 ], [ -72.353846785532397, -37.853301349535514 ], [ -72.353282383022531, -37.853835914774407 ], [ -72.352332103792492, -37.854511224495852 ], [ -72.351857540895878, -37.854861737717492 ], [ -72.351508896649264, -37.855105041201334 ], [ -72.351261657825205, -37.855423170347436 ], [ -72.351032113117299, -37.85612974215325 ], [ -72.350978588797716, -37.856390540467316 ], [ -72.350956423766391, -37.856624466693546 ], [ -72.351067316296636, -37.856906486481222 ], [ -72.351276197956395, -37.85718571425798 ], [ -72.35138474678206, -37.857415989546865 ], [ -72.351395311868131, -37.857649057158618 ], [ -72.351249573688008, -37.858042083533483 ], [ -72.35088001306832, -37.858545181356966 ], [ -72.350532427935434, -37.858814357212246 ], [ -72.350079997730802, -37.858930938901047 ], [ -72.349749880338607, -37.858862552370738 ], [ -72.349381268339869, -37.858665659350031 ], [ -72.348914576481775, -37.858471559523657 ], [ -72.348649819611353, -37.8584013086667 ], [ -72.348257960111383, -37.858412464407969 ], [ -72.34673009649299, -37.858611527684673 ], [ -72.346220413960353, -37.858911208504878 ], [ -72.345656006060594, -37.859445738738074 ], [ -72.345535930951513, -37.859682523412737 ], [ -72.345446142542244, -37.859866561713481 ], [ -72.345329485522825, -37.860180963876346 ], [ -72.345215358159223, -37.860547179356757 ], [ -72.345092935752305, -37.860732145291585 ], [ -72.344839891116536, -37.860920900138154 ], [ -72.344546991824899, -37.860955061250586 ], [ -72.344121314347746, -37.860941259785761 ], [ -72.343918304975006, -37.860791526492342 ], [ -72.343809773217316, -37.860561243308986 ], [ -72.343660413029966, -37.86015070955284 ], [ -72.343225370615968, -37.859929707506133 ], [ -72.34286604540064, -37.859939994916182 ], [ -72.342289897418439, -37.860215569309311 ], [ -72.341882860881739, -37.860616084186333 ], [ -72.34051726534301, -37.86223628054131 ], [ -72.339422210926841, -37.863330380378819 ], [ -72.338794698175008, -37.863918555322641 ], [ -72.337523280214043, -37.864732464730281 ], [ -72.337301759258239, -37.864894329834385 ], [ -72.337395055588701, -37.864900833763016 ], [ -72.336545332873243, -37.865524972082312 ], [ -72.333314266171115, -37.867846293479722 ], [ -72.331138692978371, -37.869645068050339 ], [ -72.330606731328373, -37.870178609196067 ], [ -72.330393249396039, -37.870521646011909 ], [ -72.330305748097473, -37.870757493090068 ], [ -72.329993187379216, -37.871077501933357 ], [ -72.329701499016565, -37.871137571867223 ], [ -72.329244196349833, -37.871150518346269 ], [ -72.328754255193857, -37.871164386684136 ], [ -72.328235176283343, -37.871256867731638 ], [ -72.327272685355325, -37.871672977824851 ], [ -72.326465402647145, -37.871903205721637 ], [ -72.325957874274565, -37.872254624029352 ], [ -72.325297541573832, -37.872843658090531 ], [ -72.324267873730548, -37.873948763044915 ], [ -72.323511891113313, -37.87531824093444 ], [ -72.322496678959581, -37.877472938245909 ], [ -72.321990215988905, -37.878576157162023 ], [ -72.321874692643391, -37.878916484596736 ], [ -72.321461619427964, -37.879187353695492 ], [ -72.320270981570616, -37.879622842507274 ], [ -72.319819443393058, -37.879765264192059 ], [ -72.319464755281217, -37.879878972321656 ], [ -72.31908091414347, -37.880071291381412 ], [ -72.318826567848859, -37.880233976468446 ], [ -72.318639835949057, -37.880446710545527 ], [ -72.318553447663149, -37.880708423958666 ], [ -72.318469382420545, -37.881021881399008 ], [ -72.318190437558513, -37.881366743806034 ], [ -72.317741210746178, -37.881560977599456 ], [ -72.31762118414612, -37.881581781774187 ], [ -72.317290013030117, -37.881591124578144 ], [ -72.316765960147862, -37.881477339681098 ], [ -72.316398153937925, -37.881230651157416 ], [ -72.31599789159678, -37.880984877873402 ], [ -72.315766552054939, -37.880888591619112 ], [ -72.315469237543667, -37.88076840662788 ], [ -72.314973045011627, -37.880551091705186 ], [ -72.314738251447523, -37.880377774626965 ], [ -72.314401761406714, -37.880104513358155 ], [ -72.314220180446753, -37.879672634291211 ], [ -72.313683480183627, -37.879276446068005 ], [ -72.31332029850077, -37.879132427372696 ], [ -72.312854182462786, -37.878862813090166 ], [ -72.312318644619637, -37.878492269103575 ], [ -72.311606160225082, -37.877792666202758 ], [ -72.311038363880073, -37.877422950691503 ], [ -72.31040681859092, -37.877080859288057 ], [ -72.309410968724833, -37.876569080622104 ], [ -72.30864999147461, -37.876230620681596 ], [ -72.308250930181003, -37.876010469533767 ], [ -72.307132465668531, -37.875656371090031 ], [ -72.306706797174513, -37.87556553141642 ], [ -72.30628227672743, -37.875500341265251 ], [ -72.30544013130141, -37.87552401467935 ], [ -72.304246318797837, -37.875660372432243 ], [ -72.303833418957282, -37.875790503506799 ], [ -72.303490052312966, -37.875947241794869 ], [ -72.302847093029825, -37.87619859813141 ], [ -72.302201815194934, -37.876398205441077 ], [ -72.301098120782356, -37.876584771672526 ], [ -72.299733011232206, -37.876778662832727 ], [ -72.298849885561225, -37.876777458832052 ], [ -72.297568822389053, -37.87665788047893 ], [ -72.295792084114453, -37.876422430934788 ], [ -72.29451227678706, -37.876328689256091 ], [ -72.292745844883726, -37.876326275567415 ], [ -72.292307313413161, -37.876301723867847 ], [ -72.291786065071236, -37.87622833958676 ], [ -72.290485880359938, -37.876161915521159 ], [ -72.290428552573431, -37.876143739069335 ], [ -72.290283678572621, -37.87612299433912 ], [ -72.289481284496233, -37.875730656472484 ], [ -72.288882903210734, -37.875514020877525 ], [ -72.288320623419892, -37.875374162109097 ], [ -72.287698825749914, -37.875365641053342 ], [ -72.287278633385867, -37.875481083299597 ], [ -72.286930820080897, -37.875750082424787 ], [ -72.286618043766964, -37.876069986620088 ], [ -72.286470771264334, -37.876437000971769 ], [ -72.286274341152733, -37.877168437516069 ], [ -72.286137430716906, -37.877768534755702 ], [ -72.285932937327317, -37.878318782679855 ], [ -72.285306102803531, -37.87893256654224 ], [ -72.284503197585721, -37.879266156394067 ], [ -72.283981594409283, -37.879306629434097 ], [ -72.283524221673929, -37.879319400052346 ], [ -72.283097282962117, -37.879279508436916 ], [ -72.28188050951988, -37.879131984927234 ], [ -72.281096333277446, -37.87915386612147 ], [ -72.28008250273264, -37.879156168397117 ], [ -72.279494462852711, -37.879172568652308 ], [ -72.278852438715774, -37.879449674271122 ], [ -72.278398606240984, -37.879540191503381 ], [ -72.278044994310847, -37.879679650261721 ], [ -72.277631745923955, -37.879950446358983 ], [ -72.277444981684823, -37.880163044410814 ], [ -72.277260421013054, -37.880427465926672 ], [ -72.27726961257504, -37.880634676079872 ], [ -72.277349834824861, -37.880969508950706 ], [ -72.277364855554737, -37.881306011474308 ], [ -72.277194079531014, -37.881881211777149 ], [ -72.276853088032297, -37.882305499214482 ], [ -72.276536701389247, -37.8825476868601 ], [ -72.276084950310974, -37.882689875295831 ], [ -72.275725583773109, -37.882699958877716 ], [ -72.275264829779061, -37.882634928187628 ], [ -72.274930070791811, -37.882462838355387 ], [ -72.274717943518922, -37.882105697334666 ], [ -72.274638788467655, -37.88179681202427 ], [ -72.274627406813025, -37.881537924394536 ], [ -72.274550543364043, -37.881280712702541 ], [ -72.274343015465419, -37.881027213297159 ], [ -72.273835770062135, -37.880652455783277 ], [ -72.273131335470865, -37.880257278244272 ], [ -72.271841152601922, -37.879930279859032 ], [ -72.271217014820607, -37.879869777489873 ], [ -72.270530847470624, -37.879888862011434 ], [ -72.26987750815438, -37.879907029739663 ], [ -72.269590404792936, -37.880070595105906 ], [ -72.269440749958193, -37.880385844865607 ], [ -72.268686526242263, -37.881080949875233 ], [ -72.267831780147745, -37.881726883320198 ], [ -72.266703176350632, -37.882095308793389 ], [ -72.265897278844648, -37.882363981013917 ], [ -72.265245061524183, -37.88240807187681 ], [ -72.264786008040957, -37.882345461510667 ], [ -72.264261105352446, -37.882290950899851 ], [ -72.263738251721108, -37.882202725757331 ], [ -72.263053380640073, -37.882118919821366 ], [ -72.262177621154436, -37.882117458534296 ], [ -72.261662794868471, -37.882208865141038 ], [ -72.26079610207897, -37.882412837880118 ], [ -72.260380637548295, -37.882552926475938 ], [ -72.259748615253727, -37.882930323183281 ], [ -72.259370137058212, -37.883172193974403 ], [ -72.258889836621904, -37.883314000467678 ], [ -72.258343665420711, -37.883431872781848 ], [ -72.256985418101038, -37.883521014613365 ], [ -72.256401125094143, -37.883511437373521 ], [ -72.256202212039099, -37.883414133453783 ], [ -72.256065862152013, -37.883263655283663 ], [ -72.255992076331196, -37.883060075565218 ], [ -72.255884698908673, -37.882831668537612 ], [ -72.255616437710316, -37.882633472582881 ], [ -72.255251075816261, -37.88243789094367 ], [ -72.254948283378397, -37.882189279945059 ], [ -72.254582925975924, -37.881993695708118 ], [ -72.254183890733472, -37.881773431325094 ], [ -72.25384647363127, -37.881474259677979 ], [ -72.253635132384275, -37.881094546912877 ], [ -72.253586511069514, -37.879990504944246 ], [ -72.253667870586497, -37.879628377292853 ], [ -72.253553721663337, -37.879245901076004 ], [ -72.253319067338083, -37.879072454006881 ], [ -72.253148010141686, -37.878871489732319 ], [ -72.253105474014674, -37.8786413587722 ], [ -72.252960097855606, -37.87828550317321 ], [ -72.252976637636621, -37.87792516885763 ], [ -72.252965333237086, -37.877668416783777 ], [ -72.252727291364877, -37.877417861741264 ], [ -72.251828988657181, -37.876902962678329 ], [ -72.25143695218911, -37.876836673944211 ], [ -72.25085271128448, -37.876827067472369 ], [ -72.250271954046568, -37.876894562341121 ], [ -72.249823005711974, -37.87700985399615 ], [ -72.248758571270571, -37.87714200068973 ], [ -72.248339816211001, -37.877205010428966 ], [ -72.247956716183339, -37.877344087168566 ], [ -72.24713255323266, -37.877778165212796 ], [ -72.246847857356201, -37.877940279609135 ], [ -72.246588579310682, -37.878098148523478 ], [ -72.246467005811709, -37.878130732529954 ], [ -72.246146464460452, -37.878216707043059 ], [ -72.245759968801039, -37.87827874303894 ], [ -72.245471884479315, -37.878363821134258 ], [ -72.245249564921224, -37.878472841038196 ], [ -72.244997319786066, -37.878634056245772 ], [ -72.244780634461449, -37.878871415991135 ], [ -72.244467976725133, -37.879137034052377 ], [ -72.244216761059278, -37.879323903199698 ], [ -72.243897243787458, -37.87943552812952 ], [ -72.243642643269638, -37.879545362555973 ], [ -72.243421629861956, -37.87968002747202 ], [ -72.243108966735733, -37.879945716357319 ], [ -72.242859906128274, -37.880183965262489 ], [ -72.242495205394277, -37.8806643859647 ], [ -72.242386306225654, -37.88094770345301 ], [ -72.242232258629159, -37.881356554396767 ], [ -72.242196224508177, -37.881452092727038 ], [ -72.241928314551089, -37.881751159528953 ], [ -72.241655587827466, -37.8819362551654 ], [ -72.241543098990945, -37.88201264425664 ], [ -72.241445167353618, -37.882079111968388 ], [ -72.241300478405762, -37.882516783754333 ], [ -72.241289121903947, -37.882820364764626 ], [ -72.241300432591686, -37.883080292256871 ], [ -72.241282714221015, -37.883415048071491 ], [ -72.241229242003726, -37.883673513626611 ], [ -72.241142187167853, -37.883907293690982 ], [ -72.240988047943205, -37.884091480643058 ], [ -72.240802760534393, -37.88430221129493 ], [ -72.24065087518278, -37.884537777449381 ], [ -72.240497859750548, -37.884747617037711 ], [ -72.240376179352054, -37.884930909267851 ], [ -72.240290338140142, -37.885190340108515 ], [ -72.24017307116462, -37.88547639530583 ], [ -72.240083754370872, -37.885658721503248 ], [ -72.239927455596273, -37.885791670845784 ], [ -72.239801265655046, -37.885872201357735 ], [ -72.239582290524751, -37.88605817215322 ], [ -72.23939699682775, -37.886268973746823 ], [ -72.239343520118879, -37.886527512235396 ], [ -72.239194999856309, -37.886840038840532 ], [ -72.2391079360373, -37.887073818068956 ], [ -72.238924795602003, -37.887335927640734 ], [ -72.238612084865096, -37.887601606630717 ], [ -72.238184432890932, -37.888204568844706 ], [ -72.238003538243845, -37.888518057475807 ], [ -72.237821608737562, -37.888805817541702 ], [ -72.237603747518236, -37.889017513056309 ], [ -72.237445182294167, -37.889099005631955 ], [ -72.236992757479413, -37.889137145073526 ], [ -72.236539207973934, -37.889149628988889 ], [ -72.236215230566714, -37.889158545462344 ], [ -72.235533782066909, -37.889151611924227 ], [ -72.234959561869317, -37.889373033929417 ], [ -72.234546344025134, -37.889564339924263 ], [ -72.234099443849374, -37.889730884806632 ], [ -72.233715218232689, -37.889844263487049 ], [ -72.233206946953374, -37.890089620830693 ], [ -72.232737782033297, -37.890488081870359 ], [ -72.232108915520342, -37.890942372834076 ], [ -72.231481869892448, -37.891285239225446 ], [ -72.230444736150844, -37.892025741471748 ], [ -72.22994841515974, -37.892342643588478 ], [ -72.229312875062533, -37.892393754578592 ], [ -72.228671358473733, -37.89231032958827 ], [ -72.228289225033336, -37.892320820899762 ], [ -72.227955395802397, -37.892464754963463 ], [ -72.227543896435364, -37.892779319312787 ], [ -72.227041578291434, -37.892961531014507 ], [ -72.226583245257046, -37.893176337337692 ], [ -72.226256756160296, -37.89348848977378 ], [ -72.226057617628115, -37.893797222541437 ], [ -72.226028434059472, -37.894101365993642 ], [ -72.22608564775993, -37.894436721057211 ], [ -72.226273156702433, -37.894835959621787 ], [ -72.226284919242772, -37.895105177282332 ], [ -72.226252696673527, -37.895341870748197 ], [ -72.226099009301464, -37.895716815084938 ], [ -72.225899954312595, -37.896025471872093 ], [ -72.225876557691024, -37.896464226163289 ], [ -72.225891166992483, -37.896800750034004 ], [ -72.225614529004119, -37.897280106766885 ], [ -72.225238981113066, -37.897559209893785 ], [ -72.224867276214795, -37.897659816880399 ], [ -72.224865618823102, -37.897660230859792 ], [ -72.224692650011775, -37.897706970819961 ], [ -72.224547668213134, -37.897746226522514 ], [ -72.224345903007062, -37.897820324457228 ], [ -72.22419249860431, -37.897824530875596 ], [ -72.222975485311878, -37.898194819509499 ], [ -72.222265233230814, -37.898483824790766 ], [ -72.221721915078987, -37.898700941474395 ], [ -72.221139014460817, -37.898986524538017 ], [ -72.220433242278048, -37.899376436866653 ], [ -72.218148575880562, -37.900618408628105 ], [ -72.216689768453008, -37.901298521486467 ], [ -72.216065865131995, -37.901618783236188 ], [ -72.214611511551638, -37.902399935334138 ], [ -72.213984659061524, -37.902652882703904 ], [ -72.213187920778168, -37.902910542845817 ], [ -72.212684033277426, -37.903059081233089 ], [ -72.212222664835721, -37.903206530580071 ], [ -72.21163529240404, -37.903391000977045 ], [ -72.210917624730286, -37.903511716092723 ], [ -72.210158992981277, -37.90366720103205 ], [ -72.209837171530722, -37.90377658395132 ], [ -72.209547063304683, -37.903820520938702 ], [ -72.209153380224677, -37.903946035399663 ], [ -72.208853681584628, -37.904041526699025 ], [ -72.208686055054301, -37.904111051454457 ], [ -72.208157653427776, -37.904330355920052 ], [ -72.207628854745892, -37.904724959133397 ], [ -72.207520051696989, -37.905097844814343 ], [ -72.207536173761383, -37.905471012123222 ], [ -72.207454565411084, -37.905833117579583 ], [ -72.207441246988694, -37.906270487975853 ], [ -72.207423280683003, -37.906605173080564 ], [ -72.207244442279617, -37.906969930877629 ], [ -72.207001960034972, -37.907362108682491 ], [ -72.206816427386073, -37.907572866993327 ], [ -72.206533661090845, -37.907786203210556 ], [ -72.20624643286358, -37.907896848705839 ], [ -72.205988425035883, -37.907929642079601 ], [ -72.205664355102186, -37.907938478313618 ], [ -72.205372568823179, -37.907946359833709 ], [ -72.204988202170995, -37.90805972321607 ], [ -72.204633981183093, -37.90812074746384 ], [ -72.203580142370484, -37.908509418547936 ], [ -72.203068290406421, -37.908677545760305 ], [ -72.202820210759228, -37.908941371575139 ], [ -72.202544116251616, -37.909308845795358 ], [ -72.202317198217571, -37.910060470565881 ], [ -72.202272396539414, -37.910524381724898 ], [ -72.202360648829554, -37.911061872064359 ], [ -72.202443237241823, -37.91147094487539 ], [ -72.20245994860106, -37.911856053892429 ], [ -72.20234370390834, -37.912167730926761 ], [ -72.202195073153021, -37.912480214588328 ], [ -72.201670863065601, -37.913111438762321 ], [ -72.20123274392175, -37.913483248634023 ], [ -72.200946599062732, -37.913619609089601 ], [ -72.200658223686858, -37.913704514527232 ], [ -72.200404552925349, -37.913839989390155 ], [ -72.200149765557924, -37.913949737765329 ], [ -72.199890525241656, -37.913956793700883 ], [ -72.199404331857082, -37.913970024641287 ], [ -72.198982997734305, -37.913981563884711 ], [ -72.198690166714627, -37.913963772386182 ], [ -72.198468962864126, -37.914098286468928 ], [ -72.198353716199691, -37.914435617005942 ], [ -72.198207090484061, -37.915545004071667 ], [ -72.198191290914835, -37.916676515875302 ], [ -72.198207889984673, -37.917061628823362 ], [ -72.198123742097067, -37.917226661527643 ], [ -72.198117982997772, -37.917272209108326 ], [ -72.198063660075917, -37.917416058233378 ], [ -72.198013934731676, -37.917547753263158 ], [ -72.198002486601681, -37.917578103777757 ], [ -72.197927427868123, -37.91777661739232 ], [ -72.197903919855449, -37.917986572706717 ], [ -72.197902482551001, -37.917998568414106 ], [ -72.197597385934429, -37.918697768007313 ], [ -72.197296632672249, -37.919245766889645 ], [ -72.197086537388543, -37.919637045167235 ], [ -72.19685054906509, -37.920183354711682 ], [ -72.196544220858257, -37.920602933526482 ], [ -72.196398797986802, -37.920992525806028 ], [ -72.196218855553923, -37.921331612626716 ], [ -72.196098120183123, -37.921540520345808 ], [ -72.196042156937551, -37.92174774020728 ], [ -72.195885697364517, -37.921880489725616 ], [ -72.195593856288255, -37.921888422191067 ], [ -72.195227326584359, -37.921667002339191 ], [ -72.194927888455751, -37.921495200046984 ], [ -72.194532313523766, -37.921351694086908 ], [ -72.194268508867538, -37.921256123918369 ], [ -72.193749876419716, -37.921270140846403 ], [ -72.193432412696623, -37.921433019763583 ], [ -72.193052402873548, -37.921649039791959 ], [ -72.192739377726298, -37.921914534693471 ], [ -72.191809185724296, -37.922916620213442 ], [ -72.191597851663829, -37.923282311883874 ], [ -72.191544095578905, -37.923540838702614 ], [ -72.191523927502473, -37.923824139276583 ], [ -72.191515885784042, -37.924389862015211 ], [ -72.191273270588752, -37.924782086551325 ], [ -72.191107094837591, -37.925054588873913 ], [ -72.191097853868271, -37.925060670121084 ], [ -72.190971207582876, -37.925129131239565 ], [ -72.19088571312065, -37.925175292537382 ], [ -72.190688593102919, -37.92528175804933 ], [ -72.19061675752458, -37.925320610726978 ], [ -72.190350951421919, -37.925551679215822 ], [ -72.190341404127068, -37.925563599286264 ], [ -72.190270478542132, -37.92560626549816 ], [ -72.18992383843694, -37.925846980642021 ], [ -72.189674543369165, -37.926085054773019 ], [ -72.189456528537917, -37.92629666856844 ], [ -72.189272102613458, -37.926533054797659 ], [ -72.189019380472885, -37.926694092481107 ], [ -72.188798031095303, -37.926828667604262 ], [ -72.188345337684297, -37.926866630895852 ], [ -72.188120563928848, -37.926924169592297 ], [ -72.187898194065085, -37.927033011294867 ], [ -72.187679059034693, -37.927218893679196 ], [ -72.187398383119117, -37.927483572734673 ], [ -72.187115488364768, -37.927696941199493 ], [ -72.18666944518182, -37.92788897306788 ], [ -72.186312889472504, -37.927898563665167 ], [ -72.186053599748888, -37.927905665028682 ], [ -72.185884817086801, -37.927755983559216 ], [ -72.185811168708241, -37.927552354710159 ], [ -72.185831262224482, -37.927268983469766 ], [ -72.185916321003802, -37.926983926118986 ], [ -72.185941039047151, -37.926803316453217 ], [ -72.185832598917642, -37.92654918727979 ], [ -72.185596917818017, -37.926349875376864 ], [ -72.185200133753654, -37.926180759676193 ], [ -72.185000169669721, -37.926057606632249 ], [ -72.184833612134582, -37.925959305980946 ], [ -72.1845095493874, -37.925968084778773 ], [ -72.184185394113754, -37.925976864992784 ], [ -72.183924906935886, -37.925958236000646 ], [ -72.183758349400719, -37.925859934507876 ], [ -72.183497952054381, -37.925841227540417 ], [ -72.183173797679061, -37.925850005643767 ], [ -72.182527703275568, -37.925918940787056 ], [ -72.182015772259774, -37.926086980025559 ], [ -72.181795424503733, -37.926247198843392 ], [ -72.181316986274979, -37.926440087642327 ], [ -72.181034919767356, -37.926623306519382 ], [ -72.180756770812664, -37.926679175969966 ], [ -72.180118562719059, -37.926896679249538 ], [ -72.180105706030716, -37.926901012259989 ], [ -72.179329052280465, -37.927051992181767 ], [ -72.179219425476461, -37.927063814224212 ], [ -72.178941923308784, -37.927093681808088 ], [ -72.178491942809913, -37.927149394304031 ], [ -72.178279879317429, -37.927175572253851 ], [ -72.178253375423282, -37.927178945824487 ], [ -72.178020808782748, -37.927304504756201 ], [ -72.177859633952792, -37.92739159879649 ], [ -72.177772307825705, -37.927438760608844 ], [ -72.17774522541653, -37.927458977157599 ], [ -72.177331475769691, -37.927767453324797 ], [ -72.177013646432272, -37.928234825442125 ], [ -72.176946195530874, -37.928542281554449 ], [ -72.17690997635691, -37.928707332427791 ], [ -72.176671367647771, -37.929346155564915 ], [ -72.176561209041125, -37.929588044596777 ], [ -72.176010481584839, -37.93079704135225 ], [ -72.175876390960681, -37.931091314158543 ], [ -72.175412131740387, -37.932030129059498 ], [ -72.175293187610251, -37.932198004830092 ], [ -72.174868721960394, -37.932797339594487 ], [ -72.174648632919158, -37.932999017508884 ], [ -72.174291559780244, -37.933326250603287 ], [ -72.173803943464236, -37.933755612081178 ], [ -72.173636466054248, -37.934116694077154 ], [ -72.173610890119789, -37.934172000230667 ], [ -72.173570552170276, -37.934258926719536 ], [ -72.1732553468118, -37.934658464304476 ], [ -72.1726405955269, -37.935050732545612 ], [ -72.172553149025589, -37.935101878345463 ], [ -72.172387704503066, -37.935198528704646 ], [ -72.172027088408669, -37.935409235597831 ], [ -72.171320278671757, -37.935968939765203 ], [ -72.170787014464594, -37.936299734712435 ], [ -72.170135469982299, -37.93670383239953 ], [ -72.169437726043228, -37.937026288660455 ], [ -72.169224147991173, -37.937072197351441 ], [ -72.16844426210254, -37.937239874566821 ], [ -72.168381377337681, -37.937249023973592 ], [ -72.167841241916918, -37.937327128999449 ], [ -72.167490876498235, -37.93737782899457 ], [ -72.167238219934674, -37.937414379786098 ], [ -72.166675242152877, -37.937570444872648 ], [ -72.166242060149827, -37.937695701247094 ], [ -72.166172430833839, -37.937727912423711 ], [ -72.165893176053032, -37.937856919231166 ], [ -72.165579345116939, -37.938222521716284 ], [ -72.16551697688341, -37.938729925539953 ], [ -72.165331322961947, -37.939098643782536 ], [ -72.164747618351583, -37.939796998752627 ], [ -72.16440473230594, -37.940052670500734 ], [ -72.164130194578718, -37.940257125502733 ], [ -72.163818935519274, -37.940554972853597 ], [ -72.163613985785531, -37.940793570369415 ], [ -72.163528103251096, -37.940851089664378 ], [ -72.163201142538824, -37.941163160987159 ], [ -72.162746643514083, -37.941478662700241 ], [ -72.162246713990484, -37.941727998649249 ], [ -72.161741096334509, -37.941842641837141 ], [ -72.161361476380264, -37.941920237570429 ], [ -72.160984743611351, -37.942065214490071 ], [ -72.160562672870071, -37.942143949160219 ], [ -72.160251966274544, -37.942174740090572 ], [ -72.160181604831592, -37.94218785047844 ], [ -72.159807751163186, -37.942400057642416 ], [ -72.159394235976634, -37.94268071534389 ], [ -72.159105466240348, -37.942890707231534 ], [ -72.158815062468577, -37.943066938941158 ], [ -72.158435434429506, -37.943144599265757 ], [ -72.158096998637774, -37.943187421755511 ], [ -72.157625164823003, -37.943098982699254 ], [ -72.157236885109441, -37.942974641618214 ], [ -72.156592092364789, -37.942823457780392 ], [ -72.15594460736925, -37.942604956679119 ], [ -72.155342269004947, -37.942452625829254 ], [ -72.154781131871147, -37.942265530151502 ], [ -72.154217209959967, -37.942011120751587 ], [ -72.153865630917323, -37.941751011747655 ], [ -72.153512702605127, -37.941457134421121 ], [ -72.153080550071408, -37.941300300419833 ], [ -72.152690755798247, -37.941142327604936 ], [ -72.152221908881799, -37.9411210981932 ], [ -72.151500877915637, -37.941174160375795 ], [ -72.150955488248755, -37.941357283731712 ], [ -72.15053762791122, -37.941536911158487 ], [ -72.149714940892537, -37.942199233688022 ], [ -72.149263345222806, -37.942581992730183 ], [ -72.148808776129471, -37.942897443012299 ], [ -72.148094814904582, -37.943118723834907 ], [ -72.147715170695847, -37.943196276423429 ], [ -72.147298914749371, -37.943409580155695 ], [ -72.146803227070563, -37.943759853756809 ], [ -72.146134671191717, -37.944047366622513 ], [ -72.145556842461602, -37.944467072788278 ], [ -72.145143356021165, -37.944747754474029 ], [ -72.145078237146222, -37.944805220376637 ], [ -72.144644564663025, -37.945187409034226 ], [ -72.144275520574624, -37.945439515736446 ], [ -72.143591636742087, -37.946725369228183 ], [ -72.143384345100387, -37.947640954780802 ], [ -72.143277162612264, -37.94897640626192 ], [ -72.143647278390787, -37.950916637079544 ], [ -72.143667152718137, -37.952346189669292 ], [ -72.143558966811838, -37.952729337149876 ], [ -72.143418216976499, -37.952985004985813 ], [ -72.142967276178595, -37.953258635968588 ], [ -72.141056776961577, -37.953699852465832 ], [ -72.139699688468582, -37.953638538791573 ], [ -72.136823648543157, -37.952610290201896 ], [ -72.134786987232687, -37.952014533351367 ], [ -72.132399233766463, -37.951850718460378 ], [ -72.130204587543602, -37.952364206341933 ], [ -72.129126595727925, -37.953075406272177 ], [ -72.128760569080583, -37.954125240924455 ], [ -72.129102076212249, -37.957333849822625 ], [ -72.129152788805001, -37.957559972962713 ], [ -72.129448035394475, -37.957747111148329 ], [ -72.130033109037342, -37.957991553580477 ], [ -72.131443851207294, -37.958344046128978 ], [ -72.132236733023134, -37.958647965210282 ], [ -72.133340070804579, -37.95949612194552 ], [ -72.135036922799245, -37.960783384615979 ], [ -72.13530227884597, -37.961231326842409 ], [ -72.135361213718497, -37.961652300350899 ], [ -72.135215099144276, -37.962078669712611 ], [ -72.133800775391279, -37.962603959787764 ], [ -72.132708688110469, -37.962990596373565 ], [ -72.130656733880613, -37.963971552809923 ], [ -72.129590501910329, -37.963999950692134 ], [ -72.128682833367478, -37.963894142550842 ], [ -72.128224862354145, -37.963743809853696 ], [ -72.127646731790136, -37.963661698105831 ], [ -72.127279072903903, -37.963703956923837 ], [ -72.126821381266637, -37.964528678201198 ], [ -72.126470163346738, -37.964960641382767 ], [ -72.126235247611746, -37.965226839625146 ], [ -72.126164229500333, -37.965488750784743 ], [ -72.126400888865291, -37.966230048537639 ], [ -72.127553713937402, -37.967271940395115 ], [ -72.127905767290514, -37.967597212846478 ], [ -72.128128854908155, -37.967768117040961 ], [ -72.128144367016489, -37.967779956612532 ], [ -72.128355283360364, -37.968008900181061 ], [ -72.128543079763773, -37.968334409443116 ], [ -72.12864295715201, -37.968754222592253 ], [ -72.128715744046218, -37.969499803711471 ], [ -72.128178750932307, -37.970391665045462 ], [ -72.127301711347386, -37.971975067992958 ], [ -72.126224799306669, -37.972718838249016 ], [ -72.122711780182968, -37.974112279472187 ], [ -72.122647547046867, -37.974158639437981 ], [ -72.122567250236884, -37.97418461227943 ], [ -72.12245015933118, -37.974222413730502 ], [ -72.122012691465912, -37.974449184497175 ], [ -72.121730827079219, -37.97461188820828 ], [ -72.121674032892003, -37.974644617127318 ], [ -72.121618060663295, -37.9746769558541 ], [ -72.121305127144169, -37.975008617467147 ], [ -72.121121887894205, -37.975309450984085 ], [ -72.121094289852039, -37.975395282911883 ], [ -72.121047326827309, -37.975541192922506 ], [ -72.121045667638981, -37.975546033617881 ], [ -72.121024329057718, -37.975612363009056 ], [ -72.121012458719562, -37.975917428576373 ], [ -72.121023755932569, -37.976067399993731 ], [ -72.121040707141972, -37.976291323411438 ], [ -72.12088186254185, -37.976694838588088 ], [ -72.120875394671828, -37.9767116171816 ], [ -72.120802650896735, -37.976896073825145 ], [ -72.120578017278476, -37.977161988037125 ], [ -72.120397492737297, -37.977395067392706 ], [ -72.120369499436407, -37.977564017792929 ], [ -72.120367857316083, -37.977573655722566 ], [ -72.120341413609054, -37.977732969220448 ], [ -72.120371023877453, -37.978073024929763 ], [ -72.120438119046014, -37.97820845055854 ], [ -72.120761024763098, -37.978859638472251 ], [ -72.120775307976118, -37.978888633884935 ], [ -72.120847696916655, -37.979034547572205 ], [ -72.121048500925383, -37.979378765016364 ], [ -72.12137793020807, -37.979726060276306 ], [ -72.121840966821267, -37.979941012542554 ], [ -72.121873273832136, -37.979957425026974 ], [ -72.122051108817359, -37.980047911358746 ], [ -72.122312440411591, -37.980240469175492 ], [ -72.122351615042831, -37.980269319595877 ], [ -72.122580233587698, -37.980629327562553 ], [ -72.122637074487287, -37.980964746890216 ], [ -72.122435849168696, -37.981239638055264 ], [ -72.122151011358412, -37.981550479245676 ], [ -72.121729999730832, -37.981662781040605 ], [ -72.121218422651268, -37.981642639589502 ], [ -72.120828562801108, -37.981484567312428 ], [ -72.120394706163268, -37.981293857263175 ], [ -72.119915533112632, -37.981037110471867 ], [ -72.119524247636136, -37.980845266352659 ], [ -72.118794144583902, -37.980696218814508 ], [ -72.118230027738306, -37.980441571486608 ], [ -72.11758211604301, -37.980222874980612 ], [ -72.116982474421178, -37.980137666138688 ], [ -72.116341785180751, -37.980087273218111 ], [ -72.115743665305018, -37.980035748051336 ], [ -72.115192291061732, -37.98008409538069 ], [ -72.114356047567114, -37.980443265192079 ], [ -72.112870689533025, -37.981560872151924 ], [ -72.1125079731775, -37.982042182892208 ], [ -72.111722817771408, -37.983613003292625 ], [ -72.111421057497793, -37.984530815264435 ], [ -72.111460893289077, -37.985473239359933 ], [ -72.111540366343931, -37.986347300431824 ], [ -72.111809827691516, -37.986677094674903 ], [ -72.112293287502695, -37.987034950723675 ], [ -72.112392659139431, -37.987369248321485 ], [ -72.11292714325873, -37.987927907376708 ], [ -72.11333117403251, -37.988422708949173 ], [ -72.113474455320329, -37.988789572032786 ], [ -72.113561166101434, -37.989831793612176 ], [ -72.113710150792997, -37.99033335058936 ], [ -72.113724300157031, -37.990669980085563 ], [ -72.113693209465055, -37.990940273444558 ], [ -72.113530230818, -37.991113167899549 ], [ -72.113371423947129, -37.991386919451784 ], [ -72.113258129321807, -37.991726851711768 ], [ -72.113278065632912, -37.992198098701614 ], [ -72.112959210419447, -37.992711978404706 ], [ -72.11250844928459, -37.993128235563844 ], [ -72.11217952934669, -37.99340656496102 ], [ -72.111849275410577, -37.993651200868349 ], [ -72.111560074482952, -37.993861016580361 ], [ -72.111218429909044, -37.993836334200758 ], [ -72.110652720350444, -37.993548112912322 ], [ -72.110162016524811, -37.993021940569825 ], [ -72.109414831109149, -37.99246889828148 ], [ -72.108540119957439, -37.99191915091771 ], [ -72.10806801485144, -37.991830524879191 ], [ -72.107255608152897, -37.991750968431781 ], [ -72.106579448035163, -37.991869963249471 ], [ -72.105948508210531, -37.99205507205118 ], [ -72.10543392536799, -37.991967556257585 ], [ -72.105260887386407, -37.991904817556161 ], [ -72.104879610938795, -37.991948549662894 ], [ -72.10461409678858, -37.992074616666791 ], [ -72.104475220838921, -37.992100944226422 ], [ -72.104164780144714, -37.992364741066531 ], [ -72.103934660515009, -37.992766206834169 ], [ -72.103635402947774, -37.993082994813413 ], [ -72.103621472772673, -37.993097681211189 ], [ -72.103476959894607, -37.993501239192142 ], [ -72.103419521615322, -37.993873048042737 ], [ -72.103450243099729, -37.994179127215787 ], [ -72.103482430634671, -37.994451363671082 ], [ -72.103501700395825, -37.99459647617909 ], [ -72.103533448654616, -37.994836176664208 ], [ -72.10356920429787, -37.995106768284806 ], [ -72.103581631591496, -37.995200175961365 ], [ -72.103660902525434, -37.995410130243712 ], [ -72.103745508553843, -37.995633745448522 ], [ -72.103814587202564, -37.995816512855633 ], [ -72.103802552472686, -37.996121581504767 ], [ -72.103720574914803, -37.996375945757194 ], [ -72.103704997229471, -37.99642455415978 ], [ -72.103673103443626, -37.996462225932795 ], [ -72.103668447475499, -37.996546415532606 ], [ -72.103467112562456, -37.996821352383883 ], [ -72.103346573024353, -37.996992963692641 ], [ -72.10327145140873, -37.997230836312369 ], [ -72.103075792051655, -37.997640393700465 ], [ -72.102961020596013, -37.997946625633169 ], [ -72.10267613068342, -37.998257422943297 ], [ -72.102304572210556, -37.998536852769142 ], [ -72.102013907029018, -37.998713028815267 ], [ -72.101677915553196, -37.99882294068447 ], [ -72.100909520015364, -37.998775763817143 ], [ -72.10009278523377, -37.998595158618706 ], [ -72.099314377972078, -37.998312493211536 ], [ -72.09819148117198, -37.99793779243241 ], [ -72.097288374274143, -37.997725713886531 ], [ -72.096555297798318, -37.997509074396078 ], [ -72.095656449813248, -37.997397987555551 ], [ -72.09497596790068, -37.997415988218144 ], [ -72.092555652302039, -37.99758075976915 ], [ -72.091658220960156, -37.997503261070563 ], [ -72.089911500789128, -37.997481823543836 ], [ -72.088975738334057, -37.997506502572968 ], [ -72.088385866789267, -37.997656781696627 ], [ -72.087839982150669, -37.997839557512698 ], [ -72.087471281218711, -37.998186178545176 ], [ -72.087064239292118, -37.998634995436412 ], [ -72.086701272306627, -37.999116235934459 ], [ -72.086343856909579, -37.999732176067958 ], [ -72.085433373046641, -38.00036256520297 ], [ -72.085146434975201, -38.000666585691498 ], [ -72.08477289212388, -38.000878330819098 ], [ -72.084662739805424, -38.000940712155838 ], [ -72.083921137419253, -38.001261610115733 ], [ -72.083179623067977, -38.001582501008478 ], [ -72.082306859463785, -38.001967869775903 ], [ -72.081264036691493, -38.002315178448249 ], [ -72.080313721528839, -38.002495093525908 ], [ -72.07998316575879, -38.00256228904113 ], [ -72.078973723484125, -38.002767140554411 ], [ -72.078262683580562, -38.002749458324551 ], [ -72.07691782475186, -38.002716043995065 ], [ -72.076275320016236, -38.00270002450678 ], [ -72.075590050981546, -38.002682980747061 ], [ -72.074774916099457, -38.002696565214208 ], [ -72.074531585845207, -38.002690534280212 ], [ -72.074466225323434, -38.002688922491792 ], [ -72.074046697712703, -38.002678496477827 ], [ -72.073972236358813, -38.002680074997265 ], [ -72.073317188446893, -38.002694259019101 ], [ -72.072759020245115, -38.002714319658111 ], [ -72.072286564796158, -38.002736418208215 ], [ -72.071720283909031, -38.00295980579785 ], [ -72.071409544075834, -38.003093032913824 ], [ -72.071343932025798, -38.003121170743093 ], [ -72.071196854457583, -38.003184209889355 ], [ -72.071126310656652, -38.003188046443668 ], [ -72.071106298887074, -38.003189086277246 ], [ -72.070347615934082, -38.003230097755548 ], [ -72.070337471259577, -38.003230658373468 ], [ -72.069737916774329, -38.003215768020056 ], [ -72.069703692758637, -38.003218212937554 ], [ -72.069655526889733, -38.003221832887697 ], [ -72.069284745459598, -38.003194911185545 ], [ -72.06861111499768, -38.003380935677313 ], [ -72.068320345611596, -38.00355703354856 ], [ -72.06811895140973, -38.003831912264843 ], [ -72.068093214676836, -38.004236904020615 ], [ -72.068122698282778, -38.004943803220215 ], [ -72.067980168884858, -38.006632336140399 ], [ -72.067957331913703, -38.007104638265545 ], [ -72.067761449774423, -38.007514146172817 ], [ -72.067523070135664, -38.007924689435775 ], [ -72.067067744660875, -38.008239852651279 ], [ -72.066355784882461, -38.008528057254573 ], [ -72.065599831011298, -38.008783674451813 ], [ -72.06441278372013, -38.008915686316946 ], [ -72.063303892553634, -38.008877217592371 ], [ -72.062237587819794, -38.00883762911306 ], [ -72.061429220845085, -38.00885869597365 ], [ -72.060498981232399, -38.009017705843107 ], [ -72.058772872905536, -38.009500782158987 ], [ -72.057852318928241, -38.009895334601318 ], [ -72.057222581947769, -38.010113883906975 ], [ -72.057113047670242, -38.010216744028014 ], [ -72.057022389691767, -38.010259771588323 ], [ -72.056895685015874, -38.010362487117121 ], [ -72.056534869495493, -38.010654707100983 ], [ -72.056500125355257, -38.010696352819956 ], [ -72.056174539963664, -38.011086631651843 ], [ -72.055325378695272, -38.011947472187757 ], [ -72.054967822262725, -38.012311713538899 ], [ -72.054438895121763, -38.012671625129251 ], [ -72.053912301803891, -38.012892420366036 ], [ -72.053828223086555, -38.012927745249101 ], [ -72.053498301527114, -38.013038914019184 ], [ -72.053376401939687, -38.013080094095812 ], [ -72.053219723177705, -38.013132952820747 ], [ -72.052752949572934, -38.013188112418369 ], [ -72.052745801678213, -38.01318896243189 ], [ -72.052516999877056, -38.013183172289828 ], [ -72.052403067447884, -38.013180301636154 ], [ -72.052361084683071, -38.013191503979243 ], [ -72.052056345595958, -38.013273377003202 ], [ -72.051902008741962, -38.013324253879041 ], [ -72.051578337660246, -38.013431048137853 ], [ -72.051275685359556, -38.013491313233253 ], [ -72.050993271203907, -38.013630173308329 ], [ -72.050882008567768, -38.013684949639064 ], [ -72.050780542059783, -38.013746483520372 ], [ -72.050398608045384, -38.01397812033003 ], [ -72.05000622931918, -38.01413791672433 ], [ -72.049532296141578, -38.01419384063815 ], [ -72.049423964708211, -38.014191117235079 ], [ -72.049189651742765, -38.014185242242711 ], [ -72.048860293426984, -38.014159543303833 ], [ -72.048569966910321, -38.014136962683239 ], [ -72.048548344461423, -38.014135236491633 ], [ -72.048215178187164, -38.013889391430773 ], [ -72.048009214255458, -38.013680617501258 ], [ -72.047982610648319, -38.013272853265256 ], [ -72.047989574388396, -38.013100995537933 ], [ -72.04799757029275, -38.0129000301758 ], [ -72.047855561019375, -38.012577631032492 ], [ -72.047801090773817, -38.012454086347539 ], [ -72.047508102548932, -38.012277092583759 ], [ -72.047407108554808, -38.012244211295943 ], [ -72.047169465534608, -38.012166823642666 ], [ -72.046785266867374, -38.012123203386828 ], [ -72.046586879326767, -38.012106132091425 ], [ -72.046229802594581, -38.012075387471086 ], [ -72.045460105397908, -38.012022050949213 ], [ -72.045026008909886, -38.011895355763606 ], [ -72.044824398214047, -38.011836441192663 ], [ -72.044187204318405, -38.011684670839763 ], [ -72.043860552626583, -38.01153474249989 ], [ -72.043639934477639, -38.011433509979852 ], [ -72.043559718516022, -38.011406729308376 ], [ -72.043373273178815, -38.011344541604387 ], [ -72.04327593712452, -38.011312078192056 ], [ -72.043089870876358, -38.011250027008003 ], [ -72.042664211365491, -38.011171449244422 ], [ -72.042626677956278, -38.011172937693708 ], [ -72.042391056145476, -38.011182508216351 ], [ -72.042148823632459, -38.011192397236123 ], [ -72.042128479486237, -38.01119897670339 ], [ -72.04175783460002, -38.011318252802546 ], [ -72.041405611465308, -38.011546877228362 ], [ -72.04117918391141, -38.011846495741835 ], [ -72.041153885556398, -38.011859623416704 ], [ -72.041062454128451, -38.011906791158452 ], [ -72.040741224667698, -38.012072908168413 ], [ -72.040348928586496, -38.012232744104352 ], [ -72.039915066558791, -38.012357488112563 ], [ -72.0395227605961, -38.012517174090362 ], [ -72.039255580969353, -38.012605275451655 ], [ -72.039044723914287, -38.012674721578158 ], [ -72.03890139232081, -38.0126805690889 ], [ -72.038859018788855, -38.012682329995009 ], [ -72.038529326299823, -38.01269572859205 ], [ -72.038060892608385, -38.012616099938619 ], [ -72.037690308807598, -38.012233538923311 ], [ -72.037444314150193, -38.011955959018557 ], [ -72.037265941972436, -38.011775164043392 ], [ -72.037238199301513, -38.011747169673448 ], [ -72.037225649836998, -38.011739227800469 ], [ -72.037126023078727, -38.011676113908401 ], [ -72.036903774487541, -38.011535201843103 ], [ -72.036673008070835, -38.011395838112286 ], [ -72.036610722482294, -38.011358181796361 ], [ -72.0363184088922, -38.01128713131645 ], [ -72.036143697349232, -38.011244630234884 ], [ -72.035767722758422, -38.010997714523008 ], [ -72.034883869452074, -38.010585227918448 ], [ -72.034462423039884, -38.010404950489935 ], [ -72.033742335304765, -38.010183227641754 ], [ -72.033595455365912, -38.010096161689582 ], [ -72.033323506583329, -38.009935121397348 ], [ -72.033124838768359, -38.00980924080708 ], [ -72.032821854989322, -38.009617189520206 ], [ -72.032401386842508, -38.00921154163148 ], [ -72.03224409722614, -38.009059718421852 ], [ -72.031872165054111, -38.008711125191667 ], [ -72.031450734811614, -38.008530836076446 ], [ -72.030852436171131, -38.008481763595505 ], [ -72.030336127664967, -38.008523054525561 ], [ -72.0302071682177, -38.00853339264912 ], [ -72.029555066779935, -38.008754363851523 ], [ -72.028892020268714, -38.009246490326952 ], [ -72.028673951538565, -38.009535019387535 ], [ -72.028672271688961, -38.009537277945576 ], [ -72.028665541510861, -38.00954601207409 ], [ -72.02835203217164, -38.009877375222501 ], [ -72.028199256589602, -38.009936964472601 ], [ -72.027698509599091, -38.010132250911582 ], [ -72.027134828436388, -38.010287601612873 ], [ -72.026755688182519, -38.010370957852402 ], [ -72.026442645967265, -38.010439692652099 ], [ -72.025884484952002, -38.010459531052064 ], [ -72.025426902010878, -38.010447991387608 ], [ -72.025383288803852, -38.010446827087478 ], [ -72.025284767871682, -38.010444344898566 ], [ -72.025133772750536, -38.010422547355361 ], [ -72.024432179530478, -38.010320967193771 ], [ -72.023858912445405, -38.010245676087358 ], [ -72.023792317638438, -38.010236910191971 ], [ -72.023649122588878, -38.010175643737966 ], [ -72.023370897277402, -38.010056591563142 ], [ -72.02295632118053, -38.009706851501363 ], [ -72.022802771250696, -38.009261973293704 ], [ -72.022814894913765, -38.008962293255458 ], [ -72.022815047627361, -38.008956901268512 ], [ -72.0227431922861, -38.008615835699239 ], [ -72.022716520407002, -38.008348154148798 ], [ -72.022712609142246, -38.008309727594508 ], [ -72.022773372984702, -38.00787025704129 ], [ -72.0230025871126, -38.007502919604434 ], [ -72.023108361940672, -38.007318849928417 ], [ -72.023233199917385, -38.007101592543918 ], [ -72.023260841977006, -38.00686174245233 ], [ -72.023299395872371, -38.006526545573962 ], [ -72.02329227313048, -38.006430408105018 ], [ -72.023271621760401, -38.006152681649915 ], [ -72.022949540696757, -38.00563567337889 ], [ -72.022697998942476, -38.005493568336206 ], [ -72.02260597821973, -38.005437995946806 ], [ -72.022405096955893, -38.005316507511118 ], [ -72.022200546074117, -38.005073920759749 ], [ -72.022156850222061, -38.004913994892732 ], [ -72.022125886192541, -38.004800608893071 ], [ -72.021972335364381, -38.004605054138274 ], [ -72.021881194092288, -38.004489083341568 ], [ -72.021671633306184, -38.004097160461164 ], [ -72.021642035614207, -38.004041974911409 ], [ -72.021354487586706, -38.003729335526216 ], [ -72.02102876654952, -38.003634157769397 ], [ -72.020790748033519, -38.003457675013635 ], [ -72.020280212999666, -38.003470799943557 ], [ -72.019772535506746, -38.003551236275108 ], [ -72.019403471655409, -38.003897657597435 ], [ -72.019119481854759, -38.004241965792914 ], [ -72.01876146278984, -38.00485764981584 ], [ -72.018562541649956, -38.005199771257743 ], [ -72.018284161828248, -38.005678707874843 ], [ -72.018041359783368, -38.005988150907669 ], [ -72.017714770973626, -38.006333549948295 ], [ -72.017301717521136, -38.006647363824541 ], [ -72.016892995744954, -38.007062331531465 ], [ -72.016398996898872, -38.007479338213528 ], [ -72.016025760373054, -38.007724813354784 ], [ -72.015690964554864, -38.007868181753707 ], [ -72.015056869846958, -38.007985499113303 ], [ -72.013823083211562, -38.008017228589672 ], [ -72.01313831004687, -38.007933674319546 ], [ -72.012495938261935, -38.007849028516823 ], [ -72.011894871013752, -38.007729663959623 ], [ -72.011210105035602, -38.007646172356708 ], [ -72.010441448986342, -38.007598408729848 ], [ -72.009454728698458, -38.007421524277909 ], [ -72.008203045825979, -38.007015523781433 ], [ -72.008084593074315, -38.007004532838927 ], [ -72.007252981293306, -38.006553002431509 ], [ -72.006988625969782, -38.006409419822504 ], [ -72.006475628653746, -38.006132405357775 ], [ -72.006193057292933, -38.006049735842701 ], [ -72.005798865766479, -38.005913236869141 ], [ -72.005660809978664, -38.005865324177741 ], [ -72.005488223849653, -38.005805599254721 ], [ -72.005344801526348, -38.005724534722454 ], [ -72.005303455667061, -38.005701162276402 ], [ -72.005262107112841, -38.005677715501001 ], [ -72.004490486623141, -38.005241679849604 ], [ -72.004370272275196, -38.005173749228632 ], [ -72.004338359624725, -38.005143787394992 ], [ -72.00409606153471, -38.004916525401633 ], [ -72.003957161330547, -38.004786187445809 ], [ -72.003628517175429, -38.004664685896891 ], [ -72.003446800569847, -38.004472630335357 ], [ -72.003445730676361, -38.004471550173136 ], [ -72.003445126110165, -38.004470457977654 ], [ -72.003266114331922, -38.004202974352495 ], [ -72.003092663125301, -38.003783744804686 ], [ -72.002909880219477, -38.003590608884039 ], [ -72.002630401758182, -38.003432566907144 ], [ -72.002475292353012, -38.003279760559515 ], [ -72.002355552315535, -38.003161625888005 ], [ -72.002291760252277, -38.003052174255046 ], [ -72.002218528691998, -38.002926281846861 ], [ -72.002132855465021, -38.002778934132188 ], [ -72.001966153301126, -38.002648270301947 ], [ -72.00149418563737, -38.0022783661924 ], [ -72.001486289446035, -38.002272294875944 ], [ -72.001464638251036, -38.002260595362138 ], [ -72.00107262603747, -38.002048739552123 ], [ -72.000973435860431, -38.001995252039393 ], [ -72.000696303798648, -38.001782452586724 ], [ -72.000528377231007, -38.001653663534057 ], [ -72.000465305616586, -38.001605231316667 ], [ -72.000437360824733, -38.001590150216991 ], [ -71.999952367589358, -38.001328185959892 ], [ -71.999474773776996, -38.00095022455293 ], [ -71.999213764677918, -38.000743727109899 ], [ -71.999045036813044, -38.000663817897603 ], [ -71.998839593005883, -38.00056646651997 ], [ -71.998793084528685, -38.000544477036833 ], [ -71.99876019001961, -38.000536090819324 ], [ -71.998510049637176, -38.000472577242242 ], [ -71.99819341146582, -38.000281078420059 ], [ -71.998178647654129, -38.000264405027004 ], [ -71.998101824629344, -38.000210344245673 ], [ -71.9980368108573, -38.000164543682736 ], [ -71.998009777855444, -38.000155785784486 ], [ -71.997844913644613, -38.000101978344567 ], [ -71.997631051724923, -37.999981073565394 ], [ -71.997465745542954, -37.999861439945612 ], [ -71.997274649627528, -37.999779588753363 ], [ -71.997109251817406, -37.999659956220661 ], [ -71.997030831588049, -37.999571244678279 ], [ -71.996969920421904, -37.999502458631909 ], [ -71.996878250940412, -37.999365518489888 ], [ -71.9967114301989, -37.999284228808008 ], [ -71.996598586527838, -37.99922053080325 ], [ -71.996469959457258, -37.999089921511178 ], [ -71.99649372798136, -37.998970408902949 ], [ -71.9965896213413, -37.998489681380974 ], [ -71.996935115196209, -37.998196852254736 ], [ -71.997044249723459, -37.997860377643633 ], [ -71.997011972356972, -37.997482413229896 ], [ -71.996786327235711, -37.997174996442361 ], [ -71.996776748499826, -37.99716881922491 ], [ -71.996402359435493, -37.996923800034793 ], [ -71.99637533451849, -37.996906036401938 ], [ -71.996342493010019, -37.996878310316539 ], [ -71.99627661955023, -37.996822713700141 ], [ -71.995793813712567, -37.996746231472258 ], [ -71.995708389318949, -37.996732762000654 ], [ -71.995253893887465, -37.996792619614098 ], [ -71.994989861957478, -37.996827397250897 ], [ -71.994368023863288, -37.99688694047412 ], [ -71.994236308384771, -37.996923215299681 ], [ -71.994121474047049, -37.996954853287093 ], [ -71.993819767672349, -37.997037974792143 ], [ -71.993741546868989, -37.997059452091548 ], [ -71.992199877941331, -37.997472490505153 ], [ -71.991519585573286, -37.99779442302205 ], [ -71.991447293650808, -37.99782637777426 ], [ -71.99128840413492, -37.997896334139512 ], [ -71.991034402793389, -37.99800827395422 ], [ -71.990549687137431, -37.998077591619641 ], [ -71.990363476260512, -37.998104178239871 ], [ -71.989408384755492, -37.998155125814201 ], [ -71.988407312982645, -37.998167157280115 ], [ -71.988119455036369, -37.998159790166575 ], [ -71.987598081828637, -37.998146476692582 ], [ -71.986701442800822, -37.997934852515321 ], [ -71.986294011903709, -37.997803420473623 ], [ -71.986289100814062, -37.997801921134418 ], [ -71.985979580893016, -37.997702025997164 ], [ -71.985431620247795, -37.997525300311061 ], [ -71.984924240995554, -37.997238377664758 ], [ -71.984826203357002, -37.997182927150625 ], [ -71.984424377947292, -37.997065370223005 ], [ -71.984355472673414, -37.997045199020434 ], [ -71.983887137796657, -37.996844595988584 ], [ -71.983613929576038, -37.996535924932978 ], [ -71.983294662934171, -37.996188491197451 ], [ -71.983225459419629, -37.996048238880036 ], [ -71.983162665384626, -37.995921110451818 ], [ -71.982892471910105, -37.995537075497047 ], [ -71.982665338280412, -37.995267310907685 ], [ -71.982534899307893, -37.994962320117466 ], [ -71.982356937660214, -37.994656099794071 ], [ -71.982272472667319, -37.994390020312579 ], [ -71.982283329705851, -37.994126319248181 ], [ -71.98225423956201, -37.993673130119312 ], [ -71.982309519189627, -37.993486023332366 ], [ -71.982351372597037, -37.993218508844379 ], [ -71.98237419878842, -37.993072894506234 ], [ -71.982353149464672, -37.992788229799309 ], [ -71.982343557254069, -37.99265738746324 ], [ -71.982352363438807, -37.992442009445526 ], [ -71.982352771273938, -37.992431371004194 ], [ -71.982300214439917, -37.992397939938193 ], [ -71.982167059860316, -37.992313486464731 ], [ -71.981930628667413, -37.99226966466501 ], [ -71.981356429131068, -37.992330365556725 ], [ -71.980918769026317, -37.992545330457055 ], [ -71.980441347690487, -37.992570800515679 ], [ -71.980215901096884, -37.992542565896407 ], [ -71.980098166099125, -37.992527911245425 ], [ -71.980062074485957, -37.992523364763265 ], [ -71.979942399127168, -37.992539094797444 ], [ -71.979583005639881, -37.992586442045472 ], [ -71.979150091334773, -37.992688424823022 ], [ -71.978577341679312, -37.992711358946295 ], [ -71.977958625230741, -37.992695449837065 ], [ -71.977703566572117, -37.992645301289066 ], [ -71.977296960328431, -37.992565408739281 ], [ -71.976820994263363, -37.99255311087169 ], [ -71.976248338032676, -37.992576030878233 ], [ -71.97608601246084, -37.992630332327373 ], [ -71.976014144543143, -37.992654368751694 ], [ -71.975620297071444, -37.992786202225574 ], [ -71.975405770398439, -37.99279274228337 ], [ -71.974952407742535, -37.992806655656189 ], [ -71.974673532050801, -37.992799471363675 ], [ -71.974524055980794, -37.992795578337699 ], [ -71.974076058962069, -37.992879989487086 ], [ -71.973995903187586, -37.992895155916059 ], [ -71.973931525422742, -37.99289914734188 ], [ -71.973565999136994, -37.992921830784852 ], [ -71.973264932362795, -37.993291115202119 ], [ -71.973081646400416, -37.993533124312442 ], [ -71.973013033977352, -37.993623947874838 ], [ -71.972698966784336, -37.993830810840265 ], [ -71.972572228870803, -37.993914248087599 ], [ -71.971755346765505, -37.994081716966598 ], [ -71.970702031670683, -37.994205410127933 ], [ -71.970577457798669, -37.994213135855304 ], [ -71.969875411827701, -37.994256566420368 ], [ -71.9698421984167, -37.994258660499575 ], [ -71.96903309662008, -37.994237773508011 ], [ -71.967711316409336, -37.993939758023565 ], [ -71.966907260449673, -37.993919024564342 ], [ -71.966854601207714, -37.993917622841529 ], [ -71.96670918731941, -37.993924320669244 ], [ -71.96659272343777, -37.993929622437292 ], [ -71.966329450584198, -37.993941731053965 ], [ -71.966187475446802, -37.994005985836573 ], [ -71.9657667620599, -37.994196184278898 ], [ -71.965698336486383, -37.994227065949183 ], [ -71.965369846841483, -37.994440029620279 ], [ -71.965306671022518, -37.994480890953575 ], [ -71.965297447121173, -37.994506588295273 ], [ -71.965145290478361, -37.99492929726533 ], [ -71.965131008163652, -37.995141933958152 ], [ -71.96508576181941, -37.995815260540752 ], [ -71.965079001996898, -37.9959160325309 ], [ -71.965021595158689, -37.99677367231854 ], [ -71.965020908845801, -37.996789042529315 ], [ -71.964999967319898, -37.997297085930597 ], [ -71.96499828297874, -37.997338608981856 ], [ -71.965002445771773, -37.997358580473758 ], [ -71.965028063028711, -37.997480457284468 ], [ -71.965077917730369, -37.997717752797072 ], [ -71.965304996562821, -37.997987552971502 ], [ -71.965458468339222, -37.99803246789395 ], [ -71.965728792967781, -37.998111633846548 ], [ -71.965960551124567, -37.998268386881016 ], [ -71.966236812718833, -37.998501736860504 ], [ -71.966362536434431, -37.998607948876447 ], [ -71.96646692516201, -37.998696246757774 ], [ -71.966552902019544, -37.998924730738949 ], [ -71.966459051428544, -37.999035379205836 ], [ -71.96630251370209, -37.999219868926467 ], [ -71.966064607475502, -37.999466051291407 ], [ -71.966053592333495, -37.999477400846907 ], [ -71.966050909964039, -37.999540428259998 ], [ -71.966036434511565, -37.999891683551532 ], [ -71.965969368987388, -38.000449310011611 ], [ -71.965964139894126, -38.000493136834685 ], [ -71.96577937350817, -38.000629994173273 ], [ -71.965472526075104, -38.000857543399277 ], [ -71.964841347298588, -38.00114280254688 ], [ -71.964257693892208, -38.001429368017611 ], [ -71.964165497997968, -38.001460849745897 ], [ -71.963436024664745, -38.001709830567265 ], [ -71.963383624137592, -38.001728865778631 ], [ -71.963310449171175, -38.001755511951622 ], [ -71.962961756415567, -38.001882400918653 ], [ -71.962661968842298, -38.001991447984373 ], [ -71.962181354893957, -38.002092210780503 ], [ -71.961178644594028, -38.002141620232912 ], [ -71.960886754110447, -38.002134066643173 ], [ -71.960822230818536, -38.002132370606994 ], [ -71.960639123620908, -38.002127684563575 ], [ -71.960131439839785, -38.002114494269996 ], [ -71.960017346612176, -38.002100245720584 ], [ -71.959447905451881, -38.002028896044799 ], [ -71.959372907803754, -38.002019566416202 ], [ -71.958709615154163, -38.001926957400428 ], [ -71.958140002415647, -38.001874501864592 ], [ -71.957939152592843, -38.001869299063934 ], [ -71.957592075906419, -38.001860246897785 ], [ -71.957473584527165, -38.001857251216634 ], [ -71.957189925306537, -38.001910595841572 ], [ -71.956945338309197, -38.001956681290743 ], [ -71.956802856521975, -38.002097110600452 ], [ -71.956647279992865, -38.002250563565532 ], [ -71.956292209198722, -38.002769227312093 ], [ -71.955961239305324, -38.003476900182548 ], [ -71.955920351586869, -38.003564361188317 ], [ -71.955874049722169, -38.00366332318449 ], [ -71.955755425392269, -38.004225858157788 ], [ -71.955670349544974, -38.004671521479217 ], [ -71.955633764756698, -38.004863755602109 ], [ -71.9555409184822, -38.005102134274821 ], [ -71.955473770313034, -38.005274324323516 ], [ -71.955369227075209, -38.005497866274226 ], [ -71.955358270323686, -38.005761494599597 ], [ -71.955448005732364, -38.005889142501424 ], [ -71.95549331765362, -38.005953546077379 ], [ -71.955519191828756, -38.005975333624143 ], [ -71.95558543359779, -38.00603131189721 ], [ -71.95576957745125, -38.006186920442055 ], [ -71.955807813343, -38.006414177789978 ], [ -71.955655645022091, -38.006636482538596 ], [ -71.955270141102744, -38.006739622879508 ], [ -71.955084421604269, -38.006837367393338 ], [ -71.955023402640279, -38.006869606993966 ], [ -71.954929129841119, -38.006919290690824 ], [ -71.954772353162781, -38.007254563632948 ], [ -71.954765747850487, -38.007292151983421 ], [ -71.954647454998934, -38.007967754439406 ], [ -71.954639565994114, -38.008159193550568 ], [ -71.954627194396011, -38.008457326788694 ], [ -71.954458986655695, -38.008789123783089 ], [ -71.954419661107508, -38.008866800951907 ], [ -71.954024744640606, -38.009195809510807 ], [ -71.95393329255144, -38.00926704675156 ], [ -71.953532276523759, -38.009579009941874 ], [ -71.953202901140003, -38.010014056502229 ], [ -71.953071337476743, -38.010187642796922 ], [ -71.953028195885224, -38.010244674574146 ], [ -71.952976613723308, -38.01027970134097 ], [ -71.952839481403601, -38.01037267917819 ], [ -71.952439718525753, -38.010644085457081 ], [ -71.952046356144322, -38.010935554075303 ], [ -71.952002849836788, -38.011006766268885 ], [ -71.951886933927469, -38.011196121543065 ], [ -71.951637508603994, -38.011603691370482 ], [ -71.95139880377512, -38.012001838563776 ], [ -71.951283644247283, -38.012193831936564 ], [ -71.951125461705516, -38.012457540933163 ], [ -71.950805751295903, -38.013080627743726 ], [ -71.950762567483565, -38.013164600092928 ], [ -71.950504231770793, -38.013648046129923 ], [ -71.95010766779366, -38.013995167126033 ], [ -71.949960212933036, -38.014124124884248 ], [ -71.949703485204623, -38.014524566333947 ], [ -71.949603568290527, -38.014680450563723 ], [ -71.949426288464139, -38.014889281095485 ], [ -71.94941452772045, -38.014903082699917 ], [ -71.949102554500371, -38.015270736215641 ], [ -71.948798044483667, -38.015715259478483 ], [ -71.948444427163651, -38.016196220852727 ], [ -71.948398800832067, -38.016293835983404 ], [ -71.948183023704189, -38.016755025518933 ], [ -71.947952897786266, -38.016946799787917 ], [ -71.947834268964797, -38.017045655255508 ], [ -71.947788044355207, -38.01708416357198 ], [ -71.947591335765878, -38.017229853374943 ], [ -71.947488318765735, -38.017415632772178 ], [ -71.947478908913141, -38.01764172721883 ], [ -71.947566324871744, -38.017832472988232 ], [ -71.947606798466865, -38.01796003334735 ], [ -71.947650698236487, -38.018098579934488 ], [ -71.947639718128769, -38.018362281841306 ], [ -71.947625230998185, -38.018443098148943 ], [ -71.94756586673094, -38.018775255457491 ], [ -71.947551141546811, -38.018857110213354 ], [ -71.947515568261565, -38.01905662473817 ], [ -71.947454266328251, -38.019226448735495 ], [ -71.947300024695664, -38.019654280438168 ], [ -71.947143189626843, -38.019989546796978 ], [ -71.946413368645622, -38.020347599103481 ], [ -71.946382272563739, -38.020349264287766 ], [ -71.945935653560667, -38.020372937783797 ], [ -71.945411966292752, -38.020359349515068 ], [ -71.944889753160211, -38.020308004788312 ], [ -71.944369208199149, -38.020219047184625 ], [ -71.944098727263736, -38.020139837163384 ], [ -71.943945315674455, -38.020094967629149 ], [ -71.943656558514576, -38.020162800916545 ], [ -71.943402867990145, -38.020533260198654 ], [ -71.943385986849322, -38.020647645174336 ], [ -71.943348930445552, -38.020898935812177 ], [ -71.943336472609175, -38.020983981953684 ], [ -71.943033574170101, -38.021390880970294 ], [ -71.942762028731067, -38.021548549503478 ], [ -71.942349781067406, -38.021787833524854 ], [ -71.941765873437774, -38.022074297778296 ], [ -71.94175866715257, -38.022078389520189 ], [ -71.941658499608494, -38.022135368877748 ], [ -71.941401410757337, -38.022281380534906 ], [ -71.941131184943458, -38.022434879710083 ], [ -71.940813670016382, -38.022584174331712 ], [ -71.940475094087503, -38.022743441737632 ], [ -71.940356590131842, -38.022799255766444 ], [ -71.939915891026502, -38.023006397333013 ], [ -71.939281276194038, -38.023366969016799 ], [ -71.938646470020416, -38.023727541049254 ], [ -71.9382023815715, -38.024092935353984 ], [ -71.937832631407289, -38.024366717349771 ], [ -71.937808890730963, -38.024384360398528 ], [ -71.93766355858935, -38.024476418803062 ], [ -71.937466180755123, -38.024601664921953 ], [ -71.937114020502506, -38.025044913739009 ], [ -71.936874756921526, -38.025476408870205 ], [ -71.936804865297475, -38.025602451491892 ], [ -71.936742127856348, -38.02609906161365 ], [ -71.936733703455602, -38.026166144209206 ], [ -71.936616480497563, -38.026690983313429 ], [ -71.936440905673592, -38.026995483361361 ], [ -71.936359584784185, -38.027136794520345 ], [ -71.936308061911063, -38.027295224116763 ], [ -71.936288692436904, -38.027354608149153 ], [ -71.936250134948267, -38.027473223931899 ], [ -71.935994809490012, -38.027881352832587 ], [ -71.935595081646468, -38.028323424868304 ], [ -71.935299152337365, -38.028560810193262 ], [ -71.934624835562602, -38.028777091163249 ], [ -71.934532975638277, -38.028806474423355 ], [ -71.934429421445586, -38.028839766474228 ], [ -71.934112781477623, -38.028850700364792 ], [ -71.933808907468133, -38.028861168650614 ], [ -71.933576045281868, -38.028897393691466 ], [ -71.933540710050181, -38.028902852141393 ], [ -71.933185153267459, -38.028958083366994 ], [ -71.932564640188318, -38.028979552731002 ], [ -71.932466059069043, -38.028994857459189 ], [ -71.931940877902804, -38.029076313741299 ], [ -71.931363183021688, -38.029212147600624 ], [ -71.931243469035337, -38.029259125151945 ], [ -71.931006893213691, -38.029352050608203 ], [ -71.930733109172976, -38.029459631710523 ], [ -71.930336493093563, -38.029826248455031 ], [ -71.930128765768956, -38.03023561243625 ], [ -71.930019286288655, -38.030572111112647 ], [ -71.929959115334285, -38.030872173336988 ], [ -71.929987820999187, -38.031325387979173 ], [ -71.930108126076988, -38.0317261267259 ], [ -71.930113279711776, -38.031743048398091 ], [ -71.930113387509621, -38.031743414214674 ], [ -71.930099281264702, -38.032082405817874 ], [ -71.929802573116262, -38.032338544424178 ], [ -71.929773208986248, -38.032367399116453 ], [ -71.929726342081224, -38.032413665660144 ], [ -71.929653336896422, -38.032485457709761 ], [ -71.929621349685775, -38.032593649086451 ], [ -71.929542368009365, -38.032859636622909 ], [ -71.929510392476828, -38.03362362785829 ], [ -71.929507744243367, -38.033688278059131 ], [ -71.929909608280667, -38.034339812566209 ], [ -71.930598724799736, -38.034961003898339 ], [ -71.931664088997465, -38.035705288822548 ], [ -71.932491343949351, -38.036443257136938 ], [ -71.933031361690809, -38.037211493628384 ], [ -71.933521431305863, -38.038035003751723 ], [ -71.933764339351953, -38.038380566611522 ], [ -71.933791445117322, -38.038419007822135 ], [ -71.933912323320271, -38.038950075754627 ], [ -71.933933199269163, -38.039049862328326 ], [ -71.933991765832431, -38.039329244908757 ], [ -71.933971371380522, -38.039818817886903 ], [ -71.933854205914642, -38.040343651856958 ], [ -71.933477456976064, -38.040760048216271 ], [ -71.933454307391187, -38.040785647975014 ], [ -71.933201981407663, -38.041118409357225 ], [ -71.933199127460014, -38.041126378468043 ], [ -71.933094267116914, -38.041417297113178 ], [ -71.932835630468503, -38.041900639527547 ], [ -71.932764216200056, -38.042014761920399 ], [ -71.932655250556081, -38.042188868107822 ], [ -71.932580149601705, -38.042308838735259 ], [ -71.932400236813223, -38.042807559880679 ], [ -71.932364610527372, -38.042906394606113 ], [ -71.932308619434025, -38.043086633111457 ], [ -71.932232055124047, -38.043333667088319 ], [ -71.932144155871811, -38.043617076464152 ], [ -71.9321236608086, -38.044106724771495 ], [ -71.93177295762338, -38.044512279958582 ], [ -71.931675935979428, -38.044604601001161 ], [ -71.931491411240287, -38.04477985417347 ], [ -71.93142540662646, -38.044842542674289 ], [ -71.931410793731743, -38.044878631055639 ], [ -71.931319163776124, -38.045103749371357 ], [ -71.931116133742137, -38.045400069110457 ], [ -71.930917742608258, -38.045583417758927 ], [ -71.930773308781951, -38.045617357275141 ], [ -71.930533574483746, -38.045648803045268 ], [ -71.930476452411469, -38.04566513786181 ], [ -71.930328897837839, -38.04570742160346 ], [ -71.930292262743933, -38.045717930633977 ], [ -71.930275537909978, -38.045747872342872 ], [ -71.93021232705668, -38.04586193497407 ], [ -71.93018916579372, -38.045903697927109 ], [ -71.930110430255681, -38.045956148834556 ], [ -71.929911767830617, -38.046088352657918 ], [ -71.929894950470171, -38.046099621421014 ], [ -71.92965492421952, -38.046364828419101 ], [ -71.929521350126663, -38.046650038501795 ], [ -71.929487461182561, -38.046722405886044 ], [ -71.929355133951319, -38.046863361351612 ], [ -71.929239004242959, -38.046986936448974 ], [ -71.929170339717601, -38.04706024367151 ], [ -71.929128075780099, -38.047105141258285 ], [ -71.928739608318651, -38.047275954302116 ], [ -71.928357270062364, -38.047296189498972 ], [ -71.9281639571048, -38.047204539660733 ], [ -71.928036855373563, -38.047144232258638 ], [ -71.928020681206874, -38.047136516354144 ], [ -71.927686457615536, -38.046916701517233 ], [ -71.92750480568867, -38.046700759913037 ], [ -71.927269078774955, -38.046610386244048 ], [ -71.927167757794052, -38.046571577931594 ], [ -71.927166996022706, -38.046571227752601 ], [ -71.92716458045291, -38.046571509310645 ], [ -71.926631041361262, -38.04661750300918 ], [ -71.926265975012939, -38.046722108057629 ], [ -71.926244931977422, -38.046728094337453 ], [ -71.926209390133195, -38.046752008324916 ], [ -71.925973502421058, -38.046910597112166 ], [ -71.925813246567628, -38.04701843963997 ], [ -71.925795661147617, -38.047036222255748 ], [ -71.925738159986295, -38.047094636671439 ], [ -71.925494507236834, -38.047341915335593 ], [ -71.92546831954968, -38.047424939380555 ], [ -71.9253625033991, -38.047760752115408 ], [ -71.925237996002394, -38.048046765338889 ], [ -71.925193697380791, -38.048148471472302 ], [ -71.925141567246541, -38.048187118365242 ], [ -71.925104210805458, -38.048214693463756 ], [ -71.92483946740974, -38.04841060865094 ], [ -71.924377886067319, -38.048552966496167 ], [ -71.924298497454075, -38.048577454306788 ], [ -71.924168248924403, -38.048574055187515 ], [ -71.92368883153199, -38.048561484457771 ], [ -71.923428303929924, -38.048582066639071 ], [ -71.923391552055023, -38.048584974813473 ], [ -71.923114741590098, -38.048606846601452 ], [ -71.922932167093464, -38.048602017095043 ], [ -71.922428924583087, -38.048588852850742 ], [ -71.922085623515798, -38.048595770640532 ], [ -71.921779814535199, -38.048601976065072 ], [ -71.921718189208391, -38.04862255186827 ], [ -71.921276959198721, -38.048769852690185 ], [ -71.920891727468913, -38.048898341068075 ], [ -71.920774001454291, -38.04893758320393 ], [ -71.920116193019496, -38.049161639954107 ], [ -71.919829487611736, -38.049214087112667 ], [ -71.919650463257071, -38.049246953932361 ], [ -71.91953954198074, -38.049267204147363 ], [ -71.919335054879355, -38.04934749966813 ], [ -71.919138558292431, -38.049424568627799 ], [ -71.919035351747738, -38.049465145353636 ], [ -71.918918488115807, -38.04958016779883 ], [ -71.918708476375429, -38.049786887009013 ], [ -71.918677311123275, -38.049817702108811 ], [ -71.918432220171042, -38.05020339590439 ], [ -71.918110972743975, -38.050587070181543 ], [ -71.917996552529601, -38.050737827612608 ], [ -71.917989459432135, -38.050747230267405 ], [ -71.917909009908541, -38.050853226512245 ], [ -71.91763089688645, -38.051117436557149 ], [ -71.917533239235297, -38.051326013974624 ], [ -71.917505271087236, -38.051385608423857 ], [ -71.917507803438028, -38.051425845932421 ], [ -71.917514300054165, -38.051528280221483 ], [ -71.917528168245511, -38.05174818378201 ], [ -71.917672468222875, -38.051870149830322 ], [ -71.917859744501726, -38.05202839647658 ], [ -71.918113844657952, -38.052336661245789 ], [ -71.918098623603754, -38.052698264206725 ], [ -71.918083626230086, -38.05273428646688 ], [ -71.917984148592154, -38.052972211621025 ], [ -71.917886632874797, -38.053205511935872 ], [ -71.917796945076844, -38.053304578081068 ], [ -71.917646536555566, -38.053470622455166 ], [ -71.917288471676571, -38.053823175480872 ], [ -71.916979880613553, -38.053905609309417 ], [ -71.916921465865556, -38.053929571882215 ], [ -71.916669256663013, -38.05403319103268 ], [ -71.916325094111386, -38.054054358076947 ], [ -71.915867877682885, -38.054042311734818 ], [ -71.915688327813797, -38.054050533381243 ], [ -71.915508771656505, -38.054058607895847 ], [ -71.91544737090851, -38.054061460678561 ], [ -71.915395774373536, -38.0540996460808 ], [ -71.915357868163497, -38.054127675906223 ], [ -71.915211144531497, -38.054236201013325 ], [ -71.914969235412002, -38.054305459842688 ], [ -71.914825068385326, -38.054346754659939 ], [ -71.914615009932547, -38.054341265567935 ], [ -71.914482134728971, -38.054337771930392 ], [ -71.914134085167106, -38.054449225888064 ], [ -71.914081769979902, -38.054506988572811 ], [ -71.913974103299836, -38.054625984086819 ], [ -71.913963893048304, -38.054867374068991 ], [ -71.913957627299197, -38.05501765936976 ], [ -71.913935834170417, -38.055044771410074 ], [ -71.913684427163417, -38.05535702352558 ], [ -71.913434349663035, -38.055667545559139 ], [ -71.913003794333903, -38.055927776404495 ], [ -71.912887539759708, -38.055980997498033 ], [ -71.912381465759566, -38.056213058867044 ], [ -71.911267472162265, -38.056394866024625 ], [ -71.910989030356788, -38.056447086604159 ], [ -71.910558723860959, -38.056527870798959 ], [ -71.910421586151372, -38.056553559827428 ], [ -71.909848651442942, -38.056568641641228 ], [ -71.909555517691018, -38.056596422953675 ], [ -71.909350645212385, -38.056615964507579 ], [ -71.908808337665235, -38.056812740669066 ], [ -71.908675627751677, -38.056888951554974 ], [ -71.908499192341694, -38.056990159466174 ], [ -71.908456474754985, -38.057014615453738 ], [ -71.908363104762671, -38.057139009479002 ], [ -71.90830501879806, -38.057216177041944 ], [ -71.90801194613158, -38.057606212321566 ], [ -71.907881155019453, -38.057994959611186 ], [ -71.907880651962898, -38.058005821953316 ], [ -71.907865881863003, -38.058356489349187 ], [ -71.907825520557296, -38.058612576371651 ], [ -71.907813810119251, -38.058686971827051 ], [ -71.907678026170785, -38.058824741146346 ], [ -71.907495033059206, -38.059010327350499 ], [ -71.906993300616833, -38.059147928428345 ], [ -71.90626669560433, -38.059189161099269 ], [ -71.90589088001532, -38.059196689003407 ], [ -71.905617576573277, -38.059202196121348 ], [ -71.90504727303032, -38.059156960079278 ], [ -71.904629295013464, -38.059115779023934 ], [ -71.904244411829978, -38.059196154276776 ], [ -71.904121578892969, -38.059305183960149 ], [ -71.904046268631134, -38.059371924217899 ], [ -71.904041708782742, -38.059381706295518 ], [ -71.904036376383218, -38.059393204302104 ], [ -71.903962415390936, -38.059550699083857 ], [ -71.903950922345189, -38.059821865899856 ], [ -71.904390504844628, -38.06025570100882 ], [ -71.904420314539024, -38.060398007525315 ], [ -71.904454036396473, -38.060559039459534 ], [ -71.904551802743782, -38.060953718693199 ], [ -71.904460353349549, -38.061313367983459 ], [ -71.904100855657688, -38.061695957750899 ], [ -71.903467658366722, -38.062237287821944 ], [ -71.903035697174161, -38.062527558876091 ], [ -71.902970351025445, -38.062551242787499 ], [ -71.902689367886055, -38.062653255529 ], [ -71.902338341307299, -38.06278061689293 ], [ -71.902029386426577, -38.062824492726463 ], [ -71.901800918798685, -38.062856930484216 ], [ -71.901104794522084, -38.063079910592968 ], [ -71.900711999875909, -38.063232435224563 ], [ -71.900633017301175, -38.063263098258503 ], [ -71.900522957509196, -38.063305821658886 ], [ -71.900516011735419, -38.063309609800143 ], [ -71.900178523666312, -38.063496269580284 ], [ -71.900054177966382, -38.063564956660947 ], [ -71.89985123596729, -38.063702457229553 ], [ -71.899582919971706, -38.06388430731284 ], [ -71.899335113412363, -38.064330184912102 ], [ -71.89928167173781, -38.064690812010184 ], [ -71.899229556874914, -38.065021217080037 ], [ -71.899361720612774, -38.065507314688702 ], [ -71.899693201647565, -38.065787505822549 ], [ -71.900066714854489, -38.065978381532545 ], [ -71.900553197496592, -38.066202338731941 ], [ -71.900917758093414, -38.066454768740194 ], [ -71.900961044313689, -38.066484626291995 ], [ -71.901000979817965, -38.06669901655107 ], [ -71.901023236477442, -38.066818039625296 ], [ -71.900959627670503, -38.06741968549067 ], [ -71.900951577867218, -38.067438041664623 ], [ -71.900759008714715, -38.067873701523609 ], [ -71.900748811039605, -38.067896759930974 ], [ -71.900674605705561, -38.067951588330445 ], [ -71.900356475432517, -38.068186780099282 ], [ -71.900315472729716, -38.06821709522476 ], [ -71.900225097720551, -38.068252541946421 ], [ -71.900044805843038, -38.068323275505939 ], [ -71.899811095647138, -38.068414887584687 ], [ -71.899762419535136, -38.068416384771972 ], [ -71.899668326399023, -38.068419224265035 ], [ -71.899543830680429, -38.068422889085021 ], [ -71.899311235293794, -38.06850731355928 ], [ -71.899266090459207, -38.068560389717746 ], [ -71.899241643707057, -38.068589115566155 ], [ -71.899110487878957, -38.068743294211295 ], [ -71.898750929999949, -38.069125943430635 ], [ -71.898275827215855, -38.069535727730063 ], [ -71.897933116341719, -38.069765909493995 ], [ -71.897843799547957, -38.069825907594506 ], [ -71.897707329286618, -38.069914156438038 ], [ -71.89752988237359, -38.070028732323102 ], [ -71.897291089509821, -38.070263804261359 ], [ -71.897170699092086, -38.070390479827907 ], [ -71.897011588590644, -38.070558041275802 ], [ -71.896611306486562, -38.070999925682685 ], [ -71.896552048220528, -38.071163916523311 ], [ -71.896490846000219, -38.071333048289553 ], [ -71.896438490388832, -38.071477974621885 ], [ -71.896386085370111, -38.071633455480026 ], [ -71.896307523206929, -38.071866640434557 ], [ -71.896282787197265, -38.071989848718069 ], [ -71.896210878855413, -38.072346721811378 ], [ -71.896178884458251, -38.072430325668684 ], [ -71.896042777116293, -38.072785830343179 ], [ -71.896039389569339, -38.072794622698616 ], [ -71.896027558757055, -38.072811891297391 ], [ -71.896014574507944, -38.072830664060803 ], [ -71.895876313005928, -38.073032252799344 ], [ -71.895795437680903, -38.073150129138419 ], [ -71.895207031288351, -38.073526675042778 ], [ -71.895048722084127, -38.073549178660087 ], [ -71.894669705797767, -38.073602955502636 ], [ -71.894283400581187, -38.073713448774868 ], [ -71.893847451767073, -38.07385070256143 ], [ -71.89366465718318, -38.073908203129619 ], [ -71.893009015484864, -38.074071829623684 ], [ -71.892279768527089, -38.074173196924001 ], [ -71.891907533622799, -38.074183619836191 ], [ -71.891300541985345, -38.074200559275134 ], [ -71.891171831371409, -38.074204170060959 ], [ -71.89052133342642, -38.074247346022034 ], [ -71.890257449718433, -38.074363080525487 ], [ -71.890132532689975, -38.074417968430133 ], [ -71.889858045268397, -38.074591682150363 ], [ -71.889508618589176, -38.074733212607725 ], [ -71.889156614643412, -38.074935034414892 ], [ -71.88902951470881, -38.075233327974935 ], [ -71.88887134833675, -38.075416134460561 ], [ -71.888748723808874, -38.075557766566739 ], [ -71.888208702474159, -38.075694238319208 ], [ -71.887861875519363, -38.07572409917136 ], [ -71.887827072090303, -38.07572709607529 ], [ -71.887672404656271, -38.07574027311685 ], [ -71.887180736938319, -38.075636775927016 ], [ -71.886808543356551, -38.075415859377848 ], [ -71.886670224362362, -38.07508032416046 ], [ -71.886668725074159, -38.075056447008251 ], [ -71.886647467341277, -38.07471781136573 ], [ -71.886522111934951, -38.074581244445952 ], [ -71.886392073611049, -38.074439551754196 ], [ -71.886325850706612, -38.074391504965071 ], [ -71.886132953669033, -38.074251651241333 ], [ -71.885678189641283, -38.074179274304406 ], [ -71.885144577786093, -38.074165149379716 ], [ -71.885049425536252, -38.074162616312435 ], [ -71.884763410932962, -38.074155028424684 ], [ -71.884712928308929, -38.074184315686978 ], [ -71.884215745833458, -38.074472282784718 ], [ -71.883667982817613, -38.074789537890069 ], [ -71.883233470409621, -38.075139955130759 ], [ -71.883110641964208, -38.075207775621188 ], [ -71.882920828842984, -38.075312670048305 ], [ -71.882684454243957, -38.07548735044287 ], [ -71.882602253903883, -38.075714711040121 ], [ -71.882563847332236, -38.075820906602594 ], [ -71.882554742906834, -38.075845856958026 ], [ -71.882275070409406, -38.076140137989661 ], [ -71.882245258918402, -38.076158510361189 ], [ -71.882040028910268, -38.076284670110262 ], [ -71.881873868430489, -38.076418949067623 ], [ -71.881556570895725, -38.07667547564796 ], [ -71.881471953189219, -38.076743907098312 ], [ -71.88140778652847, -38.076795746856369 ], [ -71.881049338068863, -38.077148127396399 ], [ -71.880729120111098, -38.077501636944739 ], [ -71.880214383656678, -38.077940442990631 ], [ -71.880037343680485, -38.078014239654905 ], [ -71.879670406141429, -38.078167316529594 ], [ -71.879612648960233, -38.078182683103108 ], [ -71.879052826960006, -38.078331851343613 ], [ -71.878287960004613, -38.078371858362466 ], [ -71.877563719357937, -38.078352555263216 ], [ -71.877364515248729, -38.078320827258885 ], [ -71.877022114293354, -38.078266329788313 ], [ -71.876654152674874, -38.078207734478987 ], [ -71.876424182165508, -38.078048549516886 ], [ -71.876249400553945, -38.077927574653863 ], [ -71.876246329213984, -38.07792543488074 ], [ -71.876189724571304, -38.07790113579393 ], [ -71.875721692426794, -38.077700246392702 ], [ -71.875584190899545, -38.077636963051617 ], [ -71.875235200801541, -38.07747618721077 ], [ -71.874899824671672, -38.077286291891973 ], [ -71.87456525702558, -38.077155128757269 ], [ -71.874546766103776, -38.077147904648314 ], [ -71.874504377300454, -38.077131301074871 ], [ -71.874487021849163, -38.077124492760106 ], [ -71.873893800486684, -38.07671659661284 ], [ -71.873520385196116, -38.076525634364629 ], [ -71.873102318246026, -38.076484344285184 ], [ -71.87273261389592, -38.076450062682248 ], [ -71.872646206745358, -38.076441990638457 ], [ -71.872539745604413, -38.076396322583122 ], [ -71.872196618810278, -38.076249049787386 ], [ -71.871895522391668, -38.075966043258646 ], [ -71.871866437637735, -38.075938632774779 ], [ -71.871554230855665, -38.075591166769634 ], [ -71.871283509171761, -38.075289701665803 ], [ -71.871269675116366, -38.07527498223827 ], [ -71.871137490717274, -38.075135022009 ], [ -71.870989570529318, -38.07485291916155 ], [ -71.870961014883065, -38.074798480629582 ], [ -71.870895109083932, -38.074555410414014 ], [ -71.87088757850691, -38.074465546353004 ], [ -71.870869743355257, -38.074253112950935 ], [ -71.870765700479041, -38.07400898229367 ], [ -71.870744069945317, -38.073990689292103 ], [ -71.870621818218311, -38.073887316916753 ], [ -71.870581646457111, -38.073853312720878 ], [ -71.870322475311127, -38.073665453132186 ], [ -71.870030540810092, -38.073356015196779 ], [ -71.869974821007958, -38.072871925794331 ], [ -71.869985170498353, -38.072628024603659 ], [ -71.869991526078977, -38.072480174938455 ], [ -71.869937932589124, -38.072203219348538 ], [ -71.869897768014482, -38.071995096042798 ], [ -71.869874999315272, -38.071632505016503 ], [ -71.86966049869342, -38.071294970886939 ], [ -71.869404028781489, -38.071046887739847 ], [ -71.869191506249891, -38.07095568418093 ], [ -71.869165579074149, -38.070944506937046 ], [ -71.868954386049168, -38.070853860522213 ], [ -71.86857708015512, -38.070753321701631 ], [ -71.868005449800478, -38.070738054696577 ], [ -71.867872320373692, -38.070716874090856 ], [ -71.867387056745414, -38.0706395602312 ], [ -71.867095899287108, -38.070593156600644 ], [ -71.86698172880439, -38.070567305601692 ], [ -71.866908726314506, -38.070550856825641 ], [ -71.866642329120381, -38.07049056088087 ], [ -71.866576413439773, -38.070430833476536 ], [ -71.866385242964157, -38.070257469133594 ], [ -71.86620620782972, -38.069981210919472 ], [ -71.866064058419155, -38.069736160069887 ], [ -71.866024652920899, -38.069685823784731 ], [ -71.865919405403901, -38.069551325960447 ], [ -71.865838967558417, -38.069473500262575 ], [ -71.865714280498665, -38.069352836533213 ], [ -71.865662948068376, -38.069303085556328 ], [ -71.865653160025047, -38.069272398179663 ], [ -71.865595627422678, -38.069090161912484 ], [ -71.865464540764819, -38.068922710256828 ], [ -71.86545097800068, -38.068905326170785 ], [ -71.865151203003833, -38.068776681259997 ], [ -71.864852772785, -38.068617888079743 ], [ -71.864595617458491, -38.068454470038013 ], [ -71.864555597512592, -38.068429022813682 ], [ -71.864296459604276, -38.068241073620875 ], [ -71.864249695107205, -38.068193499428666 ], [ -71.86411368298667, -38.068055248448204 ], [ -71.863892772885251, -38.067868284876063 ], [ -71.863784918457313, -38.06771465743909 ], [ -71.863483804072374, -38.067616081814919 ], [ -71.863374603069815, -38.06749252881572 ], [ -71.863345609045695, -38.067280587905415 ], [ -71.863433421161346, -38.067011473543843 ], [ -71.863443719447773, -38.06677045248464 ], [ -71.863502535742683, -38.06652389436087 ], [ -71.863536633095933, -38.066380829572942 ], [ -71.86362444521157, -38.066111715437856 ], [ -71.863634739006429, -38.065870620689907 ], [ -71.863493857118726, -38.065595420926961 ], [ -71.863485769586219, -38.065584324904897 ], [ -71.863313591292339, -38.065349229442674 ], [ -71.863016527411034, -38.065160356445396 ], [ -71.862640509701095, -38.065029651790958 ], [ -71.862151540522277, -38.064865751872667 ], [ -71.861628390446896, -38.064610494422503 ], [ -71.861478958394329, -38.064539586823898 ], [ -71.861317253558354, -38.064462777076997 ], [ -71.861291759370587, -38.064450629188229 ], [ -71.860911990296017, -38.064410354282934 ], [ -71.860767245652596, -38.064394984108652 ], [ -71.860532222119758, -38.06437007723369 ], [ -71.860307386380569, -38.064273547453432 ], [ -71.860257838004429, -38.064245451495019 ], [ -71.860118453608322, -38.064166398710626 ], [ -71.860083899910919, -38.064146942629925 ], [ -71.860030851698454, -38.064067338073805 ], [ -71.859940524300001, -38.06393188077098 ], [ -71.85968536503006, -38.06365362751567 ], [ -71.859360443493486, -38.063439442635158 ], [ -71.859351438781076, -38.063433536228935 ], [ -71.859076508490048, -38.063230015649346 ], [ -71.859015562289599, -38.06318492496613 ], [ -71.858759760724254, -38.062995479855587 ], [ -71.858702604515969, -38.062966165480795 ], [ -71.858203283151823, -38.06271082855401 ], [ -71.858199662042907, -38.062708923858764 ], [ -71.858196627533871, -38.062707743414492 ], [ -71.857374199230009, -38.062385199918666 ], [ -71.85677222198845, -38.062188154413818 ], [ -71.856498249301524, -38.062095321548775 ], [ -71.856095336930295, -38.061958901518487 ], [ -71.855684167244974, -38.061838180128717 ], [ -71.855417104399208, -38.061759718156047 ], [ -71.854665413034084, -38.061498321926273 ], [ -71.854585279717469, -38.061461445331467 ], [ -71.854479477041622, -38.06141264382817 ], [ -71.854457517724498, -38.06140247584225 ], [ -71.854301336629206, -38.061330541686544 ], [ -71.854178994172358, -38.061274097825283 ], [ -71.85396870934413, -38.06106633668076 ], [ -71.853474065507655, -38.060577475864761 ], [ -71.853410377648942, -38.060514512261122 ], [ -71.853005441373384, -38.060171903583438 ], [ -71.85256103132761, -38.059858373401006 ], [ -71.852275827004675, -38.059637076765831 ], [ -71.852117970551376, -38.059514620057442 ], [ -71.85182743113397, -38.059175133010946 ], [ -71.851769803310177, -38.059111873959246 ], [ -71.851207945727523, -38.058494875363834 ], [ -71.850733248981925, -38.057999538813213 ], [ -71.850440110738418, -38.057720194231351 ], [ -71.850347642654654, -38.057593859584621 ], [ -71.850307616420537, -38.057539104058449 ], [ -71.850259909590747, -38.057474052640657 ], [ -71.850171790251267, -38.057209586853084 ], [ -71.850158479015377, -38.057169682847025 ], [ -71.850096047001443, -38.056987408653356 ], [ -71.850022884611448, -38.056773951204605 ], [ -71.849827916058814, -38.056476722599363 ], [ -71.849777118126127, -38.056399346299564 ], [ -71.84970061849485, -38.056282661714278 ], [ -71.849520517060157, -38.056036518118084 ], [ -71.849501408097439, -38.056020373768469 ], [ -71.849323044004521, -38.055869476553397 ], [ -71.849152399134837, -38.055725034954996 ], [ -71.84889469853097, -38.055506974660972 ], [ -71.848894019404597, -38.055506326732036 ], [ -71.848675124224371, -38.05528990754128 ], [ -71.848422647323886, -38.054951334600446 ], [ -71.848240911853708, -38.054797638308152 ], [ -71.848128178675438, -38.054702130051218 ], [ -71.847791623955914, -38.054542296928666 ], [ -71.847397877993842, -38.054479507800849 ], [ -71.847337011743477, -38.054469763972527 ], [ -71.846999291909015, -38.05433999869107 ], [ -71.846618227463807, -38.05432974837634 ], [ -71.846459258896189, -38.054370728406006 ], [ -71.846193999867523, -38.054439009541682 ], [ -71.846142700674903, -38.054437669808877 ], [ -71.845850966498176, -38.054429828763681 ], [ -71.845508027451942, -38.054420643740372 ], [ -71.845050804735266, -38.05440832158947 ], [ -71.844743376990536, -38.054460424043256 ], [ -71.844473912049708, -38.05451655060579 ], [ -71.844358531536287, -38.054540602105376 ], [ -71.844338924906907, -38.054559751626044 ], [ -71.844119510500434, -38.054775426011027 ], [ -71.843810817927775, -38.054857597046748 ], [ -71.843489226445953, -38.054903174567848 ], [ -71.84327346638608, -38.054933640204226 ], [ -71.842854366373402, -38.054922380581864 ], [ -71.842442926295192, -38.054730390243172 ], [ -71.842394675086339, -38.054701665319811 ], [ -71.842227755530146, -38.054602442618105 ], [ -71.842070964478765, -38.054509175009073 ], [ -71.841955434845019, -38.05439911322069 ], [ -71.841809472086069, -38.054260042519665 ], [ -71.841803075182952, -38.05425392387243 ], [ -71.841484691584981, -38.053950512600935 ], [ -71.84092608500535, -38.05363386882766 ], [ -71.840589736898352, -38.053474009321846 ], [ -71.839982636564727, -38.053397311748753 ], [ -71.839611847049738, -38.0533026455537 ], [ -71.839454409211356, -38.053262534280847 ], [ -71.839423017583741, -38.053257018934886 ], [ -71.839270303985444, -38.053230448076235 ], [ -71.838735016772262, -38.053137541599163 ], [ -71.83853754191999, -38.053092787063839 ], [ -71.83847200173517, -38.053077983944746 ], [ -71.838341386692861, -38.053048368501756 ], [ -71.838281681964133, -38.053034827321547 ], [ -71.837749481362252, -38.052990335157787 ], [ -71.837180607038917, -38.052914692475426 ], [ -71.836875704458436, -38.052906483434121 ], [ -71.836585394111438, -38.052828980984494 ], [ -71.836498715669677, -38.052805830821917 ], [ -71.836393881377703, -38.052786293202331 ], [ -71.836120279694981, -38.052735326304862 ], [ -71.8357088647696, -38.052543238978004 ], [ -71.83569856019497, -38.052537435676356 ], [ -71.835687106675095, -38.052530921462647 ], [ -71.835373795863546, -38.052353218808463 ], [ -71.834549809881011, -38.05199925313871 ], [ -71.83417399968188, -38.051868449993435 ], [ -71.833679931665529, -38.05182493825896 ], [ -71.83318333578994, -38.051841715225606 ], [ -71.83292149125765, -38.051853418849966 ], [ -71.832762988915675, -38.05186056269325 ], [ -71.832225644560481, -38.051936555910927 ], [ -71.831806467292708, -38.051925256921571 ], [ -71.831311134448413, -38.051911881060668 ], [ -71.831014204416078, -38.051722921033331 ], [ -71.830881346280506, -38.051596215975998 ], [ -71.830721067969208, -38.051443451338677 ], [ -71.830630060546071, -38.051327251193371 ], [ -71.830431924533755, -38.051073760262049 ], [ -71.830289229845818, -38.050912157106801 ], [ -71.830104562274556, -38.05070292275736 ], [ -71.829832102350565, -38.050451147926076 ], [ -71.829746161425646, -38.050371879339494 ], [ -71.82972631314945, -38.050353387308633 ], [ -71.829701056116917, -38.050330155012531 ], [ -71.829293748289004, -38.050047599986435 ], [ -71.828770718587862, -38.049792188273869 ], [ -71.828763354199154, -38.049790003818892 ], [ -71.82833644603005, -38.049660042779252 ], [ -71.827791767828899, -38.049494312337352 ], [ -71.827304241344422, -38.049300188372655 ], [ -71.826858826083836, -38.049016623435818 ], [ -71.826786872826204, -38.048958715643892 ], [ -71.826121581425099, -38.048423574851235 ], [ -71.825825948560038, -38.048204530010864 ], [ -71.825510931847788, -38.047969268355189 ], [ -71.824417804317889, -38.047152780096084 ], [ -71.824160074069624, -38.046960350580626 ], [ -71.823793653061855, -38.046686609875174 ], [ -71.823094575124614, -38.046094543438834 ], [ -71.822649105965098, -38.045811036829249 ], [ -71.822388332224634, -38.04559018514761 ], [ -71.822317908797942, -38.045530614278114 ], [ -71.822233788758112, -38.045444947199513 ], [ -71.821952588226395, -38.04515881910951 ], [ -71.821813268508976, -38.044853413335396 ], [ -71.82164925590105, -38.044619531760084 ], [ -71.821597706976775, -38.044545926378795 ], [ -71.821227221990668, -38.044294565456624 ], [ -71.821077960617998, -38.044247884067715 ], [ -71.820700263058484, -38.044129482217272 ], [ -71.820059134541879, -38.043961306308852 ], [ -71.819588450570677, -38.043749769120936 ], [ -71.819273524588269, -38.043608228250413 ], [ -71.818951834291767, -38.043358494104787 ], [ -71.818830718035258, -38.043264412027327 ], [ -71.81804239427116, -38.042971620273164 ], [ -71.817331676862779, -38.0426506863109 ], [ -71.816885922937317, -38.042543645989213 ], [ -71.816765445382984, -38.042514796720972 ], [ -71.816277990763751, -38.042320550250906 ], [ -71.815752514051781, -38.042125293698327 ], [ -71.815227043627999, -38.041930108080287 ], [ -71.815137830140515, -38.041910914929474 ], [ -71.81466908473368, -38.04181017574367 ], [ -71.814584576621641, -38.041791975861209 ], [ -71.814167214849078, -38.041702255503942 ], [ -71.8139422102266, -38.041653984877556 ], [ -71.813744443421854, -38.041622332222502 ], [ -71.813487701320383, -38.041581243178818 ], [ -71.813305237316499, -38.041576312746685 ], [ -71.812802033433698, -38.04156267676445 ], [ -71.812730756607479, -38.041565859720173 ], [ -71.811961341481791, -38.041600223464464 ], [ -71.811862958890188, -38.041607228934666 ], [ -71.811435549461166, -38.041637756703103 ], [ -71.811043043174166, -38.041665749558952 ], [ -71.810232633430502, -38.041885022668396 ], [ -71.810212149147077, -38.041896067100538 ], [ -71.8095685879927, -38.042244056771573 ], [ -71.809102330020892, -38.0424425412033 ], [ -71.808787083339922, -38.042675278678871 ], [ -71.808657742108679, -38.042827101578474 ], [ -71.808586100566444, -38.042911114123271 ], [ -71.808048790347257, -38.042986994946844 ], [ -71.808048320528357, -38.042986931982263 ], [ -71.807595503149813, -38.042914570102894 ], [ -71.807594373069207, -38.042914301972644 ], [ -71.807259323027779, -38.042724198796456 ], [ -71.807080581642438, -38.042447911624762 ], [ -71.807066646975755, -38.042220019626136 ], [ -71.807058236049741, -38.042085366611957 ], [ -71.807013475694092, -38.041976457017874 ], [ -71.806947831304711, -38.041816821087373 ], [ -71.806920257517049, -38.041749793857818 ], [ -71.806510344574804, -38.041527450583132 ], [ -71.806007042775647, -38.041398788670776 ], [ -71.805982350783424, -38.041392514717394 ], [ -71.805698014233059, -38.04140343895186 ], [ -71.805609388243766, -38.041406885097899 ], [ -71.805523835391057, -38.041410181965006 ], [ -71.80547593811842, -38.041431697910525 ], [ -71.805405564099047, -38.041463420688672 ], [ -71.805018173717613, -38.041637714254271 ], [ -71.804626772358446, -38.041868347419168 ], [ -71.804205005247709, -38.041917241191761 ], [ -71.803595474971232, -38.041900641649967 ], [ -71.803068661566115, -38.041735474483104 ], [ -71.802738925957925, -38.041424845239639 ], [ -71.80265672471954, -38.04102910912875 ], [ -71.802644383664159, -38.040969836645104 ], [ -71.802702132760515, -38.04051901922891 ], [ -71.802643059547449, -38.040125240812834 ], [ -71.802503389487057, -38.039893925083398 ], [ -71.802180587076236, -38.039358593513441 ], [ -71.801952577589148, -38.039052471606738 ], [ -71.801928376975383, -38.039019907975351 ], [ -71.801485679118528, -38.038676095678646 ], [ -71.801107340161892, -38.038605401383769 ], [ -71.801014507362126, -38.038589014051581 ], [ -71.800551188677929, -38.038507130398948 ], [ -71.800501766065935, -38.038498418117236 ], [ -71.800453653197636, -38.038497129740918 ], [ -71.799854240646198, -38.038480785542653 ], [ -71.799215761261379, -38.038252274151866 ], [ -71.798719943326844, -38.037998217217535 ], [ -71.798656263552985, -38.037965559725357 ], [ -71.798594065999339, -38.03795220536945 ], [ -71.798013856733732, -38.03782733441831 ], [ -71.797559390048349, -38.037754675943006 ], [ -71.797474438168564, -38.037731972409901 ], [ -71.797182433598934, -38.03765389424855 ], [ -71.797119514698124, -38.037633839634225 ], [ -71.796768735156078, -38.037521951836581 ], [ -71.796293414979687, -38.037362318223224 ], [ -71.7962800848792, -38.037357837490667 ], [ -71.795903039496551, -38.037257053835056 ], [ -71.795214520357149, -38.037265466982525 ], [ -71.79513989281493, -38.03726635704551 ], [ -71.794933056619072, -38.0372926839431 ], [ -71.794066051215864, -38.037402989366733 ], [ -71.793489361549547, -38.037507861579122 ], [ -71.793028303924928, -38.037585771506585 ], [ -71.792828210483606, -38.037666776744103 ], [ -71.792678937432825, -38.037727012710405 ], [ -71.792465452805573, -38.037738066259898 ], [ -71.792438533889765, -38.037739444504339 ], [ -71.792296677329972, -38.03774680268765 ], [ -71.792257103846751, -38.037734456504651 ], [ -71.791656941202078, -38.037548320385952 ], [ -71.791127714023801, -38.037443386677197 ], [ -71.790677189145882, -38.037280189811391 ], [ -71.790296304363721, -38.037269824611897 ], [ -71.789950055923981, -38.037417109360256 ], [ -71.78982992601766, -38.037468235501287 ], [ -71.789703809738299, -38.037494407379455 ], [ -71.789060173125435, -38.037628158258968 ], [ -71.788923653456763, -38.037643356467399 ], [ -71.78840861786334, -38.03770082959511 ], [ -71.78783732976683, -38.037685158776455 ], [ -71.78749575166826, -38.037645730192253 ], [ -71.787272465522918, -38.037518978130947 ], [ -71.787092522191728, -38.037272655408152 ], [ -71.787047629783714, -38.037129860313904 ], [ -71.787039775813199, -38.037104877652993 ], [ -71.786958592366034, -38.03684676332032 ], [ -71.786939009092805, -38.036423916089241 ], [ -71.786926153302787, -38.036183372348319 ], [ -71.786918050498926, -38.03603121657644 ], [ -71.786936496504964, -38.035609534197455 ], [ -71.786838019590277, -38.035244802987059 ], [ -71.78666331523381, -38.03487804213556 ], [ -71.786606723167537, -38.034820408302409 ], [ -71.786298319852406, -38.034506124246391 ], [ -71.785639898766576, -38.033973536102884 ], [ -71.785487879566006, -38.033850479615339 ], [ -71.785116285160512, -38.033629216854159 ], [ -71.784625117804183, -38.033525343820834 ], [ -71.78451353985939, -38.033548434984702 ], [ -71.784240206772949, -38.033605252589687 ], [ -71.783855391861422, -38.033685232027025 ], [ -71.783594008164911, -38.033557382764506 ], [ -71.783375972672403, -38.033310037736733 ], [ -71.78319605988392, -38.033063855107038 ], [ -71.783082963786285, -38.033007410675566 ], [ -71.782748246121528, -38.032840479303339 ], [ -71.782102653876279, -38.032771476117986 ], [ -71.781989089756394, -38.032759328629787 ], [ -71.781539941097478, -38.03274708208037 ], [ -71.781417750455901, -38.032743701330453 ], [ -71.780787188821989, -38.032696995596488 ], [ -71.78077146560959, -38.032695816790913 ], [ -71.78042807291412, -38.032701435575383 ], [ -71.78013134590104, -38.032512338229047 ], [ -71.780108885323997, -38.032493383890746 ], [ -71.779984224315385, -38.032387681595054 ], [ -71.779760966916129, -38.032260914773431 ], [ -71.77961255804469, -38.03216633021411 ], [ -71.779232985701157, -38.032125781402875 ], [ -71.779165521325012, -38.032162955805532 ], [ -71.779076760588424, -38.032211999694837 ], [ -71.778880948517738, -38.032327275666042 ], [ -71.778686607887494, -38.032412401941706 ], [ -71.778419904367837, -38.032405128838313 ], [ -71.778048241690399, -38.03218377114198 ], [ -71.777943283430901, -38.03196968804675 ], [ -71.777755386416189, -38.031904303989911 ], [ -71.777488867051176, -38.031896950172637 ], [ -71.777370663132842, -38.031984186224285 ], [ -71.777177514566958, -38.032039165353574 ], [ -71.776988423691222, -38.032003924685291 ], [ -71.77695693414725, -38.031852172746987 ], [ -71.776934301093689, -38.031653267614359 ], [ -71.776929312748905, -38.031610130910543 ], [ -71.777003694152739, -38.031262046131452 ], [ -71.777025418111265, -38.03116026276652 ], [ -71.777046692912137, -38.03112565779125 ], [ -71.777189557381661, -38.030893315943906 ], [ -71.777153869112055, -38.030741589300632 ], [ -71.777125297296124, -38.030620105301203 ], [ -71.776968453244152, -38.030433007887048 ], [ -71.776944214002839, -38.030403981903937 ], [ -71.776725790438135, -38.030345592383213 ], [ -71.776567227010702, -38.030303133487656 ], [ -71.775956505568175, -38.030316605990478 ], [ -71.775498140194443, -38.030334226378805 ], [ -71.774303566817835, -38.030425329846572 ], [ -71.774044140550302, -38.030445036886192 ], [ -71.773832558554787, -38.030439256598555 ], [ -71.773794632581826, -38.030438232718417 ], [ -71.773472818317799, -38.030429370175767 ], [ -71.773157205124193, -38.030441397052748 ], [ -71.773014452045757, -38.030446979923155 ], [ -71.772557465586019, -38.030434367871621 ], [ -71.77236164632879, -38.030549633196159 ], [ -71.772347721543582, -38.03057631276355 ], [ -71.772236800267251, -38.030787523598747 ], [ -71.772075223890354, -38.030994245627276 ], [ -71.771995033081581, -38.031082498841684 ], [ -71.771687635879545, -38.031134333448165 ], [ -71.7714972568197, -38.031129156074357 ], [ -71.771235902767557, -38.031001277585034 ], [ -71.771211161368001, -38.030699008929844 ], [ -71.770957740338147, -38.030390398325792 ], [ -71.770770851233181, -38.030294569531463 ], [ -71.770646008764885, -38.030230639492522 ], [ -71.77058482181593, -38.030199235925146 ], [ -71.770207842908647, -38.030098366706866 ], [ -71.769707394158814, -38.030205162702977 ], [ -71.769651801917462, -38.030292538749336 ], [ -71.769608447425213, -38.030360434062843 ], [ -71.769546239091781, -38.030457930555926 ], [ -71.7694617453528, -38.030590569929792 ], [ -71.769251345540198, -38.031037297076331 ], [ -71.76881521257144, -38.031417301807117 ], [ -71.768192569586773, -38.031701832108375 ], [ -71.767806356896671, -38.031811833204017 ], [ -71.767378062627088, -38.032011251604075 ], [ -71.767142916923362, -38.032155558144801 ], [ -71.766761961174311, -38.032145043629995 ], [ -71.76662471836184, -38.032101256956977 ], [ -71.766348345376471, -38.032013063698493 ], [ -71.766302462126703, -38.03191220971415 ], [ -71.76628982822055, -38.031916197600857 ], [ -71.765928075757316, -38.032031595032564 ], [ -71.765772009646369, -38.032057929472394 ], [ -71.765467016336046, -38.032109396158738 ], [ -71.76545352813207, -38.032117981129929 ], [ -71.76519246064251, -38.032282822570693 ], [ -71.764833731908524, -38.032634936338617 ], [ -71.764529817474866, -38.032908698442405 ], [ -71.764476382088503, -38.032956826952315 ], [ -71.76404662805659, -38.033331276575808 ], [ -71.764040123355599, -38.033336965359958 ], [ -71.763894484888496, -38.033484325942901 ], [ -71.763720790238395, -38.033659951724772 ], [ -71.763283227151717, -38.034070160326912 ], [ -71.762664743366813, -38.034382022894576 ], [ -71.762659155845753, -38.034384811349454 ], [ -71.762631755432949, -38.034398225082469 ], [ -71.762191510875141, -38.034613184807121 ], [ -71.761731816893104, -38.034660824696921 ], [ -71.761317716903321, -38.034667605830919 ], [ -71.761044821296423, -38.034672101586587 ], [ -71.760544420157302, -38.034778930537087 ], [ -71.759930965141365, -38.034852467198419 ], [ -71.759431857576246, -38.03492914670008 ], [ -71.758897223438254, -38.034944582496081 ], [ -71.758316607235841, -38.03513972022408 ], [ -71.757771326265114, -38.035396177145614 ], [ -71.75749266167746, -38.03565988047869 ], [ -71.757370924685105, -38.035783126376252 ], [ -71.757288832142848, -38.035866099141977 ], [ -71.757173386052443, -38.035982922400947 ], [ -71.756674265012592, -38.036059590813593 ], [ -71.756615495430069, -38.036055286177273 ], [ -71.756480918817346, -38.036045304995383 ], [ -71.756027959505005, -38.036011570472589 ], [ -71.755959596813582, -38.035990366372417 ], [ -71.755422981890405, -38.03582373684106 ], [ -71.755388421006472, -38.035812958941797 ], [ -71.755327228667639, -38.035811219817624 ], [ -71.754664682518055, -38.035792951228309 ], [ -71.754543652499805, -38.035775860682918 ], [ -71.754134119544929, -38.03571799689918 ], [ -71.75352472940564, -38.035701132748237 ], [ -71.753067618978392, -38.035688520893814 ], [ -71.752448767782525, -38.035882533780764 ], [ -71.751983771943699, -38.036050648292182 ], [ -71.751925286228797, -38.036093796531596 ], [ -71.751480914810571, -38.036421524636509 ], [ -71.751431873084258, -38.036457660327514 ], [ -71.750844542873409, -38.036803423077238 ], [ -71.750662987066278, -38.036986965180226 ], [ -71.750525132501096, -38.037126302885405 ], [ -71.750323970064585, -38.037362045827521 ], [ -71.750162407162421, -38.037568665106633 ], [ -71.749846987106594, -38.037801324680572 ], [ -71.749558186827585, -38.037850009621174 ], [ -71.749539636616973, -38.037853100761126 ], [ -71.749102572095268, -38.037817861475062 ], [ -71.748969460634783, -38.037807173723913 ], [ -71.748592562575851, -38.037706305784496 ], [ -71.748251086885219, -38.03766661189232 ], [ -71.748148972691922, -38.037676234141493 ], [ -71.747753245046326, -38.037713170831168 ], [ -71.747365666917005, -38.037853252169654 ], [ -71.747172898338505, -38.038051740012591 ], [ -71.74716588519108, -38.038058842751781 ], [ -71.746811127010645, -38.038320536361262 ], [ -71.746273768282421, -38.038396136107274 ], [ -71.746216311138539, -38.038394526519006 ], [ -71.746045251247182, -38.038389814493357 ], [ -71.745616851874715, -38.0385890833875 ], [ -71.745370950642098, -38.038974301462453 ], [ -71.745309239077031, -38.039118644517472 ], [ -71.745243398854896, -38.039272384341459 ], [ -71.74490242172925, -38.039418603102796 ], [ -71.744846940878986, -38.039442412644917 ], [ -71.744582571182448, -38.039555765571237 ], [ -71.744222994438829, -38.039606385772018 ], [ -71.744045199877789, -38.039631354137121 ], [ -71.743876936441922, -38.039626648558531 ], [ -71.743511917704339, -38.039616498771004 ], [ -71.743293867838787, -38.039598192218385 ], [ -71.742980034207747, -38.039571640457112 ], [ -71.742563618361174, -38.039499725173087 ], [ -71.74214469351999, -38.039488099521371 ], [ -71.74175839728656, -38.03959809104596 ], [ -71.741402215276409, -38.039889844241465 ], [ -71.741298515556636, -38.040019664852949 ], [ -71.741119566660487, -38.04024394911545 ], [ -71.741080060550914, -38.040295728421547 ], [ -71.740916968716149, -38.040509751806212 ], [ -71.740902959489276, -38.040539530092104 ], [ -71.740823569977721, -38.040708125618245 ], [ -71.740664337305432, -38.041045695425851 ], [ -71.740312237239905, -38.041247003136277 ], [ -71.739697403309989, -38.041350656510986 ], [ -71.739166718166018, -38.041275637829052 ], [ -71.738974208302324, -38.041223954018704 ], [ -71.738789905447049, -38.041174664299412 ], [ -71.738372180755093, -38.041132880254381 ], [ -71.738140717245727, -38.041240579183302 ], [ -71.737943743653375, -38.041332121874909 ], [ -71.737894630061859, -38.041486871580346 ], [ -71.737880764565446, -38.041530522465841 ], [ -71.737810753465467, -38.041750639295131 ], [ -71.737639739388186, -38.042168197817269 ], [ -71.7375067509969, -38.042586861857671 ], [ -71.737462906024504, -38.042640069304625 ], [ -71.737264709825055, -38.042881774017005 ], [ -71.737111478797146, -38.043022709992918 ], [ -71.737026111895702, -38.043101316566862 ], [ -71.736982481620657, -38.043207885609149 ], [ -71.736940556348046, -38.043310133307358 ], [ -71.736591041633929, -38.043451138497538 ], [ -71.736132577445531, -38.043468607866515 ], [ -71.736028935217945, -38.043444966594642 ], [ -71.735830504558209, -38.043399838252746 ], [ -71.735493020082373, -38.043269889215608 ], [ -71.735288453929243, -38.043125107932418 ], [ -71.735271198190944, -38.043112887877555 ], [ -71.735086006003556, -38.042987067815943 ], [ -71.735042335304314, -38.042982327079656 ], [ -71.734745561578848, -38.042950558266696 ], [ -71.734706392337529, -38.042946376427267 ], [ -71.734237296587736, -38.043204789743022 ], [ -71.733995333569325, -38.043499694461332 ], [ -71.733975278680603, -38.043951525000068 ], [ -71.733956536230508, -38.0443733588478 ], [ -71.733963817974214, -38.044586581505968 ], [ -71.73397320357229, -38.044856370471862 ], [ -71.733833474223118, -38.045425617725954 ], [ -71.733749166435373, -38.045542874961136 ], [ -71.733345423122515, -38.046105791685321 ], [ -71.733203986974289, -38.046323287156191 ], [ -71.733017964743567, -38.046609359052844 ], [ -71.732740572170343, -38.046843007894353 ], [ -71.73252055050277, -38.04711850243411 ], [ -71.732457763654281, -38.047197096829173 ], [ -71.732101506185657, -38.047488823991991 ], [ -71.731754671146035, -38.047569596143937 ], [ -71.731570547953822, -38.047580668722993 ], [ -71.731410452000532, -38.047590221756884 ], [ -71.731142661519385, -38.047582793112966 ], [ -71.730991387022158, -38.047578559896237 ], [ -71.730673244172721, -38.047871315542245 ], [ -71.730555424733325, -38.048069068105136 ], [ -71.730509123766936, -38.048146835923937 ], [ -71.730425836465372, -38.048286727523404 ], [ -71.729983915651232, -38.048720093377369 ], [ -71.72994726079439, -38.048756006531654 ], [ -71.729895406442921, -38.048872728582708 ], [ -71.729735352710435, -38.049232667857162 ], [ -71.729640572363138, -38.049377328830047 ], [ -71.729399354946409, -38.049746092581813 ], [ -71.729367026375954, -38.049795486885621 ], [ -71.729084190910442, -38.050149567906821 ], [ -71.728838618461225, -38.050260530234553 ], [ -71.728266680882768, -38.050518873169395 ], [ -71.727642312234423, -38.050833348116328 ], [ -71.727320996535411, -38.051119304769884 ], [ -71.727165755976202, -38.0512573960482 ], [ -71.72665836504585, -38.051514750078205 ], [ -71.726224499424859, -38.051650671066135 ], [ -71.726039398865623, -38.051708628367514 ], [ -71.725261384167723, -38.052048874405735 ], [ -71.724524013744855, -38.052329934093848 ], [ -71.72430341176559, -38.052346934475729 ], [ -71.723949892361944, -38.052374176247838 ], [ -71.723412494107833, -38.05244967306205 ], [ -71.723385850974807, -38.052463724368167 ], [ -71.723362501065637, -38.052475928714806 ], [ -71.723139165512961, -38.052592932028418 ], [ -71.723106170392583, -38.052644628327251 ], [ -71.722938096501238, -38.052907681013416 ], [ -71.72289301005712, -38.052978184657093 ], [ -71.722649657344959, -38.053303139296034 ], [ -71.722390067584072, -38.053739116039203 ], [ -71.722387075295842, -38.053743983404296 ], [ -71.722278545334802, -38.053926232429774 ], [ -71.721953598645385, -38.054369554193457 ], [ -71.721594550111149, -38.054721471929881 ], [ -71.721159340610512, -38.055071315438148 ], [ -71.720909234364072, -38.055546927673063 ], [ -71.720625024476163, -38.05593113769315 ], [ -71.720618508995386, -38.05597697767675 ], [ -71.720569387319031, -38.056321714568888 ], [ -71.720591398738449, -38.056454732208238 ], [ -71.720599459321477, -38.056503483260364 ], [ -71.720547192643309, -38.05681876785637 ], [ -71.720493051181151, -38.057179194311729 ], [ -71.720248178519512, -38.057534295653824 ], [ -71.719814349729461, -38.057853986677252 ], [ -71.719686207749135, -38.057900207410832 ], [ -71.719275894158287, -38.058048328446304 ], [ -71.719271474447083, -38.058049980041815 ], [ -71.718958672980321, -38.058222192795725 ], [ -71.718891835628227, -38.058265149018133 ], [ -71.718702728582826, -38.058386962743221 ], [ -71.718644374021977, -38.058424555278386 ], [ -71.718355937560659, -38.058500983754108 ], [ -71.718335598804316, -38.058506400387813 ], [ -71.71831443090295, -38.058514567069366 ], [ -71.717830841734354, -38.058703424685127 ], [ -71.717410304417257, -38.058721790826375 ], [ -71.717063400207351, -38.058802595144321 ], [ -71.716563824619968, -38.058968271974308 ], [ -71.716560040915994, -38.058969466625179 ], [ -71.716559280941269, -38.058971623928322 ], [ -71.716473005843056, -38.059208418329497 ], [ -71.716486847983276, -38.05975165601447 ], [ -71.716495918272699, -38.059880765932512 ], [ -71.716510164654778, -38.060084160733147 ], [ -71.716506477070553, -38.060166177982488 ], [ -71.716497976313022, -38.060355261208123 ], [ -71.716463920282294, -38.060411334446336 ], [ -71.716209694361936, -38.060829827672912 ], [ -71.715657500855102, -38.061236682869364 ], [ -71.715528064402434, -38.061273407510036 ], [ -71.71507776949322, -38.061401401470242 ], [ -71.71422474546911, -38.061709282313657 ], [ -71.714177291065894, -38.061746399260713 ], [ -71.713552796653417, -38.062233451530091 ], [ -71.712954857339085, -38.062810309027135 ], [ -71.712914833799886, -38.062848951715203 ], [ -71.71262651950947, -38.063323510494506 ], [ -71.712128091070696, -38.064059641634842 ], [ -71.712095424733704, -38.064107930728952 ], [ -71.71207452812358, -38.064121036308329 ], [ -71.711545721356828, -38.064454552356757 ], [ -71.711034140684006, -38.064802136332595 ], [ -71.710526686871589, -38.065059349377776 ], [ -71.71001782270416, -38.06534670950785 ], [ -71.709547087528975, -38.065635180303296 ], [ -71.709421171573922, -38.065691673136698 ], [ -71.709040938968656, -38.065862241241049 ], [ -71.708607307807981, -38.065914094369525 ], [ -71.708427158762575, -38.065935520365414 ], [ -71.707809427765866, -38.066099160450555 ], [ -71.707650018125449, -38.066126013070601 ], [ -71.707355135353666, -38.066175622637815 ], [ -71.707194328832955, -38.066202580608902 ], [ -71.707191088609719, -38.066203318970196 ], [ -71.70653987380912, -38.066335098656388 ], [ -71.705944120095864, -38.066406252756302 ], [ -71.705926179841327, -38.066408363162317 ], [ -71.705418602959696, -38.066665557830355 ], [ -71.705018650537326, -38.067076681268645 ], [ -71.704969704032436, -38.067225582194851 ], [ -71.704935203335637, -38.067330674071087 ], [ -71.7049302464319, -38.067345624947556 ], [ -71.704695681039851, -38.067489278386006 ], [ -71.704501108644266, -38.067608464251677 ], [ -71.704459477120736, -38.067634075838477 ], [ -71.704441584476911, -38.067637514384636 ], [ -71.704113155917454, -38.067701838930802 ], [ -71.703920620002606, -38.067739487502081 ], [ -71.703913115476723, -38.067743571742163 ], [ -71.703294677505909, -38.068083913673668 ], [ -71.702977655753926, -38.068346528964838 ], [ -71.702544908535472, -38.06863594267778 ], [ -71.702504275040226, -38.068665886327295 ], [ -71.702229292646919, -38.06886840804728 ], [ -71.701571975590596, -38.069061050121419 ], [ -71.701268027919255, -38.069143847266659 ], [ -71.701069827228238, -38.069197712213672 ], [ -71.70071475463746, -38.069459277541227 ], [ -71.700664621458074, -38.069586354781755 ], [ -71.70058546550851, -38.069787395888881 ], [ -71.700567847749156, -38.070179009824855 ], [ -71.700639785735419, -38.070357829006269 ], [ -71.700739490647123, -38.070606130893495 ], [ -71.700915091522234, -38.070942813907969 ], [ -71.701080056344381, -38.071452241329439 ], [ -71.701165410669404, -38.071833145889165 ], [ -71.701183599757286, -38.071913848743669 ], [ -71.701123803400392, -38.072207079869095 ], [ -71.700922630184095, -38.072533088391317 ], [ -71.700678273155447, -38.072784283035645 ], [ -71.700465756013756, -38.073017768407375 ], [ -71.700383906016626, -38.073107635661508 ], [ -71.700369020932371, -38.073439028825604 ], [ -71.700305948419654, -38.073805778951431 ], [ -71.700244509044097, -38.074135733405569 ], [ -71.700184609380969, -38.074428893393183 ], [ -71.700017565857252, -38.074624425841705 ], [ -71.699938513213922, -38.074716811441093 ], [ -71.699740788630024, -38.074969294098921 ], [ -71.699539512107435, -38.075295376582375 ], [ -71.699532776539442, -38.075340705184004 ], [ -71.699495602456366, -38.075586691912726 ], [ -71.699473165235517, -38.075735719068206 ], [ -71.699463176867866, -38.075956649501315 ], [ -71.699448281902121, -38.07628789539914 ], [ -71.699466078426227, -38.076330002341614 ], [ -71.699574767389095, -38.076586292341332 ], [ -71.699624195390967, -38.076640442443015 ], [ -71.699885824327566, -38.076926801029117 ], [ -71.70008744580322, -38.077411987936962 ], [ -71.700180262433307, -38.077635278663038 ], [ -71.700198764134896, -38.078262410189005 ], [ -71.70008568420694, -38.078701539774457 ], [ -71.700019339131629, -38.079141882965096 ], [ -71.700045914890993, -38.07958496144655 ], [ -71.699986352994387, -38.080910090914408 ], [ -71.70000992927902, -38.081302085818905 ], [ -71.700013023076863, -38.081353166460005 ], [ -71.699758640849652, -38.081825143107849 ], [ -71.699514155361925, -38.082076265533559 ], [ -71.699461563493614, -38.082136746376563 ], [ -71.69917002155637, -38.082471988303801 ], [ -71.698922261709413, -38.082796701655639 ], [ -71.698666602077878, -38.083137761230454 ], [ -71.698624490853987, -38.083193792965872 ], [ -71.698620592165668, -38.083280760718523 ], [ -71.698609593193325, -38.083525038607725 ], [ -71.698506587871279, -38.083743381661897 ], [ -71.698401847004078, -38.083998376488474 ], [ -71.698318104256671, -38.084060015336277 ], [ -71.698112429582466, -38.084211407338024 ], [ -71.698026647659347, -38.084253163254814 ], [ -71.698242285548375, -38.084436135979765 ], [ -71.69841851344755, -38.084662234928018 ], [ -71.698599927320871, -38.084777939515071 ], [ -71.698826168025164, -38.084931732625307 ], [ -71.699147062414326, -38.085051315719028 ], [ -71.699177868340371, -38.085068765966433 ], [ -71.699419953529642, -38.085206398636622 ], [ -71.699686126144968, -38.085508742739691 ], [ -71.699773023775649, -38.085771364758038 ], [ -71.699809270797374, -38.085880807348758 ], [ -71.699603157745329, -38.086317277225938 ], [ -71.699310372539713, -38.086603906189339 ], [ -71.699205725995625, -38.086858898816679 ], [ -71.699192466862044, -38.087153421172907 ], [ -71.699322241979559, -38.087378224201913 ], [ -71.699543498830664, -38.087642481240607 ], [ -71.69955873874946, -38.087802821820986 ], [ -71.699575163546129, -38.087975018271528 ], [ -71.699158248236245, -38.088281846216006 ], [ -71.699092777221708, -38.088330000538591 ], [ -71.699037956633177, -38.088512767213928 ], [ -71.699026329738444, -38.08877041937216 ], [ -71.699016431202352, -38.088991273658721 ], [ -71.699104644864917, -38.089104320065211 ], [ -71.69924105224419, -38.089181862568992 ], [ -71.699433914247479, -38.089039841828772 ], [ -71.699639497293504, -38.088977025038034 ], [ -71.699764912886963, -38.088938637247637 ], [ -71.700091005826664, -38.088947747942271 ], [ -71.700158327370701, -38.088965096862417 ], [ -71.700725259536398, -38.089110535487897 ], [ -71.700736385171197, -38.089113379126701 ], [ -71.700744843707909, -38.089119901395733 ], [ -71.701187174153802, -38.089457681312915 ], [ -71.701169027286738, -38.089862667019702 ], [ -71.700744928149533, -38.090311827983044 ], [ -71.700728297638676, -38.090329409892512 ], [ -71.700712955311943, -38.090343933983192 ], [ -71.700387399564775, -38.090651470302923 ], [ -71.700094695207554, -38.09093809924078 ], [ -71.69997193593241, -38.091008164659719 ], [ -71.699862076464711, -38.091070922437858 ], [ -71.69966385151919, -38.091184058245339 ], [ -71.699614394771217, -38.091530343704953 ], [ -71.699593172970935, -38.092001756223866 ], [ -71.69962878039216, -38.092134318022147 ], [ -71.699695437182896, -38.092382199547771 ], [ -71.699678498549886, -38.092759328663043 ], [ -71.699727489970556, -38.092996691690175 ], [ -71.700023649248365, -38.093052253502655 ], [ -71.70026644051346, -38.092964738856729 ], [ -71.700513505064379, -38.092782792104018 ], [ -71.700525975477149, -38.092771433672915 ], [ -71.700762761504564, -38.092553850021268 ], [ -71.700849065348862, -38.092518427803569 ], [ -71.700958182808108, -38.092473549597258 ], [ -71.701144611077339, -38.092478783433414 ], [ -71.701420111798555, -38.092541534292977 ], [ -71.701513829438881, -38.092562850682249 ], [ -71.701785029924849, -38.092754799004872 ], [ -71.702056230410804, -38.092946671883134 ], [ -71.702186021697997, -38.093171397003012 ], [ -71.702219340211897, -38.093467284553967 ], [ -71.702251112725165, -38.093799817003564 ], [ -71.702141293681692, -38.094165355065705 ], [ -71.701803652000692, -38.094413827799698 ], [ -71.701655711151489, -38.094594013676556 ], [ -71.701599164000982, -38.094813504304597 ], [ -71.701585942596623, -38.095108763787195 ], [ -71.701584282509984, -38.09514482313687 ], [ -71.701624219810881, -38.095293374942472 ], [ -71.701941991656113, -38.095486539133951 ], [ -71.702266390373197, -38.095532514104519 ], [ -71.702545857156409, -38.095540328828612 ], [ -71.702866994989023, -38.095660042322763 ], [ -71.703139840290277, -38.095815042643238 ], [ -71.703407699043368, -38.096080580581066 ], [ -71.703490938734234, -38.096304013654972 ], [ -71.70340898722749, -38.096695705453243 ], [ -71.703253351409572, -38.097439924619586 ], [ -71.703146890268613, -38.097731868557638 ], [ -71.702956515700336, -38.097954441897947 ], [ -71.702900733914461, -38.098019795939202 ], [ -71.702749427976215, -38.098273502421677 ], [ -71.70259639817094, -38.098564082896978 ], [ -71.702485032228537, -38.09896634172641 ], [ -71.702518352539045, -38.099262154210926 ], [ -71.702686468651208, -38.099672226307611 ], [ -71.702864474316328, -38.099861517743982 ], [ -71.703087509831704, -38.100088966552285 ], [ -71.703716487735761, -38.100622618194045 ], [ -71.704080856991411, -38.100817138286772 ], [ -71.704087565609953, -38.100824291486994 ], [ -71.704258869843059, -38.101006428171083 ], [ -71.70448181732354, -38.101233803432173 ], [ -71.70493116630675, -38.101614953668197 ], [ -71.705114810696926, -38.101850393447521 ], [ -71.705195702191617, -38.101954155375708 ], [ -71.705221759623058, -38.102032533935962 ], [ -71.705319001354269, -38.102326209086748 ], [ -71.705324140615986, -38.10324771426847 ], [ -71.705254461892665, -38.103761799749442 ], [ -71.705104690276926, -38.103978643155024 ], [ -71.705001678666662, -38.104196991561153 ], [ -71.704952247969842, -38.104389009702956 ], [ -71.704943826264056, -38.104421533642899 ], [ -71.704888593348812, -38.104636050898961 ], [ -71.704872096686927, -38.105004165012303 ], [ -71.704947105114854, -38.105411653814123 ], [ -71.704856524391488, -38.105855582473417 ], [ -71.704827404603236, -38.105998046959847 ], [ -71.704997903945852, -38.106352923313139 ], [ -71.705003663943458, -38.106359654686266 ], [ -71.705106659384029, -38.106482541190594 ], [ -71.705219335968422, -38.10661716334851 ], [ -71.705351373043825, -38.106706828850029 ], [ -71.705445661114382, -38.10677094019578 ], [ -71.705617077636887, -38.107107487788625 ], [ -71.705690461012452, -38.107551772287636 ], [ -71.705714857458915, -38.108020361546146 ], [ -71.705715457533543, -38.108031567757479 ], [ -71.705602468335414, -38.108470698766062 ], [ -71.705576909468959, -38.108658993393746 ], [ -71.705532696187305, -38.108984787077389 ], [ -71.705414716847784, -38.109534234866466 ], [ -71.705303265565419, -38.109936646053782 ], [ -71.705280151913172, -38.110451946837614 ], [ -71.705258576176675, -38.11093045382809 ], [ -71.705288653569013, -38.111299856538992 ], [ -71.705325239255586, -38.111455791299562 ], [ -71.705366937254439, -38.111633826052916 ], [ -71.70534210332842, -38.112185998412102 ], [ -71.705318448890367, -38.112301912461 ], [ -71.7052009618276, -38.112877552307772 ], [ -71.705162587595296, -38.113065477233484 ], [ -71.705029777968761, -38.113367773236149 ], [ -71.704954715641918, -38.113538753858194 ], [ -71.704893184638209, -38.113868784843135 ], [ -71.704919852025753, -38.114171097310773 ], [ -71.704937747364539, -38.114374997716837 ], [ -71.704970159478293, -38.114744346961416 ], [ -71.704986557325498, -38.114930419583686 ], [ -71.704996329199147, -38.115040764875289 ], [ -71.705016663463908, -38.115272732855878 ], [ -71.705046282715458, -38.115404395837551 ], [ -71.705058704619219, -38.115459985844915 ], [ -71.705058806128847, -38.11546020423566 ], [ -71.705133278262537, -38.115792047866044 ], [ -71.705164521668095, -38.115891786186154 ], [ -71.705296467115346, -38.116312577634119 ], [ -71.705352621702076, -38.116482232554887 ], [ -71.705419698904336, -38.116684556807151 ], [ -71.705436295279227, -38.116774742136165 ], [ -71.705494730688443, -38.11709219177073 ], [ -71.705812516906732, -38.117285342151604 ], [ -71.70604213617483, -38.117365451343744 ], [ -71.706296342332237, -38.11737258313471 ], [ -71.706368357573609, -38.11737461362069 ], [ -71.706692858698631, -38.117420646906929 ], [ -71.70691921798057, -38.117574345177658 ], [ -71.707093929523538, -38.117837296511709 ], [ -71.70703585074547, -38.11809365795586 ], [ -71.706742614585607, -38.118340161621717 ], [ -71.706696399857492, -38.118379018789518 ], [ -71.706521629025715, -38.118478709052056 ], [ -71.706265515744931, -38.118624930661163 ], [ -71.706214272247877, -38.118775581786842 ], [ -71.706153769815174, -38.118953757711992 ], [ -71.70610421425252, -38.119099498499551 ], [ -71.706001088556235, -38.119317702766452 ], [ -71.706041865781913, -38.119447853832447 ], [ -71.706358129355792, -38.119677870680242 ], [ -71.706365711136783, -38.119683305397942 ], [ -71.706426825322211, -38.119726552732878 ], [ -71.706629353197954, -38.119869803604679 ], [ -71.706764197508619, -38.11998413088093 ], [ -71.707127045018169, -38.120215507182422 ], [ -71.707253553861335, -38.1205138915916 ], [ -71.707235440231941, -38.120918801294074 ], [ -71.707032450622137, -38.121281619952924 ], [ -71.706882747278357, -38.121498536437912 ], [ -71.706583339692472, -38.121932444505291 ], [ -71.706330507059107, -38.122367639720345 ], [ -71.706124158648464, -38.122804125593476 ], [ -71.705991127138034, -38.123169020330799 ], [ -71.705964572938242, -38.123241895034539 ], [ -71.705946358697545, -38.12364680586262 ], [ -71.705929774000751, -38.124014921691376 ], [ -71.706149543241764, -38.124315955465988 ], [ -71.706653441522306, -38.124533009218652 ], [ -71.706790264821535, -38.124591931329441 ], [ -71.707156393876829, -38.124749640440299 ], [ -71.707520987711305, -38.124944142221104 ], [ -71.708060223020169, -38.125401520230994 ], [ -71.708423102869077, -38.125632890672101 ], [ -71.708779373812433, -38.126011447342059 ], [ -71.708854338222892, -38.126418932719268 ], [ -71.708799415226423, -38.12682380614077 ], [ -71.708784576854569, -38.126932947692985 ], [ -71.708769730397847, -38.127264264316047 ], [ -71.708896259902261, -38.127562646064874 ], [ -71.708819078449665, -38.128242393333338 ], [ -71.708817028494209, -38.128288056554069 ], [ -71.708807488385901, -38.128500044608337 ], [ -71.708880919372163, -38.12894432334167 ], [ -71.708854393020147, -38.129533367499306 ], [ -71.708834563608534, -38.129974999990026 ], [ -71.708785273947214, -38.130239130536808 ], [ -71.708773039791367, -38.130305032298999 ], [ -71.70874539683345, -38.130388856755914 ], [ -71.70866492934357, -38.130633703580251 ], [ -71.708651617209355, -38.130928152661532 ], [ -71.708685077657066, -38.131223957959762 ], [ -71.708760050152378, -38.131631517405438 ], [ -71.708790066459272, -38.132000919271178 ], [ -71.708677066481371, -38.132439978933661 ], [ -71.708477408722942, -38.132729205321134 ], [ -71.708419141298663, -38.132985645197444 ], [ -71.708497466306611, -38.133319536024949 ], [ -71.708723883080708, -38.133473303283175 ], [ -71.708857128390164, -38.133624495402231 ], [ -71.708937084738665, -38.133921589893738 ], [ -71.708870578864918, -38.134362012306447 ], [ -71.708953885031107, -38.134585437813229 ], [ -71.70912711255724, -38.134885178061062 ], [ -71.709443361758076, -38.135115185134303 ], [ -71.709952755033186, -38.135203146716655 ], [ -71.710551980735019, -38.135367420287423 ], [ -71.71077171045016, -38.135668444695092 ], [ -71.710893380068867, -38.136077211574623 ], [ -71.710876822321538, -38.136445326897956 ], [ -71.710860264574237, -38.136813441070963 ], [ -71.710802094168017, -38.137069805832567 ], [ -71.71093200043957, -38.137294590233047 ], [ -71.711253333206585, -38.137414125078159 ], [ -71.711471447750839, -38.137752018036807 ], [ -71.711697789066449, -38.137905707420735 ], [ -71.712208834343372, -38.137956935730337 ], [ -71.712282866302587, -38.137967404657211 ], [ -71.712466160349777, -38.137993357584669 ], [ -71.712533521419672, -38.138002873373125 ], [ -71.713008783205566, -38.13811737008573 ], [ -71.713225859297367, -38.138169704698335 ], [ -71.713275551403925, -38.138211884089415 ], [ -71.713585564500036, -38.138474648047698 ], [ -71.713802063873416, -38.138849258508891 ], [ -71.713901430120245, -38.139754997998352 ], [ -71.713894831994494, -38.13990225798409 ], [ -71.714206146749461, -38.140242714003264 ], [ -71.714520444809494, -38.140345943776431 ], [ -71.714574088604991, -38.140363524242538 ], [ -71.714662343590078, -38.140419795412122 ], [ -71.7149370618787, -38.140594797801029 ], [ -71.715068613863849, -38.140782779975829 ], [ -71.715290099785349, -38.14104699787606 ], [ -71.715563148105858, -38.141202108190932 ], [ -71.715760463956329, -38.141472271304281 ], [ -71.715782918245168, -38.141503121953825 ], [ -71.716092714847321, -38.141880366281221 ], [ -71.716287455227857, -38.141980230046123 ], [ -71.716548883840161, -38.142114201069482 ], [ -71.716707257723087, -38.142317061883944 ], [ -71.716725409081704, -38.142340262130183 ], [ -71.716757158238792, -38.14236720684935 ], [ -71.716995218975612, -38.14256903405191 ], [ -71.717026566585758, -38.142638061554159 ], [ -71.717165062548062, -38.142942355325026 ], [ -71.71718878885136, -38.142974727153572 ], [ -71.717384937790257, -38.143243364734353 ], [ -71.717874531298207, -38.143772996216946 ], [ -71.718189221023692, -38.144039772791089 ], [ -71.718341836705633, -38.144099864643557 ], [ -71.718693725667052, -38.144238231073032 ], [ -71.719657528135372, -38.144686085596234 ], [ -71.719790960294418, -38.144748021542547 ], [ -71.720244975127216, -38.14501363097866 ], [ -71.720822427463219, -38.145351296584266 ], [ -71.72132430543266, -38.145800468910402 ], [ -71.721344821157118, -38.145872108007289 ], [ -71.721416606429784, -38.146123618582827 ], [ -71.721449685093503, -38.146239031558181 ], [ -71.721405124163823, -38.146395512683824 ], [ -71.721308389082452, -38.146735002340009 ], [ -71.721284982579405, -38.146816884934097 ], [ -71.720981898189081, -38.14708926602794 ], [ -71.720847404221388, -38.147210113676209 ], [ -71.72042365273218, -38.147590693340319 ], [ -71.720409725252011, -38.147603268946668 ], [ -71.72033031507921, -38.147684752832426 ], [ -71.720165106813624, -38.147854437282206 ], [ -71.719908936040682, -38.148363254429064 ], [ -71.719660972276174, -38.148688015451917 ], [ -71.719363160996551, -38.149085085621998 ], [ -71.717933753631627, -38.150777413769184 ], [ -71.717401126330003, -38.151204791416298 ], [ -71.717050008123095, -38.151747762257543 ], [ -71.716467523424882, -38.152247518675672 ], [ -71.716033135882725, -38.152567064662577 ], [ -71.715996105530081, -38.152604458303031 ], [ -71.715641997729918, -38.152961487309497 ], [ -71.71534415231433, -38.153358622515761 ], [ -71.715342550618175, -38.153360800344601 ], [ -71.715040652902331, -38.153774783729922 ], [ -71.714958201033966, -38.153887999016241 ], [ -71.714896467011016, -38.15397261297403 ], [ -71.714681962795893, -38.154593166958982 ], [ -71.714518932046559, -38.155104542236074 ], [ -71.714229723034094, -38.15544257294971 ], [ -71.71402635253861, -38.15568052199977 ], [ -71.713536854252084, -38.155918812158667 ], [ -71.713342926846863, -38.156013199264272 ], [ -71.713310517428027, -38.156029079245975 ], [ -71.713102762255645, -38.156108580114015 ], [ -71.712503095480997, -38.156338119064721 ], [ -71.712222314462522, -38.156399525229425 ], [ -71.711607437413491, -38.156534119631097 ], [ -71.710751893614983, -38.156733025662803 ], [ -71.710475328390146, -38.156797282387991 ], [ -71.708828773966545, -38.15708278858488 ], [ -71.708608908605811, -38.15713082197135 ], [ -71.708049286929892, -38.157253346837628 ], [ -71.707933096136088, -38.157278761720782 ], [ -71.707130621211334, -38.157477450281803 ], [ -71.706512393446275, -38.157878262199127 ], [ -71.7056137924979, -38.158460765092997 ], [ -71.70549584010783, -38.158537222477214 ], [ -71.704818285804762, -38.159071000758125 ], [ -71.703608044911306, -38.160032166739505 ], [ -71.702880504752571, -38.160638313737032 ], [ -71.702423601836145, -38.161454715700572 ], [ -71.702295242463521, -38.161753288202711 ], [ -71.702267188975497, -38.161818888863721 ], [ -71.702245526102416, -38.161855038880297 ], [ -71.701964147704302, -38.162326312506679 ], [ -71.701482939071212, -38.162644522491128 ], [ -71.701105009746342, -38.162744453180977 ], [ -71.700770328912512, -38.162919340564109 ], [ -71.700572289918242, -38.16317175787357 ], [ -71.700325824543626, -38.163459686445869 ], [ -71.70003120857146, -38.163783045342257 ], [ -71.699591595529299, -38.164213001732342 ], [ -71.699053859508652, -38.164750691561586 ], [ -71.698805841845228, -38.165075410688495 ], [ -71.698462786018013, -38.165434275006 ], [ -71.698074850359191, -38.165755124916082 ], [ -71.697600325191829, -38.165926058398462 ], [ -71.696988409888277, -38.166146427241387 ], [ -71.696841058333902, -38.16619948969069 ], [ -71.696453109200348, -38.166520260661748 ], [ -71.6961051315037, -38.16698958096584 ], [ -71.695858638281308, -38.167277574973873 ], [ -71.695705449474232, -38.167568074366578 ], [ -71.695360826086826, -38.167963799434126 ], [ -71.694927886628918, -38.168246404398907 ], [ -71.694496583003115, -38.168492285258587 ], [ -71.694206923934701, -38.168705240600552 ], [ -71.693998750147401, -38.169178506052276 ], [ -71.693972924481301, -38.169749075719963 ], [ -71.694004527212982, -38.170081611815732 ], [ -71.694029694413985, -38.170188651878675 ], [ -71.694082838746198, -38.170415584993066 ], [ -71.694064466401997, -38.170820422626157 ], [ -71.694046388705218, -38.170875384961811 ], [ -71.693956242766461, -38.171149157158411 ], [ -71.693943815472821, -38.171423506724338 ], [ -71.693934598758005, -38.171627661035814 ], [ -71.693821461337862, -38.17206670891337 ], [ -71.693758113042335, -38.172433459008232 ], [ -71.693743108482153, -38.172764776648002 ], [ -71.693566071200905, -38.173228246783673 ], [ -71.693478395629171, -38.173457526332434 ], [ -71.693276940341875, -38.173783601421427 ], [ -71.69321522518355, -38.17411355561056 ], [ -71.693343515385891, -38.17437515424951 ], [ -71.693471715756715, -38.174636827512117 ], [ -71.693529228596148, -38.174949282687415 ], [ -71.693546754727365, -38.175044318861183 ], [ -71.693531306399407, -38.175089477525084 ], [ -71.693385080434098, -38.175518877134621 ], [ -71.693371802435877, -38.175813322309267 ], [ -71.693486820029918, -38.176369439691108 ], [ -71.693833181657396, -38.176968888407252 ], [ -71.694049707980199, -38.177343532788477 ], [ -71.694177916435862, -38.177605205278688 ], [ -71.694701661195978, -38.178412344529107 ], [ -71.694928105817837, -38.178566208810075 ], [ -71.695458525958827, -38.178777823391627 ], [ -71.695524390435452, -38.17880413817749 ], [ -71.695980642073309, -38.179038047359711 ], [ -71.696207183713227, -38.17919190749484 ], [ -71.696668533290335, -38.179315422023528 ], [ -71.697079905994897, -38.179511312799349 ], [ -71.697299818966343, -38.179812355577042 ], [ -71.69747629120728, -38.180038445251057 ], [ -71.697699477639631, -38.180265894952562 ], [ -71.697881043328223, -38.180381591425842 ], [ -71.698002253907816, -38.180518973864423 ], [ -71.698147577964605, -38.180683922834014 ], [ -71.698370766193563, -38.180911297788874 ], [ -71.698833764179213, -38.180998082102803 ], [ -71.699576559528083, -38.181092672586921 ], [ -71.700314458160335, -38.181297719897032 ], [ -71.700596548922476, -38.181390430280317 ], [ -71.70068249883056, -38.181418642193044 ], [ -71.700756133734387, -38.181447579287386 ], [ -71.701187131932969, -38.18161716822361 ], [ -71.701943881711472, -38.181924665439837 ], [ -71.701966665682022, -38.181933883162102 ], [ -71.701977112190477, -38.181945822278443 ], [ -71.702233129351512, -38.182236207422903 ], [ -71.702767887456986, -38.182804125791307 ], [ -71.702944383952442, -38.183030205475575 ], [ -71.703245963664671, -38.183591535331821 ], [ -71.703414218117402, -38.184001743114017 ], [ -71.703632443154419, -38.184339496502801 ], [ -71.703734191733389, -38.184438201319146 ], [ -71.703851265571089, -38.184551756635713 ], [ -71.703945637184958, -38.184643174958858 ], [ -71.704490303708042, -38.184990233795325 ], [ -71.705323121028144, -38.185160952704024 ], [ -71.705831145270778, -38.185285864350874 ], [ -71.706437391306565, -38.185302882527658 ], [ -71.707173718785398, -38.185544680437744 ], [ -71.707583432301647, -38.18577732880069 ], [ -71.707770893633452, -38.185917600950951 ], [ -71.707779446493262, -38.186168657784108 ], [ -71.707777843000486, -38.186175854870896 ], [ -71.707754683534148, -38.186277733148337 ], [ -71.707507510287101, -38.186474535110122 ], [ -71.70748188584362, -38.18649217718233 ], [ -71.707179585682525, -38.186700437476134 ], [ -71.706911200516643, -38.186928064080398 ], [ -71.706830521024358, -38.187395972863051 ], [ -71.706720061482088, -38.188082533905785 ], [ -71.706667543275614, -38.188553335759877 ], [ -71.70701618931885, -38.188747758518375 ], [ -71.707102795895409, -38.188942320556663 ], [ -71.707114699471234, -38.18895821031051 ], [ -71.707444137737056, -38.189409054242397 ], [ -71.707864213320107, -38.189893012443271 ], [ -71.708422024890723, -38.190479636242891 ], [ -71.708843420098944, -38.190998841760681 ], [ -71.709221459018266, -38.191554256526828 ], [ -71.709420932622052, -38.19211386578057 ], [ -71.709957718225141, -38.193335674047674 ], [ -71.709985155468843, -38.194075517777605 ], [ -71.710058569387144, -38.194849582155427 ], [ -71.710045261744511, -38.195696214009288 ], [ -71.709768044342795, -38.196654712707947 ], [ -71.70952372863664, -38.197295061006351 ], [ -71.709140173163149, -38.197797570492313 ], [ -71.708394208557962, -38.19816739191652 ], [ -71.707916170079514, -38.198531098542063 ], [ -71.707438221432596, -38.198894801233017 ], [ -71.707007359777933, -38.199327831036726 ], [ -71.706803675770416, -38.199861465187702 ], [ -71.706806092238523, -38.201130895132209 ], [ -71.706913204658051, -38.201744676620478 ], [ -71.707194907348011, -38.202468173267867 ], [ -71.70727624710203, -38.202732165523905 ], [ -71.707400259527006, -38.203082418564698 ], [ -71.707598072145842, -38.203412366419819 ], [ -71.707874291519275, -38.203694890370933 ], [ -71.708216185824853, -38.203929616838252 ], [ -71.708617712095588, -38.204107532552705 ], [ -71.708954800414375, -38.204217627204187 ], [ -71.709040397284539, -38.204245543677793 ], [ -71.709451482528237, -38.204401166862723 ], [ -71.709872465409717, -38.204543642974947 ], [ -71.710239568238791, -38.204756670837419 ], [ -71.710580407023869, -38.205000420209451 ], [ -71.710899274813769, -38.205257075374099 ], [ -71.711222362888847, -38.205513928695922 ], [ -71.711624525166826, -38.205678312115644 ], [ -71.711935986347171, -38.205939343524015 ], [ -71.712178307793394, -38.206247882302826 ], [ -71.712412973796745, -38.206551727058987 ], [ -71.712470085089251, -38.206628647168365 ], [ -71.71372363645753, -38.207619730483628 ], [ -71.715004948463047, -38.209167950557188 ], [ -71.715290969354569, -38.209795739686022 ], [ -71.71549821518218, -38.210050832132147 ], [ -71.715564113794784, -38.210072040797911 ], [ -71.715955333694282, -38.21019783790922 ], [ -71.716681121239887, -38.210239047443032 ], [ -71.717223670433839, -38.210265823075055 ], [ -71.717782505185554, -38.210189768650196 ], [ -71.718314865687546, -38.210033281174844 ], [ -71.718826052898279, -38.209823250978943 ], [ -71.7193171429995, -38.209591098707982 ], [ -71.719800977408156, -38.209350106960819 ], [ -71.720278962886013, -38.209100318707094 ], [ -71.720735669969713, -38.208922322727524 ], [ -71.721263161602863, -38.208665698838246 ], [ -71.721858119408779, -38.208379606262085 ], [ -71.722321848623068, -38.208068950441401 ], [ -71.722507657054749, -38.207760978432042 ], [ -71.722408174925235, -38.207082229925277 ], [ -71.722577555865314, -38.206654843892977 ], [ -71.722682055085698, -38.206210953126096 ], [ -71.72279748859971, -38.205766808355087 ], [ -71.722991276766052, -38.20533435262287 ], [ -71.723289679137139, -38.204958074035659 ], [ -71.723722629374848, -38.204673149272992 ], [ -71.724221277002542, -38.20443179676208 ], [ -71.724744236635075, -38.20425298604534 ], [ -71.725309955176826, -38.204172308001581 ], [ -71.72588731139308, -38.204167898907556 ], [ -71.726452272655052, -38.204222381483405 ], [ -71.727015024061416, -38.204312858851658 ], [ -71.727564655573062, -38.204435229574543 ], [ -71.728114888057618, -38.204548579355858 ], [ -71.728681386337044, -38.204616522502718 ], [ -71.72901447535618, -38.204653799086266 ], [ -71.730245965897709, -38.204894556493514 ], [ -71.730974839156318, -38.204824447197595 ], [ -71.7319038795181, -38.204548979602912 ], [ -71.732387146191485, -38.203989750390797 ], [ -71.732772219817818, -38.203066260114291 ], [ -71.733016684644284, -38.202149956455173 ], [ -71.733322822408269, -38.201002145651273 ], [ -71.733426107106382, -38.200967705068287 ], [ -71.73359239245201, -38.200782108116726 ], [ -71.734002668313607, -38.200585362463457 ], [ -71.734983462415556, -38.200449791903829 ], [ -71.735566145641442, -38.200421148971074 ], [ -71.735795087579802, -38.200377796987823 ], [ -71.737865542612937, -38.20019427542384 ], [ -71.739408794372153, -38.199845364616159 ], [ -71.740585282865467, -38.199154842506189 ], [ -71.741018336409425, -38.198865423491959 ], [ -71.741366893519441, -38.198754609139783 ], [ -71.741577039108805, -38.198813765684015 ], [ -71.741908584822298, -38.198812956655253 ], [ -71.742627377186778, -38.19896961085513 ], [ -71.743249441656403, -38.199260276170762 ], [ -71.744236098163881, -38.199697634805496 ], [ -71.745531317886616, -38.200019925768089 ], [ -71.745848335147016, -38.200057973481137 ], [ -71.746409580078648, -38.200148467320012 ], [ -71.746959808071637, -38.200284240340849 ], [ -71.747518279903986, -38.200343202213709 ], [ -71.748086936835037, -38.200307370608826 ], [ -71.748657378718548, -38.200244405999499 ], [ -71.749224999892064, -38.20018608151539 ], [ -71.749791218795437, -38.200127786634312 ], [ -71.750358088977379, -38.20006939993349 ], [ -71.750927490611815, -38.2000336112566 ], [ -71.751497711509742, -38.200002154254506 ], [ -71.752115688644835, -38.200041689406909 ], [ -71.753694467875206, -38.200225411137929 ], [ -71.755570109764264, -38.200929222266701 ], [ -71.757408591044964, -38.202278098222543 ], [ -71.758031748764296, -38.202798651935069 ], [ -71.758741034258122, -38.203144976935214 ], [ -71.759943890999978, -38.203826891453609 ], [ -71.760861747336463, -38.204315622471427 ], [ -71.761615897390541, -38.204521739501153 ], [ -71.762202355337251, -38.204537973866088 ], [ -71.762906137751642, -38.204557345966585 ], [ -71.763923759186966, -38.204122101068798 ], [ -71.764830101816472, -38.203544728030323 ], [ -71.765845428954549, -38.203155800756164 ], [ -71.768237804252905, -38.203499721834326 ], [ -71.770160794543941, -38.203830615835457 ], [ -71.771918159751124, -38.203925358794088 ], [ -71.775992920574836, -38.2047324492477 ], [ -71.778290412219633, -38.204563948983591 ], [ -71.780156441236812, -38.20375034039872 ], [ -71.780935293164575, -38.203083233193325 ], [ -71.781958845277387, -38.202094926646822 ], [ -71.784703332319367, -38.200390038754655 ], [ -71.78541320351475, -38.200283064237297 ], [ -71.786458255905586, -38.200451998681288 ], [ -71.787664486719635, -38.200846792634508 ], [ -71.789596690132242, -38.201381972236945 ], [ -71.790715202255427, -38.20166625901215 ], [ -71.791991813377066, -38.201784463549608 ], [ -71.793167449369179, -38.201886605895176 ], [ -71.795274228679148, -38.201873404316402 ], [ -71.798608077022834, -38.201754357748541 ], [ -71.801490380900731, -38.201307653600161 ], [ -71.805087957543833, -38.199724595038241 ], [ -71.808754156491489, -38.199614289572423 ], [ -71.815194468919174, -38.200262011556951 ], [ -71.81606831768822, -38.200258531249418 ], [ -71.817387917687753, -38.200249432326956 ], [ -71.818317911162069, -38.200510894059718 ], [ -71.820571522800165, -38.201375664717638 ], [ -71.821415242074579, -38.201751808634391 ], [ -71.823218341411177, -38.202487787344865 ], [ -71.824672691398291, -38.203110497834537 ], [ -71.826287011574564, -38.203810452216118 ], [ -71.82753841507099, -38.204410925992924 ], [ -71.828775317063815, -38.205025317960803 ], [ -71.829982624059582, -38.205536781297987 ], [ -71.831291100220952, -38.206032283016036 ], [ -71.832235945541825, -38.206338295741574 ], [ -71.833587557006524, -38.206756189523567 ], [ -71.83483768040368, -38.207144928857758 ], [ -71.836491742048125, -38.207276109102857 ], [ -71.837274130643152, -38.207158061716349 ], [ -71.837793820408066, -38.206834678590361 ], [ -71.83819681183104, -38.206396906827678 ], [ -71.838937476376046, -38.204500604043972 ], [ -71.839004585019353, -38.203755642495253 ], [ -71.838666086345569, -38.203070097481856 ], [ -71.837644442254401, -38.202103772616844 ], [ -71.837308305251497, -38.201728905429015 ], [ -71.836725429786142, -38.201342066490923 ], [ -71.836389155340996, -38.200953840447092 ], [ -71.836254432302894, -38.200357909848073 ], [ -71.836191286128312, -38.200068552091629 ], [ -71.836133656507883, -38.199824897746879 ], [ -71.836210572059144, -38.199408892133903 ], [ -71.836489215985566, -38.199091194946689 ], [ -71.837054878831765, -38.198943773521187 ], [ -71.837640937926466, -38.199006065772345 ], [ -71.838627562094601, -38.199334711261926 ], [ -71.839962930222342, -38.199765547182068 ], [ -71.841161462474403, -38.199960390403966 ], [ -71.842407387145911, -38.1997384514221 ], [ -71.84445180540888, -38.198748195498951 ], [ -71.847673995857662, -38.197069315751328 ], [ -71.85075540592841, -38.195920991377257 ], [ -71.852888185177648, -38.195606531467348 ], [ -71.855081313247695, -38.195944147034815 ], [ -71.857432949947906, -38.19670403525646 ], [ -71.858657491122401, -38.196939916649391 ], [ -71.859506290369765, -38.197131727503944 ], [ -71.860143937914614, -38.197250295214005 ], [ -71.860694628539974, -38.197264398453591 ], [ -71.861752394787032, -38.197189073836064 ], [ -71.862999161179971, -38.197118058413402 ], [ -71.864042954132771, -38.19710158448023 ], [ -71.865072014714926, -38.19703143379288 ], [ -71.866158131792332, -38.196851748549555 ], [ -71.867691794934203, -38.196422340533481 ], [ -71.868603076501131, -38.196120767013525 ], [ -71.869818414435528, -38.195762223243442 ], [ -71.871425070185808, -38.195385009869909 ], [ -71.872743539206411, -38.195276191005426 ], [ -71.874092897696357, -38.195351197787126 ], [ -71.874658878546171, -38.195449963223084 ], [ -71.875951454527012, -38.195733668833263 ], [ -71.876968476786047, -38.195988025499581 ], [ -71.878030323181122, -38.196430446617711 ], [ -71.880244554473805, -38.197781650192418 ], [ -71.881642687890448, -38.198598701383929 ], [ -71.882691933617011, -38.199248644864653 ], [ -71.884191147266037, -38.200009078184678 ], [ -71.885485877406936, -38.200531396739187 ], [ -71.887258701721834, -38.201028352165906 ], [ -71.888101773310936, -38.201273384703875 ], [ -71.889219262253022, -38.201385513201096 ], [ -71.890132849795279, -38.201412534225099 ], [ -71.891597883446067, -38.20145297079425 ], [ -71.892438743382925, -38.201450322838895 ], [ -71.894033845900324, -38.20144257239793 ], [ -71.895021530978795, -38.20166590322286 ], [ -71.896356635001823, -38.201786099189292 ], [ -71.899316545235436, -38.202010355843662 ], [ -71.900259165429375, -38.202005063502988 ], [ -71.90163607435079, -38.201952929303168 ], [ -71.903476990065911, -38.20185335098585 ], [ -71.904491929131794, -38.20184623451236 ], [ -71.905753541981426, -38.201842078000176 ], [ -71.90658059930395, -38.201929717670318 ], [ -71.907610571676116, -38.201980732284859 ], [ -71.909118954429232, -38.201974851198017 ], [ -71.909843668488065, -38.201970382672933 ], [ -71.910626462223277, -38.201932952940766 ], [ -71.912236911558992, -38.202019122054125 ], [ -71.913339023140054, -38.202014340099858 ], [ -71.914383007434012, -38.202010845757499 ], [ -71.915411960218321, -38.201944756770516 ], [ -71.916367096639107, -38.201700253116449 ], [ -71.917236007369041, -38.201561587002693 ], [ -71.918320935975331, -38.201246305035632 ], [ -71.919883009236358, -38.200765985864663 ], [ -71.920562229914253, -38.200501302420996 ], [ -71.921284929051922, -38.200213020388951 ], [ -71.922180278997288, -38.199749272219769 ], [ -71.923566015662985, -38.198998507797434 ], [ -71.924085549121031, -38.198719774274096 ], [ -71.924707256959493, -38.198465505511635 ], [ -71.926269905142306, -38.198093143418951 ], [ -71.926718309097851, -38.197951389594877 ], [ -71.927326010404414, -38.197810088726669 ], [ -71.928224564640388, -38.197729058324214 ], [ -71.928730645827059, -38.197563345967431 ], [ -71.930036794453542, -38.197354106486713 ], [ -71.93015069903494, -38.197332809398773 ], [ -71.930043151830802, -38.19751492270251 ], [ -71.930100502973488, -38.197452450564775 ], [ -71.930255447986951, -38.197283766841693 ], [ -71.930696644758967, -38.197272745181131 ], [ -71.931280595507729, -38.196910518352261 ], [ -71.931688151270649, -38.196657874084927 ], [ -71.931737339422355, -38.196592430446906 ], [ -71.931981779994317, -38.19626754394374 ], [ -71.932231036434516, -38.195873894276239 ], [ -71.932520416126877, -38.19538019006233 ], [ -71.933081532599445, -38.195050779781411 ], [ -71.934272969957391, -38.195021058081636 ], [ -71.934621885495218, -38.194908628912664 ], [ -71.935144675346166, -38.194724388977633 ], [ -71.935618839390784, -38.194433307370979 ], [ -71.936145601591917, -38.194348013194627 ], [ -71.93684478193714, -38.194154774527767 ], [ -71.93767218331439, -38.193859270335935 ], [ -71.938153299421003, -38.193739092348437 ], [ -71.939118286767197, -38.193313992419938 ], [ -71.940111527925708, -38.192775546787118 ], [ -71.94082191924565, -38.192415344342521 ], [ -71.941469234459618, -38.192286558270162 ], [ -71.942331222771955, -38.192089205074105 ], [ -71.942975986770492, -38.191901869849623 ], [ -71.943555321077014, -38.191887261468999 ], [ -71.94390006753359, -38.191878684665731 ], [ -71.944062349087986, -38.191874612307686 ], [ -71.944489981299199, -38.191692645166782 ], [ -71.944609394349925, -38.191541514111833 ], [ -71.944616068832488, -38.191533079885758 ], [ -71.944765817092033, -38.191343325074072 ], [ -71.944754668101041, -38.191066676820007 ], [ -71.944754570184671, -38.191064243827277 ], [ -71.944752035138947, -38.191001348889273 ], [ -71.944677600734508, -38.190931918835638 ], [ -71.944450905482668, -38.190720612792902 ], [ -71.944726551730966, -38.190371298628747 ], [ -71.945443884333102, -38.190182128923581 ], [ -71.945555366158175, -38.190050091807279 ], [ -71.945789846210275, -38.189772443115622 ], [ -71.946138167961678, -38.18942137410663 ], [ -71.946250770884234, -38.18861669527957 ], [ -71.946374887513784, -38.188099947530326 ], [ -71.946580479542959, -38.187806488955417 ], [ -71.946863282669142, -38.1876282248584 ], [ -71.947440407120055, -38.187559698886623 ], [ -71.947718394377972, -38.187264420003146 ], [ -71.947686085570467, -38.18646338048304 ], [ -71.947665296758174, -38.185950271439971 ], [ -71.947140086845849, -38.185504011204841 ], [ -71.94688517101936, -38.185432103895408 ], [ -71.946773459225568, -38.185400516314218 ], [ -71.945808149384192, -38.185289615806418 ], [ -71.945525069576917, -38.18501071613138 ], [ -71.9455555440246, -38.184706525875988 ], [ -71.945589674615519, -38.18436541386464 ], [ -71.945566642709935, -38.183793905122535 ], [ -71.945464145834322, -38.183487369746672 ], [ -71.945219389055396, -38.182808721886907 ], [ -71.945091501298279, -38.181437918055757 ], [ -71.945493779458943, -38.180625968233969 ], [ -71.945499544846427, -38.180608920719266 ], [ -71.945687931442976, -38.180049006291476 ], [ -71.945832719205526, -38.179667177385156 ], [ -71.945949939468633, -38.179357708964005 ], [ -71.945772965069466, -38.178560225558293 ], [ -71.945657915136081, -38.178136871645059 ], [ -71.945602703780381, -38.177933882373409 ], [ -71.945661310767832, -38.177589941534897 ], [ -71.946086597477873, -38.177349572633496 ], [ -71.946864573548211, -38.176875007215152 ], [ -71.947301522187232, -38.176381399492179 ], [ -71.947488608023264, -38.176170110561131 ], [ -71.947893005309652, -38.175416628600942 ], [ -71.948301758526853, -38.174898926374254 ], [ -71.948306648955267, -38.17489267658749 ], [ -71.948799668637704, -38.17453796394144 ], [ -71.949733815023563, -38.174338746324224 ], [ -71.950320184037068, -38.174499665615002 ], [ -71.951051151268587, -38.174652518415009 ], [ -71.952281837817949, -38.174621557497034 ], [ -71.95293572600481, -38.174706219425879 ], [ -71.953010349953814, -38.174715781976957 ], [ -71.953582825623116, -38.174530209930239 ], [ -71.953636574521511, -38.174069327817861 ], [ -71.953536650420872, -38.173387124768631 ], [ -71.953726176979529, -38.172697636407868 ], [ -71.953745034413956, -38.172678414023764 ], [ -71.954074198693633, -38.172341976636503 ], [ -71.954796057906492, -38.172269771731806 ], [ -71.955139833284264, -38.172459288091126 ], [ -71.955981967930512, -38.17292461820719 ], [ -71.956504956309146, -38.173312366552551 ], [ -71.957095604896651, -38.17358127444745 ], [ -71.957892134770873, -38.173561196377754 ], [ -71.95876569248577, -38.173656303569516 ], [ -71.959580435702378, -38.174090782128246 ], [ -71.960334736673403, -38.174819575228263 ], [ -71.961018669913287, -38.175599664603155 ], [ -71.961609534096482, -38.175873044777639 ], [ -71.962548306806042, -38.175790814882525 ], [ -71.963414778609973, -38.175710329165959 ], [ -71.964302235058938, -38.176147438705023 ], [ -71.96447009155797, -38.176715283070926 ], [ -71.964658024505312, -38.17689040457504 ], [ -71.964771423335193, -38.176996037127246 ], [ -71.965640375387622, -38.176974075935625 ], [ -71.96641247737432, -38.177261375875638 ], [ -71.966791041808094, -38.177795324949408 ], [ -71.966835768027778, -38.177858332977074 ], [ -71.966766772922384, -38.177916172555669 ], [ -71.966415213642691, -38.178211361514911 ], [ -71.966426811791308, -38.178494860283649 ], [ -71.966530878023718, -38.178527065920349 ], [ -71.967013525757892, -38.178676426815422 ], [ -71.967495681215269, -38.178772139566092 ], [ -71.967652909746192, -38.178803295737303 ], [ -71.968155467740317, -38.178752055158853 ], [ -71.968320941008912, -38.178735246591714 ], [ -71.968893216353919, -38.178549606397361 ], [ -71.970198993976197, -38.178575085884368 ], [ -71.970923085502534, -38.178556751981347 ], [ -71.971866451298155, -38.178586961291025 ], [ -71.971895034792198, -38.1785793729509 ], [ -71.972583495541073, -38.178397635287368 ], [ -71.973235669742408, -38.178165221812378 ], [ -71.973440829681948, -38.178092046058431 ], [ -71.974454473377193, -38.178066351729939 ], [ -71.976278419018257, -38.178362490568119 ], [ -71.977878333810651, -38.178493051818855 ], [ -71.979176952758408, -38.178347452953268 ], [ -71.979944130180741, -38.178062705120283 ], [ -71.980563134988486, -38.177689382843916 ], [ -71.981642852467843, -38.177275712490285 ], [ -71.982369808721614, -38.177144678749933 ], [ -71.982919565997392, -38.177157716743338 ], [ -71.983088668459743, -38.177230029792156 ], [ -71.983366830889153, -38.177349093852385 ], [ -71.983767836137034, -38.17730730641879 ], [ -71.984456836773447, -38.177236050580056 ], [ -71.984460650121818, -38.177235583803075 ], [ -71.984969112742306, -38.177132603968609 ], [ -71.985363132690537, -38.176919827901081 ], [ -71.98544305669968, -38.176827749502557 ], [ -71.985642997427419, -38.176597400816732 ], [ -71.986035816328112, -38.176357640896285 ], [ -71.986466536048979, -38.176143928291758 ], [ -71.987236980643971, -38.176178415216825 ], [ -71.988072279110909, -38.176012997737054 ], [ -71.988499401079054, -38.175713753445784 ], [ -71.988632462233895, -38.175560829428527 ], [ -71.98888411537925, -38.175271515094465 ], [ -71.989194405156496, -38.174799655686627 ], [ -71.98931022135281, -38.174048886190207 ], [ -71.989298167758335, -38.172859931489 ], [ -71.989362661405849, -38.172308348066629 ], [ -71.989379574886016, -38.172164066650581 ], [ -71.989679844854564, -38.171801917639762 ], [ -71.989868027533547, -38.171575035452484 ], [ -71.990530913246317, -38.171074775890958 ], [ -71.990578435023153, -38.171038874801027 ], [ -71.991614178172711, -38.170404222393223 ], [ -71.992320795670139, -38.170111860656796 ], [ -71.992658290027435, -38.169972244540418 ], [ -71.993222953947054, -38.169861964639722 ], [ -71.993348444100647, -38.169837432704803 ], [ -71.993934846351834, -38.169853986959367 ], [ -71.994128529415292, -38.169885209798693 ], [ -71.994708911157417, -38.169978452374828 ], [ -71.995033847067049, -38.170007136235412 ], [ -71.995223197555902, -38.170023853592362 ], [ -71.995879230021373, -38.169948575666091 ], [ -71.996639000834151, -38.169726424465992 ], [ -71.997212400869898, -38.16942348613216 ], [ -71.997855048437657, -38.169028730191783 ], [ -71.998214164345512, -38.168812599084546 ], [ -71.998355494492543, -38.168727577184214 ], [ -71.998817944505859, -38.168400453288378 ], [ -71.998911844504178, -38.168371703820199 ], [ -71.999739302475348, -38.168118279737222 ], [ -72.000609938868919, -38.16835456515696 ], [ -72.001722525704494, -38.168700014346101 ], [ -72.003143245462311, -38.169415978055852 ], [ -72.004045999322244, -38.170001041401534 ], [ -72.004593182924751, -38.170446480605627 ], [ -72.005181486011054, -38.170854920545182 ], [ -72.005571777950863, -38.171083689895461 ], [ -72.005923041684824, -38.17128636985354 ], [ -72.006494889431764, -38.171298805778555 ], [ -72.0070684008586, -38.171347139832271 ], [ -72.00775206190896, -38.171298100259314 ], [ -72.008821397558549, -38.171360800340786 ], [ -72.00950274185378, -38.171253207611912 ], [ -72.010153294596009, -38.171326563258312 ], [ -72.01080774333164, -38.171490008299678 ], [ -72.011166846663087, -38.171480792787364 ], [ -72.011226338491099, -38.171479265931765 ], [ -72.011256954872621, -38.171464456419272 ], [ -72.011749236139892, -38.171227078661694 ], [ -72.012355475887475, -38.171148409264134 ], [ -72.012520845849821, -38.171132058696948 ], [ -72.01263574396792, -38.171120620642519 ], [ -72.013152425274939, -38.171069417035596 ], [ -72.014146848616363, -38.171165508427968 ], [ -72.014879736445963, -38.171385444052731 ], [ -72.015654630396568, -38.171698843261623 ], [ -72.016505371801557, -38.172005857613243 ], [ -72.017542743596707, -38.172217948167884 ], [ -72.018428165361556, -38.172438441351005 ], [ -72.019164792877689, -38.17274829791296 ], [ -72.019507291749434, -38.172961790251222 ], [ -72.01990774812667, -38.17321121166237 ], [ -72.020246137206001, -38.173297933114164 ], [ -72.020533872981403, -38.173371566359911 ], [ -72.02075480374404, -38.173428170816535 ], [ -72.021363653995863, -38.173412493774165 ], [ -72.022238868204127, -38.173389951708046 ], [ -72.023176708462429, -38.173036906168512 ], [ -72.023817611501897, -38.172871742149454 ], [ -72.023917159208423, -38.172835003672759 ], [ -72.024605531024108, -38.172581151606174 ], [ -72.025321053520955, -38.172382540221989 ], [ -72.026230726205213, -38.172264458868355 ], [ -72.02718213282094, -38.172239915030154 ], [ -72.027679605452235, -38.172363916625223 ], [ -72.027951961171667, -38.172431802229077 ], [ -72.028160234671972, -38.172397199830435 ], [ -72.028595081253243, -38.172325084669801 ], [ -72.029129291386397, -38.172342808558184 ], [ -72.029817497013767, -38.172541292932202 ], [ -72.030608616335044, -38.172921779244156 ], [ -72.031213054062164, -38.173117843279648 ], [ -72.031906037828534, -38.173289178276903 ], [ -72.032861091604303, -38.173309515599129 ], [ -72.033519433638389, -38.173364604587093 ], [ -72.034084379628979, -38.173327485007739 ], [ -72.03485199453084, -38.173140975819457 ], [ -72.035557213351382, -38.172888468736318 ], [ -72.036109447282385, -38.172545295749707 ], [ -72.03644948566857, -38.172113065754942 ], [ -72.036696966139445, -38.171611121308544 ], [ -72.037011784324051, -38.171296674390113 ], [ -72.037248237076497, -38.171195638173216 ], [ -72.037524557061261, -38.171077553484146 ], [ -72.037539161871152, -38.171071270883189 ], [ -72.037544450253236, -38.171070322419446 ], [ -72.038130980065162, -38.170961327397777 ], [ -72.038451828640248, -38.170810201357448 ], [ -72.038657417974477, -38.170713504256526 ], [ -72.039157987996887, -38.170560897438861 ], [ -72.04006871350667, -38.170230930696896 ], [ -72.040716923442631, -38.170047476536809 ], [ -72.041096352055703, -38.169848402723822 ], [ -72.041619775218948, -38.169528536263741 ], [ -72.042319973355347, -38.169158987529144 ], [ -72.042841607074536, -38.168794066388031 ], [ -72.043414873261298, -38.168546780398373 ], [ -72.043486052171147, -38.168516149531492 ], [ -72.0440115154084, -38.168245744756696 ], [ -72.044416592719458, -38.167951372827758 ], [ -72.044876472652746, -38.167538521550313 ], [ -72.045024301212521, -38.167357253562471 ], [ -72.045131844823402, -38.167225596013438 ], [ -72.045560142686256, -38.166768464613682 ], [ -72.045933546298713, -38.166429963056459 ], [ -72.046398371457641, -38.166134034932668 ], [ -72.046922682156392, -38.165836633017186 ], [ -72.047361461561962, -38.165635997418775 ], [ -72.048079806565426, -38.165270520452523 ], [ -72.048990269767145, -38.164611684593105 ], [ -72.049635993166405, -38.16403175725857 ], [ -72.050326346665614, -38.163450814593432 ], [ -72.05110717488698, -38.162898883802178 ], [ -72.051667916762071, -38.162424854318139 ], [ -72.05219020625141, -38.162095819104309 ], [ -72.052620743614256, -38.161810575508675 ], [ -72.052798669329334, -38.161692652195704 ], [ -72.052907286426958, -38.161580519100347 ], [ -72.053083840414573, -38.161398419790217 ], [ -72.053183949568165, -38.161295216276621 ], [ -72.053242428096524, -38.161059136824697 ], [ -72.053298505428131, -38.160832714922385 ], [ -72.053231987876302, -38.160307393030465 ], [ -72.053214333286007, -38.159884423993226 ], [ -72.053333209144185, -38.159525434176295 ], [ -72.053932907359865, -38.158910738917363 ], [ -72.054810351186674, -38.158536505532915 ], [ -72.054897957588125, -38.158507875079486 ], [ -72.055515362496394, -38.158306397119389 ], [ -72.055593297635511, -38.158285693959201 ], [ -72.056398621118035, -38.158071716459382 ], [ -72.057103529121477, -38.157841600928336 ], [ -72.057749051298131, -38.157550515350209 ], [ -72.057760976433528, -38.157545112412741 ], [ -72.057794481796989, -38.157505859343026 ], [ -72.057882139402423, -38.15740246030898 ], [ -72.058101575368454, -38.157144322680551 ], [ -72.058213275484135, -38.156614358809179 ], [ -72.058011238088525, -38.156056552927112 ], [ -72.057864300657513, -38.155902289352028 ], [ -72.057684428293214, -38.155713676491729 ], [ -72.057533045998156, -38.155294192225639 ], [ -72.057825999188736, -38.154827112164753 ], [ -72.05853378539436, -38.154668950267229 ], [ -72.059069072607542, -38.154655069770101 ], [ -72.05944393777898, -38.154830551553353 ], [ -72.05963308794351, -38.15491913217739 ], [ -72.059706788424364, -38.154953744991687 ], [ -72.060118534828106, -38.155190775927998 ], [ -72.060619639348104, -38.155425475748864 ], [ -72.061110204833184, -38.155412679688041 ], [ -72.061679247141484, -38.155010348209807 ], [ -72.061890961189334, -38.154860753743776 ], [ -72.062129360591001, -38.154151745618371 ], [ -72.062327179498041, -38.153547422304683 ], [ -72.062658978536419, -38.152939674285108 ], [ -72.062862816155871, -38.152474833998312 ], [ -72.063192481695481, -38.152215951324742 ], [ -72.063468027332462, -38.151999515360018 ], [ -72.064125211438125, -38.151698571042907 ], [ -72.064785405798304, -38.151469651852338 ], [ -72.065671560588427, -38.15130678851876 ], [ -72.066930961785843, -38.151521721164443 ], [ -72.067750022305674, -38.151887647098327 ], [ -72.06860938394415, -38.152149037989808 ], [ -72.069242774372881, -38.152344222609798 ], [ -72.06993456876981, -38.152387533243569 ], [ -72.07000382259001, -38.152391847281102 ], [ -72.070765010944314, -38.152146598752708 ], [ -72.070841003027468, -38.152122173175897 ], [ -72.070931791261657, -38.152107323704058 ], [ -72.071594871010518, -38.151998817424541 ], [ -72.072345809587446, -38.151803499074319 ], [ -72.073138480299207, -38.151487000052335 ], [ -72.073666195612873, -38.151115512575494 ], [ -72.073698771220009, -38.150878625926623 ], [ -72.073727037608748, -38.150672629785248 ], [ -72.073972590295028, -38.150139146072377 ], [ -72.074112819107512, -38.149766144906899 ], [ -72.07413332584882, -38.149711433689134 ], [ -72.07451842911955, -38.149314008764364 ], [ -72.074984097796531, -38.14902562307639 ], [ -72.074997127859717, -38.149017679850964 ], [ -72.075019469859157, -38.149015544278903 ], [ -72.075530847512738, -38.148967601623553 ], [ -72.076493492052663, -38.149098172433661 ], [ -72.076570289026307, -38.14910855781487 ], [ -72.076588765575053, -38.14911678290008 ], [ -72.076927747542484, -38.14926768616953 ], [ -72.077579997202307, -38.149558058811586 ], [ -72.078274040980688, -38.149539853952113 ], [ -72.078552258207338, -38.149468195851128 ], [ -72.078644259167163, -38.149444525971596 ], [ -72.079062486915674, -38.149221876420206 ], [ -72.079422100490206, -38.148874628175093 ], [ -72.079607077980256, -38.148297552650668 ], [ -72.079694418480386, -38.148025498916539 ], [ -72.080204039029269, -38.147225494695498 ], [ -72.0806983037767, -38.146584944414798 ], [ -72.080815996553639, -38.146432396593653 ], [ -72.080829720116228, -38.146214455644724 ], [ -72.080847990950787, -38.145922514749543 ], [ -72.081040464881895, -38.145412921116339 ], [ -72.08118618868896, -38.145278015122237 ], [ -72.081606355900178, -38.144889093979067 ], [ -72.081901862102782, -38.144678070543421 ], [ -72.082280831676741, -38.144407359763804 ], [ -72.082881023067529, -38.144170174386602 ], [ -72.082964489133829, -38.144137130511382 ], [ -72.08386145694503, -38.14386136560595 ], [ -72.084486391531996, -38.14346646278873 ], [ -72.08483468992722, -38.143036020931959 ], [ -72.085045034942567, -38.14277608103766 ], [ -72.0853458798329, -38.142304151895374 ], [ -72.085478173826473, -38.141815544628969 ], [ -72.085484635408307, -38.141791461783285 ], [ -72.085732079946595, -38.141321009249026 ], [ -72.086239473571894, -38.140676916906479 ], [ -72.086604232696359, -38.140455647991693 ], [ -72.086939320467025, -38.140297597649507 ], [ -72.087180669936089, -38.140183712677427 ], [ -72.087881833761443, -38.140336496119964 ], [ -72.088166837760042, -38.140752349401915 ], [ -72.088656811255362, -38.141047004234707 ], [ -72.088769950472127, -38.141114881552888 ], [ -72.089143719698924, -38.141105042585068 ], [ -72.089229525876547, -38.141056728047893 ], [ -72.089309218120349, -38.141011897323096 ], [ -72.089613647288658, -38.140840475167394 ], [ -72.089747051599929, -38.140201786338231 ], [ -72.089773377627651, -38.140110385752784 ], [ -72.089911560976233, -38.139631434808706 ], [ -72.089980123093653, -38.139393818463091 ], [ -72.09010436638566, -38.138892428781887 ], [ -72.090117223074003, -38.138840573721644 ], [ -72.090136047270789, -38.138819412850275 ], [ -72.090283962068838, -38.138652996337335 ], [ -72.090576210980217, -38.138323947133692 ], [ -72.091375403460958, -38.13826237808339 ], [ -72.092818549659825, -38.138264872895292 ], [ -72.094042887815064, -38.138146984990755 ], [ -72.095210410223544, -38.137949615888566 ], [ -72.096232622948264, -38.137745885885785 ], [ -72.096373844399125, -38.137717656363968 ], [ -72.096536431380727, -38.137580367778448 ], [ -72.096985751617851, -38.137200956116232 ], [ -72.097292440947413, -38.136628762442662 ], [ -72.09756283474627, -38.136124245578195 ], [ -72.097936365021198, -38.13542702962733 ], [ -72.098375940334108, -38.134446866540742 ], [ -72.098627781227393, -38.134213042510822 ], [ -72.098890040781313, -38.133969347418514 ], [ -72.099630262456898, -38.133778642162738 ], [ -72.100809985783556, -38.133873612588815 ], [ -72.101389136833745, -38.133917501578523 ], [ -72.102043191208978, -38.133967083513717 ], [ -72.102794178294914, -38.134032846245383 ], [ -72.103205276115006, -38.133643572632458 ], [ -72.1031978641156, -38.133468700543979 ], [ -72.103187350233526, -38.133220621375429 ], [ -72.103600156649293, -38.132871820180299 ], [ -72.10412698891902, -38.132691233386936 ], [ -72.104763844149815, -38.132588845651703 ], [ -72.105295819274531, -38.132529674912654 ], [ -72.105518520616627, -38.132594267396179 ], [ -72.105836862892076, -38.132686514009521 ], [ -72.10641888675454, -38.132544975647875 ], [ -72.106440116639646, -38.132530021147097 ], [ -72.10704141385655, -38.132105070810773 ], [ -72.107447130768094, -38.131589791387697 ], [ -72.107765321228257, -38.131282229532388 ], [ -72.108165722808266, -38.130895067458674 ], [ -72.108811660904905, -38.129781275477399 ], [ -72.108813050598641, -38.129778802987552 ], [ -72.109364662895473, -38.128921767528148 ], [ -72.109974620770018, -38.128184817497221 ], [ -72.110800018904214, -38.127487247987858 ], [ -72.111217028537212, -38.127311533660738 ], [ -72.111324886558421, -38.127266161676424 ], [ -72.11171088005959, -38.127004840629944 ], [ -72.11184447930529, -38.126914428379784 ], [ -72.112394815096096, -38.12641337978399 ], [ -72.11358918006357, -38.126246488371436 ], [ -72.114458457306128, -38.126147034846312 ], [ -72.114511549536061, -38.126140975919796 ], [ -72.114594237661322, -38.12611678684847 ], [ -72.11498109803675, -38.126003708663703 ], [ -72.115020137022356, -38.125992339143814 ], [ -72.115383194737717, -38.125787560282951 ], [ -72.115522980680751, -38.125708714664526 ], [ -72.115623667451061, -38.125589354981614 ], [ -72.115849688966435, -38.125321638216377 ], [ -72.116003616188678, -38.12490763400038 ], [ -72.116126773417491, -38.124651061862465 ], [ -72.116161272317683, -38.12457914470049 ], [ -72.116281320477299, -38.124170467482173 ], [ -72.116539518747842, -38.123785208953869 ], [ -72.116770267198234, -38.123562903701597 ], [ -72.11713809676435, -38.123332306886141 ], [ -72.117578252388967, -38.12322060950298 ], [ -72.117634080887228, -38.123206432572282 ], [ -72.11785119560659, -38.123151214528143 ], [ -72.118395248580299, -38.123028708707309 ], [ -72.118909461316917, -38.1230150447985 ], [ -72.119460313639053, -38.123054431618229 ], [ -72.119977976804662, -38.123121784345138 ], [ -72.120422632090538, -38.123082950195212 ], [ -72.120830639706043, -38.122990915467106 ], [ -72.121340250373464, -38.122869311826101 ], [ -72.121876235577616, -38.122557692826263 ], [ -72.122548065815693, -38.12221551758762 ], [ -72.123858507490894, -38.121554477986663 ], [ -72.124667592219538, -38.121208637286024 ], [ -72.125346396977477, -38.121028338952335 ], [ -72.12688686306096, -38.12093328326236 ], [ -72.127475301792884, -38.120956131296438 ], [ -72.127711971039318, -38.120965397009677 ], [ -72.12822164548713, -38.120843688228362 ], [ -72.128342752760474, -38.120791822464795 ], [ -72.128626080502755, -38.12067075721221 ], [ -72.12920203175392, -38.120493178412588 ], [ -72.129854521263908, -38.12029872060512 ], [ -72.130015501159448, -38.120250807845082 ], [ -72.130625693494295, -38.120072308579473 ], [ -72.131091476257325, -38.119826731622148 ], [ -72.131867717680834, -38.11941758185727 ], [ -72.132578332681277, -38.119182366896261 ], [ -72.133157633750145, -38.119085791451582 ], [ -72.13334023968784, -38.119102394682898 ], [ -72.133846789795072, -38.119148431120358 ], [ -72.134382677981193, -38.119290589816423 ], [ -72.134402240593147, -38.119295823851907 ], [ -72.13451060885744, -38.119452940857379 ], [ -72.134528741351446, -38.119479322284356 ], [ -72.134621867001997, -38.119614261130863 ], [ -72.134714719564712, -38.120179420629491 ], [ -72.134796301863872, -38.120479032754602 ], [ -72.134940229040382, -38.120637413649348 ], [ -72.135081507983429, -38.120679325433294 ], [ -72.135357356352657, -38.120761408997097 ], [ -72.13570270737543, -38.120806209051779 ], [ -72.136036599488449, -38.120655359288065 ], [ -72.13627498811033, -38.120547654294008 ], [ -72.136753862920315, -38.120507844211794 ], [ -72.137172148161, -38.120658815835405 ], [ -72.138515397208721, -38.120978794871348 ], [ -72.138912299850702, -38.120986041503592 ], [ -72.139315561666592, -38.120993411809849 ], [ -72.140077693251939, -38.121103659601296 ], [ -72.140542980144929, -38.121158742798691 ], [ -72.140882104046156, -38.121217273994937 ], [ -72.140994379981933, -38.121286451021142 ], [ -72.14114148809287, -38.121377058932389 ], [ -72.141392093802622, -38.121334334126509 ], [ -72.141656350311436, -38.120797411163345 ], [ -72.141740400282671, -38.120626737289015 ], [ -72.142068750688708, -38.120255561949065 ], [ -72.142462857773523, -38.119810074844487 ], [ -72.142601798401884, -38.119455557162603 ], [ -72.142624204181701, -38.11939857016845 ], [ -72.14276625747253, -38.119036070783089 ], [ -72.142752886947832, -38.118850734436847 ], [ -72.142663076978991, -38.117610917845298 ], [ -72.142891171806042, -38.117041673943355 ], [ -72.143293016978717, -38.11659848609537 ], [ -72.143654031026799, -38.116187905431055 ], [ -72.144320836089136, -38.116039335324182 ], [ -72.144909266736207, -38.116023643117742 ], [ -72.145755424038299, -38.116131604270777 ], [ -72.146551183158024, -38.116042667700171 ], [ -72.147170381103578, -38.115760292999568 ], [ -72.147601780849101, -38.115492620058681 ], [ -72.147785039862015, -38.115378916186579 ], [ -72.147975354243158, -38.114909796701205 ], [ -72.147951236274409, -38.114348488639521 ], [ -72.147949550136616, -38.114311409699077 ], [ -72.147984924894203, -38.114275920282715 ], [ -72.148297409255676, -38.113962943636388 ], [ -72.148393245123444, -38.113867082913082 ], [ -72.148970239318643, -38.11358575644325 ], [ -72.149146784323108, -38.11355725465377 ], [ -72.149973198451889, -38.11342378038384 ], [ -72.150852996763049, -38.113337062653173 ], [ -72.151288444317245, -38.113222782926954 ], [ -72.151560483829684, -38.113151414992096 ], [ -72.152137369328742, -38.1128701507904 ], [ -72.152668000573797, -38.112491005786168 ], [ -72.153421720334833, -38.112403152540836 ], [ -72.154105425402634, -38.112650629585573 ], [ -72.154761570157518, -38.113232000146304 ], [ -72.155506158543716, -38.113910257360168 ], [ -72.155951827129186, -38.114302285910554 ], [ -72.156162138008568, -38.114487269811114 ], [ -72.156801442945124, -38.114672747278036 ], [ -72.157256430653376, -38.114493856252473 ], [ -72.157394516085603, -38.113791869298566 ], [ -72.157120874877009, -38.113299198665551 ], [ -72.157043214622377, -38.112472453831259 ], [ -72.157046955207221, -38.112283928015998 ], [ -72.157056509688587, -38.111805412222161 ], [ -72.157433817379271, -38.110799776557741 ], [ -72.1582078776933, -38.110211314934034 ], [ -72.158369967906538, -38.110040596527355 ], [ -72.158690847024346, -38.109702790167987 ], [ -72.159315474387469, -38.109550840976162 ], [ -72.159858945252907, -38.109468679783618 ], [ -72.160311874920836, -38.109203998400289 ], [ -72.16039242056415, -38.109156956240476 ], [ -72.160681001654225, -38.109116637394365 ], [ -72.160795855754898, -38.109100554945293 ], [ -72.161270785164135, -38.109034182379688 ], [ -72.162071888361467, -38.109075707826669 ], [ -72.162751498009882, -38.109224049657577 ], [ -72.163159679000259, -38.109442068556525 ], [ -72.163225362017201, -38.109477053528828 ], [ -72.163879340035621, -38.109527033041338 ], [ -72.164591393238837, -38.109602381809893 ], [ -72.165175905434637, -38.1094605626147 ], [ -72.165684569277744, -38.109383740676634 ], [ -72.165890176578301, -38.109232651735745 ], [ -72.165989943473761, -38.109159255549201 ], [ -72.166368525873835, -38.108806661047716 ], [ -72.166718336133684, -38.108702679131248 ], [ -72.167380504092534, -38.108531667397123 ], [ -72.167966357473063, -38.10842123876084 ], [ -72.168435732598908, -38.10834546608659 ], [ -72.168983573768188, -38.10826764775107 ], [ -72.169279640519534, -38.108301278989146 ], [ -72.169656246625976, -38.108344028384174 ], [ -72.170320936155846, -38.108231533382273 ], [ -72.17079438603983, -38.108014747837267 ], [ -72.170822872515799, -38.108001726462511 ], [ -72.171134755904347, -38.107930270726072 ], [ -72.171302656420821, -38.107950754918349 ], [ -72.17176824335111, -38.108007773464287 ], [ -72.17218215469471, -38.107880861247374 ], [ -72.172428840156542, -38.107805186263406 ], [ -72.17305278030851, -38.10766218880827 ], [ -72.173561332760514, -38.107585410216863 ], [ -72.173632806317784, -38.107579344802247 ], [ -72.174110613929201, -38.107538969244807 ], [ -72.174532612805265, -38.107279793556359 ], [ -72.175033169352957, -38.107018564262269 ], [ -72.175492981912583, -38.106726847570755 ], [ -72.175878227117138, -38.106527188135459 ], [ -72.176016443703375, -38.10641023220937 ], [ -72.176296023674311, -38.106173501560548 ], [ -72.176566077011657, -38.106044563131505 ], [ -72.176739029653305, -38.105981281706342 ], [ -72.177031143817402, -38.105874329081345 ], [ -72.177420574272844, -38.105769243116903 ], [ -72.177759617325691, -38.105417684065522 ], [ -72.178142219686663, -38.105159561150138 ], [ -72.178447443864002, -38.104935048904458 ], [ -72.17883111881342, -38.104703907646865 ], [ -72.178905461589707, -38.104641299415228 ], [ -72.179135162604496, -38.104447983411298 ], [ -72.179322365221495, -38.10422666476029 ], [ -72.179582931451122, -38.103877225282666 ], [ -72.179882586972028, -38.103526725931957 ], [ -72.180105148176921, -38.103209903722366 ], [ -72.180326051091811, -38.102951726352238 ], [ -72.180404986055834, -38.102859398342773 ], [ -72.180586808662596, -38.102512164189221 ], [ -72.180806626412604, -38.102132237320653 ], [ -72.181099437669374, -38.101624346956591 ], [ -72.181275978182271, -38.10115555055102 ], [ -72.18131228269614, -38.100913888459061 ], [ -72.181337047451919, -38.100748484777682 ], [ -72.181563599871623, -38.100526095968242 ], [ -72.181993635076239, -38.10045140940418 ], [ -72.182205242224555, -38.100566787855733 ], [ -72.182316213806558, -38.100627324798936 ], [ -72.182827437848218, -38.100613464419332 ], [ -72.183485386420188, -38.100347859536448 ], [ -72.183793209423641, -38.100181863593697 ], [ -72.183815635864718, -38.100169225384157 ], [ -72.184139039248464, -38.099987823219557 ], [ -72.18452951085132, -38.099914127202354 ], [ -72.18502733202898, -38.099589754271136 ], [ -72.185416381598728, -38.099386714625943 ], [ -72.185527889474955, -38.099328482635393 ], [ -72.185583343375754, -38.099201139670313 ], [ -72.185706938084124, -38.098918138563889 ], [ -72.185844317440512, -38.098576309951149 ], [ -72.185884525134327, -38.098476393876837 ], [ -72.185855075664364, -38.09829733028328 ], [ -72.185837428260598, -38.098189980424564 ], [ -72.185777533089052, -38.097826123086499 ], [ -72.18568540277181, -38.097517830837674 ], [ -72.185656351255531, -38.097438171407056 ], [ -72.185595917094773, -38.097272495461873 ], [ -72.185776424567976, -38.0968937007408 ], [ -72.186038118183291, -38.096575731377499 ], [ -72.186229471016901, -38.096444405607059 ], [ -72.186639050684178, -38.095906245597234 ], [ -72.187094639365355, -38.095519981841697 ], [ -72.187512413464646, -38.095166257536576 ], [ -72.187592788428077, -38.095139645341682 ], [ -72.187822947583641, -38.09506328059669 ], [ -72.188248841554781, -38.094898568516719 ], [ -72.18828081259575, -38.094843454203115 ], [ -72.188431974803564, -38.094582728344655 ], [ -72.188826522961165, -38.094603525931106 ], [ -72.188921544955292, -38.094658217659116 ], [ -72.189028350151005, -38.094719674312174 ], [ -72.189455795512629, -38.094586430736832 ], [ -72.189483517522319, -38.094577485468548 ], [ -72.189882860886925, -38.09444876835957 ], [ -72.190501269213343, -38.094184198700269 ], [ -72.191007053955971, -38.094044318496962 ], [ -72.191264697965977, -38.09363190441762 ], [ -72.191519698234117, -38.093160959829774 ], [ -72.191563990567502, -38.092520089225665 ], [ -72.191614160577814, -38.092316720983725 ], [ -72.191667966968382, -38.092098271327039 ], [ -72.19165355529627, -38.092026777413381 ], [ -72.191564016618656, -38.091583133789243 ], [ -72.191668179869097, -38.091161311897416 ], [ -72.19202093480645, -38.090827422014222 ], [ -72.192579242247106, -38.090523883854829 ], [ -72.192658726980085, -38.090513456201627 ], [ -72.193228764621708, -38.09043868658275 ], [ -72.193888602350725, -38.090317999468475 ], [ -72.194038782699934, -38.090290518007421 ], [ -72.194885525703583, -38.090042298506667 ], [ -72.195506452007749, -38.090025324558681 ], [ -72.195782453988897, -38.090017884668448 ], [ -72.19619713788363, -38.089963418540336 ], [ -72.196431872158939, -38.089932598429975 ], [ -72.197206700532519, -38.08991149903374 ], [ -72.197786067178384, -38.090089382667969 ], [ -72.198270635510639, -38.090202683314089 ], [ -72.198528390911747, -38.090262897255052 ], [ -72.199178095644356, -38.090182090215549 ], [ -72.19978546906583, -38.09006641680579 ], [ -72.200428011530676, -38.089823723274222 ], [ -72.200654401355322, -38.089398561173056 ], [ -72.200643126600184, -38.089140255820517 ], [ -72.200636045180786, -38.088980145127756 ], [ -72.201116909759122, -38.088773370491879 ], [ -72.201224245859166, -38.088727194009742 ], [ -72.201497308552703, -38.08860977830691 ], [ -72.201597861474042, -38.088566517498208 ], [ -72.202244704174163, -38.088422742840727 ], [ -72.202971679292546, -38.088240761450095 ], [ -72.20336959613249, -38.088129898432655 ], [ -72.20361694455103, -38.088061004633751 ], [ -72.203823838239074, -38.087867673754999 ], [ -72.204009194818155, -38.087694413671301 ], [ -72.204606614007972, -38.08735373523492 ], [ -72.205003182476659, -38.087086142748767 ], [ -72.206043619323566, -38.086607302835056 ], [ -72.206527110575777, -38.086463464225368 ], [ -72.206972977688963, -38.086388181389871 ], [ -72.207549399657324, -38.086503142260959 ], [ -72.207681606514313, -38.086724707613286 ], [ -72.207863132677033, -38.087138736657231 ], [ -72.20807410561477, -38.087295121754316 ], [ -72.208525300635898, -38.087345819236141 ], [ -72.208709400471903, -38.087316948741211 ], [ -72.208721917597074, -38.087314909642338 ], [ -72.209011747345414, -38.087269495133931 ], [ -72.209464603351478, -38.087351732196034 ], [ -72.209998800009913, -38.087436173000839 ], [ -72.21037842176078, -38.087714072770979 ], [ -72.210801762719882, -38.088058380840792 ], [ -72.211139253483921, -38.088305916310972 ], [ -72.211471384898971, -38.088729547695266 ], [ -72.211485031206465, -38.088746887475871 ], [ -72.211821349669052, -38.088967514879322 ], [ -72.21228112360113, -38.089211626000825 ], [ -72.212545189667125, -38.089189786853247 ], [ -72.21285066177947, -38.089164526426686 ], [ -72.213427009187669, -38.089274957300141 ], [ -72.214053328976803, -38.089338774973569 ], [ -72.214958281014248, -38.089246463701635 ], [ -72.215486353857372, -38.088973610826855 ], [ -72.215685418727702, -38.088870736871804 ], [ -72.215758503862588, -38.088750720963191 ], [ -72.216070725017687, -38.08823852582276 ], [ -72.216463222321508, -38.087768265538784 ], [ -72.216747258834587, -38.08734392932309 ], [ -72.216773368368322, -38.087304762225678 ], [ -72.216776992172143, -38.087291599287667 ], [ -72.216880058579648, -38.086909936688379 ], [ -72.217067665438549, -38.086780213387499 ], [ -72.217320979568868, -38.086605070693004 ], [ -72.217508443595634, -38.086172014755 ], [ -72.217700630065821, -38.085842376216384 ], [ -72.217979413231092, -38.085605055713472 ], [ -72.218376329347819, -38.085238214863871 ], [ -72.218922028933449, -38.084936006811986 ], [ -72.218940897147675, -38.084925526039093 ], [ -72.21934195539616, -38.084653186628003 ], [ -72.219710667107904, -38.084580045749242 ], [ -72.220083337695101, -38.084601339005879 ], [ -72.220505928560954, -38.084819500666093 ], [ -72.220921396684901, -38.084871206014036 ], [ -72.221466364143581, -38.085054343351416 ], [ -72.221977156095619, -38.085192806136007 ], [ -72.222009946400121, -38.08520164790805 ], [ -72.222798197400692, -38.085279131623267 ], [ -72.223328741509164, -38.08513393143199 ], [ -72.223849290063484, -38.084759251130656 ], [ -72.223994394032999, -38.084300335285882 ], [ -72.223983271991472, -38.084217241359759 ], [ -72.223932903453502, -38.083842517471687 ], [ -72.224192969321507, -38.083182206072628 ], [ -72.224297499982924, -38.08306848090416 ], [ -72.224469042269575, -38.082881841368355 ], [ -72.224545991956816, -38.082816181766397 ], [ -72.224867100145019, -38.082542034967908 ], [ -72.22510185328494, -38.08224280392345 ], [ -72.225335034373146, -38.081912101882075 ], [ -72.225653793466861, -38.081642001924493 ], [ -72.225980688602135, -38.081565415192586 ], [ -72.226242631949091, -38.081674384670151 ], [ -72.226275349490052, -38.081687952369521 ], [ -72.226462449699113, -38.081814846439968 ], [ -72.226786217798875, -38.082034372612362 ], [ -72.227116266919097, -38.082025226408739 ], [ -72.227655293818799, -38.082073511421385 ], [ -72.228200354702281, -38.082256763243748 ], [ -72.228709831520732, -38.082567048789045 ], [ -72.228875853659957, -38.082690091266038 ], [ -72.229008580641505, -38.082788585766217 ], [ -72.229627468668298, -38.082771561345318 ], [ -72.229910460440664, -38.082707315810445 ], [ -72.23028183026733, -38.082622924696309 ], [ -72.230734163453931, -38.082578963159833 ], [ -72.2312292896857, -38.082565336937748 ], [ -72.231680219703819, -38.08248531968875 ], [ -72.232210816812895, -38.082340079301829 ], [ -72.232570496862763, -38.082068908977952 ], [ -72.232687115254649, -38.082036987429362 ], [ -72.233101089480286, -38.081923664228434 ], [ -72.233552306060972, -38.081848208430578 ], [ -72.233827005484954, -38.081773922792202 ], [ -72.233960429559176, -38.081737774116647 ], [ -72.23429432975702, -38.081506867073756 ], [ -72.234401246343822, -38.081432848370632 ], [ -72.234920417780799, -38.081026717132779 ], [ -72.235674493274715, -38.080423398454109 ], [ -72.235678460234993, -38.08042018961109 ], [ -72.235682331973862, -38.080414842481844 ], [ -72.235951215704702, -38.080052285418731 ], [ -72.236225635752646, -38.079914751941331 ], [ -72.236436384111556, -38.079809159125219 ], [ -72.23683586581673, -38.07950536379019 ], [ -72.237030623265269, -38.079399252067674 ], [ -72.237279621889002, -38.079263376964086 ], [ -72.237935328266005, -38.079146248708362 ], [ -72.238598376573847, -38.079195490937131 ], [ -72.239299667959969, -38.079176143506906 ], [ -72.239777778303633, -38.07906744749674 ], [ -72.239953975660086, -38.07902745429368 ], [ -72.240223528635823, -38.078780003376565 ], [ -72.240470022756526, -38.078553780170296 ], [ -72.240786132718469, -38.078392280127964 ], [ -72.241075943602183, -38.078244199570797 ], [ -72.241193571700421, -38.078110687662495 ], [ -72.241429896892114, -38.077842528170784 ], [ -72.241930949309818, -38.077644772617539 ], [ -72.241957560103486, -38.077634222207728 ], [ -72.242006251486828, -38.077593023267106 ], [ -72.242276147618995, -38.077364157362354 ], [ -72.242553330884746, -38.077095309210101 ], [ -72.242915915187922, -38.076887056275517 ], [ -72.243372015908832, -38.076806852492098 ], [ -72.243454891781994, -38.076814525668688 ], [ -72.243785076547809, -38.076844962382275 ], [ -72.24416215067653, -38.076785021660449 ], [ -72.244374593258073, -38.076580986653134 ], [ -72.244645867405893, -38.076271631060173 ], [ -72.244771520154558, -38.076188892897562 ], [ -72.245045596147762, -38.076008394352435 ], [ -72.245157993356102, -38.075978496137523 ], [ -72.245521407702611, -38.075882174019085 ], [ -72.245671183809932, -38.075842459812378 ], [ -72.246175691148238, -38.075801426042588 ], [ -72.246904980326804, -38.075835357203459 ], [ -72.24760683585491, -38.07596458653336 ], [ -72.247991763055836, -38.076080068696513 ], [ -72.248351651514852, -38.076344885614326 ], [ -72.248672063508721, -38.076435064166546 ], [ -72.249034550793851, -38.076505480085054 ], [ -72.24911883702201, -38.076521820036312 ], [ -72.249466482342015, -38.07651219865032 ], [ -72.249704545773781, -38.076425310533239 ], [ -72.249840160838957, -38.076375797017199 ], [ -72.250244636278794, -38.076215886071637 ], [ -72.250656702482758, -38.076231562784962 ], [ -72.250921059602888, -38.076238709198435 ], [ -72.251068567464117, -38.076242669213535 ], [ -72.251481876038127, -38.076149447573037 ], [ -72.251569883986519, -38.076129666563205 ], [ -72.252010263291623, -38.076067946779851 ], [ -72.252417641188131, -38.075979979734171 ], [ -72.252825319121939, -38.075896726437243 ], [ -72.253202079738628, -38.075832114923067 ], [ -72.253304193931925, -38.075829359868557 ], [ -72.253581522724758, -38.075821674567088 ], [ -72.253862246251046, -38.075760017460176 ], [ -72.25395757996057, -38.075739145211983 ], [ -72.254298528340129, -38.075576552061278 ], [ -72.254351879284869, -38.075564814044768 ], [ -72.254674396929744, -38.075494025965327 ], [ -72.255109179730638, -38.075306318386104 ], [ -72.255409725481968, -38.074946604936045 ], [ -72.255771295587195, -38.074535675645734 ], [ -72.255815657989203, -38.074111032096425 ], [ -72.255980507826976, -38.073807406854662 ], [ -72.256078903893311, -38.073626293558057 ], [ -72.256292590641507, -38.07344914210082 ], [ -72.256609437222011, -38.07326765240753 ], [ -72.256677910406225, -38.073228555558948 ], [ -72.25675557335579, -38.073184037485348 ], [ -72.257123531380998, -38.072921568974458 ], [ -72.257465855979589, -38.072790442564198 ], [ -72.258122795743503, -38.072619070991074 ], [ -72.258236729969298, -38.072611407274856 ], [ -72.258300769069265, -38.072607046091733 ], [ -72.258690601071663, -38.072580801904699 ], [ -72.259485470859218, -38.072509141103751 ], [ -72.261236865863026, -38.072537113667735 ], [ -72.262012317667413, -38.072366856021496 ], [ -72.262784676572295, -38.072129222344657 ], [ -72.263233500939378, -38.071964270479619 ], [ -72.263328394474414, -38.071929453538843 ], [ -72.26368707200443, -38.071727667283888 ], [ -72.263867597443934, -38.071626187687016 ], [ -72.26404006769026, -38.071364629400549 ], [ -72.264111880810702, -38.071171997635936 ], [ -72.264204715407118, -38.070923059777876 ], [ -72.264467814885862, -38.07062746640802 ], [ -72.264862395382835, -38.070179502038947 ], [ -72.265146768764097, -38.069720135432128 ], [ -72.265163140560162, -38.069693628542012 ], [ -72.26536253870546, -38.068998902165511 ], [ -72.265136437240031, -38.06805917213066 ], [ -72.265126573738215, -38.068001140788915 ], [ -72.265012076268732, -38.067332931554631 ], [ -72.265024578122535, -38.06728660432929 ], [ -72.265170215691342, -38.066747476469061 ], [ -72.265250921234781, -38.066488393758682 ], [ -72.265593014068031, -38.065897822065864 ], [ -72.26616511334322, -38.065300777085525 ], [ -72.266597321572505, -38.064667103330066 ], [ -72.267029817262696, -38.064037996545188 ], [ -72.267606699168468, -38.063548934914998 ], [ -72.26800113503667, -38.063101037535276 ], [ -72.268363822646123, -38.062868940718985 ], [ -72.268538543172255, -38.062757209600647 ], [ -72.268937685314242, -38.062417301206303 ], [ -72.269568813785085, -38.062111376855249 ], [ -72.270390101228529, -38.061939863562813 ], [ -72.27116864054257, -38.061846069890088 ], [ -72.272183694592798, -38.061889893237677 ], [ -72.273243011332028, -38.061896383277997 ], [ -72.274492900268882, -38.062046263724568 ], [ -72.275416030614423, -38.062092621852152 ], [ -72.27621330519203, -38.062104992926322 ], [ -72.27624534540324, -38.062105500754953 ], [ -72.276289461666849, -38.062085819210431 ], [ -72.277464395176409, -38.061562455951439 ], [ -72.278004960890229, -38.06129060244119 ], [ -72.278722942974298, -38.060869654002673 ], [ -72.278952248730349, -38.060856092343435 ], [ -72.279468029925454, -38.060825745876052 ], [ -72.279918178409289, -38.060594639838378 ], [ -72.280154883588338, -38.060381155424373 ], [ -72.280306614429719, -38.060244291550276 ], [ -72.280763200240855, -38.060159428916521 ], [ -72.281466261308083, -38.060432634739939 ], [ -72.282068967083347, -38.060523911538098 ], [ -72.282449724304726, -38.060801545788209 ], [ -72.282558565981176, -38.061102130610784 ], [ -72.282659727061954, -38.061381232414085 ], [ -72.282953691755523, -38.06177391479013 ], [ -72.28301254847463, -38.061833451929765 ], [ -72.28333940049076, -38.062164104720274 ], [ -72.283596973533861, -38.062773973452217 ], [ -72.28401004944422, -38.063208120647381 ], [ -72.28427344985856, -38.063484896697737 ], [ -72.284754503083107, -38.063944298920866 ], [ -72.285132068590286, -38.064149980322185 ], [ -72.285501580700938, -38.064175731035881 ], [ -72.28565761806577, -38.063847366852116 ], [ -72.285711958055629, -38.063732926275534 ], [ -72.285838547747161, -38.063678902413372 ], [ -72.285892868872395, -38.063655758511835 ], [ -72.286363284247329, -38.063589674969442 ], [ -72.286533601231937, -38.063565719095955 ], [ -72.287042706147858, -38.063623573602733 ], [ -72.287436509602102, -38.063754028982217 ], [ -72.287556846120935, -38.063793834624249 ], [ -72.288213518186893, -38.064063723251323 ], [ -72.288297759499287, -38.064072950207418 ], [ -72.289000211508736, -38.064149884841754 ], [ -72.289655662764233, -38.064388209971362 ], [ -72.290351855312807, -38.064512840417713 ], [ -72.290732962877129, -38.064795012141175 ], [ -72.291034822863736, -38.065050251266257 ], [ -72.29106810454671, -38.065078396423345 ], [ -72.291488332843358, -38.065210754546335 ], [ -72.291883863757903, -38.065235755906848 ], [ -72.292070235433272, -38.065178425334473 ], [ -72.293077051034032, -38.064868926035373 ], [ -72.294076933437424, -38.064881469210427 ], [ -72.295067428446131, -38.064686954629266 ], [ -72.295497665771663, -38.064584765786812 ], [ -72.29605609897645, -38.064451964494218 ], [ -72.296124364649856, -38.064413072990007 ], [ -72.296410351405385, -38.064250130737065 ], [ -72.296671305707221, -38.064101396327217 ], [ -72.296802830742919, -38.063932974909221 ], [ -72.296969841028954, -38.063719126090824 ], [ -72.297684740094994, -38.063244052862167 ], [ -72.298195046058453, -38.062896422584394 ], [ -72.299092062378662, -38.062344782420503 ], [ -72.299116131838389, -38.062329936614113 ], [ -72.299981264254214, -38.061683979151482 ], [ -72.300581455644988, -38.061000443890691 ], [ -72.300801930961825, -38.060724199523662 ], [ -72.301185969728934, -38.060243054482235 ], [ -72.30122864599312, -38.0601894545457 ], [ -72.301277073271777, -38.060083217899873 ], [ -72.30161167864712, -38.059349873868179 ], [ -72.30196256239374, -38.058966118914995 ], [ -72.302465139252476, -38.058451967373905 ], [ -72.303294329175486, -38.058180885311366 ], [ -72.304134651021499, -38.058157241717282 ], [ -72.305054447719002, -38.058360513283695 ], [ -72.306082678257823, -38.058695638560245 ], [ -72.307156409364111, -38.05869381439441 ], [ -72.307723064848702, -38.058430095698363 ], [ -72.30885779515603, -38.057938625641327 ], [ -72.30905265052094, -38.057865235238793 ], [ -72.309685127363025, -38.057627032450313 ], [ -72.310435040063908, -38.057391273411334 ], [ -72.310566559709699, -38.05734992584761 ], [ -72.311455788534715, -38.057243740251216 ], [ -72.312243276865615, -38.057402420188808 ], [ -72.312357914472273, -38.057425534238476 ], [ -72.31278075237482, -38.057388364172162 ], [ -72.313038847339115, -38.057365805363276 ], [ -72.31371591745021, -38.057220496702847 ], [ -72.314569423869642, -38.057489255924978 ], [ -72.315362637163844, -38.05758848885953 ], [ -72.316516297669153, -38.057515390939045 ], [ -72.31729466989654, -38.057286164429364 ], [ -72.317953117033483, -38.056727026669542 ], [ -72.318763330944435, -38.05616389099842 ], [ -72.319074728344418, -38.055947555096409 ], [ -72.320333195293927, -38.054704706233565 ], [ -72.320692753172906, -38.053929348356043 ], [ -72.320860197345255, -38.053568219045069 ], [ -72.321445157800383, -38.052551643295388 ], [ -72.321682332798332, -38.052316735151088 ], [ -72.322049220930026, -38.051953504038032 ], [ -72.322429850590638, -38.052001259975405 ], [ -72.322557569464493, -38.05201860634228 ], [ -72.322842486326508, -38.052057113960515 ], [ -72.323176381134488, -38.052462142676774 ], [ -72.32355908859833, -38.052784603997296 ], [ -72.324296019745034, -38.052804334729942 ], [ -72.325402815141985, -38.052858607834203 ], [ -72.326243053444671, -38.052834734746995 ], [ -72.327115995813585, -38.052704612880248 ], [ -72.327287691712158, -38.052679008800375 ], [ -72.3276691523144, -38.052409298885308 ], [ -72.328011184960502, -38.052167569036008 ], [ -72.328105882662825, -38.052137946858281 ], [ -72.32849215015014, -38.052017621669776 ], [ -72.328853372607355, -38.051904869502579 ], [ -72.329598932970683, -38.05172608869232 ], [ -72.330035233924377, -38.051587513032899 ], [ -72.330143707291583, -38.051552996936749 ], [ -72.330239529684619, -38.0514349994992 ], [ -72.330365053974234, -38.051280512745919 ], [ -72.330476867277639, -38.05114265141237 ], [ -72.33047814288534, -38.051133758127932 ], [ -72.330514821098404, -38.050888874055943 ], [ -72.33055399303467, -38.05062694311421 ], [ -72.330586276689345, -38.050229632555727 ], [ -72.33049106335406, -38.049883614163754 ], [ -72.330465795541755, -38.049791561516379 ], [ -72.3303995304165, -38.049437636514774 ], [ -72.330634330268836, -38.049075099938072 ], [ -72.331177245975411, -38.048861465198335 ], [ -72.332123337259603, -38.048672477489212 ], [ -72.332976388233192, -38.048648267723365 ], [ -72.333526646768902, -38.048596631561871 ], [ -72.334187912819218, -38.048776091348302 ], [ -72.334550046168118, -38.049004560701647 ], [ -72.334766868036681, -38.049354280149608 ], [ -72.335489208746523, -38.049770602630211 ], [ -72.335683874566925, -38.049938583392766 ], [ -72.336378246230396, -38.050538134095738 ], [ -72.337132393589513, -38.050953542262235 ], [ -72.337202659811041, -38.050992284586698 ], [ -72.33780480773251, -38.050975170000456 ], [ -72.338391366290523, -38.050732215871086 ], [ -72.339136403834345, -38.050423717271201 ], [ -72.339473096894423, -38.050094355491225 ], [ -72.339591007961985, -38.049746270139607 ], [ -72.33965043421297, -38.0495712913022 ], [ -72.339892619115247, -38.049417239914106 ], [ -72.340236214829957, -38.04919875265395 ], [ -72.34041691544094, -38.048762088145651 ], [ -72.340553041647524, -38.048432967192056 ], [ -72.340320033035866, -38.047727916462421 ], [ -72.34021941543584, -38.047257851280747 ], [ -72.340192524367808, -38.047132413278206 ], [ -72.340164160961024, -38.04709565395185 ], [ -72.33944501735526, -38.046162651191032 ], [ -72.339272898350188, -38.045690041906205 ], [ -72.339329719486869, -38.045578902864712 ], [ -72.339457410512935, -38.045328991505073 ], [ -72.340139951364108, -38.044872667970431 ], [ -72.340465859250884, -38.044304783926272 ], [ -72.340532241157121, -38.043763766915134 ], [ -72.340539133930292, -38.043708071440534 ], [ -72.340771933234478, -38.043305053716807 ], [ -72.341598436296479, -38.042676281871309 ], [ -72.341609351725495, -38.042668000227387 ], [ -72.341694681796014, -38.042603135099924 ], [ -72.342678220251145, -38.042138230590346 ], [ -72.343423342236591, -38.041954799737056 ], [ -72.344130913744863, -38.041934652206059 ], [ -72.344326539864284, -38.041929080823436 ], [ -72.345118504500235, -38.041667846528824 ], [ -72.345230713960703, -38.041572396134022 ], [ -72.345650363742294, -38.04121570970721 ], [ -72.346596607740082, -38.041031030660378 ], [ -72.3472709793121, -38.040939926234159 ], [ -72.347694927532316, -38.040882600683403 ], [ -72.34814677023877, -38.040530300169003 ], [ -72.348228598676315, -38.040466563011549 ], [ -72.349350059968586, -38.039722830920567 ], [ -72.350021797680171, -38.039028006787987 ], [ -72.350726566444735, -38.03836611285827 ], [ -72.350936937511236, -38.038168518041964 ], [ -72.351300151533451, -38.037320347339737 ], [ -72.351104680822573, -38.036334903761571 ], [ -72.351091134228085, -38.036275214987434 ], [ -72.350978772952331, -38.035779884443663 ], [ -72.352103554417909, -38.034761339519754 ], [ -72.352188056241744, -38.034727781999841 ], [ -72.352884857848039, -38.03445076206188 ], [ -72.353086008606482, -38.03410264903588 ], [ -72.353439403144321, -38.033921336284713 ], [ -72.353712775756605, -38.033571233919872 ], [ -72.353750567880624, -38.033166528062402 ], [ -72.353761287476914, -38.033051827953045 ], [ -72.353805871762773, -38.03301055437958 ], [ -72.354524234732551, -38.032345888291125 ], [ -72.354524766535192, -38.032345282611402 ], [ -72.355009444461913, -38.03187201667216 ], [ -72.355333466784884, -38.031652642824341 ], [ -72.355711066428043, -38.031396978020261 ], [ -72.35649508097373, -38.031144825465432 ], [ -72.35719639481772, -38.030665432566742 ], [ -72.357544481210539, -38.030497174791257 ], [ -72.357691821985128, -38.030425950401543 ], [ -72.357737839083853, -38.029852590763632 ], [ -72.357861395164676, -38.029389563942907 ], [ -72.357843604030478, -38.029000247972064 ], [ -72.357837962610489, -38.028876789702196 ], [ -72.358116432263742, -38.028639080610155 ], [ -72.358541909416587, -38.028455691659858 ], [ -72.358910803486339, -38.028616363637347 ], [ -72.359389432157911, -38.028789467867938 ], [ -72.359499107470953, -38.028829209734887 ], [ -72.359778225707828, -38.028638416168519 ], [ -72.359849884318024, -38.028589502209016 ], [ -72.360025158206383, -38.028584487404764 ], [ -72.360283266645396, -38.028577029236089 ], [ -72.360569454623558, -38.028510314680709 ], [ -72.360687850781375, -38.027934883728214 ], [ -72.360615126769218, -38.027513707387335 ], [ -72.360589598445486, -38.027365577642229 ], [ -72.360723350404768, -38.027132077524733 ], [ -72.361146527870488, -38.026894648651087 ], [ -72.361349698041678, -38.026865216505847 ], [ -72.361649443394114, -38.02682172883199 ], [ -72.361798478391307, -38.026693991424644 ], [ -72.361997432768874, -38.026523496213315 ], [ -72.362647351300524, -38.026504889185169 ], [ -72.363287161090255, -38.026261323847436 ], [ -72.363792838035053, -38.026246841520361 ], [ -72.364383518063605, -38.026513765647501 ], [ -72.364547408500684, -38.026635198431251 ], [ -72.364757854127333, -38.026791240175704 ], [ -72.365552389741637, -38.0267685481044 ], [ -72.366194661813594, -38.026578918876353 ], [ -72.366398415889677, -38.026507320588671 ], [ -72.366906371860352, -38.026328770722806 ], [ -72.367349854844775, -38.026341592938991 ], [ -72.367847799091592, -38.026355876403969 ], [ -72.368570018528871, -38.02633516343284 ], [ -72.369498559427356, -38.026083282168237 ], [ -72.370419234677229, -38.025655969192279 ], [ -72.371648532431138, -38.024075634029792 ], [ -72.371887672942918, -38.023815774003879 ], [ -72.372406189508084, -38.02325201791389 ], [ -72.372661055927239, -38.023066614926066 ], [ -72.372896153121914, -38.022895653417123 ], [ -72.373236138507494, -38.022426469812885 ], [ -72.373657501376357, -38.022067643566622 ], [ -72.37372330925912, -38.022011509113923 ], [ -72.374654350169038, -38.021813612586534 ], [ -72.375531563128817, -38.022018078410333 ], [ -72.375885155296004, -38.022077141899857 ], [ -72.375930098009675, -38.02208470546519 ], [ -72.376406096414115, -38.022164161068005 ], [ -72.376860423860634, -38.022610517828952 ], [ -72.377162468900181, -38.022885676103392 ], [ -72.377603578535613, -38.023044213256931 ], [ -72.378617372249508, -38.023073578294166 ], [ -72.379197838433285, -38.023243598203251 ], [ -72.379465379182776, -38.023322026446927 ], [ -72.379863423583473, -38.023438619909172 ], [ -72.381093942147871, -38.023461726282683 ], [ -72.381601982560184, -38.023501197177119 ], [ -72.381786808234935, -38.023312771709094 ], [ -72.381947385685237, -38.023148883114807 ], [ -72.381624495239492, -38.022414992184039 ], [ -72.381255589491673, -38.022254392942173 ], [ -72.381070934496819, -38.022237642456773 ], [ -72.380311344245399, -38.022168951273294 ], [ -72.379934285388032, -38.021833007028896 ], [ -72.380117127582636, -38.021516225776345 ], [ -72.380336358732791, -38.021136698324 ], [ -72.380291852600365, -38.020743064100813 ], [ -72.380214104310838, -38.020054586935579 ], [ -72.380404354911605, -38.019477070522051 ], [ -72.380739290866956, -38.018895388991034 ], [ -72.381076699884304, -38.018367586088758 ], [ -72.381344522704808, -38.017904958727406 ], [ -72.381696104442383, -38.017768561091252 ], [ -72.381984080067966, -38.017656872249354 ], [ -72.382551235015853, -38.017410719821648 ], [ -72.38311581449382, -38.017110689514226 ], [ -72.383283947673988, -38.017020088247335 ], [ -72.383680275394184, -38.016806158295871 ], [ -72.384611401644051, -38.016608108998042 ], [ -72.384934052239586, -38.01655275805814 ], [ -72.385400444958705, -38.016472820781239 ], [ -72.385523807901706, -38.016009773100606 ], [ -72.38499987180046, -38.015623979895537 ], [ -72.384814976057115, -38.01559757443728 ], [ -72.38434469992103, -38.015530237998682 ], [ -72.384395871552869, -38.015069345082978 ], [ -72.385035106420844, -38.01482110391995 ], [ -72.385124265111116, -38.014786209547154 ], [ -72.385816533818499, -38.014514812234673 ], [ -72.385992768005892, -38.014174965074602 ], [ -72.38614852779132, -38.013874676640341 ], [ -72.386915327921216, -38.013490124917901 ], [ -72.386996747625318, -38.013449252236079 ], [ -72.387199276399386, -38.013121487183703 ], [ -72.387439470634988, -38.012732560389196 ], [ -72.387534955261472, -38.012577921922158 ], [ -72.388078516856751, -38.011818983389155 ], [ -72.388106115797214, -38.011786304317603 ], [ -72.388627065000165, -38.011172519399111 ], [ -72.389250679961975, -38.010582413077685 ], [ -72.389543864019558, -38.010347822579021 ], [ -72.390357551715724, -38.009696726587634 ], [ -72.390436174964336, -38.009633791423276 ], [ -72.390995360957319, -38.009216756651448 ], [ -72.391074010257086, -38.00907957559793 ], [ -72.391129167713856, -38.008983147741624 ], [ -72.391721117061905, -38.007709354836628 ], [ -72.392044566259727, -38.006835128571005 ], [ -72.392106938984838, -38.006666681589024 ], [ -72.392732999160856, -38.006135012269475 ], [ -72.393503506637941, -38.00559473827586 ], [ -72.394068042098453, -38.005294658187289 ], [ -72.39480131350868, -38.005097820033434 ], [ -72.395358834923471, -38.004676310704284 ], [ -72.395844548607698, -38.004527876435112 ], [ -72.395896051717884, -38.004512069694201 ], [ -72.395936406735387, -38.004487138908416 ], [ -72.396238894644398, -38.004299497683789 ], [ -72.396708377568061, -38.004056176365864 ], [ -72.396989415504706, -38.003894910452921 ], [ -72.397200070438814, -38.003861659449719 ], [ -72.397663949671767, -38.003921158030373 ], [ -72.397913137839993, -38.003769077534947 ], [ -72.398256824284559, -38.00357898461241 ], [ -72.398635043765253, -38.003441914760018 ], [ -72.398982558829559, -38.003332743146167 ], [ -72.399454501340472, -38.003138934994091 ], [ -72.399838631735747, -38.00312781747283 ], [ -72.400185958153841, -38.003018648930585 ], [ -72.400566550983513, -38.002931025175378 ], [ -72.40091156603637, -38.002767897251829 ], [ -72.401320569883538, -38.002602915795798 ], [ -72.401766582523791, -38.002540404919436 ], [ -72.40191123553906, -38.002536215818147 ], [ -72.402150618595968, -38.002529356677456 ], [ -72.402395430172135, -38.002413999142831 ], [ -72.40255846361643, -38.002337393207583 ], [ -72.403004194185684, -38.002274885644141 ], [ -72.403863897183939, -38.002150935688761 ], [ -72.404473066337658, -38.002155716584085 ], [ -72.404916514287777, -38.002164857196419 ], [ -72.405018273646533, -38.002166925566826 ], [ -72.40537274167113, -38.00220624441377 ], [ -72.405522790866286, -38.002141377436416 ], [ -72.405875561973318, -38.001988932947526 ], [ -72.4062466748818, -38.001698906076669 ], [ -72.406389950779726, -38.001522054819347 ], [ -72.406519464487502, -38.001362208273399 ], [ -72.406695062667666, -38.001001243060955 ], [ -72.406767755238761, -38.000494625500728 ], [ -72.406463211086091, -38.000147585695146 ], [ -72.406384017407277, -37.999821094117785 ], [ -72.406077090024141, -37.999424527320947 ], [ -72.406090360835847, -37.99901424652036 ], [ -72.406134468116292, -37.998585064025846 ], [ -72.406243046586368, -37.99838006774516 ], [ -72.406311311361435, -37.998251074505497 ], [ -72.406651592292761, -37.997984450946923 ], [ -72.406989695707807, -37.997672869537553 ], [ -72.407107304941434, -37.997497795326531 ], [ -72.407199523293556, -37.997360505982407 ], [ -72.40712171481691, -37.997088071491149 ], [ -72.40708474554971, -37.996958366651761 ], [ -72.407157105744147, -37.996708441623518 ], [ -72.407195216770077, -37.996576854474363 ], [ -72.407290059101157, -37.99631904406781 ], [ -72.407309107876756, -37.996267198993671 ], [ -72.407521523508834, -37.996008783642331 ], [ -72.407768173936404, -37.995798894786674 ], [ -72.408142793867768, -37.995585366597396 ], [ -72.408686882774091, -37.995569505542434 ], [ -72.409421866373251, -37.995521239916975 ], [ -72.409835510018866, -37.995459638352322 ], [ -72.410598888465856, -37.995333933961255 ], [ -72.412364148966063, -37.994701553370092 ], [ -72.41236815814716, -37.994699518769927 ], [ -72.412739884604989, -37.994510488309771 ], [ -72.413136028170555, -37.9944035532207 ], [ -72.413151317496698, -37.994399418873648 ], [ -72.413156179179012, -37.994395661148396 ], [ -72.413460769145772, -37.99416068258931 ], [ -72.413900595986973, -37.993972253905675 ], [ -72.414277572199325, -37.993808085201842 ], [ -72.414716144094072, -37.993592677289406 ], [ -72.415120468616934, -37.993328669649458 ], [ -72.415560264017103, -37.993135733445257 ], [ -72.415600832833661, -37.99311366810754 ], [ -72.415997779493068, -37.992897768961974 ], [ -72.4163060525525, -37.992631974778867 ], [ -72.416449365281366, -37.99227200800172 ], [ -72.416661644369512, -37.992013579990811 ], [ -72.41693913036751, -37.991775764786915 ], [ -72.417275028418558, -37.991058825681115 ], [ -72.417551265758306, -37.990721929647918 ], [ -72.418037384582746, -37.990410512787953 ], [ -72.418475810052101, -37.989969853877597 ], [ -72.418600546519187, -37.98982659066516 ], [ -72.418713430614417, -37.989697178833175 ], [ -72.419075837949492, -37.989420871524374 ], [ -72.419560476350327, -37.989077905472257 ], [ -72.419921405058446, -37.98873780093173 ], [ -72.419959993988115, -37.988701325944596 ], [ -72.419977811173453, -37.988615197354306 ], [ -72.420061994993674, -37.988207427529971 ], [ -72.420284338806269, -37.987606334408383 ], [ -72.420474349556869, -37.987204413475304 ], [ -72.42044498722349, -37.986574706345998 ], [ -72.420423255180111, -37.986105147960771 ], [ -72.420420520708404, -37.986048326098178 ], [ -72.420377893851537, -37.985925655012792 ], [ -72.420228003658181, -37.985495400454688 ], [ -72.419947431048854, -37.984841418776675 ], [ -72.419844325115506, -37.984416518374978 ], [ -72.419983080690898, -37.98398324793579 ], [ -72.420021591467133, -37.983862863192321 ], [ -72.420026314808908, -37.983848112638434 ], [ -72.420293499825547, -37.983313241802307 ], [ -72.420372754589806, -37.98320281531015 ], [ -72.420606629177385, -37.982876223526461 ], [ -72.420639345820035, -37.982675341718107 ], [ -72.420671571084227, -37.982477943679889 ], [ -72.420898409168188, -37.981975907459784 ], [ -72.42096188232955, -37.981546082900074 ], [ -72.421374123705007, -37.980906616080638 ], [ -72.421506498546947, -37.980701429489663 ], [ -72.421903038269562, -37.980261904660068 ], [ -72.422113546778291, -37.98002868500518 ], [ -72.422299668722005, -37.979822449421981 ], [ -72.422581908604485, -37.97961599587903 ], [ -72.42307691446203, -37.979387402189225 ], [ -72.423112695258126, -37.979370861414615 ], [ -72.4231377142371, -37.979349467446582 ], [ -72.42367421597254, -37.97889050818813 ], [ -72.424317416902497, -37.978376331993594 ], [ -72.424845044181254, -37.978063605158596 ], [ -72.425199929024146, -37.977625283875931 ], [ -72.425469486491437, -37.9773490082896 ], [ -72.425597897966369, -37.977217292237448 ], [ -72.42598076443204, -37.976480879496677 ], [ -72.426122748552572, -37.975949720714929 ], [ -72.426187123622455, -37.975854484251229 ], [ -72.426395755550573, -37.975545444463634 ], [ -72.426588635520176, -37.975206456928618 ], [ -72.42678291237003, -37.974903517027968 ], [ -72.426849397582529, -37.974541205051707 ], [ -72.426915766912344, -37.974174393237107 ], [ -72.427113363935518, -37.973938884669764 ], [ -72.427270621212514, -37.973736066431627 ], [ -72.427399626473829, -37.973535179432204 ], [ -72.427465077725429, -37.973433121170629 ], [ -72.427572971679268, -37.973065171499641 ], [ -72.427581701507194, -37.972832146376234 ], [ -72.42759164495908, -37.972569122004309 ], [ -72.427862491508819, -37.971858481207747 ], [ -72.427881628319312, -37.971830985012303 ], [ -72.428269006124353, -37.971274583532171 ], [ -72.42861122382341, -37.970863634003734 ], [ -72.428656683966665, -37.970290270216623 ], [ -72.428715524516093, -37.970000283023467 ], [ -72.42886617917577, -37.969631896906165 ], [ -72.428911290772703, -37.969521575175698 ], [ -72.429158414612402, -37.969216868276909 ], [ -72.429225500797827, -37.969134024017833 ], [ -72.429582208322429, -37.96886235435899 ], [ -72.429642370293635, -37.96868288439039 ], [ -72.429711775030796, -37.968475689203203 ], [ -72.430137926818432, -37.968111879548545 ], [ -72.430637992885949, -37.967745910934262 ], [ -72.430805428075146, -37.967647957816624 ], [ -72.431213164399466, -37.96740933349237 ], [ -72.431751463663772, -37.967073829554899 ], [ -72.432059151919958, -37.966910892426725 ], [ -72.432160397442374, -37.966875019893216 ], [ -72.432236802750538, -37.968562328662941 ], [ -72.436544387132955, -37.968531033940991 ], [ -72.437302907490874, -37.968765602393702 ], [ -72.437307351456582, -37.969360090995004 ], [ -72.437296255466194, -37.969621672980978 ], [ -72.43722475765442, -37.97029484144602 ], [ -72.437105243992391, -37.970726313230031 ], [ -72.436936932945812, -37.971298770708827 ], [ -72.436834443256743, -37.97167557338738 ], [ -72.436730747130227, -37.972070492193197 ], [ -72.436586882835797, -37.972741350186581 ], [ -72.43649492050352, -37.97320795616055 ], [ -72.436367955316214, -37.973481931014717 ], [ -72.436241833646946, -37.974057655572004 ], [ -72.436077171557059, -37.974193172877264 ], [ -72.435907416019504, -37.974441313646615 ], [ -72.435178157383646, -37.974877033174941 ], [ -72.434751843899264, -37.975371495048321 ], [ -72.434557820374295, -37.97550329372212 ], [ -72.434246157971316, -37.976021339349302 ], [ -72.434084717240026, -37.97641794486016 ], [ -72.433883089476183, -37.97673461648818 ], [ -72.433522989014776, -37.977019903593295 ], [ -72.432886489516846, -37.977678140542132 ], [ -72.432726549870395, -37.978043187271112 ], [ -72.432575812565716, -37.978173717910025 ], [ -72.432508968925433, -37.978391836347697 ], [ -72.432285670203683, -37.978875855766816 ], [ -72.447186547742547, -37.983272762964475 ], [ -72.448447566805783, -37.980474629183149 ], [ -72.449476712727886, -37.976994061338118 ], [ -72.450741333137088, -37.974461557628317 ], [ -72.451557990663574, -37.972252978388568 ], [ -72.45213625956815, -37.969488369494236 ], [ -72.455782003876791, -37.969998174796643 ], [ -72.455793027103653, -37.969855635293904 ], [ -72.455851837110359, -37.969533534146265 ], [ -72.455807779237233, -37.96923438579406 ], [ -72.456044606587156, -37.969108009023067 ], [ -72.456202400158404, -37.969023810599076 ], [ -72.456774318872235, -37.968894364911968 ], [ -72.456977438737781, -37.968600121678215 ], [ -72.456950617738329, -37.968028803880635 ], [ -72.45670991325963, -37.967522377159362 ], [ -72.456685543762589, -37.967003238996405 ], [ -72.456683097650085, -37.966951133126578 ], [ -72.45651207908125, -37.966384056693727 ], [ -72.456760337493165, -37.965516379667093 ], [ -72.456803227556392, -37.964888988585955 ], [ -72.456602419056097, -37.96442197704134 ], [ -72.457086319940103, -37.964763537063838 ], [ -72.457479360724662, -37.965441201915624 ], [ -72.458235859873199, -37.966162116491269 ], [ -72.458287702546556, -37.966186199121005 ], [ -72.459048560320852, -37.96653915516243 ], [ -72.459772662626975, -37.966571932297555 ], [ -72.460341805546591, -37.966383953295569 ], [ -72.460994153122769, -37.966423264409649 ], [ -72.461515158919568, -37.966750279967208 ], [ -72.462252797938717, -37.967070909647035 ], [ -72.462765303876282, -37.966852188882278 ], [ -72.462819678900445, -37.966828962687423 ], [ -72.46377385861544, -37.967143201234819 ], [ -72.464808141104328, -37.967626213416374 ], [ -72.464861002467245, -37.96765402704132 ], [ -72.464829727620597, -37.968084988160513 ], [ -72.464602092730985, -37.968430078450957 ], [ -72.464559970727322, -37.968493829392784 ], [ -72.464723290734185, -37.968889901239116 ], [ -72.464848135897412, -37.968886293758395 ], [ -72.465300486151975, -37.968872953018447 ], [ -72.465669364052047, -37.969033143007735 ], [ -72.465696160796995, -37.969604458655311 ], [ -72.465581290526657, -37.970233974317289 ], [ -72.465554942939377, -37.970474383956173 ], [ -72.465530736935719, -37.970694950030385 ], [ -72.466043152143456, -37.971177032400362 ], [ -72.466059930876341, -37.971192847741136 ], [ -72.466080116020777, -37.971225536403182 ], [ -72.46637298297307, -37.971701620755589 ], [ -72.466979732065411, -37.972309845632445 ], [ -72.467511793428429, -37.972866174824823 ], [ -72.468265926414489, -37.973533068474346 ], [ -72.468441578493582, -37.973725154062052 ], [ -72.468875463877495, -37.974199798860013 ], [ -72.4689612745467, -37.974485532024538 ], [ -72.468915943760834, -37.975058901283354 ], [ -72.468672297299577, -37.975392663577672 ], [ -72.468576484788002, -37.97552390492438 ], [ -72.468526041689856, -37.975984878576121 ], [ -72.468333731252145, -37.976503989340557 ], [ -72.468363406199231, -37.977133815465841 ], [ -72.468670804299578, -37.977525626092074 ], [ -72.468900629281862, -37.97780260556943 ], [ -72.469275076736693, -37.978079814840008 ], [ -72.469446409715886, -37.978646785352531 ], [ -72.469612142597583, -37.979096873845329 ], [ -72.46963101260846, -37.979497202815473 ], [ -72.469869120057666, -37.97994965389767 ], [ -72.47055107251235, -37.98061416072207 ], [ -72.471232971966415, -37.981283240571344 ], [ -72.471904032348277, -37.981718319048973 ], [ -72.472366709635367, -37.982335272639332 ], [ -72.473107309501685, -37.982714265302 ], [ -72.473476278131585, -37.98287450084721 ], [ -72.473845252151378, -37.983034808971226 ], [ -72.474366616375988, -37.983361679017953 ], [ -72.474452559097543, -37.983647476348388 ], [ -72.474554147776374, -37.984270597687789 ], [ -72.474950104492365, -37.98500213255118 ], [ -72.47541825880775, -37.985736031987592 ], [ -72.476076089700413, -37.985887639395784 ], [ -72.476808460998726, -37.986091280046026 ], [ -72.476937665686037, -37.986242510764285 ], [ -72.477191057071479, -37.98653936522674 ], [ -72.47720362809558, -37.986805413003516 ], [ -72.477220814663582, -37.987169110183679 ], [ -72.477172879661723, -37.987684034015935 ], [ -72.477547409761542, -37.987961213040045 ], [ -72.477961541192371, -37.988628361048093 ], [ -72.47799094664488, -37.989287931793015 ], [ -72.478027076885596, -37.989827378647256 ], [ -72.478107494968157, -37.990343003833345 ], [ -72.478246274798082, -37.990852398795951 ], [ -72.478505549250329, -37.991245606622861 ], [ -72.478795875767005, -37.991597303055194 ], [ -72.479228588849466, -37.99200788162711 ], [ -72.479690180073376, -37.992417677026346 ], [ -72.480023024750764, -37.992790694179178 ], [ -72.480186688812381, -37.993047026046547 ], [ -72.480313706101981, -37.99348473770425 ], [ -72.48061237617101, -37.993984817012851 ], [ -72.480729335024364, -37.994675002328947 ], [ -72.480784958706764, -37.995087817722023 ], [ -72.480760713177247, -37.995683072885626 ], [ -72.480911189970499, -37.996259644798855 ], [ -72.481128381046616, -37.99661807848544 ], [ -72.482055928408414, -37.99628881668653 ], [ -72.482628794844871, -37.995397961695737 ], [ -72.483445623051253, -37.994229686734968 ], [ -72.484225062477179, -37.993607532783685 ], [ -72.485525480750468, -37.992667996845725 ], [ -72.486458812364376, -37.991478312043022 ], [ -72.48765582736192, -37.989519393124738 ], [ -72.488619567846499, -37.987589972486816 ], [ -72.489673277301748, -37.986288497024347 ], [ -72.490286536484959, -37.985482016003893 ], [ -72.490828883557967, -37.984979482768757 ], [ -72.491233634780571, -37.984656681189996 ], [ -72.491538533767795, -37.984300757801996 ], [ -72.492043246820288, -37.984015498999518 ], [ -72.492622198444479, -37.983687515286931 ], [ -72.493265553884669, -37.983199901708176 ], [ -72.495060169531726, -37.982227709460489 ], [ -72.495842033510613, -37.981902676726278 ], [ -72.496563511837792, -37.981633456768307 ], [ -72.497224517376679, -37.98142012950381 ], [ -72.497965817928915, -37.981028689453083 ], [ -72.498772218491482, -37.980806521626498 ], [ -72.499009956733104, -37.980766821696562 ], [ -72.499429467275846, -37.980696835542076 ], [ -72.500092821010881, -37.980429326816314 ], [ -72.500579312636134, -37.980234684928625 ], [ -72.501199045079289, -37.979977473474662 ], [ -72.501770850605411, -37.9798162990664 ], [ -72.50195601135178, -37.979549600714265 ], [ -72.502280697529756, -37.979409221702788 ], [ -72.50241723067316, -37.979261019530547 ], [ -72.502603531381624, -37.977944625477598 ], [ -72.502362516984149, -37.977862290983552 ], [ -72.501746958113799, -37.977595328490906 ], [ -72.50111906537461, -37.977194414167585 ], [ -72.500530890747385, -37.976620801006867 ], [ -72.500260485270459, -37.976133951969132 ], [ -72.499905623783775, -37.9756453400311 ], [ -72.499553100611763, -37.975090087712346 ], [ -72.49926485010171, -37.974629598464887 ], [ -72.498554571969507, -37.9741735590584 ], [ -72.497745671395492, -37.973635210865204 ], [ -72.497187156444014, -37.973182393695204 ], [ -72.496694757497423, -37.972771000217726 ], [ -72.495934250066114, -37.972175258192777 ], [ -72.495655032116218, -37.971904305816771 ], [ -72.49536636658452, -37.971503006330011 ], [ -72.49521791010234, -37.971237091445182 ], [ -72.494937814498442, -37.970988746516021 ], [ -72.494818728434481, -37.970713027353128 ], [ -72.49454119302915, -37.970410509388422 ], [ -72.494239590859024, -37.969978005358364 ], [ -72.4937284988697, -37.969006787342131 ], [ -72.493642785218555, -37.968612953990927 ], [ -72.493663318011002, -37.968112419189161 ], [ -72.493655559261882, -37.967599145509972 ], [ -72.493489458969236, -37.967045488809298 ], [ -72.493350256032798, -37.96690549522377 ], [ -72.49283789202903, -37.966303682297877 ], [ -72.492361092327371, -37.965916971089158 ], [ -72.491880476582381, -37.965251109531003 ], [ -72.49134646587521, -37.964839083784213 ], [ -72.490927212250639, -37.964450655206498 ], [ -72.490582559218851, -37.964019420625654 ], [ -72.490223302275481, -37.963588764971945 ], [ -72.489966333798563, -37.963136989269564 ], [ -72.489244258091716, -37.962347586733131 ], [ -72.488980036617193, -37.962067168472565 ], [ -72.488587213224932, -37.961750049699937 ], [ -72.488102333177267, -37.961201419303279 ], [ -72.487559456996564, -37.960516428005754 ], [ -72.487233798841444, -37.960105577621619 ], [ -72.486974811850089, -37.959809352841994 ], [ -72.486458328172432, -37.959218700134834 ], [ -72.485783515527629, -37.958693703154921 ], [ -72.485239682641151, -37.958164890428442 ], [ -72.484681834239595, -37.957627339959657 ], [ -72.483859634107816, -37.956216295440917 ], [ -72.483670815421618, -37.955455915261908 ], [ -72.48335812714258, -37.954951753440902 ], [ -72.482759084697037, -37.954510025972183 ], [ -72.482587908024726, -37.953943068796058 ], [ -72.48249420475743, -37.953490864007975 ], [ -72.482672225693918, -37.952818502702293 ], [ -72.482678071929783, -37.952796263032958 ], [ -72.482668552482721, -37.952770345667382 ], [ -72.482512425286345, -37.952346189669292 ], [ -72.482541135442801, -37.95194991454629 ], [ -72.48259982777023, -37.951140941797647 ], [ -72.482525519129922, -37.949568750037287 ], [ -72.482510747233377, -37.949256199425143 ], [ -72.482485956426487, -37.949007708608853 ], [ -72.482472342458351, -37.948871506573198 ], [ -72.4824602430498, -37.948751569319775 ], [ -72.482373874526786, -37.947886378663014 ], [ -72.482356345700666, -37.947797451517367 ], [ -72.482300396828151, -37.9475128357576 ], [ -72.482183616739533, -37.946919100413709 ], [ -72.482114513836294, -37.94683531717029 ], [ -72.481034181909294, -37.945525253651269 ], [ -72.480911594212373, -37.945204826021779 ], [ -72.489071715980145, -37.945975455226957 ], [ -72.491985772608402, -37.946202405324037 ], [ -72.503170788737449, -37.946914521353641 ], [ -72.510774225421969, -37.945851675110731 ], [ -72.512540755241659, -37.945537558690475 ], [ -72.513121304968749, -37.945258951413017 ], [ -72.513499215429007, -37.944881899127893 ], [ -72.513877120499359, -37.944504845616393 ], [ -72.514579476389088, -37.944013586935235 ], [ -72.515674734722836, -37.943458245601612 ], [ -72.516658036921029, -37.943324396597326 ], [ -72.517577937823134, -37.943244614716114 ], [ -72.518356104336306, -37.942960067041113 ], [ -72.519063396468525, -37.942573135862965 ], [ -72.519788117713873, -37.942551357826439 ], [ -72.520388557039666, -37.942690197037763 ], [ -72.520535367808236, -37.942999228462099 ], [ -72.520552721462906, -37.943364462487281 ], [ -72.520570172135606, -37.94372976695653 ], [ -72.521117289262776, -37.944131378322808 ], [ -72.522244823166361, -37.94425434027837 ], [ -72.523162231243532, -37.94412233816125 ], [ -72.523874496449153, -37.943839730007419 ], [ -72.524769434067807, -37.943238061742029 ], [ -72.526232351287774, -37.94209691438278 ], [ -72.537873575037224, -37.935341642760463 ], [ -72.537512391207585, -37.935174287836695 ], [ -72.536289073538498, -37.93442734862478 ], [ -72.534984895815768, -37.933369327506085 ], [ -72.534425379242734, -37.932706900605375 ], [ -72.533756538597942, -37.932518011619806 ], [ -72.531972928211431, -37.932467053200547 ], [ -72.530082559341594, -37.932941925688588 ], [ -72.521982652545631, -37.936006469695016 ], [ -72.514795533791329, -37.934706368935373 ], [ -72.514255984072122, -37.934461250331672 ], [ -72.513765001768746, -37.933848922829426 ], [ -72.512571760593701, -37.930958480654461 ], [ -72.511696779049089, -37.929208103161677 ], [ -72.511142373890038, -37.928649909206548 ], [ -72.510071121235598, -37.928316152009586 ], [ -72.509394920693694, -37.927970515425244 ], [ -72.508230416624585, -37.927064767271773 ], [ -72.506739068624185, -37.926221009225515 ], [ -72.505779674188958, -37.925465866981078 ], [ -72.505623131970921, -37.924948028788428 ], [ -72.505082379407554, -37.922632720895578 ], [ -72.505192523641156, -37.922639104218668 ], [ -72.505310794034841, -37.922645908466322 ], [ -72.505624410273555, -37.922664009661133 ], [ -72.506180667758755, -37.92249679027978 ], [ -72.506223194902603, -37.922484008727096 ], [ -72.506508216867516, -37.922265174339998 ], [ -72.5066139198304, -37.922184013986318 ], [ -72.506624298965178, -37.922167173331019 ], [ -72.506784055355283, -37.921908090364894 ], [ -72.50687703547878, -37.921757272080129 ], [ -72.507017739500043, -37.921307170184292 ], [ -72.506829988910738, -37.920767754903416 ], [ -72.50652410896322, -37.920294889343644 ], [ -72.505990696534042, -37.920148587534484 ], [ -72.505382645782845, -37.920135209597085 ], [ -72.505015721718507, -37.920083125758651 ], [ -72.504779359695902, -37.919763310042214 ], [ -72.504712752312543, -37.919673193049682 ], [ -72.504975801485585, -37.919333173072594 ], [ -72.505094378204788, -37.919179896121221 ], [ -72.505099348583244, -37.919047274956846 ], [ -72.505112095677134, -37.918701876853696 ], [ -72.505298947052864, -37.91837195163329 ], [ -72.505770503288218, -37.918069696462602 ], [ -72.5061627032497, -37.917801172270103 ], [ -72.506515933395818, -37.917565395781352 ], [ -72.506985792713621, -37.917231599612137 ], [ -72.507503999359983, -37.917058499283833 ], [ -72.507939746053154, -37.916851843078916 ], [ -72.50841866757554, -37.916706849032266 ], [ -72.508954959105196, -37.916916079582492 ], [ -72.509452284412802, -37.917157983991522 ], [ -72.510026146182582, -37.91730306360779 ], [ -72.510479984047294, -37.917478661450275 ], [ -72.510817984156105, -37.917621997089789 ], [ -72.510975817253183, -37.917689016599724 ], [ -72.511057774149833, -37.917686568124459 ], [ -72.511259081215101, -37.917680555009049 ], [ -72.511864165729236, -37.917743586040778 ], [ -72.512361474867163, -37.91769721385333 ], [ -72.513080724474122, -37.917819850809813 ], [ -72.513553237415252, -37.918003956454065 ], [ -72.513674775879934, -37.918198845484618 ], [ -72.513707655117642, -37.918251516019261 ], [ -72.51376736972783, -37.918298439202488 ], [ -72.514226516635858, -37.918659471677195 ], [ -72.514627775208652, -37.918845628221632 ], [ -72.515121138945844, -37.918718329244868 ], [ -72.515629288054285, -37.918901286730147 ], [ -72.516064802982143, -37.919059402302508 ], [ -72.516567476858924, -37.919125470895558 ], [ -72.517385483654962, -37.919073983744603 ], [ -72.517675492168038, -37.919101319688764 ], [ -72.518101961959289, -37.919138076575095 ], [ -72.518601972331254, -37.919150193984507 ], [ -72.519709091121712, -37.919175644860594 ], [ -72.520184759844426, -37.919181326200182 ], [ -72.52035152309378, -37.91918341675165 ], [ -72.520500019101803, -37.919115057814594 ], [ -72.520875135801532, -37.918942494834027 ], [ -72.521366144156033, -37.918652879660684 ], [ -72.521430200324005, -37.918615019846051 ], [ -72.521772869875633, -37.918320990496511 ], [ -72.522145979739022, -37.917913355407698 ], [ -72.52232612069956, -37.917713789070142 ], [ -72.522484593397166, -37.917538412896342 ], [ -72.522942303899029, -37.917412149871197 ], [ -72.523126398345156, -37.917463163371174 ], [ -72.52348467612488, -37.91756246044082 ], [ -72.523998118106974, -37.917857915131925 ], [ -72.524185714186089, -37.918050443961704 ], [ -72.524271253564052, -37.918058653931141 ], [ -72.524651591272203, -37.918095073302048 ], [ -72.52476913133556, -37.918316785958432 ], [ -72.524645617475571, -37.918716797817687 ], [ -72.524692088223517, -37.918940643095446 ], [ -72.524990476221575, -37.919215456039595 ], [ -72.525429976075998, -37.919454598329267 ], [ -72.525677387376604, -37.919434631153862 ], [ -72.525962938449226, -37.919411526738372 ], [ -72.526017128420435, -37.919371967948372 ], [ -72.526445530487848, -37.919059265530592 ], [ -72.526448769812774, -37.919056880880589 ], [ -72.527444820003169, -37.918322127202863 ], [ -72.527804450645689, -37.918034583162708 ], [ -72.527864573989348, -37.917986653495475 ], [ -72.527341544288205, -37.917434530645487 ], [ -72.526590539235968, -37.916143273346307 ], [ -72.525920717630882, -37.915037545824681 ], [ -72.521927258831965, -37.90807265328165 ], [ -72.521483758779553, -37.907302916700111 ], [ -72.521446088826437, -37.907237698651883 ], [ -72.521168030601586, -37.906755107397082 ], [ -72.520963166207792, -37.906395046360203 ], [ -72.520813397286986, -37.906131636687462 ], [ -72.520776387595589, -37.906066546600506 ], [ -72.520421154206389, -37.905442058607804 ], [ -72.519757451925017, -37.904341272218687 ], [ -72.519130921930113, -37.903236343350194 ], [ -72.518504232933381, -37.902131563048009 ], [ -72.518350836615483, -37.901869808821999 ], [ -72.517853270559399, -37.901021231565934 ], [ -72.517220791022353, -37.899911377398929 ], [ -72.516582317925739, -37.898796458009826 ], [ -72.515943864592074, -37.897681534491575 ], [ -72.515391500405315, -37.896748829729852 ], [ -72.515141561245514, -37.896690693945636 ], [ -72.515007082549161, -37.896280028337046 ], [ -72.514833537917738, -37.895907506296069 ], [ -72.514618061725486, -37.895315351125333 ], [ -72.51443366814037, -37.894906546491981 ], [ -72.514280874592018, -37.894717461175524 ], [ -72.514120397753032, -37.894607571399071 ], [ -72.513907180823708, -37.894495125167722 ], [ -72.513639313985763, -37.894382983591761 ], [ -72.513620897624136, -37.894377629975835 ], [ -72.514492744048411, -37.894242050515111 ], [ -72.515194589695056, -37.893820108860133 ], [ -72.515284484105536, -37.893607457368596 ], [ -72.515389265396905, -37.893359306590746 ], [ -72.515572293542789, -37.893139000350601 ], [ -72.515608841500125, -37.89309488117614 ], [ -72.515730653052643, -37.892948212644548 ], [ -72.516149373976248, -37.892647499840493 ], [ -72.516496323101919, -37.892353358914043 ], [ -72.517206186212462, -37.8921023100879 ], [ -72.51753705818949, -37.892092411404455 ], [ -72.517855095037731, -37.892082895537861 ], [ -72.518939114548957, -37.892108978211219 ], [ -72.519948187616038, -37.892078844754366 ], [ -72.520735563657524, -37.891938146882914 ], [ -72.521378825672912, -37.891806262101191 ], [ -72.521575941199075, -37.891399474025413 ], [ -72.521787058765568, -37.891280456782006 ], [ -72.522654369595969, -37.89130856869734 ], [ -72.523874541364918, -37.891159382736184 ], [ -72.525008809039875, -37.89072457041123 ], [ -72.526735830953385, -37.890614179127738 ], [ -72.527440362562729, -37.890250682999593 ], [ -72.527709693654586, -37.889841718377703 ], [ -72.528342056410622, -37.889480455874491 ], [ -72.529149931108577, -37.889358496936318 ], [ -72.529273727937877, -37.889339799119035 ], [ -72.529444087143304, -37.889369813884663 ], [ -72.528715115968339, -37.888346533670422 ], [ -72.526120403237073, -37.8861781159667 ], [ -72.514167510796426, -37.878086978035782 ], [ -72.507856307834615, -37.870818878006766 ], [ -72.507540899456913, -37.870283709074755 ], [ -72.507723678769452, -37.870023421567844 ], [ -72.507936353116335, -37.86972025017149 ], [ -72.508941555342844, -37.868287523969421 ], [ -72.509289465665859, -37.867854484938562 ], [ -72.509646245055691, -37.867157414131668 ], [ -72.510239929050542, -37.866024930378387 ], [ -72.511502671980807, -37.864818518706414 ], [ -72.513239144171095, -37.862741334801477 ], [ -72.514306391237653, -37.860738002775022 ], [ -72.515568979657701, -37.859531554200956 ], [ -72.516828546145106, -37.85841308074329 ], [ -72.517290318828714, -37.857894324580926 ], [ -72.517772753662157, -37.856759450827894 ], [ -72.516309593897049, -37.856377523305476 ], [ -72.516361209296647, -37.856306164705721 ], [ -72.514701466706356, -37.855927881194745 ], [ -72.513430419749596, -37.855443348520609 ], [ -72.512123127567762, -37.854671618298873 ], [ -72.511250425049028, -37.853922987246257 ], [ -72.510142464537154, -37.85275332498005 ], [ -72.50915026362776, -37.852111860073755 ], [ -72.508094691964956, -37.851548809819192 ], [ -72.507047938164973, -37.851210578257579 ], [ -72.505579602307193, -37.850975163726098 ], [ -72.504353976866156, -37.850615302318673 ], [ -72.503234871854872, -37.850252181933797 ], [ -72.502410710700829, -37.85003805480158 ], [ -72.501494952828835, -37.849837348974788 ], [ -72.500963292114449, -37.849720776312481 ], [ -72.499878595273501, -37.849370178355294 ], [ -72.498904278024767, -37.849101895826529 ], [ -72.497872950094845, -37.848749764881092 ], [ -72.495875500246513, -37.848300070572748 ], [ -72.494739253582992, -37.847996048683122 ], [ -72.49290370350505, -37.847582083335332 ], [ -72.491925768740685, -37.847228312198531 ], [ -72.490679354487341, -37.846774309898393 ], [ -72.489525040906798, -37.846155492643419 ], [ -72.488746453982074, -37.845502936072954 ], [ -72.487783506709903, -37.845017983744043 ], [ -72.487356440437296, -37.844722303381388 ], [ -72.486491746399309, -37.844123870796643 ], [ -72.485114446710767, -37.842673749157591 ], [ -72.484152267498146, -37.842134645811122 ], [ -72.483521746288432, -37.841982174324635 ], [ -72.482926056355552, -37.841679958787736 ], [ -72.482390174457635, -37.840979653096639 ], [ -72.482141052764746, -37.840005097209335 ], [ -72.482161881102911, -37.839148675210183 ], [ -72.482362390464218, -37.838133722232172 ], [ -72.482867380197817, -37.837118831909464 ], [ -72.483212528201321, -37.836464543763533 ], [ -72.484130095280292, -37.83526170860415 ], [ -72.484712199991151, -37.834316261571445 ], [ -72.484922484819378, -37.833571055005059 ], [ -72.486034867737388, -37.829868157439343 ], [ -72.486397707162126, -37.828869715985164 ], [ -72.486735239248659, -37.828616018550434 ], [ -72.487157816639765, -37.828625043103308 ], [ -72.489119544980824, -37.828965108083842 ], [ -72.49043544481971, -37.828955886323214 ], [ -72.491052943152752, -37.828887672788724 ], [ -72.492114262236754, -37.828669378979214 ], [ -72.493438629595502, -37.828130051241253 ], [ -72.494015432449558, -37.827803175620026 ], [ -72.495023852441406, -37.827231663621497 ], [ -72.496455086979637, -37.826558571201986 ], [ -72.491642220012821, -37.811886718059164 ], [ -72.49162346049475, -37.8091666475718 ], [ -72.4918452374704, -37.806493533051231 ], [ -72.492004443193267, -37.80635847395704 ], [ -72.492564110683276, -37.805994993768358 ], [ -72.492833183958624, -37.805586115187978 ], [ -72.493179665960355, -37.8052920611254 ], [ -72.493750630663357, -37.805162487688492 ], [ -72.494304884905446, -37.804686612811764 ], [ -72.494603635822855, -37.804343195886382 ], [ -72.494715249700278, -37.804214935274707 ], [ -72.495123063279706, -37.803689308457926 ], [ -72.495832185280165, -37.803438497012301 ], [ -72.496115439360608, -37.803366095639525 ], [ -72.496330870637081, -37.803311131986995 ], [ -72.496821177407355, -37.803008292444318 ], [ -72.497074353197149, -37.802257437826491 ], [ -72.497991335472875, -37.80182928903097 ], [ -72.498767010957778, -37.801463933987975 ], [ -72.499113631300034, -37.801169785435036 ], [ -72.49982557131554, -37.800977464955146 ], [ -72.500817237727347, -37.800601096661893 ], [ -72.50159011945172, -37.80017720917165 ], [ -72.502000722300096, -37.799710075439236 ], [ -72.502475000430778, -37.799065250399913 ], [ -72.503101348965984, -37.798591765247913 ], [ -72.503821332496543, -37.798570254093406 ], [ -72.504906538682249, -37.79865055550998 ], [ -72.50582893420588, -37.798334807159407 ], [ -72.506048702548568, -37.798147888173396 ], [ -72.506383268398025, -37.797863302716763 ], [ -72.507183995201274, -37.797889403119164 ], [ -72.507321952174394, -37.797893926146919 ], [ -72.509633840219919, -37.797996137130205 ], [ -72.510223194335111, -37.798262397944427 ], [ -72.510863091261456, -37.798072087222565 ], [ -72.511345197311499, -37.797598213105495 ], [ -72.512259753237643, -37.797116005313292 ], [ -72.512893906336046, -37.796808806803178 ], [ -72.513453607962035, -37.796449731038507 ], [ -72.513656194228275, -37.796159915289024 ], [ -72.514199459379498, -37.795454459928742 ], [ -72.514535016969049, -37.794930927314958 ], [ -72.514873315318511, -37.79446133551928 ], [ -72.514918100827003, -37.793887963217443 ], [ -72.515165548060224, -37.793024695238508 ], [ -72.516496866582656, -37.790696630875054 ], [ -72.517254035874373, -37.789371628273919 ], [ -72.517295596431026, -37.789298946186939 ], [ -72.517897298788085, -37.78830796179794 ], [ -72.518165993872714, -37.78787372547913 ], [ -72.518422776398381, -37.787458959958798 ], [ -72.518507374341937, -37.78732130037266 ], [ -72.518508403811254, -37.786285171363254 ], [ -72.519060086176694, -37.785471471881543 ], [ -72.51932369320356, -37.784950004070012 ], [ -72.519808539115218, -37.784534688252677 ], [ -72.520066583773854, -37.783896263131311 ], [ -72.520250008975097, -37.783206120452007 ], [ -72.520814919033072, -37.782959551122559 ], [ -72.521302606315999, -37.782602520229077 ], [ -72.52171259022515, -37.782130837998999 ], [ -72.522192057923206, -37.781602979471018 ], [ -72.522671398958806, -37.781070619385666 ], [ -72.523230934396466, -37.780711504766451 ], [ -72.523936435288007, -37.780348090080018 ], [ -72.524164077364148, -37.779949387987664 ], [ -72.524473069974107, -37.77977349143125 ], [ -72.524817063642473, -37.779596471229347 ], [ -72.525018703084413, -37.779392201276444 ], [ -72.52500950882748, -37.77919882228511 ], [ -72.5249950567312, -37.778892905403424 ], [ -72.525014209711358, -37.778554542446905 ], [ -72.525175618103304, -37.77824343267234 ], [ -72.525442472539922, -37.777924587336571 ], [ -72.525613837858472, -37.777819010066985 ], [ -72.50517747596183, -37.774892881465895 ], [ -72.504446207794686, -37.77491465868156 ], [ -72.503964850939582, -37.775058143887598 ], [ -72.503507964192835, -37.775717585896267 ], [ -72.502960586554224, -37.776185841229328 ], [ -72.500992381359978, -37.775856947760374 ], [ -72.49855590417107, -37.777673045139501 ], [ -72.494410065947108, -37.779475285458041 ], [ -72.494250610492614, -37.779544596163547 ], [ -72.493311213453921, -37.778603833047001 ], [ -72.492450232153004, -37.777596085015823 ], [ -72.491276258044181, -37.77685599535306 ], [ -72.489949017873144, -37.776314169674166 ], [ -72.488227706549893, -37.77604224176558 ], [ -72.485699936273605, -37.775923403948994 ], [ -72.461657943439022, -37.784619624609043 ], [ -72.461636237446825, -37.784485351910455 ], [ -72.461719619071502, -37.783998828581439 ], [ -72.461862866223342, -37.783163376715407 ], [ -72.461876013965806, -37.781901703667295 ], [ -72.461753425370588, -37.780819748187092 ], [ -72.461721221665954, -37.780130050350493 ], [ -72.461709753773036, -37.779882484567182 ], [ -72.461705536182777, -37.779794119845249 ], [ -72.461696650946294, -37.779771132802381 ], [ -72.46157594162662, -37.779458143792986 ], [ -72.461377472339336, -37.778943451076707 ], [ -72.461145036852827, -37.778629319700897 ], [ -72.460839075158631, -37.778216018897645 ], [ -72.460367097613414, -37.777369432367394 ], [ -72.459903415111526, -37.776698397487877 ], [ -72.459787271928434, -37.776249844656313 ], [ -72.459727402808014, -37.776018904217011 ], [ -72.459692863483667, -37.775276653006436 ], [ -72.459809589673355, -37.774998455103876 ], [ -72.459887246334716, -37.77481151755633 ], [ -72.460231279528983, -37.774459032833825 ], [ -72.460481846611174, -37.77364987394278 ], [ -72.460647131233557, -37.772559376941281 ], [ -72.460674607104849, -37.772004531751215 ], [ -72.460684455335297, -37.771815085735277 ], [ -72.460485904301322, -37.771017065443928 ], [ -72.460435213268156, -37.770813383881425 ], [ -72.460352218817363, -37.770126580769876 ], [ -72.460468623410179, -37.769991124997304 ], [ -72.460654080600605, -37.769775408697939 ], [ -72.460906853046822, -37.769466123865826 ], [ -72.460973121765335, -37.769252508651974 ], [ -72.460998683326736, -37.768981418260175 ], [ -72.461103204106678, -37.768766678254707 ], [ -72.461437561547001, -37.768572118250852 ], [ -72.461772224414531, -37.768382123045619 ], [ -72.462146395188256, -37.768217976912908 ], [ -72.462308868982106, -37.768109578698763 ], [ -72.4624313659492, -37.767786114370189 ], [ -72.46252600975258, -37.767359924599617 ], [ -72.462552735530608, -37.767115885137407 ], [ -72.462461067845737, -37.766785288204083 ], [ -72.462521657415039, -37.766450139276131 ], [ -72.462583997800792, -37.766146525865473 ], [ -72.462571093501737, -37.765872064433538 ], [ -72.462554297700876, -37.765512253903765 ], [ -72.462530149189433, -37.764992951131582 ], [ -72.462517430841615, -37.765009265991651 ], [ -72.462480065417381, -37.765057230551555 ], [ -72.462478941624966, -37.765065012308817 ], [ -72.462415580753017, -37.765085843667059 ], [ -72.4620987557321, -37.765189556531041 ], [ -72.461863472586131, -37.765263636450427 ], [ -72.461796225602285, -37.765284878214679 ], [ -72.4616174231315, -37.76537397610057 ], [ -72.461404916769581, -37.765479933312811 ], [ -72.461034585395396, -37.765724113809739 ], [ -72.460876832248346, -37.765828016095242 ], [ -72.46062056715229, -37.766171796672424 ], [ -72.460614488252773, -37.766204891005948 ], [ -72.460557485656409, -37.766513512724011 ], [ -72.460519520157575, -37.766566586400266 ], [ -72.460436943423389, -37.766681711082001 ], [ -72.460326704866659, -37.766835656101861 ], [ -72.460198392206422, -37.767014710121749 ], [ -72.460016009949243, -37.767350043963354 ], [ -72.459959362187433, -37.767755999689605 ], [ -72.459858170563919, -37.767920602742528 ], [ -72.459743589551124, -37.768107075544521 ], [ -72.459733053211167, -37.768124359023915 ], [ -72.459669925901196, -37.768208063015905 ], [ -72.459400157329796, -37.768565595178032 ], [ -72.459330020465686, -37.768658507369771 ], [ -72.459324453605845, -37.768662730390233 ], [ -72.458979088210043, -37.7689224069834 ], [ -72.458736347250593, -37.769052200911524 ], [ -72.4586743060038, -37.769085463671196 ], [ -72.458637095089813, -37.769104934045664 ], [ -72.458239044400884, -37.769313536358126 ], [ -72.457847708618715, -37.769508655391235 ], [ -72.457681178033042, -37.769615985694145 ], [ -72.457541716381812, -37.769705693308069 ], [ -72.457151491815637, -37.769866902014435 ] ] ] } },
{ "type": "Feature", "properties": { "capa": "ds19", "popup": "<strong>CONJUNTO HABITACIONAL LOS PEUMOS</strong><br><br><strong>Programa:</strong> DS19<br><strong>Comuna:</strong> Collipulli<br><strong>Región:</strong> La Araucanía<br><strong>Año de inicio:</strong> 2022", "etiqueta": "CONJUNTO HABITACIONAL LOS PEUMOS" }, "geometry": { "type": "Polygon", "coordinates": [ [ [ -72.435497031461736, -37.951158448043167 ], [ -72.434896181605851, -37.950393746926281 ], [ -72.433728543314714, -37.951035675438469 ], [ -72.434405655646643, -37.951813538045045 ], [ -72.435497031461736, -37.951158448043167 ] ] ] } },
{ "type": "Feature", "properties": { "capa": "colegios", "popup": "<strong>ESCUELA BASICA RIO AMARGO</strong><br><br><strong>Dirección:</strong> CAMINO CURACO 70", "etiqueta": "" }, "geometry": { "type": "Point", "coordinates": [ -71.858559, -38.08173 ] } },
{ "type": "Feature", "properties": { "capa": "colegios", "popup": "<strong>ESCUELA PARTICULAR SN.JUAN DE LA AMERICA</strong><br><br><strong>Dirección:</strong> LOS CASTANOS 26", "etiqueta": "" }, "geometry": { "type": "Point", "coordinates": [ -72.165642, -38.021259 ] } },
{ "type": "Feature", "properties": { "capa": "colegios", "popup": "<strong>ESCUELA BASICA MAPUDANCO</strong><br><br><strong>Dirección:</strong> FUNDO MAPUNANCU KM 27 0", "etiqueta": "" }, "geometry": { "type": "Point", "coordinates": [ -72.13221, -38.01651 ] } },
{ "type": "Feature", "properties": { "capa": "colegios", "popup": "<strong>ESCUELA BASICA SAN ANDRES</strong><br><br><strong>Dirección:</strong> SAN ANDRES 0", "etiqueta": "" }, "geometry": { "type": "Point", "coordinates": [ -72.077118, -38.01503 ] } },
{ "type": "Feature", "properties": { "capa": "colegios", "popup": "<strong>ESCUELA PARTICULAR EL PROGRESO</strong><br><br><strong>Dirección:</strong> REDUCCION LONCOMAHUIDA 9", "etiqueta": "" }, "geometry": { "type": "Point", "coordinates": [ -72.489433, -37.968151 ] } },
{ "type": "Feature", "properties": { "capa": "colegios", "popup": "<strong>ESCUELA THOMAS ALBA EDISON</strong><br><br><strong>Dirección:</strong> BULNES 324", "etiqueta": "" }, "geometry": { "type": "Point", "coordinates": [ -72.433533, -37.956699 ] } },
{ "type": "Feature", "properties": { "capa": "colegios", "popup": "<strong>ESCUELA BENJAMIN FRANKLIN</strong><br><br><strong>Dirección:</strong> OCARROL 825", "etiqueta": "" }, "geometry": { "type": "Point", "coordinates": [ -72.437111, -37.9562 ] } },
{ "type": "Feature", "properties": { "capa": "colegios", "popup": "<strong>COMPLEJO EDUCACIONAL COLLIPULLI</strong><br><br><strong>Dirección:</strong> SAAVEDRA NORTE 730", "etiqueta": "" }, "geometry": { "type": "Point", "coordinates": [ -72.439133, -37.954651 ] } },
{ "type": "Feature", "properties": { "capa": "colegios", "popup": "<strong>ESCUELA CARCEL CARLOS ALVEAL MUÑOZ</strong><br><br><strong>Dirección:</strong> BILBAO 131", "etiqueta": "" }, "geometry": { "type": "Point", "coordinates": [ -72.441543, -37.954402 ] } },
{ "type": "Feature", "properties": { "capa": "colegios", "popup": "<strong>ESCUELA MICHIGAN EL AMANECER</strong><br><br><strong>Dirección:</strong> AVENIDA MARTA GONZALEZ 1525", "etiqueta": "" }, "geometry": { "type": "Point", "coordinates": [ -72.422684, -37.952961 ] } },
{ "type": "Feature", "properties": { "capa": "colegios", "popup": "<strong>ESCUELA BASICA VICTOR DURAN PEREZ</strong><br><br><strong>Dirección:</strong> MANUEL RODRIGUEZ 673", "etiqueta": "" }, "geometry": { "type": "Point", "coordinates": [ -72.436043, -37.952209 ] } },
{ "type": "Feature", "properties": { "capa": "colegios", "popup": "<strong>COLEGIO PARTIC. WOLFGANG AMADEUS MOZART</strong><br><br><strong>Dirección:</strong> EBERHARD 251", "etiqueta": "" }, "geometry": { "type": "Point", "coordinates": [ -72.444237, -37.952049 ] } },
{ "type": "Feature", "properties": { "capa": "colegios", "popup": "<strong>ESCUELA ESPECIAL ERICO HORNUNG</strong><br><br><strong>Dirección:</strong> AVENIDA SAAVEDRA NORTE 46", "etiqueta": "" }, "geometry": { "type": "Point", "coordinates": [ -72.44336, -37.95042 ] } },
{ "type": "Feature", "properties": { "capa": "colegios", "popup": "<strong>COLEGIO LIDIA GONZALEZ BARRIGA</strong><br><br><strong>Dirección:</strong> LAUTARO 641", "etiqueta": "" }, "geometry": { "type": "Point", "coordinates": [ -72.434593, -37.948921 ] } },
{ "type": "Feature", "properties": { "capa": "colegios", "popup": "<strong>ESC. ESPECIAL LENGUAJE ABRACADABRA</strong><br><br><strong>Dirección:</strong> AVENIDA SAAVEDRA NORTE 583", "etiqueta": "" }, "geometry": { "type": "Point", "coordinates": [ -72.38383, -37.91857 ] } },
{ "type": "Feature", "properties": { "capa": "colegios", "popup": "<strong>ESCUELA BASICA MIGUEL HUENTELEN</strong><br><br><strong>Dirección:</strong> CAMINO A SANTA EMA 14.5", "etiqueta": "" }, "geometry": { "type": "Point", "coordinates": [ -72.250458, -37.89109 ] } },
{ "type": "Feature", "properties": { "capa": "colegios", "popup": "<strong>AYÑINLEO (LA LUZ Y EL AMOR QUE NUNCA SE EXTINGUE)</strong><br><br><strong>Dirección:</strong> RUTA 5 SUR 564", "etiqueta": "" }, "geometry": { "type": "Point", "coordinates": [ -72.388733, -37.890598 ] } },
{ "type": "Feature", "properties": { "capa": "colegios", "popup": "<strong>ESCUELA MUNICIPAL JOEL COLLÍO MORALES</strong><br><br><strong>Dirección:</strong> CAMINO HUAPITRIO 18", "etiqueta": "" }, "geometry": { "type": "Point", "coordinates": [ -72.352837, -37.873661 ] } },
{ "type": "Feature", "properties": { "capa": "colegios", "popup": "<strong>ESCUELA NICOLAS PEREZ CARDENAS</strong><br><br><strong>Dirección:</strong> JOSE MIGUEL CARRERA 161", "etiqueta": "" }, "geometry": { "type": "Point", "coordinates": [ -72.393921, -37.844292 ] } },
{ "type": "Feature", "properties": { "capa": "colegios", "popup": "<strong>ESCUELA F-90 RAÚL CASTRO MÁRQUEZ</strong><br><br><strong>Dirección:</strong> LAUTARO 96", "etiqueta": "" }, "geometry": { "type": "Point", "coordinates": [ -72.472, -37.797649 ] } },
{ "type": "Feature", "properties": { "capa": "jardines", "popup": "<strong>RAYITO DE SOL</strong><br><br><strong>Dirección:</strong> MARTA GONZALEZ 1591 COLLIPULLI ", "etiqueta": "" }, "geometry": { "type": "MultiPoint", "coordinates": [ [ -72.422139, -37.953125 ] ] } },
{ "type": "Feature", "properties": { "capa": "jardines", "popup": "<strong>SEMILLITA DE ILUSION MININCO</strong><br><br><strong>Dirección:</strong> LOS PEUMOS #742 MININCO ", "etiqueta": "" }, "geometry": { "type": "MultiPoint", "coordinates": [ [ -72.468114, -37.786709 ] ] } },
{ "type": "Feature", "properties": { "capa": "jardines", "popup": "<strong>ESTACION INFANTIL</strong><br><br><strong>Dirección:</strong> AVDA. SAAVEDRA N- 922 ", "etiqueta": "" }, "geometry": { "type": "MultiPoint", "coordinates": [ [ -72.435601, -37.955497 ] ] } },
{ "type": "Feature", "properties": { "capa": "jardines", "popup": "<strong>LOS TINEOS</strong><br><br><strong>Dirección:</strong> ESCUALA G 114 PIO AMARGO ", "etiqueta": "" }, "geometry": { "type": "MultiPoint", "coordinates": [ [ -71.870221, -38.077323 ] ] } },
{ "type": "Feature", "properties": { "capa": "jardines", "popup": "<strong>RAYÜN DEL MALLECO</strong><br><br><strong>Dirección:</strong> LA PAZ 590 ", "etiqueta": "" }, "geometry": { "type": "MultiPoint", "coordinates": [ [ -72.42481, -37.95873 ] ] } },
{ "type": "Feature", "properties": { "capa": "jardines", "popup": "<strong>PEUMAYEN</strong><br><br><strong>Dirección:</strong> LOS LILIUM 888 VILLA PULMAHUE ", "etiqueta": "" }, "geometry": { "type": "MultiPoint", "coordinates": [ [ -72.42101, -37.95711 ] ] } },
{ "type": "Feature", "properties": { "capa": "jardines", "popup": "<strong>NA</strong><br><br><strong>Dirección:</strong> NA ", "etiqueta": "" }, "geometry": { "type": "MultiPoint", "coordinates": [ [ -72.424674000201406, -37.95472199987023 ] ] } },
{ "type": "Feature", "properties": { "capa": "jardines", "popup": "<strong>NA</strong><br><br><strong>Dirección:</strong> NA ", "etiqueta": "" }, "geometry": { "type": "MultiPoint", "coordinates": [ [ -72.444188000071293, -37.950367999617811 ] ] } },
{ "type": "Feature", "properties": { "capa": "jardines", "popup": "<strong>NA</strong><br><br><strong>Dirección:</strong> NA ", "etiqueta": "" }, "geometry": { "type": "MultiPoint", "coordinates": [ [ -72.472313000570821, -37.795594000128723 ] ] } },
{ "type": "Feature", "properties": { "capa": "jardines", "popup": "<strong>NA</strong><br><br><strong>Dirección:</strong> NA ", "etiqueta": "" }, "geometry": { "type": "MultiPoint", "coordinates": [ [ -72.359324999839302, -37.855434000365555 ] ] } },
{ "type": "Feature", "properties": { "capa": "jardines", "popup": "<strong>NA</strong><br><br><strong>Dirección:</strong> NA ", "etiqueta": "" }, "geometry": { "type": "MultiPoint", "coordinates": [ [ -72.435993999795016, -37.958373000053115 ] ] } },
{ "type": "Feature", "properties": { "capa": "bomberos", "popup": "<strong>Cuerpo de Bomberos</strong><br><br><strong>Dirección:</strong> Alcazar 1261", "etiqueta": "" }, "geometry": { "type": "Point", "coordinates": [ -72.437435750680493, -37.957653131463353 ] } },
{ "type": "Feature", "properties": { "capa": "comisarias", "popup": "<strong>2DA. COM. COLLIPULLI</strong><br><br><strong>Dirección:</strong> BERNARDO O'HIGGINS 250", "etiqueta": "" }, "geometry": { "type": "Point", "coordinates": [ -72.433001621875192, -37.957845294096941 ] } },
{ "type": "Feature", "properties": { "capa": "comisarias", "popup": "<strong>RETEN CURACO</strong><br><br><strong>Dirección:</strong> RUTA R-49 KM 9", "etiqueta": "" }, "geometry": { "type": "Point", "coordinates": [ -72.355474018999914, -38.02025146099993 ] } },
{ "type": "Feature", "properties": { "capa": "comisarias", "popup": "<strong>RETEN ESPERANZA</strong><br><br><strong>Dirección:</strong> BERNARDO O'HIGGINS S/N", "etiqueta": "" }, "geometry": { "type": "Point", "coordinates": [ -72.393775944999902, -37.844951032999909 ] } },
{ "type": "Feature", "properties": { "capa": "comisarias", "popup": "<strong>RETEN MININCO</strong><br><br><strong>Dirección:</strong> BERNARDO O'HIGGINS S/N", "etiqueta": "" }, "geometry": { "type": "Point", "coordinates": [ -72.470275081928889, -37.797099423669572 ] } },
{ "type": "Feature", "properties": { "capa": "salud", "popup": "<strong>Posta de Salud Rural Niblinto</strong><br><br><strong>Tipo de atención:</strong> Posta de Salud Rural (PSR)<br><strong>Dirección:</strong>  NA", "etiqueta": "" }, "geometry": { "type": "Point", "coordinates": [ -71.868654, -38.147351 ] } },
{ "type": "Feature", "properties": { "capa": "salud", "popup": "<strong>Posta de Salud Rural Encinar</strong><br><br><strong>Tipo de atención:</strong> Posta de Salud Rural (PSR)<br><strong>Dirección:</strong>  NA", "etiqueta": "" }, "geometry": { "type": "Point", "coordinates": [ -72.119855, -38.104547 ] } },
{ "type": "Feature", "properties": { "capa": "salud", "popup": "<strong>Posta de Salud Rural Amargo</strong><br><br><strong>Tipo de atención:</strong> Posta de Salud Rural (PSR)<br><strong>Dirección:</strong>  NA", "etiqueta": "" }, "geometry": { "type": "Point", "coordinates": [ -71.86998, -38.07701 ] } },
{ "type": "Feature", "properties": { "capa": "salud", "popup": "<strong>Posta de Salud Rural La Batalla</strong><br><br><strong>Tipo de atención:</strong> Posta de Salud Rural (PSR)<br><strong>Dirección:</strong>  NA", "etiqueta": "" }, "geometry": { "type": "Point", "coordinates": [ -72.07909, -38.01873 ] } },
{ "type": "Feature", "properties": { "capa": "salud", "popup": "<strong>Hospital de Collipulli</strong><br><br><strong>Tipo de atención:</strong> Hospital<br><strong>Dirección:</strong>  647", "etiqueta": "" }, "geometry": { "type": "Point", "coordinates": [ -72.43598, -37.96008 ] } },
{ "type": "Feature", "properties": { "capa": "salud", "popup": "<strong>Centro Comunitario de Salud Familiar Santa Mónica</strong><br><br><strong>Tipo de atención:</strong> Centro Comunitario de Salud Familiar (CECOSF)<br><strong>Dirección:</strong>  201", "etiqueta": "" }, "geometry": { "type": "Point", "coordinates": [ -72.446, -37.94851 ] } },
{ "type": "Feature", "properties": { "capa": "salud", "popup": "<strong>Posta de Salud Rural Maica</strong><br><br><strong>Tipo de atención:</strong> Posta de Salud Rural (PSR)<br><strong>Dirección:</strong>  NA", "etiqueta": "" }, "geometry": { "type": "Point", "coordinates": [ -72.25257, -37.89469 ] } },
{ "type": "Feature", "properties": { "capa": "salud", "popup": "<strong>Posta de Salud Rural Mininco</strong><br><br><strong>Tipo de atención:</strong> Posta de Salud Rural (PSR)<br><strong>Dirección:</strong>  NA", "etiqueta": "" }, "geometry": { "type": "Point", "coordinates": [ -72.47252, -37.79569 ] } },
{ "type": "Feature", "properties": { "capa": "salud", "popup": "<strong>SUR MININCO</strong><br><br><strong>Tipo de atención:</strong> Servicio de Urgencia Rural (SUR)<br><strong>Dirección:</strong>  NA", "etiqueta": "" }, "geometry": { "type": "Point", "coordinates": [ -72.47244352999995, -37.795657099999964 ] } }
]
}
